spot,x,y,luminosity,error,T,v,v_fin,phase,detection,status,integration_radius,integration_area,geometry_source_phase,geometry_source_constant,geometry_source_run,geometry_mode,integration_radius_source_phase,integration_radius_source_constant,integration_radius_source_run,run_number,match_distance,cross_constant_only,deltaL1,deltaL2,deltaL,B,B_stat_error,deltaB,A,A_stat_error,fit_chi2,fit_ndf,fit_chi2ndf,fit_status,covmatrix_status,edm,fit_converged
0,67.93,806.18,21.5614,1.08141,20.0,52.3,1.0,annealing_T=125_h=25,present,present,20.0,1256.6370614359173,annealing_T=125_h=25,T,20260827-053720,phase_detection,user_fixed_radius,user_fixed_radius,,20260827-053720,3.201405941145289,False,2.3252,1.3371,2.3252,2.7957,0.00365089,0.081017,13.7077,0.0912483,56435.9,4,14109,0,3,4.53695e-09,1
0,67.93,806.18,45.8716,1.3005,20.0,53.3,2.0,annealing_T=125_h=25,present,present,20.0,1256.6370614359173,annealing_T=125_h=25,T,20260827-053720,phase_detection,user_fixed_radius,user_fixed_radius,,20260827-053720,3.201405941145289,False,5.0465,5.421,5.421,2.7957,0.00365089,0.081017,13.7077,0.0912483,56435.9,4,14109,0,3,4.53695e-09,1
0,67.93,806.18,98.4556,1.31293,20.0,54.3,3.0,annealing_T=125_h=25,present,present,20.0,1256.6370614359173,annealing_T=125_h=25,T,20260827-053720,phase_detection,user_fixed_radius,user_fixed_radius,,20260827-053720,3.201405941145289,False,6.1094,1.3083,6.1094,2.7957,0.00365089,0.081017,13.7077,0.0912483,56435.9,4,14109,0,3,4.53695e-09,1
0,67.93,806.18,918.711,6.47148,20.0,55.3,4.0,annealing_T=125_h=25,present,present,20.0,1256.6370614359173,annealing_T=125_h=25,T,20260827-053720,phase_detection,user_fixed_radius,user_fixed_radius,,20260827-053720,3.201405941145289,False,1.894,12.02,12.02,2.7957,0.00365089,0.081017,13.7077,0.0912483,56435.9,4,14109,0,3,4.53695e-09,1
0,67.93,806.18,1603.9,2.27588,20.0,56.3,5.0,annealing_T=125_h=25,present,present,20.0,1256.6370614359173,annealing_T=125_h=25,T,20260827-053720,phase_detection,user_fixed_radius,user_fixed_radius,,20260827-053720,3.201405941145289,False,15.64,27.83,27.83,2.7957,0.00365089,0.081017,13.7077,0.0912483,56435.9,4,14109,0,3,4.53695e-09,1
0,67.93,806.18,2917.29,3.703,20.0,58.3,7.0,annealing_T=125_h=25,present,present,20.0,1256.6370614359173,annealing_T=125_h=25,T,20260827-053720,phase_detection,user_fixed_radius,user_fixed_radius,,20260827-053720,3.201405941145289,False,41.66,74.2,74.2,2.7957,0.00365089,0.081017,13.7077,0.0912483,56435.9,4,14109,0,3,4.53695e-09,1
1,79.17,93.67,-4.15468,1.20738,20.0,52.3,1.0,annealing_T=125_h=25,absent,disappeared,20.0,1256.6370614359173,annealing_T=125_h=5,T,20260723-075232,previous_detection,user_fixed_radius,user_fixed_radius,,20260827-053720,3.0142494919963054,False,1.78483,3.453674,3.453674,,,,,,,,,,,,0
1,79.17,93.67,10.8698,1.21722,20.0,53.3,2.0,annealing_T=125_h=25,absent,disappeared,20.0,1256.6370614359173,annealing_T=125_h=5,T,20260723-075232,previous_detection,user_fixed_radius,user_fixed_radius,,20260827-053720,3.0142494919963054,False,4.46741,3.76232,4.46741,,,,,,,,,,,,0
1,79.17,93.67,-12.5262,1.24893,20.0,54.3,3.0,annealing_T=125_h=25,absent,disappeared,20.0,1256.6370614359173,annealing_T=125_h=5,T,20260723-075232,previous_detection,user_fixed_radius,user_fixed_radius,,20260827-053720,3.0142494919963054,False,6.4678,4.91348,6.4678,,,,,,,,,,,,0
1,79.17,93.67,9.85236,1.40608,20.0,55.3,4.0,annealing_T=125_h=25,absent,disappeared,20.0,1256.6370614359173,annealing_T=125_h=5,T,20260723-075232,previous_detection,user_fixed_radius,user_fixed_radius,,20260827-053720,3.0142494919963054,False,11.82033,2.22704,11.82033,,,,,,,,,,,,0
1,79.17,93.67,13.6276,1.53827,20.0,56.3,5.0,annealing_T=125_h=25,absent,disappeared,20.0,1256.6370614359173,annealing_T=125_h=5,T,20260723-075232,previous_detection,user_fixed_radius,user_fixed_radius,,20260827-053720,3.0142494919963054,False,8.58204,1.1973,8.58204,,,,,,,,,,,,0
1,79.17,93.67,32.0182,2.00379,20.0,58.3,7.0,annealing_T=125_h=25,absent,disappeared,20.0,1256.6370614359173,annealing_T=125_h=5,T,20260723-075232,previous_detection,user_fixed_radius,user_fixed_radius,,20260827-053720,3.0142494919963054,False,10.2911,6.1788,10.2911,,,,,,,,,,,,0
2,93.48,353.17,-0.680776,1.16159,20.0,52.3,1.0,annealing_T=125_h=25,absent,absent,20.0,1256.6370614359173,annealing_T=75_h=25,T,20260530-001924,previous_detection,user_fixed_radius,user_fixed_radius,,20260827-053720,2.250377746068396,False,1.159354,0.684964,1.159354,,,,,,,,,,,,0
2,93.48,353.17,-4.2744,1.26998,20.0,53.3,2.0,annealing_T=125_h=25,absent,absent,20.0,1256.6370614359173,annealing_T=75_h=25,T,20260530-001924,previous_detection,user_fixed_radius,user_fixed_radius,,20260827-053720,2.250377746068396,False,5.69371,5.58414,5.69371,,,,,,,,,,,,0
2,93.48,353.17,5.72783,1.42564,20.0,54.3,3.0,annealing_T=125_h=25,absent,absent,20.0,1256.6370614359173,annealing_T=75_h=25,T,20260530-001924,previous_detection,user_fixed_radius,user_fixed_radius,,20260827-053720,2.250377746068396,False,0.92071,0.5272,0.92071,,,,,,,,,,,,0
2,93.48,353.17,1.81226,1.61339,20.0,55.3,4.0,annealing_T=125_h=25,absent,absent,20.0,1256.6370614359173,annealing_T=75_h=25,T,20260530-001924,previous_detection,user_fixed_radius,user_fixed_radius,,20260827-053720,2.250377746068396,False,0.83137,4.04108,4.04108,,,,,,,,,,,,0
2,93.48,353.17,17.3051,1.78267,20.0,56.3,5.0,annealing_T=125_h=25,absent,absent,20.0,1256.6370614359173,annealing_T=75_h=25,T,20260530-001924,previous_detection,user_fixed_radius,user_fixed_radius,,20260827-053720,2.250377746068396,False,2.6412,0.6562,2.6412,,,,,,,,,,,,0
2,93.48,353.17,45.0966,2.23402,20.0,58.3,7.0,annealing_T=125_h=25,absent,absent,20.0,1256.6370614359173,annealing_T=75_h=25,T,20260530-001924,previous_detection,user_fixed_radius,user_fixed_radius,,20260827-053720,2.250377746068396,False,4.586,3.1092,4.586,,,,,,,,,,,,0
3,138.96,256.94,2.27786,1.16502,20.0,52.3,1.0,annealing_T=125_h=25,absent,absent,20.0,1256.6370614359173,annealing_T=100_h=5,T,20260610-203538,previous_detection,user_fixed_radius,user_fixed_radius,,20260827-053720,0.8514693182963318,False,0.73886,2.728293,2.728293,,,,,,,,,,,,0
3,138.96,256.94,7.02869,1.33347,20.0,53.3,2.0,annealing_T=125_h=25,absent,absent,20.0,1256.6370614359173,annealing_T=100_h=5,T,20260610-203538,previous_detection,user_fixed_radius,user_fixed_radius,,20260827-053720,0.8514693182963318,False,3.05484,6.01548,6.01548,,,,,,,,,,,,0
3,138.96,256.94,-2.37439,1.47522,20.0,54.3,3.0,annealing_T=125_h=25,absent,absent,20.0,1256.6370614359173,annealing_T=100_h=5,T,20260610-203538,previous_detection,user_fixed_radius,user_fixed_radius,,20260827-053720,0.8514693182963318,False,0.4175,1.00194,1.00194,,,,,,,,,,,,0
3,138.96,256.94,1.68546,1.4958,20.0,55.3,4.0,annealing_T=125_h=25,absent,absent,20.0,1256.6370614359173,annealing_T=100_h=5,T,20260610-203538,previous_detection,user_fixed_radius,user_fixed_radius,,20260827-053720,0.8514693182963318,False,8.00382,1.931161,8.00382,,,,,,,,,,,,0
3,138.96,256.94,-0.0417854,1.62837,20.0,56.3,5.0,annealing_T=125_h=25,absent,absent,20.0,1256.6370614359173,annealing_T=100_h=5,T,20260610-203538,previous_detection,user_fixed_radius,user_fixed_radius,,20260827-053720,0.8514693182963318,False,4.3374746,1.2306646,4.3374746,,,,,,,,,,,,0
3,138.96,256.94,8.15864,1.78158,20.0,58.3,7.0,annealing_T=125_h=25,absent,absent,20.0,1256.6370614359173,annealing_T=100_h=5,T,20260610-203538,previous_detection,user_fixed_radius,user_fixed_radius,,20260827-053720,0.8514693182963318,False,5.82426,6.58562,6.58562,,,,,,,,,,,,0
4,183.17,168.72,151.682,1.00991,20.0,52.3,1.0,annealing_T=125_h=25,present,present,20.0,1256.6370614359173,annealing_T=125_h=25,T,20260827-053720,phase_detection,user_fixed_radius,user_fixed_radius,,20260827-053720,3.480373543170333,False,2.731,1.35,2.731,2.32603,0.00122962,0.0360429,103.655,0.199994,13667.1,4,3416.77,0,3,6.30611e-09,1
4,183.17,168.72,595.33,1.12836,20.0,53.3,2.0,annealing_T=125_h=25,present,present,20.0,1256.6370614359173,annealing_T=125_h=25,T,20260827-053720,phase_detection,user_fixed_radius,user_fixed_radius,,20260827-053720,3.480373543170333,False,3.114,11.734,11.734,2.32603,0.00122962,0.0360429,103.655,0.199994,13667.1,4,3416.77,0,3,6.30611e-09,1
4,183.17,168.72,1339.9,1.36236,20.0,54.3,3.0,annealing_T=125_h=25,present,present,20.0,1256.6370614359173,annealing_T=125_h=25,T,20260827-053720,phase_detection,user_fixed_radius,user_fixed_radius,,20260827-053720,3.480373543170333,False,12.01,15.05,15.05,2.32603,0.00122962,0.0360429,103.655,0.199994,13667.1,4,3416.77,0,3,6.30611e-09,1
4,183.17,168.72,2522.46,1.99073,20.0,55.3,4.0,annealing_T=125_h=25,present,present,20.0,1256.6370614359173,annealing_T=125_h=25,T,20260827-053720,phase_detection,user_fixed_radius,user_fixed_radius,,20260827-053720,3.480373543170333,False,18.43,22.08,22.08,2.32603,0.00122962,0.0360429,103.655,0.199994,13667.1,4,3416.77,0,3,6.30611e-09,1
4,183.17,168.72,4245.91,3.09638,20.0,56.3,5.0,annealing_T=125_h=25,present,present,20.0,1256.6370614359173,annealing_T=125_h=25,T,20260827-053720,phase_detection,user_fixed_radius,user_fixed_radius,,20260827-053720,3.480373543170333,False,47.98,65.9,65.9,2.32603,0.00122962,0.0360429,103.655,0.199994,13667.1,4,3416.77,0,3,6.30611e-09,1
4,183.17,168.72,9989.16,7.16619,20.0,58.3,7.0,annealing_T=125_h=25,present,present,20.0,1256.6370614359173,annealing_T=125_h=25,T,20260827-053720,phase_detection,user_fixed_radius,user_fixed_radius,,20260827-053720,3.480373543170333,False,192.24,247.63,247.63,2.32603,0.00122962,0.0360429,103.655,0.199994,13667.1,4,3416.77,0,3,6.30611e-09,1
5,193.75,516.56,2.09447,1.13596,20.0,52.3,1.0,annealing_T=125_h=25,present,present,20.0,1256.6370614359173,annealing_T=125_h=25,T,20260827-053720,phase_detection,user_fixed_radius,user_fixed_radius,,20260827-053720,3.5403530897356195,False,6.93201,1.10393,6.93201,2.59751,0.0370278,0.0228711,1.35432,0.0924205,115.296,4,28.8241,0,3,1.88968e-08,1
5,193.75,516.56,-3.50189,1.26186,20.0,53.3,2.0,annealing_T=125_h=25,present,present,20.0,1256.6370614359173,annealing_T=125_h=25,T,20260827-053720,phase_detection,user_fixed_radius,user_fixed_radius,,20260827-053720,3.5403530897356195,False,2.73313,5.81772,5.81772,2.59751,0.0370278,0.0228711,1.35432,0.0924205,115.296,4,28.8241,0,3,1.88968e-08,1
5,193.75,516.56,22.7878,1.53495,20.0,54.3,3.0,annealing_T=125_h=25,present,present,20.0,1256.6370614359173,annealing_T=125_h=25,T,20260827-053720,phase_detection,user_fixed_radius,user_fixed_radius,,20260827-053720,3.5403530897356195,False,3.6279,2.5629,3.6279,2.59751,0.0370278,0.0228711,1.35432,0.0924205,115.296,4,28.8241,0,3,1.88968e-08,1
5,193.75,516.56,49.0191,1.51801,20.0,55.3,4.0,annealing_T=125_h=25,present,present,20.0,1256.6370614359173,annealing_T=125_h=25,T,20260827-053720,phase_detection,user_fixed_radius,user_fixed_radius,,20260827-053720,3.5403530897356195,False,3.7695,0.2305,3.7695,2.59751,0.0370278,0.0228711,1.35432,0.0924205,115.296,4,28.8241,0,3,1.88968e-08,1
5,193.75,516.56,97.334,1.73164,20.0,56.3,5.0,annealing_T=125_h=25,present,present,20.0,1256.6370614359173,annealing_T=125_h=25,T,20260827-053720,phase_detection,user_fixed_radius,user_fixed_radius,,20260827-053720,3.5403530897356195,False,2.6095,1.6667,2.6095,2.59751,0.0370278,0.0228711,1.35432,0.0924205,115.296,4,28.8241,0,3,1.88968e-08,1
5,193.75,516.56,208.767,2.03239,20.0,58.3,7.0,annealing_T=125_h=25,present,present,20.0,1256.6370614359173,annealing_T=125_h=25,T,20260827-053720,phase_detection,user_fixed_radius,user_fixed_radius,,20260827-053720,3.5403530897356195,False,4.401,5.403,5.403,2.59751,0.0370278,0.0228711,1.35432,0.0924205,115.296,4,28.8241,0,3,1.88968e-08,1
6,232.19,756.59,-4.25262,1.08117,20.0,52.3,1.0,annealing_T=125_h=25,absent,absent,20.0,1256.6370614359173,annealing_T=100_h=5,T,20260610-203538,previous_detection,user_fixed_radius,user_fixed_radius,,20260827-053720,0.9305912099305004,False,5.60991,0.09924,5.60991,,,,,,,,,,,,0
6,232.19,756.59,4.17762,1.15717,20.0,53.3,2.0,annealing_T=125_h=25,absent,absent,20.0,1256.6370614359173,annealing_T=100_h=5,T,20260610-203538,previous_detection,user_fixed_radius,user_fixed_radius,,20260827-053720,0.9305912099305004,False,3.74701,3.63727,3.74701,,,,,,,,,,,,0
6,232.19,756.59,5.5701,1.27332,20.0,54.3,3.0,annealing_T=125_h=25,absent,absent,20.0,1256.6370614359173,annealing_T=100_h=5,T,20260610-203538,previous_detection,user_fixed_radius,user_fixed_radius,,20260827-053720,0.9305912099305004,False,1.95069,1.62244,1.95069,,,,,,,,,,,,0
6,232.19,756.59,-9.12838,1.23968,20.0,55.3,4.0,annealing_T=125_h=25,absent,absent,20.0,1256.6370614359173,annealing_T=100_h=5,T,20260610-203538,previous_detection,user_fixed_radius,user_fixed_radius,,20260827-053720,0.9305912099305004,False,3.41666,8.916809,8.916809,,,,,,,,,,,,0
6,232.19,756.59,-0.571331,1.48586,20.0,56.3,5.0,annealing_T=125_h=25,absent,absent,20.0,1256.6370614359173,annealing_T=100_h=5,T,20260610-203538,previous_detection,user_fixed_radius,user_fixed_radius,,20260827-053720,0.9305912099305004,False,1.906789,3.904511,3.904511,,,,,,,,,,,,0
6,232.19,756.59,16.7698,1.8096,20.0,58.3,7.0,annealing_T=125_h=25,absent,absent,20.0,1256.6370614359173,annealing_T=100_h=5,T,20260610-203538,previous_detection,user_fixed_radius,user_fixed_radius,,20260827-053720,0.9305912099305004,False,12.62838,6.733,12.62838,,,,,,,,,,,,0
7,237.8,240.49,20.6083,0.900851,20.0,52.3,1.0,annealing_T=125_h=25,present,present,20.0,1256.6370614359173,annealing_T=125_h=25,T,20260827-053720,phase_detection,user_fixed_radius,user_fixed_radius,,20260827-053720,3.744128737102916,False,3.0428,1.1334,3.0428,1.90482,0.011045,0.0880866,11.0704,0.210735,439.357,4,109.839,0,3,1.58369e-06,1
7,237.8,240.49,50.1276,1.09357,20.0,53.3,2.0,annealing_T=125_h=25,present,present,20.0,1256.6370614359173,annealing_T=125_h=25,T,20260827-053720,phase_detection,user_fixed_radius,user_fixed_radius,,20260827-053720,3.744128737102916,False,4.8304,0.5117,4.8304,1.90482,0.011045,0.0880866,11.0704,0.210735,439.357,4,109.839,0,3,1.58369e-06,1
7,237.8,240.49,95.3925,1.12792,20.0,54.3,3.0,annealing_T=125_h=25,present,present,20.0,1256.6370614359173,annealing_T=125_h=25,T,20260827-053720,phase_detection,user_fixed_radius,user_fixed_radius,,20260827-053720,3.744128737102916,False,1.1189,2.7705,2.7705,1.90482,0.011045,0.0880866,11.0704,0.210735,439.357,4,109.839,0,3,1.58369e-06,1
7,237.8,240.49,150.198,1.21839,20.0,55.3,4.0,annealing_T=125_h=25,present,present,20.0,1256.6370614359173,annealing_T=125_h=25,T,20260827-053720,phase_detection,user_fixed_radius,user_fixed_radius,,20260827-053720,3.744128737102916,False,3.718,5.771,5.771,1.90482,0.011045,0.0880866,11.0704,0.210735,439.357,4,109.839,0,3,1.58369e-06,1
7,237.8,240.49,217.682,1.53212,20.0,56.3,5.0,annealing_T=125_h=25,present,present,20.0,1256.6370614359173,annealing_T=125_h=25,T,20260827-053720,phase_detection,user_fixed_radius,user_fixed_radius,,20260827-053720,3.744128737102916,False,4.751,1.96,4.751,1.90482,0.011045,0.0880866,11.0704,0.210735,439.357,4,109.839,0,3,1.58369e-06,1
7,237.8,240.49,465.53,1.98233,20.0,58.3,7.0,annealing_T=125_h=25,present,present,20.0,1256.6370614359173,annealing_T=125_h=25,T,20260827-053720,phase_detection,user_fixed_radius,user_fixed_radius,,20260827-053720,3.744128737102916,False,10.941,6.856,10.941,1.90482,0.011045,0.0880866,11.0704,0.210735,439.357,4,109.839,0,3,1.58369e-06,1
8,253.87,348.03,18.0397,1.18608,20.0,52.3,1.0,annealing_T=125_h=25,present,present,20.0,1256.6370614359173,annealing_T=125_h=25,T,20260827-053720,phase_detection,user_fixed_radius,user_fixed_radius,,20260827-053720,3.2767361810191944,False,2.6626,2.8308,2.8308,2.62688,0.0100563,0.0811509,4.89267,0.0900387,652.696,4,163.174,0,3,6.33036e-08,1
8,253.87,348.03,40.1528,1.22598,20.0,53.3,2.0,annealing_T=125_h=25,present,present,20.0,1256.6370614359173,annealing_T=125_h=25,T,20260827-053720,phase_detection,user_fixed_radius,user_fixed_radius,,20260827-053720,3.2767361810191944,False,2.0811,0.8519,2.0811,2.62688,0.0100563,0.0811509,4.89267,0.0900387,652.696,4,163.174,0,3,6.33036e-08,1
8,253.87,348.03,104.803,1.39405,20.0,54.3,3.0,annealing_T=125_h=25,present,present,20.0,1256.6370614359173,annealing_T=125_h=25,T,20260827-053720,phase_detection,user_fixed_radius,user_fixed_radius,,20260827-053720,3.2767361810191944,False,4.588,4.46,4.588,2.62688,0.0100563,0.0811509,4.89267,0.0900387,652.696,4,163.174,0,3,6.33036e-08,1
8,253.87,348.03,188.108,1.31522,20.0,55.3,4.0,annealing_T=125_h=25,present,present,20.0,1256.6370614359173,annealing_T=125_h=25,T,20260827-053720,phase_detection,user_fixed_radius,user_fixed_radius,,20260827-053720,3.2767361810191944,False,5.927,4.41,5.927,2.62688,0.0100563,0.0811509,4.89267,0.0900387,652.696,4,163.174,0,3,6.33036e-08,1
8,253.87,348.03,305.691,1.764,20.0,56.3,5.0,annealing_T=125_h=25,present,present,20.0,1256.6370614359173,annealing_T=125_h=25,T,20260827-053720,phase_detection,user_fixed_radius,user_fixed_radius,,20260827-053720,3.2767361810191944,False,5.303,4.299,5.303,2.62688,0.0100563,0.0811509,4.89267,0.0900387,652.696,4,163.174,0,3,6.33036e-08,1
8,253.87,348.03,822.712,2.07259,20.0,58.3,7.0,annealing_T=125_h=25,present,present,20.0,1256.6370614359173,annealing_T=125_h=25,T,20260827-053720,phase_detection,user_fixed_radius,user_fixed_radius,,20260827-053720,3.2767361810191944,False,18.902,42.349,42.349,2.62688,0.0100563,0.0811509,4.89267,0.0900387,652.696,4,163.174,0,3,6.33036e-08,1
9,335.34,285.55,2.57764,0.864683,20.0,52.3,1.0,annealing_T=125_h=25,absent,disappeared,20.0,1256.6370614359173,annealing_T=125_h=5,T,20260723-075232,previous_detection,user_fixed_radius,user_fixed_radius,,20260827-053720,2.947269923166199,False,0.35551,0.76845,0.76845,,,,,,,,,,,,0
9,335.34,285.55,5.80265,1.08644,20.0,53.3,2.0,annealing_T=125_h=25,absent,disappeared,20.0,1256.6370614359173,annealing_T=125_h=5,T,20260723-075232,previous_detection,user_fixed_radius,user_fixed_radius,,20260827-053720,2.947269923166199,False,0.89347,1.37671,1.37671,,,,,,,,,,,,0
9,335.34,285.55,12.11,1.02575,20.0,54.3,3.0,annealing_T=125_h=25,absent,disappeared,20.0,1256.6370614359173,annealing_T=125_h=5,T,20260723-075232,previous_detection,user_fixed_radius,user_fixed_radius,,20260827-053720,2.947269923166199,False,3.30877,0.7734,3.30877,,,,,,,,,,,,0
9,335.34,285.55,21.8895,0.966077,20.0,55.3,4.0,annealing_T=125_h=25,absent,disappeared,20.0,1256.6370614359173,annealing_T=125_h=5,T,20260723-075232,previous_detection,user_fixed_radius,user_fixed_radius,,20260827-053720,2.947269923166199,False,2.821,0.4686,2.821,,,,,,,,,,,,0
9,335.34,285.55,36.4511,1.32329,20.0,56.3,5.0,annealing_T=125_h=25,absent,disappeared,20.0,1256.6370614359173,annealing_T=125_h=5,T,20260723-075232,previous_detection,user_fixed_radius,user_fixed_radius,,20260827-053720,2.947269923166199,False,7.058,2.3631,7.058,,,,,,,,,,,,0
9,335.34,285.55,69.4175,1.51752,20.0,58.3,7.0,annealing_T=125_h=25,absent,disappeared,20.0,1256.6370614359173,annealing_T=125_h=5,T,20260723-075232,previous_detection,user_fixed_radius,user_fixed_radius,,20260827-053720,2.947269923166199,False,5.2456,3.3595,5.2456,,,,,,,,,,,,0
10,354.9,844.27,6.61244,1.09413,20.0,52.3,1.0,annealing_T=125_h=25,absent,disappeared,20.0,1256.6370614359173,annealing_T=125_h=5,T,20260723-075232,previous_detection,user_fixed_radius,user_fixed_radius,,20260827-053720,3.2922029099070147,False,0.70068,3.96785,3.96785,,,,,,,,,,,,0
10,354.9,844.27,8.52975,1.03028,20.0,53.3,2.0,annealing_T=125_h=25,absent,disappeared,20.0,1256.6370614359173,annealing_T=125_h=5,T,20260723-075232,previous_detection,user_fixed_radius,user_fixed_radius,,20260827-053720,3.2922029099070147,False,0.00337,5.76786,5.76786,,,,,,,,,,,,0
10,354.9,844.27,3.89624,1.08917,20.0,54.3,3.0,annealing_T=125_h=25,absent,disappeared,20.0,1256.6370614359173,annealing_T=125_h=5,T,20260723-075232,previous_detection,user_fixed_radius,user_fixed_radius,,20260827-053720,3.2922029099070147,False,8.07537,1.23905,8.07537,,,,,,,,,,,,0
10,354.9,844.27,11.0379,1.43832,20.0,55.3,4.0,annealing_T=125_h=25,absent,disappeared,20.0,1256.6370614359173,annealing_T=125_h=5,T,20260723-075232,previous_detection,user_fixed_radius,user_fixed_radius,,20260827-053720,3.2922029099070147,False,3.154,3.8657,3.8657,,,,,,,,,,,,0
10,354.9,844.27,12.6665,1.28272,20.0,56.3,5.0,annealing_T=125_h=25,absent,disappeared,20.0,1256.6370614359173,annealing_T=125_h=5,T,20260723-075232,previous_detection,user_fixed_radius,user_fixed_radius,,20260827-053720,3.2922029099070147,False,2.2285,0.8187,2.2285,,,,,,,,,,,,0
10,354.9,844.27,54.5997,1.42216,20.0,58.3,7.0,annealing_T=125_h=25,absent,disappeared,20.0,1256.6370614359173,annealing_T=125_h=5,T,20260723-075232,previous_detection,user_fixed_radius,user_fixed_radius,,20260827-053720,3.2922029099070147,False,4.2306,5.5432,5.5432,,,,,,,,,,,,0
11,374.33,368.39,-1.14753,0.77981,20.0,52.3,1.0,annealing_T=125_h=25,absent,absent,20.0,1256.6370614359173,annealing_T=75_h=25,T,20260530-001924,previous_detection,user_fixed_radius,user_fixed_radius,,20260827-053720,1.4526183256450649,False,0.79851,0.239813,0.79851,,,,,,,,,,,,0
11,374.33,368.39,-5.01919,0.893576,20.0,53.3,2.0,annealing_T=125_h=25,absent,absent,20.0,1256.6370614359173,annealing_T=75_h=25,T,20260530-001924,previous_detection,user_fixed_radius,user_fixed_radius,,20260827-053720,1.4526183256450649,False,1.5523,3.43173,3.43173,,,,,,,,,,,,0
11,374.33,368.39,-0.921472,0.955006,20.0,54.3,3.0,annealing_T=125_h=25,absent,absent,20.0,1256.6370614359173,annealing_T=75_h=25,T,20260530-001924,previous_detection,user_fixed_radius,user_fixed_radius,,20260827-053720,1.4526183256450649,False,3.622298,0.29885,3.622298,,,,,,,,,,,,0
11,374.33,368.39,-2.47665,0.986601,20.0,55.3,4.0,annealing_T=125_h=25,absent,absent,20.0,1256.6370614359173,annealing_T=75_h=25,T,20260530-001924,previous_detection,user_fixed_radius,user_fixed_radius,,20260827-053720,1.4526183256450649,False,2.154834,5.90173,5.90173,,,,,,,,,,,,0
11,374.33,368.39,9.73167,0.937987,20.0,56.3,5.0,annealing_T=125_h=25,absent,absent,20.0,1256.6370614359173,annealing_T=75_h=25,T,20260530-001924,previous_detection,user_fixed_radius,user_fixed_radius,,20260827-053720,1.4526183256450649,False,4.09533,1.79325,4.09533,,,,,,,,,,,,0
11,374.33,368.39,9.19795,1.37638,20.0,58.3,7.0,annealing_T=125_h=25,absent,absent,20.0,1256.6370614359173,annealing_T=75_h=25,T,20260530-001924,previous_detection,user_fixed_radius,user_fixed_radius,,20260827-053720,1.4526183256450649,False,8.52185,2.78155,8.52185,,,,,,,,,,,,0
12,415.54,945.59,23.2445,0.99039,20.0,52.3,1.0,annealing_T=125_h=25,present,present,20.0,1256.6370614359173,annealing_T=125_h=25,T,20260827-053720,phase_detection,user_fixed_radius,user_fixed_radius,,20260827-053720,3.0965787572738317,False,4.721,10.755,10.755,1.34186,0.033527,0.243856,6.93362,0.385634,450.098,4,112.525,0,3,1.54101e-08,1
12,415.54,945.59,14.521,0.960841,20.0,53.3,2.0,annealing_T=125_h=25,present,present,20.0,1256.6370614359173,annealing_T=125_h=25,T,20260827-053720,phase_detection,user_fixed_radius,user_fixed_radius,,20260827-053720,3.0965787572738317,False,0.8909,1.8552,1.8552,1.34186,0.033527,0.243856,6.93362,0.385634,450.098,4,112.525,0,3,1.54101e-08,1
12,415.54,945.59,18.695,1.0506,20.0,54.3,3.0,annealing_T=125_h=25,present,present,20.0,1256.6370614359173,annealing_T=125_h=25,T,20260827-053720,phase_detection,user_fixed_radius,user_fixed_radius,,20260827-053720,3.0965787572738317,False,3.7969,5.2321,5.2321,1.34186,0.033527,0.243856,6.93362,0.385634,450.098,4,112.525,0,3,1.54101e-08,1
12,415.54,945.59,52.9521,1.25707,20.0,55.3,4.0,annealing_T=125_h=25,present,present,20.0,1256.6370614359173,annealing_T=125_h=25,T,20260827-053720,phase_detection,user_fixed_radius,user_fixed_radius,,20260827-053720,3.0965787572738317,False,0.9246,2.0982,2.0982,1.34186,0.033527,0.243856,6.93362,0.385634,450.098,4,112.525,0,3,1.54101e-08,1
12,415.54,945.59,58.5256,1.47093,20.0,56.3,5.0,annealing_T=125_h=25,present,present,20.0,1256.6370614359173,annealing_T=125_h=25,T,20260827-053720,phase_detection,user_fixed_radius,user_fixed_radius,,20260827-053720,3.0965787572738317,False,6.2773,1.8675,6.2773,1.34186,0.033527,0.243856,6.93362,0.385634,450.098,4,112.525,0,3,1.54101e-08,1
12,415.54,945.59,96.1943,1.5834,20.0,58.3,7.0,annealing_T=125_h=25,present,present,20.0,1256.6370614359173,annealing_T=125_h=25,T,20260827-053720,phase_detection,user_fixed_radius,user_fixed_radius,,20260827-053720,3.0965787572738317,False,15.3262,1.585,15.3262,1.34186,0.033527,0.243856,6.93362,0.385634,450.098,4,112.525,0,3,1.54101e-08,1
13,416.35,548.47,8.01829,1.1061,20.0,52.3,1.0,annealing_T=125_h=25,absent,absent,20.0,1256.6370614359173,annealing_T=75_h=25,T,20260530-001924,previous_detection,user_fixed_radius,user_fixed_radius,,20260827-053720,2.0678491240899852,False,0.61595,3.56571,3.56571,,,,,,,,,,,,0
13,416.35,548.47,3.94164,1.35741,20.0,53.3,2.0,annealing_T=125_h=25,absent,absent,20.0,1256.6370614359173,annealing_T=75_h=25,T,20260530-001924,previous_detection,user_fixed_radius,user_fixed_radius,,20260827-053720,2.0678491240899852,False,0.17854,2.27405,2.27405,,,,,,,,,,,,0
13,416.35,548.47,4.06604,1.43571,20.0,54.3,3.0,annealing_T=125_h=25,absent,absent,20.0,1256.6370614359173,annealing_T=75_h=25,T,20260530-001924,previous_detection,user_fixed_radius,user_fixed_radius,,20260827-053720,2.0678491240899852,False,1.63834,1.92624,1.92624,,,,,,,,,,,,0
13,416.35,548.47,12.5579,1.51456,20.0,55.3,4.0,annealing_T=125_h=25,absent,absent,20.0,1256.6370614359173,annealing_T=75_h=25,T,20260530-001924,previous_detection,user_fixed_radius,user_fixed_radius,,20260827-053720,2.0678491240899852,False,2.3397,1.8289,2.3397,,,,,,,,,,,,0
13,416.35,548.47,4.60225,1.6591,20.0,56.3,5.0,annealing_T=125_h=25,absent,absent,20.0,1256.6370614359173,annealing_T=75_h=25,T,20260530-001924,previous_detection,user_fixed_radius,user_fixed_radius,,20260827-053720,2.0678491240899852,False,2.46479,1.77714,2.46479,,,,,,,,,,,,0
13,416.35,548.47,14.6269,2.09671,20.0,58.3,7.0,annealing_T=125_h=25,absent,absent,20.0,1256.6370614359173,annealing_T=75_h=25,T,20260530-001924,previous_detection,user_fixed_radius,user_fixed_radius,,20260827-053720,2.0678491240899852,False,4.9692,0.2036,4.9692,,,,,,,,,,,,0
14,424.55,70.4,-4.1504,0.89154,20.0,52.3,1.0,annealing_T=125_h=25,absent,disappeared,20.0,1256.6370614359173,annealing_T=125_h=5,T,20260723-075232,previous_detection,user_fixed_radius,user_fixed_radius,,20260827-053720,2.8467525357852796,False,5.46269,1.76177,5.46269,,,,,,,,,,,,0
14,424.55,70.4,2.61633,0.927941,20.0,53.3,2.0,annealing_T=125_h=25,absent,disappeared,20.0,1256.6370614359173,annealing_T=125_h=5,T,20260723-075232,previous_detection,user_fixed_radius,user_fixed_radius,,20260827-053720,2.8467525357852796,False,1.45041,0.18513,1.45041,,,,,,,,,,,,0
14,424.55,70.4,2.99198,1.00692,20.0,54.3,3.0,annealing_T=125_h=25,absent,disappeared,20.0,1256.6370614359173,annealing_T=125_h=5,T,20260723-075232,previous_detection,user_fixed_radius,user_fixed_radius,,20260827-053720,2.8467525357852796,False,0.11239,4.35889,4.35889,,,,,,,,,,,,0
14,424.55,70.4,16.5663,1.17347,20.0,55.3,4.0,annealing_T=125_h=25,absent,disappeared,20.0,1256.6370614359173,annealing_T=125_h=5,T,20260723-075232,previous_detection,user_fixed_radius,user_fixed_radius,,20260827-053720,2.8467525357852796,False,4.6317,0.0601,4.6317,,,,,,,,,,,,0
14,424.55,70.4,38.8953,1.40951,20.0,56.3,5.0,annealing_T=125_h=25,absent,disappeared,20.0,1256.6370614359173,annealing_T=125_h=5,T,20260723-075232,previous_detection,user_fixed_radius,user_fixed_radius,,20260827-053720,2.8467525357852796,False,0.0244,2.9818,2.9818,,,,,,,,,,,,0
14,424.55,70.4,93.5436,1.57301,20.0,58.3,7.0,annealing_T=125_h=25,absent,disappeared,20.0,1256.6370614359173,annealing_T=125_h=5,T,20260723-075232,previous_detection,user_fixed_radius,user_fixed_radius,,20260827-053720,2.8467525357852796,False,6.6429,4.1519,6.6429,,,,,,,,,,,,0
15,429.87,483.87,9.58856,1.01883,20.0,52.3,1.0,annealing_T=125_h=25,present,reappeared,20.0,1256.6370614359173,annealing_T=125_h=25,T,20260827-053720,phase_detection,user_fixed_radius,user_fixed_radius,,20260827-053720,3.1184932259024976,False,2.12426,1.60779,2.12426,1.75025,0.015386,0.0289322,8.27823,0.225311,50.4961,4,12.624,0,3,8.24999e-07,1
15,429.87,483.87,24.1191,1.06929,20.0,53.3,2.0,annealing_T=125_h=25,present,reappeared,20.0,1256.6370614359173,annealing_T=125_h=25,T,20260827-053720,phase_detection,user_fixed_radius,user_fixed_radius,,20260827-053720,3.1184932259024976,False,3.8356,1.3516,3.8356,1.75025,0.015386,0.0289322,8.27823,0.225311,50.4961,4,12.624,0,3,8.24999e-07,1
15,429.87,483.87,58.736,1.1542,20.0,54.3,3.0,annealing_T=125_h=25,present,reappeared,20.0,1256.6370614359173,annealing_T=125_h=25,T,20260827-053720,phase_detection,user_fixed_radius,user_fixed_radius,,20260827-053720,3.1184932259024976,False,0.1043,0.3465,0.3465,1.75025,0.015386,0.0289322,8.27823,0.225311,50.4961,4,12.624,0,3,8.24999e-07,1
15,429.87,483.87,90.0432,1.17048,20.0,55.3,4.0,annealing_T=125_h=25,present,reappeared,20.0,1256.6370614359173,annealing_T=125_h=25,T,20260827-053720,phase_detection,user_fixed_radius,user_fixed_radius,,20260827-053720,3.1184932259024976,False,0.7539,0.3023,0.7539,1.75025,0.015386,0.0289322,8.27823,0.225311,50.4961,4,12.624,0,3,8.24999e-07,1
15,429.87,483.87,144.954,1.38842,20.0,56.3,5.0,annealing_T=125_h=25,present,reappeared,20.0,1256.6370614359173,annealing_T=125_h=25,T,20260827-053720,phase_detection,user_fixed_radius,user_fixed_radius,,20260827-053720,3.1184932259024976,False,2.217,3.834,3.834,1.75025,0.015386,0.0289322,8.27823,0.225311,50.4961,4,12.624,0,3,8.24999e-07,1
15,429.87,483.87,247.61,1.44256,20.0,58.3,7.0,annealing_T=125_h=25,present,reappeared,20.0,1256.6370614359173,annealing_T=125_h=25,T,20260827-053720,phase_detection,user_fixed_radius,user_fixed_radius,,20260827-053720,3.1184932259024976,False,2.305,5.32,5.32,1.75025,0.015386,0.0289322,8.27823,0.225311,50.4961,4,12.624,0,3,8.24999e-07,1
16,502.6,998.15,-0.387566,0.814871,20.0,52.3,1.0,annealing_T=125_h=25,absent,absent,20.0,1256.6370614359173,annealing_T=100_h=5,T,20260610-203538,previous_detection,user_fixed_radius,user_fixed_radius,,20260827-053720,0.8544588931013085,False,4.184916,0.102645,4.184916,,,,,,,,,,,,0
16,502.6,998.15,-4.09658,0.991053,20.0,53.3,2.0,annealing_T=125_h=25,absent,absent,20.0,1256.6370614359173,annealing_T=100_h=5,T,20260610-203538,previous_detection,user_fixed_radius,user_fixed_radius,,20260827-053720,0.8544588931013085,False,3.60893,5.10778,5.10778,,,,,,,,,,,,0
16,502.6,998.15,-22.9599,1.0265,20.0,54.3,3.0,annealing_T=125_h=25,absent,absent,20.0,1256.6370614359173,annealing_T=100_h=5,T,20260610-203538,previous_detection,user_fixed_radius,user_fixed_radius,,20260827-053720,0.8544588931013085,False,3.1193,7.5728,7.5728,,,,,,,,,,,,0
16,502.6,998.15,-10.0108,1.08099,20.0,55.3,4.0,annealing_T=125_h=25,absent,absent,20.0,1256.6370614359173,annealing_T=100_h=5,T,20260610-203538,previous_detection,user_fixed_radius,user_fixed_radius,,20260827-053720,0.8544588931013085,False,0.7532,1.89733,1.89733,,,,,,,,,,,,0
16,502.6,998.15,-16.0981,1.2213,20.0,56.3,5.0,annealing_T=125_h=25,absent,absent,20.0,1256.6370614359173,annealing_T=100_h=5,T,20260610-203538,previous_detection,user_fixed_radius,user_fixed_radius,,20260827-053720,0.8544588931013085,False,6.0551,9.65137,9.65137,,,,,,,,,,,,0
16,502.6,998.15,-8.05979,1.65884,20.0,58.3,7.0,annealing_T=125_h=25,absent,absent,20.0,1256.6370614359173,annealing_T=100_h=5,T,20260610-203538,previous_detection,user_fixed_radius,user_fixed_radius,,20260827-053720,0.8544588931013085,False,7.83921,3.95117,7.83921,,,,,,,,,,,,0
17,596.16,526.59,0.615048,1.02593,20.0,52.3,1.0,annealing_T=125_h=25,absent,absent,20.0,1256.6370614359173,annealing_T=75_h=5,T,20260520-085312,previous_detection,user_fixed_radius,user_fixed_radius,,20260827-053720,1.4968299836654133,False,1.282022,2.047912,2.047912,,,,,,,,,,,,0
17,596.16,526.59,-4.03158,1.13573,20.0,53.3,2.0,annealing_T=125_h=25,absent,absent,20.0,1256.6370614359173,annealing_T=75_h=5,T,20260520-085312,previous_detection,user_fixed_radius,user_fixed_radius,,20260827-053720,1.4968299836654133,False,2.12542,1.73643,2.12542,,,,,,,,,,,,0
17,596.16,526.59,-9.80668,1.22587,20.0,54.3,3.0,annealing_T=125_h=25,absent,absent,20.0,1256.6370614359173,annealing_T=75_h=5,T,20260520-085312,previous_detection,user_fixed_radius,user_fixed_radius,,20260827-053720,1.4968299836654133,False,2.25286,5.64401,5.64401,,,,,,,,,,,,0
17,596.16,526.59,12.0639,1.27759,20.0,55.3,4.0,annealing_T=125_h=25,absent,absent,20.0,1256.6370614359173,annealing_T=75_h=5,T,20260520-085312,previous_detection,user_fixed_radius,user_fixed_radius,,20260827-053720,1.4968299836654133,False,0.1596,0.1364,0.1596,,,,,,,,,,,,0
17,596.16,526.59,24.0119,1.52905,20.0,56.3,5.0,annealing_T=125_h=25,absent,absent,20.0,1256.6370614359173,annealing_T=75_h=5,T,20260520-085312,previous_detection,user_fixed_radius,user_fixed_radius,,20260827-053720,1.4968299836654133,False,1.4789,2.3984,2.3984,,,,,,,,,,,,0
17,596.16,526.59,47.5787,1.72493,20.0,58.3,7.0,annealing_T=125_h=25,absent,absent,20.0,1256.6370614359173,annealing_T=75_h=5,T,20260520-085312,previous_detection,user_fixed_radius,user_fixed_radius,,20260827-053720,1.4968299836654133,False,3.2876,1.6927,3.2876,,,,,,,,,,,,0
18,609.71,336.02,-1.34475,0.856005,20.0,52.3,1.0,annealing_T=125_h=25,absent,absent,20.0,1256.6370614359173,annealing_T=100_h=5,T,20260610-203538,previous_detection,user_fixed_radius,user_fixed_radius,,20260827-053720,0.5188448708428496,False,2.29704,3.10967,3.10967,,,,,,,,,,,,0
18,609.71,336.02,-2.78037,1.04673,20.0,53.3,2.0,annealing_T=125_h=25,absent,absent,20.0,1256.6370614359173,annealing_T=100_h=5,T,20260610-203538,previous_detection,user_fixed_radius,user_fixed_radius,,20260827-053720,0.5188448708428496,False,1.26147,1.36267,1.36267,,,,,,,,,,,,0
18,609.71,336.02,12.0875,1.11406,20.0,54.3,3.0,annealing_T=125_h=25,absent,absent,20.0,1256.6370614359173,annealing_T=100_h=5,T,20260610-203538,previous_detection,user_fixed_radius,user_fixed_radius,,20260827-053720,0.5188448708428496,False,2.8944,1.4778,2.8944,,,,,,,,,,,,0
18,609.71,336.02,12.3001,1.13244,20.0,55.3,4.0,annealing_T=125_h=25,absent,absent,20.0,1256.6370614359173,annealing_T=100_h=5,T,20260610-203538,previous_detection,user_fixed_radius,user_fixed_radius,,20260827-053720,0.5188448708428496,False,0.8014,0.5532,0.8014,,,,,,,,,,,,0
18,609.71,336.02,17.3506,1.37684,20.0,56.3,5.0,annealing_T=125_h=25,absent,absent,20.0,1256.6370614359173,annealing_T=100_h=5,T,20260610-203538,previous_detection,user_fixed_radius,user_fixed_radius,,20260827-053720,0.5188448708428496,False,1.7889,4.6374,4.6374,,,,,,,,,,,,0
18,609.71,336.02,26.9468,1.75527,20.0,58.3,7.0,annealing_T=125_h=25,absent,absent,20.0,1256.6370614359173,annealing_T=100_h=5,T,20260610-203538,previous_detection,user_fixed_radius,user_fixed_radius,,20260827-053720,0.5188448708428496,False,2.107,5.243,5.243,,,,,,,,,,,,0
19,649.79,437.16,6.47239,1.06868,20.0,52.3,1.0,annealing_T=125_h=25,present,present,20.0,1256.6370614359173,annealing_T=125_h=25,T,20260827-053720,phase_detection,user_fixed_radius,user_fixed_radius,,20260827-053720,3.222188697143582,False,1.04891,0.54883,1.04891,1.37403,0.023701,0.0663171,9.44771,0.3706,27.6283,4,6.90708,0,3,7.67294e-06,1
19,649.79,437.16,21.7352,1.07879,20.0,53.3,2.0,annealing_T=125_h=25,present,present,20.0,1256.6370614359173,annealing_T=125_h=25,T,20260827-053720,phase_detection,user_fixed_radius,user_fixed_radius,,20260827-053720,3.222188697143582,False,5.0955,1.1527,5.0955,1.37403,0.023701,0.0663171,9.44771,0.3706,27.6283,4,6.90708,0,3,7.67294e-06,1
19,649.79,437.16,43.9303,1.21646,20.0,54.3,3.0,annealing_T=125_h=25,present,present,20.0,1256.6370614359173,annealing_T=125_h=25,T,20260827-053720,phase_detection,user_fixed_radius,user_fixed_radius,,20260827-053720,3.222188697143582,False,3.5073,1.0016,3.5073,1.37403,0.023701,0.0663171,9.44771,0.3706,27.6283,4,6.90708,0,3,7.67294e-06,1
19,649.79,437.16,67.4253,1.31211,20.0,55.3,4.0,annealing_T=125_h=25,present,present,20.0,1256.6370614359173,annealing_T=125_h=25,T,20260827-053720,phase_detection,user_fixed_radius,user_fixed_radius,,20260827-053720,3.222188697143582,False,1.3531,1.8442,1.8442,1.37403,0.023701,0.0663171,9.44771,0.3706,27.6283,4,6.90708,0,3,7.67294e-06,1
19,649.79,437.16,87.0599,1.53294,20.0,56.3,5.0,annealing_T=125_h=25,present,present,20.0,1256.6370614359173,annealing_T=125_h=25,T,20260827-053720,phase_detection,user_fixed_radius,user_fixed_radius,,20260827-053720,3.222188697143582,False,1.9335,0.7561,1.9335,1.37403,0.023701,0.0663171,9.44771,0.3706,27.6283,4,6.90708,0,3,7.67294e-06,1
19,649.79,437.16,133.646,1.88221,20.0,58.3,7.0,annealing_T=125_h=25,present,present,20.0,1256.6370614359173,annealing_T=125_h=25,T,20260827-053720,phase_detection,user_fixed_radius,user_fixed_radius,,20260827-053720,3.222188697143582,False,5.008,1.068,5.008,1.37403,0.023701,0.0663171,9.44771,0.3706,27.6283,4,6.90708,0,3,7.67294e-06,1
20,649.74,571.46,11.9004,0.966197,20.0,52.3,1.0,annealing_T=125_h=25,present,present,20.0,1256.6370614359173,annealing_T=125_h=25,T,20260827-053720,phase_detection,user_fixed_radius,user_fixed_radius,,20260827-053720,2.570953130650122,False,2.0404,1.1246,2.0404,2.38425,0.00600672,0.0679914,11.2585,0.118343,250.495,4,62.6237,0,3,2.10815e-06,1
20,649.74,571.46,52.0715,1.04765,20.0,53.3,2.0,annealing_T=125_h=25,present,present,20.0,1256.6370614359173,annealing_T=125_h=25,T,20260827-053720,phase_detection,user_fixed_radius,user_fixed_radius,,20260827-053720,2.570953130650122,False,1.1519,1.7729,1.7729,2.38425,0.00600672,0.0679914,11.2585,0.118343,250.495,4,62.6237,0,3,2.10815e-06,1
20,649.74,571.46,165.168,1.26179,20.0,54.3,3.0,annealing_T=125_h=25,present,present,20.0,1256.6370614359173,annealing_T=125_h=25,T,20260827-053720,phase_detection,user_fixed_radius,user_fixed_radius,,20260827-053720,2.570953130650122,False,1.497,0.63,1.497,2.38425,0.00600672,0.0679914,11.2585,0.118343,250.495,4,62.6237,0,3,2.10815e-06,1
20,649.74,571.46,312.198,1.22912,20.0,55.3,4.0,annealing_T=125_h=25,present,present,20.0,1256.6370614359173,annealing_T=125_h=25,T,20260827-053720,phase_detection,user_fixed_radius,user_fixed_radius,,20260827-053720,2.570953130650122,False,2.745,2.748,2.748,2.38425,0.00600672,0.0679914,11.2585,0.118343,250.495,4,62.6237,0,3,2.10815e-06,1
20,649.74,571.46,503.797,1.7687,20.0,56.3,5.0,annealing_T=125_h=25,present,present,20.0,1256.6370614359173,annealing_T=125_h=25,T,20260827-053720,phase_detection,user_fixed_radius,user_fixed_radius,,20260827-053720,2.570953130650122,False,11.64,13.826,13.826,2.38425,0.00600672,0.0679914,11.2585,0.118343,250.495,4,62.6237,0,3,2.10815e-06,1
20,649.74,571.46,1172.83,2.57038,20.0,58.3,7.0,annealing_T=125_h=25,present,present,20.0,1256.6370614359173,annealing_T=125_h=25,T,20260827-053720,phase_detection,user_fixed_radius,user_fixed_radius,,20260827-053720,2.570953130650122,False,37.53,60.49,60.49,2.38425,0.00600672,0.0679914,11.2585,0.118343,250.495,4,62.6237,0,3,2.10815e-06,1
21,661.0,685.62,7.00728,0.792021,20.0,52.3,1.0,annealing_T=125_h=25,present,reappeared,20.0,1256.6370614359173,annealing_T=125_h=25,T,20260827-053720,phase_detection,user_fixed_radius,user_fixed_radius,,20260827-053720,2.8618350756114728,False,4.58452,1.62249,4.58452,2.03708,0.0520612,0.136119,1.71071,0.159117,102.881,4,25.7203,0,3,1.39945e-05,1
21,661.0,685.62,2.03917,0.951786,20.0,53.3,2.0,annealing_T=125_h=25,present,reappeared,20.0,1256.6370614359173,annealing_T=125_h=25,T,20260827-053720,phase_detection,user_fixed_radius,user_fixed_radius,,20260827-053720,2.8618350756114728,False,1.88594,3.51771,3.51771,2.03708,0.0520612,0.136119,1.71071,0.159117,102.881,4,25.7203,0,3,1.39945e-05,1
21,661.0,685.62,20.7681,1.00365,20.0,54.3,3.0,annealing_T=125_h=25,present,reappeared,20.0,1256.6370614359173,annealing_T=125_h=25,T,20260827-053720,phase_detection,user_fixed_radius,user_fixed_radius,,20260827-053720,2.8618350756114728,False,0.4814,5.5866,5.5866,2.03708,0.0520612,0.136119,1.71071,0.159117,102.881,4,25.7203,0,3,1.39945e-05,1
21,661.0,685.62,27.2599,1.28077,20.0,55.3,4.0,annealing_T=125_h=25,present,reappeared,20.0,1256.6370614359173,annealing_T=125_h=25,T,20260827-053720,phase_detection,user_fixed_radius,user_fixed_radius,,20260827-053720,2.8618350756114728,False,2.2725,2.0138,2.2725,2.03708,0.0520612,0.136119,1.71071,0.159117,102.881,4,25.7203,0,3,1.39945e-05,1
21,661.0,685.62,42.1448,1.32699,20.0,56.3,5.0,annealing_T=125_h=25,present,reappeared,20.0,1256.6370614359173,annealing_T=125_h=25,T,20260827-053720,phase_detection,user_fixed_radius,user_fixed_radius,,20260827-053720,2.8618350756114728,False,4.1262,0.5483,4.1262,2.03708,0.0520612,0.136119,1.71071,0.159117,102.881,4,25.7203,0,3,1.39945e-05,1
21,661.0,685.62,91.6731,1.53549,20.0,58.3,7.0,annealing_T=125_h=25,present,reappeared,20.0,1256.6370614359173,annealing_T=125_h=25,T,20260827-053720,phase_detection,user_fixed_radius,user_fixed_radius,,20260827-053720,2.8618350756114728,False,1.508,3.6794,3.6794,2.03708,0.0520612,0.136119,1.71071,0.159117,102.881,4,25.7203,0,3,1.39945e-05,1
22,700.01,365.51,6.21265,0.955109,20.0,52.3,1.0,annealing_T=125_h=25,absent,absent,20.0,1256.6370614359173,annealing_T=75_h=5,T,20260520-085312,previous_detection,user_fixed_radius,user_fixed_radius,,20260827-053720,0.9900505037623704,False,3.28298,2.54283,3.28298,,,,,,,,,,,,0
22,700.01,365.51,1.93762,1.08227,20.0,53.3,2.0,annealing_T=125_h=25,absent,absent,20.0,1256.6370614359173,annealing_T=75_h=5,T,20260520-085312,previous_detection,user_fixed_radius,user_fixed_radius,,20260827-053720,0.9900505037623704,False,1.679351,2.07983,2.07983,,,,,,,,,,,,0
22,700.01,365.51,5.40526,1.1101,20.0,54.3,3.0,annealing_T=125_h=25,absent,absent,20.0,1256.6370614359173,annealing_T=75_h=5,T,20260520-085312,previous_detection,user_fixed_radius,user_fixed_radius,,20260827-053720,0.9900505037623704,False,6.19464,2.70628,6.19464,,,,,,,,,,,,0
22,700.01,365.51,-6.6388,1.36404,20.0,55.3,4.0,annealing_T=125_h=25,absent,absent,20.0,1256.6370614359173,annealing_T=75_h=5,T,20260520-085312,previous_detection,user_fixed_radius,user_fixed_radius,,20260827-053720,0.9900505037623704,False,3.369,3.87924,3.87924,,,,,,,,,,,,0
22,700.01,365.51,-7.51562,1.25695,20.0,56.3,5.0,annealing_T=125_h=25,absent,absent,20.0,1256.6370614359173,annealing_T=75_h=5,T,20260520-085312,previous_detection,user_fixed_radius,user_fixed_radius,,20260827-053720,0.9900505037623704,False,2.2715,1.38935,2.2715,,,,,,,,,,,,0
22,700.01,365.51,-19.8489,1.7141,20.0,58.3,7.0,annealing_T=125_h=25,absent,absent,20.0,1256.6370614359173,annealing_T=75_h=5,T,20260520-085312,previous_detection,user_fixed_radius,user_fixed_radius,,20260827-053720,0.9900505037623704,False,2.6901,8.1969,8.1969,,,,,,,,,,,,0
23,807.93,584.47,11.4637,1.23647,20.0,52.3,1.0,annealing_T=125_h=25,present,present,20.0,1256.6370614359173,annealing_T=125_h=25,T,20260827-053720,phase_detection,user_fixed_radius,user_fixed_radius,,20260827-053720,2.923354237857566,False,1.2595,0.9504,1.2595,1.66653,0.016187,0.101784,11.0529,0.310521,58.6139,4,14.6535,0,3,5.9256e-08,1
23,807.93,584.47,39.8958,1.44011,20.0,53.3,2.0,annealing_T=125_h=25,present,present,20.0,1256.6370614359173,annealing_T=125_h=25,T,20260827-053720,phase_detection,user_fixed_radius,user_fixed_radius,,20260827-053720,2.923354237857566,False,0.3914,0.152,0.3914,1.66653,0.016187,0.101784,11.0529,0.310521,58.6139,4,14.6535,0,3,5.9256e-08,1
23,807.93,584.47,64.6387,1.28782,20.0,54.3,3.0,annealing_T=125_h=25,present,present,20.0,1256.6370614359173,annealing_T=125_h=25,T,20260827-053720,phase_detection,user_fixed_radius,user_fixed_radius,,20260827-053720,2.923354237857566,False,5.0435,4.05,5.0435,1.66653,0.016187,0.101784,11.0529,0.310521,58.6139,4,14.6535,0,3,5.9256e-08,1
23,807.93,584.47,106.734,1.51427,20.0,55.3,4.0,annealing_T=125_h=25,present,present,20.0,1256.6370614359173,annealing_T=125_h=25,T,20260827-053720,phase_detection,user_fixed_radius,user_fixed_radius,,20260827-053720,2.923354237857566,False,7.1,2.556,7.1,1.66653,0.016187,0.101784,11.0529,0.310521,58.6139,4,14.6535,0,3,5.9256e-08,1
23,807.93,584.47,169.526,1.59121,20.0,56.3,5.0,annealing_T=125_h=25,present,present,20.0,1256.6370614359173,annealing_T=125_h=25,T,20260827-053720,phase_detection,user_fixed_radius,user_fixed_radius,,20260827-053720,2.923354237857566,False,4.019,2.577,4.019,1.66653,0.016187,0.101784,11.0529,0.310521,58.6139,4,14.6535,0,3,5.9256e-08,1
23,807.93,584.47,280.658,1.90089,20.0,58.3,7.0,annealing_T=125_h=25,present,present,20.0,1256.6370614359173,annealing_T=125_h=25,T,20260827-053720,phase_detection,user_fixed_radius,user_fixed_radius,,20260827-053720,2.923354237857566,False,12.583,18.042,18.042,1.66653,0.016187,0.101784,11.0529,0.310521,58.6139,4,14.6535,0,3,5.9256e-08,1
24,814.95,313.48,-7.16521,1.22953,20.0,52.3,1.0,annealing_T=125_h=25,absent,disappeared,20.0,1256.6370614359173,annealing_T=125_h=5,T,20260723-075232,previous_detection,user_fixed_radius,user_fixed_radius,,20260827-053720,2.3287979732040607,False,5.01599,2.4498,5.01599,,,,,,,,,,,,0
24,814.95,313.48,-2.97158,1.19604,20.0,53.3,2.0,annealing_T=125_h=25,absent,disappeared,20.0,1256.6370614359173,annealing_T=125_h=5,T,20260723-075232,previous_detection,user_fixed_radius,user_fixed_radius,,20260827-053720,2.3287979732040607,False,6.80194,3.142636,6.80194,,,,,,,,,,,,0
24,814.95,313.48,-4.95202,1.19888,20.0,54.3,3.0,annealing_T=125_h=25,absent,disappeared,20.0,1256.6370614359173,annealing_T=125_h=5,T,20260723-075232,previous_detection,user_fixed_radius,user_fixed_radius,,20260827-053720,2.3287979732040607,False,3.34692,0.90623,3.34692,,,,,,,,,,,,0
24,814.95,313.48,-10.0014,1.376,20.0,55.3,4.0,annealing_T=125_h=25,absent,disappeared,20.0,1256.6370614359173,annealing_T=125_h=5,T,20260723-075232,previous_detection,user_fixed_radius,user_fixed_radius,,20260827-053720,2.3287979732040607,False,4.264,1.27699,4.264,,,,,,,,,,,,0
24,814.95,313.48,-3.72253,1.45189,20.0,56.3,5.0,annealing_T=125_h=25,absent,disappeared,20.0,1256.6370614359173,annealing_T=125_h=5,T,20260723-075232,previous_detection,user_fixed_radius,user_fixed_radius,,20260827-053720,2.3287979732040607,False,1.53687,0.71464,1.53687,,,,,,,,,,,,0
24,814.95,313.48,-35.3549,1.9793,20.0,58.3,7.0,annealing_T=125_h=25,absent,disappeared,20.0,1256.6370614359173,annealing_T=125_h=5,T,20260723-075232,previous_detection,user_fixed_radius,user_fixed_radius,,20260827-053720,2.3287979732040607,False,11.6524,15.5614,15.5614,,,,,,,,,,,,0
25,868.08,1004.86,1.55656,1.07976,20.0,52.3,1.0,annealing_T=125_h=25,present,present,20.0,1256.6370614359173,annealing_T=125_h=25,T,20260827-053720,phase_detection,user_fixed_radius,user_fixed_radius,,20260827-053720,2.6967573120323376,False,3.41119,1.10239,3.41119,1.68235,0.0493286,0.18726,3.40833,0.289142,28.5477,4,7.13692,0,3,2.20419e-08,1
25,868.08,1004.86,14.5097,1.12493,20.0,53.3,2.0,annealing_T=125_h=25,present,present,20.0,1256.6370614359173,annealing_T=125_h=25,T,20260827-053720,phase_detection,user_fixed_radius,user_fixed_radius,,20260827-053720,2.6967573120323376,False,7.19864,1.1255,7.19864,1.68235,0.0493286,0.18726,3.40833,0.289142,28.5477,4,7.13692,0,3,2.20419e-08,1
25,868.08,1004.86,23.1854,1.27235,20.0,54.3,3.0,annealing_T=125_h=25,present,present,20.0,1256.6370614359173,annealing_T=125_h=25,T,20260827-053720,phase_detection,user_fixed_radius,user_fixed_radius,,20260827-053720,2.6967573120323376,False,0.9417,0.994,0.994,1.68235,0.0493286,0.18726,3.40833,0.289142,28.5477,4,7.13692,0,3,2.20419e-08,1
25,868.08,1004.86,34.1409,1.35897,20.0,55.3,4.0,annealing_T=125_h=25,present,present,20.0,1256.6370614359173,annealing_T=125_h=25,T,20260827-053720,phase_detection,user_fixed_radius,user_fixed_radius,,20260827-053720,2.6967573120323376,False,2.1278,1.2251,2.1278,1.68235,0.0493286,0.18726,3.40833,0.289142,28.5477,4,7.13692,0,3,2.20419e-08,1
25,868.08,1004.86,45.812,1.60444,20.0,56.3,5.0,annealing_T=125_h=25,present,present,20.0,1256.6370614359173,annealing_T=125_h=25,T,20260827-053720,phase_detection,user_fixed_radius,user_fixed_radius,,20260827-053720,2.6967573120323376,False,1.3107,6.7096,6.7096,1.68235,0.0493286,0.18726,3.40833,0.289142,28.5477,4,7.13692,0,3,2.20419e-08,1
25,868.08,1004.86,93.1144,1.9006,20.0,58.3,7.0,annealing_T=125_h=25,present,present,20.0,1256.6370614359173,annealing_T=125_h=25,T,20260827-053720,phase_detection,user_fixed_radius,user_fixed_radius,,20260827-053720,2.6967573120323376,False,3.2739,4.8364,4.8364,1.68235,0.0493286,0.18726,3.40833,0.289142,28.5477,4,7.13692,0,3,2.20419e-08,1
26,1006.42,121.5,-0.658468,1.08774,20.0,52.3,1.0,annealing_T=125_h=25,absent,absent,20.0,1256.6370614359173,annealing_T=100_h=25,T,20260625-095817,previous_detection,user_fixed_radius,user_fixed_radius,,20260827-053720,1.6824387061643835,False,2.254008,1.421222,2.254008,,,,,,,,,,,,0
26,1006.42,121.5,1.29158,1.3176,20.0,53.3,2.0,annealing_T=125_h=25,absent,absent,20.0,1256.6370614359173,annealing_T=100_h=25,T,20260625-095817,previous_detection,user_fixed_radius,user_fixed_radius,,20260827-053720,1.6824387061643835,False,1.45975,5.47127,5.47127,,,,,,,,,,,,0
26,1006.42,121.5,5.67031,1.2766,20.0,54.3,3.0,annealing_T=125_h=25,absent,absent,20.0,1256.6370614359173,annealing_T=100_h=25,T,20260625-095817,previous_detection,user_fixed_radius,user_fixed_radius,,20260827-053720,1.6824387061643835,False,0.82838,1.45158,1.45158,,,,,,,,,,,,0
26,1006.42,121.5,1.40314,1.28754,20.0,55.3,4.0,annealing_T=125_h=25,absent,absent,20.0,1256.6370614359173,annealing_T=100_h=25,T,20260625-095817,previous_detection,user_fixed_radius,user_fixed_radius,,20260827-053720,1.6824387061643835,False,4.42014,1.619688,4.42014,,,,,,,,,,,,0
26,1006.42,121.5,7.01005,1.34626,20.0,56.3,5.0,annealing_T=125_h=25,absent,absent,20.0,1256.6370614359173,annealing_T=100_h=25,T,20260625-095817,previous_detection,user_fixed_radius,user_fixed_radius,,20260827-053720,1.6824387061643835,False,2.72736,3.76805,3.76805,,,,,,,,,,,,0
26,1006.42,121.5,15.8025,1.62571,20.0,58.3,7.0,annealing_T=125_h=25,absent,absent,20.0,1256.6370614359173,annealing_T=100_h=25,T,20260625-095817,previous_detection,user_fixed_radius,user_fixed_radius,,20260827-053720,1.6824387061643835,False,1.1259,2.8891,2.8891,,,,,,,,,,,,0
27,1048.0,954.9,10.2551,1.22444,20.0,52.3,1.0,annealing_T=125_h=25,present,present,20.0,1256.6370614359173,annealing_T=125_h=25,T,20260827-053720,phase_detection,user_fixed_radius,user_fixed_radius,,20260827-053720,2.3213142829010547,False,2.7071,1.21914,2.7071,7.95028,0.54663,0.890837,8.81213e-05,9.34114e-05,545.081,4,136.27,0,3,9.69876e-07,1
27,1048.0,954.9,12.6832,1.24551,20.0,53.3,2.0,annealing_T=125_h=25,present,present,20.0,1256.6370614359173,annealing_T=125_h=25,T,20260827-053720,phase_detection,user_fixed_radius,user_fixed_radius,,20260827-053720,2.3213142829010547,False,1.9582,1.1077,1.9582,7.95028,0.54663,0.890837,8.81213e-05,9.34114e-05,545.081,4,136.27,0,3,9.69876e-07,1
27,1048.0,954.9,15.4799,1.40555,20.0,54.3,3.0,annealing_T=125_h=25,present,present,20.0,1256.6370614359173,annealing_T=125_h=25,T,20260827-053720,phase_detection,user_fixed_radius,user_fixed_radius,,20260827-053720,2.3213142829010547,False,0.6983,1.8563,1.8563,7.95028,0.54663,0.890837,8.81213e-05,9.34114e-05,545.081,4,136.27,0,3,9.69876e-07,1
27,1048.0,954.9,25.4805,1.35319,20.0,55.3,4.0,annealing_T=125_h=25,present,present,20.0,1256.6370614359173,annealing_T=125_h=25,T,20260827-053720,phase_detection,user_fixed_radius,user_fixed_radius,,20260827-053720,2.3213142829010547,False,0.4907,1.3531,1.3531,7.95028,0.54663,0.890837,8.81213e-05,9.34114e-05,545.081,4,136.27,0,3,9.69876e-07,1
27,1048.0,954.9,20.6926,1.79368,20.0,56.3,5.0,annealing_T=125_h=25,present,present,20.0,1256.6370614359173,annealing_T=125_h=25,T,20260827-053720,phase_detection,user_fixed_radius,user_fixed_radius,,20260827-053720,2.3213142829010547,False,1.3532,7.3773,7.3773,7.95028,0.54663,0.890837,8.81213e-05,9.34114e-05,545.081,4,136.27,0,3,9.69876e-07,1
27,1048.0,954.9,462.51,3.69114,20.0,58.3,7.0,annealing_T=125_h=25,present,present,20.0,1256.6370614359173,annealing_T=125_h=25,T,20260827-053720,phase_detection,user_fixed_radius,user_fixed_radius,,20260827-053720,2.3213142829010547,False,6.509,9.405,9.405,7.95028,0.54663,0.890837,8.81213e-05,9.34114e-05,545.081,4,136.27,0,3,9.69876e-07,1
28,1049.48,802.35,4.40275,1.00865,20.0,52.3,1.0,annealing_T=125_h=25,absent,disappeared,20.0,1256.6370614359173,annealing_T=125_h=5,T,20260723-075232,previous_detection,user_fixed_radius,user_fixed_radius,,20260827-053720,2.8511225859298706,False,3.17053,1.85545,3.17053,,,,,,,,,,,,0
28,1049.48,802.35,-2.23176,1.22343,20.0,53.3,2.0,annealing_T=125_h=25,absent,disappeared,20.0,1256.6370614359173,annealing_T=125_h=5,T,20260723-075232,previous_detection,user_fixed_radius,user_fixed_radius,,20260827-053720,2.8511225859298706,False,2.53283,1.4069,2.53283,,,,,,,,,,,,0
28,1049.48,802.35,5.10034,1.29029,20.0,54.3,3.0,annealing_T=125_h=25,absent,disappeared,20.0,1256.6370614359173,annealing_T=125_h=5,T,20260723-075232,previous_detection,user_fixed_radius,user_fixed_radius,,20260827-053720,2.8511225859298706,False,2.41547,1.55711,2.41547,,,,,,,,,,,,0
28,1049.48,802.35,4.52862,1.33497,20.0,55.3,4.0,annealing_T=125_h=25,absent,disappeared,20.0,1256.6370614359173,annealing_T=125_h=5,T,20260723-075232,previous_detection,user_fixed_radius,user_fixed_radius,,20260827-053720,2.8511225859298706,False,3.97128,1.50929,3.97128,,,,,,,,,,,,0
28,1049.48,802.35,5.04595,1.45175,20.0,56.3,5.0,annealing_T=125_h=25,absent,disappeared,20.0,1256.6370614359173,annealing_T=125_h=5,T,20260723-075232,previous_detection,user_fixed_radius,user_fixed_radius,,20260827-053720,2.8511225859298706,False,9.90186,0.99844,9.90186,,,,,,,,,,,,0
28,1049.48,802.35,14.3509,1.70977,20.0,58.3,7.0,annealing_T=125_h=25,absent,disappeared,20.0,1256.6370614359173,annealing_T=125_h=5,T,20260723-075232,previous_detection,user_fixed_radius,user_fixed_radius,,20260827-053720,2.8511225859298706,False,8.6202,4.4296,8.6202,,,,,,,,,,,,0
29,1067.72,233.48,-3.73792,0.943422,20.0,52.3,1.0,annealing_T=125_h=25,absent,absent,20.0,1256.6370614359173,annealing_T=100_h=25,T,20260625-095817,previous_detection,user_fixed_radius,user_fixed_radius,,20260827-053720,1.047091209016688,False,2.33191,4.179769,4.179769,,,,,,,,,,,,0
29,1067.72,233.48,-7.39979,1.08853,20.0,53.3,2.0,annealing_T=125_h=25,absent,absent,20.0,1256.6370614359173,annealing_T=100_h=25,T,20260625-095817,previous_detection,user_fixed_radius,user_fixed_radius,,20260827-053720,1.047091209016688,False,1.60454,0.18537,1.60454,,,,,,,,,,,,0
29,1067.72,233.48,-2.20246,1.04842,20.0,54.3,3.0,annealing_T=125_h=25,absent,absent,20.0,1256.6370614359173,annealing_T=100_h=25,T,20260625-095817,previous_detection,user_fixed_radius,user_fixed_radius,,20260827-053720,1.047091209016688,False,2.03165,3.46655,3.46655,,,,,,,,,,,,0
29,1067.72,233.48,-4.4655,1.07462,20.0,55.3,4.0,annealing_T=125_h=25,absent,absent,20.0,1256.6370614359173,annealing_T=100_h=25,T,20260625-095817,previous_detection,user_fixed_radius,user_fixed_radius,,20260827-053720,1.047091209016688,False,2.38113,5.167119,5.167119,,,,,,,,,,,,0
29,1067.72,233.48,0.265391,1.29132,20.0,56.3,5.0,annealing_T=125_h=25,absent,absent,20.0,1256.6370614359173,annealing_T=100_h=25,T,20260625-095817,previous_detection,user_fixed_radius,user_fixed_radius,,20260827-053720,1.047091209016688,False,0.927839,2.002479,2.002479,,,,,,,,,,,,0
29,1067.72,233.48,-3.92092,1.38948,20.0,58.3,7.0,annealing_T=125_h=25,absent,absent,20.0,1256.6370614359173,annealing_T=100_h=25,T,20260625-095817,previous_detection,user_fixed_radius,user_fixed_radius,,20260827-053720,1.047091209016688,False,5.80772,2.44085,5.80772,,,,,,,,,,,,0
30,1087.11,909.07,10.6114,1.05449,20.0,52.3,1.0,annealing_T=125_h=25,absent,absent,20.0,1256.6370614359173,annealing_T=75_h=25,T,20260530-001924,previous_detection,user_fixed_radius,user_fixed_radius,,20260827-053720,1.4263590010933276,False,5.4465,2.93406,5.4465,,,,,,,,,,,,0
30,1087.11,909.07,-2.89832,1.20213,20.0,53.3,2.0,annealing_T=125_h=25,absent,absent,20.0,1256.6370614359173,annealing_T=75_h=25,T,20260530-001924,previous_detection,user_fixed_radius,user_fixed_radius,,20260827-053720,1.4263590010933276,False,4.64961,0.52443,4.64961,,,,,,,,,,,,0
30,1087.11,909.07,1.60727,1.1987,20.0,54.3,3.0,annealing_T=125_h=25,absent,absent,20.0,1256.6370614359173,annealing_T=75_h=25,T,20260530-001924,previous_detection,user_fixed_radius,user_fixed_radius,,20260827-053720,1.4263590010933276,False,2.61186,0.885265,2.61186,,,,,,,,,,,,0
30,1087.11,909.07,2.74593,1.34125,20.0,55.3,4.0,annealing_T=125_h=25,absent,absent,20.0,1256.6370614359173,annealing_T=75_h=25,T,20260530-001924,previous_detection,user_fixed_radius,user_fixed_radius,,20260827-053720,1.4263590010933276,False,1.72745,0.2221,1.72745,,,,,,,,,,,,0
30,1087.11,909.07,-8.71283,1.25296,20.0,56.3,5.0,annealing_T=125_h=25,absent,absent,20.0,1256.6370614359173,annealing_T=75_h=25,T,20260530-001924,previous_detection,user_fixed_radius,user_fixed_radius,,20260827-053720,1.4263590010933276,False,3.25236,3.69429,3.69429,,,,,,,,,,,,0
30,1087.11,909.07,-12.8868,1.78869,20.0,58.3,7.0,annealing_T=125_h=25,absent,absent,20.0,1256.6370614359173,annealing_T=75_h=25,T,20260530-001924,previous_detection,user_fixed_radius,user_fixed_radius,,20260827-053720,1.4263590010933276,False,0.4734,7.60527,7.60527,,,,,,,,,,,,0
31,1088.99,685.34,10.3093,0.825737,20.0,52.3,1.0,annealing_T=125_h=25,present,present,20.0,1256.6370614359173,annealing_T=125_h=25,T,20260827-053720,phase_detection,user_fixed_radius,user_fixed_radius,,20260827-053720,2.330085835328746,False,1.1842,3.44304,3.44304,2.26888,0.026053,0.109556,2.57716,0.120083,171.062,4,42.7655,0,3,2.92233e-07,1
31,1088.99,685.34,14.9851,1.15365,20.0,53.3,2.0,annealing_T=125_h=25,present,present,20.0,1256.6370614359173,annealing_T=125_h=25,T,20260827-053720,phase_detection,user_fixed_radius,user_fixed_radius,,20260827-053720,2.330085835328746,False,2.6785,4.9405,4.9405,2.26888,0.026053,0.109556,2.57716,0.120083,171.062,4,42.7655,0,3,2.92233e-07,1
31,1088.99,685.34,35.5309,0.98948,20.0,54.3,3.0,annealing_T=125_h=25,present,present,20.0,1256.6370614359173,annealing_T=125_h=25,T,20260827-053720,phase_detection,user_fixed_radius,user_fixed_radius,,20260827-053720,2.330085835328746,False,4.4088,0.1974,4.4088,2.26888,0.026053,0.109556,2.57716,0.120083,171.062,4,42.7655,0,3,2.92233e-07,1
31,1088.99,685.34,59.1162,1.17161,20.0,55.3,4.0,annealing_T=125_h=25,present,present,20.0,1256.6370614359173,annealing_T=125_h=25,T,20260827-053720,phase_detection,user_fixed_radius,user_fixed_radius,,20260827-053720,2.330085835328746,False,1.646,2.3858,2.3858,2.26888,0.026053,0.109556,2.57716,0.120083,171.062,4,42.7655,0,3,2.92233e-07,1
31,1088.99,685.34,90.518,1.25585,20.0,56.3,5.0,annealing_T=125_h=25,present,present,20.0,1256.6370614359173,annealing_T=125_h=25,T,20260827-053720,phase_detection,user_fixed_radius,user_fixed_radius,,20260827-053720,2.330085835328746,False,3.0239,1.1352,3.0239,2.26888,0.026053,0.109556,2.57716,0.120083,171.062,4,42.7655,0,3,2.92233e-07,1
31,1088.99,685.34,218.219,1.66456,20.0,58.3,7.0,annealing_T=125_h=25,present,present,20.0,1256.6370614359173,annealing_T=125_h=25,T,20260827-053720,phase_detection,user_fixed_radius,user_fixed_radius,,20260827-053720,2.330085835328746,False,0.89,7.124,7.124,2.26888,0.026053,0.109556,2.57716,0.120083,171.062,4,42.7655,0,3,2.92233e-07,1
32,1149.73,426.21,8.45766,1.00319,20.0,52.3,1.0,annealing_T=125_h=25,present,present,20.0,1256.6370614359173,annealing_T=125_h=25,T,20260827-053720,phase_detection,user_fixed_radius,user_fixed_radius,,20260827-053720,2.908367239534927,False,9.35634,1.6082,9.35634,1.89575,0.088087,0.229715,1.73685,0.271143,510.138,4,127.534,0,3,3.74648e-08,1
32,1149.73,426.21,21.0981,1.05551,20.0,53.3,2.0,annealing_T=125_h=25,present,present,20.0,1256.6370614359173,annealing_T=125_h=25,T,20260827-053720,phase_detection,user_fixed_radius,user_fixed_radius,,20260827-053720,2.908367239534927,False,3.4975,2.7603,3.4975,1.89575,0.088087,0.229715,1.73685,0.271143,510.138,4,127.534,0,3,3.74648e-08,1
32,1149.73,426.21,20.8319,1.10488,20.0,54.3,3.0,annealing_T=125_h=25,present,present,20.0,1256.6370614359173,annealing_T=125_h=25,T,20260827-053720,phase_detection,user_fixed_radius,user_fixed_radius,,20260827-053720,2.908367239534927,False,2.2334,0.7723,2.2334,1.89575,0.088087,0.229715,1.73685,0.271143,510.138,4,127.534,0,3,3.74648e-08,1
32,1149.73,426.21,7.55592,1.17815,20.0,55.3,4.0,annealing_T=125_h=25,present,present,20.0,1256.6370614359173,annealing_T=125_h=25,T,20260827-053720,phase_detection,user_fixed_radius,user_fixed_radius,,20260827-053720,2.908367239534927,False,8.370118,7.35458,8.370118,1.89575,0.088087,0.229715,1.73685,0.271143,510.138,4,127.534,0,3,3.74648e-08,1
32,1149.73,426.21,30.8861,1.42055,20.0,56.3,5.0,annealing_T=125_h=25,present,present,20.0,1256.6370614359173,annealing_T=125_h=25,T,20260827-053720,phase_detection,user_fixed_radius,user_fixed_radius,,20260827-053720,2.908367239534927,False,1.524,1.0595,1.524,1.89575,0.088087,0.229715,1.73685,0.271143,510.138,4,127.534,0,3,3.74648e-08,1
32,1149.73,426.21,76.2996,1.47899,20.0,58.3,7.0,annealing_T=125_h=25,present,present,20.0,1256.6370614359173,annealing_T=125_h=25,T,20260827-053720,phase_detection,user_fixed_radius,user_fixed_radius,,20260827-053720,2.908367239534927,False,6.1982,2.5141,6.1982,1.89575,0.088087,0.229715,1.73685,0.271143,510.138,4,127.534,0,3,3.74648e-08,1
33,1169.88,237.43,59.5028,0.855812,20.0,52.3,1.0,annealing_T=125_h=25,present,present,20.0,1256.6370614359173,annealing_T=125_h=25,T,20260827-053720,phase_detection,user_fixed_radius,user_fixed_radius,,20260827-053720,2.3789493479265578,False,2.4917,5.6768,5.6768,1.54961,0.0027914,0.0251498,66.1152,0.296719,787.633,4,196.908,0,3,7.10018e-08,1
33,1169.88,237.43,208.09,0.8853,20.0,53.3,2.0,annealing_T=125_h=25,present,present,20.0,1256.6370614359173,annealing_T=125_h=25,T,20260827-053720,phase_detection,user_fixed_radius,user_fixed_radius,,20260827-053720,2.3789493479265578,False,3.707,5.215,5.215,1.54961,0.0027914,0.0251498,66.1152,0.296719,787.633,4,196.908,0,3,7.10018e-08,1
33,1169.88,237.43,368.111,1.06578,20.0,54.3,3.0,annealing_T=125_h=25,present,present,20.0,1256.6370614359173,annealing_T=125_h=25,T,20260827-053720,phase_detection,user_fixed_radius,user_fixed_radius,,20260827-053720,2.3789493479265578,False,0.798,4.97,4.97,1.54961,0.0027914,0.0251498,66.1152,0.296719,787.633,4,196.908,0,3,7.10018e-08,1
33,1169.88,237.43,553.326,1.31174,20.0,55.3,4.0,annealing_T=125_h=25,present,present,20.0,1256.6370614359173,annealing_T=125_h=25,T,20260827-053720,phase_detection,user_fixed_radius,user_fixed_radius,,20260827-053720,2.3789493479265578,False,1.536,0.007,1.536,1.54961,0.0027914,0.0251498,66.1152,0.296719,787.633,4,196.908,0,3,7.10018e-08,1
33,1169.88,237.43,777.6,1.62957,20.0,56.3,5.0,annealing_T=125_h=25,present,present,20.0,1256.6370614359173,annealing_T=125_h=25,T,20260827-053720,phase_detection,user_fixed_radius,user_fixed_radius,,20260827-053720,2.3789493479265578,False,11.363,11.287,11.363,1.54961,0.0027914,0.0251498,66.1152,0.296719,787.633,4,196.908,0,3,7.10018e-08,1
33,1169.88,237.43,1375.33,2.33584,20.0,58.3,7.0,annealing_T=125_h=25,present,present,20.0,1256.6370614359173,annealing_T=125_h=25,T,20260827-053720,phase_detection,user_fixed_radius,user_fixed_radius,,20260827-053720,2.3789493479265578,False,23.59,37.65,37.65,1.54961,0.0027914,0.0251498,66.1152,0.296719,787.633,4,196.908,0,3,7.10018e-08,1
34,1174.87,928.02,8.81085,0.908148,20.0,52.3,1.0,annealing_T=125_h=25,absent,disappeared,20.0,1256.6370614359173,annealing_T=125_h=5,T,20260723-075232,previous_detection,user_fixed_radius,user_fixed_radius,,20260827-053720,2.537892826736421,False,0.84865,5.07138,5.07138,,,,,,,,,,,,0
34,1174.87,928.02,1.0478,0.940278,20.0,53.3,2.0,annealing_T=125_h=25,absent,disappeared,20.0,1256.6370614359173,annealing_T=125_h=5,T,20260723-075232,previous_detection,user_fixed_radius,user_fixed_radius,,20260827-053720,2.537892826736421,False,0.6881,2.24445,2.24445,,,,,,,,,,,,0
34,1174.87,928.02,3.34112,1.14551,20.0,54.3,3.0,annealing_T=125_h=25,absent,disappeared,20.0,1256.6370614359173,annealing_T=125_h=5,T,20260723-075232,previous_detection,user_fixed_radius,user_fixed_radius,,20260827-053720,2.537892826736421,False,4.62949,0.88848,4.62949,,,,,,,,,,,,0
34,1174.87,928.02,10.3904,1.1286,20.0,55.3,4.0,annealing_T=125_h=25,absent,disappeared,20.0,1256.6370614359173,annealing_T=125_h=5,T,20260723-075232,previous_detection,user_fixed_radius,user_fixed_radius,,20260827-053720,2.537892826736421,False,2.82242,1.6747,2.82242,,,,,,,,,,,,0
34,1174.87,928.02,34.95,1.38182,20.0,56.3,5.0,annealing_T=125_h=25,absent,disappeared,20.0,1256.6370614359173,annealing_T=125_h=5,T,20260723-075232,previous_detection,user_fixed_radius,user_fixed_radius,,20260827-053720,2.537892826736421,False,4.2586,2.2389,4.2586,,,,,,,,,,,,0
34,1174.87,928.02,50.2579,1.52533,20.0,58.3,7.0,annealing_T=125_h=25,absent,disappeared,20.0,1256.6370614359173,annealing_T=125_h=5,T,20260723-075232,previous_detection,user_fixed_radius,user_fixed_radius,,20260827-053720,2.537892826736421,False,6.9281,8.2737,8.2737,,,,,,,,,,,,0
35,1179.85,592.88,-6.69961,0.922617,20.0,52.3,1.0,annealing_T=125_h=25,absent,absent,20.0,1256.6370614359173,annealing_T=75_h=25,T,20260530-001924,previous_detection,user_fixed_radius,user_fixed_radius,,20260827-053720,0.898276126811864,False,0.67377,1.63855,1.63855,,,,,,,,,,,,0
35,1179.85,592.88,3.67174,1.09637,20.0,53.3,2.0,annealing_T=125_h=25,absent,absent,20.0,1256.6370614359173,annealing_T=75_h=25,T,20260530-001924,previous_detection,user_fixed_radius,user_fixed_radius,,20260827-053720,0.898276126811864,False,2.83828,0.94875,2.83828,,,,,,,,,,,,0
35,1179.85,592.88,11.3643,1.16297,20.0,54.3,3.0,annealing_T=125_h=25,absent,absent,20.0,1256.6370614359173,annealing_T=75_h=25,T,20260530-001924,previous_detection,user_fixed_radius,user_fixed_radius,,20260827-053720,0.898276126811864,False,1.4597,5.90032,5.90032,,,,,,,,,,,,0
35,1179.85,592.88,-2.06191,1.16785,20.0,55.3,4.0,annealing_T=125_h=25,absent,absent,20.0,1256.6370614359173,annealing_T=75_h=25,T,20260530-001924,previous_detection,user_fixed_radius,user_fixed_radius,,20260827-053720,0.898276126811864,False,5.51743,6.50667,6.50667,,,,,,,,,,,,0
35,1179.85,592.88,20.7039,1.21442,20.0,56.3,5.0,annealing_T=125_h=25,absent,absent,20.0,1256.6370614359173,annealing_T=75_h=25,T,20260530-001924,previous_detection,user_fixed_radius,user_fixed_radius,,20260827-053720,0.898276126811864,False,7.0779,4.7704,7.0779,,,,,,,,,,,,0
35,1179.85,592.88,31.0215,1.55783,20.0,58.3,7.0,annealing_T=125_h=25,absent,absent,20.0,1256.6370614359173,annealing_T=75_h=25,T,20260530-001924,previous_detection,user_fixed_radius,user_fixed_radius,,20260827-053720,0.898276126811864,False,6.7145,7.4385,7.4385,,,,,,,,,,,,0
36,1227.31,669.2,7.05838,1.09691,20.0,52.3,1.0,annealing_T=125_h=25,absent,absent,20.0,1256.6370614359173,annealing_T=75_h=25,T,20260530-001924,previous_detection,user_fixed_radius,user_fixed_radius,,20260827-053720,2.1856349191940185,False,0.85685,1.88684,1.88684,,,,,,,,,,,,0
36,1227.31,669.2,-6.26967,1.11151,20.0,53.3,2.0,annealing_T=125_h=25,absent,absent,20.0,1256.6370614359173,annealing_T=75_h=25,T,20260530-001924,previous_detection,user_fixed_radius,user_fixed_radius,,20260827-053720,2.1856349191940185,False,4.07994,0.65605,4.07994,,,,,,,,,,,,0
36,1227.31,669.2,13.0201,1.26825,20.0,54.3,3.0,annealing_T=125_h=25,absent,absent,20.0,1256.6370614359173,annealing_T=75_h=25,T,20260530-001924,previous_detection,user_fixed_radius,user_fixed_radius,,20260827-053720,2.1856349191940185,False,0.0713,2.1095,2.1095,,,,,,,,,,,,0
36,1227.31,669.2,-6.78343,1.31389,20.0,55.3,4.0,annealing_T=125_h=25,absent,absent,20.0,1256.6370614359173,annealing_T=75_h=25,T,20260530-001924,previous_detection,user_fixed_radius,user_fixed_radius,,20260827-053720,2.1856349191940185,False,6.24907,4.0712,6.24907,,,,,,,,,,,,0
36,1227.31,669.2,-1.66137,1.44851,20.0,56.3,5.0,annealing_T=125_h=25,absent,absent,20.0,1256.6370614359173,annealing_T=75_h=25,T,20260530-001924,previous_detection,user_fixed_radius,user_fixed_radius,,20260827-053720,2.1856349191940185,False,5.35843,3.84252,5.35843,,,,,,,,,,,,0
36,1227.31,669.2,5.3398,1.66158,20.0,58.3,7.0,annealing_T=125_h=25,absent,absent,20.0,1256.6370614359173,annealing_T=75_h=25,T,20260530-001924,previous_detection,user_fixed_radius,user_fixed_radius,,20260827-053720,2.1856349191940185,False,2.09112,5.1158,5.1158,,,,,,,,,,,,0
37,1241.31,152.69,-4.39522,0.858285,20.0,52.3,1.0,annealing_T=125_h=25,absent,absent,20.0,1256.6370614359173,annealing_T=100_h=25,T,20260625-095817,previous_detection,user_fixed_radius,user_fixed_radius,,20260827-053720,1.833303030052608,False,1.3776,0.4451,1.3776,,,,,,,,,,,,0
37,1241.31,152.69,6.04016,0.93397,20.0,53.3,2.0,annealing_T=125_h=25,absent,absent,20.0,1256.6370614359173,annealing_T=100_h=25,T,20260625-095817,previous_detection,user_fixed_radius,user_fixed_radius,,20260827-053720,1.833303030052608,False,1.51059,3.14888,3.14888,,,,,,,,,,,,0
37,1241.31,152.69,3.32385,0.955253,20.0,54.3,3.0,annealing_T=125_h=25,absent,absent,20.0,1256.6370614359173,annealing_T=100_h=25,T,20260625-095817,previous_detection,user_fixed_radius,user_fixed_radius,,20260827-053720,1.833303030052608,False,1.38796,3.28951,3.28951,,,,,,,,,,,,0
37,1241.31,152.69,10.4007,1.14934,20.0,55.3,4.0,annealing_T=125_h=25,absent,absent,20.0,1256.6370614359173,annealing_T=100_h=25,T,20260625-095817,previous_detection,user_fixed_radius,user_fixed_radius,,20260827-053720,1.833303030052608,False,5.49647,1.3267,5.49647,,,,,,,,,,,,0
37,1241.31,152.69,18.3326,1.23618,20.0,56.3,5.0,annealing_T=125_h=25,absent,absent,20.0,1256.6370614359173,annealing_T=100_h=25,T,20260625-095817,previous_detection,user_fixed_radius,user_fixed_radius,,20260827-053720,1.833303030052608,False,2.8042,1.1858,2.8042,,,,,,,,,,,,0
37,1241.31,152.69,46.8346,1.50123,20.0,58.3,7.0,annealing_T=125_h=25,absent,absent,20.0,1256.6370614359173,annealing_T=100_h=25,T,20260625-095817,previous_detection,user_fixed_radius,user_fixed_radius,,20260827-053720,1.833303030052608,False,2.5296,2.4367,2.5296,,,,,,,,,,,,0
38,1243.96,481.74,-1.74464,0.816483,20.0,52.3,1.0,annealing_T=125_h=25,present,present,20.0,1256.6370614359173,annealing_T=125_h=25,T,20260827-053720,phase_detection,user_fixed_radius,user_fixed_radius,,20260827-053720,2.6218504915421166,False,1.76482,1.73854349,1.76482,1.84321,0.0840382,0.298049,1.10642,0.163248,84.581,4,21.1453,0,3,3.68315e-07,1
38,1243.96,481.74,-2.86435,1.04625,20.0,53.3,2.0,annealing_T=125_h=25,present,present,20.0,1256.6370614359173,annealing_T=125_h=25,T,20260827-053720,phase_detection,user_fixed_radius,user_fixed_radius,,20260827-053720,2.6218504915421166,False,1.47444,7.05153,7.05153,1.84321,0.0840382,0.298049,1.10642,0.163248,84.581,4,21.1453,0,3,3.68315e-07,1
38,1243.96,481.74,7.89549,1.01285,20.0,54.3,3.0,annealing_T=125_h=25,present,present,20.0,1256.6370614359173,annealing_T=125_h=25,T,20260827-053720,phase_detection,user_fixed_radius,user_fixed_radius,,20260827-053720,2.6218504915421166,False,2.42541,2.48161,2.48161,1.84321,0.0840382,0.298049,1.10642,0.163248,84.581,4,21.1453,0,3,3.68315e-07,1
38,1243.96,481.74,19.4597,1.04606,20.0,55.3,4.0,annealing_T=125_h=25,present,present,20.0,1256.6370614359173,annealing_T=125_h=25,T,20260827-053720,phase_detection,user_fixed_radius,user_fixed_radius,,20260827-053720,2.6218504915421166,False,4.9008,4.3129,4.9008,1.84321,0.0840382,0.298049,1.10642,0.163248,84.581,4,21.1453,0,3,3.68315e-07,1
38,1243.96,481.74,22.6881,1.23837,20.0,56.3,5.0,annealing_T=125_h=25,present,present,20.0,1256.6370614359173,annealing_T=125_h=25,T,20260827-053720,phase_detection,user_fixed_radius,user_fixed_radius,,20260827-053720,2.6218504915421166,False,7.8021,4.4636,7.8021,1.84321,0.0840382,0.298049,1.10642,0.163248,84.581,4,21.1453,0,3,3.68315e-07,1
38,1243.96,481.74,37.0713,1.50175,20.0,58.3,7.0,annealing_T=125_h=25,present,present,20.0,1256.6370614359173,annealing_T=125_h=25,T,20260827-053720,phase_detection,user_fixed_radius,user_fixed_radius,,20260827-053720,2.6218504915421166,False,0.4757,5.4554,5.4554,1.84321,0.0840382,0.298049,1.10642,0.163248,84.581,4,21.1453,0,3,3.68315e-07,1
39,1254.37,594.48,-0.965108,1.11714,20.0,52.3,1.0,annealing_T=125_h=25,absent,absent,20.0,1256.6370614359173,annealing_T=100_h=25,T,20260625-095817,previous_detection,user_fixed_radius,user_fixed_radius,,20260827-053720,1.34851770474101,False,1.802972,2.785162,2.785162,,,,,,,,,,,,0
39,1254.37,594.48,-6.05544,1.16682,20.0,53.3,2.0,annealing_T=125_h=25,absent,absent,20.0,1256.6370614359173,annealing_T=100_h=25,T,20260625-095817,previous_detection,user_fixed_radius,user_fixed_radius,,20260827-053720,1.34851770474101,False,1.72106,2.61506,2.61506,,,,,,,,,,,,0
39,1254.37,594.48,3.62481,1.44247,20.0,54.3,3.0,annealing_T=125_h=25,absent,absent,20.0,1256.6370614359173,annealing_T=100_h=25,T,20260625-095817,previous_detection,user_fixed_radius,user_fixed_radius,,20260827-053720,1.34851770474101,False,2.42483,2.04318,2.42483,,,,,,,,,,,,0
39,1254.37,594.48,-0.0426061,1.37841,20.0,55.3,4.0,annealing_T=125_h=25,absent,absent,20.0,1256.6370614359173,annealing_T=100_h=25,T,20260625-095817,previous_detection,user_fixed_radius,user_fixed_radius,,20260827-053720,1.34851770474101,False,9.4046739,3.6521761,9.4046739,,,,,,,,,,,,0
39,1254.37,594.48,0.184527,1.59858,20.0,56.3,5.0,annealing_T=125_h=25,absent,absent,20.0,1256.6370614359173,annealing_T=100_h=25,T,20260625-095817,previous_detection,user_fixed_radius,user_fixed_radius,,20260827-053720,1.34851770474101,False,1.171043,2.048747,2.048747,,,,,,,,,,,,0
39,1254.37,594.48,-10.2374,2.03222,20.0,58.3,7.0,annealing_T=125_h=25,absent,absent,20.0,1256.6370614359173,annealing_T=100_h=25,T,20260625-095817,previous_detection,user_fixed_radius,user_fixed_radius,,20260827-053720,1.34851770474101,False,1.5192,15.79894,15.79894,,,,,,,,,,,,0
40,1254.77,232.77,3.57703,0.667254,20.0,52.3,1.0,annealing_T=125_h=25,absent,absent,20.0,1256.6370614359173,before_annealing,T,20260513-032137,previous_detection,user_fixed_radius,user_fixed_radius,,20260827-053720,0.0,False,5.03151,0.29967,5.03151,,,,,,,,,,,,0
40,1254.77,232.77,-0.374779,0.825053,20.0,53.3,2.0,annealing_T=125_h=25,absent,absent,20.0,1256.6370614359173,before_annealing,T,20260513-032137,previous_detection,user_fixed_radius,user_fixed_radius,,20260827-053720,0.0,False,2.903589,0.3930172,2.903589,,,,,,,,,,,,0
40,1254.77,232.77,-0.590319,1.00256,20.0,54.3,3.0,annealing_T=125_h=25,absent,absent,20.0,1256.6370614359173,before_annealing,T,20260513-032137,previous_detection,user_fixed_radius,user_fixed_radius,,20260827-053720,0.0,False,2.486409,1.144515,2.486409,,,,,,,,,,,,0
40,1254.77,232.77,-14.1707,0.922944,20.0,55.3,4.0,annealing_T=125_h=25,absent,absent,20.0,1256.6370614359173,before_annealing,T,20260513-032137,previous_detection,user_fixed_radius,user_fixed_radius,,20260827-053720,0.0,False,9.8171,6.72785,9.8171,,,,,,,,,,,,0
40,1254.77,232.77,-8.09868,0.961066,20.0,56.3,5.0,annealing_T=125_h=25,absent,absent,20.0,1256.6370614359173,before_annealing,T,20260513-032137,previous_detection,user_fixed_radius,user_fixed_radius,,20260827-053720,0.0,False,5.26832,2.37232,5.26832,,,,,,,,,,,,0
40,1254.77,232.77,-16.576,1.17308,20.0,58.3,7.0,annealing_T=125_h=25,absent,absent,20.0,1256.6370614359173,before_annealing,T,20260513-032137,previous_detection,user_fixed_radius,user_fixed_radius,,20260827-053720,0.0,False,1.1834,5.5149,5.5149,,,,,,,,,,,,0
41,1266.74,410.95,4.74326,0.838735,20.0,52.3,1.0,annealing_T=125_h=25,present,present,20.0,1256.6370614359173,annealing_T=125_h=25,T,20260827-053720,phase_detection,user_fixed_radius,user_fixed_radius,,20260827-053720,2.253197727675042,False,3.76151,2.2439,3.76151,0.933012,0.057818,0.419348,5.31621,0.484227,172.664,4,43.166,0,3,3.71325e-08,1
41,1266.74,410.95,3.68188,1.05974,20.0,53.3,2.0,annealing_T=125_h=25,present,present,20.0,1256.6370614359173,annealing_T=125_h=25,T,20260827-053720,phase_detection,user_fixed_radius,user_fixed_radius,,20260827-053720,2.253197727675042,False,2.25634,0.50939,2.25634,0.933012,0.057818,0.419348,5.31621,0.484227,172.664,4,43.166,0,3,3.71325e-08,1
41,1266.74,410.95,27.6189,1.18708,20.0,54.3,3.0,annealing_T=125_h=25,present,present,20.0,1256.6370614359173,annealing_T=125_h=25,T,20260827-053720,phase_detection,user_fixed_radius,user_fixed_radius,,20260827-053720,2.253197727675042,False,4.4529,7.3244,7.3244,0.933012,0.057818,0.419348,5.31621,0.484227,172.664,4,43.166,0,3,3.71325e-08,1
41,1266.74,410.95,14.7562,1.13569,20.0,55.3,4.0,annealing_T=125_h=25,present,present,20.0,1256.6370614359173,annealing_T=125_h=25,T,20260827-053720,phase_detection,user_fixed_radius,user_fixed_radius,,20260827-053720,2.253197727675042,False,0.5833,3.0088,3.0088,0.933012,0.057818,0.419348,5.31621,0.484227,172.664,4,43.166,0,3,3.71325e-08,1
41,1266.74,410.95,25.1186,1.2467,20.0,56.3,5.0,annealing_T=125_h=25,present,present,20.0,1256.6370614359173,annealing_T=125_h=25,T,20260827-053720,phase_detection,user_fixed_radius,user_fixed_radius,,20260827-053720,2.253197727675042,False,4.8166,3.4693,4.8166,0.933012,0.057818,0.419348,5.31621,0.484227,172.664,4,43.166,0,3,3.71325e-08,1
41,1266.74,410.95,31.0606,1.55721,20.0,58.3,7.0,annealing_T=125_h=25,present,present,20.0,1256.6370614359173,annealing_T=125_h=25,T,20260827-053720,phase_detection,user_fixed_radius,user_fixed_radius,,20260827-053720,2.253197727675042,False,8.5441,4.5477,8.5441,0.933012,0.057818,0.419348,5.31621,0.484227,172.664,4,43.166,0,3,3.71325e-08,1
42,1287.25,874.13,4.4344,0.776411,20.0,52.3,1.0,annealing_T=125_h=25,absent,absent,20.0,1256.6370614359173,annealing_T=100_h=5,T,20260610-203538,previous_detection,user_fixed_radius,user_fixed_radius,,20260827-053720,0.5544366510251256,False,2.38389,1.21221,2.38389,,,,,,,,,,,,0
42,1287.25,874.13,-4.22272,0.843685,20.0,53.3,2.0,annealing_T=125_h=25,absent,absent,20.0,1256.6370614359173,annealing_T=100_h=5,T,20260610-203538,previous_detection,user_fixed_radius,user_fixed_radius,,20260827-053720,0.5544366510251256,False,3.46698,3.92658,3.92658,,,,,,,,,,,,0
42,1287.25,874.13,2.78767,0.824367,20.0,54.3,3.0,annealing_T=125_h=25,absent,absent,20.0,1256.6370614359173,annealing_T=100_h=5,T,20260610-203538,previous_detection,user_fixed_radius,user_fixed_radius,,20260827-053720,0.5544366510251256,False,6.77979,1.44859,6.77979,,,,,,,,,,,,0
42,1287.25,874.13,16.3367,0.940808,20.0,55.3,4.0,annealing_T=125_h=25,absent,absent,20.0,1256.6370614359173,annealing_T=100_h=5,T,20260610-203538,previous_detection,user_fixed_radius,user_fixed_radius,,20260827-053720,0.5544366510251256,False,1.0591,2.3094,2.3094,,,,,,,,,,,,0
42,1287.25,874.13,-0.734227,1.06229,20.0,56.3,5.0,annealing_T=125_h=25,absent,absent,20.0,1256.6370614359173,annealing_T=100_h=5,T,20260610-203538,previous_detection,user_fixed_radius,user_fixed_radius,,20260827-053720,0.5544366510251256,False,1.411923,4.687667,4.687667,,,,,,,,,,,,0
42,1287.25,874.13,15.2156,1.34681,20.0,58.3,7.0,annealing_T=125_h=25,absent,absent,20.0,1256.6370614359173,annealing_T=100_h=5,T,20260610-203538,previous_detection,user_fixed_radius,user_fixed_radius,,20260827-053720,0.5544366510251256,False,5.53987,2.5863,5.53987,,,,,,,,,,,,0
43,1293.13,318.49,-1.2383,0.771815,20.0,52.3,1.0,annealing_T=125_h=25,present,present,20.0,1256.6370614359173,annealing_T=125_h=25,T,20260827-053720,phase_detection,user_fixed_radius,user_fixed_radius,,20260827-053720,2.0677040407176652,False,1.16753,3.94837,3.94837,2.20135,0.0271692,0.125304,2.12969,0.104277,184.391,4,46.0978,0,3,6.69928e-08,1
43,1293.13,318.49,11.8125,0.829928,20.0,53.3,2.0,annealing_T=125_h=25,present,present,20.0,1256.6370614359173,annealing_T=125_h=25,T,20260827-053720,phase_detection,user_fixed_radius,user_fixed_radius,,20260827-053720,2.0677040407176652,False,3.5709,3.3415,3.5709,2.20135,0.0271692,0.125304,2.12969,0.104277,184.391,4,46.0978,0,3,6.69928e-08,1
43,1293.13,318.49,25.6839,0.81995,20.0,54.3,3.0,annealing_T=125_h=25,present,present,20.0,1256.6370614359173,annealing_T=125_h=25,T,20260827-053720,phase_detection,user_fixed_radius,user_fixed_radius,,20260827-053720,2.0677040407176652,False,7.3312,1.2995,7.3312,2.20135,0.0271692,0.125304,2.12969,0.104277,184.391,4,46.0978,0,3,6.69928e-08,1
43,1293.13,318.49,52.165,1.0279,20.0,55.3,4.0,annealing_T=125_h=25,present,present,20.0,1256.6370614359173,annealing_T=125_h=25,T,20260827-053720,phase_detection,user_fixed_radius,user_fixed_radius,,20260827-053720,2.0677040407176652,False,2.0314,1.1497,2.0314,2.20135,0.0271692,0.125304,2.12969,0.104277,184.391,4,46.0978,0,3,6.69928e-08,1
43,1293.13,318.49,63.1106,1.05086,20.0,56.3,5.0,annealing_T=125_h=25,present,present,20.0,1256.6370614359173,annealing_T=125_h=25,T,20260827-053720,phase_detection,user_fixed_radius,user_fixed_radius,,20260827-053720,2.0677040407176652,False,2.2739,1.7986,2.2739,2.20135,0.0271692,0.125304,2.12969,0.104277,184.391,4,46.0978,0,3,6.69928e-08,1
43,1293.13,318.49,157.718,1.26871,20.0,58.3,7.0,annealing_T=125_h=25,present,present,20.0,1256.6370614359173,annealing_T=125_h=25,T,20260827-053720,phase_detection,user_fixed_radius,user_fixed_radius,,20260827-053720,2.0677040407176652,False,2.144,1.733,2.144,2.20135,0.0271692,0.125304,2.12969,0.104277,184.391,4,46.0978,0,3,6.69928e-08,1
44,1320.24,72.75,-4.1758,0.953749,20.0,52.3,1.0,annealing_T=125_h=25,absent,absent,20.0,1256.6370614359173,annealing_T=100_h=25,T,20260625-095817,previous_detection,user_fixed_radius,user_fixed_radius,,20260827-053720,1.3905754204644842,False,6.85134,1.31565,6.85134,,,,,,,,,,,,0
44,1320.24,72.75,8.03166,0.912274,20.0,53.3,2.0,annealing_T=125_h=25,absent,absent,20.0,1256.6370614359173,annealing_T=100_h=25,T,20260625-095817,previous_detection,user_fixed_radius,user_fixed_radius,,20260827-053720,1.3905754204644842,False,1.1853,5.0645,5.0645,,,,,,,,,,,,0
44,1320.24,72.75,7.89793,1.16871,20.0,54.3,3.0,annealing_T=125_h=25,absent,absent,20.0,1256.6370614359173,annealing_T=100_h=25,T,20260625-095817,previous_detection,user_fixed_radius,user_fixed_radius,,20260827-053720,1.3905754204644842,False,0.93572,2.76829,2.76829,,,,,,,,,,,,0
44,1320.24,72.75,1.25923,1.06834,20.0,55.3,4.0,annealing_T=125_h=25,absent,absent,20.0,1256.6370614359173,annealing_T=100_h=25,T,20260625-095817,previous_detection,user_fixed_radius,user_fixed_radius,,20260827-053720,1.3905754204644842,False,2.41497,4.28666,4.28666,,,,,,,,,,,,0
44,1320.24,72.75,-1.90932,1.2631,20.0,56.3,5.0,annealing_T=125_h=25,absent,absent,20.0,1256.6370614359173,annealing_T=100_h=25,T,20260625-095817,previous_detection,user_fixed_radius,user_fixed_radius,,20260827-053720,1.3905754204644842,False,4.03859,1.632887,4.03859,,,,,,,,,,,,0
44,1320.24,72.75,11.2306,1.46195,20.0,58.3,7.0,annealing_T=125_h=25,absent,absent,20.0,1256.6370614359173,annealing_T=100_h=25,T,20260625-095817,previous_detection,user_fixed_radius,user_fixed_radius,,20260827-053720,1.3905754204644842,False,0.7873,0.3,0.7873,,,,,,,,,,,,0
45,1372.28,809.42,5.40224,0.87539,20.0,52.3,1.0,annealing_T=125_h=25,present,present,20.0,1256.6370614359173,annealing_T=125_h=25,T,20260827-053720,phase_detection,user_fixed_radius,user_fixed_radius,,20260827-053720,1.787176544161302,False,0.68172,1.13073,1.13073,4.51245,0.0656419,0.210346,0.0373311,0.00460913,443.854,4,110.964,0,3,3.36992e-07,1
45,1372.28,809.42,8.26677,0.916705,20.0,53.3,2.0,annealing_T=125_h=25,present,present,20.0,1256.6370614359173,annealing_T=125_h=25,T,20260827-053720,phase_detection,user_fixed_radius,user_fixed_radius,,20260827-053720,1.787176544161302,False,4.67533,0.06355,4.67533,4.51245,0.0656419,0.210346,0.0373311,0.00460913,443.854,4,110.964,0,3,3.36992e-07,1
45,1372.28,809.42,12.9523,0.975773,20.0,54.3,3.0,annealing_T=125_h=25,present,present,20.0,1256.6370614359173,annealing_T=125_h=25,T,20260827-053720,phase_detection,user_fixed_radius,user_fixed_radius,,20260827-053720,1.787176544161302,False,0.8106,2.762,2.762,4.51245,0.0656419,0.210346,0.0373311,0.00460913,443.854,4,110.964,0,3,3.36992e-07,1
45,1372.28,809.42,30.9057,0.977316,20.0,55.3,4.0,annealing_T=125_h=25,present,present,20.0,1256.6370614359173,annealing_T=125_h=25,T,20260827-053720,phase_detection,user_fixed_radius,user_fixed_radius,,20260827-053720,1.787176544161302,False,1.2833,0.9843,1.2833,4.51245,0.0656419,0.210346,0.0373311,0.00460913,443.854,4,110.964,0,3,3.36992e-07,1
45,1372.28,809.42,39.3716,1.18539,20.0,56.3,5.0,annealing_T=125_h=25,present,present,20.0,1256.6370614359173,annealing_T=125_h=25,T,20260827-053720,phase_detection,user_fixed_radius,user_fixed_radius,,20260827-053720,1.787176544161302,False,8.4106,0.5254,8.4106,4.51245,0.0656419,0.210346,0.0373311,0.00460913,443.854,4,110.964,0,3,3.36992e-07,1
45,1372.28,809.42,248.401,2.34115,20.0,58.3,7.0,annealing_T=125_h=25,present,present,20.0,1256.6370614359173,annealing_T=125_h=25,T,20260827-053720,phase_detection,user_fixed_radius,user_fixed_radius,,20260827-053720,1.787176544161302,False,6.41,12.459,12.459,4.51245,0.0656419,0.210346,0.0373311,0.00460913,443.854,4,110.964,0,3,3.36992e-07,1
46,1375.81,910.86,0.387832,0.853568,20.0,52.3,1.0,annealing_T=125_h=25,present,present,20.0,1256.6370614359173,annealing_T=125_h=25,T,20260827-053720,phase_detection,user_fixed_radius,user_fixed_radius,,20260827-053720,2.11047388043539,False,2.838578,0.738193,2.838578,3.12906,0.0936962,0.280978,0.164288,0.0290014,154.816,4,38.7039,0,3,3.19861e-06,1
46,1375.81,910.86,-8.28176,0.968733,20.0,53.3,2.0,annealing_T=125_h=25,present,present,20.0,1256.6370614359173,annealing_T=125_h=25,T,20260827-053720,phase_detection,user_fixed_radius,user_fixed_radius,,20260827-053720,2.11047388043539,False,7.57804,4.75304,7.57804,3.12906,0.0936962,0.280978,0.164288,0.0290014,154.816,4,38.7039,0,3,3.19861e-06,1
46,1375.81,910.86,0.864431,1.04312,20.0,54.3,3.0,annealing_T=125_h=25,present,present,20.0,1256.6370614359173,annealing_T=125_h=25,T,20260827-053720,phase_detection,user_fixed_radius,user_fixed_radius,,20260827-053720,2.11047388043539,False,0.414389,2.277579,2.277579,3.12906,0.0936962,0.280978,0.164288,0.0290014,154.816,4,38.7039,0,3,3.19861e-06,1
46,1375.81,910.86,11.9869,1.03869,20.0,55.3,4.0,annealing_T=125_h=25,present,present,20.0,1256.6370614359173,annealing_T=125_h=25,T,20260827-053720,phase_detection,user_fixed_radius,user_fixed_radius,,20260827-053720,2.11047388043539,False,4.9938,3.8496,4.9938,3.12906,0.0936962,0.280978,0.164288,0.0290014,154.816,4,38.7039,0,3,3.19861e-06,1
46,1375.81,910.86,32.8859,1.28375,20.0,56.3,5.0,annealing_T=125_h=25,present,present,20.0,1256.6370614359173,annealing_T=125_h=25,T,20260827-053720,phase_detection,user_fixed_radius,user_fixed_radius,,20260827-053720,2.11047388043539,False,1.1018,1.7895,1.7895,3.12906,0.0936962,0.280978,0.164288,0.0290014,154.816,4,38.7039,0,3,3.19861e-06,1
46,1375.81,910.86,70.4472,1.38613,20.0,58.3,7.0,annealing_T=125_h=25,present,present,20.0,1256.6370614359173,annealing_T=125_h=25,T,20260827-053720,phase_detection,user_fixed_radius,user_fixed_radius,,20260827-053720,2.11047388043539,False,2.6149,4.7015,4.7015,3.12906,0.0936962,0.280978,0.164288,0.0290014,154.816,4,38.7039,0,3,3.19861e-06,1
47,1385.85,116.4,-6.92701,0.825509,20.0,52.3,1.0,annealing_T=125_h=25,absent,disappeared,20.0,1256.6370614359173,annealing_T=125_h=5,T,20260723-075232,previous_detection,user_fixed_radius,user_fixed_radius,,20260827-053720,1.5741029191258402,False,1.62914,4.62975,4.62975,,,,,,,,,,,,0
47,1385.85,116.4,-10.3405,0.877941,20.0,53.3,2.0,annealing_T=125_h=25,absent,disappeared,20.0,1256.6370614359173,annealing_T=125_h=5,T,20260723-075232,previous_detection,user_fixed_radius,user_fixed_radius,,20260827-053720,1.5741029191258402,False,0.1923,4.08693,4.08693,,,,,,,,,,,,0
47,1385.85,116.4,-9.32161,1.00559,20.0,54.3,3.0,annealing_T=125_h=25,absent,disappeared,20.0,1256.6370614359173,annealing_T=125_h=5,T,20260723-075232,previous_detection,user_fixed_radius,user_fixed_radius,,20260827-053720,1.5741029191258402,False,1.0772,2.09169,2.09169,,,,,,,,,,,,0
47,1385.85,116.4,0.369787,0.917489,20.0,55.3,4.0,annealing_T=125_h=25,absent,disappeared,20.0,1256.6370614359173,annealing_T=125_h=5,T,20260723-075232,previous_detection,user_fixed_radius,user_fixed_radius,,20260827-053720,1.5741029191258402,False,4.715107,0.555463,4.715107,,,,,,,,,,,,0
47,1385.85,116.4,13.7963,1.1259,20.0,56.3,5.0,annealing_T=125_h=25,absent,disappeared,20.0,1256.6370614359173,annealing_T=125_h=5,T,20260723-075232,previous_detection,user_fixed_radius,user_fixed_radius,,20260827-053720,1.5741029191258402,False,0.9581,0.1447,0.9581,,,,,,,,,,,,0
47,1385.85,116.4,37.4133,1.39141,20.0,58.3,7.0,annealing_T=125_h=25,absent,disappeared,20.0,1256.6370614359173,annealing_T=125_h=5,T,20260723-075232,previous_detection,user_fixed_radius,user_fixed_radius,,20260827-053720,1.5741029191258402,False,1.9575,4.1021,4.1021,,,,,,,,,,,,0
48,1402.56,205.42,-11.286,0.762167,20.0,52.3,1.0,annealing_T=125_h=25,absent,disappeared,20.0,1256.6370614359173,annealing_T=125_h=5,T,20260723-075232,previous_detection,user_fixed_radius,user_fixed_radius,,20260827-053720,1.9691876497681955,False,4.3269,4.46384,4.46384,,,,,,,,,,,,0
48,1402.56,205.42,-5.06299,0.77313,20.0,53.3,2.0,annealing_T=125_h=25,absent,disappeared,20.0,1256.6370614359173,annealing_T=125_h=5,T,20260723-075232,previous_detection,user_fixed_radius,user_fixed_radius,,20260827-053720,1.9691876497681955,False,0.38423,2.109,2.109,,,,,,,,,,,,0
48,1402.56,205.42,-5.63154,0.89869,20.0,54.3,3.0,annealing_T=125_h=25,absent,disappeared,20.0,1256.6370614359173,annealing_T=125_h=5,T,20260723-075232,previous_detection,user_fixed_radius,user_fixed_radius,,20260827-053720,1.9691876497681955,False,2.50925,1.09321,2.50925,,,,,,,,,,,,0
48,1402.56,205.42,-4.89553,1.04085,20.0,55.3,4.0,annealing_T=125_h=25,absent,disappeared,20.0,1256.6370614359173,annealing_T=125_h=5,T,20260723-075232,previous_detection,user_fixed_radius,user_fixed_radius,,20260827-053720,1.9691876497681955,False,4.49104,2.67309,4.49104,,,,,,,,,,,,0
48,1402.56,205.42,7.70682,0.842875,20.0,56.3,5.0,annealing_T=125_h=25,absent,disappeared,20.0,1256.6370614359173,annealing_T=125_h=5,T,20260723-075232,previous_detection,user_fixed_radius,user_fixed_radius,,20260827-053720,1.9691876497681955,False,2.50968,5.74282,5.74282,,,,,,,,,,,,0
48,1402.56,205.42,-15.9148,1.33765,20.0,58.3,7.0,annealing_T=125_h=25,absent,disappeared,20.0,1256.6370614359173,annealing_T=125_h=5,T,20260723-075232,previous_detection,user_fixed_radius,user_fixed_radius,,20260827-053720,1.9691876497681955,False,9.2455,6.71516,9.2455,,,,,,,,,,,,0
49,1495.29,506.97,2.70008,0.935177,20.0,52.3,1.0,annealing_T=125_h=25,absent,disappeared,20.0,1256.6370614359173,annealing_T=125_h=5,T,20260723-075232,previous_detection,user_fixed_radius,user_fixed_radius,,20260827-053720,2.1750632174720583,False,4.55111,0.54737,4.55111,,,,,,,,,,,,0
49,1495.29,506.97,4.67078,1.10336,20.0,53.3,2.0,annealing_T=125_h=25,absent,disappeared,20.0,1256.6370614359173,annealing_T=125_h=5,T,20260723-075232,previous_detection,user_fixed_radius,user_fixed_radius,,20260827-053720,2.1750632174720583,False,7.90829,1.83824,7.90829,,,,,,,,,,,,0
49,1495.29,506.97,9.35416,1.2453,20.0,54.3,3.0,annealing_T=125_h=25,absent,disappeared,20.0,1256.6370614359173,annealing_T=125_h=5,T,20260723-075232,previous_detection,user_fixed_radius,user_fixed_radius,,20260827-053720,2.1750632174720583,False,2.45974,0.21255,2.45974,,,,,,,,,,,,0
49,1495.29,506.97,46.3601,1.2333,20.0,55.3,4.0,annealing_T=125_h=25,absent,disappeared,20.0,1256.6370614359173,annealing_T=125_h=5,T,20260723-075232,previous_detection,user_fixed_radius,user_fixed_radius,,20260827-053720,2.1750632174720583,False,2.7994,3.5475,3.5475,,,,,,,,,,,,0
49,1495.29,506.97,74.5162,1.47572,20.0,56.3,5.0,annealing_T=125_h=25,absent,disappeared,20.0,1256.6370614359173,annealing_T=125_h=5,T,20260723-075232,previous_detection,user_fixed_radius,user_fixed_radius,,20260827-053720,2.1750632174720583,False,1.5543,2.6865,2.6865,,,,,,,,,,,,0
49,1495.29,506.97,197.924,1.74671,20.0,58.3,7.0,annealing_T=125_h=25,absent,disappeared,20.0,1256.6370614359173,annealing_T=125_h=5,T,20260723-075232,previous_detection,user_fixed_radius,user_fixed_radius,,20260827-053720,2.1750632174720583,False,6.25,15.749,15.749,,,,,,,,,,,,0
50,1499.79,863.07,9.66071,0.70395,20.0,52.3,1.0,annealing_T=125_h=25,absent,disappeared,20.0,1256.6370614359173,annealing_T=125_h=5,T,20260723-075232,previous_detection,user_fixed_radius,user_fixed_radius,,20260827-053720,3.098854627116276,False,0.19782,3.42246,3.42246,,,,,,,,,,,,0
50,1499.79,863.07,8.06506,0.797083,20.0,53.3,2.0,annealing_T=125_h=25,absent,disappeared,20.0,1256.6370614359173,annealing_T=125_h=5,T,20260723-075232,previous_detection,user_fixed_radius,user_fixed_radius,,20260827-053720,3.098854627116276,False,0.56257,0.49607,0.56257,,,,,,,,,,,,0
50,1499.79,863.07,6.02515,0.844083,20.0,54.3,3.0,annealing_T=125_h=25,absent,disappeared,20.0,1256.6370614359173,annealing_T=125_h=5,T,20260723-075232,previous_detection,user_fixed_radius,user_fixed_radius,,20260827-053720,3.098854627116276,False,6.705011,3.2454,6.705011,,,,,,,,,,,,0
50,1499.79,863.07,-2.05063,1.01333,20.0,55.3,4.0,annealing_T=125_h=25,absent,disappeared,20.0,1256.6370614359173,annealing_T=125_h=5,T,20260723-075232,previous_detection,user_fixed_radius,user_fixed_radius,,20260827-053720,3.098854627116276,False,3.92537,6.04974,6.04974,,,,,,,,,,,,0
50,1499.79,863.07,5.21192,0.993702,20.0,56.3,5.0,annealing_T=125_h=25,absent,disappeared,20.0,1256.6370614359173,annealing_T=125_h=5,T,20260723-075232,previous_detection,user_fixed_radius,user_fixed_radius,,20260827-053720,3.098854627116276,False,0.09205,3.79294,3.79294,,,,,,,,,,,,0
50,1499.79,863.07,11.3843,1.36783,20.0,58.3,7.0,annealing_T=125_h=25,absent,disappeared,20.0,1256.6370614359173,annealing_T=125_h=5,T,20260723-075232,previous_detection,user_fixed_radius,user_fixed_radius,,20260827-053720,3.098854627116276,False,2.6729,0.9255,2.6729,,,,,,,,,,,,0
51,1534.76,404.29,1.32051,1.0173,20.0,52.3,1.0,annealing_T=125_h=25,absent,disappeared,20.0,1256.6370614359173,annealing_T=125_h=5,T,20260723-075232,previous_detection,user_fixed_radius,user_fixed_radius,,20260827-053720,2.1639316070522727,False,0.648434,0.66007,0.66007,,,,,,,,,,,,0
51,1534.76,404.29,0.559058,0.997025,20.0,53.3,2.0,annealing_T=125_h=25,absent,disappeared,20.0,1256.6370614359173,annealing_T=125_h=5,T,20260723-075232,previous_detection,user_fixed_radius,user_fixed_radius,,20260827-053720,2.1639316070522727,False,1.623218,1.042562,1.623218,,,,,,,,,,,,0
51,1534.76,404.29,-4.12369,1.08971,20.0,54.3,3.0,annealing_T=125_h=25,absent,disappeared,20.0,1256.6370614359173,annealing_T=125_h=5,T,20260723-075232,previous_detection,user_fixed_radius,user_fixed_radius,,20260827-053720,2.1639316070522727,False,0.03014,4.2009324,4.2009324,,,,,,,,,,,,0
51,1534.76,404.29,-8.63127,1.28073,20.0,55.3,4.0,annealing_T=125_h=25,absent,disappeared,20.0,1256.6370614359173,annealing_T=125_h=5,T,20260723-075232,previous_detection,user_fixed_radius,user_fixed_radius,,20260827-053720,2.1639316070522727,False,0.2489,4.94762,4.94762,,,,,,,,,,,,0
51,1534.76,404.29,-3.05116,1.2458,20.0,56.3,5.0,annealing_T=125_h=25,absent,disappeared,20.0,1256.6370614359173,annealing_T=125_h=5,T,20260723-075232,previous_detection,user_fixed_radius,user_fixed_radius,,20260827-053720,2.1639316070522727,False,8.42994,5.68594,8.42994,,,,,,,,,,,,0
51,1534.76,404.29,-9.88459,1.59111,20.0,58.3,7.0,annealing_T=125_h=25,absent,disappeared,20.0,1256.6370614359173,annealing_T=125_h=5,T,20260723-075232,previous_detection,user_fixed_radius,user_fixed_radius,,20260827-053720,2.1639316070522727,False,11.74481,5.52045,11.74481,,,,,,,,,,,,0
52,1582.85,650.85,-1.19538,0.982941,20.0,52.3,1.0,annealing_T=125_h=25,absent,disappeared,20.0,1256.6370614359173,annealing_T=125_h=5,T,20260723-075232,previous_detection,user_fixed_radius,user_fixed_radius,,20260827-053720,2.1377558326434385,False,0.35627,1.2795884,1.2795884,,,,,,,,,,,,0
52,1582.85,650.85,-2.76771,0.989125,20.0,53.3,2.0,annealing_T=125_h=25,absent,disappeared,20.0,1256.6370614359173,annealing_T=125_h=5,T,20260723-075232,previous_detection,user_fixed_radius,user_fixed_radius,,20260827-053720,2.1377558326434385,False,3.43953,1.06017,3.43953,,,,,,,,,,,,0
52,1582.85,650.85,-3.31233,1.12015,20.0,54.3,3.0,annealing_T=125_h=25,absent,disappeared,20.0,1256.6370614359173,annealing_T=125_h=5,T,20260723-075232,previous_detection,user_fixed_radius,user_fixed_radius,,20260827-053720,2.1377558326434385,False,3.4058993,7.58251,7.58251,,,,,,,,,,,,0
52,1582.85,650.85,-0.833323,1.03121,20.0,55.3,4.0,annealing_T=125_h=25,absent,disappeared,20.0,1256.6370614359173,annealing_T=125_h=5,T,20260723-075232,previous_detection,user_fixed_radius,user_fixed_radius,,20260827-053720,2.1377558326434385,False,2.569867,1.472187,2.569867,,,,,,,,,,,,0
52,1582.85,650.85,-16.668,1.1697,20.0,56.3,5.0,annealing_T=125_h=25,absent,disappeared,20.0,1256.6370614359173,annealing_T=125_h=5,T,20260723-075232,previous_detection,user_fixed_radius,user_fixed_radius,,20260827-053720,2.1377558326434385,False,6.3711,4.2702,6.3711,,,,,,,,,,,,0
52,1582.85,650.85,-5.3296,1.63487,20.0,58.3,7.0,annealing_T=125_h=25,absent,disappeared,20.0,1256.6370614359173,annealing_T=125_h=5,T,20260723-075232,previous_detection,user_fixed_radius,user_fixed_radius,,20260827-053720,2.1377558326434385,False,1.54917,5.186686,5.186686,,,,,,,,,,,,0
53,1584.36,810.43,5.26401,0.785332,20.0,52.3,1.0,annealing_T=125_h=25,absent,absent,20.0,1256.6370614359173,annealing_T=75_h=5,T,20260520-085312,previous_detection,user_fixed_radius,user_fixed_radius,,20260827-053720,0.5322593352868257,False,0.75495,0.61481,0.75495,,,,,,,,,,,,0
53,1584.36,810.43,1.29347,0.923467,20.0,53.3,2.0,annealing_T=125_h=25,absent,absent,20.0,1256.6370614359173,annealing_T=75_h=5,T,20260520-085312,previous_detection,user_fixed_radius,user_fixed_radius,,20260827-053720,0.5322593352868257,False,1.83129,3.95317,3.95317,,,,,,,,,,,,0
53,1584.36,810.43,-0.788332,1.16437,20.0,54.3,3.0,annealing_T=125_h=25,absent,absent,20.0,1256.6370614359173,annealing_T=75_h=5,T,20260520-085312,previous_detection,user_fixed_radius,user_fixed_radius,,20260827-053720,0.5322593352868257,False,7.950902,2.099148,7.950902,,,,,,,,,,,,0
53,1584.36,810.43,14.9366,1.19233,20.0,55.3,4.0,annealing_T=125_h=25,absent,absent,20.0,1256.6370614359173,annealing_T=75_h=5,T,20260520-085312,previous_detection,user_fixed_radius,user_fixed_radius,,20260827-053720,0.5322593352868257,False,5.201,3.7261,5.201,,,,,,,,,,,,0
53,1584.36,810.43,-2.17255,1.17797,20.0,56.3,5.0,annealing_T=125_h=25,absent,absent,20.0,1256.6370614359173,annealing_T=75_h=5,T,20260520-085312,previous_detection,user_fixed_radius,user_fixed_radius,,20260827-053720,0.5322593352868257,False,11.91994,1.884276,11.91994,,,,,,,,,,,,0
53,1584.36,810.43,21.1619,1.68067,20.0,58.3,7.0,annealing_T=125_h=25,absent,absent,20.0,1256.6370614359173,annealing_T=75_h=5,T,20260520-085312,previous_detection,user_fixed_radius,user_fixed_radius,,20260827-053720,0.5322593352868257,False,13.3801,10.5662,13.3801,,,,,,,,,,,,0
54,1732.8,721.22,14.7411,0.995058,20.0,52.3,1.0,annealing_T=125_h=25,present,present,20.0,1256.6370614359173,annealing_T=125_h=25,T,20260827-053720,phase_detection,user_fixed_radius,user_fixed_radius,,20260827-053720,1.7502571239679032,False,4.0742,0.6153,4.0742,2.23098,0.016099,0.0559437,4.96065,0.143828,221.224,4,55.306,0,3,2.1344e-06,1
54,1732.8,721.22,33.2542,1.19346,20.0,53.3,2.0,annealing_T=125_h=25,present,present,20.0,1256.6370614359173,annealing_T=125_h=25,T,20260827-053720,phase_detection,user_fixed_radius,user_fixed_radius,,20260827-053720,1.7502571239679032,False,2.1605,0.9963,2.1605,2.23098,0.016099,0.0559437,4.96065,0.143828,221.224,4,55.306,0,3,2.1344e-06,1
54,1732.8,721.22,59.03,1.32993,20.0,54.3,3.0,annealing_T=125_h=25,present,present,20.0,1256.6370614359173,annealing_T=125_h=25,T,20260827-053720,phase_detection,user_fixed_radius,user_fixed_radius,,20260827-053720,1.7502571239679032,False,4.8862,1.6904,4.8862,2.23098,0.016099,0.0559437,4.96065,0.143828,221.224,4,55.306,0,3,2.1344e-06,1
54,1732.8,721.22,107.18,1.25356,20.0,55.3,4.0,annealing_T=125_h=25,present,present,20.0,1256.6370614359173,annealing_T=125_h=25,T,20260827-053720,phase_detection,user_fixed_radius,user_fixed_radius,,20260827-053720,1.7502571239679032,False,4.998,0.227,4.998,2.23098,0.016099,0.0559437,4.96065,0.143828,221.224,4,55.306,0,3,2.1344e-06,1
54,1732.8,721.22,170.137,1.5131,20.0,56.3,5.0,annealing_T=125_h=25,present,present,20.0,1256.6370614359173,annealing_T=125_h=25,T,20260827-053720,phase_detection,user_fixed_radius,user_fixed_radius,,20260827-053720,1.7502571239679032,False,2.432,3.442,3.442,2.23098,0.016099,0.0559437,4.96065,0.143828,221.224,4,55.306,0,3,2.1344e-06,1
54,1732.8,721.22,386.511,1.7913,20.0,58.3,7.0,annealing_T=125_h=25,present,present,20.0,1256.6370614359173,annealing_T=125_h=25,T,20260827-053720,phase_detection,user_fixed_radius,user_fixed_radius,,20260827-053720,1.7502571239679032,False,3.91,15.42,15.42,2.23098,0.016099,0.0559437,4.96065,0.143828,221.224,4,55.306,0,3,2.1344e-06,1
55,1772.73,478.13,-2.95841,1.31703,20.0,52.3,1.0,annealing_T=125_h=25,absent,absent,20.0,1256.6370614359173,annealing_T=100_h=25,T,20260625-095817,previous_detection,user_fixed_radius,user_fixed_radius,,20260827-053720,0.6854195795278822,False,0.9326,1.56188,1.56188,,,,,,,,,,,,0
55,1772.73,478.13,2.79016,1.4648,20.0,53.3,2.0,annealing_T=125_h=25,absent,absent,20.0,1256.6370614359173,annealing_T=100_h=25,T,20260625-095817,previous_detection,user_fixed_radius,user_fixed_radius,,20260827-053720,0.6854195795278822,False,1.93137,0.77727,1.93137,,,,,,,,,,,,0
55,1772.73,478.13,1.08606,1.70232,20.0,54.3,3.0,annealing_T=125_h=25,absent,absent,20.0,1256.6370614359173,annealing_T=100_h=25,T,20260625-095817,previous_detection,user_fixed_radius,user_fixed_radius,,20260827-053720,0.6854195795278822,False,1.724959,4.31536,4.31536,,,,,,,,,,,,0
55,1772.73,478.13,24.7177,1.3983,20.0,55.3,4.0,annealing_T=125_h=25,absent,absent,20.0,1256.6370614359173,annealing_T=100_h=25,T,20260625-095817,previous_detection,user_fixed_radius,user_fixed_radius,,20260827-053720,0.6854195795278822,False,0.432,3.4074,3.4074,,,,,,,,,,,,0
55,1772.73,478.13,15.9981,1.74865,20.0,56.3,5.0,annealing_T=125_h=25,absent,absent,20.0,1256.6370614359173,annealing_T=100_h=25,T,20260625-095817,previous_detection,user_fixed_radius,user_fixed_radius,,20260827-053720,0.6854195795278822,False,0.0489,4.0003,4.0003,,,,,,,,,,,,0
55,1772.73,478.13,41.6478,2.17513,20.0,58.3,7.0,annealing_T=125_h=25,absent,absent,20.0,1256.6370614359173,annealing_T=100_h=25,T,20260625-095817,previous_detection,user_fixed_radius,user_fixed_radius,,20260827-053720,0.6854195795278822,False,5.6005,0.3457,5.6005,,,,,,,,,,,,0
56,1782.9,554.1,5.94914,1.40522,20.0,52.3,1.0,annealing_T=125_h=25,present,present,20.0,1256.6370614359173,annealing_T=125_h=25,T,20260827-053720,phase_detection,user_fixed_radius,user_fixed_radius,,20260827-053720,1.9221082175569384,False,3.19774,2.1684,3.19774,1.74645,0.0410281,0.105868,4.27634,0.304148,9.16233,4,2.29058,0,3,9.68842e-08,1
56,1782.9,554.1,12.1228,1.33891,20.0,53.3,2.0,annealing_T=125_h=25,present,present,20.0,1256.6370614359173,annealing_T=125_h=25,T,20260827-053720,phase_detection,user_fixed_radius,user_fixed_radius,,20260827-053720,1.9221082175569384,False,3.16653,4.2618,4.2618,1.74645,0.0410281,0.105868,4.27634,0.304148,9.16233,4,2.29058,0,3,9.68842e-08,1
56,1782.9,554.1,30.1273,1.53761,20.0,54.3,3.0,annealing_T=125_h=25,present,present,20.0,1256.6370614359173,annealing_T=125_h=25,T,20260827-053720,phase_detection,user_fixed_radius,user_fixed_radius,,20260827-053720,1.9221082175569384,False,0.4949,0.5053,0.5053,1.74645,0.0410281,0.105868,4.27634,0.304148,9.16233,4,2.29058,0,3,9.68842e-08,1
56,1782.9,554.1,50.7851,1.63158,20.0,55.3,4.0,annealing_T=125_h=25,present,present,20.0,1256.6370614359173,annealing_T=125_h=25,T,20260827-053720,phase_detection,user_fixed_radius,user_fixed_radius,,20260827-053720,1.9221082175569384,False,1.5732,0.0902,1.5732,1.74645,0.0410281,0.105868,4.27634,0.304148,9.16233,4,2.29058,0,3,9.68842e-08,1
56,1782.9,554.1,69.0736,1.4839,20.0,56.3,5.0,annealing_T=125_h=25,present,present,20.0,1256.6370614359173,annealing_T=125_h=25,T,20260827-053720,phase_detection,user_fixed_radius,user_fixed_radius,,20260827-053720,1.9221082175569384,False,1.9914,0.8488,1.9914,1.74645,0.0410281,0.105868,4.27634,0.304148,9.16233,4,2.29058,0,3,9.68842e-08,1
56,1782.9,554.1,128.605,2.1145,20.0,58.3,7.0,annealing_T=125_h=25,present,present,20.0,1256.6370614359173,annealing_T=125_h=25,T,20260827-053720,phase_detection,user_fixed_radius,user_fixed_radius,,20260827-053720,1.9221082175569384,False,4.137,3.845,4.137,1.74645,0.0410281,0.105868,4.27634,0.304148,9.16233,4,2.29058,0,3,9.68842e-08,1
57,1821.11,355.56,12.2252,1.14512,20.0,52.3,1.0,annealing_T=125_h=25,present,present,20.0,1256.6370614359173,annealing_T=125_h=25,T,20260827-053720,phase_detection,user_fixed_radius,user_fixed_radius,,20260827-053720,1.7482848738120396,False,2.7179,2.81619,2.81619,2.29359,0.00896426,0.0184241,11.482,0.171356,247.531,4,61.8827,0,3,1.13111e-07,1
57,1821.11,355.56,62.2682,1.24937,20.0,53.3,2.0,annealing_T=125_h=25,present,present,20.0,1256.6370614359173,annealing_T=125_h=25,T,20260827-053720,phase_detection,user_fixed_radius,user_fixed_radius,,20260827-053720,1.7482848738120396,False,0.3398,0.0736,0.3398,2.29359,0.00896426,0.0184241,11.482,0.171356,247.531,4,61.8827,0,3,1.13111e-07,1
57,1821.11,355.56,149.886,1.50459,20.0,54.3,3.0,annealing_T=125_h=25,present,present,20.0,1256.6370614359173,annealing_T=125_h=25,T,20260827-053720,phase_detection,user_fixed_radius,user_fixed_radius,,20260827-053720,1.7482848738120396,False,0.012,5.906,5.906,2.29359,0.00896426,0.0184241,11.482,0.171356,247.531,4,61.8827,0,3,1.13111e-07,1
57,1821.11,355.56,257.475,1.49131,20.0,55.3,4.0,annealing_T=125_h=25,present,present,20.0,1256.6370614359173,annealing_T=125_h=25,T,20260827-053720,phase_detection,user_fixed_radius,user_fixed_radius,,20260827-053720,1.7482848738120396,False,1.999,2.932,2.932,2.29359,0.00896426,0.0184241,11.482,0.171356,247.531,4,61.8827,0,3,1.13111e-07,1
57,1821.11,355.56,472.04,1.70535,20.0,56.3,5.0,annealing_T=125_h=25,present,present,20.0,1256.6370614359173,annealing_T=125_h=25,T,20260827-053720,phase_detection,user_fixed_radius,user_fixed_radius,,20260827-053720,1.7482848738120396,False,13.18,9.403,13.18,2.29359,0.00896426,0.0184241,11.482,0.171356,247.531,4,61.8827,0,3,1.13111e-07,1
57,1821.11,355.56,992.605,4.04687,20.0,58.3,7.0,annealing_T=125_h=25,present,present,20.0,1256.6370614359173,annealing_T=125_h=25,T,20260827-053720,phase_detection,user_fixed_radius,user_fixed_radius,,20260827-053720,1.7482848738120396,False,22.275,29.174,29.174,2.29359,0.00896426,0.0184241,11.482,0.171356,247.531,4,61.8827,0,3,1.13111e-07,1
58,1819.76,993.02,-0.648758,1.0159,20.0,52.3,1.0,annealing_T=125_h=25,absent,disappeared,20.0,1256.6370614359173,annealing_T=125_h=5,T,20260723-075232,previous_detection,user_fixed_radius,user_fixed_radius,,20260827-053720,1.9932385707687803,False,2.191082,0.01776,2.191082,,,,,,,,,,,,0
58,1819.76,993.02,0.781903,1.31864,20.0,53.3,2.0,annealing_T=125_h=25,absent,disappeared,20.0,1256.6370614359173,annealing_T=125_h=5,T,20260723-075232,previous_detection,user_fixed_radius,user_fixed_radius,,20260827-053720,1.9932385707687803,False,3.038313,1.370837,3.038313,,,,,,,,,,,,0
58,1819.76,993.02,-5.927,1.28536,20.0,54.3,3.0,annealing_T=125_h=25,absent,disappeared,20.0,1256.6370614359173,annealing_T=125_h=5,T,20260723-075232,previous_detection,user_fixed_radius,user_fixed_radius,,20260827-053720,1.9932385707687803,False,2.98931,4.24473,4.24473,,,,,,,,,,,,0
58,1819.76,993.02,7.4184,1.39075,20.0,55.3,4.0,annealing_T=125_h=25,absent,disappeared,20.0,1256.6370614359173,annealing_T=125_h=5,T,20260723-075232,previous_detection,user_fixed_radius,user_fixed_radius,,20260827-053720,1.9932385707687803,False,1.25591,3.6348,3.6348,,,,,,,,,,,,0
58,1819.76,993.02,20.6298,1.40703,20.0,56.3,5.0,annealing_T=125_h=25,absent,disappeared,20.0,1256.6370614359173,annealing_T=125_h=5,T,20260723-075232,previous_detection,user_fixed_radius,user_fixed_radius,,20260827-053720,1.9932385707687803,False,2.7221,0.4488,2.7221,,,,,,,,,,,,0
58,1819.76,993.02,127.487,1.94201,20.0,58.3,7.0,annealing_T=125_h=25,absent,disappeared,20.0,1256.6370614359173,annealing_T=125_h=5,T,20260723-075232,previous_detection,user_fixed_radius,user_fixed_radius,,20260827-053720,1.9932385707687803,False,0.201,4.525,4.525,,,,,,,,,,,,0
59,1851.69,556.52,7.88755,1.47541,20.0,52.3,1.0,annealing_T=125_h=25,present,present,20.0,1256.6370614359173,annealing_T=125_h=25,T,20260827-053720,phase_detection,user_fixed_radius,user_fixed_radius,,20260827-053720,1.7302600960549392,False,0.37415,0.86031,0.86031,1.6179,0.0459796,0.165262,5.5501,0.443447,7.62405,4,1.90601,0,3,9.79554e-07,1
59,1851.69,556.52,17.2143,1.74614,20.0,53.3,2.0,annealing_T=125_h=25,present,present,20.0,1256.6370614359173,annealing_T=125_h=25,T,20260827-053720,phase_detection,user_fixed_radius,user_fixed_radius,,20260827-053720,1.7302600960549392,False,1.7074,1.7303,1.7303,1.6179,0.0459796,0.165262,5.5501,0.443447,7.62405,4,1.90601,0,3,9.79554e-07,1
59,1851.69,556.52,35.1179,1.83842,20.0,54.3,3.0,annealing_T=125_h=25,present,present,20.0,1256.6370614359173,annealing_T=125_h=25,T,20260827-053720,phase_detection,user_fixed_radius,user_fixed_radius,,20260827-053720,1.7302600960549392,False,1.9165,3.0251,3.0251,1.6179,0.0459796,0.165262,5.5501,0.443447,7.62405,4,1.90601,0,3,9.79554e-07,1
59,1851.69,556.52,49.9009,2.02241,20.0,55.3,4.0,annealing_T=125_h=25,present,present,20.0,1256.6370614359173,annealing_T=125_h=25,T,20260827-053720,phase_detection,user_fixed_radius,user_fixed_radius,,20260827-053720,1.7302600960549392,False,0.8261,2.2522,2.2522,1.6179,0.0459796,0.165262,5.5501,0.443447,7.62405,4,1.90601,0,3,9.79554e-07,1
59,1851.69,556.52,72.5053,2.08082,20.0,56.3,5.0,annealing_T=125_h=25,present,present,20.0,1256.6370614359173,annealing_T=125_h=25,T,20260827-053720,phase_detection,user_fixed_radius,user_fixed_radius,,20260827-053720,1.7302600960549392,False,0.5119,0.7773,0.7773,1.6179,0.0459796,0.165262,5.5501,0.443447,7.62405,4,1.90601,0,3,9.79554e-07,1
59,1851.69,556.52,131.331,2.4254,20.0,58.3,7.0,annealing_T=125_h=25,present,present,20.0,1256.6370614359173,annealing_T=125_h=25,T,20260827-053720,phase_detection,user_fixed_radius,user_fixed_radius,,20260827-053720,1.7302600960549392,False,15.371,5.501,15.371,1.6179,0.0459796,0.165262,5.5501,0.443447,7.62405,4,1.90601,0,3,9.79554e-07,1
60,1615.65,704.21,-0.170595,0.83024,20.0,52.3,1.0,annealing_T=125_h=25,absent,disappeared,20.0,1256.6370614359173,annealing_T=125_h=5,T,20260723-075232,previous_detection,user_fixed_radius,user_fixed_radius,,20260827-053720,1.797470444819356,False,2.314715,2.331945,2.331945,,,,,,,,,,,,0
60,1615.65,704.21,3.09262,1.13177,20.0,53.3,2.0,annealing_T=125_h=25,absent,disappeared,20.0,1256.6370614359173,annealing_T=125_h=5,T,20260723-075232,previous_detection,user_fixed_radius,user_fixed_radius,,20260827-053720,1.797470444819356,False,4.56364,0.89902,4.56364,,,,,,,,,,,,0
60,1615.65,704.21,0.294144,1.24094,20.0,54.3,3.0,annealing_T=125_h=25,absent,disappeared,20.0,1256.6370614359173,annealing_T=125_h=5,T,20260723-075232,previous_detection,user_fixed_radius,user_fixed_radius,,20260827-053720,1.797470444819356,False,1.870966,1.873476,1.873476,,,,,,,,,,,,0
60,1615.65,704.21,-3.02166,1.28806,20.0,55.3,4.0,annealing_T=125_h=25,absent,disappeared,20.0,1256.6370614359173,annealing_T=125_h=5,T,20260723-075232,previous_detection,user_fixed_radius,user_fixed_radius,,20260827-053720,1.797470444819356,False,6.11867,2.531613,6.11867,,,,,,,,,,,,0
60,1615.65,704.21,1.56507,1.44744,20.0,56.3,5.0,annealing_T=125_h=25,absent,disappeared,20.0,1256.6370614359173,annealing_T=125_h=5,T,20260723-075232,previous_detection,user_fixed_radius,user_fixed_radius,,20260827-053720,1.797470444819356,False,2.37904,0.74496,2.37904,,,,,,,,,,,,0
60,1615.65,704.21,0.642419,1.75573,20.0,58.3,7.0,annealing_T=125_h=25,absent,disappeared,20.0,1256.6370614359173,annealing_T=125_h=5,T,20260723-075232,previous_detection,user_fixed_radius,user_fixed_radius,,20260827-053720,1.797470444819356,False,5.085819,9.068481,9.068481,,,,,,,,,,,,0
61,454.56,766.05,-4.47296,0.907115,20.0,52.3,1.0,annealing_T=125_h=25,absent,absent,20.0,1256.6370614359173,annealing_T=75_h=25,T,20260530-001924,previous_detection,user_fixed_radius,user_fixed_radius,,20260827-053720,0.572712842531224,False,1.40107,1.34163,1.40107,,,,,,,,,,,,0
61,454.56,766.05,1.01248,0.843997,20.0,53.3,2.0,annealing_T=125_h=25,absent,absent,20.0,1256.6370614359173,annealing_T=75_h=25,T,20260530-001924,previous_detection,user_fixed_radius,user_fixed_radius,,20260827-053720,0.572712842531224,False,6.3113,3.25782,6.3113,,,,,,,,,,,,0
61,454.56,766.05,15.1475,0.92366,20.0,54.3,3.0,annealing_T=125_h=25,absent,absent,20.0,1256.6370614359173,annealing_T=75_h=25,T,20260530-001924,previous_detection,user_fixed_radius,user_fixed_radius,,20260827-053720,0.572712842531224,False,2.7961,0.7533,2.7961,,,,,,,,,,,,0
61,454.56,766.05,23.389,1.19563,20.0,55.3,4.0,annealing_T=125_h=25,absent,absent,20.0,1256.6370614359173,annealing_T=75_h=25,T,20260530-001924,previous_detection,user_fixed_radius,user_fixed_radius,,20260827-053720,0.572712842531224,False,8.0941,0.0101,8.0941,,,,,,,,,,,,0
61,454.56,766.05,25.3174,1.03018,20.0,56.3,5.0,annealing_T=125_h=25,absent,absent,20.0,1256.6370614359173,annealing_T=75_h=25,T,20260530-001924,previous_detection,user_fixed_radius,user_fixed_radius,,20260827-053720,0.572712842531224,False,3.6383,0.9724,3.6383,,,,,,,,,,,,0
61,454.56,766.05,42.0838,1.47034,20.0,58.3,7.0,annealing_T=125_h=25,absent,absent,20.0,1256.6370614359173,annealing_T=75_h=25,T,20260530-001924,previous_detection,user_fixed_radius,user_fixed_radius,,20260827-053720,0.572712842531224,False,7.3958,1.4392,7.3958,,,,,,,,,,,,0
62,514.55,879.42,17.2641,0.91823,20.0,52.3,1.0,annealing_T=125_h=25,present,present,20.0,1256.6370614359173,annealing_T=125_h=25,T,20260827-053720,phase_detection,user_fixed_radius,user_fixed_radius,,20260827-053720,2.3313729860320533,False,1.7384,4.4538,4.4538,2.00031,0.0145116,0.0938503,6.86484,0.174496,330.903,4,82.7256,0,3,5.68022e-07,1
62,514.55,879.42,31.6147,0.906175,20.0,53.3,2.0,annealing_T=125_h=25,present,present,20.0,1256.6370614359173,annealing_T=125_h=25,T,20260827-053720,phase_detection,user_fixed_radius,user_fixed_radius,,20260827-053720,2.3313729860320533,False,0.15,2.6466,2.6466,2.00031,0.0145116,0.0938503,6.86484,0.174496,330.903,4,82.7256,0,3,5.68022e-07,1
62,514.55,879.42,67.1898,1.06161,20.0,54.3,3.0,annealing_T=125_h=25,present,present,20.0,1256.6370614359173,annealing_T=125_h=25,T,20260827-053720,phase_detection,user_fixed_radius,user_fixed_radius,,20260827-053720,2.3313729860320533,False,7.3224,0.728,7.3224,2.00031,0.0145116,0.0938503,6.86484,0.174496,330.903,4,82.7256,0,3,5.68022e-07,1
62,514.55,879.42,106.524,1.25978,20.0,55.3,4.0,annealing_T=125_h=25,present,present,20.0,1256.6370614359173,annealing_T=125_h=25,T,20260827-053720,phase_detection,user_fixed_radius,user_fixed_radius,,20260827-053720,2.3313729860320533,False,2.905,1.362,2.905,2.00031,0.0145116,0.0938503,6.86484,0.174496,330.903,4,82.7256,0,3,5.68022e-07,1
62,514.55,879.42,157.037,1.3595,20.0,56.3,5.0,annealing_T=125_h=25,present,present,20.0,1256.6370614359173,annealing_T=125_h=25,T,20260827-053720,phase_detection,user_fixed_radius,user_fixed_radius,,20260827-053720,2.3313729860320533,False,0.665,3.819,3.819,2.00031,0.0145116,0.0938503,6.86484,0.174496,330.903,4,82.7256,0,3,5.68022e-07,1
62,514.55,879.42,346.703,1.77871,20.0,58.3,7.0,annealing_T=125_h=25,present,present,20.0,1256.6370614359173,annealing_T=125_h=25,T,20260827-053720,phase_detection,user_fixed_radius,user_fixed_radius,,20260827-053720,2.3313729860320533,False,9.934,7.332,9.934,2.00031,0.0145116,0.0938503,6.86484,0.174496,330.903,4,82.7256,0,3,5.68022e-07,1
63,908.12,729.18,8.80219,1.01654,20.0,52.3,1.0,annealing_T=125_h=25,present,present,20.0,1256.6370614359173,annealing_T=125_h=25,T,20260827-053720,phase_detection,user_fixed_radius,user_fixed_radius,,20260827-053720,2.05496958614964,False,6.98661,0.39911,6.98661,2.4322,0.025762,0.128035,2.40432,0.111319,270.138,4,67.5345,0,3,2.00429e-08,1
63,908.12,729.18,28.8097,1.25374,20.0,53.3,2.0,annealing_T=125_h=25,present,present,20.0,1256.6370614359173,annealing_T=125_h=25,T,20260827-053720,phase_detection,user_fixed_radius,user_fixed_radius,,20260827-053720,2.05496958614964,False,2.5837,2.696,2.696,2.4322,0.025762,0.128035,2.40432,0.111319,270.138,4,67.5345,0,3,2.00429e-08,1
63,908.12,729.18,36.7221,1.38793,20.0,54.3,3.0,annealing_T=125_h=25,present,present,20.0,1256.6370614359173,annealing_T=125_h=25,T,20260827-053720,phase_detection,user_fixed_radius,user_fixed_radius,,20260827-053720,2.05496958614964,False,4.3033,0.6578,4.3033,2.4322,0.025762,0.128035,2.40432,0.111319,270.138,4,67.5345,0,3,2.00429e-08,1
63,908.12,729.18,60.1646,1.21766,20.0,55.3,4.0,annealing_T=125_h=25,present,present,20.0,1256.6370614359173,annealing_T=125_h=25,T,20260827-053720,phase_detection,user_fixed_radius,user_fixed_radius,,20260827-053720,2.05496958614964,False,4.2793,0.0594,4.2793,2.4322,0.025762,0.128035,2.40432,0.111319,270.138,4,67.5345,0,3,2.00429e-08,1
63,908.12,729.18,122.448,1.42496,20.0,56.3,5.0,annealing_T=125_h=25,present,present,20.0,1256.6370614359173,annealing_T=125_h=25,T,20260827-053720,phase_detection,user_fixed_radius,user_fixed_radius,,20260827-053720,2.05496958614964,False,2.974,4.738,4.738,2.4322,0.025762,0.128035,2.40432,0.111319,270.138,4,67.5345,0,3,2.00429e-08,1
63,908.12,729.18,275.618,1.9759,20.0,58.3,7.0,annealing_T=125_h=25,present,present,20.0,1256.6370614359173,annealing_T=125_h=25,T,20260827-053720,phase_detection,user_fixed_radius,user_fixed_radius,,20260827-053720,2.05496958614964,False,0.81,3.525,3.525,2.4322,0.025762,0.128035,2.40432,0.111319,270.138,4,67.5345,0,3,2.00429e-08,1
64,1321.97,528.25,-1.48628,1.14002,20.0,52.3,1.0,annealing_T=125_h=25,absent,absent,20.0,1256.6370614359173,annealing_T=75_h=25,T,20260530-001924,previous_detection,user_fixed_radius,user_fixed_radius,,20260827-053720,1.6552945357246724,False,1.3844,0.20048,1.3844,,,,,,,,,,,,0
64,1321.97,528.25,-2.38712,1.16925,20.0,53.3,2.0,annealing_T=125_h=25,absent,absent,20.0,1256.6370614359173,annealing_T=75_h=25,T,20260530-001924,previous_detection,user_fixed_radius,user_fixed_radius,,20260827-053720,1.6552945357246724,False,5.81701,0.18026,5.81701,,,,,,,,,,,,0
64,1321.97,528.25,3.03512,1.30008,20.0,54.3,3.0,annealing_T=125_h=25,absent,absent,20.0,1256.6370614359173,annealing_T=75_h=25,T,20260530-001924,previous_detection,user_fixed_radius,user_fixed_radius,,20260827-053720,1.6552945357246724,False,6.00113,2.7759,6.00113,,,,,,,,,,,,0
64,1321.97,528.25,-0.132452,1.51047,20.0,55.3,4.0,annealing_T=125_h=25,absent,absent,20.0,1256.6370614359173,annealing_T=75_h=25,T,20260530-001924,previous_detection,user_fixed_radius,user_fixed_radius,,20260827-053720,1.6552945357246724,False,5.368538,2.119308,5.368538,,,,,,,,,,,,0
64,1321.97,528.25,0.348805,1.66664,20.0,56.3,5.0,annealing_T=125_h=25,absent,absent,20.0,1256.6370614359173,annealing_T=75_h=25,T,20260530-001924,previous_detection,user_fixed_radius,user_fixed_radius,,20260827-053720,1.6552945357246724,False,0.882365,1.772845,1.772845,,,,,,,,,,,,0
64,1321.97,528.25,-18.3782,1.97158,20.0,58.3,7.0,annealing_T=125_h=25,absent,absent,20.0,1256.6370614359173,annealing_T=75_h=25,T,20260530-001924,previous_detection,user_fixed_radius,user_fixed_radius,,20260827-053720,1.6552945357246724,False,9.8668,10.3002,10.3002,,,,,,,,,,,,0
65,1617.33,986.24,23.6548,0.915498,20.0,52.3,1.0,annealing_T=125_h=25,present,present,20.0,1256.6370614359173,annealing_T=125_h=25,T,20260827-053720,phase_detection,user_fixed_radius,user_fixed_radius,,20260827-053720,2.1360009363292045,False,0.0568,4.6929,4.6929,2.33917,0.00888625,0.0442565,7.03217,0.111374,465.171,4,116.293,0,3,7.12233e-06,1
65,1617.33,986.24,41.072,0.874961,20.0,53.3,2.0,annealing_T=125_h=25,present,present,20.0,1256.6370614359173,annealing_T=125_h=25,T,20260827-053720,phase_detection,user_fixed_radius,user_fixed_radius,,20260827-053720,2.1360009363292045,False,5.7868,1.2027,5.7868,2.33917,0.00888625,0.0442565,7.03217,0.111374,465.171,4,116.293,0,3,7.12233e-06,1
65,1617.33,986.24,95.3407,1.15842,20.0,54.3,3.0,annealing_T=125_h=25,present,present,20.0,1256.6370614359173,annealing_T=125_h=25,T,20260827-053720,phase_detection,user_fixed_radius,user_fixed_radius,,20260827-053720,2.1360009363292045,False,3.6173,0.9185,3.6173,2.33917,0.00888625,0.0442565,7.03217,0.111374,465.171,4,116.293,0,3,7.12233e-06,1
65,1617.33,986.24,177.506,1.18421,20.0,55.3,4.0,annealing_T=125_h=25,present,present,20.0,1256.6370614359173,annealing_T=125_h=25,T,20260827-053720,phase_detection,user_fixed_radius,user_fixed_radius,,20260827-053720,2.1360009363292045,False,2.58,2.469,2.58,2.33917,0.00888625,0.0442565,7.03217,0.111374,465.171,4,116.293,0,3,7.12233e-06,1
65,1617.33,986.24,292.646,1.34645,20.0,56.3,5.0,annealing_T=125_h=25,present,present,20.0,1256.6370614359173,annealing_T=125_h=25,T,20260827-053720,phase_detection,user_fixed_radius,user_fixed_radius,,20260827-053720,2.1360009363292045,False,3.263,5.071,5.071,2.33917,0.00888625,0.0442565,7.03217,0.111374,465.171,4,116.293,0,3,7.12233e-06,1
65,1617.33,986.24,674.668,1.88128,20.0,58.3,7.0,annealing_T=125_h=25,present,present,20.0,1256.6370614359173,annealing_T=125_h=25,T,20260827-053720,phase_detection,user_fixed_radius,user_fixed_radius,,20260827-053720,2.1360009363292045,False,11.579,20.416,20.416,2.33917,0.00888625,0.0442565,7.03217,0.111374,465.171,4,116.293,0,3,7.12233e-06,1
66,739.09,312.55,1.57469,0.910351,20.0,52.3,1.0,annealing_T=125_h=25,absent,never_detected_in_condition,20.0,1256.6370614359173,annealing_T=75_h=25,v,20260531-095134,cross_constant_fallback,user_fixed_radius,user_fixed_radius,,20260827-053720,1.9483326204732,True,3.87423,1.66012,3.87423,,,,,,,,,,,,0
66,739.09,312.55,-4.20488,0.855129,20.0,53.3,2.0,annealing_T=125_h=25,absent,never_detected_in_condition,20.0,1256.6370614359173,annealing_T=75_h=25,v,20260531-095134,cross_constant_fallback,user_fixed_radius,user_fixed_radius,,20260827-053720,1.9483326204732,True,1.947,1.53347,1.947,,,,,,,,,,,,0
66,739.09,312.55,-6.59158,1.01762,20.0,54.3,3.0,annealing_T=125_h=25,absent,never_detected_in_condition,20.0,1256.6370614359173,annealing_T=75_h=25,v,20260531-095134,cross_constant_fallback,user_fixed_radius,user_fixed_radius,,20260827-053720,1.9483326204732,True,0.04215,1.32563,1.32563,,,,,,,,,,,,0
66,739.09,312.55,3.69839,1.07759,20.0,55.3,4.0,annealing_T=125_h=25,absent,never_detected_in_condition,20.0,1256.6370614359173,annealing_T=75_h=25,v,20260531-095134,cross_constant_fallback,user_fixed_radius,user_fixed_radius,,20260827-053720,1.9483326204732,True,3.096789,0.48288,3.096789,,,,,,,,,,,,0
66,739.09,312.55,-6.20182,1.19446,20.0,56.3,5.0,annealing_T=125_h=25,absent,never_detected_in_condition,20.0,1256.6370614359173,annealing_T=75_h=25,v,20260531-095134,cross_constant_fallback,user_fixed_radius,user_fixed_radius,,20260827-053720,1.9483326204732,True,0.76044,0.72123,0.76044,,,,,,,,,,,,0
66,739.09,312.55,-14.3591,1.58579,20.0,58.3,7.0,annealing_T=125_h=25,absent,never_detected_in_condition,20.0,1256.6370614359173,annealing_T=75_h=25,v,20260531-095134,cross_constant_fallback,user_fixed_radius,user_fixed_radius,,20260827-053720,1.9483326204732,True,5.3529,4.2766,5.3529,,,,,,,,,,,,0
67,1652.31,628.84,-3.92651,0.98974,20.0,52.3,1.0,annealing_T=125_h=25,absent,absent,20.0,1256.6370614359173,annealing_T=100_h=25,T,20260625-095817,previous_detection,user_fixed_radius,user_fixed_radius,,20260827-053720,1.797887649437418,False,2.35039,2.1089,2.35039,,,,,,,,,,,,0
67,1652.31,628.84,0.546576,1.07893,20.0,53.3,2.0,annealing_T=125_h=25,absent,absent,20.0,1256.6370614359173,annealing_T=100_h=25,T,20260625-095817,previous_detection,user_fixed_radius,user_fixed_radius,,20260827-053720,1.797887649437418,False,0.273686,1.579266,1.579266,,,,,,,,,,,,0
67,1652.31,628.84,5.46402,1.33721,20.0,54.3,3.0,annealing_T=125_h=25,absent,absent,20.0,1256.6370614359173,annealing_T=100_h=25,T,20260625-095817,previous_detection,user_fixed_radius,user_fixed_radius,,20260827-053720,1.797887649437418,False,5.172949,2.27919,5.172949,,,,,,,,,,,,0
67,1652.31,628.84,7.32063,1.26804,20.0,55.3,4.0,annealing_T=125_h=25,absent,absent,20.0,1256.6370614359173,annealing_T=100_h=25,T,20260625-095817,previous_detection,user_fixed_radius,user_fixed_radius,,20260827-053720,1.797887649437418,False,4.246,1.97727,4.246,,,,,,,,,,,,0
67,1652.31,628.84,8.603,1.3672,20.0,56.3,5.0,annealing_T=125_h=25,absent,absent,20.0,1256.6370614359173,annealing_T=100_h=25,T,20260625-095817,previous_detection,user_fixed_radius,user_fixed_radius,,20260827-053720,1.797887649437418,False,1.9194,0.92287,1.9194,,,,,,,,,,,,0
67,1652.31,628.84,7.23514,1.70404,20.0,58.3,7.0,annealing_T=125_h=25,absent,absent,20.0,1256.6370614359173,annealing_T=100_h=25,T,20260625-095817,previous_detection,user_fixed_radius,user_fixed_radius,,20260827-053720,1.797887649437418,False,8.26009,1.4259,8.26009,,,,,,,,,,,,0
68,1844.45,887.93,15.0832,1.0818,20.0,52.3,1.0,annealing_T=125_h=25,present,present,20.0,1256.6370614359173,annealing_T=125_h=25,T,20260827-053720,phase_detection,user_fixed_radius,user_fixed_radius,,20260827-053720,2.258694313093291,False,0.8366,4.7195,4.7195,3.4584,0.00950049,0.0147075,1.45544,0.0258391,17475.9,4,4368.98,0,3,1.3823e-08,1
68,1844.45,887.93,21.8244,1.23531,20.0,53.3,2.0,annealing_T=125_h=25,present,present,20.0,1256.6370614359173,annealing_T=125_h=25,T,20260827-053720,phase_detection,user_fixed_radius,user_fixed_radius,,20260827-053720,2.258694313093291,False,2.5743,2.5167,2.5743,3.4584,0.00950049,0.0147075,1.45544,0.0258391,17475.9,4,4368.98,0,3,1.3823e-08,1
68,1844.45,887.93,27.7367,1.22477,20.0,54.3,3.0,annealing_T=125_h=25,present,present,20.0,1256.6370614359173,annealing_T=125_h=25,T,20260827-053720,phase_detection,user_fixed_radius,user_fixed_radius,,20260827-053720,2.258694313093291,False,0.1544,1.3497,1.3497,3.4584,0.00950049,0.0147075,1.45544,0.0258391,17475.9,4,4368.98,0,3,1.3823e-08,1
68,1844.45,887.93,46.5109,1.49775,20.0,55.3,4.0,annealing_T=125_h=25,present,present,20.0,1256.6370614359173,annealing_T=125_h=25,T,20260827-053720,phase_detection,user_fixed_radius,user_fixed_radius,,20260827-053720,2.258694313093291,False,1.289,2.8554,2.8554,3.4584,0.00950049,0.0147075,1.45544,0.0258391,17475.9,4,4368.98,0,3,1.3823e-08,1
68,1844.45,887.93,538.874,1.71008,20.0,56.3,5.0,annealing_T=125_h=25,present,present,20.0,1256.6370614359173,annealing_T=125_h=25,T,20260827-053720,phase_detection,user_fixed_radius,user_fixed_radius,,20260827-053720,2.258694313093291,False,5.883,11.169,11.169,3.4584,0.00950049,0.0147075,1.45544,0.0258391,17475.9,4,4368.98,0,3,1.3823e-08,1
68,1844.45,887.93,1173.21,2.47438,20.0,58.3,7.0,annealing_T=125_h=25,present,present,20.0,1256.6370614359173,annealing_T=125_h=25,T,20260827-053720,phase_detection,user_fixed_radius,user_fixed_radius,,20260827-053720,2.258694313093291,False,23.05,40.19,40.19,3.4584,0.00950049,0.0147075,1.45544,0.0258391,17475.9,4,4368.98,0,3,1.3823e-08,1
69,587.12,495.03,2.3004,0.939896,20.0,52.3,1.0,annealing_T=125_h=25,absent,absent,20.0,1256.6370614359173,annealing_T=100_h=25,T,20260625-095817,previous_detection,user_fixed_radius,user_fixed_radius,,20260827-053720,1.1661903789690429,False,4.47461,0.9381,4.47461,,,,,,,,,,,,0
69,587.12,495.03,5.06148,1.08032,20.0,53.3,2.0,annealing_T=125_h=25,absent,absent,20.0,1256.6370614359173,annealing_T=100_h=25,T,20260625-095817,previous_detection,user_fixed_radius,user_fixed_radius,,20260827-053720,1.1661903789690429,False,0.41055,1.74477,1.74477,,,,,,,,,,,,0
69,587.12,495.03,-1.50044,1.13296,20.0,54.3,3.0,annealing_T=125_h=25,absent,absent,20.0,1256.6370614359173,annealing_T=100_h=25,T,20260625-095817,previous_detection,user_fixed_radius,user_fixed_radius,,20260827-053720,1.1661903789690429,False,5.18177,2.56671,5.18177,,,,,,,,,,,,0
69,587.12,495.03,7.51496,1.22987,20.0,55.3,4.0,annealing_T=125_h=25,absent,absent,20.0,1256.6370614359173,annealing_T=100_h=25,T,20260625-095817,previous_detection,user_fixed_radius,user_fixed_radius,,20260827-053720,1.1661903789690429,False,4.58264,0.74384,4.58264,,,,,,,,,,,,0
69,587.12,495.03,12.6407,1.39873,20.0,56.3,5.0,annealing_T=125_h=25,absent,absent,20.0,1256.6370614359173,annealing_T=100_h=25,T,20260625-095817,previous_detection,user_fixed_radius,user_fixed_radius,,20260827-053720,1.1661903789690429,False,8.0826,1.5585,8.0826,,,,,,,,,,,,0
69,587.12,495.03,227.852,1.69164,20.0,58.3,7.0,annealing_T=125_h=25,absent,absent,20.0,1256.6370614359173,annealing_T=100_h=25,T,20260625-095817,previous_detection,user_fixed_radius,user_fixed_radius,,20260827-053720,1.1661903789690429,False,7.699,13.662,13.662,,,,,,,,,,,,0
70,1464.22,944.78,6.6093,0.814165,20.0,52.3,1.0,annealing_T=125_h=25,absent,absent,20.0,1256.6370614359173,annealing_T=100_h=5,T,20260610-203538,previous_detection,user_fixed_radius,user_fixed_radius,,20260827-053720,0.7158910531638828,False,1.11154,2.90385,2.90385,,,,,,,,,,,,0
70,1464.22,944.78,-2.88082,0.993222,20.0,53.3,2.0,annealing_T=125_h=25,absent,absent,20.0,1256.6370614359173,annealing_T=100_h=5,T,20260610-203538,previous_detection,user_fixed_radius,user_fixed_radius,,20260827-053720,0.7158910531638828,False,4.09631,2.9420277,4.09631,,,,,,,,,,,,0
70,1464.22,944.78,1.27944,0.972625,20.0,54.3,3.0,annealing_T=125_h=25,absent,absent,20.0,1256.6370614359173,annealing_T=100_h=5,T,20260610-203538,previous_detection,user_fixed_radius,user_fixed_radius,,20260827-053720,0.7158910531638828,False,2.44751,2.29622,2.44751,,,,,,,,,,,,0
70,1464.22,944.78,12.3709,1.15564,20.0,55.3,4.0,annealing_T=125_h=25,absent,absent,20.0,1256.6370614359173,annealing_T=100_h=5,T,20260610-203538,previous_detection,user_fixed_radius,user_fixed_radius,,20260827-053720,0.7158910531638828,False,3.8441,5.95203,5.95203,,,,,,,,,,,,0
70,1464.22,944.78,6.33905,1.23655,20.0,56.3,5.0,annealing_T=125_h=25,absent,absent,20.0,1256.6370614359173,annealing_T=100_h=5,T,20260610-203538,previous_detection,user_fixed_radius,user_fixed_radius,,20260827-053720,0.7158910531638828,False,4.65715,3.88185,4.65715,,,,,,,,,,,,0
70,1464.22,944.78,28.3809,1.42051,20.0,58.3,7.0,annealing_T=125_h=25,absent,absent,20.0,1256.6370614359173,annealing_T=100_h=5,T,20260610-203538,previous_detection,user_fixed_radius,user_fixed_radius,,20260827-053720,0.7158910531638828,False,3.5995,9.0757,9.0757,,,,,,,,,,,,0
71,634.14,914.58,5.55777,0.91347,20.0,52.3,1.0,annealing_T=125_h=25,absent,disappeared,20.0,1256.6370614359173,annealing_T=125_h=5,T,20260723-075232,previous_detection,user_fixed_radius,user_fixed_radius,,20260827-053720,1.9393297811357435,False,1.60934,0.59881,1.60934,,,,,,,,,,,,0
71,634.14,914.58,3.38912,1.00118,20.0,53.3,2.0,annealing_T=125_h=25,absent,disappeared,20.0,1256.6370614359173,annealing_T=125_h=5,T,20260723-075232,previous_detection,user_fixed_radius,user_fixed_radius,,20260827-053720,1.9393297811357435,False,1.11148,0.83476,1.11148,,,,,,,,,,,,0
71,634.14,914.58,7.68378,1.04344,20.0,54.3,3.0,annealing_T=125_h=25,absent,disappeared,20.0,1256.6370614359173,annealing_T=125_h=5,T,20260723-075232,previous_detection,user_fixed_radius,user_fixed_radius,,20260827-053720,1.9393297811357435,False,2.23067,2.41222,2.41222,,,,,,,,,,,,0
71,634.14,914.58,11.8495,1.13832,20.0,55.3,4.0,annealing_T=125_h=25,absent,disappeared,20.0,1256.6370614359173,annealing_T=125_h=5,T,20260723-075232,previous_detection,user_fixed_radius,user_fixed_radius,,20260827-053720,1.9393297811357435,False,5.22115,1.2441,5.22115,,,,,,,,,,,,0
71,634.14,914.58,30.1452,1.20315,20.0,56.3,5.0,annealing_T=125_h=25,absent,disappeared,20.0,1256.6370614359173,annealing_T=125_h=5,T,20260723-075232,previous_detection,user_fixed_radius,user_fixed_radius,,20260827-053720,1.9393297811357435,False,5.6205,0.6676,5.6205,,,,,,,,,,,,0
71,634.14,914.58,35.0457,1.78868,20.0,58.3,7.0,annealing_T=125_h=25,absent,disappeared,20.0,1256.6370614359173,annealing_T=125_h=5,T,20260723-075232,previous_detection,user_fixed_radius,user_fixed_radius,,20260827-053720,1.9393297811357435,False,1.5185,2.7789,2.7789,,,,,,,,,,,,0
72,1423.44,351.36,6.67431,0.846355,20.0,52.3,1.0,annealing_T=125_h=25,absent,disappeared,20.0,1256.6370614359173,annealing_T=125_h=5,T,20260723-075232,previous_detection,user_fixed_radius,user_fixed_radius,,20260827-053720,1.065316854273986,False,3.97471,2.72,3.97471,,,,,,,,,,,,0
72,1423.44,351.36,1.03762,1.03572,20.0,53.3,2.0,annealing_T=125_h=25,absent,disappeared,20.0,1256.6370614359173,annealing_T=125_h=5,T,20260723-075232,previous_detection,user_fixed_radius,user_fixed_radius,,20260827-053720,1.065316854273986,False,3.89631,4.471,4.471,,,,,,,,,,,,0
72,1423.44,351.36,-6.8247,0.959701,20.0,54.3,3.0,annealing_T=125_h=25,absent,disappeared,20.0,1256.6370614359173,annealing_T=125_h=5,T,20260723-075232,previous_detection,user_fixed_radius,user_fixed_radius,,20260827-053720,1.065316854273986,False,0.06856,4.32777,4.32777,,,,,,,,,,,,0
72,1423.44,351.36,-0.928488,1.06425,20.0,55.3,4.0,annealing_T=125_h=25,absent,disappeared,20.0,1256.6370614359173,annealing_T=125_h=5,T,20260723-075232,previous_detection,user_fixed_radius,user_fixed_radius,,20260827-053720,1.065316854273986,False,2.205268,2.903868,2.903868,,,,,,,,,,,,0
72,1423.44,351.36,-13.7254,1.23711,20.0,56.3,5.0,annealing_T=125_h=25,absent,disappeared,20.0,1256.6370614359173,annealing_T=125_h=5,T,20260723-075232,previous_detection,user_fixed_radius,user_fixed_radius,,20260827-053720,1.065316854273986,False,6.7283,3.0113,6.7283,,,,,,,,,,,,0
72,1423.44,351.36,-18.2083,1.50946,20.0,58.3,7.0,annealing_T=125_h=25,absent,disappeared,20.0,1256.6370614359173,annealing_T=125_h=5,T,20260723-075232,previous_detection,user_fixed_radius,user_fixed_radius,,20260827-053720,1.065316854273986,False,4.5612,10.86723,10.86723,,,,,,,,,,,,0
73,1088.6,520.66,17.8262,1.17887,20.0,52.3,1.0,annealing_T=125_h=25,present,present,20.0,1256.6370614359173,annealing_T=125_h=25,T,20260827-053720,phase_detection,user_fixed_radius,user_fixed_radius,,20260827-053720,1.41028365941039,False,6.4762,1.8998,6.4762,2.42251,0.00768837,0.0121869,9.30536,0.128628,354.653,4,88.6632,0,3,6.44904e-10,1
73,1088.6,520.66,66.7583,1.233,20.0,53.3,2.0,annealing_T=125_h=25,present,present,20.0,1256.6370614359173,annealing_T=125_h=25,T,20260827-053720,phase_detection,user_fixed_radius,user_fixed_radius,,20260827-053720,1.41028365941039,False,3.2861,3.6879,3.6879,2.42251,0.00768837,0.0121869,9.30536,0.128628,354.653,4,88.6632,0,3,6.44904e-10,1
73,1088.6,520.66,138.636,1.3886,20.0,54.3,3.0,annealing_T=125_h=25,present,present,20.0,1256.6370614359173,annealing_T=125_h=25,T,20260827-053720,phase_detection,user_fixed_radius,user_fixed_radius,,20260827-053720,1.41028365941039,False,3.351,0.322,3.351,2.42251,0.00768837,0.0121869,9.30536,0.128628,354.653,4,88.6632,0,3,6.44904e-10,1
73,1088.6,520.66,259.475,1.55541,20.0,55.3,4.0,annealing_T=125_h=25,present,present,20.0,1256.6370614359173,annealing_T=125_h=25,T,20260827-053720,phase_detection,user_fixed_radius,user_fixed_radius,,20260827-053720,1.41028365941039,False,4.465,5.463,5.463,2.42251,0.00768837,0.0121869,9.30536,0.128628,354.653,4,88.6632,0,3,6.44904e-10,1
73,1088.6,520.66,445.223,1.85242,20.0,56.3,5.0,annealing_T=125_h=25,present,present,20.0,1256.6370614359173,annealing_T=125_h=25,T,20260827-053720,phase_detection,user_fixed_radius,user_fixed_radius,,20260827-053720,1.41028365941039,False,11.167,13.619,13.619,2.42251,0.00768837,0.0121869,9.30536,0.128628,354.653,4,88.6632,0,3,6.44904e-10,1
73,1088.6,520.66,1047.41,2.41312,20.0,58.3,7.0,annealing_T=125_h=25,present,present,20.0,1256.6370614359173,annealing_T=125_h=25,T,20260827-053720,phase_detection,user_fixed_radius,user_fixed_radius,,20260827-053720,1.41028365941039,False,29.9,23.96,29.9,2.42251,0.00768837,0.0121869,9.30536,0.128628,354.653,4,88.6632,0,3,6.44904e-10,1
74,859.78,471.24,9.61823,1.08614,20.0,52.3,1.0,annealing_T=125_h=25,present,reappeared,20.0,1256.6370614359173,annealing_T=125_h=25,T,20260827-053720,phase_detection,user_fixed_radius,user_fixed_radius,,20260827-053720,1.4045639892863937,False,1.40334,3.58177,3.58177,1.64895,0.0357388,0.0802502,5.64157,0.342701,40.7196,4,10.1799,0,3,3.9451e-06,1
74,859.78,471.24,19.9832,1.25459,20.0,53.3,2.0,annealing_T=125_h=25,present,reappeared,20.0,1256.6370614359173,annealing_T=125_h=25,T,20260827-053720,phase_detection,user_fixed_radius,user_fixed_radius,,20260827-053720,1.4045639892863937,False,5.7275,1.5148,5.7275,1.64895,0.0357388,0.0802502,5.64157,0.342701,40.7196,4,10.1799,0,3,3.9451e-06,1
74,859.78,471.24,36.7154,1.41369,20.0,54.3,3.0,annealing_T=125_h=25,present,reappeared,20.0,1256.6370614359173,annealing_T=125_h=25,T,20260827-053720,phase_detection,user_fixed_radius,user_fixed_radius,,20260827-053720,1.4045639892863937,False,2.3033,1.9325,2.3033,1.64895,0.0357388,0.0802502,5.64157,0.342701,40.7196,4,10.1799,0,3,3.9451e-06,1
74,859.78,471.24,49.0958,1.6263,20.0,55.3,4.0,annealing_T=125_h=25,present,reappeared,20.0,1256.6370614359173,annealing_T=125_h=25,T,20260827-053720,phase_detection,user_fixed_radius,user_fixed_radius,,20260827-053720,1.4045639892863937,False,2.1355,2.2662,2.2662,1.64895,0.0357388,0.0802502,5.64157,0.342701,40.7196,4,10.1799,0,3,3.9451e-06,1
74,859.78,471.24,78.0682,1.46606,20.0,56.3,5.0,annealing_T=125_h=25,present,reappeared,20.0,1256.6370614359173,annealing_T=125_h=25,T,20260827-053720,phase_detection,user_fixed_radius,user_fixed_radius,,20260827-053720,1.4045639892863937,False,3.1089,4.9871,4.9871,1.64895,0.0357388,0.0802502,5.64157,0.342701,40.7196,4,10.1799,0,3,3.9451e-06,1
74,859.78,471.24,144.042,2.1838,20.0,58.3,7.0,annealing_T=125_h=25,present,reappeared,20.0,1256.6370614359173,annealing_T=125_h=25,T,20260827-053720,phase_detection,user_fixed_radius,user_fixed_radius,,20260827-053720,1.4045639892863937,False,2.547,2.403,2.547,1.64895,0.0357388,0.0802502,5.64157,0.342701,40.7196,4,10.1799,0,3,3.9451e-06,1
75,1174.35,651.63,6.01184,1.07988,20.0,52.3,1.0,annealing_T=125_h=25,absent,disappeared,20.0,1256.6370614359173,annealing_T=125_h=5,T,20260723-075232,previous_detection,user_fixed_radius,user_fixed_radius,,20260827-053720,1.7812635964393235,False,2.47855,1.75872,2.47855,,,,,,,,,,,,0
75,1174.35,651.63,-4.62864,1.19867,20.0,53.3,2.0,annealing_T=125_h=25,absent,disappeared,20.0,1256.6370614359173,annealing_T=125_h=5,T,20260723-075232,previous_detection,user_fixed_radius,user_fixed_radius,,20260827-053720,1.7812635964393235,False,2.08763,1.52374,2.08763,,,,,,,,,,,,0
75,1174.35,651.63,-11.0757,1.16327,20.0,54.3,3.0,annealing_T=125_h=25,absent,disappeared,20.0,1256.6370614359173,annealing_T=125_h=5,T,20260723-075232,previous_detection,user_fixed_radius,user_fixed_radius,,20260827-053720,1.7812635964393235,False,1.856,1.72057,1.856,,,,,,,,,,,,0
75,1174.35,651.63,-9.06841,1.35873,20.0,55.3,4.0,annealing_T=125_h=25,absent,disappeared,20.0,1256.6370614359173,annealing_T=125_h=5,T,20260723-075232,previous_detection,user_fixed_radius,user_fixed_radius,,20260827-053720,1.7812635964393235,False,1.13327,6.36694,6.36694,,,,,,,,,,,,0
75,1174.35,651.63,-7.60474,1.50574,20.0,56.3,5.0,annealing_T=125_h=25,absent,disappeared,20.0,1256.6370614359173,annealing_T=125_h=5,T,20260723-075232,previous_detection,user_fixed_radius,user_fixed_radius,,20260827-053720,1.7812635964393235,False,3.74986,4.10576,4.10576,,,,,,,,,,,,0
75,1174.35,651.63,-4.81616,1.74058,20.0,58.3,7.0,annealing_T=125_h=25,absent,disappeared,20.0,1256.6370614359173,annealing_T=125_h=5,T,20260723-075232,previous_detection,user_fixed_radius,user_fixed_radius,,20260827-053720,1.7812635964393235,False,3.7936,0.58224,3.7936,,,,,,,,,,,,0
76,1679.25,252.72,3.86164,0.993482,20.0,52.3,1.0,annealing_T=125_h=25,present,present,20.0,1256.6370614359173,annealing_T=125_h=25,T,20260827-053720,phase_detection,user_fixed_radius,user_fixed_radius,,20260827-053720,1.1386395390991908,False,0.66491,2.22745,2.22745,1.44642,0.0606822,0.239192,3.8017,0.389676,179.111,4,44.7778,0,3,2.02882e-09,1
76,1679.25,252.72,13.4396,1.04505,20.0,53.3,2.0,annealing_T=125_h=25,present,present,20.0,1256.6370614359173,annealing_T=125_h=25,T,20260827-053720,phase_detection,user_fixed_radius,user_fixed_radius,,20260827-053720,1.1386395390991908,False,0.932,0.4504,0.932,1.44642,0.0606822,0.239192,3.8017,0.389676,179.111,4,44.7778,0,3,2.02882e-09,1
76,1679.25,252.72,29.9407,1.34991,20.0,54.3,3.0,annealing_T=125_h=25,present,present,20.0,1256.6370614359173,annealing_T=125_h=25,T,20260827-053720,phase_detection,user_fixed_radius,user_fixed_radius,,20260827-053720,1.1386395390991908,False,0.9477,5.0633,5.0633,1.44642,0.0606822,0.239192,3.8017,0.389676,179.111,4,44.7778,0,3,2.02882e-09,1
76,1679.25,252.72,20.5038,1.28775,20.0,55.3,4.0,annealing_T=125_h=25,present,present,20.0,1256.6370614359173,annealing_T=125_h=25,T,20260827-053720,phase_detection,user_fixed_radius,user_fixed_radius,,20260827-053720,1.1386395390991908,False,4.579,1.1402,4.579,1.44642,0.0606822,0.239192,3.8017,0.389676,179.111,4,44.7778,0,3,2.02882e-09,1
76,1679.25,252.72,29.6514,1.41331,20.0,56.3,5.0,annealing_T=125_h=25,present,present,20.0,1256.6370614359173,annealing_T=125_h=25,T,20260827-053720,phase_detection,user_fixed_radius,user_fixed_radius,,20260827-053720,1.1386395390991908,False,8.1041,1.3169,8.1041,1.44642,0.0606822,0.239192,3.8017,0.389676,179.111,4,44.7778,0,3,2.02882e-09,1
76,1679.25,252.72,71.1061,1.69712,20.0,58.3,7.0,annealing_T=125_h=25,present,present,20.0,1256.6370614359173,annealing_T=125_h=25,T,20260827-053720,phase_detection,user_fixed_radius,user_fixed_radius,,20260827-053720,1.1386395390991908,False,7.3443,2.9792,7.3443,1.44642,0.0606822,0.239192,3.8017,0.389676,179.111,4,44.7778,0,3,2.02882e-09,1
77,1721.49,804.56,2.60636,0.907153,20.0,52.3,1.0,annealing_T=125_h=25,present,reappeared,20.0,1256.6370614359173,annealing_T=125_h=25,T,20260827-053720,phase_detection,user_fixed_radius,user_fixed_radius,,20260827-053720,0.8006247560499056,False,2.48537,4.22068,4.22068,1.61764,0.0905083,0.698658,1.80478,0.284657,65.4878,4,16.372,0,3,1.10822e-05,1
77,1721.49,804.56,11.5085,0.905947,20.0,53.3,2.0,annealing_T=125_h=25,present,reappeared,20.0,1256.6370614359173,annealing_T=125_h=25,T,20260827-053720,phase_detection,user_fixed_radius,user_fixed_radius,,20260827-053720,0.8006247560499056,False,1.94845,4.21639,4.21639,1.61764,0.0905083,0.698658,1.80478,0.284657,65.4878,4,16.372,0,3,1.10822e-05,1
77,1721.49,804.56,7.16523,1.10909,20.0,54.3,3.0,annealing_T=125_h=25,present,reappeared,20.0,1256.6370614359173,annealing_T=125_h=25,T,20260827-053720,phase_detection,user_fixed_radius,user_fixed_radius,,20260827-053720,0.8006247560499056,False,0.78806,4.12887,4.12887,1.61764,0.0905083,0.698658,1.80478,0.284657,65.4878,4,16.372,0,3,1.10822e-05,1
77,1721.49,804.56,14.7647,1.22348,20.0,55.3,4.0,annealing_T=125_h=25,present,reappeared,20.0,1256.6370614359173,annealing_T=125_h=25,T,20260827-053720,phase_detection,user_fixed_radius,user_fixed_radius,,20260827-053720,0.8006247560499056,False,2.1376,4.7432,4.7432,1.61764,0.0905083,0.698658,1.80478,0.284657,65.4878,4,16.372,0,3,1.10822e-05,1
77,1721.49,804.56,21.6267,1.27595,20.0,56.3,5.0,annealing_T=125_h=25,present,reappeared,20.0,1256.6370614359173,annealing_T=125_h=25,T,20260827-053720,phase_detection,user_fixed_radius,user_fixed_radius,,20260827-053720,0.8006247560499056,False,4.6402,5.8865,5.8865,1.61764,0.0905083,0.698658,1.80478,0.284657,65.4878,4,16.372,0,3,1.10822e-05,1
77,1721.49,804.56,44.5343,1.38468,20.0,58.3,7.0,annealing_T=125_h=25,present,reappeared,20.0,1256.6370614359173,annealing_T=125_h=25,T,20260827-053720,phase_detection,user_fixed_radius,user_fixed_radius,,20260827-053720,0.8006247560499056,False,6.6249,3.9361,6.6249,1.61764,0.0905083,0.698658,1.80478,0.284657,65.4878,4,16.372,0,3,1.10822e-05,1
78,1597.55,318.37,-6.44896,0.885845,20.0,52.3,1.0,annealing_T=125_h=25,absent,never_detected_in_condition,20.0,1256.6370614359173,annealing_T=100_h=25,v,20260702-101218,cross_constant_fallback,user_fixed_radius,user_fixed_radius,,20260827-053720,,True,2.70274,0.24701,2.70274,,,,,,,,,,,,0
78,1597.55,318.37,-2.31422,0.927791,20.0,53.3,2.0,annealing_T=125_h=25,absent,never_detected_in_condition,20.0,1256.6370614359173,annealing_T=100_h=25,v,20260702-101218,cross_constant_fallback,user_fixed_radius,user_fixed_radius,,20260827-053720,,True,2.73853,3.36029,3.36029,,,,,,,,,,,,0
78,1597.55,318.37,-9.03557,1.01701,20.0,54.3,3.0,annealing_T=125_h=25,absent,never_detected_in_condition,20.0,1256.6370614359173,annealing_T=100_h=25,v,20260702-101218,cross_constant_fallback,user_fixed_radius,user_fixed_radius,,20260827-053720,,True,10.76473,6.50421,10.76473,,,,,,,,,,,,0
78,1597.55,318.37,-1.2042,1.22501,20.0,55.3,4.0,annealing_T=125_h=25,absent,never_detected_in_condition,20.0,1256.6370614359173,annealing_T=100_h=25,v,20260702-101218,cross_constant_fallback,user_fixed_radius,user_fixed_radius,,20260827-053720,,True,1.86794,6.3977,6.3977,,,,,,,,,,,,0
78,1597.55,318.37,-7.90198,1.23295,20.0,56.3,5.0,annealing_T=125_h=25,absent,never_detected_in_condition,20.0,1256.6370614359173,annealing_T=100_h=25,v,20260702-101218,cross_constant_fallback,user_fixed_radius,user_fixed_radius,,20260827-053720,,True,1.37548,7.379346,7.379346,,,,,,,,,,,,0
78,1597.55,318.37,-0.195126,1.35036,20.0,58.3,7.0,annealing_T=125_h=25,absent,never_detected_in_condition,20.0,1256.6370614359173,annealing_T=100_h=25,v,20260702-101218,cross_constant_fallback,user_fixed_radius,user_fixed_radius,,20260827-053720,,True,5.325474,7.946736,7.946736,,,,,,,,,,,,0
79,805.09,191.09,-5.19917,0.996785,20.0,52.3,1.0,annealing_T=125_h=25,absent,disappeared,20.0,1256.6370614359173,annealing_T=125_h=5,T,20260723-075232,previous_detection,user_fixed_radius,user_fixed_radius,,20260827-053720,,False,3.14826,2.95146,3.14826,,,,,,,,,,,,0
79,805.09,191.09,12.2313,1.05299,20.0,53.3,2.0,annealing_T=125_h=25,absent,disappeared,20.0,1256.6370614359173,annealing_T=125_h=5,T,20260723-075232,previous_detection,user_fixed_radius,user_fixed_radius,,20260827-053720,,False,3.6151,4.12396,4.12396,,,,,,,,,,,,0
79,805.09,191.09,9.875,1.02576,20.0,54.3,3.0,annealing_T=125_h=25,absent,disappeared,20.0,1256.6370614359173,annealing_T=125_h=5,T,20260723-075232,previous_detection,user_fixed_radius,user_fixed_radius,,20260827-053720,,False,1.13352,1.0971,1.13352,,,,,,,,,,,,0
79,805.09,191.09,22.957,1.09189,20.0,55.3,4.0,annealing_T=125_h=25,absent,disappeared,20.0,1256.6370614359173,annealing_T=125_h=5,T,20260723-075232,previous_detection,user_fixed_radius,user_fixed_radius,,20260827-053720,,False,5.1721,1.4688,5.1721,,,,,,,,,,,,0
79,805.09,191.09,32.1144,1.36662,20.0,56.3,5.0,annealing_T=125_h=25,absent,disappeared,20.0,1256.6370614359173,annealing_T=125_h=5,T,20260723-075232,previous_detection,user_fixed_radius,user_fixed_radius,,20260827-053720,,False,3.8171,3.4254,3.8171,,,,,,,,,,,,0
79,805.09,191.09,75.0252,1.56427,20.0,58.3,7.0,annealing_T=125_h=25,absent,disappeared,20.0,1256.6370614359173,annealing_T=125_h=5,T,20260723-075232,previous_detection,user_fixed_radius,user_fixed_radius,,20260827-053720,,False,1.0774,1.7004,1.7004,,,,,,,,,,,,0
80,829.06,883.12,103.037,0.901354,20.0,52.3,1.0,annealing_T=125_h=25,absent,disappeared,20.0,1256.6370614359173,annealing_T=125_h=5,T,20260723-075232,previous_detection,user_fixed_radius,user_fixed_radius,,20260827-053720,,False,3.418,3.2484,3.418,,,,,,,,,,,,0
80,829.06,883.12,308.705,0.916363,20.0,53.3,2.0,annealing_T=125_h=25,absent,disappeared,20.0,1256.6370614359173,annealing_T=125_h=5,T,20260723-075232,previous_detection,user_fixed_radius,user_fixed_radius,,20260827-053720,,False,2.578,1.064,2.578,,,,,,,,,,,,0
80,829.06,883.12,109.3,1.03459,20.0,54.3,3.0,annealing_T=125_h=25,absent,disappeared,20.0,1256.6370614359173,annealing_T=125_h=5,T,20260723-075232,previous_detection,user_fixed_radius,user_fixed_radius,,20260827-053720,,False,5.324,3.349,5.324,,,,,,,,,,,,0
80,829.06,883.12,213.16,1.16107,20.0,55.3,4.0,annealing_T=125_h=25,absent,disappeared,20.0,1256.6370614359173,annealing_T=125_h=5,T,20260723-075232,previous_detection,user_fixed_radius,user_fixed_radius,,20260827-053720,,False,5.874,1.795,5.874,,,,,,,,,,,,0
80,829.06,883.12,359.065,1.39671,20.0,56.3,5.0,annealing_T=125_h=25,absent,disappeared,20.0,1256.6370614359173,annealing_T=125_h=5,T,20260723-075232,previous_detection,user_fixed_radius,user_fixed_radius,,20260827-053720,,False,3.974,11.242,11.242,,,,,,,,,,,,0
80,829.06,883.12,1918.97,17.8032,20.0,58.3,7.0,annealing_T=125_h=25,absent,disappeared,20.0,1256.6370614359173,annealing_T=125_h=5,T,20260723-075232,previous_detection,user_fixed_radius,user_fixed_radius,,20260827-053720,,False,44.08,54.81,54.81,,,,,,,,,,,,0
81,1267.98,786.38,12.2312,0.738001,20.0,52.3,1.0,annealing_T=125_h=25,present,present,20.0,1256.6370614359173,annealing_T=125_h=25,T,20260827-053720,phase_detection,user_fixed_radius,user_fixed_radius,,20260827-053720,1.6823792675850415,False,0.8751,1.6307,1.6307,3.28361,0.00875399,0.288012,2.59959,0.0423217,23797.5,4,5949.36,0,3,9.62054e-07,1
81,1267.98,786.38,9.27607,0.860849,20.0,53.3,2.0,annealing_T=125_h=25,present,present,20.0,1256.6370614359173,annealing_T=125_h=25,T,20260827-053720,phase_detection,user_fixed_radius,user_fixed_radius,,20260827-053720,1.6823792675850415,False,6.04323,1.64966,6.04323,3.28361,0.00875399,0.288012,2.59959,0.0423217,23797.5,4,5949.36,0,3,9.62054e-07,1
81,1267.98,786.38,6.29693,1.00595,20.0,54.3,3.0,annealing_T=125_h=25,present,present,20.0,1256.6370614359173,annealing_T=125_h=25,T,20260827-053720,phase_detection,user_fixed_radius,user_fixed_radius,,20260827-053720,1.6823792675850415,False,1.27038,1.00766,1.27038,3.28361,0.00875399,0.288012,2.59959,0.0423217,23797.5,4,5949.36,0,3,9.62054e-07,1
81,1267.98,786.38,452.385,2.87023,20.0,55.3,4.0,annealing_T=125_h=25,present,present,20.0,1256.6370614359173,annealing_T=125_h=25,T,20260827-053720,phase_detection,user_fixed_radius,user_fixed_radius,,20260827-053720,1.6823792675850415,False,8.666,7.875,8.666,3.28361,0.00875399,0.288012,2.59959,0.0423217,23797.5,4,5949.36,0,3,9.62054e-07,1
81,1267.98,786.38,890.662,3.87731,20.0,56.3,5.0,annealing_T=125_h=25,present,present,20.0,1256.6370614359173,annealing_T=125_h=25,T,20260827-053720,phase_detection,user_fixed_radius,user_fixed_radius,,20260827-053720,1.6823792675850415,False,17.527,23.527,23.527,3.28361,0.00875399,0.288012,2.59959,0.0423217,23797.5,4,5949.36,0,3,9.62054e-07,1
81,1267.98,786.38,1437.78,4.1249,20.0,58.3,7.0,annealing_T=125_h=25,present,present,20.0,1256.6370614359173,annealing_T=125_h=25,T,20260827-053720,phase_detection,user_fixed_radius,user_fixed_radius,,20260827-053720,1.6823792675850415,False,45.1,64.57,64.57,3.28361,0.00875399,0.288012,2.59959,0.0423217,23797.5,4,5949.36,0,3,9.62054e-07,1
82,1335.46,624.9,14.4862,1.06844,20.0,52.3,1.0,annealing_T=125_h=25,absent,disappeared,20.0,1256.6370614359173,annealing_T=125_h=5,T,20260723-075232,previous_detection,user_fixed_radius,user_fixed_radius,,20260827-053720,,False,0.9361,3.3648,3.3648,,,,,,,,,,,,0
82,1335.46,624.9,-2.68465,1.13544,20.0,53.3,2.0,annealing_T=125_h=25,absent,disappeared,20.0,1256.6370614359173,annealing_T=125_h=5,T,20260723-075232,previous_detection,user_fixed_radius,user_fixed_radius,,20260827-053720,,False,0.37599,4.25119,4.25119,,,,,,,,,,,,0
82,1335.46,624.9,6.94287,1.3677,20.0,54.3,3.0,annealing_T=125_h=25,absent,disappeared,20.0,1256.6370614359173,annealing_T=125_h=5,T,20260723-075232,previous_detection,user_fixed_radius,user_fixed_radius,,20260827-053720,,False,1.07315,1.12644,1.12644,,,,,,,,,,,,0
82,1335.46,624.9,6.05394,1.37549,20.0,55.3,4.0,annealing_T=125_h=25,absent,disappeared,20.0,1256.6370614359173,annealing_T=125_h=5,T,20260723-075232,previous_detection,user_fixed_radius,user_fixed_radius,,20260827-053720,,False,7.09096,6.204153,7.09096,,,,,,,,,,,,0
82,1335.46,624.9,17.9638,1.47948,20.0,56.3,5.0,annealing_T=125_h=25,absent,disappeared,20.0,1256.6370614359173,annealing_T=125_h=5,T,20260723-075232,previous_detection,user_fixed_radius,user_fixed_radius,,20260827-053720,,False,6.2684,2.7957,6.2684,,,,,,,,,,,,0
82,1335.46,624.9,74.576,1.81621,20.0,58.3,7.0,annealing_T=125_h=25,absent,disappeared,20.0,1256.6370614359173,annealing_T=125_h=5,T,20260723-075232,previous_detection,user_fixed_radius,user_fixed_radius,,20260827-053720,,False,0.7681,6.9649,6.9649,,,,,,,,,,,,0
83,1537.05,136.51,-1.446,0.769869,20.0,52.3,1.0,annealing_T=125_h=25,present,present,20.0,1256.6370614359173,annealing_T=125_h=25,T,20260827-053720,phase_detection,user_fixed_radius,user_fixed_radius,,20260827-053720,1.8018878988438496,False,0.610396,4.71602,4.71602,1.75136,0.062696,0.293161,1.73667,0.188143,252.152,4,63.038,0,3,9.9952e-07,1
83,1537.05,136.51,9.42571,0.868828,20.0,53.3,2.0,annealing_T=125_h=25,present,present,20.0,1256.6370614359173,annealing_T=125_h=25,T,20260827-053720,phase_detection,user_fixed_radius,user_fixed_radius,,20260827-053720,1.8018878988438496,False,2.05787,1.73729,2.05787,1.75136,0.062696,0.293161,1.73667,0.188143,252.152,4,63.038,0,3,9.9952e-07,1
83,1537.05,136.51,14.1581,0.939461,20.0,54.3,3.0,annealing_T=125_h=25,present,present,20.0,1256.6370614359173,annealing_T=125_h=25,T,20260827-053720,phase_detection,user_fixed_radius,user_fixed_radius,,20260827-053720,1.8018878988438496,False,1.3354,0.6622,1.3354,1.75136,0.062696,0.293161,1.73667,0.188143,252.152,4,63.038,0,3,9.9952e-07,1
83,1537.05,136.51,7.85216,1.01681,20.0,55.3,4.0,annealing_T=125_h=25,present,present,20.0,1256.6370614359173,annealing_T=125_h=25,T,20260827-053720,phase_detection,user_fixed_radius,user_fixed_radius,,20260827-053720,1.8018878988438496,False,8.46024,1.70933,8.46024,1.75136,0.062696,0.293161,1.73667,0.188143,252.152,4,63.038,0,3,9.9952e-07,1
83,1537.05,136.51,37.6603,1.00094,20.0,56.3,5.0,annealing_T=125_h=25,present,present,20.0,1256.6370614359173,annealing_T=125_h=25,T,20260827-053720,phase_detection,user_fixed_radius,user_fixed_radius,,20260827-053720,1.8018878988438496,False,6.6545,2.1445,6.6545,1.75136,0.062696,0.293161,1.73667,0.188143,252.152,4,63.038,0,3,9.9952e-07,1
83,1537.05,136.51,49.7805,1.39359,20.0,58.3,7.0,annealing_T=125_h=25,present,present,20.0,1256.6370614359173,annealing_T=125_h=25,T,20260827-053720,phase_detection,user_fixed_radius,user_fixed_radius,,20260827-053720,1.8018878988438496,False,4.0558,2.7865,4.0558,1.75136,0.062696,0.293161,1.73667,0.188143,252.152,4,63.038,0,3,9.9952e-07,1
84,1558.43,206.69,4.03702,0.837328,20.0,52.3,1.0,annealing_T=125_h=25,present,present,20.0,1256.6370614359173,annealing_T=125_h=25,T,20260827-053720,phase_detection,user_fixed_radius,user_fixed_radius,,20260827-053720,2.3343093196918265,False,1.85467,3.89862,3.89862,2.2555,0.0215088,0.166002,2.99898,0.11672,24.2446,4,6.06115,0,3,5.30092e-08,1
84,1558.43,206.69,14.7362,1.04736,20.0,53.3,2.0,annealing_T=125_h=25,present,present,20.0,1256.6370614359173,annealing_T=125_h=25,T,20260827-053720,phase_detection,user_fixed_radius,user_fixed_radius,,20260827-053720,2.3343093196918265,False,1.9555,1.4268,1.9555,2.2555,0.0215088,0.166002,2.99898,0.11672,24.2446,4,6.06115,0,3,5.30092e-08,1
84,1558.43,206.69,37.4539,1.03278,20.0,54.3,3.0,annealing_T=125_h=25,present,present,20.0,1256.6370614359173,annealing_T=125_h=25,T,20260827-053720,phase_detection,user_fixed_radius,user_fixed_radius,,20260827-053720,2.3343093196918265,False,0.2487,4.0145,4.0145,2.2555,0.0215088,0.166002,2.99898,0.11672,24.2446,4,6.06115,0,3,5.30092e-08,1
84,1558.43,206.69,63.5552,1.22109,20.0,55.3,4.0,annealing_T=125_h=25,present,present,20.0,1256.6370614359173,annealing_T=125_h=25,T,20260827-053720,phase_detection,user_fixed_radius,user_fixed_radius,,20260827-053720,2.3343093196918265,False,1.2678,3.2657,3.2657,2.2555,0.0215088,0.166002,2.99898,0.11672,24.2446,4,6.06115,0,3,5.30092e-08,1
84,1558.43,206.69,115.766,1.30193,20.0,56.3,5.0,annealing_T=125_h=25,present,present,20.0,1256.6370614359173,annealing_T=125_h=25,T,20260827-053720,phase_detection,user_fixed_radius,user_fixed_radius,,20260827-053720,2.3343093196918265,False,7.804,2.592,7.804,2.2555,0.0215088,0.166002,2.99898,0.11672,24.2446,4,6.06115,0,3,5.30092e-08,1
84,1558.43,206.69,241.368,1.5491,20.0,58.3,7.0,annealing_T=125_h=25,present,present,20.0,1256.6370614359173,annealing_T=125_h=25,T,20260827-053720,phase_detection,user_fixed_radius,user_fixed_radius,,20260827-053720,2.3343093196918265,False,5.05,6.823,6.823,2.2555,0.0215088,0.166002,2.99898,0.11672,24.2446,4,6.06115,0,3,5.30092e-08,1
85,573.96,120.15,-5.06553,0.830895,20.0,52.3,1.0,annealing_T=125_h=25,present,appeared,20.0,1256.6370614359173,annealing_T=125_h=25,T,20260827-053720,phase_detection,user_fixed_radius,user_fixed_radius,,20260827-053720,,False,0.78839,4.42093,4.42093,2.09186,0.038652,0.204877,2.069,0.140479,222.4,4,55.6,0,3,2.45023e-08,1
85,573.96,120.15,18.891,0.983936,20.0,53.3,2.0,annealing_T=125_h=25,present,appeared,20.0,1256.6370614359173,annealing_T=125_h=25,T,20260827-053720,phase_detection,user_fixed_radius,user_fixed_radius,,20260827-053720,,False,0.0816,0.2542,0.2542,2.09186,0.038652,0.204877,2.069,0.140479,222.4,4,55.6,0,3,2.45023e-08,1
85,573.96,120.15,23.7371,0.943928,20.0,54.3,3.0,annealing_T=125_h=25,present,appeared,20.0,1256.6370614359173,annealing_T=125_h=25,T,20260827-053720,phase_detection,user_fixed_radius,user_fixed_radius,,20260827-053720,,False,2.9788,2.453,2.9788,2.09186,0.038652,0.204877,2.069,0.140479,222.4,4,55.6,0,3,2.45023e-08,1
85,573.96,120.15,32.7203,1.01185,20.0,55.3,4.0,annealing_T=125_h=25,present,appeared,20.0,1256.6370614359173,annealing_T=125_h=25,T,20260827-053720,phase_detection,user_fixed_radius,user_fixed_radius,,20260827-053720,,False,1.3089,5.6422,5.6422,2.09186,0.038652,0.204877,2.069,0.140479,222.4,4,55.6,0,3,2.45023e-08,1
85,573.96,120.15,56.5173,1.41991,20.0,56.3,5.0,annealing_T=125_h=25,present,appeared,20.0,1256.6370614359173,annealing_T=125_h=25,T,20260827-053720,phase_detection,user_fixed_radius,user_fixed_radius,,20260827-053720,,False,0.067,6.4442,6.4442,2.09186,0.038652,0.204877,2.069,0.140479,222.4,4,55.6,0,3,2.45023e-08,1
85,573.96,120.15,124.448,1.67716,20.0,58.3,7.0,annealing_T=125_h=25,present,appeared,20.0,1256.6370614359173,annealing_T=125_h=25,T,20260827-053720,phase_detection,user_fixed_radius,user_fixed_radius,,20260827-053720,,False,2.734,6.777,6.777,2.09186,0.038652,0.204877,2.069,0.140479,222.4,4,55.6,0,3,2.45023e-08,1
86,912.77,404.15,1.10406,1.08505,20.0,52.3,1.0,annealing_T=125_h=25,present,appeared,20.0,1256.6370614359173,annealing_T=125_h=25,T,20260827-053720,phase_detection,user_fixed_radius,user_fixed_radius,,20260827-053720,,False,0.741671,2.22596,2.22596,3.37914,0.0364625,0.283033,1.21357,0.0696303,1377.03,4,344.259,0,3,2.99758e-08,1
86,912.77,404.15,22.9113,0.932814,20.0,53.3,2.0,annealing_T=125_h=25,present,appeared,20.0,1256.6370614359173,annealing_T=125_h=25,T,20260827-053720,phase_detection,user_fixed_radius,user_fixed_radius,,20260827-053720,,False,0.8367,2.5647,2.5647,3.37914,0.0364625,0.283033,1.21357,0.0696303,1377.03,4,344.259,0,3,2.99758e-08,1
86,912.77,404.15,68.8016,1.28463,20.0,54.3,3.0,annealing_T=125_h=25,present,appeared,20.0,1256.6370614359173,annealing_T=125_h=25,T,20260827-053720,phase_detection,user_fixed_radius,user_fixed_radius,,20260827-053720,,False,6.5285,3.6175,6.5285,3.37914,0.0364625,0.283033,1.21357,0.0696303,1377.03,4,344.259,0,3,2.99758e-08,1
86,912.77,404.15,136.69,1.3215,20.0,55.3,4.0,annealing_T=125_h=25,present,appeared,20.0,1256.6370614359173,annealing_T=125_h=25,T,20260827-053720,phase_detection,user_fixed_radius,user_fixed_radius,,20260827-053720,,False,14.61,7.946,14.61,3.37914,0.0364625,0.283033,1.21357,0.0696303,1377.03,4,344.259,0,3,2.99758e-08,1
86,912.77,404.15,260.245,1.40969,20.0,56.3,5.0,annealing_T=125_h=25,present,appeared,20.0,1256.6370614359173,annealing_T=125_h=25,T,20260827-053720,phase_detection,user_fixed_radius,user_fixed_radius,,20260827-053720,,False,19.178,17.162,19.178,3.37914,0.0364625,0.283033,1.21357,0.0696303,1377.03,4,344.259,0,3,2.99758e-08,1
86,912.77,404.15,1341.92,16.2997,20.0,58.3,7.0,annealing_T=125_h=25,present,appeared,20.0,1256.6370614359173,annealing_T=125_h=25,T,20260827-053720,phase_detection,user_fixed_radius,user_fixed_radius,,20260827-053720,,False,62.11,69.24,69.24,3.37914,0.0364625,0.283033,1.21357,0.0696303,1377.03,4,344.259,0,3,2.99758e-08,1
87,1734.9,907.69,17.8397,1.15437,20.0,52.3,1.0,annealing_T=125_h=25,present,appeared,20.0,1256.6370614359173,annealing_T=125_h=25,T,20260827-053720,phase_detection,user_fixed_radius,user_fixed_radius,,20260827-053720,,False,1.1409,2.516,2.516,1.60758,0.0138847,0.0345245,13.1918,0.313441,209.488,4,52.3721,0,3,8.85169e-08,1
87,1734.9,907.69,42.0157,1.10948,20.0,53.3,2.0,annealing_T=125_h=25,present,appeared,20.0,1256.6370614359173,annealing_T=125_h=25,T,20260827-053720,phase_detection,user_fixed_radius,user_fixed_radius,,20260827-053720,,False,0.27,3.5689,3.5689,1.60758,0.0138847,0.0345245,13.1918,0.313441,209.488,4,52.3721,0,3,8.85169e-08,1
87,1734.9,907.69,78.5608,1.26385,20.0,54.3,3.0,annealing_T=125_h=25,present,appeared,20.0,1256.6370614359173,annealing_T=125_h=25,T,20260827-053720,phase_detection,user_fixed_radius,user_fixed_radius,,20260827-053720,,False,2.9559,2.0127,2.9559,1.60758,0.0138847,0.0345245,13.1918,0.313441,209.488,4,52.3721,0,3,8.85169e-08,1
87,1734.9,907.69,129.691,1.40253,20.0,55.3,4.0,annealing_T=125_h=25,present,appeared,20.0,1256.6370614359173,annealing_T=125_h=25,T,20260827-053720,phase_detection,user_fixed_radius,user_fixed_radius,,20260827-053720,,False,2.193,4.81,4.81,1.60758,0.0138847,0.0345245,13.1918,0.313441,209.488,4,52.3721,0,3,8.85169e-08,1
87,1734.9,907.69,157.862,1.47949,20.0,56.3,5.0,annealing_T=125_h=25,present,appeared,20.0,1256.6370614359173,annealing_T=125_h=25,T,20260827-053720,phase_detection,user_fixed_radius,user_fixed_radius,,20260827-053720,,False,0.192,2.387,2.387,1.60758,0.0138847,0.0345245,13.1918,0.313441,209.488,4,52.3721,0,3,8.85169e-08,1
87,1734.9,907.69,310.099,1.85046,20.0,58.3,7.0,annealing_T=125_h=25,present,appeared,20.0,1256.6370614359173,annealing_T=125_h=25,T,20260827-053720,phase_detection,user_fixed_radius,user_fixed_radius,,20260827-053720,,False,8.379,9.628,9.628,1.60758,0.0138847,0.0345245,13.1918,0.313441,209.488,4,52.3721,0,3,8.85169e-08,1
88,1769.25,209.37,10.0729,1.00173,20.0,52.3,1.0,annealing_T=125_h=25,absent,not_yet_detected,20.0,1256.6370614359173,annealing_T=150_h=5,T,20260908-043207,first_future_detection,user_fixed_radius,user_fixed_radius,,20260827-053720,0.6082762530298024,False,4.2784,1.42217,4.2784,,,,,,,,,,,,0
88,1769.25,209.37,37.372,1.04055,20.0,53.3,2.0,annealing_T=125_h=25,absent,not_yet_detected,20.0,1256.6370614359173,annealing_T=150_h=5,T,20260908-043207,first_future_detection,user_fixed_radius,user_fixed_radius,,20260827-053720,0.6082762530298024,False,5.0283,5.5398,5.5398,,,,,,,,,,,,0
88,1769.25,209.37,69.1379,1.10982,20.0,54.3,3.0,annealing_T=125_h=25,absent,not_yet_detected,20.0,1256.6370614359173,annealing_T=150_h=5,T,20260908-043207,first_future_detection,user_fixed_radius,user_fixed_radius,,20260827-053720,0.6082762530298024,False,2.2193,0.9291,2.2193,,,,,,,,,,,,0
88,1769.25,209.37,117.301,1.23904,20.0,55.3,4.0,annealing_T=125_h=25,absent,not_yet_detected,20.0,1256.6370614359173,annealing_T=150_h=5,T,20260908-043207,first_future_detection,user_fixed_radius,user_fixed_radius,,20260827-053720,0.6082762530298024,False,1.61,0.681,1.61,,,,,,,,,,,,0
88,1769.25,209.37,183.372,1.38519,20.0,56.3,5.0,annealing_T=125_h=25,absent,not_yet_detected,20.0,1256.6370614359173,annealing_T=150_h=5,T,20260908-043207,first_future_detection,user_fixed_radius,user_fixed_radius,,20260827-053720,0.6082762530298024,False,5.718,3.25,5.718,,,,,,,,,,,,0
88,1769.25,209.37,453.707,1.82531,20.0,58.3,7.0,annealing_T=125_h=25,absent,not_yet_detected,20.0,1256.6370614359173,annealing_T=150_h=5,T,20260908-043207,first_future_detection,user_fixed_radius,user_fixed_radius,,20260827-053720,0.6082762530298024,False,0.16,9.688,9.688,,,,,,,,,,,,0
89,490.59,96.72,-2.60256,0.947532,20.0,52.3,1.0,annealing_T=125_h=25,absent,not_yet_detected,20.0,1256.6370614359173,annealing_T=150_h=5,T,20260908-043207,first_future_detection,user_fixed_radius,user_fixed_radius,,20260827-053720,,False,1.48787,1.679805,1.679805,,,,,,,,,,,,0
89,490.59,96.72,19.8128,1.0811,20.0,53.3,2.0,annealing_T=125_h=25,absent,not_yet_detected,20.0,1256.6370614359173,annealing_T=150_h=5,T,20260908-043207,first_future_detection,user_fixed_radius,user_fixed_radius,,20260827-053720,,False,4.8756,1.2832,4.8756,,,,,,,,,,,,0
89,490.59,96.72,67.4437,1.03422,20.0,54.3,3.0,annealing_T=125_h=25,absent,not_yet_detected,20.0,1256.6370614359173,annealing_T=150_h=5,T,20260908-043207,first_future_detection,user_fixed_radius,user_fixed_radius,,20260827-053720,,False,0.3547,0.8029,0.8029,,,,,,,,,,,,0
89,490.59,96.72,119.461,1.06383,20.0,55.3,4.0,annealing_T=125_h=25,absent,not_yet_detected,20.0,1256.6370614359173,annealing_T=150_h=5,T,20260908-043207,first_future_detection,user_fixed_radius,user_fixed_radius,,20260827-053720,,False,0.796,0.105,0.796,,,,,,,,,,,,0
89,490.59,96.72,207.967,1.28966,20.0,56.3,5.0,annealing_T=125_h=25,absent,not_yet_detected,20.0,1256.6370614359173,annealing_T=150_h=5,T,20260908-043207,first_future_detection,user_fixed_radius,user_fixed_radius,,20260827-053720,,False,0.788,3.022,3.022,,,,,,,,,,,,0
89,490.59,96.72,530.917,1.82402,20.0,58.3,7.0,annealing_T=125_h=25,absent,not_yet_detected,20.0,1256.6370614359173,annealing_T=150_h=5,T,20260908-043207,first_future_detection,user_fixed_radius,user_fixed_radius,,20260827-053720,,False,14.7,19.545,19.545,,,,,,,,,,,,0
90,792.9,248.28,-3.40111,1.03651,20.0,52.3,1.0,annealing_T=125_h=25,absent,not_yet_detected,20.0,1256.6370614359173,annealing_T=150_h=5,T,20260908-043207,first_future_detection,user_fixed_radius,user_fixed_radius,,20260827-053720,,False,3.68951,1.41065,3.68951,,,,,,,,,,,,0
90,792.9,248.28,14.2584,0.857437,20.0,53.3,2.0,annealing_T=125_h=25,absent,not_yet_detected,20.0,1256.6370614359173,annealing_T=150_h=5,T,20260908-043207,first_future_detection,user_fixed_radius,user_fixed_radius,,20260827-053720,,False,1.1939,0.9091,1.1939,,,,,,,,,,,,0
90,792.9,248.28,19.8619,1.11752,20.0,54.3,3.0,annealing_T=125_h=25,absent,not_yet_detected,20.0,1256.6370614359173,annealing_T=150_h=5,T,20260908-043207,first_future_detection,user_fixed_radius,user_fixed_radius,,20260827-053720,,False,4.3484,2.4315,4.3484,,,,,,,,,,,,0
90,792.9,248.28,23.1962,1.07525,20.0,55.3,4.0,annealing_T=125_h=25,absent,not_yet_detected,20.0,1256.6370614359173,annealing_T=150_h=5,T,20260908-043207,first_future_detection,user_fixed_radius,user_fixed_radius,,20260827-053720,,False,4.9192,8.1813,8.1813,,,,,,,,,,,,0
90,792.9,248.28,37.4378,1.3527,20.0,56.3,5.0,annealing_T=125_h=25,absent,not_yet_detected,20.0,1256.6370614359173,annealing_T=150_h=5,T,20260908-043207,first_future_detection,user_fixed_radius,user_fixed_radius,,20260827-053720,,False,1.9474,3.515,3.515,,,,,,,,,,,,0
90,792.9,248.28,83.5647,1.60916,20.0,58.3,7.0,annealing_T=125_h=25,absent,not_yet_detected,20.0,1256.6370614359173,annealing_T=150_h=5,T,20260908-043207,first_future_detection,user_fixed_radius,user_fixed_radius,,20260827-053720,,False,2.7803,0.1655,2.7803,,,,,,,,,,,,0
91,870.76,651.5,49.305,1.23762,20.0,52.3,1.0,annealing_T=125_h=25,absent,not_yet_detected,20.0,1256.6370614359173,annealing_T=150_h=5,T,20260908-043207,first_future_detection,user_fixed_radius,user_fixed_radius,,20260827-053720,,False,1.5272,2.2528,2.2528,,,,,,,,,,,,0
91,870.76,651.5,298.511,1.51296,20.0,53.3,2.0,annealing_T=125_h=25,absent,not_yet_detected,20.0,1256.6370614359173,annealing_T=150_h=5,T,20260908-043207,first_future_detection,user_fixed_radius,user_fixed_radius,,20260827-053720,,False,0.08,10.809,10.809,,,,,,,,,,,,0
91,870.76,651.5,783.225,1.62967,20.0,54.3,3.0,annealing_T=125_h=25,absent,not_yet_detected,20.0,1256.6370614359173,annealing_T=150_h=5,T,20260908-043207,first_future_detection,user_fixed_radius,user_fixed_radius,,20260827-053720,,False,11.726,28.137,28.137,,,,,,,,,,,,0
91,870.76,651.5,1525.39,1.94228,20.0,55.3,4.0,annealing_T=125_h=25,absent,not_yet_detected,20.0,1256.6370614359173,annealing_T=150_h=5,T,20260908-043207,first_future_detection,user_fixed_radius,user_fixed_radius,,20260827-053720,,False,25.39,54.72,54.72,,,,,,,,,,,,0
91,870.76,651.5,2626.94,2.75693,20.0,56.3,5.0,annealing_T=125_h=25,absent,not_yet_detected,20.0,1256.6370614359173,annealing_T=150_h=5,T,20260908-043207,first_future_detection,user_fixed_radius,user_fixed_radius,,20260827-053720,,False,56.41,104.74,104.74,,,,,,,,,,,,0
91,870.76,651.5,6292.15,5.89472,20.0,58.3,7.0,annealing_T=125_h=25,absent,not_yet_detected,20.0,1256.6370614359173,annealing_T=150_h=5,T,20260908-043207,first_future_detection,user_fixed_radius,user_fixed_radius,,20260827-053720,,False,209.4,347.09,347.09,,,,,,,,,,,,0
92,1097.6,198.89,-4.26465,1.00634,20.0,52.3,1.0,annealing_T=125_h=25,absent,not_yet_detected,20.0,1256.6370614359173,annealing_T=150_h=5,T,20260908-043207,first_future_detection,user_fixed_radius,user_fixed_radius,,20260827-053720,,False,3.39577,2.08756,3.39577,,,,,,,,,,,,0
92,1097.6,198.89,0.966783,1.09472,20.0,53.3,2.0,annealing_T=125_h=25,absent,not_yet_detected,20.0,1256.6370614359173,annealing_T=150_h=5,T,20260908-043207,first_future_detection,user_fixed_radius,user_fixed_radius,,20260827-053720,,False,2.263773,1.220947,2.263773,,,,,,,,,,,,0
92,1097.6,198.89,-0.00943365,1.0781,20.0,54.3,3.0,annealing_T=125_h=25,absent,not_yet_detected,20.0,1256.6370614359173,annealing_T=150_h=5,T,20260908-043207,first_future_detection,user_fixed_radius,user_fixed_radius,,20260827-053720,,False,1.48461365,1.39387635,1.48461365,,,,,,,,,,,,0
92,1097.6,198.89,3.84531,1.19248,20.0,55.3,4.0,annealing_T=125_h=25,absent,not_yet_detected,20.0,1256.6370614359173,annealing_T=150_h=5,T,20260908-043207,first_future_detection,user_fixed_radius,user_fixed_radius,,20260827-053720,,False,2.70072,1.21943,2.70072,,,,,,,,,,,,0
92,1097.6,198.89,15.1556,1.15026,20.0,56.3,5.0,annealing_T=125_h=25,absent,not_yet_detected,20.0,1256.6370614359173,annealing_T=150_h=5,T,20260908-043207,first_future_detection,user_fixed_radius,user_fixed_radius,,20260827-053720,,False,3.4012,1.3788,3.4012,,,,,,,,,,,,0
92,1097.6,198.89,6.46752,1.59598,20.0,58.3,7.0,annealing_T=125_h=25,absent,not_yet_detected,20.0,1256.6370614359173,annealing_T=150_h=5,T,20260908-043207,first_future_detection,user_fixed_radius,user_fixed_radius,,20260827-053720,,False,5.41812,7.92918,7.92918,,,,,,,,,,,,0
93,150.73,909.83,3.55493,1.07105,20.0,52.3,1.0,annealing_T=125_h=25,absent,not_yet_detected,20.0,1256.6370614359173,annealing_T=150_h=25,T,20260916-045914,first_future_detection,user_fixed_radius,user_fixed_radius,,20260827-053720,,False,2.98457,2.51285,2.98457,,,,,,,,,,,,0
93,150.73,909.83,6.78835,1.317,20.0,53.3,2.0,annealing_T=125_h=25,absent,not_yet_detected,20.0,1256.6370614359173,annealing_T=150_h=25,T,20260916-045914,first_future_detection,user_fixed_radius,user_fixed_radius,,20260827-053720,,False,2.87126,4.82725,4.82725,,,,,,,,,,,,0
93,150.73,909.83,33.9996,1.31328,20.0,54.3,3.0,annealing_T=125_h=25,absent,not_yet_detected,20.0,1256.6370614359173,annealing_T=150_h=25,T,20260916-045914,first_future_detection,user_fixed_radius,user_fixed_radius,,20260827-053720,,False,4.6509,1.8047,4.6509,,,,,,,,,,,,0
93,150.73,909.83,49.2705,1.33876,20.0,55.3,4.0,annealing_T=125_h=25,absent,not_yet_detected,20.0,1256.6370614359173,annealing_T=150_h=25,T,20260916-045914,first_future_detection,user_fixed_radius,user_fixed_radius,,20260827-053720,,False,1.7952,4.3312,4.3312,,,,,,,,,,,,0
93,150.73,909.83,58.8249,1.51902,20.0,56.3,5.0,annealing_T=125_h=25,absent,not_yet_detected,20.0,1256.6370614359173,annealing_T=150_h=25,T,20260916-045914,first_future_detection,user_fixed_radius,user_fixed_radius,,20260827-053720,,False,4.8591,2.462,4.8591,,,,,,,,,,,,0
93,150.73,909.83,77.9663,1.81436,20.0,58.3,7.0,annealing_T=125_h=25,absent,not_yet_detected,20.0,1256.6370614359173,annealing_T=150_h=25,T,20260916-045914,first_future_detection,user_fixed_radius,user_fixed_radius,,20260827-053720,,False,7.4989,13.1191,13.1191,,,,,,,,,,,,0
94,1580.38,924.85,5.62954,0.965523,20.0,52.3,1.0,annealing_T=125_h=25,absent,not_yet_detected,20.0,1256.6370614359173,annealing_T=150_h=25,T,20260916-045914,first_future_detection,user_fixed_radius,user_fixed_radius,,20260827-053720,,False,3.25877,1.05145,3.25877,,,,,,,,,,,,0
94,1580.38,924.85,15.9445,0.99474,20.0,53.3,2.0,annealing_T=125_h=25,absent,not_yet_detected,20.0,1256.6370614359173,annealing_T=150_h=25,T,20260916-045914,first_future_detection,user_fixed_radius,user_fixed_radius,,20260827-053720,,False,4.0975,2.7258,4.0975,,,,,,,,,,,,0
94,1580.38,924.85,42.4389,1.09128,20.0,54.3,3.0,annealing_T=125_h=25,absent,not_yet_detected,20.0,1256.6370614359173,annealing_T=150_h=25,T,20260916-045914,first_future_detection,user_fixed_radius,user_fixed_radius,,20260827-053720,,False,2.0431,1.7474,2.0431,,,,,,,,,,,,0
94,1580.38,924.85,65.5526,1.32543,20.0,55.3,4.0,annealing_T=125_h=25,absent,not_yet_detected,20.0,1256.6370614359173,annealing_T=150_h=25,T,20260916-045914,first_future_detection,user_fixed_radius,user_fixed_radius,,20260827-053720,,False,4.8556,4.3101,4.8556,,,,,,,,,,,,0
94,1580.38,924.85,106.734,1.18165,20.0,56.3,5.0,annealing_T=125_h=25,absent,not_yet_detected,20.0,1256.6370614359173,annealing_T=150_h=25,T,20260916-045914,first_future_detection,user_fixed_radius,user_fixed_radius,,20260827-053720,,False,5.52,2.745,5.52,,,,,,,,,,,,0
94,1580.38,924.85,258.0,1.68163,20.0,58.3,7.0,annealing_T=125_h=25,absent,not_yet_detected,20.0,1256.6370614359173,annealing_T=150_h=25,T,20260916-045914,first_future_detection,user_fixed_radius,user_fixed_radius,,20260827-053720,,False,17.821,10.33,17.821,,,,,,,,,,,,0
95,1643.85,878.9,18.1692,0.999537,20.0,52.3,1.0,annealing_T=125_h=25,absent,not_yet_detected,20.0,1256.6370614359173,annealing_T=150_h=25,T,20260916-045914,first_future_detection,user_fixed_radius,user_fixed_radius,,20260827-053720,,False,1.4588,1.9926,1.9926,,,,,,,,,,,,0
95,1643.85,878.9,38.9955,1.0939,20.0,53.3,2.0,annealing_T=125_h=25,absent,not_yet_detected,20.0,1256.6370614359173,annealing_T=150_h=25,T,20260916-045914,first_future_detection,user_fixed_radius,user_fixed_radius,,20260827-053720,,False,0.1339,3.0586,3.0586,,,,,,,,,,,,0
95,1643.85,878.9,70.6432,1.24726,20.0,54.3,3.0,annealing_T=125_h=25,absent,not_yet_detected,20.0,1256.6370614359173,annealing_T=150_h=25,T,20260916-045914,first_future_detection,user_fixed_radius,user_fixed_radius,,20260827-053720,,False,6.2854,2.2313,6.2854,,,,,,,,,,,,0
95,1643.85,878.9,108.195,1.23883,20.0,55.3,4.0,annealing_T=125_h=25,absent,not_yet_detected,20.0,1256.6370614359173,annealing_T=150_h=25,T,20260916-045914,first_future_detection,user_fixed_radius,user_fixed_radius,,20260827-053720,,False,9.812,2.689,9.812,,,,,,,,,,,,0
95,1643.85,878.9,169.874,1.43617,20.0,56.3,5.0,annealing_T=125_h=25,absent,not_yet_detected,20.0,1256.6370614359173,annealing_T=150_h=25,T,20260916-045914,first_future_detection,user_fixed_radius,user_fixed_radius,,20260827-053720,,False,10.218,6.767,10.218,,,,,,,,,,,,0
95,1643.85,878.9,334.214,1.65309,20.0,58.3,7.0,annealing_T=125_h=25,absent,not_yet_detected,20.0,1256.6370614359173,annealing_T=150_h=25,T,20260916-045914,first_future_detection,user_fixed_radius,user_fixed_radius,,20260827-053720,,False,15.435,18.301,18.301,,,,,,,,,,,,0
