spot,x,y,luminosity,error,T,v,phase,detection,status,excluded_at_radius,integration_radius,integration_area,geometry_source_phase,geometry_source_constant,geometry_source_run,geometry_mode,integration_radius_source_phase,integration_radius_source_constant,integration_radius_source_run,run_number,match_distance,cross_constant_only,deltaL1,deltaL2,deltaL,lambda,lambda_stat_error,deltaLambda,A,A_stat_error,fit_chi2,fit_ndf,fit_chi2ndf,fit_status,covmatrix_status,edm,fit_converged
0,67.64,807.43,452.451,8.11652,17.0,56.13,annealing_T=100_h=5,present,present,False,20.0,1256.6370614359173,annealing_T=100_h=5,v,20260612-001017,phase_detection,user_fixed_radius,user_fixed_radius,,20260612-001017,1.930647559758188,False,3.596,2.415,3.596,0.0698848,0.00322593,0.000545065,139.552,9.37047,1.43769,2,0.718847,0,3,5.68163e-07,1
0,67.64,807.43,534.405,8.12677,19.0,56.24,annealing_T=100_h=5,present,present,False,20.0,1256.6370614359173,annealing_T=100_h=5,v,20260612-001017,phase_detection,user_fixed_radius,user_fixed_radius,,20260612-001017,1.930647559758188,False,0.62,4.81,4.81,0.0698848,0.00322593,0.000545065,139.552,9.37047,1.43769,2,0.718847,0,3,5.68163e-07,1
0,67.64,807.43,603.948,8.17168,21.0,56.35,annealing_T=100_h=5,present,present,False,20.0,1256.6370614359173,annealing_T=100_h=5,v,20260612-001017,phase_detection,user_fixed_radius,user_fixed_radius,,20260612-001017,1.930647559758188,False,9.027,11.023,11.023,0.0698848,0.00322593,0.000545065,139.552,9.37047,1.43769,2,0.718847,0,3,5.68163e-07,1
0,67.64,807.43,695.217,8.03379,23.0,56.46,annealing_T=100_h=5,present,present,False,20.0,1256.6370614359173,annealing_T=100_h=5,v,20260612-001017,phase_detection,user_fixed_radius,user_fixed_radius,,20260612-001017,1.930647559758188,False,6.506,5.876,6.506,0.0698848,0.00322593,0.000545065,139.552,9.37047,1.43769,2,0.718847,0,3,5.68163e-07,1
1,81.24,94.39,115.424,7.81971,17.0,56.13,annealing_T=100_h=5,present,present,False,20.0,1256.6370614359173,annealing_T=100_h=5,v,20260612-001017,phase_detection,user_fixed_radius,user_fixed_radius,,20260612-001017,2.125652840893827,False,1.442,5.999,5.999,0.0187759,0.0136376,0.0143181,86.1557,23.909,1.02837,2,0.514186,0,3,4.79532e-09,1
1,81.24,94.39,129.325,7.71449,19.0,56.24,annealing_T=100_h=5,present,present,False,20.0,1256.6370614359173,annealing_T=100_h=5,v,20260612-001017,phase_detection,user_fixed_radius,user_fixed_radius,,20260612-001017,2.125652840893827,False,8.549,2.13,8.549,0.0187759,0.0136376,0.0143181,86.1557,23.909,1.02837,2,0.514186,0,3,4.79532e-09,1
1,81.24,94.39,124.224,7.74699,21.0,56.35,annealing_T=100_h=5,present,present,False,20.0,1256.6370614359173,annealing_T=100_h=5,v,20260612-001017,phase_detection,user_fixed_radius,user_fixed_radius,,20260612-001017,2.125652840893827,False,4.407,7.511,7.511,0.0187759,0.0136376,0.0143181,86.1557,23.909,1.02837,2,0.514186,0,3,4.79532e-09,1
1,81.24,94.39,133.019,7.52805,23.0,56.46,annealing_T=100_h=5,present,present,False,20.0,1256.6370614359173,annealing_T=100_h=5,v,20260612-001017,phase_detection,user_fixed_radius,user_fixed_radius,,20260612-001017,2.125652840893827,False,1.915,5.382,5.382,0.0187759,0.0136376,0.0143181,86.1557,23.909,1.02837,2,0.514186,0,3,4.79532e-09,1
2,140.15,255.4,91.6183,7.98208,17.0,56.13,annealing_T=100_h=5,present,present,False,20.0,1256.6370614359173,annealing_T=100_h=5,v,20260612-001017,phase_detection,user_fixed_radius,user_fixed_radius,,20260612-001017,2.273433526628831,False,1.055,1.1546,1.1546,0.0603396,0.0167525,0.00547674,32.7514,11.3619,0.763026,2,0.381513,0,3,1.86498e-06,1
2,140.15,255.4,106.102,8.23586,19.0,56.24,annealing_T=100_h=5,present,present,False,20.0,1256.6370614359173,annealing_T=100_h=5,v,20260612-001017,phase_detection,user_fixed_radius,user_fixed_radius,,20260612-001017,2.273433526628831,False,3.711,0.619,3.711,0.0603396,0.0167525,0.00547674,32.7514,11.3619,0.763026,2,0.381513,0,3,1.86498e-06,1
2,140.15,255.4,110.537,8.01402,21.0,56.35,annealing_T=100_h=5,present,present,False,20.0,1256.6370614359173,annealing_T=100_h=5,v,20260612-001017,phase_detection,user_fixed_radius,user_fixed_radius,,20260612-001017,2.273433526628831,False,2.112,6.223,6.223,0.0603396,0.0167525,0.00547674,32.7514,11.3619,0.763026,2,0.381513,0,3,1.86498e-06,1
2,140.15,255.4,133.898,8.07912,23.0,56.46,annealing_T=100_h=5,present,present,False,20.0,1256.6370614359173,annealing_T=100_h=5,v,20260612-001017,phase_detection,user_fixed_radius,user_fixed_radius,,20260612-001017,2.273433526628831,False,0.752,5.249,5.249,0.0603396,0.0167525,0.00547674,32.7514,11.3619,0.763026,2,0.381513,0,3,1.86498e-06,1
3,183.27,170.12,2920.97,8.67038,17.0,56.13,annealing_T=100_h=5,present,present,False,20.0,1256.6370614359173,annealing_T=100_h=5,v,20260612-001017,phase_detection,user_fixed_radius,user_fixed_radius,,20260612-001017,2.140864311440595,False,31.17,47.05,47.05,0.04762,0.000578721,0.000226138,1311.66,15.5969,40.4891,2,20.2445,0,3,5.42019e-06,1
3,183.27,170.12,3257.65,8.75735,19.0,56.24,annealing_T=100_h=5,present,present,False,20.0,1256.6370614359173,annealing_T=100_h=5,v,20260612-001017,phase_detection,user_fixed_radius,user_fixed_radius,,20260612-001017,2.140864311440595,False,39.39,52.54,52.54,0.04762,0.000578721,0.000226138,1311.66,15.5969,40.4891,2,20.2445,0,3,5.42019e-06,1
3,183.27,170.12,3603.3,8.8387,21.0,56.35,annealing_T=100_h=5,present,present,False,20.0,1256.6370614359173,annealing_T=100_h=5,v,20260612-001017,phase_detection,user_fixed_radius,user_fixed_radius,,20260612-001017,2.140864311440595,False,44.96,56.65,56.65,0.04762,0.000578721,0.000226138,1311.66,15.5969,40.4891,2,20.2445,0,3,5.42019e-06,1
3,183.27,170.12,3893.95,8.91159,23.0,56.46,annealing_T=100_h=5,present,present,False,20.0,1256.6370614359173,annealing_T=100_h=5,v,20260612-001017,phase_detection,user_fixed_radius,user_fixed_radius,,20260612-001017,2.140864311440595,False,45.27,59.66,59.66,0.04762,0.000578721,0.000226138,1311.66,15.5969,40.4891,2,20.2445,0,3,5.42019e-06,1
4,194.01,518.21,186.581,8.16646,17.0,56.13,annealing_T=100_h=5,present,present,False,20.0,1256.6370614359173,annealing_T=100_h=5,v,20260612-001017,phase_detection,user_fixed_radius,user_fixed_radius,,20260612-001017,1.8939112967612837,False,0.358,6.681,6.681,0.0657616,0.00850823,0.00485858,58.7117,10.3742,1.927,2,0.9635,0,3,3.7376e-08,1
4,194.01,518.21,197.079,8.21049,19.0,56.24,annealing_T=100_h=5,present,present,False,20.0,1256.6370614359173,annealing_T=100_h=5,v,20260612-001017,phase_detection,user_fixed_radius,user_fixed_radius,,20260612-001017,1.8939112967612837,False,2.145,1.146,2.145,0.0657616,0.00850823,0.00485858,58.7117,10.3742,1.927,2,0.9635,0,3,3.7376e-08,1
4,194.01,518.21,230.807,8.26045,21.0,56.35,annealing_T=100_h=5,present,present,False,20.0,1256.6370614359173,annealing_T=100_h=5,v,20260612-001017,phase_detection,user_fixed_radius,user_fixed_radius,,20260612-001017,1.8939112967612837,False,7.049,6.605,7.049,0.0657616,0.00850823,0.00485858,58.7117,10.3742,1.927,2,0.9635,0,3,3.7376e-08,1
4,194.01,518.21,269.966,8.12499,23.0,56.46,annealing_T=100_h=5,present,present,False,20.0,1256.6370614359173,annealing_T=100_h=5,v,20260612-001017,phase_detection,user_fixed_radius,user_fixed_radius,,20260612-001017,1.8939112967612837,False,2.198,1.123,2.198,0.0657616,0.00850823,0.00485858,58.7117,10.3742,1.927,2,0.9635,0,3,3.7376e-08,1
5,232.52,755.1,26.2727,7.35778,17.0,56.13,annealing_T=100_h=5,present,present,False,20.0,1256.6370614359173,annealing_T=100_h=5,v,20260612-001017,phase_detection,user_fixed_radius,user_fixed_radius,,20260612-001017,2.4203305559365185,False,4.7856,2.7003,4.7856,0.00243886,0.0699373,0.0187225,22.9915,32.4552,1.16115,2,0.580577,0,3,4.23388e-07,1
5,232.52,755.1,18.1051,7.47887,19.0,56.24,annealing_T=100_h=5,present,present,False,20.0,1256.6370614359173,annealing_T=100_h=5,v,20260612-001017,phase_detection,user_fixed_radius,user_fixed_radius,,20260612-001017,2.4203305559365185,False,1.5294,3.4117,3.4117,0.00243886,0.0699373,0.0187225,22.9915,32.4552,1.16115,2,0.580577,0,3,4.23388e-07,1
5,232.52,755.1,28.8293,7.33058,21.0,56.35,annealing_T=100_h=5,present,present,False,20.0,1256.6370614359173,annealing_T=100_h=5,v,20260612-001017,phase_detection,user_fixed_radius,user_fixed_radius,,20260612-001017,2.4203305559365185,False,12.2689,1.3012,12.2689,0.00243886,0.0699373,0.0187225,22.9915,32.4552,1.16115,2,0.580577,0,3,4.23388e-07,1
5,232.52,755.1,23.1684,7.23481,23.0,56.46,annealing_T=100_h=5,present,present,False,20.0,1256.6370614359173,annealing_T=100_h=5,v,20260612-001017,phase_detection,user_fixed_radius,user_fixed_radius,,20260612-001017,2.4203305559365185,False,0.5592,6.7027,6.7027,0.00243886,0.0699373,0.0187225,22.9915,32.4552,1.16115,2,0.580577,0,3,4.23388e-07,1
6,237.69,242.09,383.886,8.7069,17.0,56.13,annealing_T=100_h=5,present,present,False,20.0,1256.6370614359173,annealing_T=100_h=5,v,20260612-001017,phase_detection,user_fixed_radius,user_fixed_radius,,20260612-001017,2.1620592036297106,False,0.848,4.645,4.645,0.0336978,0.00474665,0.00211942,201.092,19.6737,26.9559,2,13.4779,0,3,3.91706e-09,1
6,237.69,242.09,350.029,7.8999,19.0,56.24,annealing_T=100_h=5,present,present,False,20.0,1256.6370614359173,annealing_T=100_h=5,v,20260612-001017,phase_detection,user_fixed_radius,user_fixed_radius,,20260612-001017,2.1620592036297106,False,6.296,1.484,6.296,0.0336978,0.00474665,0.00211942,201.092,19.6737,26.9559,2,13.4779,0,3,3.91706e-09,1
6,237.69,242.09,407.961,7.72348,21.0,56.35,annealing_T=100_h=5,present,present,False,20.0,1256.6370614359173,annealing_T=100_h=5,v,20260612-001017,phase_detection,user_fixed_radius,user_fixed_radius,,20260612-001017,2.1620592036297106,False,0.085,8.042,8.042,0.0336978,0.00474665,0.00211942,201.092,19.6737,26.9559,2,13.4779,0,3,3.91706e-09,1
6,237.69,242.09,445.32,7.72048,23.0,56.46,annealing_T=100_h=5,present,present,False,20.0,1256.6370614359173,annealing_T=100_h=5,v,20260612-001017,phase_detection,user_fixed_radius,user_fixed_radius,,20260612-001017,2.1620592036297106,False,5.422,0.614,5.422,0.0336978,0.00474665,0.00211942,201.092,19.6737,26.9559,2,13.4779,0,3,3.91706e-09,1
7,254.07,349.54,274.177,7.53777,17.0,56.13,annealing_T=100_h=5,present,present,False,20.0,1256.6370614359173,annealing_T=100_h=5,v,20260612-001017,phase_detection,user_fixed_radius,user_fixed_radius,,20260612-001017,1.8439088914585344,False,2.846,1.216,2.846,0.0530281,0.0048117,0.000989,121.026,12.0262,31.0302,2,15.5151,0,3,4.0499e-07,1
7,254.07,349.54,365.531,7.67003,19.0,56.24,annealing_T=100_h=5,present,present,False,20.0,1256.6370614359173,annealing_T=100_h=5,v,20260612-001017,phase_detection,user_fixed_radius,user_fixed_radius,,20260612-001017,1.8439088914585344,False,0.597,10.291,10.291,0.0530281,0.0048117,0.000989,121.026,12.0262,31.0302,2,15.5151,0,3,4.0499e-07,1
7,254.07,349.54,367.524,7.39763,21.0,56.35,annealing_T=100_h=5,present,present,False,20.0,1256.6370614359173,annealing_T=100_h=5,v,20260612-001017,phase_detection,user_fixed_radius,user_fixed_radius,,20260612-001017,1.8439088914585344,False,2.988,11.202,11.202,0.0530281,0.0048117,0.000989,121.026,12.0262,31.0302,2,15.5151,0,3,4.0499e-07,1
7,254.07,349.54,401.477,7.57674,23.0,56.46,annealing_T=100_h=5,present,present,False,20.0,1256.6370614359173,annealing_T=100_h=5,v,20260612-001017,phase_detection,user_fixed_radius,user_fixed_radius,,20260612-001017,1.8439088914585344,False,2.045,7.23,7.23,0.0530281,0.0048117,0.000989,121.026,12.0262,31.0302,2,15.5151,0,3,4.0499e-07,1
8,356.54,845.28,42.1843,7.57561,17.0,56.13,annealing_T=100_h=5,present,present,False,20.0,1256.6370614359173,annealing_T=100_h=5,v,20260612-001017,phase_detection,user_fixed_radius,user_fixed_radius,,20260612-001017,1.7075128110793618,False,0.8623,2.2049,2.2049,0.0821833,0.0270688,0.0126825,11.8145,6.70093,3.00951,2,1.50476,0,3,1.1838e-06,1
8,356.54,845.28,57.2975,7.55154,19.0,56.24,annealing_T=100_h=5,present,present,False,20.0,1256.6370614359173,annealing_T=100_h=5,v,20260612-001017,phase_detection,user_fixed_radius,user_fixed_radius,,20260612-001017,1.7075128110793618,False,7.6036,0.9591,7.6036,0.0821833,0.0270688,0.0126825,11.8145,6.70093,3.00951,2,1.50476,0,3,1.1838e-06,1
8,356.54,845.28,76.4434,7.4609,21.0,56.35,annealing_T=100_h=5,present,present,False,20.0,1256.6370614359173,annealing_T=100_h=5,v,20260612-001017,phase_detection,user_fixed_radius,user_fixed_radius,,20260612-001017,1.7075128110793618,False,2.4888,3.1092,3.1092,0.0821833,0.0270688,0.0126825,11.8145,6.70093,3.00951,2,1.50476,0,3,1.1838e-06,1
8,356.54,845.28,72.3752,7.40297,23.0,56.46,annealing_T=100_h=5,present,present,False,20.0,1256.6370614359173,annealing_T=100_h=5,v,20260612-001017,phase_detection,user_fixed_radius,user_fixed_radius,,20260612-001017,1.7075128110793618,False,2.6595,4.3957,4.3957,0.0821833,0.0270688,0.0126825,11.8145,6.70093,3.00951,2,1.50476,0,3,1.1838e-06,1
9,374.95,368.27,3.82213,7.55728,17.0,56.13,annealing_T=100_h=5,absent,disappeared,False,20.0,1256.6370614359173,annealing_T=75_h=25,v,20260531-095134,previous_detection,user_fixed_radius,user_fixed_radius,,20260612-001017,1.6341664541900438,False,4.07847,4.165206,4.165206,,,,,,,,,,,,0
9,374.95,368.27,-1.38275,7.333,19.0,56.24,annealing_T=100_h=5,absent,disappeared,False,20.0,1256.6370614359173,annealing_T=75_h=25,v,20260531-095134,previous_detection,user_fixed_radius,user_fixed_radius,,20260612-001017,1.6341664541900438,False,0.496724,0.17742,0.496724,,,,,,,,,,,,0
9,374.95,368.27,-6.69534,7.35399,21.0,56.35,annealing_T=100_h=5,absent,disappeared,False,20.0,1256.6370614359173,annealing_T=75_h=25,v,20260531-095134,previous_detection,user_fixed_radius,user_fixed_radius,,20260612-001017,1.6341664541900438,False,6.47706,0.51592,6.47706,,,,,,,,,,,,0
9,374.95,368.27,7.57528,7.36351,23.0,56.46,annealing_T=100_h=5,absent,disappeared,False,20.0,1256.6370614359173,annealing_T=75_h=25,v,20260531-095134,previous_detection,user_fixed_radius,user_fixed_radius,,20260612-001017,1.6341664541900438,False,5.33102,0.81967,5.33102,,,,,,,,,,,,0
10,415.77,947.1,174.723,7.69051,17.0,56.13,annealing_T=100_h=5,present,present,False,20.0,1256.6370614359173,annealing_T=100_h=5,v,20260612-001017,phase_detection,user_fixed_radius,user_fixed_radius,,20260612-001017,1.613753388842312,False,0.167,1.007,1.007,0.0590014,0.00790035,0.00228171,66.674,10.9011,2.77564,2,1.38782,0,3,8.45618e-09,1
10,415.77,947.1,209.666,7.61816,19.0,56.24,annealing_T=100_h=5,present,present,False,20.0,1256.6370614359173,annealing_T=100_h=5,v,20260612-001017,phase_detection,user_fixed_radius,user_fixed_radius,,20260612-001017,1.613753388842312,False,1.366,2.459,2.459,0.0590014,0.00790035,0.00228171,66.674,10.9011,2.77564,2,1.38782,0,3,8.45618e-09,1
10,415.77,947.1,237.379,7.5446,21.0,56.35,annealing_T=100_h=5,present,present,False,20.0,1256.6370614359173,annealing_T=100_h=5,v,20260612-001017,phase_detection,user_fixed_radius,user_fixed_radius,,20260612-001017,1.613753388842312,False,0.335,0.766,0.766,0.0590014,0.00790035,0.00228171,66.674,10.9011,2.77564,2,1.38782,0,3,8.45618e-09,1
10,415.77,947.1,253.194,7.69421,23.0,56.46,annealing_T=100_h=5,present,present,False,20.0,1256.6370614359173,annealing_T=100_h=5,v,20260612-001017,phase_detection,user_fixed_radius,user_fixed_radius,,20260612-001017,1.613753388842312,False,2.38,2.511,2.511,0.0590014,0.00790035,0.00228171,66.674,10.9011,2.77564,2,1.38782,0,3,8.45618e-09,1
11,417.56,547.66,6.15287,7.56881,17.0,56.13,annealing_T=100_h=5,present,present,False,20.0,1256.6370614359173,annealing_T=100_h=5,v,20260612-001017,phase_detection,user_fixed_radius,user_fixed_radius,,20260612-001017,2.4933912649241483,False,2.44563,3.60274,3.60274,0.261224,0.156948,0.175132,0.0635585,0.220406,0.342697,2,0.171349,0,3,8.95302e-07,1
11,417.56,547.66,5.98069,7.48835,19.0,56.24,annealing_T=100_h=5,present,present,False,20.0,1256.6370614359173,annealing_T=100_h=5,v,20260612-001017,phase_detection,user_fixed_radius,user_fixed_radius,,20260612-001017,2.4933912649241483,False,7.01865,7.24421,7.24421,0.261224,0.156948,0.175132,0.0635585,0.220406,0.342697,2,0.171349,0,3,8.95302e-07,1
11,417.56,547.66,18.2046,7.43922,21.0,56.35,annealing_T=100_h=5,present,present,False,20.0,1256.6370614359173,annealing_T=100_h=5,v,20260612-001017,phase_detection,user_fixed_radius,user_fixed_radius,,20260612-001017,2.4933912649241483,False,5.9158,6.1777,6.1777,0.261224,0.156948,0.175132,0.0635585,0.220406,0.342697,2,0.171349,0,3,8.95302e-07,1
11,417.56,547.66,25.0766,7.47059,23.0,56.46,annealing_T=100_h=5,present,present,False,20.0,1256.6370614359173,annealing_T=100_h=5,v,20260612-001017,phase_detection,user_fixed_radius,user_fixed_radius,,20260612-001017,2.4933912649241483,False,3.3078,2.6266,3.3078,0.261224,0.156948,0.175132,0.0635585,0.220406,0.342697,2,0.171349,0,3,8.95302e-07,1
12,426.37,71.36,118.996,7.66135,17.0,56.13,annealing_T=100_h=5,present,present,False,20.0,1256.6370614359173,annealing_T=100_h=5,v,20260612-001017,phase_detection,user_fixed_radius,user_fixed_radius,,20260612-001017,1.9501794789198432,False,0.919,1.522,1.522,0.0579144,0.0132389,0.00877914,41.6011,11.3873,2.65985,2,1.32992,0,3,7.9152e-07,1
12,426.37,71.36,116.066,7.52602,19.0,56.24,annealing_T=100_h=5,present,present,False,20.0,1256.6370614359173,annealing_T=100_h=5,v,20260612-001017,phase_detection,user_fixed_radius,user_fixed_radius,,20260612-001017,1.9501794789198432,False,3.142,3.716,3.716,0.0579144,0.0132389,0.00877914,41.6011,11.3873,2.65985,2,1.32992,0,3,7.9152e-07,1
12,426.37,71.36,138.714,7.68566,21.0,56.35,annealing_T=100_h=5,present,present,False,20.0,1256.6370614359173,annealing_T=100_h=5,v,20260612-001017,phase_detection,user_fixed_radius,user_fixed_radius,,20260612-001017,1.9501794789198432,False,1.319,6.142,6.142,0.0579144,0.0132389,0.00877914,41.6011,11.3873,2.65985,2,1.32992,0,3,7.9152e-07,1
12,426.37,71.36,161.031,7.63133,23.0,56.46,annealing_T=100_h=5,present,present,False,20.0,1256.6370614359173,annealing_T=100_h=5,v,20260612-001017,phase_detection,user_fixed_radius,user_fixed_radius,,20260612-001017,1.9501794789198432,False,4.895,4.21,4.895,0.0579144,0.0132389,0.00877914,41.6011,11.3873,2.65985,2,1.32992,0,3,7.9152e-07,1
13,429.93,485.34,398.002,7.94246,17.0,56.13,annealing_T=100_h=5,present,present,False,20.0,1256.6370614359173,annealing_T=100_h=5,v,20260612-001017,phase_detection,user_fixed_radius,user_fixed_radius,,20260612-001017,1.6851409436602314,False,8.41,12.351,12.351,0.0738777,0.00358892,0.00231392,113.889,8.5104,0.908829,2,0.454414,0,3,3.49147e-09,1
13,429.93,485.34,468.745,7.90418,19.0,56.24,annealing_T=100_h=5,present,present,False,20.0,1256.6370614359173,annealing_T=100_h=5,v,20260612-001017,phase_detection,user_fixed_radius,user_fixed_radius,,20260612-001017,1.6851409436602314,False,6.357,1.187,6.357,0.0738777,0.00358892,0.00231392,113.889,8.5104,0.908829,2,0.454414,0,3,3.49147e-09,1
13,429.93,485.34,532.392,8.0022,21.0,56.35,annealing_T=100_h=5,present,present,False,20.0,1256.6370614359173,annealing_T=100_h=5,v,20260612-001017,phase_detection,user_fixed_radius,user_fixed_radius,,20260612-001017,1.6851409436602314,False,5.888,10.567,10.567,0.0738777,0.00358892,0.00231392,113.889,8.5104,0.908829,2,0.454414,0,3,3.49147e-09,1
13,429.93,485.34,624.42,7.93385,23.0,56.46,annealing_T=100_h=5,present,present,False,20.0,1256.6370614359173,annealing_T=100_h=5,v,20260612-001017,phase_detection,user_fixed_radius,user_fixed_radius,,20260612-001017,1.6851409436602314,False,3.768,8.733,8.733,0.0738777,0.00358892,0.00231392,113.889,8.5104,0.908829,2,0.454414,0,3,3.49147e-09,1
14,574.52,121.25,23.8209,7.96052,17.0,56.13,annealing_T=100_h=5,present,present,False,20.0,1256.6370614359173,annealing_T=100_h=5,v,20260612-001017,phase_detection,user_fixed_radius,user_fixed_radius,,20260612-001017,2.341559309520062,False,1.9393,1.4906,1.9393,0.0789915,0.0579299,0.0173701,6.30385,7.71782,0.0684679,2,0.0342339,0,3,1.16236e-06,1
14,574.52,121.25,29.6493,8.17253,19.0,56.24,annealing_T=100_h=5,present,present,False,20.0,1256.6370614359173,annealing_T=100_h=5,v,20260612-001017,phase_detection,user_fixed_radius,user_fixed_radius,,20260612-001017,2.341559309520062,False,0.8498,1.0225,1.0225,0.0789915,0.0579299,0.0173701,6.30385,7.71782,0.0684679,2,0.0342339,0,3,1.16236e-06,1
14,574.52,121.25,31.6604,7.84401,21.0,56.35,annealing_T=100_h=5,present,present,False,20.0,1256.6370614359173,annealing_T=100_h=5,v,20260612-001017,phase_detection,user_fixed_radius,user_fixed_radius,,20260612-001017,2.341559309520062,False,4.2552,1.3637,4.2552,0.0789915,0.0579299,0.0173701,6.30385,7.71782,0.0684679,2,0.0342339,0,3,1.16236e-06,1
14,574.52,121.25,39.2727,7.57524,23.0,56.46,annealing_T=100_h=5,present,present,False,20.0,1256.6370614359173,annealing_T=100_h=5,v,20260612-001017,phase_detection,user_fixed_radius,user_fixed_radius,,20260612-001017,2.341559309520062,False,1.6347,0.0467,1.6347,0.0789915,0.0579299,0.0173701,6.30385,7.71782,0.0684679,2,0.0342339,0,3,1.16236e-06,1
15,596.29,526.31,5.32334,7.45932,17.0,56.13,annealing_T=100_h=5,absent,absent,False,20.0,1256.6370614359173,before_annealing,v,20260514-062228,previous_detection,user_fixed_radius,user_fixed_radius,,20260612-001017,1.6025292509031217,False,2.5476,4.93186,4.93186,,,,,,,,,,,,0
15,596.29,526.31,19.4037,7.46194,19.0,56.24,annealing_T=100_h=5,absent,absent,False,20.0,1256.6370614359173,before_annealing,v,20260514-062228,previous_detection,user_fixed_radius,user_fixed_radius,,20260612-001017,1.6025292509031217,False,1.2978,1.1713,1.2978,,,,,,,,,,,,0
15,596.29,526.31,22.6824,7.40154,21.0,56.35,annealing_T=100_h=5,absent,absent,False,20.0,1256.6370614359173,before_annealing,v,20260514-062228,previous_detection,user_fixed_radius,user_fixed_radius,,20260612-001017,1.6025292509031217,False,1.4582,2.4933,2.4933,,,,,,,,,,,,0
15,596.29,526.31,23.1052,7.25831,23.0,56.46,annealing_T=100_h=5,absent,absent,False,20.0,1256.6370614359173,before_annealing,v,20260514-062228,previous_detection,user_fixed_radius,user_fixed_radius,,20260612-001017,1.6025292509031217,False,7.1904,3.0441,7.1904,,,,,,,,,,,,0
16,610.73,334.08,19.9663,7.89945,17.0,56.13,annealing_T=100_h=5,present,present,False,20.0,1256.6370614359173,annealing_T=100_h=5,v,20260612-001017,phase_detection,user_fixed_radius,user_fixed_radius,,20260612-001017,1.9239802493789204,False,4.4091,1.1876,4.4091,0.194401,0.0894152,0.0499395,0.475766,0.926419,1.40315,2,0.701577,0,3,1.30551e-08,1
16,610.73,334.08,13.5283,7.84868,19.0,56.24,annealing_T=100_h=5,present,present,False,20.0,1256.6370614359173,annealing_T=100_h=5,v,20260612-001017,phase_detection,user_fixed_radius,user_fixed_radius,,20260612-001017,1.9239802493789204,False,3.2997,1.7921,3.2997,0.194401,0.0894152,0.0499395,0.475766,0.926419,1.40315,2,0.701577,0,3,1.30551e-08,1
16,610.73,334.08,26.2338,7.90003,21.0,56.35,annealing_T=100_h=5,present,present,False,20.0,1256.6370614359173,annealing_T=100_h=5,v,20260612-001017,phase_detection,user_fixed_radius,user_fixed_radius,,20260612-001017,1.9239802493789204,False,2.6351,0.211,2.6351,0.194401,0.0894152,0.0499395,0.475766,0.926419,1.40315,2,0.701577,0,3,1.30551e-08,1
16,610.73,334.08,43.267,7.66019,23.0,56.46,annealing_T=100_h=5,present,present,False,20.0,1256.6370614359173,annealing_T=100_h=5,v,20260612-001017,phase_detection,user_fixed_radius,user_fixed_radius,,20260612-001017,1.9239802493789204,False,7.0285,4.7382,7.0285,0.194401,0.0894152,0.0499395,0.475766,0.926419,1.40315,2,0.701577,0,3,1.30551e-08,1
17,649.83,438.73,39.4275,7.36141,17.0,56.13,annealing_T=100_h=5,present,present,False,20.0,1256.6370614359173,annealing_T=100_h=5,v,20260612-001017,phase_detection,user_fixed_radius,user_fixed_radius,,20260612-001017,1.676931721925485,False,0.4543,0.1169,0.4543,0.0669289,0.0345235,0.0108143,12.4219,8.82241,0.496848,2,0.248424,0,3,7.35857e-06,1
17,649.83,438.73,41.2445,7.35555,19.0,56.24,annealing_T=100_h=5,present,present,False,20.0,1256.6370614359173,annealing_T=100_h=5,v,20260612-001017,phase_detection,user_fixed_radius,user_fixed_radius,,20260612-001017,1.676931721925485,False,5.358,4.1897,5.358,0.0669289,0.0345235,0.0108143,12.4219,8.82241,0.496848,2,0.248424,0,3,7.35857e-06,1
17,649.83,438.73,54.5486,7.40036,21.0,56.35,annealing_T=100_h=5,present,present,False,20.0,1256.6370614359173,annealing_T=100_h=5,v,20260612-001017,phase_detection,user_fixed_radius,user_fixed_radius,,20260612-001017,1.676931721925485,False,4.3394,2.0616,4.3394,0.0669289,0.0345235,0.0108143,12.4219,8.82241,0.496848,2,0.248424,0,3,7.35857e-06,1
17,649.83,438.73,56.4822,7.30677,23.0,56.46,annealing_T=100_h=5,present,present,False,20.0,1256.6370614359173,annealing_T=100_h=5,v,20260612-001017,phase_detection,user_fixed_radius,user_fixed_radius,,20260612-001017,1.676931721925485,False,5.0452,1.563,5.0452,0.0669289,0.0345235,0.0108143,12.4219,8.82241,0.496848,2,0.248424,0,3,7.35857e-06,1
18,650.01,572.64,609.932,7.49611,17.0,56.13,annealing_T=100_h=5,present,present,False,20.0,1256.6370614359173,annealing_T=100_h=5,v,20260612-001017,phase_detection,user_fixed_radius,user_fixed_radius,,20260612-001017,1.379311422413373,False,8.251,17.397,17.397,0.0671622,0.00232727,0.000508821,191.962,9.27176,4.58213,2,2.29106,0,3,1.59594e-08,1
18,650.01,572.64,681.677,7.59156,19.0,56.24,annealing_T=100_h=5,present,present,False,20.0,1256.6370614359173,annealing_T=100_h=5,v,20260612-001017,phase_detection,user_fixed_radius,user_fixed_radius,,20260612-001017,1.379311422413373,False,17.366,17.719,17.719,0.0671622,0.00232727,0.000508821,191.962,9.27176,4.58213,2,2.29106,0,3,1.59594e-08,1
18,650.01,572.64,776.572,7.67659,21.0,56.35,annealing_T=100_h=5,present,present,False,20.0,1256.6370614359173,annealing_T=100_h=5,v,20260612-001017,phase_detection,user_fixed_radius,user_fixed_radius,,20260612-001017,1.379311422413373,False,10.038,22.975,22.975,0.0671622,0.00232727,0.000508821,191.962,9.27176,4.58213,2,2.29106,0,3,1.59594e-08,1
18,650.01,572.64,906.932,7.59809,23.0,56.46,annealing_T=100_h=5,present,present,False,20.0,1256.6370614359173,annealing_T=100_h=5,v,20260612-001017,phase_detection,user_fixed_radius,user_fixed_radius,,20260612-001017,1.379311422413373,False,14.445,22.129,22.129,0.0671622,0.00232727,0.000508821,191.962,9.27176,4.58213,2,2.29106,0,3,1.59594e-08,1
19,660.6,686.94,47.2188,7.91163,17.0,56.13,annealing_T=100_h=5,present,present,False,20.0,1256.6370614359173,annealing_T=100_h=5,v,20260612-001017,phase_detection,user_fixed_radius,user_fixed_radius,,20260612-001017,1.5061540425865143,False,1.6554,0.3591,1.6554,0.0980748,0.0307046,0.0241692,8.43257,5.44034,0.442275,2,0.221138,0,3,1.87271e-08,1
19,660.6,686.94,50.1179,7.91382,19.0,56.24,annealing_T=100_h=5,present,present,False,20.0,1256.6370614359173,annealing_T=100_h=5,v,20260612-001017,phase_detection,user_fixed_radius,user_fixed_radius,,20260612-001017,1.5061540425865143,False,8.8217,7.7036,8.8217,0.0980748,0.0307046,0.0241692,8.43257,5.44034,0.442275,2,0.221138,0,3,1.87271e-08,1
19,660.6,686.94,67.9474,7.94211,21.0,56.35,annealing_T=100_h=5,present,present,False,20.0,1256.6370614359173,annealing_T=100_h=5,v,20260612-001017,phase_detection,user_fixed_radius,user_fixed_radius,,20260612-001017,1.5061540425865143,False,0.5837,0.2091,0.5837,0.0980748,0.0307046,0.0241692,8.43257,5.44034,0.442275,2,0.221138,0,3,1.87271e-08,1
19,660.6,686.94,80.4318,8.06603,23.0,56.46,annealing_T=100_h=5,present,present,False,20.0,1256.6370614359173,annealing_T=100_h=5,v,20260612-001017,phase_detection,user_fixed_radius,user_fixed_radius,,20260612-001017,1.5061540425865143,False,2.0246,2.1643,2.1643,0.0980748,0.0307046,0.0241692,8.43257,5.44034,0.442275,2,0.221138,0,3,1.87271e-08,1
20,701.21,365.86,-0.705633,7.77834,17.0,56.13,annealing_T=100_h=5,absent,absent,False,20.0,1256.6370614359173,annealing_T=75_h=5,v,20260521-080451,previous_detection,user_fixed_radius,user_fixed_radius,,20260612-001017,0.8993886812719274,False,4.013227,0.387447,4.013227,,,,,,,,,,,,0
20,701.21,365.86,-7.6587,7.46221,19.0,56.24,annealing_T=100_h=5,absent,absent,False,20.0,1256.6370614359173,annealing_T=75_h=5,v,20260521-080451,previous_detection,user_fixed_radius,user_fixed_radius,,20260612-001017,0.8993886812719274,False,1.30529,4.44852,4.44852,,,,,,,,,,,,0
20,701.21,365.86,-6.27373,7.40495,21.0,56.35,annealing_T=100_h=5,absent,absent,False,20.0,1256.6370614359173,annealing_T=75_h=5,v,20260521-080451,previous_detection,user_fixed_radius,user_fixed_radius,,20260612-001017,0.8993886812719274,False,0.73969,2.90036,2.90036,,,,,,,,,,,,0
20,701.21,365.86,6.85292,7.60992,23.0,56.46,annealing_T=100_h=5,absent,absent,False,20.0,1256.6370614359173,annealing_T=75_h=5,v,20260521-080451,previous_detection,user_fixed_radius,user_fixed_radius,,20260612-001017,0.8993886812719274,False,9.86278,0.48909,9.86278,,,,,,,,,,,,0
21,738.87,312.7,-25.4812,7.30993,17.0,56.13,annealing_T=100_h=5,absent,disappeared,False,20.0,1256.6370614359173,annealing_T=75_h=25,v,20260531-095134,previous_detection,user_fixed_radius,user_fixed_radius,,20260612-001017,1.8380968418448531,False,3.5476,11.184,11.184,,,,,,,,,,,,0
21,738.87,312.7,-0.415958,7.13461,19.0,56.24,annealing_T=100_h=5,absent,disappeared,False,20.0,1256.6370614359173,annealing_T=75_h=25,v,20260531-095134,previous_detection,user_fixed_radius,user_fixed_radius,,20260612-001017,1.8380968418448531,False,3.532112,3.139898,3.532112,,,,,,,,,,,,0
21,738.87,312.7,0.0399526,7.25341,21.0,56.35,annealing_T=100_h=5,absent,disappeared,False,20.0,1256.6370614359173,annealing_T=75_h=25,v,20260531-095134,previous_detection,user_fixed_radius,user_fixed_radius,,20260612-001017,1.8380968418448531,False,5.9470126,2.0104874,5.9470126,,,,,,,,,,,,0
21,738.87,312.7,-7.15708,7.12713,23.0,56.46,annealing_T=100_h=5,absent,disappeared,False,20.0,1256.6370614359173,annealing_T=75_h=25,v,20260531-095134,previous_detection,user_fixed_radius,user_fixed_radius,,20260612-001017,1.8380968418448531,False,5.37382,2.49754,5.37382,,,,,,,,,,,,0
22,808.26,586.04,120.817,7.51894,17.0,56.13,annealing_T=100_h=5,present,reappeared,False,20.0,1256.6370614359173,annealing_T=100_h=5,v,20260612-001017,phase_detection,user_fixed_radius,user_fixed_radius,,20260612-001017,1.4259382875847768,False,0.244,0.031,0.244,0.0929041,0.0104994,0.00163356,25.1046,5.53989,4.35848,2,2.17924,0,3,7.40965e-07,1
22,808.26,586.04,139.963,7.50208,19.0,56.24,annealing_T=100_h=5,present,reappeared,False,20.0,1256.6370614359173,annealing_T=100_h=5,v,20260612-001017,phase_detection,user_fixed_radius,user_fixed_radius,,20260612-001017,1.4259382875847768,False,0.488,1.013,1.013,0.0929041,0.0104994,0.00163356,25.1046,5.53989,4.35848,2,2.17924,0,3,7.40965e-07,1
22,808.26,586.04,189.247,7.33562,21.0,56.35,annealing_T=100_h=5,present,reappeared,False,20.0,1256.6370614359173,annealing_T=100_h=5,v,20260612-001017,phase_detection,user_fixed_radius,user_fixed_radius,,20260612-001017,1.4259382875847768,False,0.124,6.759,6.759,0.0929041,0.0104994,0.00163356,25.1046,5.53989,4.35848,2,2.17924,0,3,7.40965e-07,1
22,808.26,586.04,207.019,7.44597,23.0,56.46,annealing_T=100_h=5,present,reappeared,False,20.0,1256.6370614359173,annealing_T=100_h=5,v,20260612-001017,phase_detection,user_fixed_radius,user_fixed_radius,,20260612-001017,1.4259382875847768,False,1.292,1.521,1.521,0.0929041,0.0104994,0.00163356,25.1046,5.53989,4.35848,2,2.17924,0,3,7.40965e-07,1
23,817.02,314.12,80.6344,7.77498,17.0,56.13,annealing_T=100_h=5,present,present,False,20.0,1256.6370614359173,annealing_T=100_h=5,v,20260612-001017,phase_detection,user_fixed_radius,user_fixed_radius,,20260612-001017,1.301460717809018,False,1.2925,2.7315,2.7315,0.0684322,0.0192662,0.0172595,23.3251,9.35737,1.64073,2,0.820366,0,3,1.49415e-06,1
23,817.02,314.12,77.978,7.67218,19.0,56.24,annealing_T=100_h=5,present,present,False,20.0,1256.6370614359173,annealing_T=100_h=5,v,20260612-001017,phase_detection,user_fixed_radius,user_fixed_radius,,20260612-001017,1.301460717809018,False,3.0431,6.2941,6.2941,0.0684322,0.0192662,0.0172595,23.3251,9.35737,1.64073,2,0.820366,0,3,1.49415e-06,1
23,817.02,314.12,98.1903,7.51399,21.0,56.35,annealing_T=100_h=5,present,present,False,20.0,1256.6370614359173,annealing_T=100_h=5,v,20260612-001017,phase_detection,user_fixed_radius,user_fixed_radius,,20260612-001017,1.301460717809018,False,1.6989,7.6757,7.6757,0.0684322,0.0192662,0.0172595,23.3251,9.35737,1.64073,2,0.820366,0,3,1.49415e-06,1
23,817.02,314.12,114.424,7.55116,23.0,56.46,annealing_T=100_h=5,present,present,False,20.0,1256.6370614359173,annealing_T=100_h=5,v,20260612-001017,phase_detection,user_fixed_radius,user_fixed_radius,,20260612-001017,1.301460717809018,False,12.95,3.999,12.95,0.0684322,0.0192662,0.0172595,23.3251,9.35737,1.64073,2,0.820366,0,3,1.49415e-06,1
24,868.14,1006.15,224.533,7.66162,17.0,56.13,annealing_T=100_h=5,present,present,False,20.0,1256.6370614359173,annealing_T=100_h=5,v,20260612-001017,phase_detection,user_fixed_radius,user_fixed_radius,,20260612-001017,1.41989436226788,False,2.865,2.052,2.865,0.042802,0.00639081,0.00494911,112.258,14.7644,2.91874,2,1.45937,0,3,4.7777e-09,1
24,868.14,1006.15,262.15,7.55864,19.0,56.24,annealing_T=100_h=5,present,present,False,20.0,1256.6370614359173,annealing_T=100_h=5,v,20260612-001017,phase_detection,user_fixed_radius,user_fixed_radius,,20260612-001017,1.41989436226788,False,5.682,4.734,5.682,0.042802,0.00639081,0.00494911,112.258,14.7644,2.91874,2,1.45937,0,3,4.7777e-09,1
24,868.14,1006.15,278.612,7.52312,21.0,56.35,annealing_T=100_h=5,present,present,False,20.0,1256.6370614359173,annealing_T=100_h=5,v,20260612-001017,phase_detection,user_fixed_radius,user_fixed_radius,,20260612-001017,1.41989436226788,False,4.76,1.718,4.76,0.042802,0.00639081,0.00494911,112.258,14.7644,2.91874,2,1.45937,0,3,4.7777e-09,1
24,868.14,1006.15,296.259,7.48308,23.0,56.46,annealing_T=100_h=5,present,present,False,20.0,1256.6370614359173,annealing_T=100_h=5,v,20260612-001017,phase_detection,user_fixed_radius,user_fixed_radius,,20260612-001017,1.41989436226788,False,8.149,1.857,8.149,0.042802,0.00639081,0.00494911,112.258,14.7644,2.91874,2,1.45937,0,3,4.7777e-09,1
25,873.23,565.63,3.24762,7.54916,17.0,56.13,annealing_T=100_h=5,present,present,False,20.0,1256.6370614359173,annealing_T=100_h=5,v,20260612-001017,phase_detection,user_fixed_radius,user_fixed_radius,,20260612-001017,1.7854971296533175,False,3.79523,6.04974,6.04974,0.282178,0.139347,0.104949,0.0522894,0.161865,1.24664,2,0.623319,0,3,1.68675e-05,1
25,873.23,565.63,17.9431,7.85672,19.0,56.24,annealing_T=100_h=5,present,present,False,20.0,1256.6370614359173,annealing_T=100_h=5,v,20260612-001017,phase_detection,user_fixed_radius,user_fixed_radius,,20260612-001017,1.7854971296533175,False,7.0453,1.046,7.0453,0.282178,0.139347,0.104949,0.0522894,0.161865,1.24664,2,0.623319,0,3,1.68675e-05,1
25,873.23,565.63,15.1983,7.80411,21.0,56.35,annealing_T=100_h=5,present,present,False,20.0,1256.6370614359173,annealing_T=100_h=5,v,20260612-001017,phase_detection,user_fixed_radius,user_fixed_radius,,20260612-001017,1.7854971296533175,False,9.92608,3.8635,9.92608,0.282178,0.139347,0.104949,0.0522894,0.161865,1.24664,2,0.623319,0,3,1.68675e-05,1
25,873.23,565.63,35.3067,7.53191,23.0,56.46,annealing_T=100_h=5,present,present,False,20.0,1256.6370614359173,annealing_T=100_h=5,v,20260612-001017,phase_detection,user_fixed_radius,user_fixed_radius,,20260612-001017,1.7854971296533175,False,5.763,0.8962,5.763,0.282178,0.139347,0.104949,0.0522894,0.161865,1.24664,2,0.623319,0,3,1.68675e-05,1
26,1007.05,122.13,31.8576,7.26612,17.0,56.13,annealing_T=100_h=5,present,present,False,20.0,1256.6370614359173,annealing_T=100_h=5,v,20260612-001017,phase_detection,user_fixed_radius,user_fixed_radius,,20260612-001017,1.1427160627207478,False,1.5607,0.8172,1.5607,0.0371075,0.0431772,0.0189333,17.7204,15.7041,0.18819,2,0.0940951,0,3,8.92973e-06,1
26,1007.05,122.13,36.7562,7.29493,19.0,56.24,annealing_T=100_h=5,present,present,False,20.0,1256.6370614359173,annealing_T=100_h=5,v,20260612-001017,phase_detection,user_fixed_radius,user_fixed_radius,,20260612-001017,1.1427160627207478,False,8.1121,1.9675,8.1121,0.0371075,0.0431772,0.0189333,17.7204,15.7041,0.18819,2,0.0940951,0,3,8.92973e-06,1
26,1007.05,122.13,40.7966,7.32129,21.0,56.35,annealing_T=100_h=5,present,present,False,20.0,1256.6370614359173,annealing_T=100_h=5,v,20260612-001017,phase_detection,user_fixed_radius,user_fixed_radius,,20260612-001017,1.1427160627207478,False,0.5995,1.0836,1.0836,0.0371075,0.0431772,0.0189333,17.7204,15.7041,0.18819,2,0.0940951,0,3,8.92973e-06,1
26,1007.05,122.13,40.0721,7.13086,23.0,56.46,annealing_T=100_h=5,present,present,False,20.0,1256.6370614359173,annealing_T=100_h=5,v,20260612-001017,phase_detection,user_fixed_radius,user_fixed_radius,,20260612-001017,1.1427160627207478,False,0.8202,0.8039,0.8202,0.0371075,0.0431772,0.0189333,17.7204,15.7041,0.18819,2,0.0940951,0,3,8.92973e-06,1
27,1048.27,956.07,235.202,8.61066,17.0,56.13,annealing_T=100_h=5,present,present,False,20.0,1256.6370614359173,annealing_T=100_h=5,v,20260612-001017,phase_detection,user_fixed_radius,user_fixed_radius,,20260612-001017,1.1412712210513398,False,3.178,1.386,3.178,0.0763267,0.00630673,0.00386745,64.594,8.5452,6.45948,2,3.22974,0,3,2.01437e-08,1
27,1048.27,956.07,266.396,8.4711,19.0,56.24,annealing_T=100_h=5,present,present,False,20.0,1256.6370614359173,annealing_T=100_h=5,v,20260612-001017,phase_detection,user_fixed_radius,user_fixed_radius,,20260612-001017,1.1412712210513398,False,3.856,1.956,3.856,0.0763267,0.00630673,0.00386745,64.594,8.5452,6.45948,2,3.22974,0,3,2.01437e-08,1
27,1048.27,956.07,338.56,8.36745,21.0,56.35,annealing_T=100_h=5,present,present,False,20.0,1256.6370614359173,annealing_T=100_h=5,v,20260612-001017,phase_detection,user_fixed_radius,user_fixed_radius,,20260612-001017,1.1412712210513398,False,1.351,5.969,5.969,0.0763267,0.00630673,0.00386745,64.594,8.5452,6.45948,2,3.22974,0,3,2.01437e-08,1
27,1048.27,956.07,366.531,7.97442,23.0,56.46,annealing_T=100_h=5,present,present,False,20.0,1256.6370614359173,annealing_T=100_h=5,v,20260612-001017,phase_detection,user_fixed_radius,user_fixed_radius,,20260612-001017,1.1412712210513398,False,2.423,2.755,2.755,0.0763267,0.00630673,0.00386745,64.594,8.5452,6.45948,2,3.22974,0,3,2.01437e-08,1
28,1051.34,803.19,54.3558,7.27551,17.0,56.13,annealing_T=100_h=5,present,present,False,20.0,1256.6370614359173,annealing_T=100_h=5,v,20260612-001017,phase_detection,user_fixed_radius,user_fixed_radius,,20260612-001017,1.1237882362793306,False,9.9086,5.7523,9.9086,0.0690723,0.0236092,0.00615858,17.2472,8.47578,0.841244,2,0.420622,0,3,7.10028e-09,1
28,1051.34,803.19,62.672,7.26247,19.0,56.24,annealing_T=100_h=5,present,present,False,20.0,1256.6370614359173,annealing_T=100_h=5,v,20260612-001017,phase_detection,user_fixed_radius,user_fixed_radius,,20260612-001017,1.1237882362793306,False,6.6924,7.6968,7.6968,0.0690723,0.0236092,0.00615858,17.2472,8.47578,0.841244,2,0.420622,0,3,7.10028e-09,1
28,1051.34,803.19,79.0921,7.13311,21.0,56.35,annealing_T=100_h=5,present,present,False,20.0,1256.6370614359173,annealing_T=100_h=5,v,20260612-001017,phase_detection,user_fixed_radius,user_fixed_radius,,20260612-001017,1.1237882362793306,False,4.7827,1.1652,4.7827,0.0690723,0.0236092,0.00615858,17.2472,8.47578,0.841244,2,0.420622,0,3,7.10028e-09,1
28,1051.34,803.19,81.5555,7.18178,23.0,56.46,annealing_T=100_h=5,present,present,False,20.0,1256.6370614359173,annealing_T=100_h=5,v,20260612-001017,phase_detection,user_fixed_radius,user_fixed_radius,,20260612-001017,1.1237882362793306,False,14.6956,6.8651,14.6956,0.0690723,0.0236092,0.00615858,17.2472,8.47578,0.841244,2,0.420622,0,3,7.10028e-09,1
29,1068.74,233.62,49.8928,6.9669,17.0,56.13,annealing_T=100_h=5,present,present,False,20.0,1256.6370614359173,annealing_T=100_h=5,v,20260612-001017,phase_detection,user_fixed_radius,user_fixed_radius,,20260612-001017,0.95294281045614,False,5.8441,2.9556,5.8441,-0.017812,0.0352918,0.0265529,64.2573,45.2923,0.753,2,0.3765,0,3,9.32919e-07,1
29,1068.74,233.62,40.7669,7.03929,19.0,56.24,annealing_T=100_h=5,present,present,False,20.0,1256.6370614359173,annealing_T=100_h=5,v,20260612-001017,phase_detection,user_fixed_radius,user_fixed_radius,,20260612-001017,0.95294281045614,False,9.8909,3.4877,9.8909,-0.017812,0.0352918,0.0265529,64.2573,45.2923,0.753,2,0.3765,0,3,9.32919e-07,1
29,1068.74,233.62,46.5991,6.94173,21.0,56.35,annealing_T=100_h=5,present,present,False,20.0,1256.6370614359173,annealing_T=100_h=5,v,20260612-001017,phase_detection,user_fixed_radius,user_fixed_radius,,20260612-001017,0.95294281045614,False,2.2588,3.2538,3.2538,-0.017812,0.0352918,0.0265529,64.2573,45.2923,0.753,2,0.3765,0,3,9.32919e-07,1
29,1068.74,233.62,42.7498,6.87199,23.0,56.46,annealing_T=100_h=5,present,present,False,20.0,1256.6370614359173,annealing_T=100_h=5,v,20260612-001017,phase_detection,user_fixed_radius,user_fixed_radius,,20260612-001017,0.95294281045614,False,14.1333,2.8671,14.1333,-0.017812,0.0352918,0.0265529,64.2573,45.2923,0.753,2,0.3765,0,3,9.32919e-07,1
30,1088.27,909.13,130.153,7.2454,17.0,56.13,annealing_T=100_h=5,present,present,False,20.0,1256.6370614359173,annealing_T=100_h=5,v,20260612-001017,phase_detection,user_fixed_radius,user_fixed_radius,,20260612-001017,1.159525765129859,False,4.768,1.479,4.768,-0.261836,0.0242855,0.0279172,12480.9,5467.6,64.7465,2,32.3732,0,3,1.06265e-06,1
30,1088.27,909.13,134.525,7.35835,19.0,56.24,annealing_T=100_h=5,present,present,False,20.0,1256.6370614359173,annealing_T=100_h=5,v,20260612-001017,phase_detection,user_fixed_radius,user_fixed_radius,,20260612-001017,1.159525765129859,False,1.676,1.908,1.908,-0.261836,0.0242855,0.0279172,12480.9,5467.6,64.7465,2,32.3732,0,3,1.06265e-06,1
30,1088.27,909.13,25.2089,7.21435,21.0,56.35,annealing_T=100_h=5,present,present,False,20.0,1256.6370614359173,annealing_T=100_h=5,v,20260612-001017,phase_detection,user_fixed_radius,user_fixed_radius,,20260612-001017,1.159525765129859,False,5.2602,0.0757,5.2602,-0.261836,0.0242855,0.0279172,12480.9,5467.6,64.7465,2,32.3732,0,3,1.06265e-06,1
30,1088.27,909.13,15.372,7.19272,23.0,56.46,annealing_T=100_h=5,present,present,False,20.0,1256.6370614359173,annealing_T=100_h=5,v,20260612-001017,phase_detection,user_fixed_radius,user_fixed_radius,,20260612-001017,1.159525765129859,False,13.2913,8.5726,13.2913,-0.261836,0.0242855,0.0279172,12480.9,5467.6,64.7465,2,32.3732,0,3,1.06265e-06,1
31,1088.8,686.67,58.0755,10.2702,17.0,56.13,annealing_T=100_h=5,present,present,False,20.0,1256.6370614359173,annealing_T=100_h=5,v,20260612-001017,phase_detection,user_fixed_radius,user_fixed_radius,,20260612-001017,1.047854951794474,False,2.9861,7.731,7.731,0.112806,0.02854,0.0145514,9.01027,5.42529,0.390566,2,0.195283,0,3,2.42349e-06,1
31,1088.8,686.67,78.7418,11.5536,19.0,56.24,annealing_T=100_h=5,present,present,False,20.0,1256.6370614359173,annealing_T=100_h=5,v,20260612-001017,phase_detection,user_fixed_radius,user_fixed_radius,,20260612-001017,1.047854951794474,False,6.1089,3.8245,6.1089,0.112806,0.02854,0.0145514,9.01027,5.42529,0.390566,2,0.195283,0,3,2.42349e-06,1
31,1088.8,686.67,101.823,12.3693,21.0,56.35,annealing_T=100_h=5,present,present,False,20.0,1256.6370614359173,annealing_T=100_h=5,v,20260612-001017,phase_detection,user_fixed_radius,user_fixed_radius,,20260612-001017,1.047854951794474,False,3.9975,2.477,3.9975,0.112806,0.02854,0.0145514,9.01027,5.42529,0.390566,2,0.195283,0,3,2.42349e-06,1
31,1088.8,686.67,117.804,11.3333,23.0,56.46,annealing_T=100_h=5,present,present,False,20.0,1256.6370614359173,annealing_T=100_h=5,v,20260612-001017,phase_detection,user_fixed_radius,user_fixed_radius,,20260612-001017,1.047854951794474,False,7.396,1.743,7.396,0.112806,0.02854,0.0145514,9.01027,5.42529,0.390566,2,0.195283,0,3,2.42349e-06,1
32,1149.34,428.44,39.8539,7.44663,17.0,56.13,annealing_T=100_h=5,present,present,False,20.0,1256.6370614359173,annealing_T=100_h=5,v,20260612-001017,phase_detection,user_fixed_radius,user_fixed_radius,,20260612-001017,0.7621679604916838,False,0.1261,1.1022,1.1022,0.0866468,0.0364348,0.0211242,8.25475,6.30665,2.09349,2,1.04675,0,3,5.27288e-07,1
32,1149.34,428.44,34.8976,7.22764,19.0,56.24,annealing_T=100_h=5,present,present,False,20.0,1256.6370614359173,annealing_T=100_h=5,v,20260612-001017,phase_detection,user_fixed_radius,user_fixed_radius,,20260612-001017,0.7621679604916838,False,5.4336,3.2454,5.4336,0.0866468,0.0364348,0.0211242,8.25475,6.30665,2.09349,2,1.04675,0,3,5.27288e-07,1
32,1149.34,428.44,56.4191,7.13761,21.0,56.35,annealing_T=100_h=5,present,present,False,20.0,1256.6370614359173,annealing_T=100_h=5,v,20260612-001017,phase_detection,user_fixed_radius,user_fixed_radius,,20260612-001017,0.7621679604916838,False,2.06,2.7374,2.7374,0.0866468,0.0364348,0.0211242,8.25475,6.30665,2.09349,2,1.04675,0,3,5.27288e-07,1
32,1149.34,428.44,59.2595,7.25357,23.0,56.46,annealing_T=100_h=5,present,present,False,20.0,1256.6370614359173,annealing_T=100_h=5,v,20260612-001017,phase_detection,user_fixed_radius,user_fixed_radius,,20260612-001017,0.7621679604916838,False,2.9507,4.4932,4.4932,0.0866468,0.0364348,0.0211242,8.25475,6.30665,2.09349,2,1.04675,0,3,5.27288e-07,1
33,1170.11,238.99,2656.51,8.33087,17.0,56.13,annealing_T=100_h=5,present,present,False,20.0,1256.6370614359173,annealing_T=100_h=5,v,20260612-001017,phase_detection,user_fixed_radius,user_fixed_radius,,20260612-001017,0.9940321926375806,False,29.11,39.91,39.91,0.0670343,0.000584389,9.69547e-05,849.692,10.293,4.7131,2,2.35655,0,3,4.39997e-06,1
33,1170.11,238.99,3044.13,8.31774,19.0,56.24,annealing_T=100_h=5,present,present,False,20.0,1256.6370614359173,annealing_T=100_h=5,v,20260612-001017,phase_detection,user_fixed_radius,user_fixed_radius,,20260612-001017,0.9940321926375806,False,35.49,43.59,43.59,0.0670343,0.000584389,9.69547e-05,849.692,10.293,4.7131,2,2.35655,0,3,4.39997e-06,1
33,1170.11,238.99,3457.44,8.34286,21.0,56.35,annealing_T=100_h=5,present,present,False,20.0,1256.6370614359173,annealing_T=100_h=5,v,20260612-001017,phase_detection,user_fixed_radius,user_fixed_radius,,20260612-001017,0.9940321926375806,False,32.04,50.56,50.56,0.0670343,0.000584389,9.69547e-05,849.692,10.293,4.7131,2,2.35655,0,3,4.39997e-06,1
33,1170.11,238.99,3977.7,8.53356,23.0,56.46,annealing_T=100_h=5,present,present,False,20.0,1256.6370614359173,annealing_T=100_h=5,v,20260612-001017,phase_detection,user_fixed_radius,user_fixed_radius,,20260612-001017,0.9940321926375806,False,42.85,58.03,58.03,0.0670343,0.000584389,9.69547e-05,849.692,10.293,4.7131,2,2.35655,0,3,4.39997e-06,1
34,1179.75,592.95,-7.00801,7.21206,17.0,56.13,annealing_T=100_h=5,absent,disappeared,False,20.0,1256.6370614359173,annealing_T=75_h=25,v,20260531-095134,previous_detection,user_fixed_radius,user_fixed_radius,,20260612-001017,0.9689685237405182,False,0.50974,6.781598,6.781598,,,,,,,,,,,,0
34,1179.75,592.95,6.39326,7.30296,19.0,56.24,annealing_T=100_h=5,absent,disappeared,False,20.0,1256.6370614359173,annealing_T=75_h=25,v,20260531-095134,previous_detection,user_fixed_radius,user_fixed_radius,,20260612-001017,0.9689685237405182,False,4.16595,1.29951,4.16595,,,,,,,,,,,,0
34,1179.75,592.95,8.3195,7.21694,21.0,56.35,annealing_T=100_h=5,absent,disappeared,False,20.0,1256.6370614359173,annealing_T=75_h=25,v,20260531-095134,previous_detection,user_fixed_radius,user_fixed_radius,,20260612-001017,0.9689685237405182,False,8.2735411,1.32255,8.2735411,,,,,,,,,,,,0
34,1179.75,592.95,6.37932,7.2301,23.0,56.46,annealing_T=100_h=5,absent,disappeared,False,20.0,1256.6370614359173,annealing_T=75_h=25,v,20260531-095134,previous_detection,user_fixed_radius,user_fixed_radius,,20260612-001017,0.9689685237405182,False,2.7715,1.54329,2.7715,,,,,,,,,,,,0
35,1227.02,666.98,249.576,7.54595,17.0,56.13,annealing_T=100_h=5,absent,disappeared,False,20.0,1256.6370614359173,annealing_T=75_h=25,v,20260531-095134,previous_detection,user_fixed_radius,user_fixed_radius,,20260612-001017,0.8127115109311344,False,3.1,8.904,8.904,,,,,,,,,,,,0
35,1227.02,666.98,311.208,7.46783,19.0,56.24,annealing_T=100_h=5,absent,disappeared,False,20.0,1256.6370614359173,annealing_T=75_h=25,v,20260531-095134,previous_detection,user_fixed_radius,user_fixed_radius,,20260612-001017,0.8127115109311344,False,3.688,2.602,3.688,,,,,,,,,,,,0
35,1227.02,666.98,350.286,7.4794,21.0,56.35,annealing_T=100_h=5,absent,disappeared,False,20.0,1256.6370614359173,annealing_T=75_h=25,v,20260531-095134,previous_detection,user_fixed_radius,user_fixed_radius,,20260612-001017,0.8127115109311344,False,0.525,6.145,6.145,,,,,,,,,,,,0
35,1227.02,666.98,391.708,7.40315,23.0,56.46,annealing_T=100_h=5,absent,disappeared,False,20.0,1256.6370614359173,annealing_T=75_h=25,v,20260531-095134,previous_detection,user_fixed_radius,user_fixed_radius,,20260612-001017,0.8127115109311344,False,10.548,14.78,14.78,,,,,,,,,,,,0
36,1241.61,153.61,37.735,8.68489,17.0,56.13,annealing_T=100_h=5,present,appeared,False,20.0,1256.6370614359173,annealing_T=100_h=5,v,20260612-001017,phase_detection,user_fixed_radius,user_fixed_radius,,20260612-001017,0.912414379544688,False,1.8457,4.3857,4.3857,0.117249,0.0431902,0.0105685,4.45066,4.08583,1.24349,2,0.621747,0,3,6.19482e-06,1
36,1241.61,153.61,40.2664,8.14753,19.0,56.24,annealing_T=100_h=5,present,appeared,False,20.0,1256.6370614359173,annealing_T=100_h=5,v,20260612-001017,phase_detection,user_fixed_radius,user_fixed_radius,,20260612-001017,0.912414379544688,False,5.6829,1.7402,5.6829,0.117249,0.0431902,0.0105685,4.45066,4.08583,1.24349,2,0.621747,0,3,6.19482e-06,1
36,1241.61,153.61,45.5603,8.10053,21.0,56.35,annealing_T=100_h=5,present,appeared,False,20.0,1256.6370614359173,annealing_T=100_h=5,v,20260612-001017,phase_detection,user_fixed_radius,user_fixed_radius,,20260612-001017,0.912414379544688,False,1.6206,0.9257,1.6206,0.117249,0.0431902,0.0105685,4.45066,4.08583,1.24349,2,0.621747,0,3,6.19482e-06,1
36,1241.61,153.61,69.7373,8.08608,23.0,56.46,annealing_T=100_h=5,present,appeared,False,20.0,1256.6370614359173,annealing_T=100_h=5,v,20260612-001017,phase_detection,user_fixed_radius,user_fixed_radius,,20260612-001017,0.912414379544688,False,3.0405,2.5239,3.0405,0.117249,0.0431902,0.0105685,4.45066,4.08583,1.24349,2,0.621747,0,3,6.19482e-06,1
37,1244.98,483.28,146.74,7.30965,17.0,56.13,annealing_T=100_h=5,present,present,False,20.0,1256.6370614359173,annealing_T=100_h=5,v,20260612-001017,phase_detection,user_fixed_radius,user_fixed_radius,,20260612-001017,1.1200892821557136,False,1.848,5.403,5.403,0.0931734,0.00813271,0.00576414,31.1488,5.32951,1.3409,2,0.670448,0,3,2.40917e-06,1
37,1244.98,483.28,186.357,7.28125,19.0,56.24,annealing_T=100_h=5,present,present,False,20.0,1256.6370614359173,annealing_T=100_h=5,v,20260612-001017,phase_detection,user_fixed_radius,user_fixed_radius,,20260612-001017,1.1200892821557136,False,1.227,3.993,3.993,0.0931734,0.00813271,0.00576414,31.1488,5.32951,1.3409,2,0.670448,0,3,2.40917e-06,1
37,1244.98,483.28,225.117,7.25799,21.0,56.35,annealing_T=100_h=5,present,present,False,20.0,1256.6370614359173,annealing_T=100_h=5,v,20260612-001017,phase_detection,user_fixed_radius,user_fixed_radius,,20260612-001017,1.1200892821557136,False,2.076,1.733,2.076,0.0931734,0.00813271,0.00576414,31.1488,5.32951,1.3409,2,0.670448,0,3,2.40917e-06,1
37,1244.98,483.28,262.251,7.15324,23.0,56.46,annealing_T=100_h=5,present,present,False,20.0,1256.6370614359173,annealing_T=100_h=5,v,20260612-001017,phase_detection,user_fixed_radius,user_fixed_radius,,20260612-001017,1.1200892821557136,False,5.455,1.411,5.455,0.0931734,0.00813271,0.00576414,31.1488,5.32951,1.3409,2,0.670448,0,3,2.40917e-06,1
38,1254.65,594.98,26.1532,7.74031,17.0,56.13,annealing_T=100_h=5,present,reappeared,False,20.0,1256.6370614359173,annealing_T=100_h=5,v,20260612-001017,phase_detection,user_fixed_radius,user_fixed_radius,,20260612-001017,0.8628441342444269,False,0.4453,1.9221,1.9221,-0.0331594,0.0697495,0.0362622,46.8585,65.6095,0.0319653,2,0.0159827,0,3,2.55493e-06,1
38,1254.65,594.98,25.3336,7.56303,19.0,56.24,annealing_T=100_h=5,present,reappeared,False,20.0,1256.6370614359173,annealing_T=100_h=5,v,20260612-001017,phase_detection,user_fixed_radius,user_fixed_radius,,20260612-001017,0.8628441342444269,False,3.5474,0.207,3.5474,-0.0331594,0.0697495,0.0362622,46.8585,65.6095,0.0319653,2,0.0159827,0,3,2.55493e-06,1
38,1254.65,594.98,24.2855,7.65479,21.0,56.35,annealing_T=100_h=5,present,reappeared,False,20.0,1256.6370614359173,annealing_T=100_h=5,v,20260612-001017,phase_detection,user_fixed_radius,user_fixed_radius,,20260612-001017,0.8628441342444269,False,3.4849,5.367,5.367,-0.0331594,0.0697495,0.0362622,46.8585,65.6095,0.0319653,2,0.0159827,0,3,2.55493e-06,1
38,1254.65,594.98,21.1012,7.44644,23.0,56.46,annealing_T=100_h=5,present,reappeared,False,20.0,1256.6370614359173,annealing_T=100_h=5,v,20260612-001017,phase_detection,user_fixed_radius,user_fixed_radius,,20260612-001017,0.8628441342444269,False,4.8141,6.1653,6.1653,-0.0331594,0.0697495,0.0362622,46.8585,65.6095,0.0319653,2,0.0159827,0,3,2.55493e-06,1
39,1255.56,231.78,0.927052,7.47696,17.0,56.13,annealing_T=100_h=5,absent,absent,False,20.0,1256.6370614359173,before_annealing,v,20260514-062228,previous_detection,user_fixed_radius,user_fixed_radius,,20260612-001017,1.3182184947875275,False,6.613902,1.898778,6.613902,,,,,,,,,,,,0
39,1255.56,231.78,-0.763978,7.51054,19.0,56.24,annealing_T=100_h=5,absent,absent,False,20.0,1256.6370614359173,before_annealing,v,20260514-062228,previous_detection,user_fixed_radius,user_fixed_radius,,20260612-001017,1.3182184947875275,False,1.596462,3.674448,3.674448,,,,,,,,,,,,0
39,1255.56,231.78,-10.5774,7.62095,21.0,56.35,annealing_T=100_h=5,absent,absent,False,20.0,1256.6370614359173,before_annealing,v,20260514-062228,previous_detection,user_fixed_radius,user_fixed_radius,,20260612-001017,1.3182184947875275,False,0.7287,7.33817,7.33817,,,,,,,,,,,,0
39,1255.56,231.78,-2.5536,7.425,23.0,56.46,annealing_T=100_h=5,absent,absent,False,20.0,1256.6370614359173,before_annealing,v,20260514-062228,previous_detection,user_fixed_radius,user_fixed_radius,,20260612-001017,1.3182184947875275,False,9.1943,5.97694,9.1943,,,,,,,,,,,,0
40,1266.25,412.82,5.88113,8.25627,17.0,56.13,annealing_T=100_h=5,present,present,False,20.0,1256.6370614359173,annealing_T=100_h=5,v,20260612-001017,phase_detection,user_fixed_radius,user_fixed_radius,,20260612-001017,0.7300684899378341,False,3.10924,4.83557,4.83557,0.203823,0.12885,0.146948,0.265675,0.748854,0.554547,2,0.277274,0,3,1.20726e-05,1
40,1266.25,412.82,17.8823,8.64183,19.0,56.24,annealing_T=100_h=5,present,present,False,20.0,1256.6370614359173,annealing_T=100_h=5,v,20260612-001017,phase_detection,user_fixed_radius,user_fixed_radius,,20260612-001017,0.7300684899378341,False,4.0387,0.6991,4.0387,0.203823,0.12885,0.146948,0.265675,0.748854,0.554547,2,0.277274,0,3,1.20726e-05,1
40,1266.25,412.82,16.6291,8.0801,21.0,56.35,annealing_T=100_h=5,present,present,False,20.0,1256.6370614359173,annealing_T=100_h=5,v,20260612-001017,phase_detection,user_fixed_radius,user_fixed_radius,,20260612-001017,0.7300684899378341,False,8.15978,1.4642,8.15978,0.203823,0.12885,0.146948,0.265675,0.748854,0.554547,2,0.277274,0,3,1.20726e-05,1
40,1266.25,412.82,29.3191,7.92362,23.0,56.46,annealing_T=100_h=5,present,present,False,20.0,1256.6370614359173,annealing_T=100_h=5,v,20260612-001017,phase_detection,user_fixed_radius,user_fixed_radius,,20260612-001017,0.7300684899378341,False,0.4494,0.172,0.4494,0.203823,0.12885,0.146948,0.265675,0.748854,0.554547,2,0.277274,0,3,1.20726e-05,1
41,1287.66,873.34,50.6506,9.50526,17.0,56.13,annealing_T=100_h=5,present,present,False,20.0,1256.6370614359173,annealing_T=100_h=5,v,20260612-001017,phase_detection,user_fixed_radius,user_fixed_radius,,20260612-001017,0.9100549433962272,False,1.6918,0.7422,1.6918,-0.00415637,0.0404742,0.0149181,55.8535,45.8989,0.115829,2,0.0579145,0,3,1.35705e-07,1
41,1287.66,873.34,54.6926,10.4591,19.0,56.24,annealing_T=100_h=5,present,present,False,20.0,1256.6370614359173,annealing_T=100_h=5,v,20260612-001017,phase_detection,user_fixed_radius,user_fixed_radius,,20260612-001017,0.9100549433962272,False,0.1816,1.2935,1.2935,-0.00415637,0.0404742,0.0149181,55.8535,45.8989,0.115829,2,0.0579145,0,3,1.35705e-07,1
41,1287.66,873.34,50.4744,8.58911,21.0,56.35,annealing_T=100_h=5,present,present,False,20.0,1256.6370614359173,annealing_T=100_h=5,v,20260612-001017,phase_detection,user_fixed_radius,user_fixed_radius,,20260612-001017,0.9100549433962272,False,2.7963,2.1291,2.7963,-0.00415637,0.0404742,0.0149181,55.8535,45.8989,0.115829,2,0.0579145,0,3,1.35705e-07,1
41,1287.66,873.34,50.5038,9.18877,23.0,56.46,annealing_T=100_h=5,present,present,False,20.0,1256.6370614359173,annealing_T=100_h=5,v,20260612-001017,phase_detection,user_fixed_radius,user_fixed_radius,,20260612-001017,0.9100549433962272,False,0.7571,4.22,4.22,-0.00415637,0.0404742,0.0149181,55.8535,45.8989,0.115829,2,0.0579145,0,3,1.35705e-07,1
42,1293.38,320.11,46.1854,10.039,17.0,56.13,annealing_T=100_h=5,present,present,False,20.0,1256.6370614359173,annealing_T=100_h=5,v,20260612-001017,phase_detection,user_fixed_radius,user_fixed_radius,,20260612-001017,0.8621484790916571,False,8.2593,7.5063,8.2593,0.105088,0.0316064,0.0255491,8.51562,5.71261,0.485308,2,0.242654,0,3,1.93169e-06,1
42,1293.38,320.11,66.9691,10.0623,19.0,56.24,annealing_T=100_h=5,present,present,False,20.0,1256.6370614359173,annealing_T=100_h=5,v,20260612-001017,phase_detection,user_fixed_radius,user_fixed_radius,,20260612-001017,0.8621484790916571,False,1.2706,4.0191,4.0191,0.105088,0.0316064,0.0255491,8.51562,5.71261,0.485308,2,0.242654,0,3,1.93169e-06,1
42,1293.38,320.11,79.7063,10.1097,21.0,56.35,annealing_T=100_h=5,present,present,False,20.0,1256.6370614359173,annealing_T=100_h=5,v,20260612-001017,phase_detection,user_fixed_radius,user_fixed_radius,,20260612-001017,0.8621484790916571,False,11.4425,3.363,11.4425,0.105088,0.0316064,0.0255491,8.51562,5.71261,0.485308,2,0.242654,0,3,1.93169e-06,1
42,1293.38,320.11,93.608,9.37371,23.0,56.46,annealing_T=100_h=5,present,present,False,20.0,1256.6370614359173,annealing_T=100_h=5,v,20260612-001017,phase_detection,user_fixed_radius,user_fixed_radius,,20260612-001017,0.8621484790916571,False,1.8633,5.8647,5.8647,0.105088,0.0316064,0.0255491,8.51562,5.71261,0.485308,2,0.242654,0,3,1.93169e-06,1
43,1321.81,73.27,24.9949,9.46094,17.0,56.13,annealing_T=100_h=5,present,present,False,20.0,1256.6370614359173,annealing_T=100_h=5,v,20260612-001017,phase_detection,user_fixed_radius,user_fixed_radius,,20260612-001017,1.5981239000777503,False,1.8703,2.2222,2.2222,0.0933567,0.0547742,0.00225034,5.75153,6.63166,0.250624,2,0.125312,0,3,7.392e-06,1
43,1321.81,73.27,36.1171,8.75652,19.0,56.24,annealing_T=100_h=5,present,present,False,20.0,1256.6370614359173,annealing_T=100_h=5,v,20260612-001017,phase_detection,user_fixed_radius,user_fixed_radius,,20260612-001017,1.5981239000777503,False,8.6601,5.4294,8.6601,0.0933567,0.0547742,0.00225034,5.75153,6.63166,0.250624,2,0.125312,0,3,7.392e-06,1
43,1321.81,73.27,42.6243,8.44792,21.0,56.35,annealing_T=100_h=5,present,present,False,20.0,1256.6370614359173,annealing_T=100_h=5,v,20260612-001017,phase_detection,user_fixed_radius,user_fixed_radius,,20260612-001017,1.5981239000777503,False,7.3628,0.6231,7.3628,0.0933567,0.0547742,0.00225034,5.75153,6.63166,0.250624,2,0.125312,0,3,7.392e-06,1
43,1321.81,73.27,47.6224,8.8995,23.0,56.46,annealing_T=100_h=5,present,present,False,20.0,1256.6370614359173,annealing_T=100_h=5,v,20260612-001017,phase_detection,user_fixed_radius,user_fixed_radius,,20260612-001017,1.5981239000777503,False,3.4777,2.015,3.4777,0.0933567,0.0547742,0.00225034,5.75153,6.63166,0.250624,2,0.125312,0,3,7.392e-06,1
44,1322.37,529.17,9.85731,7.69179,17.0,56.13,annealing_T=100_h=5,absent,disappeared,False,20.0,1256.6370614359173,annealing_T=75_h=25,v,20260531-095134,previous_detection,user_fixed_radius,user_fixed_radius,,20260612-001017,0.4830113870292984,False,1.79297,4.49134,4.49134,,,,,,,,,,,,0
44,1322.37,529.17,10.0625,7.62111,19.0,56.24,annealing_T=100_h=5,absent,disappeared,False,20.0,1256.6370614359173,annealing_T=75_h=25,v,20260531-095134,previous_detection,user_fixed_radius,user_fixed_radius,,20260612-001017,0.4830113870292984,False,2.03486,2.70022,2.70022,,,,,,,,,,,,0
44,1322.37,529.17,1.18596,7.57668,21.0,56.35,annealing_T=100_h=5,absent,disappeared,False,20.0,1256.6370614359173,annealing_T=75_h=25,v,20260531-095134,previous_detection,user_fixed_radius,user_fixed_radius,,20260612-001017,0.4830113870292984,False,0.854,1.496608,1.496608,,,,,,,,,,,,0
44,1322.37,529.17,-3.48961,7.67913,23.0,56.46,annealing_T=100_h=5,absent,disappeared,False,20.0,1256.6370614359173,annealing_T=75_h=25,v,20260531-095134,previous_detection,user_fixed_radius,user_fixed_radius,,20260612-001017,0.4830113870292984,False,2.122,3.158562,3.158562,,,,,,,,,,,,0
45,1372.45,810.54,85.3507,7.03222,17.0,56.13,annealing_T=100_h=5,present,present,False,20.0,1256.6370614359173,annealing_T=100_h=5,v,20260612-001017,phase_detection,user_fixed_radius,user_fixed_radius,,20260612-001017,0.6403124237432707,False,3.7524,1.6165,3.7524,0.103079,0.0136749,0.00714588,14.8079,4.27751,0.789949,2,0.394974,0,3,9.10457e-06,1
45,1372.45,810.54,101.916,7.11324,19.0,56.24,annealing_T=100_h=5,present,present,False,20.0,1256.6370614359173,annealing_T=100_h=5,v,20260612-001017,phase_detection,user_fixed_radius,user_fixed_radius,,20260612-001017,0.6403124237432707,False,2.12,5.147,5.147,0.103079,0.0136749,0.00714588,14.8079,4.27751,0.789949,2,0.394974,0,3,9.10457e-06,1
45,1372.45,810.54,134.12,7.08973,21.0,56.35,annealing_T=100_h=5,present,present,False,20.0,1256.6370614359173,annealing_T=100_h=5,v,20260612-001017,phase_detection,user_fixed_radius,user_fixed_radius,,20260612-001017,0.6403124237432707,False,1.381,0.148,1.381,0.103079,0.0136749,0.00714588,14.8079,4.27751,0.789949,2,0.394974,0,3,9.10457e-06,1
45,1372.45,810.54,156.525,6.92161,23.0,56.46,annealing_T=100_h=5,present,present,False,20.0,1256.6370614359173,annealing_T=100_h=5,v,20260612-001017,phase_detection,user_fixed_radius,user_fixed_radius,,20260612-001017,0.6403124237432707,False,3.735,0.953,3.735,0.103079,0.0136749,0.00714588,14.8079,4.27751,0.789949,2,0.394974,0,3,9.10457e-06,1
46,1375.87,912.19,146.278,7.62391,17.0,56.13,annealing_T=100_h=5,present,present,False,20.0,1256.6370614359173,annealing_T=100_h=5,v,20260612-001017,phase_detection,user_fixed_radius,user_fixed_radius,,20260612-001017,0.759275970909043,False,1.944,0.038,1.944,0.0322571,0.0102748,0.00236494,86.3746,18.1521,0.664984,2,0.332492,0,3,1.58168e-07,1
46,1375.87,912.19,164.422,7.44743,19.0,56.24,annealing_T=100_h=5,present,present,False,20.0,1256.6370614359173,annealing_T=100_h=5,v,20260612-001017,phase_detection,user_fixed_radius,user_fixed_radius,,20260612-001017,0.759275970909043,False,2.995,3.336,3.336,0.0322571,0.0102748,0.00236494,86.3746,18.1521,0.664984,2,0.332492,0,3,1.58168e-07,1
46,1375.87,912.19,168.688,7.50871,21.0,56.35,annealing_T=100_h=5,present,present,False,20.0,1256.6370614359173,annealing_T=100_h=5,v,20260612-001017,phase_detection,user_fixed_radius,user_fixed_radius,,20260612-001017,0.759275970909043,False,2.578,1.506,2.578,0.0322571,0.0102748,0.00236494,86.3746,18.1521,0.664984,2,0.332492,0,3,1.58168e-07,1
46,1375.87,912.19,180.742,7.52477,23.0,56.46,annealing_T=100_h=5,present,present,False,20.0,1256.6370614359173,annealing_T=100_h=5,v,20260612-001017,phase_detection,user_fixed_radius,user_fixed_radius,,20260612-001017,0.759275970909043,False,2.552,4.546,4.546,0.0322571,0.0102748,0.00236494,86.3746,18.1521,0.664984,2,0.332492,0,3,1.58168e-07,1
47,1464.35,944.79,43.9152,7.90173,17.0,56.13,annealing_T=100_h=5,present,present,False,20.0,1256.6370614359173,annealing_T=100_h=5,v,20260612-001017,phase_detection,user_fixed_radius,user_fixed_radius,,20260612-001017,1.289961239727864,False,8.2933,1.0928,8.2933,0.0834661,0.0351743,0.0343754,9.89109,7.25764,1.33606,2,0.66803,0,3,3.55189e-08,1
47,1464.35,944.79,41.4322,7.9732,19.0,56.24,annealing_T=100_h=5,present,present,False,20.0,1256.6370614359173,annealing_T=100_h=5,v,20260612-001017,phase_detection,user_fixed_radius,user_fixed_radius,,20260612-001017,1.289961239727864,False,1.9485,8.8469,8.8469,0.0834661,0.0351743,0.0343754,9.89109,7.25764,1.33606,2,0.66803,0,3,3.55189e-08,1
47,1464.35,944.79,62.4692,8.29071,21.0,56.35,annealing_T=100_h=5,present,present,False,20.0,1256.6370614359173,annealing_T=100_h=5,v,20260612-001017,phase_detection,user_fixed_radius,user_fixed_radius,,20260612-001017,1.289961239727864,False,9.4237,4.0903,9.4237,0.0834661,0.0351743,0.0343754,9.89109,7.25764,1.33606,2,0.66803,0,3,3.55189e-08,1
47,1464.35,944.79,66.2108,8.19057,23.0,56.46,annealing_T=100_h=5,present,present,False,20.0,1256.6370614359173,annealing_T=100_h=5,v,20260612-001017,phase_detection,user_fixed_radius,user_fixed_radius,,20260612-001017,1.289961239727864,False,2.4779,1.3864,2.4779,0.0834661,0.0351743,0.0343754,9.89109,7.25764,1.33606,2,0.66803,0,3,3.55189e-08,1
48,1497.25,507.72,521.838,7.83931,17.0,56.13,annealing_T=100_h=5,present,present,False,20.0,1256.6370614359173,annealing_T=100_h=5,v,20260612-001017,phase_detection,user_fixed_radius,user_fixed_radius,,20260612-001017,0.585234995535954,False,11.275,12.347,12.347,0.0603617,0.0028079,0.00171932,186.031,10.8299,1.56334,2,0.78167,0,3,1.39787e-09,1
48,1497.25,507.72,578.827,7.67545,19.0,56.24,annealing_T=100_h=5,present,present,False,20.0,1256.6370614359173,annealing_T=100_h=5,v,20260612-001017,phase_detection,user_fixed_radius,user_fixed_radius,,20260612-001017,0.585234995535954,False,4.39,15.856,15.856,0.0603617,0.0028079,0.00171932,186.031,10.8299,1.56334,2,0.78167,0,3,1.39787e-09,1
48,1497.25,507.72,666.709,7.63711,21.0,56.35,annealing_T=100_h=5,present,present,False,20.0,1256.6370614359173,annealing_T=100_h=5,v,20260612-001017,phase_detection,user_fixed_radius,user_fixed_radius,,20260612-001017,0.585234995535954,False,8.968,28.644,28.644,0.0603617,0.0028079,0.00171932,186.031,10.8299,1.56334,2,0.78167,0,3,1.39787e-09,1
48,1497.25,507.72,743.909,7.70541,23.0,56.46,annealing_T=100_h=5,present,present,False,20.0,1256.6370614359173,annealing_T=100_h=5,v,20260612-001017,phase_detection,user_fixed_radius,user_fixed_radius,,20260612-001017,0.585234995535954,False,5.179,15.727,15.727,0.0603617,0.0028079,0.00171932,186.031,10.8299,1.56334,2,0.78167,0,3,1.39787e-09,1
49,1502.83,863.49,32.521,7.25425,17.0,56.13,annealing_T=100_h=5,present,present,False,20.0,1256.6370614359173,annealing_T=100_h=5,v,20260612-001017,phase_detection,user_fixed_radius,user_fixed_radius,,20260612-001017,0.4310452412449943,False,0.4004,4.9339,4.9339,0.106529,0.0300732,0.0339997,6.51687,4.14281,4.4748,2,2.2374,0,3,1.14794e-08,1
49,1502.83,863.49,61.7916,7.32421,19.0,56.24,annealing_T=100_h=5,present,present,False,20.0,1256.6370614359173,annealing_T=100_h=5,v,20260612-001017,phase_detection,user_fixed_radius,user_fixed_radius,,20260612-001017,0.4310452412449943,False,1.737,5.141,5.141,0.106529,0.0300732,0.0339997,6.51687,4.14281,4.4748,2,2.2374,0,3,1.14794e-08,1
49,1502.83,863.49,55.6317,7.26915,21.0,56.35,annealing_T=100_h=5,present,present,False,20.0,1256.6370614359173,annealing_T=100_h=5,v,20260612-001017,phase_detection,user_fixed_radius,user_fixed_radius,,20260612-001017,0.4310452412449943,False,4.9114,2.4103,4.9114,0.106529,0.0300732,0.0339997,6.51687,4.14281,4.4748,2,2.2374,0,3,1.14794e-08,1
49,1502.83,863.49,75.7684,7.20493,23.0,56.46,annealing_T=100_h=5,present,present,False,20.0,1256.6370614359173,annealing_T=100_h=5,v,20260612-001017,phase_detection,user_fixed_radius,user_fixed_radius,,20260612-001017,0.4310452412449943,False,0.0299,10.9094,10.9094,0.106529,0.0300732,0.0339997,6.51687,4.14281,4.4748,2,2.2374,0,3,1.14794e-08,1
50,1536.67,405.14,24.7092,7.34011,17.0,56.13,annealing_T=100_h=5,present,present,False,20.0,1256.6370614359173,annealing_T=100_h=5,v,20260612-001017,phase_detection,user_fixed_radius,user_fixed_radius,,20260612-001017,0.6946221994724706,False,4.6807,7.7427,7.7427,0.109499,0.0411644,0.0242131,4.48903,3.91272,1.07783,2,0.538917,0,3,3.21637e-08,1
50,1536.67,405.14,41.9735,7.24807,19.0,56.24,annealing_T=100_h=5,present,present,False,20.0,1256.6370614359173,annealing_T=100_h=5,v,20260612-001017,phase_detection,user_fixed_radius,user_fixed_radius,,20260612-001017,0.6946221994724706,False,1.5334,0.0742,1.5334,0.109499,0.0411644,0.0242131,4.48903,3.91272,1.07783,2,0.538917,0,3,3.21637e-08,1
50,1536.67,405.14,42.9364,7.26832,21.0,56.35,annealing_T=100_h=5,present,present,False,20.0,1256.6370614359173,annealing_T=100_h=5,v,20260612-001017,phase_detection,user_fixed_radius,user_fixed_radius,,20260612-001017,0.6946221994724706,False,1.2072,1.7547,1.7547,0.109499,0.0411644,0.0242131,4.48903,3.91272,1.07783,2,0.538917,0,3,3.21637e-08,1
50,1536.67,405.14,55.3853,7.16658,23.0,56.46,annealing_T=100_h=5,present,present,False,20.0,1256.6370614359173,annealing_T=100_h=5,v,20260612-001017,phase_detection,user_fixed_radius,user_fixed_radius,,20260612-001017,0.6946221994724706,False,3.2047,0.9396,3.2047,0.109499,0.0411644,0.0242131,4.48903,3.91272,1.07783,2,0.538917,0,3,3.21637e-08,1
51,1585.49,810.8,19.4497,7.11713,17.0,56.13,annealing_T=100_h=5,absent,absent,False,20.0,1256.6370614359173,annealing_T=75_h=5,v,20260521-080451,previous_detection,user_fixed_radius,user_fixed_radius,,20260612-001017,1.0688779163215123,False,0.3319,1.5716,1.5716,,,,,,,,,,,,0
51,1585.49,810.8,19.8023,7.06647,19.0,56.24,annealing_T=100_h=5,absent,absent,False,20.0,1256.6370614359173,annealing_T=75_h=5,v,20260521-080451,previous_detection,user_fixed_radius,user_fixed_radius,,20260612-001017,1.0688779163215123,False,0.4605,0.4564,0.4605,,,,,,,,,,,,0
51,1585.49,810.8,34.3143,7.15268,21.0,56.35,annealing_T=100_h=5,absent,absent,False,20.0,1256.6370614359173,annealing_T=75_h=5,v,20260521-080451,previous_detection,user_fixed_radius,user_fixed_radius,,20260612-001017,1.0688779163215123,False,7.4251,0.2492,7.4251,,,,,,,,,,,,0
51,1585.49,810.8,25.9228,7.24445,23.0,56.46,annealing_T=100_h=5,absent,absent,False,20.0,1256.6370614359173,annealing_T=75_h=5,v,20260521-080451,previous_detection,user_fixed_radius,user_fixed_radius,,20260612-001017,1.0688779163215123,False,3.4748,6.6796,6.6796,,,,,,,,,,,,0
52,1596.81,321.02,3.73644,7.57759,17.0,56.13,annealing_T=100_h=5,absent,absent,False,20.0,1256.6370614359173,before_annealing,v,20260514-062228,previous_detection,user_fixed_radius,user_fixed_radius,,20260612-001017,0.0905538513814048,False,3.09144,2.5787,3.09144,,,,,,,,,,,,0
52,1596.81,321.02,-12.5386,7.43694,19.0,56.24,annealing_T=100_h=5,absent,absent,False,20.0,1256.6370614359173,before_annealing,v,20260514-062228,previous_detection,user_fixed_radius,user_fixed_radius,,20260612-001017,0.0905538513814048,False,3.3311,9.67336,9.67336,,,,,,,,,,,,0
52,1596.81,321.02,3.41608,7.41035,21.0,56.35,annealing_T=100_h=5,absent,absent,False,20.0,1256.6370614359173,before_annealing,v,20260514-062228,previous_detection,user_fixed_radius,user_fixed_radius,,20260612-001017,0.0905538513814048,False,5.50982,3.05451,5.50982,,,,,,,,,,,,0
52,1596.81,321.02,5.5653,7.57585,23.0,56.46,annealing_T=100_h=5,absent,absent,False,20.0,1256.6370614359173,before_annealing,v,20260514-062228,previous_detection,user_fixed_radius,user_fixed_radius,,20260612-001017,0.0905538513814048,False,6.306081,4.29458,6.306081,,,,,,,,,,,,0
53,1653.79,628.93,20.6913,7.25055,17.0,56.13,annealing_T=100_h=5,present,present,False,20.0,1256.6370614359173,annealing_T=100_h=5,v,20260612-001017,phase_detection,user_fixed_radius,user_fixed_radius,,20260612-001017,0.9338094023944152,False,6.3014,3.4605,6.3014,0.106284,0.0915077,0.0317793,2.44563,4.718,1.81891,2,0.909456,0,3,8.05341e-06,1
53,1653.79,628.93,15.1356,7.23698,19.0,56.24,annealing_T=100_h=5,present,present,False,20.0,1256.6370614359173,annealing_T=100_h=5,v,20260612-001017,phase_detection,user_fixed_radius,user_fixed_radius,,20260612-001017,0.9338094023944152,False,4.0748,0.0514,4.0748,0.106284,0.0915077,0.0317793,2.44563,4.718,1.81891,2,0.909456,0,3,8.05341e-06,1
53,1653.79,628.93,16.9108,7.17669,21.0,56.35,annealing_T=100_h=5,present,present,False,20.0,1256.6370614359173,annealing_T=100_h=5,v,20260612-001017,phase_detection,user_fixed_radius,user_fixed_radius,,20260612-001017,0.9338094023944152,False,0.8094,6.0164,6.0164,0.106284,0.0915077,0.0317793,2.44563,4.718,1.81891,2,0.909456,0,3,8.05341e-06,1
53,1653.79,628.93,32.189,7.27429,23.0,56.46,annealing_T=100_h=5,present,present,False,20.0,1256.6370614359173,annealing_T=100_h=5,v,20260612-001017,phase_detection,user_fixed_radius,user_fixed_radius,,20260612-001017,0.9338094023944152,False,6.4775,0.6152,6.4775,0.106284,0.0915077,0.0317793,2.44563,4.718,1.81891,2,0.909456,0,3,8.05341e-06,1
54,1732.73,722.81,2699.97,8.71621,17.0,56.13,annealing_T=100_h=5,present,present,False,20.0,1256.6370614359173,annealing_T=100_h=5,v,20260612-001017,phase_detection,user_fixed_radius,user_fixed_radius,,20260612-001017,0.1835755975068894,False,30.87,35.74,35.74,0.0567476,0.000617882,0.000600586,1033.74,13.1873,32.6009,2,16.3004,0,3,1.9733e-06,1
54,1732.73,722.81,3032.82,9.02473,19.0,56.24,annealing_T=100_h=5,present,present,False,20.0,1256.6370614359173,annealing_T=100_h=5,v,20260612-001017,phase_detection,user_fixed_radius,user_fixed_radius,,20260612-001017,0.1835755975068894,False,32.18,45.81,45.81,0.0567476,0.000617882,0.000600586,1033.74,13.1873,32.6009,2,16.3004,0,3,1.9733e-06,1
54,1732.73,722.81,3448.24,9.21978,21.0,56.35,annealing_T=100_h=5,present,present,False,20.0,1256.6370614359173,annealing_T=100_h=5,v,20260612-001017,phase_detection,user_fixed_radius,user_fixed_radius,,20260612-001017,0.1835755975068894,False,38.63,53.56,53.56,0.0567476,0.000617882,0.000600586,1033.74,13.1873,32.6009,2,16.3004,0,3,1.9733e-06,1
54,1732.73,722.81,3789.46,8.94414,23.0,56.46,annealing_T=100_h=5,present,present,False,20.0,1256.6370614359173,annealing_T=100_h=5,v,20260612-001017,phase_detection,user_fixed_radius,user_fixed_radius,,20260612-001017,0.1835755975068894,False,41.71,65.43,65.43,0.0567476,0.000617882,0.000600586,1033.74,13.1873,32.6009,2,16.3004,0,3,1.9733e-06,1
55,1772.16,479.02,390.725,8.18945,17.0,56.13,annealing_T=100_h=5,absent,disappeared,False,20.0,1256.6370614359173,annealing_T=75_h=25,v,20260531-095134,previous_detection,user_fixed_radius,user_fixed_radius,,20260612-001017,0.3982461550347551,False,3.272,1.235,3.272,,,,,,,,,,,,0
55,1772.16,479.02,429.901,7.93535,19.0,56.24,annealing_T=100_h=5,absent,disappeared,False,20.0,1256.6370614359173,annealing_T=75_h=25,v,20260531-095134,previous_detection,user_fixed_radius,user_fixed_radius,,20260612-001017,0.3982461550347551,False,1.272,3.305,3.305,,,,,,,,,,,,0
55,1772.16,479.02,489.392,7.99866,21.0,56.35,annealing_T=100_h=5,absent,disappeared,False,20.0,1256.6370614359173,annealing_T=75_h=25,v,20260531-095134,previous_detection,user_fixed_radius,user_fixed_radius,,20260612-001017,0.3982461550347551,False,1.535,4.993,4.993,,,,,,,,,,,,0
55,1772.16,479.02,528.681,7.93838,23.0,56.46,annealing_T=100_h=5,absent,disappeared,False,20.0,1256.6370614359173,annealing_T=75_h=25,v,20260531-095134,previous_detection,user_fixed_radius,user_fixed_radius,,20260612-001017,0.3982461550347551,False,2.807,6.26,6.26,,,,,,,,,,,,0
56,1783.01,555.64,119.707,8.71611,17.0,56.13,annealing_T=100_h=5,present,present,False,20.0,1256.6370614359173,annealing_T=100_h=5,v,20260612-001017,phase_detection,user_fixed_radius,user_fixed_radius,,20260612-001017,0.4770744176750385,False,0.344,5.955,5.955,0.0808787,0.0142847,0.00700925,28.1809,8.41735,2.87747,2,1.43873,0,3,8.59125e-07,1
56,1783.01,555.64,125.959,8.80098,19.0,56.24,annealing_T=100_h=5,present,present,False,20.0,1256.6370614359173,annealing_T=100_h=5,v,20260612-001017,phase_detection,user_fixed_radius,user_fixed_radius,,20260612-001017,0.4770744176750385,False,2.531,0.631,2.531,0.0808787,0.0142847,0.00700925,28.1809,8.41735,2.87747,2,1.43873,0,3,8.59125e-07,1
56,1783.01,555.64,145.345,8.32872,21.0,56.35,annealing_T=100_h=5,present,present,False,20.0,1256.6370614359173,annealing_T=100_h=5,v,20260612-001017,phase_detection,user_fixed_radius,user_fixed_radius,,20260612-001017,0.4770744176750385,False,3.775,5.25,5.25,0.0808787,0.0142847,0.00700925,28.1809,8.41735,2.87747,2,1.43873,0,3,8.59125e-07,1
56,1783.01,555.64,187.576,8.66833,23.0,56.46,annealing_T=100_h=5,present,present,False,20.0,1256.6370614359173,annealing_T=100_h=5,v,20260612-001017,phase_detection,user_fixed_radius,user_fixed_radius,,20260612-001017,0.4770744176750385,False,4.432,6.185,6.185,0.0808787,0.0142847,0.00700925,28.1809,8.41735,2.87747,2,1.43873,0,3,8.59125e-07,1
57,1821.17,357.14,297.304,8.07513,17.0,56.13,annealing_T=100_h=5,present,present,False,20.0,1256.6370614359173,annealing_T=100_h=5,v,20260612-001017,phase_detection,user_fixed_radius,user_fixed_radius,,20260612-001017,0.3466987164671626,False,2.919,1.76,2.919,0.0720401,0.00526488,0.00252599,83.6097,9.16754,13.3283,2,6.66416,0,3,2.34249e-08,1
57,1821.17,357.14,324.978,8.13958,19.0,56.24,annealing_T=100_h=5,present,present,False,20.0,1256.6370614359173,annealing_T=100_h=5,v,20260612-001017,phase_detection,user_fixed_radius,user_fixed_radius,,20260612-001017,0.3466987164671626,False,2.722,4.517,4.517,0.0720401,0.00526488,0.00252599,83.6097,9.16754,13.3283,2,6.66416,0,3,2.34249e-08,1
57,1821.17,357.14,357.278,8.03304,21.0,56.35,annealing_T=100_h=5,present,present,False,20.0,1256.6370614359173,annealing_T=100_h=5,v,20260612-001017,phase_detection,user_fixed_radius,user_fixed_radius,,20260612-001017,0.3466987164671626,False,1.175,3.376,3.376,0.0720401,0.00526488,0.00252599,83.6097,9.16754,13.3283,2,6.66416,0,3,2.34249e-08,1
57,1821.17,357.14,452.152,8.04092,23.0,56.46,annealing_T=100_h=5,present,present,False,20.0,1256.6370614359173,annealing_T=100_h=5,v,20260612-001017,phase_detection,user_fixed_radius,user_fixed_radius,,20260612-001017,0.3466987164671626,False,6.487,9.665,9.665,0.0720401,0.00526488,0.00252599,83.6097,9.16754,13.3283,2,6.66416,0,3,2.34249e-08,1
58,1821.7,994.02,24.7981,8.14835,17.0,56.13,annealing_T=100_h=5,present,present,False,20.0,1256.6370614359173,annealing_T=100_h=5,v,20260612-001017,phase_detection,user_fixed_radius,user_fixed_radius,,20260612-001017,0.5263078946776488,False,6.0429,1.1083,6.0429,0.0696176,0.044572,0.0266374,9.65268,8.97029,7.31622,2,3.65811,0,3,5.28605e-09,1
58,1821.7,994.02,34.463,8.32277,19.0,56.24,annealing_T=100_h=5,present,present,False,20.0,1256.6370614359173,annealing_T=100_h=5,v,20260612-001017,phase_detection,user_fixed_radius,user_fixed_radius,,20260612-001017,0.5263078946776488,False,8.3342,6.3745,8.3342,0.0696176,0.044572,0.0266374,9.65268,8.97029,7.31622,2,3.65811,0,3,5.28605e-09,1
58,1821.7,994.02,60.138,8.20769,21.0,56.35,annealing_T=100_h=5,present,present,False,20.0,1256.6370614359173,annealing_T=100_h=5,v,20260612-001017,phase_detection,user_fixed_radius,user_fixed_radius,,20260612-001017,0.5263078946776488,False,1.181,8.5145,8.5145,0.0696176,0.044572,0.0266374,9.65268,8.97029,7.31622,2,3.65811,0,3,5.28605e-09,1
58,1821.7,994.02,37.9596,8.05324,23.0,56.46,annealing_T=100_h=5,present,present,False,20.0,1256.6370614359173,annealing_T=100_h=5,v,20260612-001017,phase_detection,user_fixed_radius,user_fixed_radius,,20260612-001017,0.5263078946776488,False,3.0995,7.0786,7.0786,0.0696176,0.044572,0.0266374,9.65268,8.97029,7.31622,2,3.65811,0,3,5.28605e-09,1
59,1851.49,558.23,381.996,8.1608,17.0,56.13,annealing_T=100_h=5,present,present,False,20.0,1256.6370614359173,annealing_T=100_h=5,v,20260612-001017,phase_detection,user_fixed_radius,user_fixed_radius,,20260612-001017,0.1315294643795394,False,3.128,4.617,4.617,0.0587727,0.00413926,0.00139252,137.29,11.762,4.58678,2,2.29339,0,3,4.07924e-08,1
59,1851.49,558.23,413.775,7.98355,19.0,56.24,annealing_T=100_h=5,present,present,False,20.0,1256.6370614359173,annealing_T=100_h=5,v,20260612-001017,phase_detection,user_fixed_radius,user_fixed_radius,,20260612-001017,0.1315294643795394,False,5.382,1.976,5.382,0.0587727,0.00413926,0.00139252,137.29,11.762,4.58678,2,2.29339,0,3,4.07924e-08,1
59,1851.49,558.23,460.676,8.08263,21.0,56.35,annealing_T=100_h=5,present,present,False,20.0,1256.6370614359173,annealing_T=100_h=5,v,20260612-001017,phase_detection,user_fixed_radius,user_fixed_radius,,20260612-001017,0.1315294643795394,False,0.795,7.783,7.783,0.0587727,0.00413926,0.00139252,137.29,11.762,4.58678,2,2.29339,0,3,4.07924e-08,1
59,1851.49,558.23,538.54,8.06882,23.0,56.46,annealing_T=100_h=5,present,present,False,20.0,1256.6370614359173,annealing_T=100_h=5,v,20260612-001017,phase_detection,user_fixed_radius,user_fixed_radius,,20260612-001017,0.1315294643795394,False,0.467,0.193,0.467,0.0587727,0.00413926,0.00139252,137.29,11.762,4.58678,2,2.29339,0,3,4.07924e-08,1
60,1655.66,493.29,18.515,7.13271,17.0,56.13,annealing_T=100_h=5,present,present,False,20.0,1256.6370614359173,annealing_T=100_h=5,v,20260612-001017,phase_detection,user_fixed_radius,user_fixed_radius,,20260612-001017,0.7655716818169878,False,5.1495,2.3919,5.1495,0.0126509,0.0858042,0.0429221,15.2175,26.4389,0.992913,2,0.496457,0,3,6.26961e-08,1
60,1655.66,493.29,22.8112,7.17625,19.0,56.24,annealing_T=100_h=5,present,present,False,20.0,1256.6370614359173,annealing_T=100_h=5,v,20260612-001017,phase_detection,user_fixed_radius,user_fixed_radius,,20260612-001017,0.7655716818169878,False,4.6746,3.9031,4.6746,0.0126509,0.0858042,0.0429221,15.2175,26.4389,0.992913,2,0.496457,0,3,6.26961e-08,1
60,1655.66,493.29,14.2222,7.11281,21.0,56.35,annealing_T=100_h=5,present,present,False,20.0,1256.6370614359173,annealing_T=100_h=5,v,20260612-001017,phase_detection,user_fixed_radius,user_fixed_radius,,20260612-001017,0.7655716818169878,False,0.3775,2.8559,2.8559,0.0126509,0.0858042,0.0429221,15.2175,26.4389,0.992913,2,0.496457,0,3,6.26961e-08,1
60,1655.66,493.29,22.9536,7.13375,23.0,56.46,annealing_T=100_h=5,present,present,False,20.0,1256.6370614359173,annealing_T=100_h=5,v,20260612-001017,phase_detection,user_fixed_radius,user_fixed_radius,,20260612-001017,0.7655716818169878,False,2.3393,0.8923,2.3393,0.0126509,0.0858042,0.0429221,15.2175,26.4389,0.992913,2,0.496457,0,3,6.26961e-08,1
61,455.82,764.39,27.5167,7.69587,17.0,56.13,annealing_T=100_h=5,absent,not_yet_detected,False,20.0,1256.6370614359173,annealing_T=100_h=25,v,20260702-101218,first_future_detection,user_fixed_radius,user_fixed_radius,,20260612-001017,2.522538404068403,False,2.8738,6.726,6.726,,,,,,,,,,,,0
61,455.82,764.39,45.6697,7.6678,19.0,56.24,annealing_T=100_h=5,absent,not_yet_detected,False,20.0,1256.6370614359173,annealing_T=100_h=25,v,20260702-101218,first_future_detection,user_fixed_radius,user_fixed_radius,,20260612-001017,2.522538404068403,False,7.9288,1.1322,7.9288,,,,,,,,,,,,0
61,455.82,764.39,52.1697,7.76932,21.0,56.35,annealing_T=100_h=5,absent,not_yet_detected,False,20.0,1256.6370614359173,annealing_T=100_h=25,v,20260702-101218,first_future_detection,user_fixed_radius,user_fixed_radius,,20260612-001017,2.522538404068403,False,1.2032,1.3677,1.3677,,,,,,,,,,,,0
61,455.82,764.39,46.1788,7.68213,23.0,56.46,annealing_T=100_h=5,absent,not_yet_detected,False,20.0,1256.6370614359173,annealing_T=100_h=25,v,20260702-101218,first_future_detection,user_fixed_radius,user_fixed_radius,,20260612-001017,2.522538404068403,False,0.6597,6.0554,6.0554,,,,,,,,,,,,0
62,514.21,881.03,298.692,8.65925,17.0,56.13,annealing_T=100_h=5,present,present,False,20.0,1256.6370614359173,annealing_T=100_h=5,v,20260612-001017,phase_detection,user_fixed_radius,user_fixed_radius,,20260612-001017,0.6896375859827022,False,0.704,5.244,5.244,0.0572755,0.0053658,0.00275861,116.963,12.9639,4.55143,2,2.27571,0,3,6.02567e-09,1
62,514.21,881.03,360.543,9.07444,19.0,56.24,annealing_T=100_h=5,present,present,False,20.0,1256.6370614359173,annealing_T=100_h=5,v,20260612-001017,phase_detection,user_fixed_radius,user_fixed_radius,,20260612-001017,0.6896375859827022,False,1.807,9.77,9.77,0.0572755,0.0053658,0.00275861,116.963,12.9639,4.55143,2,2.27571,0,3,6.02567e-09,1
62,514.21,881.03,394.104,8.69241,21.0,56.35,annealing_T=100_h=5,present,present,False,20.0,1256.6370614359173,annealing_T=100_h=5,v,20260612-001017,phase_detection,user_fixed_radius,user_fixed_radius,,20260612-001017,0.6896375859827022,False,6.974,5.582,6.974,0.0572755,0.0053658,0.00275861,116.963,12.9639,4.55143,2,2.27571,0,3,6.02567e-09,1
62,514.21,881.03,430.281,8.96185,23.0,56.46,annealing_T=100_h=5,present,present,False,20.0,1256.6370614359173,annealing_T=100_h=5,v,20260612-001017,phase_detection,user_fixed_radius,user_fixed_radius,,20260612-001017,0.6896375859827022,False,3.98,2.812,3.98,0.0572755,0.0053658,0.00275861,116.963,12.9639,4.55143,2,2.27571,0,3,6.02567e-09,1
63,899.72,255.91,7.39023,7.28229,17.0,56.13,annealing_T=100_h=5,absent,disappeared,False,20.0,1256.6370614359173,annealing_T=75_h=25,v,20260531-095134,previous_detection,user_fixed_radius,user_fixed_radius,,20260612-001017,0.8105553651663864,False,2.45693,4.89553,4.89553,,,,,,,,,,,,0
63,899.72,255.91,15.9005,7.34051,19.0,56.24,annealing_T=100_h=5,absent,disappeared,False,20.0,1256.6370614359173,annealing_T=75_h=25,v,20260531-095134,previous_detection,user_fixed_radius,user_fixed_radius,,20260612-001017,0.8105553651663864,False,5.6953,6.18117,6.18117,,,,,,,,,,,,0
63,899.72,255.91,17.4787,7.29894,21.0,56.35,annealing_T=100_h=5,absent,disappeared,False,20.0,1256.6370614359173,annealing_T=75_h=25,v,20260531-095134,previous_detection,user_fixed_radius,user_fixed_radius,,20260612-001017,0.8105553651663864,False,4.6439,4.4475,4.6439,,,,,,,,,,,,0
63,899.72,255.91,21.1279,7.2358,23.0,56.46,annealing_T=100_h=5,absent,disappeared,False,20.0,1256.6370614359173,annealing_T=75_h=25,v,20260531-095134,previous_detection,user_fixed_radius,user_fixed_radius,,20260612-001017,0.8105553651663864,False,8.9571,9.6075,9.6075,,,,,,,,,,,,0
64,908.2,730.7,273.278,7.71268,17.0,56.13,annealing_T=100_h=5,present,present,False,20.0,1256.6370614359173,annealing_T=100_h=5,v,20260612-001017,phase_detection,user_fixed_radius,user_fixed_radius,,20260612-001017,0.79611556949984,False,4.411,8.388,8.388,0.0721696,0.00484859,0.00475346,84.6395,8.53621,10.3244,2,5.16218,0,3,6.86498e-08,1
64,908.2,730.7,351.181,7.76719,19.0,56.24,annealing_T=100_h=5,present,present,False,20.0,1256.6370614359173,annealing_T=100_h=5,v,20260612-001017,phase_detection,user_fixed_radius,user_fixed_radius,,20260612-001017,0.79611556949984,False,3.58,3.691,3.691,0.0721696,0.00484859,0.00475346,84.6395,8.53621,10.3244,2,5.16218,0,3,6.86498e-08,1
64,908.2,730.7,389.761,7.77573,21.0,56.35,annealing_T=100_h=5,present,present,False,20.0,1256.6370614359173,annealing_T=100_h=5,v,20260612-001017,phase_detection,user_fixed_radius,user_fixed_radius,,20260612-001017,0.79611556949984,False,2.604,8.632,8.632,0.0721696,0.00484859,0.00475346,84.6395,8.53621,10.3244,2,5.16218,0,3,6.86498e-08,1
64,908.2,730.7,438.003,7.82233,23.0,56.46,annealing_T=100_h=5,present,present,False,20.0,1256.6370614359173,annealing_T=100_h=5,v,20260612-001017,phase_detection,user_fixed_radius,user_fixed_radius,,20260612-001017,0.79611556949984,False,1.029,1.772,1.772,0.0721696,0.00484859,0.00475346,84.6395,8.53621,10.3244,2,5.16218,0,3,6.86498e-08,1
65,1176.94,928.96,11.8058,7.11236,17.0,56.13,annealing_T=100_h=5,present,present,False,20.0,1256.6370614359173,annealing_T=100_h=5,v,20260612-001017,phase_detection,user_fixed_radius,user_fixed_radius,,20260612-001017,0.8060397012554235,False,5.83593,1.8743,5.83593,0.179683,0.0660888,0.0298748,0.666689,0.95374,0.458301,2,0.229151,0,3,7.53569e-06,1
65,1176.94,928.96,19.9664,7.01831,19.0,56.24,annealing_T=100_h=5,present,present,False,20.0,1256.6370614359173,annealing_T=100_h=5,v,20260612-001017,phase_detection,user_fixed_radius,user_fixed_radius,,20260612-001017,0.8060397012554235,False,1.2778,0.0363,1.2778,0.179683,0.0660888,0.0298748,0.666689,0.95374,0.458301,2,0.229151,0,3,7.53569e-06,1
65,1176.94,928.96,32.8055,7.04019,21.0,56.35,annealing_T=100_h=5,present,present,False,20.0,1256.6370614359173,annealing_T=100_h=5,v,20260612-001017,phase_detection,user_fixed_radius,user_fixed_radius,,20260612-001017,0.8060397012554235,False,10.7809,4.9211,10.7809,0.179683,0.0660888,0.0298748,0.666689,0.95374,0.458301,2,0.229151,0,3,7.53569e-06,1
65,1176.94,928.96,39.8365,7.10755,23.0,56.46,annealing_T=100_h=5,present,present,False,20.0,1256.6370614359173,annealing_T=100_h=5,v,20260612-001017,phase_detection,user_fixed_radius,user_fixed_radius,,20260612-001017,0.8060397012554235,False,11.0563,0.889,11.0563,0.179683,0.0660888,0.0298748,0.666689,0.95374,0.458301,2,0.229151,0,3,7.53569e-06,1
66,587.11,493.99,26.8692,7.41363,17.0,56.13,annealing_T=100_h=5,present,appeared,False,20.0,1256.6370614359173,annealing_T=100_h=5,v,20260612-001017,phase_detection,user_fixed_radius,user_fixed_radius,,20260612-001017,0.9386160024205588,False,3.5433,0.4587,3.5433,0.075546,0.0539846,0.0300873,7.07687,7.9853,1.07453,2,0.537265,0,3,1.51091e-08,1
66,587.11,493.99,31.886,7.31059,19.0,56.24,annealing_T=100_h=5,present,appeared,False,20.0,1256.6370614359173,annealing_T=100_h=5,v,20260612-001017,phase_detection,user_fixed_radius,user_fixed_radius,,20260612-001017,0.9386160024205588,False,2.9321,0.0631,2.9321,0.075546,0.0539846,0.0300873,7.07687,7.9853,1.07453,2,0.537265,0,3,1.51091e-08,1
66,587.11,493.99,28.2361,7.21099,21.0,56.35,annealing_T=100_h=5,present,appeared,False,20.0,1256.6370614359173,annealing_T=100_h=5,v,20260612-001017,phase_detection,user_fixed_radius,user_fixed_radius,,20260612-001017,0.9386160024205588,False,1.8563,0.7755,1.8563,0.075546,0.0539846,0.0300873,7.07687,7.9853,1.07453,2,0.537265,0,3,1.51091e-08,1
66,587.11,493.99,43.2605,7.11613,23.0,56.46,annealing_T=100_h=5,present,appeared,False,20.0,1256.6370614359173,annealing_T=100_h=5,v,20260612-001017,phase_detection,user_fixed_radius,user_fixed_radius,,20260612-001017,0.9386160024205588,False,4.1546,5.8506,5.8506,0.075546,0.0539846,0.0300873,7.07687,7.9853,1.07453,2,0.537265,0,3,1.51091e-08,1
67,1617.4,988.0,477.355,8.12672,17.0,56.13,annealing_T=100_h=5,present,present,False,20.0,1256.6370614359173,annealing_T=100_h=5,v,20260612-001017,phase_detection,user_fixed_radius,user_fixed_radius,,20260612-001017,1.1941942890502852,False,4.944,7.427,7.427,0.0678971,0.00306303,0.00179226,153.774,9.779,4.96893,2,2.48446,0,3,2.83556e-07,1
67,1617.4,988.0,566.372,8.09606,19.0,56.24,annealing_T=100_h=5,present,present,False,20.0,1256.6370614359173,annealing_T=100_h=5,v,20260612-001017,phase_detection,user_fixed_radius,user_fixed_radius,,20260612-001017,1.1941942890502852,False,6.145,14.115,14.115,0.0678971,0.00306303,0.00179226,153.774,9.779,4.96893,2,2.48446,0,3,2.83556e-07,1
67,1617.4,988.0,649.533,7.92586,21.0,56.35,annealing_T=100_h=5,present,present,False,20.0,1256.6370614359173,annealing_T=100_h=5,v,20260612-001017,phase_detection,user_fixed_radius,user_fixed_radius,,20260612-001017,1.1941942890502852,False,0.446,8.269,8.269,0.0678971,0.00306303,0.00179226,153.774,9.779,4.96893,2,2.48446,0,3,2.83556e-07,1
67,1617.4,988.0,724.928,8.22015,23.0,56.46,annealing_T=100_h=5,present,present,False,20.0,1256.6370614359173,annealing_T=100_h=5,v,20260612-001017,phase_detection,user_fixed_radius,user_fixed_radius,,20260612-001017,1.1941942890502852,False,1.09,11.604,11.604,0.0678971,0.00306303,0.00179226,153.774,9.779,4.96893,2,2.48446,0,3,2.83556e-07,1
68,262.92,493.61,14.8318,7.46271,17.0,56.13,annealing_T=100_h=5,present,present,False,20.0,1256.6370614359173,annealing_T=100_h=5,v,20260612-001017,phase_detection,user_fixed_radius,user_fixed_radius,,20260612-001017,0.7666159403508529,False,9.0827,1.4509,9.0827,0.0614797,0.0865526,0.0857403,5.57203,10,0.132269,2,0.0661343,0,3,3.26155e-06,1
68,262.92,493.61,18.0694,7.50811,19.0,56.24,annealing_T=100_h=5,present,present,False,20.0,1256.6370614359173,annealing_T=100_h=5,v,20260612-001017,phase_detection,user_fixed_radius,user_fixed_radius,,20260612-001017,0.7666159403508529,False,3.3934,1.4604,3.3934,0.0614797,0.0865526,0.0857403,5.57203,10,0.132269,2,0.0661343,0,3,3.26155e-06,1
68,262.92,493.61,22.4141,7.45136,21.0,56.35,annealing_T=100_h=5,present,present,False,20.0,1256.6370614359173,annealing_T=100_h=5,v,20260612-001017,phase_detection,user_fixed_radius,user_fixed_radius,,20260612-001017,0.7666159403508529,False,2.8508,0.8976,2.8508,0.0614797,0.0865526,0.0857403,5.57203,10,0.132269,2,0.0661343,0,3,3.26155e-06,1
68,262.92,493.61,21.6262,7.42631,23.0,56.46,annealing_T=100_h=5,present,present,False,20.0,1256.6370614359173,annealing_T=100_h=5,v,20260612-001017,phase_detection,user_fixed_radius,user_fixed_radius,,20260612-001017,0.7666159403508529,False,2.1601,0.5613,2.1601,0.0614797,0.0865526,0.0857403,5.57203,10,0.132269,2,0.0661343,0,3,3.26155e-06,1
69,93.94,351.54,28.0318,8.65512,17.0,56.13,annealing_T=100_h=5,absent,not_yet_detected,False,20.0,1256.6370614359173,annealing_T=100_h=25,v,20260702-101218,first_future_detection,user_fixed_radius,user_fixed_radius,,20260612-001017,1.6850222550459153,False,2.6461,2.7337,2.7337,,,,,,,,,,,,0
69,93.94,351.54,23.7343,8.75595,19.0,56.24,annealing_T=100_h=5,absent,not_yet_detected,False,20.0,1256.6370614359173,annealing_T=100_h=25,v,20260702-101218,first_future_detection,user_fixed_radius,user_fixed_radius,,20260612-001017,1.6850222550459153,False,10.4227,1.3468,10.4227,,,,,,,,,,,,0
69,93.94,351.54,43.0627,8.54129,21.0,56.35,annealing_T=100_h=5,absent,not_yet_detected,False,20.0,1256.6370614359173,annealing_T=100_h=25,v,20260702-101218,first_future_detection,user_fixed_radius,user_fixed_radius,,20260612-001017,1.6850222550459153,False,6.6886,0.0861,6.6886,,,,,,,,,,,,0
69,93.94,351.54,48.2337,8.24349,23.0,56.46,annealing_T=100_h=5,absent,not_yet_detected,False,20.0,1256.6370614359173,annealing_T=100_h=25,v,20260702-101218,first_future_detection,user_fixed_radius,user_fixed_radius,,20260612-001017,1.6850222550459153,False,8.2578,3.3684,8.2578,,,,,,,,,,,,0
70,337.15,286.11,37.5967,7.4156,17.0,56.13,annealing_T=100_h=5,present,appeared,False,20.0,1256.6370614359173,annealing_T=100_h=5,v,20260612-001017,phase_detection,user_fixed_radius,user_fixed_radius,,20260612-001017,1.0489041900955205,False,2.9171,1.5536,2.9171,0.097627,0.0338287,0.0101538,7.01885,4.99263,1.83555,2,0.917774,0,3,1.72527e-07,1
70,337.15,286.11,39.5331,7.2063,19.0,56.24,annealing_T=100_h=5,present,appeared,False,20.0,1256.6370614359173,annealing_T=100_h=5,v,20260612-001017,phase_detection,user_fixed_radius,user_fixed_radius,,20260612-001017,1.0489041900955205,False,3.2018,3.1251,3.2018,0.097627,0.0338287,0.0101538,7.01885,4.99263,1.83555,2,0.917774,0,3,1.72527e-07,1
70,337.15,286.11,62.3083,7.37115,21.0,56.35,annealing_T=100_h=5,present,appeared,False,20.0,1256.6370614359173,annealing_T=100_h=5,v,20260612-001017,phase_detection,user_fixed_radius,user_fixed_radius,,20260612-001017,1.0489041900955205,False,4.0076,7.1813,7.1813,0.097627,0.0338287,0.0101538,7.01885,4.99263,1.83555,2,0.917774,0,3,1.72527e-07,1
70,337.15,286.11,63.2623,7.39746,23.0,56.46,annealing_T=100_h=5,present,appeared,False,20.0,1256.6370614359173,annealing_T=100_h=5,v,20260612-001017,phase_detection,user_fixed_radius,user_fixed_radius,,20260612-001017,1.0489041900955205,False,4.8354,2.7446,4.8354,0.097627,0.0338287,0.0101538,7.01885,4.99263,1.83555,2,0.917774,0,3,1.72527e-07,1
71,1387.89,117.09,43.6266,7.78422,17.0,56.13,annealing_T=100_h=5,present,appeared,False,20.0,1256.6370614359173,annealing_T=100_h=5,v,20260612-001017,phase_detection,user_fixed_radius,user_fixed_radius,,20260612-001017,1.1217842929905462,False,6.9408,1.8395,6.9408,0.0961818,0.0321354,0.0246975,8.19224,5.54636,0.732671,2,0.366336,0,3,4.22088e-10,1
71,1387.89,117.09,52.4452,7.783,19.0,56.24,annealing_T=100_h=5,present,appeared,False,20.0,1256.6370614359173,annealing_T=100_h=5,v,20260612-001017,phase_detection,user_fixed_radius,user_fixed_radius,,20260612-001017,1.1217842929905462,False,0.2795,1.2461,1.2461,0.0961818,0.0321354,0.0246975,8.19224,5.54636,0.732671,2,0.366336,0,3,4.22088e-10,1
71,1387.89,117.09,56.1842,7.65211,21.0,56.35,annealing_T=100_h=5,present,appeared,False,20.0,1256.6370614359173,annealing_T=100_h=5,v,20260612-001017,phase_detection,user_fixed_radius,user_fixed_radius,,20260612-001017,1.1217842929905462,False,6.9625,1.135,6.9625,0.0961818,0.0321354,0.0246975,8.19224,5.54636,0.732671,2,0.366336,0,3,4.22088e-10,1
71,1387.89,117.09,77.5229,7.5866,23.0,56.46,annealing_T=100_h=5,present,appeared,False,20.0,1256.6370614359173,annealing_T=100_h=5,v,20260612-001017,phase_detection,user_fixed_radius,user_fixed_radius,,20260612-001017,1.1217842929905462,False,1.7433,2.2462,2.2462,0.0961818,0.0321354,0.0246975,8.19224,5.54636,0.732671,2,0.366336,0,3,4.22088e-10,1
72,1404.5,206.27,166.421,8.27534,17.0,56.13,annealing_T=100_h=5,present,appeared,False,20.0,1256.6370614359173,annealing_T=100_h=5,v,20260612-001017,phase_detection,user_fixed_radius,user_fixed_radius,,20260612-001017,0.6718630812897043,False,7.209,7.704,7.704,0.0384663,0.0101523,0.00573287,86.2263,17.9578,0.415148,2,0.207574,0,3,1.94148e-08,1
72,1404.5,206.27,180.825,8.83545,19.0,56.24,annealing_T=100_h=5,present,appeared,False,20.0,1256.6370614359173,annealing_T=100_h=5,v,20260612-001017,phase_detection,user_fixed_radius,user_fixed_radius,,20260612-001017,0.6718630812897043,False,0.124,0.381,0.381,0.0384663,0.0101523,0.00573287,86.2263,17.9578,0.415148,2,0.207574,0,3,1.94148e-08,1
72,1404.5,206.27,188.814,8.46601,21.0,56.35,annealing_T=100_h=5,present,appeared,False,20.0,1256.6370614359173,annealing_T=100_h=5,v,20260612-001017,phase_detection,user_fixed_radius,user_fixed_radius,,20260612-001017,0.6718630812897043,False,2.541,4.577,4.577,0.0384663,0.0101523,0.00573287,86.2263,17.9578,0.415148,2,0.207574,0,3,1.94148e-08,1
72,1404.5,206.27,211.2,8.39057,23.0,56.46,annealing_T=100_h=5,present,appeared,False,20.0,1256.6370614359173,annealing_T=100_h=5,v,20260612-001017,phase_detection,user_fixed_radius,user_fixed_radius,,20260612-001017,0.6718630812897043,False,0.475,0.27,0.475,0.0384663,0.0101523,0.00573287,86.2263,17.9578,0.415148,2,0.207574,0,3,1.94148e-08,1
73,1845.5,888.69,193.795,8.2389,17.0,56.13,annealing_T=100_h=5,present,appeared,False,20.0,1256.6370614359173,annealing_T=100_h=5,v,20260612-001017,phase_detection,user_fixed_radius,user_fixed_radius,,20260612-001017,0.3605551275463926,False,5.043,3.314,5.043,0.0999158,0.00741468,0.0038836,34.7002,5.40982,3.33352,2,1.66676,0,3,1.57058e-06,1
73,1845.5,888.69,234.291,8.06189,19.0,56.24,annealing_T=100_h=5,present,appeared,False,20.0,1256.6370614359173,annealing_T=100_h=5,v,20260612-001017,phase_detection,user_fixed_radius,user_fixed_radius,,20260612-001017,0.3605551275463926,False,2.84,7.212,7.212,0.0999158,0.00741468,0.0038836,34.7002,5.40982,3.33352,2,1.66676,0,3,1.57058e-06,1
73,1845.5,888.69,270.368,8.13419,21.0,56.35,annealing_T=100_h=5,present,appeared,False,20.0,1256.6370614359173,annealing_T=100_h=5,v,20260612-001017,phase_detection,user_fixed_radius,user_fixed_radius,,20260612-001017,0.3605551275463926,False,1.02,9.38,9.38,0.0999158,0.00741468,0.0038836,34.7002,5.40982,3.33352,2,1.66676,0,3,1.57058e-06,1
73,1845.5,888.69,351.953,8.32004,23.0,56.46,annealing_T=100_h=5,present,appeared,False,20.0,1256.6370614359173,annealing_T=100_h=5,v,20260612-001017,phase_detection,user_fixed_radius,user_fixed_radius,,20260612-001017,0.3605551275463926,False,0.547,10.998,10.998,0.0999158,0.00741468,0.0038836,34.7002,5.40982,3.33352,2,1.66676,0,3,1.57058e-06,1
74,503.5,995.94,68.7951,9.59633,17.0,56.13,annealing_T=100_h=5,absent,not_yet_detected,False,20.0,1256.6370614359173,annealing_T=100_h=25,v,20260702-101218,first_future_detection,user_fixed_radius,user_fixed_radius,,20260612-001017,1.481215716902747,False,4.7969,3.5029,4.7969,,,,,,,,,,,,0
74,503.5,995.94,85.5128,8.52767,19.0,56.24,annealing_T=100_h=5,absent,not_yet_detected,False,20.0,1256.6370614359173,annealing_T=100_h=25,v,20260702-101218,first_future_detection,user_fixed_radius,user_fixed_radius,,20260612-001017,1.481215716902747,False,4.9152,3.7084,4.9152,,,,,,,,,,,,0
74,503.5,995.94,109.565,8.42326,21.0,56.35,annealing_T=100_h=5,absent,not_yet_detected,False,20.0,1256.6370614359173,annealing_T=100_h=25,v,20260702-101218,first_future_detection,user_fixed_radius,user_fixed_radius,,20260612-001017,1.481215716902747,False,3.52,4.979,4.979,,,,,,,,,,,,0
74,503.5,995.94,111.783,8.95533,23.0,56.46,annealing_T=100_h=5,absent,not_yet_detected,False,20.0,1256.6370614359173,annealing_T=100_h=25,v,20260702-101218,first_future_detection,user_fixed_radius,user_fixed_radius,,20260612-001017,1.481215716902747,False,4.645,4.48,4.645,,,,,,,,,,,,0
75,859.24,473.52,113.369,7.27844,17.0,56.13,annealing_T=100_h=5,absent,not_yet_detected,False,20.0,1256.6370614359173,annealing_T=125_h=25,v,20260828-044900,first_future_detection,user_fixed_radius,user_fixed_radius,,20260612-001017,0.7808969202141668,False,5.984,11.944,11.944,,,,,,,,,,,,0
75,859.24,473.52,137.149,7.22308,19.0,56.24,annealing_T=100_h=5,absent,not_yet_detected,False,20.0,1256.6370614359173,annealing_T=125_h=25,v,20260828-044900,first_future_detection,user_fixed_radius,user_fixed_radius,,20260612-001017,0.7808969202141668,False,2.342,21.366,21.366,,,,,,,,,,,,0
75,859.24,473.52,143.179,7.40392,21.0,56.35,annealing_T=100_h=5,absent,not_yet_detected,False,20.0,1256.6370614359173,annealing_T=125_h=25,v,20260828-044900,first_future_detection,user_fixed_radius,user_fixed_radius,,20260612-001017,0.7808969202141668,False,2.193,15.731,15.731,,,,,,,,,,,,0
75,859.24,473.52,162.804,7.19434,23.0,56.46,annealing_T=100_h=5,absent,not_yet_detected,False,20.0,1256.6370614359173,annealing_T=125_h=25,v,20260828-044900,first_future_detection,user_fixed_radius,user_fixed_radius,,20260612-001017,0.7808969202141668,False,1.845,15.004,15.004,,,,,,,,,,,,0
76,886.89,268.73,6.6647,7.16299,17.0,56.13,annealing_T=100_h=5,absent,not_yet_detected,False,20.0,1256.6370614359173,annealing_T=100_h=25,v,20260702-101218,first_future_detection,user_fixed_radius,user_fixed_radius,,20260612-001017,1.3793114224133327,False,0.27278,1.06931,1.06931,,,,,,,,,,,,0
76,886.89,268.73,18.3315,7.18545,19.0,56.24,annealing_T=100_h=5,absent,not_yet_detected,False,20.0,1256.6370614359173,annealing_T=100_h=25,v,20260702-101218,first_future_detection,user_fixed_radius,user_fixed_radius,,20260612-001017,1.3793114224133327,False,1.2403,0.2287,1.2403,,,,,,,,,,,,0
76,886.89,268.73,12.1592,7.25708,21.0,56.35,annealing_T=100_h=5,absent,not_yet_detected,False,20.0,1256.6370614359173,annealing_T=100_h=25,v,20260702-101218,first_future_detection,user_fixed_radius,user_fixed_radius,,20260612-001017,1.3793114224133327,False,0.2453,2.89861,2.89861,,,,,,,,,,,,0
76,886.89,268.73,22.7008,7.09373,23.0,56.46,annealing_T=100_h=5,absent,not_yet_detected,False,20.0,1256.6370614359173,annealing_T=100_h=25,v,20260702-101218,first_future_detection,user_fixed_radius,user_fixed_radius,,20260612-001017,1.3793114224133327,False,3.3116,2.6085,3.3116,,,,,,,,,,,,0
77,1088.51,519.85,1687.37,8.02272,17.0,56.13,annealing_T=100_h=5,absent,not_yet_detected,False,20.0,1256.6370614359173,annealing_T=100_h=25,v,20260702-101218,first_future_detection,user_fixed_radius,user_fixed_radius,,20260612-001017,2.111516043036388,False,22.11,32.89,32.89,,,,,,,,,,,,0
77,1088.51,519.85,1861.75,8.01217,19.0,56.24,annealing_T=100_h=5,absent,not_yet_detected,False,20.0,1256.6370614359173,annealing_T=100_h=25,v,20260702-101218,first_future_detection,user_fixed_radius,user_fixed_radius,,20260612-001017,2.111516043036388,False,17.8,30.78,30.78,,,,,,,,,,,,0
77,1088.51,519.85,2081.18,8.26638,21.0,56.35,annealing_T=100_h=5,absent,not_yet_detected,False,20.0,1256.6370614359173,annealing_T=100_h=25,v,20260702-101218,first_future_detection,user_fixed_radius,user_fixed_radius,,20260612-001017,2.111516043036388,False,24.9,34.05,34.05,,,,,,,,,,,,0
77,1088.51,519.85,2296.15,8.35074,23.0,56.46,annealing_T=100_h=5,absent,not_yet_detected,False,20.0,1256.6370614359173,annealing_T=100_h=25,v,20260702-101218,first_future_detection,user_fixed_radius,user_fixed_radius,,20260612-001017,2.111516043036388,False,27.23,41.76,41.76,,,,,,,,,,,,0
78,1176.23,649.58,112.186,7.47956,17.0,56.13,annealing_T=100_h=5,absent,not_yet_detected,False,20.0,1256.6370614359173,annealing_T=100_h=25,v,20260702-101218,first_future_detection,user_fixed_radius,user_fixed_radius,,20260612-001017,2.280789337049757,False,4.681,0.505,4.681,,,,,,,,,,,,0
78,1176.23,649.58,118.211,7.49386,19.0,56.24,annealing_T=100_h=5,absent,not_yet_detected,False,20.0,1256.6370614359173,annealing_T=100_h=25,v,20260702-101218,first_future_detection,user_fixed_radius,user_fixed_radius,,20260612-001017,2.280789337049757,False,4.188,4.953,4.953,,,,,,,,,,,,0
78,1176.23,649.58,143.403,7.47199,21.0,56.35,annealing_T=100_h=5,absent,not_yet_detected,False,20.0,1256.6370614359173,annealing_T=100_h=25,v,20260702-101218,first_future_detection,user_fixed_radius,user_fixed_radius,,20260612-001017,2.280789337049757,False,3.869,5.49,5.49,,,,,,,,,,,,0
78,1176.23,649.58,162.441,7.43499,23.0,56.46,annealing_T=100_h=5,absent,not_yet_detected,False,20.0,1256.6370614359173,annealing_T=100_h=25,v,20260702-101218,first_future_detection,user_fixed_radius,user_fixed_radius,,20260612-001017,2.280789337049757,False,9.186,1.66,9.186,,,,,,,,,,,,0
79,1424.82,349.02,45.9984,7.86437,17.0,56.13,annealing_T=100_h=5,absent,not_yet_detected,False,20.0,1256.6370614359173,annealing_T=100_h=25,v,20260702-101218,first_future_detection,user_fixed_radius,user_fixed_radius,,20260612-001017,2.1708293346092553,False,2.5143,2.1337,2.5143,,,,,,,,,,,,0
79,1424.82,349.02,42.5293,7.84997,19.0,56.24,annealing_T=100_h=5,absent,not_yet_detected,False,20.0,1256.6370614359173,annealing_T=100_h=25,v,20260702-101218,first_future_detection,user_fixed_radius,user_fixed_radius,,20260612-001017,2.1708293346092553,False,1.1786,6.8133,6.8133,,,,,,,,,,,,0
79,1424.82,349.02,46.6685,7.59106,21.0,56.35,annealing_T=100_h=5,absent,not_yet_detected,False,20.0,1256.6370614359173,annealing_T=100_h=25,v,20260702-101218,first_future_detection,user_fixed_radius,user_fixed_radius,,20260612-001017,2.1708293346092553,False,5.3303,8.1516,8.1516,,,,,,,,,,,,0
79,1424.82,349.02,68.3763,7.38651,23.0,56.46,annealing_T=100_h=5,absent,not_yet_detected,False,20.0,1256.6370614359173,annealing_T=100_h=25,v,20260702-101218,first_future_detection,user_fixed_radius,user_fixed_radius,,20260612-001017,2.1708293346092553,False,1.8996,4.1919,4.1919,,,,,,,,,,,,0
80,1677.25,253.4,27.7555,7.67491,17.0,56.13,annealing_T=100_h=5,absent,never_detected_in_condition,False,20.0,1256.6370614359173,annealing_T=125_h=5,T,20260723-075232,cross_constant_fallback,user_fixed_radius,user_fixed_radius,,20260612-001017,2.1224985276790327,True,2.9854,0.485,2.9854,,,,,,,,,,,,0
80,1677.25,253.4,37.4203,7.65098,19.0,56.24,annealing_T=100_h=5,absent,never_detected_in_condition,False,20.0,1256.6370614359173,annealing_T=125_h=5,T,20260723-075232,cross_constant_fallback,user_fixed_radius,user_fixed_radius,,20260612-001017,2.1224985276790327,True,1.2022,1.6303,1.6303,,,,,,,,,,,,0
80,1677.25,253.4,37.4806,7.50211,21.0,56.35,annealing_T=100_h=5,absent,never_detected_in_condition,False,20.0,1256.6370614359173,annealing_T=125_h=5,T,20260723-075232,cross_constant_fallback,user_fixed_radius,user_fixed_radius,,20260612-001017,2.1224985276790327,True,3.0754,1.1725,3.0754,,,,,,,,,,,,0
80,1677.25,253.4,41.168,7.58458,23.0,56.46,annealing_T=100_h=5,absent,never_detected_in_condition,False,20.0,1256.6370614359173,annealing_T=125_h=5,T,20260723-075232,cross_constant_fallback,user_fixed_radius,user_fixed_radius,,20260612-001017,2.1224985276790327,True,0.0652,2.5841,2.5841,,,,,,,,,,,,0
81,1722.23,803.24,76.2742,8.16418,17.0,56.13,annealing_T=100_h=5,absent,not_yet_detected,False,20.0,1256.6370614359173,annealing_T=100_h=25,v,20260702-101218,first_future_detection,user_fixed_radius,user_fixed_radius,,20260612-001017,1.9682479518597664,False,4.2385,6.3476,6.3476,,,,,,,,,,,,0
81,1722.23,803.24,27.8192,8.29488,19.0,56.24,annealing_T=100_h=5,absent,not_yet_detected,False,20.0,1256.6370614359173,annealing_T=100_h=25,v,20260702-101218,first_future_detection,user_fixed_radius,user_fixed_radius,,20260612-001017,1.9682479518597664,False,0.4456,4.1308,4.1308,,,,,,,,,,,,0
81,1722.23,803.24,48.9597,7.64663,21.0,56.35,annealing_T=100_h=5,absent,not_yet_detected,False,20.0,1256.6370614359173,annealing_T=100_h=25,v,20260702-101218,first_future_detection,user_fixed_radius,user_fixed_radius,,20260612-001017,1.9682479518597664,False,5.0066,4.1868,5.0066,,,,,,,,,,,,0
81,1722.23,803.24,50.985,7.76557,23.0,56.46,annealing_T=100_h=5,absent,not_yet_detected,False,20.0,1256.6370614359173,annealing_T=100_h=25,v,20260702-101218,first_future_detection,user_fixed_radius,user_fixed_radius,,20260612-001017,1.9682479518597664,False,7.884,5.6107,7.884,,,,,,,,,,,,0
82,634.12,914.64,88.4195,7.55448,17.0,56.13,annealing_T=100_h=5,absent,never_detected_in_condition,False,20.0,1256.6370614359173,annealing_T=125_h=5,T,20260723-075232,cross_constant_fallback,user_fixed_radius,user_fixed_radius,,20260612-001017,,True,5.6566,0.6495,5.6566,,,,,,,,,,,,0
82,634.12,914.64,111.757,7.38759,19.0,56.24,annealing_T=100_h=5,absent,never_detected_in_condition,False,20.0,1256.6370614359173,annealing_T=125_h=5,T,20260723-075232,cross_constant_fallback,user_fixed_radius,user_fixed_radius,,20260612-001017,,True,1.648,0.194,1.648,,,,,,,,,,,,0
82,634.12,914.64,133.817,7.3734,21.0,56.35,annealing_T=100_h=5,absent,never_detected_in_condition,False,20.0,1256.6370614359173,annealing_T=125_h=5,T,20260723-075232,cross_constant_fallback,user_fixed_radius,user_fixed_radius,,20260612-001017,,True,1.173,1.551,1.551,,,,,,,,,,,,0
82,634.12,914.64,135.265,7.32362,23.0,56.46,annealing_T=100_h=5,absent,never_detected_in_condition,False,20.0,1256.6370614359173,annealing_T=125_h=5,T,20260723-075232,cross_constant_fallback,user_fixed_radius,user_fixed_radius,,20260612-001017,,True,0.926,2.903,2.903,,,,,,,,,,,,0
83,1734.68,908.82,5.39363,8.99418,17.0,56.13,annealing_T=100_h=5,absent,not_yet_detected,False,20.0,1256.6370614359173,annealing_T=125_h=25,v,20260828-044900,first_future_detection,user_fixed_radius,user_fixed_radius,,20260612-001017,1.1344161493913825,False,0.38092,1.46912,1.46912,,,,,,,,,,,,0
83,1734.68,908.82,-1.69626,9.12672,19.0,56.24,annealing_T=100_h=5,absent,not_yet_detected,False,20.0,1256.6370614359173,annealing_T=125_h=25,v,20260828-044900,first_future_detection,user_fixed_radius,user_fixed_radius,,20260612-001017,1.1344161493913825,False,1.7895339,2.47482,2.47482,,,,,,,,,,,,0
83,1734.68,908.82,-2.28956,8.89416,21.0,56.35,annealing_T=100_h=5,absent,not_yet_detected,False,20.0,1256.6370614359173,annealing_T=125_h=25,v,20260828-044900,first_future_detection,user_fixed_radius,user_fixed_radius,,20260612-001017,1.1344161493913825,False,7.40486,3.118739,7.40486,,,,,,,,,,,,0
83,1734.68,908.82,3.64526,8.85291,23.0,56.46,annealing_T=100_h=5,absent,not_yet_detected,False,20.0,1256.6370614359173,annealing_T=125_h=25,v,20260828-044900,first_future_detection,user_fixed_radius,user_fixed_radius,,20260612-001017,1.1344161493913825,False,5.9253,2.41611,5.9253,,,,,,,,,,,,0
84,1807.84,451.97,17.1856,7.49805,17.0,56.13,annealing_T=100_h=5,absent,not_yet_detected,False,20.0,1256.6370614359173,annealing_T=125_h=25,v,20260828-044900,first_future_detection,user_fixed_radius,user_fixed_radius,,20260612-001017,1.969187649768416,False,0.1669,1.9412,1.9412,,,,,,,,,,,,0
84,1807.84,451.97,21.7865,7.58208,19.0,56.24,annealing_T=100_h=5,absent,not_yet_detected,False,20.0,1256.6370614359173,annealing_T=125_h=25,v,20260828-044900,first_future_detection,user_fixed_radius,user_fixed_radius,,20260612-001017,1.969187649768416,False,5.9491,0.014,5.9491,,,,,,,,,,,,0
84,1807.84,451.97,29.1101,7.54401,21.0,56.35,annealing_T=100_h=5,absent,not_yet_detected,False,20.0,1256.6370614359173,annealing_T=125_h=25,v,20260828-044900,first_future_detection,user_fixed_radius,user_fixed_radius,,20260612-001017,1.969187649768416,False,0.3943,1.1394,1.1394,,,,,,,,,,,,0
84,1807.84,451.97,40.4738,7.50362,23.0,56.46,annealing_T=100_h=5,absent,not_yet_detected,False,20.0,1256.6370614359173,annealing_T=125_h=25,v,20260828-044900,first_future_detection,user_fixed_radius,user_fixed_radius,,20260612-001017,1.969187649768416,False,3.5832,5.1249,5.1249,,,,,,,,,,,,0
85,830.57,884.46,903.939,7.54231,17.0,56.13,annealing_T=100_h=5,absent,not_yet_detected,False,20.0,1256.6370614359173,annealing_T=125_h=25,v,20260828-044900,first_future_detection,user_fixed_radius,user_fixed_radius,,20260612-001017,,False,22.001,25.515,25.515,,,,,,,,,,,,0
85,830.57,884.46,1010.58,7.68886,19.0,56.24,annealing_T=100_h=5,absent,not_yet_detected,False,20.0,1256.6370614359173,annealing_T=125_h=25,v,20260828-044900,first_future_detection,user_fixed_radius,user_fixed_radius,,20260612-001017,,False,19.5,26.373,26.373,,,,,,,,,,,,0
85,830.57,884.46,1127.46,7.6672,21.0,56.35,annealing_T=100_h=5,absent,not_yet_detected,False,20.0,1256.6370614359173,annealing_T=125_h=25,v,20260828-044900,first_future_detection,user_fixed_radius,user_fixed_radius,,20260612-001017,,False,24.12,33.08,33.08,,,,,,,,,,,,0
85,830.57,884.46,1232.67,7.56926,23.0,56.46,annealing_T=100_h=5,absent,not_yet_detected,False,20.0,1256.6370614359173,annealing_T=125_h=25,v,20260828-044900,first_future_detection,user_fixed_radius,user_fixed_radius,,20260612-001017,,False,32.92,35.5,35.5,,,,,,,,,,,,0
86,1536.21,137.07,61.8282,6.96415,17.0,56.13,annealing_T=100_h=5,absent,not_yet_detected,False,20.0,1256.6370614359173,annealing_T=125_h=25,v,20260828-044900,first_future_detection,user_fixed_radius,user_fixed_radius,,20260612-001017,,False,0.6033,0.5135,0.6033,,,,,,,,,,,,0
86,1536.21,137.07,70.2871,7.00641,19.0,56.24,annealing_T=100_h=5,absent,not_yet_detected,False,20.0,1256.6370614359173,annealing_T=125_h=25,v,20260828-044900,first_future_detection,user_fixed_radius,user_fixed_radius,,20260612-001017,,False,2.7809,3.1529,3.1529,,,,,,,,,,,,0
86,1536.21,137.07,78.7049,6.96829,21.0,56.35,annealing_T=100_h=5,absent,not_yet_detected,False,20.0,1256.6370614359173,annealing_T=125_h=25,v,20260828-044900,first_future_detection,user_fixed_radius,user_fixed_radius,,20260612-001017,,False,11.9851,6.781,11.9851,,,,,,,,,,,,0
86,1536.21,137.07,84.5095,6.83193,23.0,56.46,annealing_T=100_h=5,absent,not_yet_detected,False,20.0,1256.6370614359173,annealing_T=125_h=25,v,20260828-044900,first_future_detection,user_fixed_radius,user_fixed_radius,,20260612-001017,,False,2.3905,2.4321,2.4321,,,,,,,,,,,,0
87,1557.57,208.05,129.853,7.24268,17.0,56.13,annealing_T=100_h=5,absent,not_yet_detected,False,20.0,1256.6370614359173,annealing_T=125_h=25,v,20260828-044900,first_future_detection,user_fixed_radius,user_fixed_radius,,20260612-001017,,False,3.255,1.118,3.255,,,,,,,,,,,,0
87,1557.57,208.05,151.446,7.38841,19.0,56.24,annealing_T=100_h=5,absent,not_yet_detected,False,20.0,1256.6370614359173,annealing_T=125_h=25,v,20260828-044900,first_future_detection,user_fixed_radius,user_fixed_radius,,20260612-001017,,False,2.853,5.608,5.608,,,,,,,,,,,,0
87,1557.57,208.05,163.133,7.16429,21.0,56.35,annealing_T=100_h=5,absent,not_yet_detected,False,20.0,1256.6370614359173,annealing_T=125_h=25,v,20260828-044900,first_future_detection,user_fixed_radius,user_fixed_radius,,20260612-001017,,False,1.06,5.628,5.628,,,,,,,,,,,,0
87,1557.57,208.05,216.386,7.15117,23.0,56.46,annealing_T=100_h=5,absent,not_yet_detected,False,20.0,1256.6370614359173,annealing_T=125_h=25,v,20260828-044900,first_future_detection,user_fixed_radius,user_fixed_radius,,20260612-001017,,False,2.803,1.763,2.803,,,,,,,,,,,,0
88,490.57,97.36,922.435,7.8352,17.0,56.13,annealing_T=100_h=5,absent,not_yet_detected,False,20.0,1256.6370614359173,annealing_T=150_h=25,v,20260917-041113,first_future_detection,user_fixed_radius,user_fixed_radius,,20260612-001017,0.7211102550927979,False,10.294,21.975,21.975,,,,,,,,,,,,0
88,490.57,97.36,1082.8,7.7257,19.0,56.24,annealing_T=100_h=5,absent,not_yet_detected,False,20.0,1256.6370614359173,annealing_T=150_h=25,v,20260917-041113,first_future_detection,user_fixed_radius,user_fixed_radius,,20260612-001017,0.7211102550927979,False,17.78,25.69,25.69,,,,,,,,,,,,0
88,490.57,97.36,1246.28,7.77414,21.0,56.35,annealing_T=100_h=5,absent,not_yet_detected,False,20.0,1256.6370614359173,annealing_T=150_h=25,v,20260917-041113,first_future_detection,user_fixed_radius,user_fixed_radius,,20260612-001017,0.7211102550927979,False,20.93,23.75,23.75,,,,,,,,,,,,0
88,490.57,97.36,1508.17,7.99923,23.0,56.46,annealing_T=100_h=5,absent,not_yet_detected,False,20.0,1256.6370614359173,annealing_T=150_h=25,v,20260917-041113,first_future_detection,user_fixed_radius,user_fixed_radius,,20260612-001017,0.7211102550927979,False,27.43,35.94,35.94,,,,,,,,,,,,0
89,731.34,247.83,0.467409,7.11285,17.0,56.13,annealing_T=100_h=5,absent,not_yet_detected,False,20.0,1256.6370614359173,annealing_T=150_h=5,v,20260909-034512,first_future_detection,user_fixed_radius,user_fixed_radius,,20260612-001017,0.5096076922496413,False,8.995649,1.46148,8.995649,,,,,,,,,,,,0
89,731.34,247.83,-3.28654,7.41333,19.0,56.24,annealing_T=100_h=5,absent,not_yet_detected,False,20.0,1256.6370614359173,annealing_T=150_h=5,v,20260909-034512,first_future_detection,user_fixed_radius,user_fixed_radius,,20260612-001017,0.5096076922496413,False,0.86398,2.989008,2.989008,,,,,,,,,,,,0
89,731.34,247.83,3.45037,7.43911,21.0,56.35,annealing_T=100_h=5,absent,not_yet_detected,False,20.0,1256.6370614359173,annealing_T=150_h=5,v,20260909-034512,first_future_detection,user_fixed_radius,user_fixed_radius,,20260612-001017,0.5096076922496413,False,7.37684,3.27919,7.37684,,,,,,,,,,,,0
89,731.34,247.83,7.02483,7.0921,23.0,56.46,annealing_T=100_h=5,absent,not_yet_detected,False,20.0,1256.6370614359173,annealing_T=150_h=5,v,20260909-034512,first_future_detection,user_fixed_radius,user_fixed_radius,,20260612-001017,0.5096076922496413,False,6.86009,3.27457,6.86009,,,,,,,,,,,,0
90,1096.56,197.84,8.30739,7.66358,17.0,56.13,annealing_T=100_h=5,absent,not_yet_detected,False,20.0,1256.6370614359173,annealing_T=150_h=5,v,20260909-034512,first_future_detection,user_fixed_radius,user_fixed_radius,,20260612-001017,1.0980892495604302,False,2.60842,1.22375,2.60842,,,,,,,,,,,,0
90,1096.56,197.84,5.13991,7.48862,19.0,56.24,annealing_T=100_h=5,absent,not_yet_detected,False,20.0,1256.6370614359173,annealing_T=150_h=5,v,20260909-034512,first_future_detection,user_fixed_radius,user_fixed_radius,,20260612-001017,1.0980892495604302,False,2.86612,3.72273,3.72273,,,,,,,,,,,,0
90,1096.56,197.84,0.40675,7.46221,21.0,56.35,annealing_T=100_h=5,absent,not_yet_detected,False,20.0,1256.6370614359173,annealing_T=150_h=5,v,20260909-034512,first_future_detection,user_fixed_radius,user_fixed_radius,,20260612-001017,1.0980892495604302,False,2.31525,6.32241,6.32241,,,,,,,,,,,,0
90,1096.56,197.84,10.7361,7.55701,23.0,56.46,annealing_T=100_h=5,absent,not_yet_detected,False,20.0,1256.6370614359173,annealing_T=150_h=5,v,20260909-034512,first_future_detection,user_fixed_radius,user_fixed_radius,,20260612-001017,1.0980892495604302,False,4.29181,7.7421,7.7421,,,,,,,,,,,,0
91,1268.09,787.65,667.967,7.33055,17.0,56.13,annealing_T=100_h=5,absent,not_yet_detected,False,20.0,1256.6370614359173,annealing_T=150_h=5,v,20260909-034512,first_future_detection,user_fixed_radius,user_fixed_radius,,20260612-001017,0.417731971484134,False,3.999,7.013,7.013,,,,,,,,,,,,0
91,1268.09,787.65,730.382,7.44433,19.0,56.24,annealing_T=100_h=5,absent,not_yet_detected,False,20.0,1256.6370614359173,annealing_T=150_h=5,v,20260909-034512,first_future_detection,user_fixed_radius,user_fixed_radius,,20260612-001017,0.417731971484134,False,16.032,17.39,17.39,,,,,,,,,,,,0
91,1268.09,787.65,795.104,7.38028,21.0,56.35,annealing_T=100_h=5,absent,not_yet_detected,False,20.0,1256.6370614359173,annealing_T=150_h=5,v,20260909-034512,first_future_detection,user_fixed_radius,user_fixed_radius,,20260612-001017,0.417731971484134,False,10.149,17.493,17.493,,,,,,,,,,,,0
91,1268.09,787.65,857.318,7.39188,23.0,56.46,annealing_T=100_h=5,absent,not_yet_detected,False,20.0,1256.6370614359173,annealing_T=150_h=5,v,20260909-034512,first_future_detection,user_fixed_radius,user_fixed_radius,,20260612-001017,0.417731971484134,False,8.959,22.461,22.461,,,,,,,,,,,,0
92,1769.29,209.41,222.086,8.5057,17.0,56.13,annealing_T=100_h=5,absent,never_detected_in_condition,False,20.0,1256.6370614359173,annealing_T=150_h=5,T,20260908-043207,cross_constant_fallback,user_fixed_radius,user_fixed_radius,,20260612-001017,,True,0.701,2.978,2.978,,,,,,,,,,,,0
92,1769.29,209.41,269.159,8.33753,19.0,56.24,annealing_T=100_h=5,absent,never_detected_in_condition,False,20.0,1256.6370614359173,annealing_T=150_h=5,T,20260908-043207,cross_constant_fallback,user_fixed_radius,user_fixed_radius,,20260612-001017,,True,1.894,8.736,8.736,,,,,,,,,,,,0
92,1769.29,209.41,282.423,8.54174,21.0,56.35,annealing_T=100_h=5,absent,never_detected_in_condition,False,20.0,1256.6370614359173,annealing_T=150_h=5,T,20260908-043207,cross_constant_fallback,user_fixed_radius,user_fixed_radius,,20260612-001017,,True,6.924,3.148,6.924,,,,,,,,,,,,0
92,1769.29,209.41,365.545,8.46978,23.0,56.46,annealing_T=100_h=5,absent,never_detected_in_condition,False,20.0,1256.6370614359173,annealing_T=150_h=5,T,20260908-043207,cross_constant_fallback,user_fixed_radius,user_fixed_radius,,20260612-001017,,True,2.013,9.21,9.21,,,,,,,,,,,,0
93,150.75,909.77,196.387,7.90391,17.0,56.13,annealing_T=100_h=5,absent,never_detected_in_condition,False,20.0,1256.6370614359173,annealing_T=150_h=25,T,20260916-045914,cross_constant_fallback,user_fixed_radius,user_fixed_radius,,20260612-001017,,True,3.537,3.032,3.537,,,,,,,,,,,,0
93,150.75,909.77,223.168,8.05493,19.0,56.24,annealing_T=100_h=5,absent,never_detected_in_condition,False,20.0,1256.6370614359173,annealing_T=150_h=25,T,20260916-045914,cross_constant_fallback,user_fixed_radius,user_fixed_radius,,20260612-001017,,True,7.595,0.974,7.595,,,,,,,,,,,,0
93,150.75,909.77,270.077,8.06737,21.0,56.35,annealing_T=100_h=5,absent,never_detected_in_condition,False,20.0,1256.6370614359173,annealing_T=150_h=25,T,20260916-045914,cross_constant_fallback,user_fixed_radius,user_fixed_radius,,20260612-001017,,True,6.913,0.494,6.913,,,,,,,,,,,,0
93,150.75,909.77,305.665,7.97759,23.0,56.46,annealing_T=100_h=5,absent,never_detected_in_condition,False,20.0,1256.6370614359173,annealing_T=150_h=25,T,20260916-045914,cross_constant_fallback,user_fixed_radius,user_fixed_radius,,20260612-001017,,True,0.467,6.096,6.096,,,,,,,,,,,,0
94,214.55,917.95,16.5755,7.49911,17.0,56.13,annealing_T=100_h=5,absent,never_detected_in_condition,False,20.0,1256.6370614359173,annealing_T=150_h=25,T,20260916-045914,cross_constant_fallback,user_fixed_radius,user_fixed_radius,,20260612-001017,,True,4.204,4.9407,4.9407,,,,,,,,,,,,0
94,214.55,917.95,20.6535,7.38377,19.0,56.24,annealing_T=100_h=5,absent,never_detected_in_condition,False,20.0,1256.6370614359173,annealing_T=150_h=25,T,20260916-045914,cross_constant_fallback,user_fixed_radius,user_fixed_radius,,20260612-001017,,True,2.8757,1.3727,2.8757,,,,,,,,,,,,0
94,214.55,917.95,21.4333,7.46942,21.0,56.35,annealing_T=100_h=5,absent,never_detected_in_condition,False,20.0,1256.6370614359173,annealing_T=150_h=25,T,20260916-045914,cross_constant_fallback,user_fixed_radius,user_fixed_radius,,20260612-001017,,True,3.1612,1.7685,3.1612,,,,,,,,,,,,0
94,214.55,917.95,24.0532,7.36989,23.0,56.46,annealing_T=100_h=5,absent,never_detected_in_condition,False,20.0,1256.6370614359173,annealing_T=150_h=25,T,20260916-045914,cross_constant_fallback,user_fixed_radius,user_fixed_radius,,20260612-001017,,True,2.836,2.0713,2.836,,,,,,,,,,,,0
95,806.54,192.06,177.175,8.86239,17.0,56.13,annealing_T=100_h=5,absent,not_yet_detected,False,20.0,1256.6370614359173,annealing_T=150_h=25,v,20260917-041113,first_future_detection,user_fixed_radius,user_fixed_radius,,20260612-001017,1.2393950137062597,False,5.026,3.684,5.026,,,,,,,,,,,,0
95,806.54,192.06,216.231,9.53329,19.0,56.24,annealing_T=100_h=5,absent,not_yet_detected,False,20.0,1256.6370614359173,annealing_T=150_h=25,v,20260917-041113,first_future_detection,user_fixed_radius,user_fixed_radius,,20260612-001017,1.2393950137062597,False,3.686,3.013,3.686,,,,,,,,,,,,0
95,806.54,192.06,246.764,8.69349,21.0,56.35,annealing_T=100_h=5,absent,not_yet_detected,False,20.0,1256.6370614359173,annealing_T=150_h=25,v,20260917-041113,first_future_detection,user_fixed_radius,user_fixed_radius,,20260612-001017,1.2393950137062597,False,3.6,5.135,5.135,,,,,,,,,,,,0
95,806.54,192.06,286.106,8.67218,23.0,56.46,annealing_T=100_h=5,absent,not_yet_detected,False,20.0,1256.6370614359173,annealing_T=150_h=25,v,20260917-041113,first_future_detection,user_fixed_radius,user_fixed_radius,,20260612-001017,1.2393950137062597,False,2.951,1.008,2.951,,,,,,,,,,,,0
96,1571.54,682.79,19.6489,7.45076,17.0,56.13,annealing_T=100_h=5,absent,not_yet_detected,False,20.0,1256.6370614359173,annealing_T=150_h=25,v,20260917-041113,first_future_detection,user_fixed_radius,user_fixed_radius,,20260612-001017,1.7317043627593864,False,2.0152,4.3703,4.3703,,,,,,,,,,,,0
96,1571.54,682.79,25.351,7.73138,19.0,56.24,annealing_T=100_h=5,absent,not_yet_detected,False,20.0,1256.6370614359173,annealing_T=150_h=25,v,20260917-041113,first_future_detection,user_fixed_radius,user_fixed_radius,,20260612-001017,1.7317043627593864,False,0.0451,3.1618,3.1618,,,,,,,,,,,,0
96,1571.54,682.79,43.363,7.36137,21.0,56.35,annealing_T=100_h=5,absent,not_yet_detected,False,20.0,1256.6370614359173,annealing_T=150_h=25,v,20260917-041113,first_future_detection,user_fixed_radius,user_fixed_radius,,20260612-001017,1.7317043627593864,False,5.0016,2.6886,5.0016,,,,,,,,,,,,0
96,1571.54,682.79,32.9658,7.47585,23.0,56.46,annealing_T=100_h=5,absent,not_yet_detected,False,20.0,1256.6370614359173,annealing_T=150_h=25,v,20260917-041113,first_future_detection,user_fixed_radius,user_fixed_radius,,20260612-001017,1.7317043627593864,False,2.3352,1.8097,2.3352,,,,,,,,,,,,0
97,1733.48,123.65,-7.46911,8.54386,17.0,56.13,annealing_T=100_h=5,absent,not_yet_detected,False,20.0,1256.6370614359173,annealing_T=150_h=25,v,20260917-041113,first_future_detection,user_fixed_radius,user_fixed_radius,,20260612-001017,,False,7.80779,9.24793,9.24793,,,,,,,,,,,,0
97,1733.48,123.65,3.73758,8.3297,19.0,56.24,annealing_T=100_h=5,absent,not_yet_detected,False,20.0,1256.6370614359173,annealing_T=150_h=25,v,20260917-041113,first_future_detection,user_fixed_radius,user_fixed_radius,,20260612-001017,,False,7.63831,6.48782,7.63831,,,,,,,,,,,,0
97,1733.48,123.65,10.7035,8.25872,21.0,56.35,annealing_T=100_h=5,absent,not_yet_detected,False,20.0,1256.6370614359173,annealing_T=150_h=25,v,20260917-041113,first_future_detection,user_fixed_radius,user_fixed_radius,,20260612-001017,,False,6.25148,4.2469,6.25148,,,,,,,,,,,,0
97,1733.48,123.65,4.04676,7.99313,23.0,56.46,annealing_T=100_h=5,absent,not_yet_detected,False,20.0,1256.6370614359173,annealing_T=150_h=25,v,20260917-041113,first_future_detection,user_fixed_radius,user_fixed_radius,,20260612-001017,,False,9.93208,7.18584,9.93208,,,,,,,,,,,,0
