spot,x,y,luminosity,error,T,v,v_fin,integration_radius
0,68.9,813.55,10.4322,0.806377,20,52.3,1.0,2.0
0,68.9,813.55,28.3395,1.4116,20,52.3,1.0,4.0
0,68.9,813.55,37.7657,2.10461,20,52.3,1.0,6.0
0,68.9,813.55,41.3984,2.63497,20,52.3,1.0,8.0
0,68.9,813.55,42.4053,3.22638,20,52.3,1.0,10.0
0,68.9,813.55,41.6702,4.10218,20,52.3,1.0,12.0
0,68.9,813.55,41.8719,4.87091,20,52.3,1.0,14.0
0,68.9,813.55,43.1718,5.42924,20,52.3,1.0,16.0
0,68.9,813.55,44.2486,6.11189,20,52.3,1.0,18.0
0,68.9,813.55,45.1311,7.66573,20,52.3,1.0,20.0
0,68.9,813.55,43.5208,8.2117,20,52.3,1.0,22.0
0,68.9,813.55,44.7191,8.91627,20,52.3,1.0,24.0
0,68.9,813.55,45.1966,10.0951,20,52.3,1.0,26.0
0,68.9,813.55,31.0483,0.777744,20,53.3,2.0,2.0
0,68.9,813.55,86.3054,1.54968,20,53.3,2.0,4.0
0,68.9,813.55,117.782,2.20058,20,53.3,2.0,6.0
0,68.9,813.55,132.618,2.78067,20,53.3,2.0,8.0
0,68.9,813.55,137.565,3.44111,20,53.3,2.0,10.0
0,68.9,813.55,137.552,4.31706,20,53.3,2.0,12.0
0,68.9,813.55,138.423,5.20756,20,53.3,2.0,14.0
0,68.9,813.55,135.734,5.79624,20,53.3,2.0,16.0
0,68.9,813.55,134.007,6.46927,20,53.3,2.0,18.0
0,68.9,813.55,132.875,8.21802,20,53.3,2.0,20.0
0,68.9,813.55,133.974,8.73904,20,53.3,2.0,22.0
0,68.9,813.55,132.812,9.50549,20,53.3,2.0,24.0
0,68.9,813.55,133.246,11.2463,20,53.3,2.0,26.0
0,68.9,813.55,57.0045,0.928826,20,54.3,3.0,2.0
0,68.9,813.55,153.458,1.79534,20,54.3,3.0,4.0
0,68.9,813.55,214.246,2.51517,20,54.3,3.0,6.0
0,68.9,813.55,244.344,3.17228,20,54.3,3.0,8.0
0,68.9,813.55,256.358,3.8259,20,54.3,3.0,10.0
0,68.9,813.55,260.428,4.7254,20,54.3,3.0,12.0
0,68.9,813.55,265.931,5.58414,20,54.3,3.0,14.0
0,68.9,813.55,267.689,6.22613,20,54.3,3.0,16.0
0,68.9,813.55,271.081,6.96283,20,54.3,3.0,18.0
0,68.9,813.55,273.308,8.96105,20,54.3,3.0,20.0
0,68.9,813.55,276.556,9.55787,20,54.3,3.0,22.0
0,68.9,813.55,279.092,10.2803,20,54.3,3.0,24.0
0,68.9,813.55,280.318,11.5667,20,54.3,3.0,26.0
0,68.9,813.55,87.3095,1.08596,20,55.3,4.0,2.0
0,68.9,813.55,245.901,2.03457,20,55.3,4.0,4.0
0,68.9,813.55,344.777,2.90126,20,55.3,4.0,6.0
0,68.9,813.55,393.649,3.53867,20,55.3,4.0,8.0
0,68.9,813.55,415.077,4.21817,20,55.3,4.0,10.0
0,68.9,813.55,423.049,5.19236,20,55.3,4.0,12.0
0,68.9,813.55,428.05,6.03461,20,55.3,4.0,14.0
0,68.9,813.55,431.047,6.62638,20,55.3,4.0,16.0
0,68.9,813.55,431.722,7.34954,20,55.3,4.0,18.0
0,68.9,813.55,430.4,9.4979,20,55.3,4.0,20.0
0,68.9,813.55,430.105,10.1143,20,55.3,4.0,22.0
0,68.9,813.55,428.323,11.0026,20,55.3,4.0,24.0
0,68.9,813.55,424.481,12.3213,20,55.3,4.0,26.0
0,68.9,813.55,121.938,1.27983,20,56.3,5.0,2.0
0,68.9,813.55,355.708,2.37367,20,56.3,5.0,4.0
0,68.9,813.55,503.564,3.31327,20,56.3,5.0,6.0
0,68.9,813.55,576.829,4.01429,20,56.3,5.0,8.0
0,68.9,813.55,612.573,4.68365,20,56.3,5.0,10.0
0,68.9,813.55,628.788,5.74226,20,56.3,5.0,12.0
0,68.9,813.55,637.97,6.61728,20,56.3,5.0,14.0
0,68.9,813.55,643.181,7.3415,20,56.3,5.0,16.0
0,68.9,813.55,648.503,8.10476,20,56.3,5.0,18.0
0,68.9,813.55,648.045,9.71023,20,56.3,5.0,20.0
0,68.9,813.55,648.044,10.4451,20,56.3,5.0,22.0
0,68.9,813.55,648.838,11.463,20,56.3,5.0,24.0
0,68.9,813.55,646.429,13.4918,20,56.3,5.0,26.0
0,68.9,813.55,423.0,18.1192,20,58.3,7.0,2.0
0,68.9,813.55,1226.55,27.6478,20,58.3,7.0,4.0
0,68.9,813.55,1804.12,30.6504,20,58.3,7.0,6.0
0,68.9,813.55,2113.32,31.3458,20,58.3,7.0,8.0
0,68.9,813.55,2269.9,31.615,20,58.3,7.0,10.0
0,68.9,813.55,2357.96,31.8756,20,58.3,7.0,12.0
0,68.9,813.55,2415.25,32.1389,20,58.3,7.0,14.0
0,68.9,813.55,2454.73,32.344,20,58.3,7.0,16.0
0,68.9,813.55,2494.52,32.5777,20,58.3,7.0,18.0
0,68.9,813.55,2521.9,33.5815,20,58.3,7.0,20.0
0,68.9,813.55,2544.87,33.8575,20,58.3,7.0,22.0
0,68.9,813.55,2555.84,34.2722,20,58.3,7.0,24.0
0,68.9,813.55,2568.0,35.6705,20,58.3,7.0,26.0
1,78.5,100.41,0.61684,0.589409,20,52.3,1.0,2.0
1,78.5,100.41,2.94202,1.15311,20,52.3,1.0,4.0
1,78.5,100.41,5.17148,1.7854,20,52.3,1.0,6.0
1,78.5,100.41,5.9364,2.60996,20,52.3,1.0,8.0
1,78.5,100.41,4.37318,3.59397,20,52.3,1.0,10.0
1,78.5,100.41,3.70659,4.11383,20,52.3,1.0,12.0
1,78.5,100.41,2.79037,4.78359,20,52.3,1.0,14.0
1,78.5,100.41,3.63875,5.3509,20,52.3,1.0,16.0
1,78.5,100.41,-0.363935,6.06607,20,52.3,1.0,18.0
1,78.5,100.41,-2.48753,6.58172,20,52.3,1.0,20.0
1,78.5,100.41,-6.51101,7.24946,20,52.3,1.0,22.0
1,78.5,100.41,-11.7537,7.94299,20,52.3,1.0,24.0
1,78.5,100.41,-13.9582,8.65765,20,52.3,1.0,26.0
1,78.5,100.41,2.50774,0.53734,20,53.3,2.0,2.0
1,78.5,100.41,7.92544,1.2519,20,53.3,2.0,4.0
1,78.5,100.41,13.2225,1.92626,20,53.3,2.0,6.0
1,78.5,100.41,13.4447,2.7305,20,53.3,2.0,8.0
1,78.5,100.41,14.6759,3.71877,20,53.3,2.0,10.0
1,78.5,100.41,16.9367,4.21226,20,53.3,2.0,12.0
1,78.5,100.41,12.8878,4.98052,20,53.3,2.0,14.0
1,78.5,100.41,9.45747,5.5878,20,53.3,2.0,16.0
1,78.5,100.41,7.26841,6.33377,20,53.3,2.0,18.0
1,78.5,100.41,7.06515,6.8676,20,53.3,2.0,20.0
1,78.5,100.41,6.14677,7.67447,20,53.3,2.0,22.0
1,78.5,100.41,4.72908,8.46211,20,53.3,2.0,24.0
1,78.5,100.41,5.29525,9.22585,20,53.3,2.0,26.0
1,78.5,100.41,5.45118,0.64599,20,54.3,3.0,2.0
1,78.5,100.41,17.9065,1.48283,20,54.3,3.0,4.0
1,78.5,100.41,29.4397,2.23331,20,54.3,3.0,6.0
1,78.5,100.41,29.8816,3.16837,20,54.3,3.0,8.0
1,78.5,100.41,28.5578,4.15492,20,54.3,3.0,10.0
1,78.5,100.41,26.5945,4.7212,20,54.3,3.0,12.0
1,78.5,100.41,25.6788,5.77588,20,54.3,3.0,14.0
1,78.5,100.41,25.8478,6.38196,20,54.3,3.0,16.0
1,78.5,100.41,22.8104,7.08126,20,54.3,3.0,18.0
1,78.5,100.41,21.5501,7.68498,20,54.3,3.0,20.0
1,78.5,100.41,17.6927,8.44333,20,54.3,3.0,22.0
1,78.5,100.41,8.67365,9.33518,20,54.3,3.0,24.0
1,78.5,100.41,6.16893,10.1148,20,54.3,3.0,26.0
1,78.5,100.41,8.61706,0.674686,20,55.3,4.0,2.0
1,78.5,100.41,27.1056,1.5875,20,55.3,4.0,4.0
1,78.5,100.41,42.8079,2.30054,20,55.3,4.0,6.0
1,78.5,100.41,51.0377,3.2003,20,55.3,4.0,8.0
1,78.5,100.41,54.3356,4.19922,20,55.3,4.0,10.0
1,78.5,100.41,53.9721,4.82231,20,55.3,4.0,12.0
1,78.5,100.41,54.097,5.80231,20,55.3,4.0,14.0
1,78.5,100.41,50.741,6.50906,20,55.3,4.0,16.0
1,78.5,100.41,45.8555,7.31661,20,55.3,4.0,18.0
1,78.5,100.41,46.3334,7.90854,20,55.3,4.0,20.0
1,78.5,100.41,44.8933,8.70878,20,55.3,4.0,22.0
1,78.5,100.41,42.9266,9.61949,20,55.3,4.0,24.0
1,78.5,100.41,39.9626,10.492,20,55.3,4.0,26.0
1,78.5,100.41,14.7055,0.821118,20,56.3,5.0,2.0
1,78.5,100.41,50.0119,1.87897,20,56.3,5.0,4.0
1,78.5,100.41,74.7516,2.66865,20,56.3,5.0,6.0
1,78.5,100.41,84.5843,3.62862,20,56.3,5.0,8.0
1,78.5,100.41,89.1635,4.70951,20,56.3,5.0,10.0
1,78.5,100.41,88.9059,5.45018,20,56.3,5.0,12.0
1,78.5,100.41,86.4094,6.5542,20,56.3,5.0,14.0
1,78.5,100.41,86.6148,7.28788,20,56.3,5.0,16.0
1,78.5,100.41,85.2643,8.20614,20,56.3,5.0,18.0
1,78.5,100.41,85.9979,8.87125,20,56.3,5.0,20.0
1,78.5,100.41,84.7277,9.70394,20,56.3,5.0,22.0
1,78.5,100.41,81.1404,10.7352,20,56.3,5.0,24.0
1,78.5,100.41,80.195,11.6045,20,56.3,5.0,26.0
1,78.5,100.41,29.5879,1.19084,20,58.3,7.0,2.0
1,78.5,100.41,102.133,2.33354,20,58.3,7.0,4.0
1,78.5,100.41,155.484,3.25039,20,58.3,7.0,6.0
1,78.5,100.41,176.658,4.35706,20,58.3,7.0,8.0
1,78.5,100.41,189.232,5.51582,20,58.3,7.0,10.0
1,78.5,100.41,191.806,6.21006,20,58.3,7.0,12.0
1,78.5,100.41,193.236,7.38663,20,58.3,7.0,14.0
1,78.5,100.41,192.205,8.27076,20,58.3,7.0,16.0
1,78.5,100.41,189.976,9.40691,20,58.3,7.0,18.0
1,78.5,100.41,186.23,10.1705,20,58.3,7.0,20.0
1,78.5,100.41,186.478,11.2221,20,58.3,7.0,22.0
1,78.5,100.41,180.184,12.3758,20,58.3,7.0,24.0
1,78.5,100.41,171.326,13.4546,20,58.3,7.0,26.0
2,93.75,359.08,-0.330058,0.667039,20,52.3,1.0,2.0
2,93.75,359.08,-0.253377,1.28539,20,52.3,1.0,4.0
2,93.75,359.08,-0.453306,1.90247,20,52.3,1.0,6.0
2,93.75,359.08,-0.907036,2.41948,20,52.3,1.0,8.0
2,93.75,359.08,-1.37646,5.21154,20,52.3,1.0,10.0
2,93.75,359.08,0.915883,5.53928,20,52.3,1.0,12.0
2,93.75,359.08,3.59188,6.06256,20,52.3,1.0,14.0
2,93.75,359.08,0.458026,6.58612,20,52.3,1.0,16.0
2,93.75,359.08,0.978342,7.05009,20,52.3,1.0,18.0
2,93.75,359.08,2.17938,7.53311,20,52.3,1.0,20.0
2,93.75,359.08,-0.302887,7.99279,20,52.3,1.0,22.0
2,93.75,359.08,0.795375,8.61048,20,52.3,1.0,24.0
2,93.75,359.08,2.89831,9.38349,20,52.3,1.0,26.0
2,93.75,359.08,2.48548,0.726013,20,53.3,2.0,2.0
2,93.75,359.08,8.99514,1.44141,20,53.3,2.0,4.0
2,93.75,359.08,11.4783,2.16637,20,53.3,2.0,6.0
2,93.75,359.08,11.2401,2.72698,20,53.3,2.0,8.0
2,93.75,359.08,11.2639,5.44149,20,53.3,2.0,10.0
2,93.75,359.08,10.8493,5.81561,20,53.3,2.0,12.0
2,93.75,359.08,15.2109,6.37089,20,53.3,2.0,14.0
2,93.75,359.08,15.8161,6.9612,20,53.3,2.0,16.0
2,93.75,359.08,15.4862,7.44739,20,53.3,2.0,18.0
2,93.75,359.08,16.9584,7.98206,20,53.3,2.0,20.0
2,93.75,359.08,18.3337,8.49022,20,53.3,2.0,22.0
2,93.75,359.08,23.12,9.18473,20,53.3,2.0,24.0
2,93.75,359.08,25.2229,9.97706,20,53.3,2.0,26.0
2,93.75,359.08,7.67274,0.819599,20,54.3,3.0,2.0
2,93.75,359.08,29.4226,1.52089,20,54.3,3.0,4.0
2,93.75,359.08,45.3989,2.28503,20,54.3,3.0,6.0
2,93.75,359.08,54.5888,2.92924,20,54.3,3.0,8.0
2,93.75,359.08,59.0042,5.77206,20,54.3,3.0,10.0
2,93.75,359.08,58.1671,6.17956,20,54.3,3.0,12.0
2,93.75,359.08,58.3257,6.80864,20,54.3,3.0,14.0
2,93.75,359.08,59.128,7.53648,20,54.3,3.0,16.0
2,93.75,359.08,60.3782,8.1131,20,54.3,3.0,18.0
2,93.75,359.08,60.2568,8.7699,20,54.3,3.0,20.0
2,93.75,359.08,61.7392,9.28254,20,54.3,3.0,22.0
2,93.75,359.08,65.0855,9.99034,20,54.3,3.0,24.0
2,93.75,359.08,65.1298,10.8339,20,54.3,3.0,26.0
2,93.75,359.08,16.1398,0.820451,20,55.3,4.0,2.0
2,93.75,359.08,56.0522,1.59311,20,55.3,4.0,4.0
2,93.75,359.08,86.009,2.40841,20,55.3,4.0,6.0
2,93.75,359.08,102.756,3.08965,20,55.3,4.0,8.0
2,93.75,359.08,110.604,6.58829,20,55.3,4.0,10.0
2,93.75,359.08,117.501,6.98285,20,55.3,4.0,12.0
2,93.75,359.08,121.711,7.62807,20,55.3,4.0,14.0
2,93.75,359.08,124.054,8.2339,20,55.3,4.0,16.0
2,93.75,359.08,125.424,8.75174,20,55.3,4.0,18.0
2,93.75,359.08,127.4,9.33004,20,55.3,4.0,20.0
2,93.75,359.08,131.199,9.89141,20,55.3,4.0,22.0
2,93.75,359.08,134.569,10.6049,20,55.3,4.0,24.0
2,93.75,359.08,133.257,11.5168,20,55.3,4.0,26.0
2,93.75,359.08,24.2261,0.968791,20,56.3,5.0,2.0
2,93.75,359.08,87.4076,1.81501,20,56.3,5.0,4.0
2,93.75,359.08,136.598,2.6498,20,56.3,5.0,6.0
2,93.75,359.08,163.872,3.35251,20,56.3,5.0,8.0
2,93.75,359.08,180.798,7.16983,20,56.3,5.0,10.0
2,93.75,359.08,190.58,7.61004,20,56.3,5.0,12.0
2,93.75,359.08,203.287,8.29662,20,56.3,5.0,14.0
2,93.75,359.08,211.033,8.98695,20,56.3,5.0,16.0
2,93.75,359.08,215.697,9.58066,20,56.3,5.0,18.0
2,93.75,359.08,220.751,10.2809,20,56.3,5.0,20.0
2,93.75,359.08,225.276,10.8494,20,56.3,5.0,22.0
2,93.75,359.08,225.658,11.6481,20,56.3,5.0,24.0
2,93.75,359.08,227.546,12.5823,20,56.3,5.0,26.0
2,93.75,359.08,42.9068,1.24214,20,58.3,7.0,2.0
2,93.75,359.08,150.256,2.35934,20,58.3,7.0,4.0
2,93.75,359.08,244.491,3.31282,20,58.3,7.0,6.0
2,93.75,359.08,309.157,4.1555,20,58.3,7.0,8.0
2,93.75,359.08,347.436,7.86775,20,58.3,7.0,10.0
2,93.75,359.08,372.474,8.41766,20,58.3,7.0,12.0
2,93.75,359.08,393.758,9.29475,20,58.3,7.0,14.0
2,93.75,359.08,405.635,10.2363,20,58.3,7.0,16.0
2,93.75,359.08,414.426,10.8901,20,58.3,7.0,18.0
2,93.75,359.08,419.773,11.6457,20,58.3,7.0,20.0
2,93.75,359.08,426.719,12.332,20,58.3,7.0,22.0
2,93.75,359.08,430.138,13.385,20,58.3,7.0,24.0
2,93.75,359.08,435.72,14.51,20,58.3,7.0,26.0
3,138.25,261.48,0.890716,0.994007,20,52.3,1.0,2.0
3,138.25,261.48,3.50053,1.32078,20,52.3,1.0,4.0
3,138.25,261.48,4.3511,1.85725,20,52.3,1.0,6.0
3,138.25,261.48,3.13289,2.50293,20,52.3,1.0,8.0
3,138.25,261.48,3.79914,3.13434,20,52.3,1.0,10.0
3,138.25,261.48,4.50947,3.66092,20,52.3,1.0,12.0
3,138.25,261.48,3.81348,4.56002,20,52.3,1.0,14.0
3,138.25,261.48,1.93637,5.13142,20,52.3,1.0,16.0
3,138.25,261.48,0.0759003,5.78643,20,52.3,1.0,18.0
3,138.25,261.48,-3.42256,6.41261,20,52.3,1.0,20.0
3,138.25,261.48,-2.47343,7.08257,20,52.3,1.0,22.0
3,138.25,261.48,-2.70836,7.85147,20,52.3,1.0,24.0
3,138.25,261.48,-4.08742,8.72129,20,52.3,1.0,26.0
3,138.25,261.48,2.44393,0.958085,20,53.3,2.0,2.0
3,138.25,261.48,7.97974,1.37274,20,53.3,2.0,4.0
3,138.25,261.48,10.2235,1.92252,20,53.3,2.0,6.0
3,138.25,261.48,11.8617,2.55702,20,53.3,2.0,8.0
3,138.25,261.48,12.3441,3.28513,20,53.3,2.0,10.0
3,138.25,261.48,12.6933,3.82055,20,53.3,2.0,12.0
3,138.25,261.48,12.1565,5.01285,20,53.3,2.0,14.0
3,138.25,261.48,12.3256,5.59539,20,53.3,2.0,16.0
3,138.25,261.48,15.9799,6.30867,20,53.3,2.0,18.0
3,138.25,261.48,17.0599,7.01259,20,53.3,2.0,20.0
3,138.25,261.48,16.5902,7.66798,20,53.3,2.0,22.0
3,138.25,261.48,17.1716,8.50263,20,53.3,2.0,24.0
3,138.25,261.48,17.7176,9.43534,20,53.3,2.0,26.0
3,138.25,261.48,4.63386,1.04855,20,54.3,3.0,2.0
3,138.25,261.48,15.3199,1.49465,20,54.3,3.0,4.0
3,138.25,261.48,22.1879,2.03818,20,54.3,3.0,6.0
3,138.25,261.48,25.0592,2.76683,20,54.3,3.0,8.0
3,138.25,261.48,26.1541,3.59987,20,54.3,3.0,10.0
3,138.25,261.48,27.9015,4.15987,20,54.3,3.0,12.0
3,138.25,261.48,29.0249,5.42538,20,54.3,3.0,14.0
3,138.25,261.48,28.1015,6.06829,20,54.3,3.0,16.0
3,138.25,261.48,23.3679,6.79367,20,54.3,3.0,18.0
3,138.25,261.48,25.9344,7.52242,20,54.3,3.0,20.0
3,138.25,261.48,24.825,8.33793,20,54.3,3.0,22.0
3,138.25,261.48,25.077,9.26358,20,54.3,3.0,24.0
3,138.25,261.48,24.2267,10.3249,20,54.3,3.0,26.0
3,138.25,261.48,7.42276,1.10022,20,55.3,4.0,2.0
3,138.25,261.48,23.1796,1.57615,20,55.3,4.0,4.0
3,138.25,261.48,34.9344,2.20074,20,55.3,4.0,6.0
3,138.25,261.48,39.1728,2.97466,20,55.3,4.0,8.0
3,138.25,261.48,41.4236,3.82905,20,55.3,4.0,10.0
3,138.25,261.48,43.5644,4.43133,20,55.3,4.0,12.0
3,138.25,261.48,45.3806,5.67452,20,55.3,4.0,14.0
3,138.25,261.48,44.2923,6.41419,20,55.3,4.0,16.0
3,138.25,261.48,45.3291,7.33737,20,55.3,4.0,18.0
3,138.25,261.48,44.5886,8.1235,20,55.3,4.0,20.0
3,138.25,261.48,45.3843,8.79205,20,55.3,4.0,22.0
3,138.25,261.48,49.4004,9.79511,20,55.3,4.0,24.0
3,138.25,261.48,51.5117,10.9457,20,55.3,4.0,26.0
3,138.25,261.48,9.20342,1.17426,20,56.3,5.0,2.0
3,138.25,261.48,30.2267,1.72426,20,56.3,5.0,4.0
3,138.25,261.48,44.8648,2.41618,20,56.3,5.0,6.0
3,138.25,261.48,53.2433,3.24186,20,56.3,5.0,8.0
3,138.25,261.48,57.8412,4.06368,20,56.3,5.0,10.0
3,138.25,261.48,60.5972,4.73905,20,56.3,5.0,12.0
3,138.25,261.48,61.4728,6.14241,20,56.3,5.0,14.0
3,138.25,261.48,57.8577,6.91699,20,56.3,5.0,16.0
3,138.25,261.48,58.7005,7.83239,20,56.3,5.0,18.0
3,138.25,261.48,59.0856,8.65323,20,56.3,5.0,20.0
3,138.25,261.48,58.6783,9.48503,20,56.3,5.0,22.0
3,138.25,261.48,61.9213,10.5439,20,56.3,5.0,24.0
3,138.25,261.48,62.5001,11.7262,20,56.3,5.0,26.0
3,138.25,261.48,14.1631,1.15831,20,58.3,7.0,2.0
3,138.25,261.48,48.5395,1.97128,20,58.3,7.0,4.0
3,138.25,261.48,75.4427,2.92991,20,58.3,7.0,6.0
3,138.25,261.48,92.6872,3.84806,20,58.3,7.0,8.0
3,138.25,261.48,99.9244,4.8246,20,58.3,7.0,10.0
3,138.25,261.48,108.123,5.55841,20,58.3,7.0,12.0
3,138.25,261.48,113.646,7.21079,20,58.3,7.0,14.0
3,138.25,261.48,116.289,8.09292,20,58.3,7.0,16.0
3,138.25,261.48,118.614,9.20358,20,58.3,7.0,18.0
3,138.25,261.48,122.672,10.2705,20,58.3,7.0,20.0
3,138.25,261.48,119.646,11.1899,20,58.3,7.0,22.0
3,138.25,261.48,120.476,12.4149,20,58.3,7.0,24.0
3,138.25,261.48,121.974,13.8589,20,58.3,7.0,26.0
4,180.85,175.76,42.4193,0.536983,20,52.3,1.0,2.0
4,180.85,175.76,100.748,1.14501,20,52.3,1.0,4.0
4,180.85,175.76,138.587,2.13352,20,52.3,1.0,6.0
4,180.85,175.76,152.301,2.60948,20,52.3,1.0,8.0
4,180.85,175.76,154.791,3.3036,20,52.3,1.0,10.0
4,180.85,175.76,155.291,3.76419,20,52.3,1.0,12.0
4,180.85,175.76,157.564,4.50739,20,52.3,1.0,14.0
4,180.85,175.76,157.94,5.07353,20,52.3,1.0,16.0
4,180.85,175.76,157.001,5.75949,20,52.3,1.0,18.0
4,180.85,175.76,155.397,6.18491,20,52.3,1.0,20.0
4,180.85,175.76,158.394,6.85266,20,52.3,1.0,22.0
4,180.85,175.76,158.365,8.40751,20,52.3,1.0,24.0
4,180.85,175.76,158.318,9.07527,20,52.3,1.0,26.0
4,180.85,175.76,145.439,0.761223,20,53.3,2.0,2.0
4,180.85,175.76,380.063,1.4965,20,53.3,2.0,4.0
4,180.85,175.76,528.425,2.60336,20,53.3,2.0,6.0
4,180.85,175.76,584.353,3.05508,20,53.3,2.0,8.0
4,180.85,175.76,605.273,3.61647,20,53.3,2.0,10.0
4,180.85,175.76,615.653,4.17606,20,53.3,2.0,12.0
4,180.85,175.76,621.306,4.91836,20,53.3,2.0,14.0
4,180.85,175.76,626.317,5.47111,20,53.3,2.0,16.0
4,180.85,175.76,628.152,6.22087,20,53.3,2.0,18.0
4,180.85,175.76,629.885,6.66451,20,53.3,2.0,20.0
4,180.85,175.76,633.295,7.38532,20,53.3,2.0,22.0
4,180.85,175.76,632.82,9.13574,20,53.3,2.0,24.0
4,180.85,175.76,631.134,9.93725,20,53.3,2.0,26.0
4,180.85,175.76,317.805,0.929984,20,54.3,3.0,2.0
4,180.85,175.76,863.712,1.94964,20,54.3,3.0,4.0
4,180.85,175.76,1233.57,2.87564,20,54.3,3.0,6.0
4,180.85,175.76,1381.64,3.38059,20,54.3,3.0,8.0
4,180.85,175.76,1441.63,4.13964,20,54.3,3.0,10.0
4,180.85,175.76,1470.93,4.70521,20,54.3,3.0,12.0
4,180.85,175.76,1491.86,5.5104,20,54.3,3.0,14.0
4,180.85,175.76,1502.62,6.11678,20,54.3,3.0,16.0
4,180.85,175.76,1511.52,6.94582,20,54.3,3.0,18.0
4,180.85,175.76,1520.52,7.39509,20,54.3,3.0,20.0
4,180.85,175.76,1523.2,8.1196,20,54.3,3.0,22.0
4,180.85,175.76,1525.59,10.1872,20,54.3,3.0,24.0
4,180.85,175.76,1526.56,10.944,20,54.3,3.0,26.0
4,180.85,175.76,556.94,1.51212,20,55.3,4.0,2.0
4,180.85,175.76,1550.86,2.63438,20,55.3,4.0,4.0
4,180.85,175.76,2284.22,3.71204,20,55.3,4.0,6.0
4,180.85,175.76,2586.22,4.23173,20,55.3,4.0,8.0
4,180.85,175.76,2717.88,4.88153,20,55.3,4.0,10.0
4,180.85,175.76,2783.62,5.40299,20,55.3,4.0,12.0
4,180.85,175.76,2824.17,6.25826,20,55.3,4.0,14.0
4,180.85,175.76,2848.25,6.86114,20,55.3,4.0,16.0
4,180.85,175.76,2867.77,7.65503,20,55.3,4.0,18.0
4,180.85,175.76,2884.98,8.0941,20,55.3,4.0,20.0
4,180.85,175.76,2902.55,8.86555,20,55.3,4.0,22.0
4,180.85,175.76,2913.7,10.8283,20,55.3,4.0,24.0
4,180.85,175.76,2926.46,11.5807,20,55.3,4.0,26.0
4,180.85,175.76,869.434,2.08768,20,56.3,5.0,2.0
4,180.85,175.76,2470.05,3.82655,20,56.3,5.0,4.0
4,180.85,175.76,3720.92,5.13612,20,56.3,5.0,6.0
4,180.85,175.76,4282.5,5.73825,20,56.3,5.0,8.0
4,180.85,175.76,4534.25,6.38181,20,56.3,5.0,10.0
4,180.85,175.76,4664.41,6.9219,20,56.3,5.0,12.0
4,180.85,175.76,4744.2,7.6294,20,56.3,5.0,14.0
4,180.85,175.76,4798.22,8.20864,20,56.3,5.0,16.0
4,180.85,175.76,4838.58,8.98128,20,56.3,5.0,18.0
4,180.85,175.76,4874.8,9.45583,20,56.3,5.0,20.0
4,180.85,175.76,4908.71,10.2189,20,56.3,5.0,22.0
4,180.85,175.76,4933.33,12.3326,20,56.3,5.0,24.0
4,180.85,175.76,4952.49,13.1102,20,56.3,5.0,26.0
4,180.85,175.76,1783.03,4.10326,20,58.3,7.0,2.0
4,180.85,175.76,5225.62,7.46298,20,58.3,7.0,4.0
4,180.85,175.76,8177.59,9.43921,20,58.3,7.0,6.0
4,180.85,175.76,9754.3,10.4093,20,58.3,7.0,8.0
4,180.85,175.76,10593.0,11.2301,20,58.3,7.0,10.0
4,180.85,175.76,11043.6,11.7562,20,58.3,7.0,12.0
4,180.85,175.76,11333.7,12.5359,20,58.3,7.0,14.0
4,180.85,175.76,11533.8,13.0863,20,58.3,7.0,16.0
4,180.85,175.76,11686.1,13.8008,20,58.3,7.0,18.0
4,180.85,175.76,11814.1,14.2532,20,58.3,7.0,20.0
4,180.85,175.76,11926.2,15.0026,20,58.3,7.0,22.0
4,180.85,175.76,12026.1,17.4419,20,58.3,7.0,24.0
4,180.85,175.76,12114.1,18.2189,20,58.3,7.0,26.0
5,193.6,523.67,2.2838,0.465048,20,52.3,1.0,2.0
5,193.6,523.67,5.90954,0.973708,20,52.3,1.0,4.0
5,193.6,523.67,7.11569,1.66353,20,52.3,1.0,6.0
5,193.6,523.67,8.15212,2.77432,20,52.3,1.0,8.0
5,193.6,523.67,6.9526,3.27565,20,52.3,1.0,10.0
5,193.6,523.67,6.45094,3.91389,20,52.3,1.0,12.0
5,193.6,523.67,6.33589,4.47373,20,52.3,1.0,14.0
5,193.6,523.67,6.18316,5.43812,20,52.3,1.0,16.0
5,193.6,523.67,6.23436,6.10586,20,52.3,1.0,18.0
5,193.6,523.67,7.63129,6.61303,20,52.3,1.0,20.0
5,193.6,523.67,8.57139,7.24829,20,52.3,1.0,22.0
5,193.6,523.67,7.22153,7.79535,20,52.3,1.0,24.0
5,193.6,523.67,8.94077,8.40013,20,52.3,1.0,26.0
5,193.6,523.67,10.0523,0.50637,20,53.3,2.0,2.0
5,193.6,523.67,26.46,1.03734,20,53.3,2.0,4.0
5,193.6,523.67,35.2904,1.71578,20,53.3,2.0,6.0
5,193.6,523.67,39.2355,2.85084,20,53.3,2.0,8.0
5,193.6,523.67,39.2603,3.46376,20,53.3,2.0,10.0
5,193.6,523.67,38.7943,4.1714,20,53.3,2.0,12.0
5,193.6,523.67,36.6397,4.83086,20,53.3,2.0,14.0
5,193.6,523.67,33.6391,5.95225,20,53.3,2.0,16.0
5,193.6,523.67,31.286,6.59845,20,53.3,2.0,18.0
5,193.6,523.67,28.6717,7.17688,20,53.3,2.0,20.0
5,193.6,523.67,25.1517,7.85439,20,53.3,2.0,22.0
5,193.6,523.67,22.7202,8.43437,20,53.3,2.0,24.0
5,193.6,523.67,21.6517,9.07186,20,53.3,2.0,26.0
5,193.6,523.67,19.7105,0.570972,20,54.3,3.0,2.0
5,193.6,523.67,56.4755,1.14788,20,54.3,3.0,4.0
5,193.6,523.67,79.1072,1.94664,20,54.3,3.0,6.0
5,193.6,523.67,89.1651,3.0866,20,54.3,3.0,8.0
5,193.6,523.67,91.4872,3.67293,20,54.3,3.0,10.0
5,193.6,523.67,91.3734,4.44981,20,54.3,3.0,12.0
5,193.6,523.67,92.6685,5.09856,20,54.3,3.0,14.0
5,193.6,523.67,95.725,6.29749,20,54.3,3.0,16.0
5,193.6,523.67,97.7318,7.00041,20,54.3,3.0,18.0
5,193.6,523.67,98.9129,7.60517,20,54.3,3.0,20.0
5,193.6,523.67,101.242,8.34899,20,54.3,3.0,22.0
5,193.6,523.67,99.0575,9.03269,20,54.3,3.0,24.0
5,193.6,523.67,97.0925,9.76473,20,54.3,3.0,26.0
5,193.6,523.67,36.0949,0.728859,20,55.3,4.0,2.0
5,193.6,523.67,103.053,1.37562,20,55.3,4.0,4.0
5,193.6,523.67,147.799,2.0364,20,55.3,4.0,6.0
5,193.6,523.67,165.268,3.32834,20,55.3,4.0,8.0
5,193.6,523.67,174.416,3.952,20,55.3,4.0,10.0
5,193.6,523.67,178.406,4.74752,20,55.3,4.0,12.0
5,193.6,523.67,180.992,5.4997,20,55.3,4.0,14.0
5,193.6,523.67,182.493,6.76842,20,55.3,4.0,16.0
5,193.6,523.67,180.915,7.5236,20,55.3,4.0,18.0
5,193.6,523.67,179.224,8.1088,20,55.3,4.0,20.0
5,193.6,523.67,178.593,8.89969,20,55.3,4.0,22.0
5,193.6,523.67,175.204,9.58048,20,55.3,4.0,24.0
5,193.6,523.67,174.384,10.3215,20,55.3,4.0,26.0
5,193.6,523.67,53.3077,0.864491,20,56.3,5.0,2.0
5,193.6,523.67,162.814,1.64666,20,56.3,5.0,4.0
5,193.6,523.67,236.407,2.44812,20,56.3,5.0,6.0
5,193.6,523.67,270.971,3.73465,20,56.3,5.0,8.0
5,193.6,523.67,287.436,4.49674,20,56.3,5.0,10.0
5,193.6,523.67,295.521,5.24979,20,56.3,5.0,12.0
5,193.6,523.67,298.355,6.0092,20,56.3,5.0,14.0
5,193.6,523.67,296.573,7.32393,20,56.3,5.0,16.0
5,193.6,523.67,298.33,8.12754,20,56.3,5.0,18.0
5,193.6,523.67,295.501,8.80169,20,56.3,5.0,20.0
5,193.6,523.67,296.78,9.70013,20,56.3,5.0,22.0
5,193.6,523.67,290.844,10.4549,20,56.3,5.0,24.0
5,193.6,523.67,287.423,11.3383,20,56.3,5.0,26.0
5,193.6,523.67,114.488,1.32119,20,58.3,7.0,2.0
5,193.6,523.67,359.128,2.44322,20,58.3,7.0,4.0
5,193.6,523.67,530.829,3.53614,20,58.3,7.0,6.0
5,193.6,523.67,624.746,4.96182,20,58.3,7.0,8.0
5,193.6,523.67,674.403,5.73405,20,58.3,7.0,10.0
5,193.6,523.67,706.537,6.59537,20,58.3,7.0,12.0
5,193.6,523.67,727.103,7.43338,20,58.3,7.0,14.0
5,193.6,523.67,728.881,9.04341,20,58.3,7.0,16.0
5,193.6,523.67,733.475,9.91848,20,58.3,7.0,18.0
5,193.6,523.67,733.177,10.6681,20,58.3,7.0,20.0
5,193.6,523.67,728.546,11.5746,20,58.3,7.0,22.0
5,193.6,523.67,722.088,12.3887,20,58.3,7.0,24.0
5,193.6,523.67,717.996,13.3441,20,58.3,7.0,26.0
6,232.97,761.01,1.36873,0.634557,20,52.3,1.0,2.0
6,232.97,761.01,1.45293,1.11397,20,52.3,1.0,4.0
6,232.97,761.01,0.662333,1.7229,20,52.3,1.0,6.0
6,232.97,761.01,1.36879,2.21427,20,52.3,1.0,8.0
6,232.97,761.01,2.16263,2.77763,20,52.3,1.0,10.0
6,232.97,761.01,1.04654,3.50058,20,52.3,1.0,12.0
6,232.97,761.01,2.34943,4.15356,20,52.3,1.0,14.0
6,232.97,761.01,3.61216,4.72703,20,52.3,1.0,16.0
6,232.97,761.01,4.15796,5.57363,20,52.3,1.0,18.0
6,232.97,761.01,3.23354,6.34944,20,52.3,1.0,20.0
6,232.97,761.01,3.73472,7.10882,20,52.3,1.0,22.0
6,232.97,761.01,1.12731,7.81197,20,52.3,1.0,24.0
6,232.97,761.01,-1.57602,8.41365,20,52.3,1.0,26.0
6,232.97,761.01,1.14083,0.745678,20,53.3,2.0,2.0
6,232.97,761.01,2.06506,1.24841,20,53.3,2.0,4.0
6,232.97,761.01,4.02707,1.88222,20,53.3,2.0,6.0
6,232.97,761.01,3.3584,2.37819,20,53.3,2.0,8.0
6,232.97,761.01,2.11528,2.98141,20,53.3,2.0,10.0
6,232.97,761.01,2.96842,3.81432,20,53.3,2.0,12.0
6,232.97,761.01,3.65299,4.43215,20,53.3,2.0,14.0
6,232.97,761.01,5.19548,5.04864,20,53.3,2.0,16.0
6,232.97,761.01,1.27777,5.90437,20,53.3,2.0,18.0
6,232.97,761.01,1.51975,6.74537,20,53.3,2.0,20.0
6,232.97,761.01,2.2613,7.55591,20,53.3,2.0,22.0
6,232.97,761.01,3.61082,8.26153,20,53.3,2.0,24.0
6,232.97,761.01,3.13464,8.91771,20,53.3,2.0,26.0
6,232.97,761.01,2.94892,0.874641,20,54.3,3.0,2.0
6,232.97,761.01,6.68326,1.41442,20,54.3,3.0,4.0
6,232.97,761.01,10.6083,2.09394,20,54.3,3.0,6.0
6,232.97,761.01,13.4675,2.62222,20,54.3,3.0,8.0
6,232.97,761.01,15.2078,3.25211,20,54.3,3.0,10.0
6,232.97,761.01,15.2314,4.12631,20,54.3,3.0,12.0
6,232.97,761.01,18.4128,4.80647,20,54.3,3.0,14.0
6,232.97,761.01,19.8689,5.56623,20,54.3,3.0,16.0
6,232.97,761.01,18.8897,6.5275,20,54.3,3.0,18.0
6,232.97,761.01,20.031,7.45197,20,54.3,3.0,20.0
6,232.97,761.01,21.792,8.35457,20,54.3,3.0,22.0
6,232.97,761.01,21.0427,9.13513,20,54.3,3.0,24.0
6,232.97,761.01,19.8141,9.84467,20,54.3,3.0,26.0
6,232.97,761.01,4.2911,0.729543,20,55.3,4.0,2.0
6,232.97,761.01,11.4496,1.3596,20,55.3,4.0,4.0
6,232.97,761.01,16.5902,2.00298,20,55.3,4.0,6.0
6,232.97,761.01,19.1942,2.59214,20,55.3,4.0,8.0
6,232.97,761.01,19.5,3.28764,20,55.3,4.0,10.0
6,232.97,761.01,21.7032,4.29428,20,55.3,4.0,12.0
6,232.97,761.01,18.8857,4.97414,20,55.3,4.0,14.0
6,232.97,761.01,12.424,5.71996,20,55.3,4.0,16.0
6,232.97,761.01,11.478,6.75421,20,55.3,4.0,18.0
6,232.97,761.01,9.06264,7.71547,20,55.3,4.0,20.0
6,232.97,761.01,7.83283,8.61105,20,55.3,4.0,22.0
6,232.97,761.01,6.42027,9.42494,20,55.3,4.0,24.0
6,232.97,761.01,0.0930753,10.1344,20,55.3,4.0,26.0
6,232.97,761.01,8.05851,0.939656,20,56.3,5.0,2.0
6,232.97,761.01,22.4854,1.61319,20,56.3,5.0,4.0
6,232.97,761.01,29.9125,2.42862,20,56.3,5.0,6.0
6,232.97,761.01,34.5604,3.0862,20,56.3,5.0,8.0
6,232.97,761.01,36.2536,3.80638,20,56.3,5.0,10.0
6,232.97,761.01,38.9418,4.85246,20,56.3,5.0,12.0
6,232.97,761.01,37.919,5.61122,20,56.3,5.0,14.0
6,232.97,761.01,36.0388,6.40418,20,56.3,5.0,16.0
6,232.97,761.01,32.5858,7.41592,20,56.3,5.0,18.0
6,232.97,761.01,27.1483,8.49292,20,56.3,5.0,20.0
6,232.97,761.01,21.9678,9.49834,20,56.3,5.0,22.0
6,232.97,761.01,13.7851,10.4164,20,56.3,5.0,24.0
6,232.97,761.01,8.9086,11.26,20,56.3,5.0,26.0
6,232.97,761.01,15.3701,1.05127,20,58.3,7.0,2.0
6,232.97,761.01,50.4339,1.89005,20,58.3,7.0,4.0
6,232.97,761.01,70.49,2.87396,20,58.3,7.0,6.0
6,232.97,761.01,84.2155,3.63085,20,58.3,7.0,8.0
6,232.97,761.01,92.3418,4.49533,20,58.3,7.0,10.0
6,232.97,761.01,100.723,5.59694,20,58.3,7.0,12.0
6,232.97,761.01,106.647,6.54385,20,58.3,7.0,14.0
6,232.97,761.01,112.476,7.51095,20,58.3,7.0,16.0
6,232.97,761.01,111.312,8.99049,20,58.3,7.0,18.0
6,232.97,761.01,105.557,10.1689,20,58.3,7.0,20.0
6,232.97,761.01,98.9789,11.3108,20,58.3,7.0,22.0
6,232.97,761.01,91.9472,12.367,20,58.3,7.0,24.0
6,232.97,761.01,89.4389,13.2742,20,58.3,7.0,26.0
7,235.75,247.53,7.86078,0.397948,20,52.3,1.0,2.0
7,235.75,247.53,24.1072,1.01385,20,52.3,1.0,4.0
7,235.75,247.53,34.0885,1.77595,20,52.3,1.0,6.0
7,235.75,247.53,39.3065,2.70321,20,52.3,1.0,8.0
7,235.75,247.53,40.6771,3.76207,20,52.3,1.0,10.0
7,235.75,247.53,41.5872,4.32896,20,52.3,1.0,12.0
7,235.75,247.53,42.4638,4.86586,20,52.3,1.0,14.0
7,235.75,247.53,43.0895,5.36158,20,52.3,1.0,16.0
7,235.75,247.53,43.7863,5.9202,20,52.3,1.0,18.0
7,235.75,247.53,42.7224,6.41672,20,52.3,1.0,20.0
7,235.75,247.53,39.9128,6.94289,20,52.3,1.0,22.0
7,235.75,247.53,36.7865,7.50237,20,52.3,1.0,24.0
7,235.75,247.53,34.1657,8.07778,20,52.3,1.0,26.0
7,235.75,247.53,30.3078,0.487165,20,53.3,2.0,2.0
7,235.75,247.53,89.3221,1.06249,20,53.3,2.0,4.0
7,235.75,247.53,126.788,1.8353,20,53.3,2.0,6.0
7,235.75,247.53,145.042,2.7763,20,53.3,2.0,8.0
7,235.75,247.53,151.374,3.84612,20,53.3,2.0,10.0
7,235.75,247.53,156.599,4.47862,20,53.3,2.0,12.0
7,235.75,247.53,159.472,5.1523,20,53.3,2.0,14.0
7,235.75,247.53,160.019,5.7373,20,53.3,2.0,16.0
7,235.75,247.53,157.297,6.39447,20,53.3,2.0,18.0
7,235.75,247.53,158.157,6.90626,20,53.3,2.0,20.0
7,235.75,247.53,157.563,7.45923,20,53.3,2.0,22.0
7,235.75,247.53,158.69,7.97599,20,53.3,2.0,24.0
7,235.75,247.53,159.825,8.66617,20,53.3,2.0,26.0
7,235.75,247.53,55.4212,0.660298,20,54.3,3.0,2.0
7,235.75,247.53,165.955,1.43917,20,54.3,3.0,4.0
7,235.75,247.53,239.84,2.26823,20,54.3,3.0,6.0
7,235.75,247.53,278.257,3.12729,20,54.3,3.0,8.0
7,235.75,247.53,293.444,4.36726,20,54.3,3.0,10.0
7,235.75,247.53,299.026,5.04636,20,54.3,3.0,12.0
7,235.75,247.53,302.128,5.8067,20,54.3,3.0,14.0
7,235.75,247.53,304.996,6.4038,20,54.3,3.0,16.0
7,235.75,247.53,304.223,7.06415,20,54.3,3.0,18.0
7,235.75,247.53,304.238,7.61602,20,54.3,3.0,20.0
7,235.75,247.53,305.884,8.17255,20,54.3,3.0,22.0
7,235.75,247.53,308.965,8.85261,20,54.3,3.0,24.0
7,235.75,247.53,310.09,9.52316,20,54.3,3.0,26.0
7,235.75,247.53,89.3411,0.745872,20,55.3,4.0,2.0
7,235.75,247.53,273.88,1.69511,20,55.3,4.0,4.0
7,235.75,247.53,400.544,2.44139,20,55.3,4.0,6.0
7,235.75,247.53,466.277,3.45166,20,55.3,4.0,8.0
7,235.75,247.53,496.311,4.57186,20,55.3,4.0,10.0
7,235.75,247.53,509.32,5.41877,20,55.3,4.0,12.0
7,235.75,247.53,518.653,6.11261,20,55.3,4.0,14.0
7,235.75,247.53,523.09,6.78348,20,55.3,4.0,16.0
7,235.75,247.53,525.604,7.52328,20,55.3,4.0,18.0
7,235.75,247.53,528.648,8.07085,20,55.3,4.0,20.0
7,235.75,247.53,530.025,8.68201,20,55.3,4.0,22.0
7,235.75,247.53,530.247,9.31444,20,55.3,4.0,24.0
7,235.75,247.53,534.034,9.9962,20,55.3,4.0,26.0
7,235.75,247.53,122.81,1.18032,20,56.3,5.0,2.0
7,235.75,247.53,388.038,2.40283,20,56.3,5.0,4.0
7,235.75,247.53,580.56,3.30878,20,56.3,5.0,6.0
7,235.75,247.53,683.457,4.23978,20,56.3,5.0,8.0
7,235.75,247.53,731.149,5.52512,20,56.3,5.0,10.0
7,235.75,247.53,755.82,6.29754,20,56.3,5.0,12.0
7,235.75,247.53,771.75,7.0221,20,56.3,5.0,14.0
7,235.75,247.53,786.149,7.72544,20,56.3,5.0,16.0
7,235.75,247.53,794.329,8.45776,20,56.3,5.0,18.0
7,235.75,247.53,804.194,9.03803,20,56.3,5.0,20.0
7,235.75,247.53,812.108,9.70937,20,56.3,5.0,22.0
7,235.75,247.53,816.22,10.3876,20,56.3,5.0,24.0
7,235.75,247.53,821.319,11.1126,20,56.3,5.0,26.0
7,235.75,247.53,254.175,2.69062,20,58.3,7.0,2.0
7,235.75,247.53,849.002,4.78005,20,58.3,7.0,4.0
7,235.75,247.53,1312.98,5.86625,20,58.3,7.0,6.0
7,235.75,247.53,1569.5,6.81753,20,58.3,7.0,8.0
7,235.75,247.53,1702.46,8.29475,20,58.3,7.0,10.0
7,235.75,247.53,1775.32,8.9679,20,58.3,7.0,12.0
7,235.75,247.53,1827.95,9.67311,20,58.3,7.0,14.0
7,235.75,247.53,1864.51,10.4199,20,58.3,7.0,16.0
7,235.75,247.53,1886.58,11.1364,20,58.3,7.0,18.0
7,235.75,247.53,1904.0,11.7649,20,58.3,7.0,20.0
7,235.75,247.53,1922.61,12.4837,20,58.3,7.0,22.0
7,235.75,247.53,1936.79,13.2454,20,58.3,7.0,24.0
7,235.75,247.53,1943.76,14.0552,20,58.3,7.0,26.0
8,252.74,354.53,1.80262,0.339928,20,52.3,1.0,2.0
8,252.74,354.53,5.7182,1.05325,20,52.3,1.0,4.0
8,252.74,354.53,7.72278,1.64497,20,52.3,1.0,6.0
8,252.74,354.53,9.29965,2.49821,20,52.3,1.0,8.0
8,252.74,354.53,9.78292,3.03019,20,52.3,1.0,10.0
8,252.74,354.53,10.3411,3.59212,20,52.3,1.0,12.0
8,252.74,354.53,9.81876,4.19124,20,52.3,1.0,14.0
8,252.74,354.53,10.5909,4.85507,20,52.3,1.0,16.0
8,252.74,354.53,10.8912,5.60306,20,52.3,1.0,18.0
8,252.74,354.53,10.8705,6.19338,20,52.3,1.0,20.0
8,252.74,354.53,12.6621,6.81827,20,52.3,1.0,22.0
8,252.74,354.53,12.0547,7.35598,20,52.3,1.0,24.0
8,252.74,354.53,11.1731,8.02762,20,52.3,1.0,26.0
8,252.74,354.53,5.84522,0.48558,20,53.3,2.0,2.0
8,252.74,354.53,15.5957,1.15338,20,53.3,2.0,4.0
8,252.74,354.53,23.5292,1.77794,20,53.3,2.0,6.0
8,252.74,354.53,26.8763,2.68331,20,53.3,2.0,8.0
8,252.74,354.53,27.3908,3.2635,20,53.3,2.0,10.0
8,252.74,354.53,27.9748,3.74086,20,53.3,2.0,12.0
8,252.74,354.53,28.1192,4.38513,20,53.3,2.0,14.0
8,252.74,354.53,28.288,5.0833,20,53.3,2.0,16.0
8,252.74,354.53,26.6114,5.86402,20,53.3,2.0,18.0
8,252.74,354.53,24.8434,6.48311,20,53.3,2.0,20.0
8,252.74,354.53,27.616,7.12079,20,53.3,2.0,22.0
8,252.74,354.53,31.7868,7.7067,20,53.3,2.0,24.0
8,252.74,354.53,34.1498,8.4923,20,53.3,2.0,26.0
8,252.74,354.53,12.7473,0.55288,20,54.3,3.0,2.0
8,252.74,354.53,39.4644,1.40933,20,54.3,3.0,4.0
8,252.74,354.53,59.5552,2.01933,20,54.3,3.0,6.0
8,252.74,354.53,67.1168,2.83408,20,54.3,3.0,8.0
8,252.74,354.53,72.0291,3.4682,20,54.3,3.0,10.0
8,252.74,354.53,76.5626,4.04153,20,54.3,3.0,12.0
8,252.74,354.53,78.2029,4.79635,20,54.3,3.0,14.0
8,252.74,354.53,76.6288,5.55076,20,54.3,3.0,16.0
8,252.74,354.53,77.1431,6.48975,20,54.3,3.0,18.0
8,252.74,354.53,76.6481,7.11976,20,54.3,3.0,20.0
8,252.74,354.53,76.5392,7.87393,20,54.3,3.0,22.0
8,252.74,354.53,80.7135,8.46703,20,54.3,3.0,24.0
8,252.74,354.53,81.3625,9.26782,20,54.3,3.0,26.0
8,252.74,354.53,22.7998,0.652465,20,55.3,4.0,2.0
8,252.74,354.53,70.0397,1.42759,20,55.3,4.0,4.0
8,252.74,354.53,102.449,2.1608,20,55.3,4.0,6.0
8,252.74,354.53,119.003,3.10258,20,55.3,4.0,8.0
8,252.74,354.53,125.865,3.75053,20,55.3,4.0,10.0
8,252.74,354.53,130.837,4.33365,20,55.3,4.0,12.0
8,252.74,354.53,135.155,5.04313,20,55.3,4.0,14.0
8,252.74,354.53,137.463,5.81175,20,55.3,4.0,16.0
8,252.74,354.53,138.255,6.8252,20,55.3,4.0,18.0
8,252.74,354.53,137.491,7.47123,20,55.3,4.0,20.0
8,252.74,354.53,138.14,8.21771,20,55.3,4.0,22.0
8,252.74,354.53,139.288,8.86345,20,55.3,4.0,24.0
8,252.74,354.53,138.764,9.66862,20,55.3,4.0,26.0
8,252.74,354.53,32.9667,0.796134,20,56.3,5.0,2.0
8,252.74,354.53,105.862,1.67561,20,56.3,5.0,4.0
8,252.74,354.53,159.964,2.39126,20,56.3,5.0,6.0
8,252.74,354.53,187.561,3.40261,20,56.3,5.0,8.0
8,252.74,354.53,199.727,4.02411,20,56.3,5.0,10.0
8,252.74,354.53,207.369,4.67908,20,56.3,5.0,12.0
8,252.74,354.53,208.855,5.44861,20,56.3,5.0,14.0
8,252.74,354.53,209.887,6.44021,20,56.3,5.0,16.0
8,252.74,354.53,212.568,7.48444,20,56.3,5.0,18.0
8,252.74,354.53,212.46,8.26292,20,56.3,5.0,20.0
8,252.74,354.53,216.374,9.18025,20,56.3,5.0,22.0
8,252.74,354.53,215.706,9.93401,20,56.3,5.0,24.0
8,252.74,354.53,212.568,10.8217,20,56.3,5.0,26.0
8,252.74,354.53,71.9654,1.11537,20,58.3,7.0,2.0
8,252.74,354.53,235.626,2.39486,20,58.3,7.0,4.0
8,252.74,354.53,355.0,3.31458,20,58.3,7.0,6.0
8,252.74,354.53,424.033,4.42792,20,58.3,7.0,8.0
8,252.74,354.53,460.192,5.29396,20,58.3,7.0,10.0
8,252.74,354.53,483.751,6.03446,20,58.3,7.0,12.0
8,252.74,354.53,503.425,7.03431,20,58.3,7.0,14.0
8,252.74,354.53,516.791,8.01992,20,58.3,7.0,16.0
8,252.74,354.53,526.893,9.13755,20,58.3,7.0,18.0
8,252.74,354.53,532.337,9.9774,20,58.3,7.0,20.0
8,252.74,354.53,545.216,10.9284,20,58.3,7.0,22.0
8,252.74,354.53,553.881,11.7642,20,58.3,7.0,24.0
8,252.74,354.53,563.463,12.7749,20,58.3,7.0,26.0
9,334.91,291.31,1.50256,0.809138,20,52.3,1.0,2.0
9,334.91,291.31,3.702,1.44058,20,52.3,1.0,4.0
9,334.91,291.31,4.8958,2.11402,20,52.3,1.0,6.0
9,334.91,291.31,4.75498,2.51056,20,52.3,1.0,8.0
9,334.91,291.31,3.99788,3.02869,20,52.3,1.0,10.0
9,334.91,291.31,4.80777,3.72551,20,52.3,1.0,12.0
9,334.91,291.31,6.40725,4.53235,20,52.3,1.0,14.0
9,334.91,291.31,5.93608,5.14803,20,52.3,1.0,16.0
9,334.91,291.31,3.40474,5.69283,20,52.3,1.0,18.0
9,334.91,291.31,5.71731,6.26672,20,52.3,1.0,20.0
9,334.91,291.31,7.20832,6.80025,20,52.3,1.0,22.0
9,334.91,291.31,5.5614,7.35711,20,52.3,1.0,24.0
9,334.91,291.31,2.38805,8.01286,20,52.3,1.0,26.0
9,334.91,291.31,3.29511,0.818322,20,53.3,2.0,2.0
9,334.91,291.31,10.1053,1.45957,20,53.3,2.0,4.0
9,334.91,291.31,14.2041,2.19915,20,53.3,2.0,6.0
9,334.91,291.31,14.6719,2.65541,20,53.3,2.0,8.0
9,334.91,291.31,15.0211,3.26027,20,53.3,2.0,10.0
9,334.91,291.31,13.8457,4.01481,20,53.3,2.0,12.0
9,334.91,291.31,13.218,4.92987,20,53.3,2.0,14.0
9,334.91,291.31,13.2666,5.58989,20,53.3,2.0,16.0
9,334.91,291.31,14.006,6.13592,20,53.3,2.0,18.0
9,334.91,291.31,14.7346,6.72279,20,53.3,2.0,20.0
9,334.91,291.31,13.7077,7.34787,20,53.3,2.0,22.0
9,334.91,291.31,10.8073,7.9385,20,53.3,2.0,24.0
9,334.91,291.31,8.45572,8.65452,20,53.3,2.0,26.0
9,334.91,291.31,4.695,1.07475,20,54.3,3.0,2.0
9,334.91,291.31,13.6629,1.73248,20,54.3,3.0,4.0
9,334.91,291.31,20.5452,2.44083,20,54.3,3.0,6.0
9,334.91,291.31,22.5282,2.91454,20,54.3,3.0,8.0
9,334.91,291.31,23.6867,3.51324,20,54.3,3.0,10.0
9,334.91,291.31,23.2619,4.25562,20,54.3,3.0,12.0
9,334.91,291.31,22.854,5.14681,20,54.3,3.0,14.0
9,334.91,291.31,19.1803,5.87785,20,54.3,3.0,16.0
9,334.91,291.31,18.6301,6.49603,20,54.3,3.0,18.0
9,334.91,291.31,18.5563,7.14738,20,54.3,3.0,20.0
9,334.91,291.31,19.1902,7.76732,20,54.3,3.0,22.0
9,334.91,291.31,20.8363,8.36911,20,54.3,3.0,24.0
9,334.91,291.31,20.1352,9.09647,20,54.3,3.0,26.0
9,334.91,291.31,7.53639,1.05046,20,55.3,4.0,2.0
9,334.91,291.31,20.0762,1.73201,20,55.3,4.0,4.0
9,334.91,291.31,29.2401,2.47762,20,55.3,4.0,6.0
9,334.91,291.31,35.3016,2.95811,20,55.3,4.0,8.0
9,334.91,291.31,38.4288,3.59282,20,55.3,4.0,10.0
9,334.91,291.31,41.259,4.41803,20,55.3,4.0,12.0
9,334.91,291.31,43.897,5.47702,20,55.3,4.0,14.0
9,334.91,291.31,47.1799,6.20139,20,55.3,4.0,16.0
9,334.91,291.31,50.59,6.75688,20,55.3,4.0,18.0
9,334.91,291.31,53.8668,7.42999,20,55.3,4.0,20.0
9,334.91,291.31,54.8128,8.08054,20,55.3,4.0,22.0
9,334.91,291.31,53.6535,8.73727,20,55.3,4.0,24.0
9,334.91,291.31,54.2823,9.54471,20,55.3,4.0,26.0
9,334.91,291.31,9.02256,1.14774,20,56.3,5.0,2.0
9,334.91,291.31,26.4567,1.84356,20,56.3,5.0,4.0
9,334.91,291.31,42.1133,2.64357,20,56.3,5.0,6.0
9,334.91,291.31,50.823,3.19544,20,56.3,5.0,8.0
9,334.91,291.31,55.3047,3.97633,20,56.3,5.0,10.0
9,334.91,291.31,56.9732,4.74117,20,56.3,5.0,12.0
9,334.91,291.31,57.0078,5.74281,20,56.3,5.0,14.0
9,334.91,291.31,59.1858,6.56493,20,56.3,5.0,16.0
9,334.91,291.31,61.9445,7.2424,20,56.3,5.0,18.0
9,334.91,291.31,64.6295,8.07256,20,56.3,5.0,20.0
9,334.91,291.31,66.7258,8.78915,20,56.3,5.0,22.0
9,334.91,291.31,65.0638,9.51023,20,56.3,5.0,24.0
9,334.91,291.31,63.8458,10.4878,20,56.3,5.0,26.0
9,334.91,291.31,13.1186,1.12197,20,58.3,7.0,2.0
9,334.91,291.31,39.0485,2.1992,20,58.3,7.0,4.0
9,334.91,291.31,61.1158,3.19313,20,58.3,7.0,6.0
9,334.91,291.31,74.7993,3.80543,20,58.3,7.0,8.0
9,334.91,291.31,81.6941,4.72542,20,58.3,7.0,10.0
9,334.91,291.31,87.6255,5.68617,20,58.3,7.0,12.0
9,334.91,291.31,93.456,6.83431,20,58.3,7.0,14.0
9,334.91,291.31,98.674,7.81914,20,58.3,7.0,16.0
9,334.91,291.31,109.418,8.59928,20,58.3,7.0,18.0
9,334.91,291.31,113.759,9.49697,20,58.3,7.0,20.0
9,334.91,291.31,113.265,10.3316,20,58.3,7.0,22.0
9,334.91,291.31,114.203,11.1708,20,58.3,7.0,24.0
9,334.91,291.31,107.613,12.4031,20,58.3,7.0,26.0
10,358.14,849.88,2.60896,0.861797,20,52.3,1.0,2.0
10,358.14,849.88,6.96735,1.39273,20,52.3,1.0,4.0
10,358.14,849.88,9.71672,2.16819,20,52.3,1.0,6.0
10,358.14,849.88,11.4101,2.66034,20,52.3,1.0,8.0
10,358.14,849.88,12.9449,3.21334,20,52.3,1.0,10.0
10,358.14,849.88,12.6168,3.67066,20,52.3,1.0,12.0
10,358.14,849.88,12.3947,4.30119,20,52.3,1.0,14.0
10,358.14,849.88,13.0943,5.0346,20,52.3,1.0,16.0
10,358.14,849.88,13.5103,5.65578,20,52.3,1.0,18.0
10,358.14,849.88,12.126,6.27524,20,52.3,1.0,20.0
10,358.14,849.88,14.8474,6.85784,20,52.3,1.0,22.0
10,358.14,849.88,14.3149,7.51289,20,52.3,1.0,24.0
10,358.14,849.88,13.1575,8.19106,20,52.3,1.0,26.0
10,358.14,849.88,7.57293,0.835862,20,53.3,2.0,2.0
10,358.14,849.88,19.9447,1.50478,20,53.3,2.0,4.0
10,358.14,849.88,28.6785,2.39712,20,53.3,2.0,6.0
10,358.14,849.88,31.4378,2.90995,20,53.3,2.0,8.0
10,358.14,849.88,32.5939,3.47354,20,53.3,2.0,10.0
10,358.14,849.88,32.2676,3.96226,20,53.3,2.0,12.0
10,358.14,849.88,31.6454,4.6659,20,53.3,2.0,14.0
10,358.14,849.88,33.1535,5.37081,20,53.3,2.0,16.0
10,358.14,849.88,32.6885,6.03796,20,53.3,2.0,18.0
10,358.14,849.88,31.8723,6.65298,20,53.3,2.0,20.0
10,358.14,849.88,29.926,7.27227,20,53.3,2.0,22.0
10,358.14,849.88,26.7919,7.93446,20,53.3,2.0,24.0
10,358.14,849.88,27.7748,8.65885,20,53.3,2.0,26.0
10,358.14,849.88,18.0042,0.956617,20,54.3,3.0,2.0
10,358.14,849.88,47.7948,1.78546,20,54.3,3.0,4.0
10,358.14,849.88,64.3851,2.64971,20,54.3,3.0,6.0
10,358.14,849.88,70.8342,3.15438,20,54.3,3.0,8.0
10,358.14,849.88,74.4185,3.77441,20,54.3,3.0,10.0
10,358.14,849.88,77.6612,4.27308,20,54.3,3.0,12.0
10,358.14,849.88,76.6361,4.94696,20,54.3,3.0,14.0
10,358.14,849.88,75.1352,5.66004,20,54.3,3.0,16.0
10,358.14,849.88,74.6838,6.42261,20,54.3,3.0,18.0
10,358.14,849.88,75.3831,7.0639,20,54.3,3.0,20.0
10,358.14,849.88,72.4984,7.71855,20,54.3,3.0,22.0
10,358.14,849.88,75.1598,8.44223,20,54.3,3.0,24.0
10,358.14,849.88,76.4731,9.21249,20,54.3,3.0,26.0
10,358.14,849.88,28.2209,0.90755,20,55.3,4.0,2.0
10,358.14,849.88,78.0179,1.76898,20,55.3,4.0,4.0
10,358.14,849.88,110.723,2.69567,20,55.3,4.0,6.0
10,358.14,849.88,123.521,3.23082,20,55.3,4.0,8.0
10,358.14,849.88,127.894,3.87222,20,55.3,4.0,10.0
10,358.14,849.88,128.589,4.43394,20,55.3,4.0,12.0
10,358.14,849.88,130.385,5.26149,20,55.3,4.0,14.0
10,358.14,849.88,131.322,5.9965,20,55.3,4.0,16.0
10,358.14,849.88,130.152,6.7304,20,55.3,4.0,18.0
10,358.14,849.88,127.38,7.41704,20,55.3,4.0,20.0
10,358.14,849.88,126.434,8.16616,20,55.3,4.0,22.0
10,358.14,849.88,124.057,8.91583,20,55.3,4.0,24.0
10,358.14,849.88,120.293,9.75333,20,55.3,4.0,26.0
10,358.14,849.88,43.5032,1.07311,20,56.3,5.0,2.0
10,358.14,849.88,125.953,2.02555,20,56.3,5.0,4.0
10,358.14,849.88,179.751,3.26098,20,56.3,5.0,6.0
10,358.14,849.88,204.265,3.82962,20,56.3,5.0,8.0
10,358.14,849.88,216.369,4.50919,20,56.3,5.0,10.0
10,358.14,849.88,223.499,5.07541,20,56.3,5.0,12.0
10,358.14,849.88,230.785,5.91243,20,56.3,5.0,14.0
10,358.14,849.88,234.972,6.69307,20,56.3,5.0,16.0
10,358.14,849.88,234.649,7.48522,20,56.3,5.0,18.0
10,358.14,849.88,234.261,8.16307,20,56.3,5.0,20.0
10,358.14,849.88,233.708,8.91187,20,56.3,5.0,22.0
10,358.14,849.88,229.521,9.7056,20,56.3,5.0,24.0
10,358.14,849.88,233.871,10.668,20,56.3,5.0,26.0
10,358.14,849.88,92.9897,1.92753,20,58.3,7.0,2.0
10,358.14,849.88,273.188,3.26948,20,58.3,7.0,4.0
10,358.14,849.88,400.165,4.4961,20,58.3,7.0,6.0
10,358.14,849.88,461.321,5.10223,20,58.3,7.0,8.0
10,358.14,849.88,494.63,5.88,20,58.3,7.0,10.0
10,358.14,849.88,515.426,6.46947,20,58.3,7.0,12.0
10,358.14,849.88,530.435,7.2689,20,58.3,7.0,14.0
10,358.14,849.88,539.596,8.24853,20,58.3,7.0,16.0
10,358.14,849.88,549.892,9.16241,20,58.3,7.0,18.0
10,358.14,849.88,557.025,10.0072,20,58.3,7.0,20.0
10,358.14,849.88,563.525,10.8981,20,58.3,7.0,22.0
10,358.14,849.88,571.628,11.8031,20,58.3,7.0,24.0
10,358.14,849.88,573.505,12.7964,20,58.3,7.0,26.0
11,417.78,951.19,3.84536,0.481304,20,52.3,1.0,2.0
11,417.78,951.19,8.8151,1.05987,20,52.3,1.0,4.0
11,417.78,951.19,12.1912,1.91881,20,52.3,1.0,6.0
11,417.78,951.19,14.3971,2.45099,20,52.3,1.0,8.0
11,417.78,951.19,16.9878,3.01481,20,52.3,1.0,10.0
11,417.78,951.19,18.117,3.83088,20,52.3,1.0,12.0
11,417.78,951.19,19.087,4.43041,20,52.3,1.0,14.0
11,417.78,951.19,22.9915,5.08046,20,52.3,1.0,16.0
11,417.78,951.19,23.4482,5.86831,20,52.3,1.0,18.0
11,417.78,951.19,21.1314,6.38699,20,52.3,1.0,20.0
11,417.78,951.19,20.2782,6.96361,20,52.3,1.0,22.0
11,417.78,951.19,22.142,7.69951,20,52.3,1.0,24.0
11,417.78,951.19,19.3108,8.35698,20,52.3,1.0,26.0
11,417.78,951.19,11.2864,0.499694,20,53.3,2.0,2.0
11,417.78,951.19,28.8813,1.12147,20,53.3,2.0,4.0
11,417.78,951.19,39.133,2.03995,20,53.3,2.0,6.0
11,417.78,951.19,42.1629,2.57909,20,53.3,2.0,8.0
11,417.78,951.19,45.7861,3.07957,20,53.3,2.0,10.0
11,417.78,951.19,48.4254,4.14614,20,53.3,2.0,12.0
11,417.78,951.19,49.7426,4.76195,20,53.3,2.0,14.0
11,417.78,951.19,45.8432,5.43831,20,53.3,2.0,16.0
11,417.78,951.19,44.9042,6.5168,20,53.3,2.0,18.0
11,417.78,951.19,45.9195,7.03149,20,53.3,2.0,20.0
11,417.78,951.19,46.6205,7.59837,20,53.3,2.0,22.0
11,417.78,951.19,47.7359,8.55249,20,53.3,2.0,24.0
11,417.78,951.19,41.6107,9.17366,20,53.3,2.0,26.0
11,417.78,951.19,22.8627,0.577323,20,54.3,3.0,2.0
11,417.78,951.19,55.3536,1.22176,20,54.3,3.0,4.0
11,417.78,951.19,75.5822,2.30565,20,54.3,3.0,6.0
11,417.78,951.19,84.4228,2.90226,20,54.3,3.0,8.0
11,417.78,951.19,87.704,3.48976,20,54.3,3.0,10.0
11,417.78,951.19,87.4675,4.59527,20,54.3,3.0,12.0
11,417.78,951.19,86.7754,5.24144,20,54.3,3.0,14.0
11,417.78,951.19,83.6734,6.00679,20,54.3,3.0,16.0
11,417.78,951.19,82.7393,6.93269,20,54.3,3.0,18.0
11,417.78,951.19,85.3257,7.50307,20,54.3,3.0,20.0
11,417.78,951.19,84.5303,8.13088,20,54.3,3.0,22.0
11,417.78,951.19,85.6089,9.11764,20,54.3,3.0,24.0
11,417.78,951.19,85.4537,9.81559,20,54.3,3.0,26.0
11,417.78,951.19,33.8304,0.639319,20,55.3,4.0,2.0
11,417.78,951.19,87.8041,1.41926,20,55.3,4.0,4.0
11,417.78,951.19,120.603,2.34888,20,55.3,4.0,6.0
11,417.78,951.19,134.286,2.96384,20,55.3,4.0,8.0
11,417.78,951.19,140.098,3.56427,20,55.3,4.0,10.0
11,417.78,951.19,141.228,4.75334,20,55.3,4.0,12.0
11,417.78,951.19,137.697,5.47871,20,55.3,4.0,14.0
11,417.78,951.19,136.506,6.33644,20,55.3,4.0,16.0
11,417.78,951.19,136.188,7.46158,20,55.3,4.0,18.0
11,417.78,951.19,134.813,8.07183,20,55.3,4.0,20.0
11,417.78,951.19,134.679,8.63539,20,55.3,4.0,22.0
11,417.78,951.19,134.013,9.52457,20,55.3,4.0,24.0
11,417.78,951.19,132.311,10.33,20,55.3,4.0,26.0
11,417.78,951.19,44.2783,0.771594,20,56.3,5.0,2.0
11,417.78,951.19,117.252,1.53181,20,56.3,5.0,4.0
11,417.78,951.19,169.326,2.63758,20,56.3,5.0,6.0
11,417.78,951.19,188.922,3.34998,20,56.3,5.0,8.0
11,417.78,951.19,198.664,4.07625,20,56.3,5.0,10.0
11,417.78,951.19,203.162,5.26609,20,56.3,5.0,12.0
11,417.78,951.19,205.398,5.96741,20,56.3,5.0,14.0
11,417.78,951.19,205.237,6.69717,20,56.3,5.0,16.0
11,417.78,951.19,206.449,7.95714,20,56.3,5.0,18.0
11,417.78,951.19,206.483,8.59105,20,56.3,5.0,20.0
11,417.78,951.19,207.138,9.31087,20,56.3,5.0,22.0
11,417.78,951.19,209.175,10.1629,20,56.3,5.0,24.0
11,417.78,951.19,209.608,11.004,20,56.3,5.0,26.0
11,417.78,951.19,71.9159,1.08592,20,58.3,7.0,2.0
11,417.78,951.19,191.104,2.14332,20,58.3,7.0,4.0
11,417.78,951.19,281.497,3.39917,20,58.3,7.0,6.0
11,417.78,951.19,321.054,4.14372,20,58.3,7.0,8.0
11,417.78,951.19,342.84,4.95133,20,58.3,7.0,10.0
11,417.78,951.19,358.799,6.35198,20,58.3,7.0,12.0
11,417.78,951.19,367.587,7.20036,20,58.3,7.0,14.0
11,417.78,951.19,372.243,8.0998,20,58.3,7.0,16.0
11,417.78,951.19,380.809,9.7523,20,58.3,7.0,18.0
11,417.78,951.19,387.717,10.4708,20,58.3,7.0,20.0
11,417.78,951.19,391.587,11.2475,20,58.3,7.0,22.0
11,417.78,951.19,388.072,12.4572,20,58.3,7.0,24.0
11,417.78,951.19,385.491,13.4397,20,58.3,7.0,26.0
12,417.93,552.38,0.802044,0.482224,20,52.3,1.0,2.0
12,417.93,552.38,2.26809,1.31844,20,52.3,1.0,4.0
12,417.93,552.38,1.97782,2.05361,20,52.3,1.0,6.0
12,417.93,552.38,2.76229,2.63126,20,52.3,1.0,8.0
12,417.93,552.38,1.32495,3.08029,20,52.3,1.0,10.0
12,417.93,552.38,0.223246,3.62322,20,52.3,1.0,12.0
12,417.93,552.38,2.10092,4.30862,20,52.3,1.0,14.0
12,417.93,552.38,4.66968,4.86568,20,52.3,1.0,16.0
12,417.93,552.38,2.93266,5.49659,20,52.3,1.0,18.0
12,417.93,552.38,2.62223,6.04247,20,52.3,1.0,20.0
12,417.93,552.38,5.57622,6.71725,20,52.3,1.0,22.0
12,417.93,552.38,6.1185,7.32299,20,52.3,1.0,24.0
12,417.93,552.38,8.76008,7.90932,20,52.3,1.0,26.0
12,417.93,552.38,2.19833,0.530981,20,53.3,2.0,2.0
12,417.93,552.38,6.22592,1.37957,20,53.3,2.0,4.0
12,417.93,552.38,8.85099,2.27179,20,53.3,2.0,6.0
12,417.93,552.38,9.26424,2.83434,20,53.3,2.0,8.0
12,417.93,552.38,10.6449,3.30286,20,53.3,2.0,10.0
12,417.93,552.38,12.1122,3.87786,20,53.3,2.0,12.0
12,417.93,552.38,13.2231,4.57965,20,53.3,2.0,14.0
12,417.93,552.38,14.3846,5.15483,20,53.3,2.0,16.0
12,417.93,552.38,16.7167,5.80098,20,53.3,2.0,18.0
12,417.93,552.38,18.0147,6.39793,20,53.3,2.0,20.0
12,417.93,552.38,16.5569,7.11539,20,53.3,2.0,22.0
12,417.93,552.38,18.5795,7.74705,20,53.3,2.0,24.0
12,417.93,552.38,17.6408,8.40618,20,53.3,2.0,26.0
12,417.93,552.38,3.08514,0.593563,20,54.3,3.0,2.0
12,417.93,552.38,9.64346,1.5627,20,54.3,3.0,4.0
12,417.93,552.38,14.1777,2.37519,20,54.3,3.0,6.0
12,417.93,552.38,15.2041,3.02003,20,54.3,3.0,8.0
12,417.93,552.38,14.4642,3.59735,20,54.3,3.0,10.0
12,417.93,552.38,14.081,4.23673,20,54.3,3.0,12.0
12,417.93,552.38,12.0257,5.00377,20,54.3,3.0,14.0
12,417.93,552.38,11.1824,5.62016,20,54.3,3.0,16.0
12,417.93,552.38,11.8625,6.39237,20,54.3,3.0,18.0
12,417.93,552.38,14.173,7.03274,20,54.3,3.0,20.0
12,417.93,552.38,14.2769,7.73399,20,54.3,3.0,22.0
12,417.93,552.38,16.5361,8.43358,20,54.3,3.0,24.0
12,417.93,552.38,19.672,9.11707,20,54.3,3.0,26.0
12,417.93,552.38,5.41828,0.631235,20,55.3,4.0,2.0
12,417.93,552.38,14.4978,1.60367,20,55.3,4.0,4.0
12,417.93,552.38,21.9321,2.64755,20,55.3,4.0,6.0
12,417.93,552.38,25.7989,3.35191,20,55.3,4.0,8.0
12,417.93,552.38,28.0405,3.87564,20,55.3,4.0,10.0
12,417.93,552.38,29.8842,4.49188,20,55.3,4.0,12.0
12,417.93,552.38,29.6822,5.26059,20,55.3,4.0,14.0
12,417.93,552.38,27.1984,5.90702,20,55.3,4.0,16.0
12,417.93,552.38,24.0279,6.63423,20,55.3,4.0,18.0
12,417.93,552.38,20.728,7.26468,20,55.3,4.0,20.0
12,417.93,552.38,18.0268,8.04181,20,55.3,4.0,22.0
12,417.93,552.38,16.5208,8.70539,20,55.3,4.0,24.0
12,417.93,552.38,12.1827,9.43053,20,55.3,4.0,26.0
12,417.93,552.38,7.26355,0.696422,20,56.3,5.0,2.0
12,417.93,552.38,19.8003,1.90646,20,56.3,5.0,4.0
12,417.93,552.38,29.4576,2.87546,20,56.3,5.0,6.0
12,417.93,552.38,31.3319,3.58847,20,56.3,5.0,8.0
12,417.93,552.38,32.7326,4.14677,20,56.3,5.0,10.0
12,417.93,552.38,32.6034,4.76882,20,56.3,5.0,12.0
12,417.93,552.38,29.3398,5.62711,20,56.3,5.0,14.0
12,417.93,552.38,24.2346,6.38923,20,56.3,5.0,16.0
12,417.93,552.38,23.5519,7.24985,20,56.3,5.0,18.0
12,417.93,552.38,25.1668,7.94721,20,56.3,5.0,20.0
12,417.93,552.38,25.0025,8.83762,20,56.3,5.0,22.0
12,417.93,552.38,26.5051,9.60376,20,56.3,5.0,24.0
12,417.93,552.38,27.2894,10.3975,20,56.3,5.0,26.0
12,417.93,552.38,9.42744,0.844143,20,58.3,7.0,2.0
12,417.93,552.38,29.258,2.16288,20,58.3,7.0,4.0
12,417.93,552.38,46.4101,3.39908,20,58.3,7.0,6.0
12,417.93,552.38,53.4431,4.20756,20,58.3,7.0,8.0
12,417.93,552.38,54.9776,4.88935,20,58.3,7.0,10.0
12,417.93,552.38,56.3201,5.72651,20,58.3,7.0,12.0
12,417.93,552.38,53.7135,6.69115,20,58.3,7.0,14.0
12,417.93,552.38,49.6658,7.54822,20,58.3,7.0,16.0
12,417.93,552.38,50.9444,8.53376,20,58.3,7.0,18.0
12,417.93,552.38,47.8781,9.346,20,58.3,7.0,20.0
12,417.93,552.38,41.7936,10.3612,20,58.3,7.0,22.0
12,417.93,552.38,38.0424,11.2932,20,58.3,7.0,24.0
12,417.93,552.38,40.8416,12.2133,20,58.3,7.0,26.0
13,423.28,75.54,0.428723,0.71963,20,52.3,1.0,2.0
13,423.28,75.54,0.31161,1.25714,20,52.3,1.0,4.0
13,423.28,75.54,-1.38296,2.05889,20,52.3,1.0,6.0
13,423.28,75.54,-1.38295,2.63379,20,52.3,1.0,8.0
13,423.28,75.54,-3.55135,3.14374,20,52.3,1.0,10.0
13,423.28,75.54,-6.51487,3.72078,20,52.3,1.0,12.0
13,423.28,75.54,-7.36025,4.34125,20,52.3,1.0,14.0
13,423.28,75.54,-9.19424,5.05304,20,52.3,1.0,16.0
13,423.28,75.54,-11.1708,5.6782,20,52.3,1.0,18.0
13,423.28,75.54,-13.6919,6.33773,20,52.3,1.0,20.0
13,423.28,75.54,-14.3151,6.8843,20,52.3,1.0,22.0
13,423.28,75.54,-14.8833,7.71045,20,52.3,1.0,24.0
13,423.28,75.54,-16.3431,8.30754,20,52.3,1.0,26.0
13,423.28,75.54,1.72854,0.744018,20,53.3,2.0,2.0
13,423.28,75.54,5.61845,1.28661,20,53.3,2.0,4.0
13,423.28,75.54,7.2971,2.16714,20,53.3,2.0,6.0
13,423.28,75.54,9.88886,2.75752,20,53.3,2.0,8.0
13,423.28,75.54,9.42348,3.30219,20,53.3,2.0,10.0
13,423.28,75.54,9.92616,3.91846,20,53.3,2.0,12.0
13,423.28,75.54,10.9799,4.54377,20,53.3,2.0,14.0
13,423.28,75.54,10.9369,5.23264,20,53.3,2.0,16.0
13,423.28,75.54,11.8338,5.96168,20,53.3,2.0,18.0
13,423.28,75.54,13.5197,6.614,20,53.3,2.0,20.0
13,423.28,75.54,13.0496,7.19784,20,53.3,2.0,22.0
13,423.28,75.54,12.3888,8.06161,20,53.3,2.0,24.0
13,423.28,75.54,12.9428,8.68037,20,53.3,2.0,26.0
13,423.28,75.54,6.82246,0.705615,20,54.3,3.0,2.0
13,423.28,75.54,19.6044,1.36618,20,54.3,3.0,4.0
13,423.28,75.54,28.3007,2.44716,20,54.3,3.0,6.0
13,423.28,75.54,29.9995,3.13245,20,54.3,3.0,8.0
13,423.28,75.54,32.2284,3.69404,20,54.3,3.0,10.0
13,423.28,75.54,33.485,4.47019,20,54.3,3.0,12.0
13,423.28,75.54,33.2062,5.09091,20,54.3,3.0,14.0
13,423.28,75.54,34.0069,5.83937,20,54.3,3.0,16.0
13,423.28,75.54,35.3869,6.50594,20,54.3,3.0,18.0
13,423.28,75.54,34.8771,7.33844,20,54.3,3.0,20.0
13,423.28,75.54,33.6736,7.90089,20,54.3,3.0,22.0
13,423.28,75.54,29.5676,8.90027,20,54.3,3.0,24.0
13,423.28,75.54,27.1444,9.58192,20,54.3,3.0,26.0
13,423.28,75.54,12.266,0.770596,20,55.3,4.0,2.0
13,423.28,75.54,38.9209,1.40742,20,55.3,4.0,4.0
13,423.28,75.54,57.9032,2.47506,20,55.3,4.0,6.0
13,423.28,75.54,70.6726,3.15207,20,55.3,4.0,8.0
13,423.28,75.54,75.7143,3.75116,20,55.3,4.0,10.0
13,423.28,75.54,77.2195,4.4695,20,55.3,4.0,12.0
13,423.28,75.54,76.1012,5.22778,20,55.3,4.0,14.0
13,423.28,75.54,79.7829,6.03428,20,55.3,4.0,16.0
13,423.28,75.54,83.1564,6.79663,20,55.3,4.0,18.0
13,423.28,75.54,84.7026,7.5584,20,55.3,4.0,20.0
13,423.28,75.54,86.7892,8.1965,20,55.3,4.0,22.0
13,423.28,75.54,85.2982,9.16085,20,55.3,4.0,24.0
13,423.28,75.54,85.1007,9.89569,20,55.3,4.0,26.0
13,423.28,75.54,19.5617,0.94814,20,56.3,5.0,2.0
13,423.28,75.54,62.9732,1.65838,20,56.3,5.0,4.0
13,423.28,75.54,94.2342,2.75128,20,56.3,5.0,6.0
13,423.28,75.54,112.214,3.52669,20,56.3,5.0,8.0
13,423.28,75.54,122.382,4.16716,20,56.3,5.0,10.0
13,423.28,75.54,125.844,5.04025,20,56.3,5.0,12.0
13,423.28,75.54,128.388,5.7978,20,56.3,5.0,14.0
13,423.28,75.54,130.912,6.64068,20,56.3,5.0,16.0
13,423.28,75.54,132.707,7.44889,20,56.3,5.0,18.0
13,423.28,75.54,131.748,8.32442,20,56.3,5.0,20.0
13,423.28,75.54,133.159,9.04613,20,56.3,5.0,22.0
13,423.28,75.54,135.603,10.0631,20,56.3,5.0,24.0
13,423.28,75.54,135.53,10.7607,20,56.3,5.0,26.0
13,423.28,75.54,33.6099,1.20786,20,58.3,7.0,2.0
13,423.28,75.54,115.706,2.09209,20,58.3,7.0,4.0
13,423.28,75.54,178.28,3.35187,20,58.3,7.0,6.0
13,423.28,75.54,220.275,4.40141,20,58.3,7.0,8.0
13,423.28,75.54,242.892,5.10502,20,58.3,7.0,10.0
13,423.28,75.54,255.892,5.93866,20,58.3,7.0,12.0
13,423.28,75.54,268.855,6.9362,20,58.3,7.0,14.0
13,423.28,75.54,278.059,7.8699,20,58.3,7.0,16.0
13,423.28,75.54,282.262,8.75665,20,58.3,7.0,18.0
13,423.28,75.54,284.124,9.65315,20,58.3,7.0,20.0
13,423.28,75.54,282.877,10.502,20,58.3,7.0,22.0
13,423.28,75.54,284.848,11.8431,20,58.3,7.0,24.0
13,423.28,75.54,284.299,12.6941,20,58.3,7.0,26.0
14,429.4,489.45,12.8733,0.814833,20,52.3,1.0,2.0
14,429.4,489.45,36.9423,1.85052,20,52.3,1.0,4.0
14,429.4,489.45,54.1447,2.49347,20,52.3,1.0,6.0
14,429.4,489.45,60.2508,2.84756,20,52.3,1.0,8.0
14,429.4,489.45,62.2131,3.45256,20,52.3,1.0,10.0
14,429.4,489.45,63.3377,3.81775,20,52.3,1.0,12.0
14,429.4,489.45,63.1771,4.42358,20,52.3,1.0,14.0
14,429.4,489.45,61.2489,4.96326,20,52.3,1.0,16.0
14,429.4,489.45,60.8319,5.64644,20,52.3,1.0,18.0
14,429.4,489.45,60.8562,6.24101,20,52.3,1.0,20.0
14,429.4,489.45,60.404,7.5542,20,52.3,1.0,22.0
14,429.4,489.45,57.1658,8.07682,20,52.3,1.0,24.0
14,429.4,489.45,56.2127,8.68541,20,52.3,1.0,26.0
14,429.4,489.45,40.4305,0.713095,20,53.3,2.0,2.0
14,429.4,489.45,120.02,1.84923,20,53.3,2.0,4.0
14,429.4,489.45,172.777,2.46951,20,53.3,2.0,6.0
14,429.4,489.45,192.134,2.8851,20,53.3,2.0,8.0
14,429.4,489.45,200.972,3.51143,20,53.3,2.0,10.0
14,429.4,489.45,204.278,3.93479,20,53.3,2.0,12.0
14,429.4,489.45,206.097,4.57531,20,53.3,2.0,14.0
14,429.4,489.45,207.186,5.16057,20,53.3,2.0,16.0
14,429.4,489.45,205.162,5.86848,20,53.3,2.0,18.0
14,429.4,489.45,201.813,6.53783,20,53.3,2.0,20.0
14,429.4,489.45,199.802,7.97659,20,53.3,2.0,22.0
14,429.4,489.45,199.833,8.48962,20,53.3,2.0,24.0
14,429.4,489.45,201.836,9.08593,20,53.3,2.0,26.0
14,429.4,489.45,83.6922,0.938325,20,54.3,3.0,2.0
14,429.4,489.45,257.215,2.50307,20,54.3,3.0,4.0
14,429.4,489.45,371.947,3.29629,20,54.3,3.0,6.0
14,429.4,489.45,416.511,3.69099,20,54.3,3.0,8.0
14,429.4,489.45,436.999,4.29419,20,54.3,3.0,10.0
14,429.4,489.45,445.737,4.72384,20,54.3,3.0,12.0
14,429.4,489.45,451.453,5.28282,20,54.3,3.0,14.0
14,429.4,489.45,455.825,5.94873,20,54.3,3.0,16.0
14,429.4,489.45,460.641,6.70373,20,54.3,3.0,18.0
14,429.4,489.45,462.164,7.44434,20,54.3,3.0,20.0
14,429.4,489.45,461.684,9.04147,20,54.3,3.0,22.0
14,429.4,489.45,460.14,9.53078,20,54.3,3.0,24.0
14,429.4,489.45,459.658,10.2218,20,54.3,3.0,26.0
14,429.4,489.45,139.898,1.21893,20,55.3,4.0,2.0
14,429.4,489.45,428.116,2.55615,20,55.3,4.0,4.0
14,429.4,489.45,631.906,3.43089,20,55.3,4.0,6.0
14,429.4,489.45,710.845,3.85104,20,55.3,4.0,8.0
14,429.4,489.45,748.153,4.54058,20,55.3,4.0,10.0
14,429.4,489.45,767.219,4.946,20,55.3,4.0,12.0
14,429.4,489.45,777.454,5.6192,20,55.3,4.0,14.0
14,429.4,489.45,783.997,6.25233,20,55.3,4.0,16.0
14,429.4,489.45,786.195,7.09321,20,55.3,4.0,18.0
14,429.4,489.45,792.014,7.84082,20,55.3,4.0,20.0
14,429.4,489.45,795.425,9.32418,20,55.3,4.0,22.0
14,429.4,489.45,799.413,9.88854,20,55.3,4.0,24.0
14,429.4,489.45,798.481,10.6207,20,55.3,4.0,26.0
14,429.4,489.45,204.95,1.37029,20,56.3,5.0,2.0
14,429.4,489.45,644.818,2.99685,20,56.3,5.0,4.0
14,429.4,489.45,964.067,3.89897,20,56.3,5.0,6.0
14,429.4,489.45,1102.47,4.37671,20,56.3,5.0,8.0
14,429.4,489.45,1169.74,5.10549,20,56.3,5.0,10.0
14,429.4,489.45,1201.37,5.61711,20,56.3,5.0,12.0
14,429.4,489.45,1222.56,6.27888,20,56.3,5.0,14.0
14,429.4,489.45,1236.41,6.95962,20,56.3,5.0,16.0
14,429.4,489.45,1246.82,7.79129,20,56.3,5.0,18.0
14,429.4,489.45,1248.6,8.52049,20,56.3,5.0,20.0
14,429.4,489.45,1251.2,10.7622,20,56.3,5.0,22.0
14,429.4,489.45,1256.74,11.2683,20,56.3,5.0,24.0
14,429.4,489.45,1258.18,12.0299,20,56.3,5.0,26.0
14,429.4,489.45,356.108,2.25948,20,58.3,7.0,2.0
14,429.4,489.45,1169.99,4.66903,20,58.3,7.0,4.0
14,429.4,489.45,1821.3,5.87953,20,58.3,7.0,6.0
14,429.4,489.45,2132.58,6.50411,20,58.3,7.0,8.0
14,429.4,489.45,2310.1,7.25323,20,58.3,7.0,10.0
14,429.4,489.45,2408.01,7.76259,20,58.3,7.0,12.0
14,429.4,489.45,2477.13,8.49221,20,58.3,7.0,14.0
14,429.4,489.45,2515.74,9.29375,20,58.3,7.0,16.0
14,429.4,489.45,2544.5,10.2304,20,58.3,7.0,18.0
14,429.4,489.45,2574.95,11.1178,20,58.3,7.0,20.0
14,429.4,489.45,2599.76,12.7299,20,58.3,7.0,22.0
14,429.4,489.45,2621.91,13.4043,20,58.3,7.0,24.0
14,429.4,489.45,2642.4,14.2558,20,58.3,7.0,26.0
15,505.46,1000.84,2.26786,0.538347,20,52.3,1.0,2.0
15,505.46,1000.84,4.64556,1.47022,20,52.3,1.0,4.0
15,505.46,1000.84,6.23433,1.93107,20,52.3,1.0,6.0
15,505.46,1000.84,8.66178,2.72754,20,52.3,1.0,8.0
15,505.46,1000.84,8.5589,4.63229,20,52.3,1.0,10.0
15,505.46,1000.84,8.12123,5.16388,20,52.3,1.0,12.0
15,505.46,1000.84,11.817,5.61988,20,52.3,1.0,14.0
15,505.46,1000.84,14.3901,6.13667,20,52.3,1.0,16.0
15,505.46,1000.84,16.0227,6.53268,20,52.3,1.0,18.0
15,505.46,1000.84,17.2087,7.13764,20,52.3,1.0,20.0
15,505.46,1000.84,19.1233,7.69151,20,52.3,1.0,22.0
15,505.46,1000.84,21.3885,8.36567,20,52.3,1.0,24.0
15,505.46,1000.84,21.8766,9.02401,20,52.3,1.0,26.0
15,505.46,1000.84,4.09405,0.579416,20,53.3,2.0,2.0
15,505.46,1000.84,10.6792,1.45811,20,53.3,2.0,4.0
15,505.46,1000.84,13.4528,1.98416,20,53.3,2.0,6.0
15,505.46,1000.84,13.3934,2.84514,20,53.3,2.0,8.0
15,505.46,1000.84,13.7936,5.89936,20,53.3,2.0,10.0
15,505.46,1000.84,13.3098,6.47043,20,53.3,2.0,12.0
15,505.46,1000.84,13.2909,6.88459,20,53.3,2.0,14.0
15,505.46,1000.84,14.5107,7.4137,20,53.3,2.0,16.0
15,505.46,1000.84,13.8388,7.8002,20,53.3,2.0,18.0
15,505.46,1000.84,13.1498,8.39996,20,53.3,2.0,20.0
15,505.46,1000.84,15.7847,8.93469,20,53.3,2.0,22.0
15,505.46,1000.84,12.444,9.60443,20,53.3,2.0,24.0
15,505.46,1000.84,8.15727,10.3169,20,53.3,2.0,26.0
15,505.46,1000.84,7.49555,0.688637,20,54.3,3.0,2.0
15,505.46,1000.84,21.5634,1.483,20,54.3,3.0,4.0
15,505.46,1000.84,32.1759,2.05934,20,54.3,3.0,6.0
15,505.46,1000.84,37.7573,2.94888,20,54.3,3.0,8.0
15,505.46,1000.84,38.698,5.4885,20,54.3,3.0,10.0
15,505.46,1000.84,37.262,6.37562,20,54.3,3.0,12.0
15,505.46,1000.84,37.7465,6.88191,20,54.3,3.0,14.0
15,505.46,1000.84,40.8864,7.49765,20,54.3,3.0,16.0
15,505.46,1000.84,43.3579,7.92227,20,54.3,3.0,18.0
15,505.46,1000.84,45.7527,8.63547,20,54.3,3.0,20.0
15,505.46,1000.84,46.9348,9.19955,20,54.3,3.0,22.0
15,505.46,1000.84,48.1019,9.98634,20,54.3,3.0,24.0
15,505.46,1000.84,48.4138,10.8891,20,54.3,3.0,26.0
15,505.46,1000.84,9.0834,0.778972,20,55.3,4.0,2.0
15,505.46,1000.84,29.6682,1.67865,20,55.3,4.0,4.0
15,505.46,1000.84,46.9465,2.33717,20,55.3,4.0,6.0
15,505.46,1000.84,53.9704,3.33009,20,55.3,4.0,8.0
15,505.46,1000.84,54.9161,5.90261,20,55.3,4.0,10.0
15,505.46,1000.84,55.127,6.5227,20,55.3,4.0,12.0
15,505.46,1000.84,52.919,7.02385,20,55.3,4.0,14.0
15,505.46,1000.84,47.9644,7.63458,20,55.3,4.0,16.0
15,505.46,1000.84,46.8124,8.12556,20,55.3,4.0,18.0
15,505.46,1000.84,45.5619,8.88841,20,55.3,4.0,20.0
15,505.46,1000.84,45.562,9.52376,20,55.3,4.0,22.0
15,505.46,1000.84,41.8435,10.4773,20,55.3,4.0,24.0
15,505.46,1000.84,39.6074,11.4036,20,55.3,4.0,26.0
15,505.46,1000.84,13.9898,0.763002,20,56.3,5.0,2.0
15,505.46,1000.84,40.9041,1.79209,20,56.3,5.0,4.0
15,505.46,1000.84,57.2575,2.43942,20,56.3,5.0,6.0
15,505.46,1000.84,65.8296,3.61214,20,56.3,5.0,8.0
15,505.46,1000.84,68.7973,6.71195,20,56.3,5.0,10.0
15,505.46,1000.84,69.3019,7.52724,20,56.3,5.0,12.0
15,505.46,1000.84,67.9526,8.11295,20,56.3,5.0,14.0
15,505.46,1000.84,62.0947,8.81243,20,56.3,5.0,16.0
15,505.46,1000.84,55.3096,9.37236,20,56.3,5.0,18.0
15,505.46,1000.84,51.4353,10.1151,20,56.3,5.0,20.0
15,505.46,1000.84,48.3389,10.8025,20,56.3,5.0,22.0
15,505.46,1000.84,42.5058,11.7669,20,56.3,5.0,24.0
15,505.46,1000.84,41.4505,12.8026,20,56.3,5.0,26.0
15,505.46,1000.84,20.2509,1.08324,20,58.3,7.0,2.0
15,505.46,1000.84,61.1448,2.17187,20,58.3,7.0,4.0
15,505.46,1000.84,93.2532,3.04174,20,58.3,7.0,6.0
15,505.46,1000.84,113.774,4.36846,20,58.3,7.0,8.0
15,505.46,1000.84,123.542,7.6969,20,58.3,7.0,10.0
15,505.46,1000.84,126.225,8.79696,20,58.3,7.0,12.0
15,505.46,1000.84,124.833,9.41635,20,58.3,7.0,14.0
15,505.46,1000.84,124.488,10.2103,20,58.3,7.0,16.0
15,505.46,1000.84,120.846,10.8579,20,58.3,7.0,18.0
15,505.46,1000.84,120.102,11.8739,20,58.3,7.0,20.0
15,505.46,1000.84,117.294,12.6788,20,58.3,7.0,22.0
15,505.46,1000.84,109.719,13.893,20,58.3,7.0,24.0
15,505.46,1000.84,108.963,15.0137,20,58.3,7.0,26.0
16,516.16,884.76,12.1924,0.542587,20,52.3,1.0,2.0
16,516.16,884.76,32.4796,1.15553,20,52.3,1.0,4.0
16,516.16,884.76,46.9424,4.47695,20,52.3,1.0,6.0
16,516.16,884.76,54.7078,4.82412,20,52.3,1.0,8.0
16,516.16,884.76,58.7942,5.14252,20,52.3,1.0,10.0
16,516.16,884.76,59.649,5.50931,20,52.3,1.0,12.0
16,516.16,884.76,59.9633,5.82208,20,52.3,1.0,14.0
16,516.16,884.76,60.0615,6.34424,20,52.3,1.0,16.0
16,516.16,884.76,63.4949,6.81571,20,52.3,1.0,18.0
16,516.16,884.76,65.2566,7.29075,20,52.3,1.0,20.0
16,516.16,884.76,71.1815,7.81675,20,52.3,1.0,22.0
16,516.16,884.76,75.4317,8.47444,20,52.3,1.0,24.0
16,516.16,884.76,77.5162,9.00478,20,52.3,1.0,26.0
16,516.16,884.76,51.1657,0.58305,20,53.3,2.0,2.0
16,516.16,884.76,134.46,1.20799,20,53.3,2.0,4.0
16,516.16,884.76,189.997,4.37955,20,53.3,2.0,6.0
16,516.16,884.76,212.999,4.73532,20,53.3,2.0,8.0
16,516.16,884.76,222.292,5.08324,20,53.3,2.0,10.0
16,516.16,884.76,226.702,5.45543,20,53.3,2.0,12.0
16,516.16,884.76,227.54,5.77176,20,53.3,2.0,14.0
16,516.16,884.76,226.69,6.35845,20,53.3,2.0,16.0
16,516.16,884.76,226.087,6.9109,20,53.3,2.0,18.0
16,516.16,884.76,226.857,7.45923,20,53.3,2.0,20.0
16,516.16,884.76,225.759,8.06616,20,53.3,2.0,22.0
16,516.16,884.76,225.63,8.7551,20,53.3,2.0,24.0
16,516.16,884.76,225.274,9.29377,20,53.3,2.0,26.0
16,516.16,884.76,106.263,0.807923,20,54.3,3.0,2.0
16,516.16,884.76,282.11,1.52186,20,54.3,3.0,4.0
16,516.16,884.76,407.007,4.1707,20,54.3,3.0,6.0
16,516.16,884.76,459.94,4.63741,20,54.3,3.0,8.0
16,516.16,884.76,484.697,5.02643,20,54.3,3.0,10.0
16,516.16,884.76,493.367,5.50203,20,54.3,3.0,12.0
16,516.16,884.76,497.345,5.86151,20,54.3,3.0,14.0
16,516.16,884.76,501.454,6.59793,20,54.3,3.0,16.0
16,516.16,884.76,507.195,7.21047,20,54.3,3.0,18.0
16,516.16,884.76,506.099,7.82596,20,54.3,3.0,20.0
16,516.16,884.76,506.41,8.63047,20,54.3,3.0,22.0
16,516.16,884.76,506.145,9.33101,20,54.3,3.0,24.0
16,516.16,884.76,508.826,9.90495,20,54.3,3.0,26.0
16,516.16,884.76,178.378,1.08407,20,55.3,4.0,2.0
16,516.16,884.76,489.353,2.00488,20,55.3,4.0,4.0
16,516.16,884.76,712.649,6.2433,20,55.3,4.0,6.0
16,516.16,884.76,805.038,6.60209,20,55.3,4.0,8.0
16,516.16,884.76,846.91,6.92506,20,55.3,4.0,10.0
16,516.16,884.76,868.065,7.29939,20,55.3,4.0,12.0
16,516.16,884.76,878.981,7.62755,20,55.3,4.0,14.0
16,516.16,884.76,884.482,8.26861,20,55.3,4.0,16.0
16,516.16,884.76,892.853,8.84188,20,55.3,4.0,18.0
16,516.16,884.76,898.86,9.40679,20,55.3,4.0,20.0
16,516.16,884.76,899.506,10.22,20,55.3,4.0,22.0
16,516.16,884.76,900.848,10.9271,20,55.3,4.0,24.0
16,516.16,884.76,902.881,11.4737,20,55.3,4.0,26.0
16,516.16,884.76,255.547,1.48875,20,56.3,5.0,2.0
16,516.16,884.76,724.561,2.65769,20,56.3,5.0,4.0
16,516.16,884.76,1076.57,6.93595,20,56.3,5.0,6.0
16,516.16,884.76,1233.36,7.38435,20,56.3,5.0,8.0
16,516.16,884.76,1309.02,7.70929,20,56.3,5.0,10.0
16,516.16,884.76,1346.44,8.15964,20,56.3,5.0,12.0
16,516.16,884.76,1367.91,8.51124,20,56.3,5.0,14.0
16,516.16,884.76,1382.85,9.09513,20,56.3,5.0,16.0
16,516.16,884.76,1392.79,9.65273,20,56.3,5.0,18.0
16,516.16,884.76,1402.23,10.2283,20,56.3,5.0,20.0
16,516.16,884.76,1410.59,10.9394,20,56.3,5.0,22.0
16,516.16,884.76,1418.35,11.7613,20,56.3,5.0,24.0
16,516.16,884.76,1422.8,12.3809,20,56.3,5.0,26.0
16,516.16,884.76,451.438,2.45192,20,58.3,7.0,2.0
16,516.16,884.76,1318.04,4.26388,20,58.3,7.0,4.0
16,516.16,884.76,2025.29,9.35199,20,58.3,7.0,6.0
16,516.16,884.76,2383.53,9.91491,20,58.3,7.0,8.0
16,516.16,884.76,2574.49,10.3952,20,58.3,7.0,10.0
16,516.16,884.76,2687.16,10.8722,20,58.3,7.0,12.0
16,516.16,884.76,2753.85,11.2482,20,58.3,7.0,14.0
16,516.16,884.76,2798.93,11.9282,20,58.3,7.0,16.0
16,516.16,884.76,2833.24,12.5667,20,58.3,7.0,18.0
16,516.16,884.76,2865.7,13.235,20,58.3,7.0,20.0
16,516.16,884.76,2896.31,13.955,20,58.3,7.0,22.0
16,516.16,884.76,2923.32,14.8459,20,58.3,7.0,24.0
16,516.16,884.76,2946.93,15.5594,20,58.3,7.0,26.0
17,596.39,529.79,-0.0569903,0.438701,20,52.3,1.0,2.0
17,596.39,529.79,-0.659647,1.04099,20,52.3,1.0,4.0
17,596.39,529.79,-0.637181,1.45699,20,52.3,1.0,6.0
17,596.39,529.79,0.687434,2.48827,20,52.3,1.0,8.0
17,596.39,529.79,0.778928,3.01133,20,52.3,1.0,10.0
17,596.39,529.79,1.92701,3.59053,20,52.3,1.0,12.0
17,596.39,529.79,3.8019,4.15168,20,52.3,1.0,14.0
17,596.39,529.79,4.73309,4.6694,20,52.3,1.0,16.0
17,596.39,529.79,7.44319,5.41074,20,52.3,1.0,18.0
17,596.39,529.79,9.24164,6.04657,20,52.3,1.0,20.0
17,596.39,529.79,10.2664,6.73576,20,52.3,1.0,22.0
17,596.39,529.79,10.9875,7.38336,20,52.3,1.0,24.0
17,596.39,529.79,10.2163,8.01223,20,52.3,1.0,26.0
17,596.39,529.79,0.246969,0.494152,20,53.3,2.0,2.0
17,596.39,529.79,1.82949,1.16146,20,53.3,2.0,4.0
17,596.39,529.79,2.51686,1.58332,20,53.3,2.0,6.0
17,596.39,529.79,1.64148,2.76591,20,53.3,2.0,8.0
17,596.39,529.79,2.01073,3.24106,20,53.3,2.0,10.0
17,596.39,529.79,1.27038,3.80347,20,53.3,2.0,12.0
17,596.39,529.79,0.351287,4.42278,20,53.3,2.0,14.0
17,596.39,529.79,-0.032854,5.02191,20,53.3,2.0,16.0
17,596.39,529.79,0.995164,5.8434,20,53.3,2.0,18.0
17,596.39,529.79,3.2199,6.49488,20,53.3,2.0,20.0
17,596.39,529.79,5.14146,7.22944,20,53.3,2.0,22.0
17,596.39,529.79,3.83482,7.96813,20,53.3,2.0,24.0
17,596.39,529.79,4.24126,8.71423,20,53.3,2.0,26.0
17,596.39,529.79,1.26198,0.478675,20,54.3,3.0,2.0
17,596.39,529.79,4.07098,1.17499,20,54.3,3.0,4.0
17,596.39,529.79,5.87632,1.65772,20,54.3,3.0,6.0
17,596.39,529.79,6.31321,2.71711,20,54.3,3.0,8.0
17,596.39,529.79,6.05371,3.32802,20,54.3,3.0,10.0
17,596.39,529.79,5.28263,4.00251,20,54.3,3.0,12.0
17,596.39,529.79,5.48357,4.71565,20,54.3,3.0,14.0
17,596.39,529.79,5.27303,5.34165,20,54.3,3.0,16.0
17,596.39,529.79,4.25714,6.27856,20,54.3,3.0,18.0
17,596.39,529.79,6.39909,6.96392,20,54.3,3.0,20.0
17,596.39,529.79,7.36949,7.7819,20,54.3,3.0,22.0
17,596.39,529.79,9.20139,8.55843,20,54.3,3.0,24.0
17,596.39,529.79,8.56257,9.39884,20,54.3,3.0,26.0
17,596.39,529.79,4.14792,0.612164,20,55.3,4.0,2.0
17,596.39,529.79,13.7503,1.50249,20,55.3,4.0,4.0
17,596.39,529.79,20.5412,1.93311,20,55.3,4.0,6.0
17,596.39,529.79,24.163,3.14607,20,55.3,4.0,8.0
17,596.39,529.79,26.1087,3.70261,20,55.3,4.0,10.0
17,596.39,529.79,26.8471,4.3807,20,55.3,4.0,12.0
17,596.39,529.79,26.723,5.10158,20,55.3,4.0,14.0
17,596.39,529.79,25.1804,5.77183,20,55.3,4.0,16.0
17,596.39,529.79,24.8047,6.68854,20,55.3,4.0,18.0
17,596.39,529.79,24.2432,7.42897,20,55.3,4.0,20.0
17,596.39,529.79,26.4252,8.21833,20,55.3,4.0,22.0
17,596.39,529.79,28.1651,9.03321,20,55.3,4.0,24.0
17,596.39,529.79,29.0625,9.81876,20,55.3,4.0,26.0
17,596.39,529.79,6.80664,0.712805,20,56.3,5.0,2.0
17,596.39,529.79,23.0076,1.59681,20,56.3,5.0,4.0
17,596.39,529.79,34.4833,2.09335,20,56.3,5.0,6.0
17,596.39,529.79,39.1134,3.22089,20,56.3,5.0,8.0
17,596.39,529.79,40.5893,3.85859,20,56.3,5.0,10.0
17,596.39,529.79,41.8341,4.56122,20,56.3,5.0,12.0
17,596.39,529.79,40.729,5.39056,20,56.3,5.0,14.0
17,596.39,529.79,41.62,6.11301,20,56.3,5.0,16.0
17,596.39,529.79,40.5806,7.14153,20,56.3,5.0,18.0
17,596.39,529.79,35.9656,7.99667,20,56.3,5.0,20.0
17,596.39,529.79,31.6384,8.8615,20,56.3,5.0,22.0
17,596.39,529.79,30.6739,9.71048,20,56.3,5.0,24.0
17,596.39,529.79,32.5497,10.5084,20,56.3,5.0,26.0
17,596.39,529.79,13.6157,0.822673,20,58.3,7.0,2.0
17,596.39,529.79,47.6275,1.84971,20,58.3,7.0,4.0
17,596.39,529.79,69.7696,2.44552,20,58.3,7.0,6.0
17,596.39,529.79,86.6971,3.80964,20,58.3,7.0,8.0
17,596.39,529.79,97.5277,4.54063,20,58.3,7.0,10.0
17,596.39,529.79,102.32,5.44551,20,58.3,7.0,12.0
17,596.39,529.79,105.733,6.42742,20,58.3,7.0,14.0
17,596.39,529.79,110.101,7.22336,20,58.3,7.0,16.0
17,596.39,529.79,113.216,8.49582,20,58.3,7.0,18.0
17,596.39,529.79,114.829,9.44567,20,58.3,7.0,20.0
17,596.39,529.79,119.405,10.497,20,58.3,7.0,22.0
17,596.39,529.79,121.631,11.5614,20,58.3,7.0,24.0
17,596.39,529.79,118.64,12.6614,20,58.3,7.0,26.0
18,609.21,338.0,1.93366,1.58821,20,52.3,1.0,2.0
18,609.21,338.0,4.34005,1.76456,20,52.3,1.0,4.0
18,609.21,338.0,5.34398,2.23539,20,52.3,1.0,6.0
18,609.21,338.0,5.73977,2.73953,20,52.3,1.0,8.0
18,609.21,338.0,7.81288,3.28316,20,52.3,1.0,10.0
18,609.21,338.0,6.76276,3.83384,20,52.3,1.0,12.0
18,609.21,338.0,8.82368,4.95368,20,52.3,1.0,14.0
18,609.21,338.0,8.97131,5.4128,20,52.3,1.0,16.0
18,609.21,338.0,7.77545,5.86999,20,52.3,1.0,18.0
18,609.21,338.0,6.88674,6.53552,20,52.3,1.0,20.0
18,609.21,338.0,9.23007,7.10441,20,52.3,1.0,22.0
18,609.21,338.0,8.66937,8.50474,20,52.3,1.0,24.0
18,609.21,338.0,7.76748,9.0287,20,52.3,1.0,26.0
18,609.21,338.0,2.21058,1.68974,20,53.3,2.0,2.0
18,609.21,338.0,5.97564,1.89075,20,53.3,2.0,4.0
18,609.21,338.0,8.61441,2.42684,20,53.3,2.0,6.0
18,609.21,338.0,9.55132,3.02475,20,53.3,2.0,8.0
18,609.21,338.0,7.88385,3.62575,20,53.3,2.0,10.0
18,609.21,338.0,8.56007,4.25416,20,53.3,2.0,12.0
18,609.21,338.0,8.14664,5.55471,20,53.3,2.0,14.0
18,609.21,338.0,6.12895,6.02173,20,53.3,2.0,16.0
18,609.21,338.0,4.2279,6.50123,20,53.3,2.0,18.0
18,609.21,338.0,1.5883,7.20517,20,53.3,2.0,20.0
18,609.21,338.0,-1.86828,7.7357,20,53.3,2.0,22.0
18,609.21,338.0,-1.01063,9.03172,20,53.3,2.0,24.0
18,609.21,338.0,1.28256,9.52007,20,53.3,2.0,26.0
18,609.21,338.0,2.64197,1.75514,20,54.3,3.0,2.0
18,609.21,338.0,8.31823,2.00255,20,54.3,3.0,4.0
18,609.21,338.0,12.2172,2.51132,20,54.3,3.0,6.0
18,609.21,338.0,12.7233,3.17292,20,54.3,3.0,8.0
18,609.21,338.0,12.0003,3.92082,20,54.3,3.0,10.0
18,609.21,338.0,11.618,4.55565,20,54.3,3.0,12.0
18,609.21,338.0,10.5842,6.17206,20,54.3,3.0,14.0
18,609.21,338.0,7.99897,6.67684,20,54.3,3.0,16.0
18,609.21,338.0,5.86893,7.19612,20,54.3,3.0,18.0
18,609.21,338.0,4.66232,7.91874,20,54.3,3.0,20.0
18,609.21,338.0,4.22124,8.54414,20,54.3,3.0,22.0
18,609.21,338.0,3.38994,9.75622,20,54.3,3.0,24.0
18,609.21,338.0,0.453186,10.3419,20,54.3,3.0,26.0
18,609.21,338.0,4.99807,1.4582,20,55.3,4.0,2.0
18,609.21,338.0,12.9057,1.70028,20,55.3,4.0,4.0
18,609.21,338.0,17.7034,2.35983,20,55.3,4.0,6.0
18,609.21,338.0,21.936,2.99094,20,55.3,4.0,8.0
18,609.21,338.0,24.0417,3.81387,20,55.3,4.0,10.0
18,609.21,338.0,21.8994,4.47768,20,55.3,4.0,12.0
18,609.21,338.0,23.4675,5.85874,20,55.3,4.0,14.0
18,609.21,338.0,23.9278,6.43346,20,55.3,4.0,16.0
18,609.21,338.0,26.8212,7.00529,20,55.3,4.0,18.0
18,609.21,338.0,29.6327,7.82161,20,55.3,4.0,20.0
18,609.21,338.0,28.0803,8.44414,20,55.3,4.0,22.0
18,609.21,338.0,28.9942,9.68911,20,55.3,4.0,24.0
18,609.21,338.0,28.7007,10.3297,20,55.3,4.0,26.0
18,609.21,338.0,7.24213,1.73596,20,56.3,5.0,2.0
18,609.21,338.0,18.564,2.04767,20,56.3,5.0,4.0
18,609.21,338.0,26.6061,2.75054,20,56.3,5.0,6.0
18,609.21,338.0,34.3149,3.47602,20,56.3,5.0,8.0
18,609.21,338.0,39.0528,4.38024,20,56.3,5.0,10.0
18,609.21,338.0,40.8537,5.11101,20,56.3,5.0,12.0
18,609.21,338.0,42.1154,6.70819,20,56.3,5.0,14.0
18,609.21,338.0,43.5735,7.29831,20,56.3,5.0,16.0
18,609.21,338.0,45.4702,7.91075,20,56.3,5.0,18.0
18,609.21,338.0,46.6712,8.75873,20,56.3,5.0,20.0
18,609.21,338.0,50.9507,9.47596,20,56.3,5.0,22.0
18,609.21,338.0,55.1599,11.2311,20,56.3,5.0,24.0
18,609.21,338.0,50.629,11.8706,20,56.3,5.0,26.0
18,609.21,338.0,9.35572,1.82855,20,58.3,7.0,2.0
18,609.21,338.0,27.4015,2.15005,20,58.3,7.0,4.0
18,609.21,338.0,41.8914,3.03823,20,58.3,7.0,6.0
18,609.21,338.0,48.6162,3.8954,20,58.3,7.0,8.0
18,609.21,338.0,50.9552,4.97597,20,58.3,7.0,10.0
18,609.21,338.0,51.2868,5.80898,20,58.3,7.0,12.0
18,609.21,338.0,50.5693,7.73935,20,58.3,7.0,14.0
18,609.21,338.0,49.2222,8.41962,20,58.3,7.0,16.0
18,609.21,338.0,47.5051,9.11616,20,58.3,7.0,18.0
18,609.21,338.0,43.2164,10.2009,20,58.3,7.0,20.0
18,609.21,338.0,40.5443,11.0059,20,58.3,7.0,22.0
18,609.21,338.0,45.9252,13.3725,20,58.3,7.0,24.0
18,609.21,338.0,48.7837,14.0989,20,58.3,7.0,26.0
19,649.04,441.8,3.24066,0.665002,20,52.3,1.0,2.0
19,649.04,441.8,7.7795,1.22682,20,52.3,1.0,4.0
19,649.04,441.8,10.2452,1.75205,20,52.3,1.0,6.0
19,649.04,441.8,10.8541,2.30551,20,52.3,1.0,8.0
19,649.04,441.8,9.95686,3.06975,20,52.3,1.0,10.0
19,649.04,441.8,9.47896,3.63251,20,52.3,1.0,12.0
19,649.04,441.8,8.19267,4.16931,20,52.3,1.0,14.0
19,649.04,441.8,8.29864,4.73067,20,52.3,1.0,16.0
19,649.04,441.8,4.68859,5.33231,20,52.3,1.0,18.0
19,649.04,441.8,5.34773,5.93069,20,52.3,1.0,20.0
19,649.04,441.8,8.20781,6.81012,20,52.3,1.0,22.0
19,649.04,441.8,7.64522,7.53185,20,52.3,1.0,24.0
19,649.04,441.8,6.16902,8.10141,20,52.3,1.0,26.0
19,649.04,441.8,9.09974,0.757038,20,53.3,2.0,2.0
19,649.04,441.8,24.5301,1.3204,20,53.3,2.0,4.0
19,649.04,441.8,32.9834,1.85153,20,53.3,2.0,6.0
19,649.04,441.8,36.4372,2.45852,20,53.3,2.0,8.0
19,649.04,441.8,39.0067,3.29375,20,53.3,2.0,10.0
19,649.04,441.8,38.5984,3.93745,20,53.3,2.0,12.0
19,649.04,441.8,38.4169,4.62525,20,53.3,2.0,14.0
19,649.04,441.8,39.2577,5.20148,20,53.3,2.0,16.0
19,649.04,441.8,40.2502,5.82024,20,53.3,2.0,18.0
19,649.04,441.8,39.6436,6.44755,20,53.3,2.0,20.0
19,649.04,441.8,41.0625,7.36138,20,53.3,2.0,22.0
19,649.04,441.8,38.9588,8.13164,20,53.3,2.0,24.0
19,649.04,441.8,36.0506,8.71372,20,53.3,2.0,26.0
19,649.04,441.8,16.604,0.831625,20,54.3,3.0,2.0
19,649.04,441.8,39.8694,1.40724,20,54.3,3.0,4.0
19,649.04,441.8,57.7315,1.99301,20,54.3,3.0,6.0
19,649.04,441.8,66.1857,2.723,20,54.3,3.0,8.0
19,649.04,441.8,69.7016,3.58579,20,54.3,3.0,10.0
19,649.04,441.8,71.4898,4.28708,20,54.3,3.0,12.0
19,649.04,441.8,70.6802,5.03432,20,54.3,3.0,14.0
19,649.04,441.8,68.7318,5.69624,20,54.3,3.0,16.0
19,649.04,441.8,67.8825,6.41759,20,54.3,3.0,18.0
19,649.04,441.8,63.1302,7.07268,20,54.3,3.0,20.0
19,649.04,441.8,63.6707,8.19648,20,54.3,3.0,22.0
19,649.04,441.8,63.5085,9.03925,20,54.3,3.0,24.0
19,649.04,441.8,61.4312,9.65444,20,54.3,3.0,26.0
19,649.04,441.8,23.4162,0.863625,20,55.3,4.0,2.0
19,649.04,441.8,60.6044,1.46987,20,55.3,4.0,4.0
19,649.04,441.8,87.3167,2.05479,20,55.3,4.0,6.0
19,649.04,441.8,101.822,2.7055,20,55.3,4.0,8.0
19,649.04,441.8,109.648,3.64675,20,55.3,4.0,10.0
19,649.04,441.8,110.953,4.35548,20,55.3,4.0,12.0
19,649.04,441.8,114.408,5.02895,20,55.3,4.0,14.0
19,649.04,441.8,115.087,5.75402,20,55.3,4.0,16.0
19,649.04,441.8,115.926,6.40568,20,55.3,4.0,18.0
19,649.04,441.8,117.955,7.15061,20,55.3,4.0,20.0
19,649.04,441.8,118.867,8.2933,20,55.3,4.0,22.0
19,649.04,441.8,120.221,9.2065,20,55.3,4.0,24.0
19,649.04,441.8,122.095,9.88027,20,55.3,4.0,26.0
19,649.04,441.8,29.181,0.951754,20,56.3,5.0,2.0
19,649.04,441.8,76.4219,1.7561,20,56.3,5.0,4.0
19,649.04,441.8,112.092,2.49248,20,56.3,5.0,6.0
19,649.04,441.8,129.903,3.27556,20,56.3,5.0,8.0
19,649.04,441.8,138.394,4.27962,20,56.3,5.0,10.0
19,649.04,441.8,144.483,5.07564,20,56.3,5.0,12.0
19,649.04,441.8,148.241,5.84654,20,56.3,5.0,14.0
19,649.04,441.8,151.206,6.52345,20,56.3,5.0,16.0
19,649.04,441.8,150.82,7.36238,20,56.3,5.0,18.0
19,649.04,441.8,150.467,8.16943,20,56.3,5.0,20.0
19,649.04,441.8,148.778,9.37585,20,56.3,5.0,22.0
19,649.04,441.8,147.796,10.3272,20,56.3,5.0,24.0
19,649.04,441.8,145.684,11.0191,20,56.3,5.0,26.0
19,649.04,441.8,48.1159,1.31276,20,58.3,7.0,2.0
19,649.04,441.8,129.818,2.30984,20,58.3,7.0,4.0
19,649.04,441.8,194.013,3.05633,20,58.3,7.0,6.0
19,649.04,441.8,224.927,3.84483,20,58.3,7.0,8.0
19,649.04,441.8,241.961,4.88043,20,58.3,7.0,10.0
19,649.04,441.8,252.71,5.74807,20,58.3,7.0,12.0
19,649.04,441.8,262.705,6.61585,20,58.3,7.0,14.0
19,649.04,441.8,271.998,7.46258,20,58.3,7.0,16.0
19,649.04,441.8,273.008,8.46758,20,58.3,7.0,18.0
19,649.04,441.8,271.359,9.36454,20,58.3,7.0,20.0
19,649.04,441.8,270.199,10.7756,20,58.3,7.0,22.0
19,649.04,441.8,265.761,11.8071,20,58.3,7.0,24.0
19,649.04,441.8,258.882,12.6474,20,58.3,7.0,26.0
20,649.92,575.53,6.4487,0.590741,20,52.3,1.0,2.0
20,649.92,575.53,16.1028,1.34331,20,52.3,1.0,4.0
20,649.92,575.53,19.1172,1.8628,20,52.3,1.0,6.0
20,649.92,575.53,21.2571,2.37853,20,52.3,1.0,8.0
20,649.92,575.53,23.8934,3.07059,20,52.3,1.0,10.0
20,649.92,575.53,24.9528,3.68097,20,52.3,1.0,12.0
20,649.92,575.53,23.5797,4.1815,20,52.3,1.0,14.0
20,649.92,575.53,22.8232,4.73698,20,52.3,1.0,16.0
20,649.92,575.53,22.5711,5.26887,20,52.3,1.0,18.0
20,649.92,575.53,21.2261,5.92999,20,52.3,1.0,20.0
20,649.92,575.53,21.8971,6.47579,20,52.3,1.0,22.0
20,649.92,575.53,20.8791,7.1203,20,52.3,1.0,24.0
20,649.92,575.53,21.9353,7.60453,20,52.3,1.0,26.0
20,649.92,575.53,35.6332,0.706587,20,53.3,2.0,2.0
20,649.92,575.53,93.1895,1.49417,20,53.3,2.0,4.0
20,649.92,575.53,121.906,2.07567,20,53.3,2.0,6.0
20,649.92,575.53,136.463,2.58932,20,53.3,2.0,8.0
20,649.92,575.53,142.122,3.34506,20,53.3,2.0,10.0
20,649.92,575.53,144.57,3.97851,20,53.3,2.0,12.0
20,649.92,575.53,146.035,4.57733,20,53.3,2.0,14.0
20,649.92,575.53,146.82,5.13949,20,53.3,2.0,16.0
20,649.92,575.53,148.438,5.63277,20,53.3,2.0,18.0
20,649.92,575.53,149.907,6.28526,20,53.3,2.0,20.0
20,649.92,575.53,151.047,6.87157,20,53.3,2.0,22.0
20,649.92,575.53,148.803,7.5501,20,53.3,2.0,24.0
20,649.92,575.53,146.612,8.03263,20,53.3,2.0,26.0
20,649.92,575.53,93.7074,0.878164,20,54.3,3.0,2.0
20,649.92,575.53,256.66,1.69581,20,54.3,3.0,4.0
20,649.92,575.53,343.118,2.26727,20,54.3,3.0,6.0
20,649.92,575.53,387.078,2.81139,20,54.3,3.0,8.0
20,649.92,575.53,406.969,3.68711,20,54.3,3.0,10.0
20,649.92,575.53,416.793,4.36233,20,54.3,3.0,12.0
20,649.92,575.53,422.209,4.99283,20,54.3,3.0,14.0
20,649.92,575.53,426.601,5.58637,20,54.3,3.0,16.0
20,649.92,575.53,429.549,6.18518,20,54.3,3.0,18.0
20,649.92,575.53,432.036,6.87245,20,54.3,3.0,20.0
20,649.92,575.53,432.107,7.46253,20,54.3,3.0,22.0
20,649.92,575.53,431.456,8.24544,20,54.3,3.0,24.0
20,649.92,575.53,430.3,8.78206,20,54.3,3.0,26.0
20,649.92,575.53,176.392,1.06526,20,55.3,4.0,2.0
20,649.92,575.53,490.483,2.04145,20,55.3,4.0,4.0
20,649.92,575.53,661.626,2.69966,20,55.3,4.0,6.0
20,649.92,575.53,751.084,3.24835,20,55.3,4.0,8.0
20,649.92,575.53,790.25,4.10698,20,55.3,4.0,10.0
20,649.92,575.53,809.112,4.81541,20,55.3,4.0,12.0
20,649.92,575.53,821.107,5.43517,20,55.3,4.0,14.0
20,649.92,575.53,828.652,6.0516,20,55.3,4.0,16.0
20,649.92,575.53,838.379,6.65277,20,55.3,4.0,18.0
20,649.92,575.53,844.766,7.36315,20,55.3,4.0,20.0
20,649.92,575.53,850.595,7.99448,20,55.3,4.0,22.0
20,649.92,575.53,854.521,8.72678,20,55.3,4.0,24.0
20,649.92,575.53,859.47,9.2969,20,55.3,4.0,26.0
20,649.92,575.53,268.813,1.41879,20,56.3,5.0,2.0
20,649.92,575.53,787.582,2.68901,20,56.3,5.0,4.0
20,649.92,575.53,1082.39,3.41972,20,56.3,5.0,6.0
20,649.92,575.53,1239.91,3.99262,20,56.3,5.0,8.0
20,649.92,575.53,1314.34,4.82586,20,56.3,5.0,10.0
20,649.92,575.53,1359.25,5.55086,20,56.3,5.0,12.0
20,649.92,575.53,1391.16,6.16679,20,56.3,5.0,14.0
20,649.92,575.53,1421.17,6.82901,20,56.3,5.0,16.0
20,649.92,575.53,1441.42,7.47776,20,56.3,5.0,18.0
20,649.92,575.53,1456.94,8.22458,20,56.3,5.0,20.0
20,649.92,575.53,1469.98,8.94868,20,56.3,5.0,22.0
20,649.92,575.53,1476.69,9.76876,20,56.3,5.0,24.0
20,649.92,575.53,1485.2,10.3266,20,56.3,5.0,26.0
20,649.92,575.53,501.762,2.26567,20,58.3,7.0,2.0
20,649.92,575.53,1541.26,4.32854,20,58.3,7.0,4.0
20,649.92,575.53,2191.44,5.40745,20,58.3,7.0,6.0
20,649.92,575.53,2571.21,6.14064,20,58.3,7.0,8.0
20,649.92,575.53,2770.07,6.91154,20,58.3,7.0,10.0
20,649.92,575.53,2913.49,7.61212,20,58.3,7.0,12.0
20,649.92,575.53,3016.46,8.22952,20,58.3,7.0,14.0
20,649.92,575.53,3111.51,8.86793,20,58.3,7.0,16.0
20,649.92,575.53,3192.66,9.55854,20,58.3,7.0,18.0
20,649.92,575.53,3256.1,10.37,20,58.3,7.0,20.0
20,649.92,575.53,3306.41,11.2009,20,58.3,7.0,22.0
20,649.92,575.53,3342.07,12.1402,20,58.3,7.0,24.0
20,649.92,575.53,3371.41,12.8076,20,58.3,7.0,26.0
21,661.51,689.89,0.907555,0.518404,20,52.3,1.0,2.0
21,661.51,689.89,3.16787,1.39846,20,52.3,1.0,4.0
21,661.51,689.89,3.31925,2.11221,20,52.3,1.0,6.0
21,661.51,689.89,3.7368,2.51465,20,52.3,1.0,8.0
21,661.51,689.89,3.52456,3.05962,20,52.3,1.0,10.0
21,661.51,689.89,3.31887,3.92976,20,52.3,1.0,12.0
21,661.51,689.89,2.55331,4.50815,20,52.3,1.0,14.0
21,661.51,689.89,5.11852,5.0214,20,52.3,1.0,16.0
21,661.51,689.89,6.52429,5.66507,20,52.3,1.0,18.0
21,661.51,689.89,9.42826,6.37164,20,52.3,1.0,20.0
21,661.51,689.89,11.3884,6.98692,20,52.3,1.0,22.0
21,661.51,689.89,13.003,7.58551,20,52.3,1.0,24.0
21,661.51,689.89,14.6672,8.20085,20,52.3,1.0,26.0
21,661.51,689.89,2.60249,0.523196,20,53.3,2.0,2.0
21,661.51,689.89,8.35367,1.37104,20,53.3,2.0,4.0
21,661.51,689.89,12.8318,2.06802,20,53.3,2.0,6.0
21,661.51,689.89,15.2929,2.54246,20,53.3,2.0,8.0
21,661.51,689.89,15.2631,3.13152,20,53.3,2.0,10.0
21,661.51,689.89,16.0615,4.16361,20,53.3,2.0,12.0
21,661.51,689.89,17.9402,4.78755,20,53.3,2.0,14.0
21,661.51,689.89,20.7709,5.39553,20,53.3,2.0,16.0
21,661.51,689.89,22.0734,6.06679,20,53.3,2.0,18.0
21,661.51,689.89,24.913,6.76457,20,53.3,2.0,20.0
21,661.51,689.89,28.5545,7.45367,20,53.3,2.0,22.0
21,661.51,689.89,28.0858,8.09244,20,53.3,2.0,24.0
21,661.51,689.89,24.5705,8.79768,20,53.3,2.0,26.0
21,661.51,689.89,6.09494,0.580261,20,54.3,3.0,2.0
21,661.51,689.89,18.3696,1.6613,20,54.3,3.0,4.0
21,661.51,689.89,26.9789,2.31478,20,54.3,3.0,6.0
21,661.51,689.89,32.0841,2.78301,20,54.3,3.0,8.0
21,661.51,689.89,35.419,3.48805,20,54.3,3.0,10.0
21,661.51,689.89,37.598,4.49495,20,54.3,3.0,12.0
21,661.51,689.89,38.747,5.2099,20,54.3,3.0,14.0
21,661.51,689.89,38.1905,5.83172,20,54.3,3.0,16.0
21,661.51,689.89,37.8824,6.51518,20,54.3,3.0,18.0
21,661.51,689.89,33.1572,7.24524,20,54.3,3.0,20.0
21,661.51,689.89,32.9223,7.99147,20,54.3,3.0,22.0
21,661.51,689.89,34.326,8.72691,20,54.3,3.0,24.0
21,661.51,689.89,29.6911,9.48738,20,54.3,3.0,26.0
21,661.51,689.89,12.4722,0.680962,20,55.3,4.0,2.0
21,661.51,689.89,34.6938,1.58615,20,55.3,4.0,4.0
21,661.51,689.89,47.6039,2.24064,20,55.3,4.0,6.0
21,661.51,689.89,54.9738,2.77661,20,55.3,4.0,8.0
21,661.51,689.89,58.2708,3.48155,20,55.3,4.0,10.0
21,661.51,689.89,57.6417,4.68042,20,55.3,4.0,12.0
21,661.51,689.89,56.22,5.37208,20,55.3,4.0,14.0
21,661.51,689.89,54.9851,5.99354,20,55.3,4.0,16.0
21,661.51,689.89,57.0948,6.73804,20,55.3,4.0,18.0
21,661.51,689.89,57.9452,7.55281,20,55.3,4.0,20.0
21,661.51,689.89,58.7703,8.35599,20,55.3,4.0,22.0
21,661.51,689.89,60.2666,9.10279,20,55.3,4.0,24.0
21,661.51,689.89,59.8508,9.9449,20,55.3,4.0,26.0
21,661.51,689.89,18.0007,0.699129,20,56.3,5.0,2.0
21,661.51,689.89,52.9023,1.98027,20,56.3,5.0,4.0
21,661.51,689.89,77.891,2.77472,20,56.3,5.0,6.0
21,661.51,689.89,91.8014,3.40642,20,56.3,5.0,8.0
21,661.51,689.89,96.1611,4.13656,20,56.3,5.0,10.0
21,661.51,689.89,97.518,5.1848,20,56.3,5.0,12.0
21,661.51,689.89,96.5267,5.95293,20,56.3,5.0,14.0
21,661.51,689.89,98.5363,6.70948,20,56.3,5.0,16.0
21,661.51,689.89,94.6628,7.46067,20,56.3,5.0,18.0
21,661.51,689.89,96.6998,8.31357,20,56.3,5.0,20.0
21,661.51,689.89,97.4724,9.14736,20,56.3,5.0,22.0
21,661.51,689.89,96.1778,10.0017,20,56.3,5.0,24.0
21,661.51,689.89,97.0433,10.8688,20,56.3,5.0,26.0
21,661.51,689.89,37.5761,0.946818,20,58.3,7.0,2.0
21,661.51,689.89,115.042,2.41275,20,58.3,7.0,4.0
21,661.51,689.89,171.499,3.37053,20,58.3,7.0,6.0
21,661.51,689.89,205.38,4.00334,20,58.3,7.0,8.0
21,661.51,689.89,221.498,5.05376,20,58.3,7.0,10.0
21,661.51,689.89,228.521,6.48552,20,58.3,7.0,12.0
21,661.51,689.89,230.938,7.30514,20,58.3,7.0,14.0
21,661.51,689.89,231.526,8.21211,20,58.3,7.0,16.0
21,661.51,689.89,231.995,9.15624,20,58.3,7.0,18.0
21,661.51,689.89,234.354,10.2912,20,58.3,7.0,20.0
21,661.51,689.89,230.783,11.2556,20,58.3,7.0,22.0
21,661.51,689.89,228.295,12.1657,20,58.3,7.0,24.0
21,661.51,689.89,224.612,13.11,20,58.3,7.0,26.0
22,699.83,367.63,0.245069,1.02214,20,52.3,1.0,2.0
22,699.83,367.63,0.654807,1.49092,20,52.3,1.0,4.0
22,699.83,367.63,1.70448,2.03051,20,52.3,1.0,6.0
22,699.83,367.63,1.99644,2.64363,20,52.3,1.0,8.0
22,699.83,367.63,1.29313,3.27156,20,52.3,1.0,10.0
22,699.83,367.63,1.65058,3.84536,20,52.3,1.0,12.0
22,699.83,367.63,1.57191,4.4497,20,52.3,1.0,14.0
22,699.83,367.63,0.367609,5.02849,20,52.3,1.0,16.0
22,699.83,367.63,-2.07701,5.90114,20,52.3,1.0,18.0
22,699.83,367.63,-4.52152,6.43068,20,52.3,1.0,20.0
22,699.83,367.63,-3.66396,7.00446,20,52.3,1.0,22.0
22,699.83,367.63,-5.23454,8.01132,20,52.3,1.0,24.0
22,699.83,367.63,-7.50533,8.48539,20,52.3,1.0,26.0
22,699.83,367.63,0.916873,1.00604,20,53.3,2.0,2.0
22,699.83,367.63,2.64459,1.59691,20,53.3,2.0,4.0
22,699.83,367.63,4.42134,2.09974,20,53.3,2.0,6.0
22,699.83,367.63,6.16472,2.71276,20,53.3,2.0,8.0
22,699.83,367.63,4.4726,3.379,20,53.3,2.0,10.0
22,699.83,367.63,4.28967,3.99649,20,53.3,2.0,12.0
22,699.83,367.63,7.29086,4.62962,20,53.3,2.0,14.0
22,699.83,367.63,9.65155,5.22349,20,53.3,2.0,16.0
22,699.83,367.63,12.6281,6.12827,20,53.3,2.0,18.0
22,699.83,367.63,15.428,6.68158,20,53.3,2.0,20.0
22,699.83,367.63,17.9682,7.33031,20,53.3,2.0,22.0
22,699.83,367.63,15.4493,8.28407,20,53.3,2.0,24.0
22,699.83,367.63,13.5047,8.78363,20,53.3,2.0,26.0
22,699.83,367.63,2.67676,1.05174,20,54.3,3.0,2.0
22,699.83,367.63,7.26947,1.79925,20,54.3,3.0,4.0
22,699.83,367.63,10.3781,2.41866,20,54.3,3.0,6.0
22,699.83,367.63,11.835,3.18971,20,54.3,3.0,8.0
22,699.83,367.63,12.5527,3.81532,20,54.3,3.0,10.0
22,699.83,367.63,11.1513,4.51177,20,54.3,3.0,12.0
22,699.83,367.63,12.3206,5.1363,20,54.3,3.0,14.0
22,699.83,367.63,14.5313,5.76388,20,54.3,3.0,16.0
22,699.83,367.63,13.5662,6.7455,20,54.3,3.0,18.0
22,699.83,367.63,13.7918,7.31919,20,54.3,3.0,20.0
22,699.83,367.63,10.501,7.95085,20,54.3,3.0,22.0
22,699.83,367.63,8.86639,8.87315,20,54.3,3.0,24.0
22,699.83,367.63,8.0263,9.47146,20,54.3,3.0,26.0
22,699.83,367.63,4.57685,1.12337,20,55.3,4.0,2.0
22,699.83,367.63,11.9348,1.83042,20,55.3,4.0,4.0
22,699.83,367.63,18.8349,2.46709,20,55.3,4.0,6.0
22,699.83,367.63,23.2296,3.22684,20,55.3,4.0,8.0
22,699.83,367.63,24.9544,4.00688,20,55.3,4.0,10.0
22,699.83,367.63,23.9047,4.66777,20,55.3,4.0,12.0
22,699.83,367.63,23.4949,5.34321,20,55.3,4.0,14.0
22,699.83,367.63,22.8402,5.94698,20,55.3,4.0,16.0
22,699.83,367.63,25.4859,6.84572,20,55.3,4.0,18.0
22,699.83,367.63,24.0005,7.49046,20,55.3,4.0,20.0
22,699.83,367.63,22.4358,8.26366,20,55.3,4.0,22.0
22,699.83,367.63,22.046,9.36895,20,55.3,4.0,24.0
22,699.83,367.63,20.6503,9.90975,20,55.3,4.0,26.0
22,699.83,367.63,6.04342,1.38136,20,56.3,5.0,2.0
22,699.83,367.63,18.3665,2.04336,20,56.3,5.0,4.0
22,699.83,367.63,28.0184,2.75739,20,56.3,5.0,6.0
22,699.83,367.63,32.7918,3.59739,20,56.3,5.0,8.0
22,699.83,367.63,33.7491,4.39148,20,56.3,5.0,10.0
22,699.83,367.63,32.9802,5.22673,20,56.3,5.0,12.0
22,699.83,367.63,32.4837,5.92136,20,56.3,5.0,14.0
22,699.83,367.63,32.6051,6.67877,20,56.3,5.0,16.0
22,699.83,367.63,33.0739,7.78667,20,56.3,5.0,18.0
22,699.83,367.63,33.546,8.47052,20,56.3,5.0,20.0
22,699.83,367.63,30.4751,9.23272,20,56.3,5.0,22.0
22,699.83,367.63,30.1599,10.4274,20,56.3,5.0,24.0
22,699.83,367.63,30.7503,11.0846,20,56.3,5.0,26.0
22,699.83,367.63,11.6877,1.52122,20,58.3,7.0,2.0
22,699.83,367.63,34.0544,2.31076,20,58.3,7.0,4.0
22,699.83,367.63,53.8365,3.25873,20,58.3,7.0,6.0
22,699.83,367.63,66.2452,4.16696,20,58.3,7.0,8.0
22,699.83,367.63,71.8047,5.04781,20,58.3,7.0,10.0
22,699.83,367.63,73.9569,5.99993,20,58.3,7.0,12.0
22,699.83,367.63,74.7001,6.82922,20,58.3,7.0,14.0
22,699.83,367.63,74.7173,7.70322,20,58.3,7.0,16.0
22,699.83,367.63,70.2129,8.89239,20,58.3,7.0,18.0
22,699.83,367.63,68.0769,9.69803,20,58.3,7.0,20.0
22,699.83,367.63,66.4325,10.5624,20,58.3,7.0,22.0
22,699.83,367.63,62.1065,12.2515,20,58.3,7.0,24.0
22,699.83,367.63,56.6506,12.9367,20,58.3,7.0,26.0
23,808.25,588.03,5.52872,0.723082,20,52.3,1.0,2.0
23,808.25,588.03,14.0097,1.1399,20,52.3,1.0,4.0
23,808.25,588.03,19.2537,1.67848,20,52.3,1.0,6.0
23,808.25,588.03,21.4137,2.3261,20,52.3,1.0,8.0
23,808.25,588.03,22.481,2.91933,20,52.3,1.0,10.0
23,808.25,588.03,23.3199,3.55806,20,52.3,1.0,12.0
23,808.25,588.03,24.1858,4.21257,20,52.3,1.0,14.0
23,808.25,588.03,24.4527,4.73269,20,52.3,1.0,16.0
23,808.25,588.03,23.3279,5.30008,20,52.3,1.0,18.0
23,808.25,588.03,24.6278,5.89598,20,52.3,1.0,20.0
23,808.25,588.03,24.8069,6.56854,20,52.3,1.0,22.0
23,808.25,588.03,19.945,7.12562,20,52.3,1.0,24.0
23,808.25,588.03,17.9372,7.8657,20,52.3,1.0,26.0
23,808.25,588.03,19.7652,0.765466,20,53.3,2.0,2.0
23,808.25,588.03,50.9611,1.35018,20,53.3,2.0,4.0
23,808.25,588.03,70.8243,2.01593,20,53.3,2.0,6.0
23,808.25,588.03,79.2171,2.71156,20,53.3,2.0,8.0
23,808.25,588.03,84.3785,3.35177,20,53.3,2.0,10.0
23,808.25,588.03,86.2249,3.993,20,53.3,2.0,12.0
23,808.25,588.03,88.454,4.7393,20,53.3,2.0,14.0
23,808.25,588.03,87.5039,5.26179,20,53.3,2.0,16.0
23,808.25,588.03,84.735,5.87462,20,53.3,2.0,18.0
23,808.25,588.03,82.8751,6.54294,20,53.3,2.0,20.0
23,808.25,588.03,83.5137,7.28474,20,53.3,2.0,22.0
23,808.25,588.03,82.0409,7.92971,20,53.3,2.0,24.0
23,808.25,588.03,83.758,8.7172,20,53.3,2.0,26.0
23,808.25,588.03,39.6028,1.09269,20,54.3,3.0,2.0
23,808.25,588.03,102.494,1.72216,20,54.3,3.0,4.0
23,808.25,588.03,143.003,2.32165,20,54.3,3.0,6.0
23,808.25,588.03,160.139,3.02331,20,54.3,3.0,8.0
23,808.25,588.03,168.312,3.67056,20,54.3,3.0,10.0
23,808.25,588.03,175.07,4.34205,20,54.3,3.0,12.0
23,808.25,588.03,180.259,4.9755,20,54.3,3.0,14.0
23,808.25,588.03,182.495,5.56831,20,54.3,3.0,16.0
23,808.25,588.03,182.743,6.21659,20,54.3,3.0,18.0
23,808.25,588.03,181.05,6.98491,20,54.3,3.0,20.0
23,808.25,588.03,177.604,7.75859,20,54.3,3.0,22.0
23,808.25,588.03,179.29,8.44079,20,54.3,3.0,24.0
23,808.25,588.03,182.095,9.27609,20,54.3,3.0,26.0
23,808.25,588.03,56.5987,1.24982,20,55.3,4.0,2.0
23,808.25,588.03,158.12,1.99825,20,55.3,4.0,4.0
23,808.25,588.03,224.521,2.67853,20,55.3,4.0,6.0
23,808.25,588.03,252.735,3.36008,20,55.3,4.0,8.0
23,808.25,588.03,265.229,4.00225,20,55.3,4.0,10.0
23,808.25,588.03,273.962,4.65935,20,55.3,4.0,12.0
23,808.25,588.03,277.784,5.41694,20,55.3,4.0,14.0
23,808.25,588.03,279.659,6.02606,20,55.3,4.0,16.0
23,808.25,588.03,284.756,6.66482,20,55.3,4.0,18.0
23,808.25,588.03,284.988,7.42323,20,55.3,4.0,20.0
23,808.25,588.03,283.195,8.21148,20,55.3,4.0,22.0
23,808.25,588.03,280.9,8.93047,20,55.3,4.0,24.0
23,808.25,588.03,281.562,9.81342,20,55.3,4.0,26.0
23,808.25,588.03,80.6827,1.42723,20,56.3,5.0,2.0
23,808.25,588.03,226.221,2.40695,20,56.3,5.0,4.0
23,808.25,588.03,321.463,3.15345,20,56.3,5.0,6.0
23,808.25,588.03,363.339,3.94682,20,56.3,5.0,8.0
23,808.25,588.03,385.623,4.67146,20,56.3,5.0,10.0
23,808.25,588.03,400.647,5.39457,20,56.3,5.0,12.0
23,808.25,588.03,412.511,6.17755,20,56.3,5.0,14.0
23,808.25,588.03,419.603,6.79729,20,56.3,5.0,16.0
23,808.25,588.03,427.2,7.53968,20,56.3,5.0,18.0
23,808.25,588.03,433.39,8.27994,20,56.3,5.0,20.0
23,808.25,588.03,433.92,9.20383,20,56.3,5.0,22.0
23,808.25,588.03,434.08,9.94508,20,56.3,5.0,24.0
23,808.25,588.03,433.945,10.8718,20,56.3,5.0,26.0
23,808.25,588.03,129.987,2.60456,20,58.3,7.0,2.0
23,808.25,588.03,361.659,3.88016,20,58.3,7.0,4.0
23,808.25,588.03,521.157,4.66834,20,58.3,7.0,6.0
23,808.25,588.03,594.981,5.38263,20,58.3,7.0,8.0
23,808.25,588.03,646.703,6.16185,20,58.3,7.0,10.0
23,808.25,588.03,681.294,6.90913,20,58.3,7.0,12.0
23,808.25,588.03,702.583,7.73361,20,58.3,7.0,14.0
23,808.25,588.03,721.327,8.52633,20,58.3,7.0,16.0
23,808.25,588.03,742.296,9.29811,20,58.3,7.0,18.0
23,808.25,588.03,755.432,10.1836,20,58.3,7.0,20.0
23,808.25,588.03,766.418,11.1591,20,58.3,7.0,22.0
23,808.25,588.03,778.36,12.0458,20,58.3,7.0,24.0
23,808.25,588.03,789.925,13.145,20,58.3,7.0,26.0
24,815.4,315.87,0.829828,0.713863,20,52.3,1.0,2.0
24,815.4,315.87,2.35932,1.70587,20,52.3,1.0,4.0
24,815.4,315.87,3.26807,2.17321,20,52.3,1.0,6.0
24,815.4,315.87,2.58264,2.7231,20,52.3,1.0,8.0
24,815.4,315.87,0.515517,3.18885,20,52.3,1.0,10.0
24,815.4,315.87,0.170701,3.89316,20,52.3,1.0,12.0
24,815.4,315.87,1.50873,4.81596,20,52.3,1.0,14.0
24,815.4,315.87,1.64171,5.58852,20,52.3,1.0,16.0
24,815.4,315.87,0.302056,6.06387,20,52.3,1.0,18.0
24,815.4,315.87,-1.31685,6.51053,20,52.3,1.0,20.0
24,815.4,315.87,-2.80347,7.0607,20,52.3,1.0,22.0
24,815.4,315.87,-1.25227,7.75412,20,52.3,1.0,24.0
24,815.4,315.87,0.405532,8.4517,20,52.3,1.0,26.0
24,815.4,315.87,2.1836,0.677082,20,53.3,2.0,2.0
24,815.4,315.87,6.89868,1.60305,20,53.3,2.0,4.0
24,815.4,315.87,10.1042,2.07829,20,53.3,2.0,6.0
24,815.4,315.87,10.5174,2.66008,20,53.3,2.0,8.0
24,815.4,315.87,12.4632,3.20485,20,53.3,2.0,10.0
24,815.4,315.87,14.2832,4.12322,20,53.3,2.0,12.0
24,815.4,315.87,14.4962,4.99817,20,53.3,2.0,14.0
24,815.4,315.87,12.8902,5.75825,20,53.3,2.0,16.0
24,815.4,315.87,11.9054,6.31198,20,53.3,2.0,18.0
24,815.4,315.87,10.3117,6.82565,20,53.3,2.0,20.0
24,815.4,315.87,8.95645,7.39843,20,53.3,2.0,22.0
24,815.4,315.87,7.48743,8.20538,20,53.3,2.0,24.0
24,815.4,315.87,3.89691,8.97505,20,53.3,2.0,26.0
24,815.4,315.87,4.76916,0.726952,20,54.3,3.0,2.0
24,815.4,315.87,15.1536,1.88866,20,54.3,3.0,4.0
24,815.4,315.87,22.1123,2.35596,20,54.3,3.0,6.0
24,815.4,315.87,26.1843,2.97881,20,54.3,3.0,8.0
24,815.4,315.87,28.8632,3.50033,20,54.3,3.0,10.0
24,815.4,315.87,31.0473,4.35679,20,54.3,3.0,12.0
24,815.4,315.87,31.7435,5.36634,20,54.3,3.0,14.0
24,815.4,315.87,29.3355,6.2165,20,54.3,3.0,16.0
24,815.4,315.87,27.8699,6.81403,20,54.3,3.0,18.0
24,815.4,315.87,29.6844,7.37246,20,54.3,3.0,20.0
24,815.4,315.87,32.3051,7.98931,20,54.3,3.0,22.0
24,815.4,315.87,25.6742,8.86823,20,54.3,3.0,24.0
24,815.4,315.87,20.253,9.66552,20,54.3,3.0,26.0
24,815.4,315.87,8.29117,0.668824,20,55.3,4.0,2.0
24,815.4,315.87,25.2848,1.57251,20,55.3,4.0,4.0
24,815.4,315.87,37.3151,2.19115,20,55.3,4.0,6.0
24,815.4,315.87,42.4009,2.93411,20,55.3,4.0,8.0
24,815.4,315.87,43.7092,3.56278,20,55.3,4.0,10.0
24,815.4,315.87,40.3747,4.41271,20,55.3,4.0,12.0
24,815.4,315.87,40.0585,5.58221,20,55.3,4.0,14.0
24,815.4,315.87,41.1913,6.4467,20,55.3,4.0,16.0
24,815.4,315.87,38.4692,7.03787,20,55.3,4.0,18.0
24,815.4,315.87,35.2579,7.63249,20,55.3,4.0,20.0
24,815.4,315.87,31.7144,8.2385,20,55.3,4.0,22.0
24,815.4,315.87,32.058,9.08579,20,55.3,4.0,24.0
24,815.4,315.87,28.5586,9.94432,20,55.3,4.0,26.0
24,815.4,315.87,14.557,0.877585,20,56.3,5.0,2.0
24,815.4,315.87,42.0256,2.14326,20,56.3,5.0,4.0
24,815.4,315.87,59.46,2.74806,20,56.3,5.0,6.0
24,815.4,315.87,68.5126,3.45593,20,56.3,5.0,8.0
24,815.4,315.87,69.9894,4.07726,20,56.3,5.0,10.0
24,815.4,315.87,69.3632,4.97395,20,56.3,5.0,12.0
24,815.4,315.87,69.7253,6.11447,20,56.3,5.0,14.0
24,815.4,315.87,71.633,7.09245,20,56.3,5.0,16.0
24,815.4,315.87,71.3722,7.79684,20,56.3,5.0,18.0
24,815.4,315.87,67.0953,8.46765,20,56.3,5.0,20.0
24,815.4,315.87,64.9914,9.1412,20,56.3,5.0,22.0
24,815.4,315.87,61.8747,10.0739,20,56.3,5.0,24.0
24,815.4,315.87,59.0276,10.9562,20,56.3,5.0,26.0
24,815.4,315.87,23.2884,1.13785,20,58.3,7.0,2.0
24,815.4,315.87,75.6243,2.89303,20,58.3,7.0,4.0
24,815.4,315.87,114.768,3.62201,20,58.3,7.0,6.0
24,815.4,315.87,133.64,4.48468,20,58.3,7.0,8.0
24,815.4,315.87,140.844,5.15542,20,58.3,7.0,10.0
24,815.4,315.87,143.181,6.4609,20,58.3,7.0,12.0
24,815.4,315.87,143.552,7.6057,20,58.3,7.0,14.0
24,815.4,315.87,142.197,8.61284,20,58.3,7.0,16.0
24,815.4,315.87,138.447,9.35472,20,58.3,7.0,18.0
24,815.4,315.87,129.454,10.0815,20,58.3,7.0,20.0
24,815.4,315.87,123.097,10.8374,20,58.3,7.0,22.0
24,815.4,315.87,117.515,12.0804,20,58.3,7.0,24.0
24,815.4,315.87,109.27,13.1528,20,58.3,7.0,26.0
25,870.77,1007.93,1.78124,0.807653,20,52.3,1.0,2.0
25,870.77,1007.93,6.32598,1.36677,20,52.3,1.0,4.0
25,870.77,1007.93,9.55282,1.8103,20,52.3,1.0,6.0
25,870.77,1007.93,12.1783,2.35106,20,52.3,1.0,8.0
25,870.77,1007.93,12.5017,3.05437,20,52.3,1.0,10.0
25,870.77,1007.93,14.391,3.78483,20,52.3,1.0,12.0
25,870.77,1007.93,14.1003,4.43033,20,52.3,1.0,14.0
25,870.77,1007.93,14.9714,5.07474,20,52.3,1.0,16.0
25,870.77,1007.93,15.0109,5.6523,20,52.3,1.0,18.0
25,870.77,1007.93,15.0184,6.41267,20,52.3,1.0,20.0
25,870.77,1007.93,14.0764,7.03692,20,52.3,1.0,22.0
25,870.77,1007.93,14.5872,7.52444,20,52.3,1.0,24.0
25,870.77,1007.93,15.8811,8.09254,20,52.3,1.0,26.0
25,870.77,1007.93,6.36918,0.931632,20,53.3,2.0,2.0
25,870.77,1007.93,16.045,1.51105,20,53.3,2.0,4.0
25,870.77,1007.93,22.0953,2.02344,20,53.3,2.0,6.0
25,870.77,1007.93,25.3179,2.68105,20,53.3,2.0,8.0
25,870.77,1007.93,27.8415,3.34066,20,53.3,2.0,10.0
25,870.77,1007.93,26.5473,4.14516,20,53.3,2.0,12.0
25,870.77,1007.93,25.2707,4.80296,20,53.3,2.0,14.0
25,870.77,1007.93,26.0453,5.52358,20,53.3,2.0,16.0
25,870.77,1007.93,25.8014,6.10564,20,53.3,2.0,18.0
25,870.77,1007.93,26.7508,6.85056,20,53.3,2.0,20.0
25,870.77,1007.93,28.2324,7.4855,20,53.3,2.0,22.0
25,870.77,1007.93,27.5769,7.98626,20,53.3,2.0,24.0
25,870.77,1007.93,27.2863,8.5558,20,53.3,2.0,26.0
25,870.77,1007.93,11.7235,1.04763,20,54.3,3.0,2.0
25,870.77,1007.93,34.8772,1.63937,20,54.3,3.0,4.0
25,870.77,1007.93,48.0538,2.27701,20,54.3,3.0,6.0
25,870.77,1007.93,53.1233,2.90701,20,54.3,3.0,8.0
25,870.77,1007.93,53.4323,3.60491,20,54.3,3.0,10.0
25,870.77,1007.93,52.9611,4.55799,20,54.3,3.0,12.0
25,870.77,1007.93,51.9908,5.23902,20,54.3,3.0,14.0
25,870.77,1007.93,52.0729,5.90103,20,54.3,3.0,16.0
25,870.77,1007.93,49.1698,6.49515,20,54.3,3.0,18.0
25,870.77,1007.93,43.9928,7.33929,20,54.3,3.0,20.0
25,870.77,1007.93,41.9656,8.03682,20,54.3,3.0,22.0
25,870.77,1007.93,38.8949,8.57551,20,54.3,3.0,24.0
25,870.77,1007.93,38.1332,9.17066,20,54.3,3.0,26.0
25,870.77,1007.93,20.5124,1.10873,20,55.3,4.0,2.0
25,870.77,1007.93,56.7263,1.83096,20,55.3,4.0,4.0
25,870.77,1007.93,79.4465,2.36969,20,55.3,4.0,6.0
25,870.77,1007.93,86.9956,3.0376,20,55.3,4.0,8.0
25,870.77,1007.93,90.0162,3.73293,20,55.3,4.0,10.0
25,870.77,1007.93,90.9746,4.50409,20,55.3,4.0,12.0
25,870.77,1007.93,92.9653,5.26136,20,55.3,4.0,14.0
25,870.77,1007.93,92.9139,6.05526,20,55.3,4.0,16.0
25,870.77,1007.93,89.3692,6.75402,20,55.3,4.0,18.0
25,870.77,1007.93,86.6461,7.61796,20,55.3,4.0,20.0
25,870.77,1007.93,86.0958,8.34806,20,55.3,4.0,22.0
25,870.77,1007.93,84.4788,8.93429,20,55.3,4.0,24.0
25,870.77,1007.93,80.734,9.60311,20,55.3,4.0,26.0
25,870.77,1007.93,93.2062,6.51816,20,56.3,5.0,2.0
25,870.77,1007.93,262.107,9.53594,20,56.3,5.0,4.0
25,870.77,1007.93,365.15,10.2931,20,56.3,5.0,6.0
25,870.77,1007.93,415.229,10.6047,20,56.3,5.0,8.0
25,870.77,1007.93,435.355,10.9327,20,56.3,5.0,10.0
25,870.77,1007.93,444.173,11.273,20,56.3,5.0,12.0
25,870.77,1007.93,448.442,11.6827,20,56.3,5.0,14.0
25,870.77,1007.93,447.871,12.1019,20,56.3,5.0,16.0
25,870.77,1007.93,446.345,12.5243,20,56.3,5.0,18.0
25,870.77,1007.93,444.04,13.1185,20,56.3,5.0,20.0
25,870.77,1007.93,441.525,13.6499,20,56.3,5.0,22.0
25,870.77,1007.93,440.875,14.0969,20,56.3,5.0,24.0
25,870.77,1007.93,437.636,14.6342,20,56.3,5.0,26.0
25,870.77,1007.93,507.432,9.38235,20,58.3,7.0,2.0
25,870.77,1007.93,1470.62,14.2795,20,58.3,7.0,4.0
25,870.77,1007.93,2167.37,15.8551,20,58.3,7.0,6.0
25,870.77,1007.93,2522.89,16.3383,20,58.3,7.0,8.0
25,870.77,1007.93,2691.38,16.6927,20,58.3,7.0,10.0
25,870.77,1007.93,2785.13,17.1023,20,58.3,7.0,12.0
25,870.77,1007.93,2847.81,17.4718,20,58.3,7.0,14.0
25,870.77,1007.93,2893.58,17.9165,20,58.3,7.0,16.0
25,870.77,1007.93,2933.85,18.3227,20,58.3,7.0,18.0
25,870.77,1007.93,2964.74,18.8802,20,58.3,7.0,20.0
25,870.77,1007.93,2990.25,19.4233,20,58.3,7.0,22.0
25,870.77,1007.93,3012.74,19.8784,20,58.3,7.0,24.0
25,870.77,1007.93,3031.47,20.3921,20,58.3,7.0,26.0
26,908.95,732.16,4.89569,0.579996,20,52.3,1.0,2.0
26,908.95,732.16,12.4852,1.27366,20,52.3,1.0,4.0
26,908.95,732.16,16.4532,1.65478,20,52.3,1.0,6.0
26,908.95,732.16,19.0739,2.5425,20,52.3,1.0,8.0
26,908.95,732.16,20.8298,3.03015,20,52.3,1.0,10.0
26,908.95,732.16,21.8879,3.729,20,52.3,1.0,12.0
26,908.95,732.16,24.1324,4.49853,20,52.3,1.0,14.0
26,908.95,732.16,25.7131,5.24878,20,52.3,1.0,16.0
26,908.95,732.16,26.3511,5.84186,20,52.3,1.0,18.0
26,908.95,732.16,24.6936,6.49037,20,52.3,1.0,20.0
26,908.95,732.16,22.8764,7.05529,20,52.3,1.0,22.0
26,908.95,732.16,20.1667,7.66856,20,52.3,1.0,24.0
26,908.95,732.16,21.9058,8.34832,20,52.3,1.0,26.0
26,908.95,732.16,17.0581,0.678435,20,53.3,2.0,2.0
26,908.95,732.16,48.8846,1.473,20,53.3,2.0,4.0
26,908.95,732.16,67.5513,1.95631,20,53.3,2.0,6.0
26,908.95,732.16,74.7608,2.73609,20,53.3,2.0,8.0
26,908.95,732.16,76.9893,3.28634,20,53.3,2.0,10.0
26,908.95,732.16,79.669,3.97173,20,53.3,2.0,12.0
26,908.95,732.16,79.552,4.82666,20,53.3,2.0,14.0
26,908.95,732.16,78.0061,5.64733,20,53.3,2.0,16.0
26,908.95,732.16,77.6776,6.23587,20,53.3,2.0,18.0
26,908.95,732.16,77.9373,6.88533,20,53.3,2.0,20.0
26,908.95,732.16,77.4422,7.46412,20,53.3,2.0,22.0
26,908.95,732.16,80.3209,8.125,20,53.3,2.0,24.0
26,908.95,732.16,80.9705,8.87493,20,53.3,2.0,26.0
26,908.95,732.16,42.9846,0.818837,20,54.3,3.0,2.0
26,908.95,732.16,120.602,1.674,20,54.3,3.0,4.0
26,908.95,732.16,166.916,2.10856,20,54.3,3.0,6.0
26,908.95,732.16,188.24,3.00102,20,54.3,3.0,8.0
26,908.95,732.16,197.051,3.53038,20,54.3,3.0,10.0
26,908.95,732.16,201.94,4.31453,20,54.3,3.0,12.0
26,908.95,732.16,200.788,5.20909,20,54.3,3.0,14.0
26,908.95,732.16,202.755,6.07963,20,54.3,3.0,16.0
26,908.95,732.16,202.189,6.75617,20,54.3,3.0,18.0
26,908.95,732.16,201.684,7.43565,20,54.3,3.0,20.0
26,908.95,732.16,201.152,8.09172,20,54.3,3.0,22.0
26,908.95,732.16,196.991,8.74494,20,54.3,3.0,24.0
26,908.95,732.16,193.483,9.54192,20,54.3,3.0,26.0
26,908.95,732.16,75.5052,1.15179,20,55.3,4.0,2.0
26,908.95,732.16,210.146,1.98363,20,55.3,4.0,4.0
26,908.95,732.16,294.708,2.44372,20,55.3,4.0,6.0
26,908.95,732.16,335.316,3.27541,20,55.3,4.0,8.0
26,908.95,732.16,352.752,3.80482,20,55.3,4.0,10.0
26,908.95,732.16,363.619,4.56014,20,55.3,4.0,12.0
26,908.95,732.16,370.882,5.55144,20,55.3,4.0,14.0
26,908.95,732.16,372.638,6.44112,20,55.3,4.0,16.0
26,908.95,732.16,374.832,7.09143,20,55.3,4.0,18.0
26,908.95,732.16,377.652,7.92429,20,55.3,4.0,20.0
26,908.95,732.16,381.139,8.56952,20,55.3,4.0,22.0
26,908.95,732.16,383.274,9.24631,20,55.3,4.0,24.0
26,908.95,732.16,383.195,10.0592,20,55.3,4.0,26.0
26,908.95,732.16,118.326,1.49334,20,56.3,5.0,2.0
26,908.95,732.16,332.39,2.59193,20,56.3,5.0,4.0
26,908.95,732.16,472.411,3.07513,20,56.3,5.0,6.0
26,908.95,732.16,537.68,4.01312,20,56.3,5.0,8.0
26,908.95,732.16,569.381,4.60213,20,56.3,5.0,10.0
26,908.95,732.16,584.223,5.35344,20,56.3,5.0,12.0
26,908.95,732.16,593.954,6.42949,20,56.3,5.0,14.0
26,908.95,732.16,600.283,7.30652,20,56.3,5.0,16.0
26,908.95,732.16,606.385,8.12332,20,56.3,5.0,18.0
26,908.95,732.16,609.869,8.84721,20,56.3,5.0,20.0
26,908.95,732.16,611.67,9.51305,20,56.3,5.0,22.0
26,908.95,732.16,612.518,10.2781,20,56.3,5.0,24.0
26,908.95,732.16,617.048,11.1421,20,56.3,5.0,26.0
26,908.95,732.16,267.966,2.49619,20,58.3,7.0,2.0
26,908.95,732.16,780.336,4.12964,20,58.3,7.0,4.0
26,908.95,732.16,1138.35,4.9817,20,58.3,7.0,6.0
26,908.95,732.16,1323.97,5.86888,20,58.3,7.0,8.0
26,908.95,732.16,1420.09,6.39859,20,58.3,7.0,10.0
26,908.95,732.16,1479.65,7.14373,20,58.3,7.0,12.0
26,908.95,732.16,1519.13,8.18279,20,58.3,7.0,14.0
26,908.95,732.16,1548.48,9.31462,20,58.3,7.0,16.0
26,908.95,732.16,1574.66,10.0955,20,58.3,7.0,18.0
26,908.95,732.16,1597.97,10.9674,20,58.3,7.0,20.0
26,908.95,732.16,1616.41,11.7848,20,58.3,7.0,22.0
26,908.95,732.16,1627.0,12.6393,20,58.3,7.0,24.0
26,908.95,732.16,1633.56,13.7392,20,58.3,7.0,26.0
27,911.68,407.01,2.02714,0.520834,20,52.3,1.0,2.0
27,911.68,407.01,4.20219,1.01136,20,52.3,1.0,4.0
27,911.68,407.01,5.17672,1.48938,20,52.3,1.0,6.0
27,911.68,407.01,7.5095,2.03827,20,52.3,1.0,8.0
27,911.68,407.01,7.64775,2.5663,20,52.3,1.0,10.0
27,911.68,407.01,8.25971,3.19569,20,52.3,1.0,12.0
27,911.68,407.01,10.4758,3.95316,20,52.3,1.0,14.0
27,911.68,407.01,12.8476,4.48546,20,52.3,1.0,16.0
27,911.68,407.01,14.0585,5.19569,20,52.3,1.0,18.0
27,911.68,407.01,16.2003,5.75094,20,52.3,1.0,20.0
27,911.68,407.01,14.6356,6.5653,20,52.3,1.0,22.0
27,911.68,407.01,14.925,7.21681,20,52.3,1.0,24.0
27,911.68,407.01,15.1632,7.74372,20,52.3,1.0,26.0
27,911.68,407.01,19.7309,0.66867,20,53.3,2.0,2.0
27,911.68,407.01,48.3531,1.17677,20,53.3,2.0,4.0
27,911.68,407.01,66.1173,1.70366,20,53.3,2.0,6.0
27,911.68,407.01,76.6809,2.27693,20,53.3,2.0,8.0
27,911.68,407.01,81.9007,2.79176,20,53.3,2.0,10.0
27,911.68,407.01,80.5607,3.50281,20,53.3,2.0,12.0
27,911.68,407.01,78.2022,4.29957,20,53.3,2.0,14.0
27,911.68,407.01,76.8089,4.81211,20,53.3,2.0,16.0
27,911.68,407.01,76.8562,5.57131,20,53.3,2.0,18.0
27,911.68,407.01,78.8838,6.16777,20,53.3,2.0,20.0
27,911.68,407.01,84.3512,6.92227,20,53.3,2.0,22.0
27,911.68,407.01,81.994,7.69685,20,53.3,2.0,24.0
27,911.68,407.01,79.5299,8.24441,20,53.3,2.0,26.0
27,911.68,407.01,73.2241,0.826306,20,54.3,3.0,2.0
27,911.68,407.01,178.808,1.41838,20,54.3,3.0,4.0
27,911.68,407.01,250.43,2.02523,20,54.3,3.0,6.0
27,911.68,407.01,284.734,2.66396,20,54.3,3.0,8.0
27,911.68,407.01,301.126,3.19206,20,54.3,3.0,10.0
27,911.68,407.01,308.732,3.91904,20,54.3,3.0,12.0
27,911.68,407.01,316.738,4.78607,20,54.3,3.0,14.0
27,911.68,407.01,322.203,5.2984,20,54.3,3.0,16.0
27,911.68,407.01,325.447,6.00869,20,54.3,3.0,18.0
27,911.68,407.01,328.39,6.69239,20,54.3,3.0,20.0
27,911.68,407.01,329.51,7.63903,20,54.3,3.0,22.0
27,911.68,407.01,332.916,8.41743,20,54.3,3.0,24.0
27,911.68,407.01,331.678,9.0453,20,54.3,3.0,26.0
27,911.68,407.01,170.702,0.975905,20,55.3,4.0,2.0
27,911.68,407.01,440.773,1.7225,20,55.3,4.0,4.0
27,911.68,407.01,633.23,2.29474,20,55.3,4.0,6.0
27,911.68,407.01,726.536,2.95089,20,55.3,4.0,8.0
27,911.68,407.01,773.594,3.45522,20,55.3,4.0,10.0
27,911.68,407.01,797.725,4.13443,20,55.3,4.0,12.0
27,911.68,407.01,814.295,4.92631,20,55.3,4.0,14.0
27,911.68,407.01,827.883,5.46162,20,55.3,4.0,16.0
27,911.68,407.01,836.446,6.31392,20,55.3,4.0,18.0
27,911.68,407.01,846.062,6.95449,20,55.3,4.0,20.0
27,911.68,407.01,859.905,7.84322,20,55.3,4.0,22.0
27,911.68,407.01,867.413,8.61876,20,55.3,4.0,24.0
27,911.68,407.01,874.455,9.3325,20,55.3,4.0,26.0
27,911.68,407.01,311.315,1.45989,20,56.3,5.0,2.0
27,911.68,407.01,840.098,2.58813,20,56.3,5.0,4.0
27,911.68,407.01,1234.33,3.29598,20,56.3,5.0,6.0
27,911.68,407.01,1427.96,3.97323,20,56.3,5.0,8.0
27,911.68,407.01,1527.96,4.47761,20,56.3,5.0,10.0
27,911.68,407.01,1580.63,5.18631,20,56.3,5.0,12.0
27,911.68,407.01,1619.64,6.13519,20,56.3,5.0,14.0
27,911.68,407.01,1649.56,6.74099,20,56.3,5.0,16.0
27,911.68,407.01,1674.41,7.56259,20,56.3,5.0,18.0
27,911.68,407.01,1695.4,8.21742,20,56.3,5.0,20.0
27,911.68,407.01,1713.66,9.14869,20,56.3,5.0,22.0
27,911.68,407.01,1729.96,9.98041,20,56.3,5.0,24.0
27,911.68,407.01,1743.93,10.6536,20,56.3,5.0,26.0
27,911.68,407.01,711.608,3.25402,20,58.3,7.0,2.0
27,911.68,407.01,2026.74,5.19117,20,58.3,7.0,4.0
27,911.68,407.01,3098.14,6.41231,20,58.3,7.0,6.0
27,911.68,407.01,3685.5,7.27398,20,58.3,7.0,8.0
27,911.68,407.01,4016.95,7.78576,20,58.3,7.0,10.0
27,911.68,407.01,4213.05,8.44661,20,58.3,7.0,12.0
27,911.68,407.01,4364.13,9.27185,20,58.3,7.0,14.0
27,911.68,407.01,4478.95,9.79912,20,58.3,7.0,16.0
27,911.68,407.01,4575.91,10.6379,20,58.3,7.0,18.0
27,911.68,407.01,4660.72,11.2908,20,58.3,7.0,20.0
27,911.68,407.01,4743.2,12.3325,20,58.3,7.0,22.0
27,911.68,407.01,4818.23,13.1871,20,58.3,7.0,24.0
27,911.68,407.01,4870.91,13.9155,20,58.3,7.0,26.0
28,1005.03,122.89,1.53526,0.730139,20,52.3,1.0,2.0
28,1005.03,122.89,2.78671,1.15967,20,52.3,1.0,4.0
28,1005.03,122.89,2.96162,1.7498,20,52.3,1.0,6.0
28,1005.03,122.89,3.08902,2.31919,20,52.3,1.0,8.0
28,1005.03,122.89,1.68617,2.77499,20,52.3,1.0,10.0
28,1005.03,122.89,0.649223,3.37366,20,52.3,1.0,12.0
28,1005.03,122.89,-0.743257,3.99437,20,52.3,1.0,14.0
28,1005.03,122.89,-1.6964,4.68415,20,52.3,1.0,16.0
28,1005.03,122.89,-2.66221,5.42402,20,52.3,1.0,18.0
28,1005.03,122.89,-5.59723,5.99901,20,52.3,1.0,20.0
28,1005.03,122.89,-7.34569,6.5237,20,52.3,1.0,22.0
28,1005.03,122.89,-7.70382,7.1972,20,52.3,1.0,24.0
28,1005.03,122.89,-8.96063,7.79824,20,52.3,1.0,26.0
28,1005.03,122.89,2.83568,0.717676,20,53.3,2.0,2.0
28,1005.03,122.89,8.37738,1.26292,20,53.3,2.0,4.0
28,1005.03,122.89,10.6458,1.92129,20,53.3,2.0,6.0
28,1005.03,122.89,11.1801,2.70052,20,53.3,2.0,8.0
28,1005.03,122.89,12.8636,3.20215,20,53.3,2.0,10.0
28,1005.03,122.89,15.5633,3.82463,20,53.3,2.0,12.0
28,1005.03,122.89,12.1942,4.47239,20,53.3,2.0,14.0
28,1005.03,122.89,11.461,5.076,20,53.3,2.0,16.0
28,1005.03,122.89,10.3297,5.79813,20,53.3,2.0,18.0
28,1005.03,122.89,11.0892,6.46647,20,53.3,2.0,20.0
28,1005.03,122.89,13.4737,7.03294,20,53.3,2.0,22.0
28,1005.03,122.89,15.3751,7.68532,20,53.3,2.0,24.0
28,1005.03,122.89,12.8882,8.30567,20,53.3,2.0,26.0
28,1005.03,122.89,4.66304,0.792786,20,54.3,3.0,2.0
28,1005.03,122.89,13.067,1.28412,20,54.3,3.0,4.0
28,1005.03,122.89,16.6853,1.93772,20,54.3,3.0,6.0
28,1005.03,122.89,19.7655,2.70835,20,54.3,3.0,8.0
28,1005.03,122.89,20.8414,3.30207,20,54.3,3.0,10.0
28,1005.03,122.89,21.3902,4.01616,20,54.3,3.0,12.0
28,1005.03,122.89,21.9652,4.72588,20,54.3,3.0,14.0
28,1005.03,122.89,21.7841,5.38963,20,54.3,3.0,16.0
28,1005.03,122.89,20.4228,6.22184,20,54.3,3.0,18.0
28,1005.03,122.89,19.2658,6.96994,20,54.3,3.0,20.0
28,1005.03,122.89,17.2995,7.58479,20,54.3,3.0,22.0
28,1005.03,122.89,20.6145,8.35976,20,54.3,3.0,24.0
28,1005.03,122.89,21.5262,9.05795,20,54.3,3.0,26.0
28,1005.03,122.89,5.67523,0.826674,20,55.3,4.0,2.0
28,1005.03,122.89,19.1859,1.35522,20,55.3,4.0,4.0
28,1005.03,122.89,25.3329,2.04786,20,55.3,4.0,6.0
28,1005.03,122.89,29.1234,2.92992,20,55.3,4.0,8.0
28,1005.03,122.89,33.2382,3.51527,20,55.3,4.0,10.0
28,1005.03,122.89,37.9749,4.18216,20,55.3,4.0,12.0
28,1005.03,122.89,38.0794,4.90772,20,55.3,4.0,14.0
28,1005.03,122.89,37.3124,5.65738,20,55.3,4.0,16.0
28,1005.03,122.89,37.4466,6.50422,20,55.3,4.0,18.0
28,1005.03,122.89,35.1873,7.20354,20,55.3,4.0,20.0
28,1005.03,122.89,33.7493,7.85664,20,55.3,4.0,22.0
28,1005.03,122.89,34.2449,8.66019,20,55.3,4.0,24.0
28,1005.03,122.89,35.2905,9.39866,20,55.3,4.0,26.0
28,1005.03,122.89,8.29875,1.0271,20,56.3,5.0,2.0
28,1005.03,122.89,25.6008,1.57958,20,56.3,5.0,4.0
28,1005.03,122.89,37.4109,2.34277,20,56.3,5.0,6.0
28,1005.03,122.89,42.3023,3.28598,20,56.3,5.0,8.0
28,1005.03,122.89,45.2334,3.86406,20,56.3,5.0,10.0
28,1005.03,122.89,47.4579,4.63384,20,56.3,5.0,12.0
28,1005.03,122.89,50.6712,5.44418,20,56.3,5.0,14.0
28,1005.03,122.89,51.8904,6.26225,20,56.3,5.0,16.0
28,1005.03,122.89,52.1623,7.22053,20,56.3,5.0,18.0
28,1005.03,122.89,54.3833,8.01971,20,56.3,5.0,20.0
28,1005.03,122.89,50.7628,8.70499,20,56.3,5.0,22.0
28,1005.03,122.89,43.9744,9.62819,20,56.3,5.0,24.0
28,1005.03,122.89,41.5319,10.4012,20,56.3,5.0,26.0
28,1005.03,122.89,12.4401,1.19372,20,58.3,7.0,2.0
28,1005.03,122.89,39.5591,1.91764,20,58.3,7.0,4.0
28,1005.03,122.89,60.6605,2.80152,20,58.3,7.0,6.0
28,1005.03,122.89,68.3785,3.68627,20,58.3,7.0,8.0
28,1005.03,122.89,74.7083,4.41294,20,58.3,7.0,10.0
28,1005.03,122.89,78.4509,5.29808,20,58.3,7.0,12.0
28,1005.03,122.89,80.4078,6.25885,20,58.3,7.0,14.0
28,1005.03,122.89,82.686,7.29751,20,58.3,7.0,16.0
28,1005.03,122.89,83.3561,8.46958,20,58.3,7.0,18.0
28,1005.03,122.89,84.8045,9.37978,20,58.3,7.0,20.0
28,1005.03,122.89,84.6818,10.1905,20,58.3,7.0,22.0
28,1005.03,122.89,84.8684,11.2524,20,58.3,7.0,24.0
28,1005.03,122.89,86.4688,12.2611,20,58.3,7.0,26.0
29,1050.32,956.79,3.3595,1.15479,20,52.3,1.0,2.0
29,1050.32,956.79,11.7318,1.62052,20,52.3,1.0,4.0
29,1050.32,956.79,18.8339,2.37515,20,52.3,1.0,6.0
29,1050.32,956.79,22.1143,3.04734,20,52.3,1.0,8.0
29,1050.32,956.79,20.7358,3.60087,20,52.3,1.0,10.0
29,1050.32,956.79,19.1069,4.15643,20,52.3,1.0,12.0
29,1050.32,956.79,19.6092,4.66365,20,52.3,1.0,14.0
29,1050.32,956.79,19.5978,5.16447,20,52.3,1.0,16.0
29,1050.32,956.79,19.8342,7.54538,20,52.3,1.0,18.0
29,1050.32,956.79,19.9559,7.98293,20,52.3,1.0,20.0
29,1050.32,956.79,19.8733,8.48103,20,52.3,1.0,22.0
29,1050.32,956.79,19.1044,8.97743,20,52.3,1.0,24.0
29,1050.32,956.79,17.7826,9.46051,20,52.3,1.0,26.0
29,1050.32,956.79,12.6698,1.05906,20,53.3,2.0,2.0
29,1050.32,956.79,36.2881,1.56019,20,53.3,2.0,4.0
29,1050.32,956.79,51.5233,2.4566,20,53.3,2.0,6.0
29,1050.32,956.79,57.8956,3.22842,20,53.3,2.0,8.0
29,1050.32,956.79,58.5291,3.83954,20,53.3,2.0,10.0
29,1050.32,956.79,59.1278,4.43461,20,53.3,2.0,12.0
29,1050.32,956.79,60.1354,4.96595,20,53.3,2.0,14.0
29,1050.32,956.79,61.5205,5.53608,20,53.3,2.0,16.0
29,1050.32,956.79,62.3325,8.2133,20,53.3,2.0,18.0
29,1050.32,956.79,63.461,8.70474,20,53.3,2.0,20.0
29,1050.32,956.79,65.3305,9.23266,20,53.3,2.0,22.0
29,1050.32,956.79,67.146,9.76482,20,53.3,2.0,24.0
29,1050.32,956.79,67.5781,10.2899,20,53.3,2.0,26.0
29,1050.32,956.79,22.4134,1.12766,20,54.3,3.0,2.0
29,1050.32,956.79,65.8266,1.54025,20,54.3,3.0,4.0
29,1050.32,956.79,93.9621,2.54001,20,54.3,3.0,6.0
29,1050.32,956.79,108.857,3.44748,20,54.3,3.0,8.0
29,1050.32,956.79,114.099,4.18388,20,54.3,3.0,10.0
29,1050.32,956.79,116.568,4.7692,20,54.3,3.0,12.0
29,1050.32,956.79,119.523,5.46335,20,54.3,3.0,14.0
29,1050.32,956.79,119.485,6.04968,20,54.3,3.0,16.0
29,1050.32,956.79,119.674,8.7997,20,54.3,3.0,18.0
29,1050.32,956.79,119.603,9.36964,20,54.3,3.0,20.0
29,1050.32,956.79,119.889,9.93029,20,54.3,3.0,22.0
29,1050.32,956.79,120.076,10.5331,20,54.3,3.0,24.0
29,1050.32,956.79,119.924,11.1305,20,54.3,3.0,26.0
29,1050.32,956.79,35.3516,1.3471,20,55.3,4.0,2.0
29,1050.32,956.79,103.418,1.85768,20,55.3,4.0,4.0
29,1050.32,956.79,146.895,2.77246,20,55.3,4.0,6.0
29,1050.32,956.79,169.27,3.63919,20,55.3,4.0,8.0
29,1050.32,956.79,179.645,4.325,20,55.3,4.0,10.0
29,1050.32,956.79,184.392,5.04459,20,55.3,4.0,12.0
29,1050.32,956.79,184.82,5.66684,20,55.3,4.0,14.0
29,1050.32,956.79,185.555,6.28917,20,55.3,4.0,16.0
29,1050.32,956.79,184.232,9.73519,20,55.3,4.0,18.0
29,1050.32,956.79,186.016,10.2448,20,55.3,4.0,20.0
29,1050.32,956.79,184.151,10.7763,20,55.3,4.0,22.0
29,1050.32,956.79,183.027,11.4114,20,55.3,4.0,24.0
29,1050.32,956.79,182.14,11.9785,20,55.3,4.0,26.0
29,1050.32,956.79,48.9888,1.34839,20,56.3,5.0,2.0
29,1050.32,956.79,145.36,1.94386,20,56.3,5.0,4.0
29,1050.32,956.79,206.909,3.02007,20,56.3,5.0,6.0
29,1050.32,956.79,235.378,3.95743,20,56.3,5.0,8.0
29,1050.32,956.79,249.671,4.72447,20,56.3,5.0,10.0
29,1050.32,956.79,252.219,5.42809,20,56.3,5.0,12.0
29,1050.32,956.79,253.795,6.06035,20,56.3,5.0,14.0
29,1050.32,956.79,252.342,6.75071,20,56.3,5.0,16.0
29,1050.32,956.79,251.292,10.2461,20,56.3,5.0,18.0
29,1050.32,956.79,248.41,10.8534,20,56.3,5.0,20.0
29,1050.32,956.79,245.452,11.4471,20,56.3,5.0,22.0
29,1050.32,956.79,241.377,12.0658,20,56.3,5.0,24.0
29,1050.32,956.79,233.69,12.7019,20,56.3,5.0,26.0
29,1050.32,956.79,80.0941,1.98521,20,58.3,7.0,2.0
29,1050.32,956.79,242.147,2.84043,20,58.3,7.0,4.0
29,1050.32,956.79,357.489,4.02444,20,58.3,7.0,6.0
29,1050.32,956.79,418.203,5.18318,20,58.3,7.0,8.0
29,1050.32,956.79,447.322,6.06676,20,58.3,7.0,10.0
29,1050.32,956.79,464.589,6.84593,20,58.3,7.0,12.0
29,1050.32,956.79,474.003,7.58704,20,58.3,7.0,14.0
29,1050.32,956.79,479.589,8.39437,20,58.3,7.0,16.0
29,1050.32,956.79,484.522,11.2762,20,58.3,7.0,18.0
29,1050.32,956.79,483.614,12.0331,20,58.3,7.0,20.0
29,1050.32,956.79,480.119,12.7563,20,58.3,7.0,22.0
29,1050.32,956.79,475.594,13.6225,20,58.3,7.0,24.0
29,1050.32,956.79,471.836,14.4004,20,58.3,7.0,26.0
30,1052.81,803.87,0.931759,0.552538,20,52.3,1.0,2.0
30,1052.81,803.87,2.55697,1.04521,20,52.3,1.0,4.0
30,1052.81,803.87,2.70656,2.48898,20,52.3,1.0,6.0
30,1052.81,803.87,2.5011,2.96914,20,52.3,1.0,8.0
30,1052.81,803.87,5.03721,3.5985,20,52.3,1.0,10.0
30,1052.81,803.87,4.969,4.16836,20,52.3,1.0,12.0
30,1052.81,803.87,6.15834,4.68753,20,52.3,1.0,14.0
30,1052.81,803.87,8.34023,5.18055,20,52.3,1.0,16.0
30,1052.81,803.87,8.24163,5.72277,20,52.3,1.0,18.0
30,1052.81,803.87,8.68547,6.33337,20,52.3,1.0,20.0
30,1052.81,803.87,9.69879,6.86186,20,52.3,1.0,22.0
30,1052.81,803.87,10.6136,7.45481,20,52.3,1.0,24.0
30,1052.81,803.87,11.2768,8.10584,20,52.3,1.0,26.0
30,1052.81,803.87,3.05889,0.609776,20,53.3,2.0,2.0
30,1052.81,803.87,8.19911,1.09541,20,53.3,2.0,4.0
30,1052.81,803.87,8.74588,2.37952,20,53.3,2.0,6.0
30,1052.81,803.87,7.39561,3.08326,20,53.3,2.0,8.0
30,1052.81,803.87,7.48417,3.85596,20,53.3,2.0,10.0
30,1052.81,803.87,6.57812,4.5226,20,53.3,2.0,12.0
30,1052.81,803.87,5.15737,5.21573,20,53.3,2.0,14.0
30,1052.81,803.87,2.89445,5.71486,20,53.3,2.0,16.0
30,1052.81,803.87,2.77026,6.26745,20,53.3,2.0,18.0
30,1052.81,803.87,-0.824827,6.92299,20,53.3,2.0,20.0
30,1052.81,803.87,-2.11608,7.48073,20,53.3,2.0,22.0
30,1052.81,803.87,-2.99128,8.17772,20,53.3,2.0,24.0
30,1052.81,803.87,-2.58869,8.8612,20,53.3,2.0,26.0
30,1052.81,803.87,6.62518,0.610494,20,54.3,3.0,2.0
30,1052.81,803.87,16.6358,1.16314,20,54.3,3.0,4.0
30,1052.81,803.87,22.0663,2.73118,20,54.3,3.0,6.0
30,1052.81,803.87,24.8742,3.38817,20,54.3,3.0,8.0
30,1052.81,803.87,24.1168,4.21949,20,54.3,3.0,10.0
30,1052.81,803.87,22.3186,4.91367,20,54.3,3.0,12.0
30,1052.81,803.87,23.8084,5.5677,20,54.3,3.0,14.0
30,1052.81,803.87,22.9141,6.14662,20,54.3,3.0,16.0
30,1052.81,803.87,25.9746,6.73553,20,54.3,3.0,18.0
30,1052.81,803.87,22.807,7.48335,20,54.3,3.0,20.0
30,1052.81,803.87,19.0118,8.08449,20,54.3,3.0,22.0
30,1052.81,803.87,17.7697,8.80974,20,54.3,3.0,24.0
30,1052.81,803.87,15.4576,9.59529,20,54.3,3.0,26.0
30,1052.81,803.87,9.51703,0.648099,20,55.3,4.0,2.0
30,1052.81,803.87,27.2426,1.19558,20,55.3,4.0,4.0
30,1052.81,803.87,41.0241,2.84915,20,55.3,4.0,6.0
30,1052.81,803.87,46.252,3.47869,20,55.3,4.0,8.0
30,1052.81,803.87,45.9073,4.30537,20,55.3,4.0,10.0
30,1052.81,803.87,45.0708,4.98379,20,55.3,4.0,12.0
30,1052.81,803.87,45.1319,5.70583,20,55.3,4.0,14.0
30,1052.81,803.87,40.2597,6.2755,20,55.3,4.0,16.0
30,1052.81,803.87,38.3297,6.9431,20,55.3,4.0,18.0
30,1052.81,803.87,33.1233,7.69337,20,55.3,4.0,20.0
30,1052.81,803.87,28.6295,8.33765,20,55.3,4.0,22.0
30,1052.81,803.87,23.3295,9.13849,20,55.3,4.0,24.0
30,1052.81,803.87,26.1304,9.98592,20,55.3,4.0,26.0
30,1052.81,803.87,15.9949,0.773312,20,56.3,5.0,2.0
30,1052.81,803.87,43.7196,1.32638,20,56.3,5.0,4.0
30,1052.81,803.87,63.009,2.97688,20,56.3,5.0,6.0
30,1052.81,803.87,71.5236,3.70379,20,56.3,5.0,8.0
30,1052.81,803.87,73.1443,4.57518,20,56.3,5.0,10.0
30,1052.81,803.87,72.2738,5.40204,20,56.3,5.0,12.0
30,1052.81,803.87,72.6957,6.25478,20,56.3,5.0,14.0
30,1052.81,803.87,72.3429,6.91195,20,56.3,5.0,16.0
30,1052.81,803.87,70.3069,7.5981,20,56.3,5.0,18.0
30,1052.81,803.87,72.4025,8.52743,20,56.3,5.0,20.0
30,1052.81,803.87,69.5519,9.15046,20,56.3,5.0,22.0
30,1052.81,803.87,65.415,10.0031,20,56.3,5.0,24.0
30,1052.81,803.87,62.1882,10.7969,20,56.3,5.0,26.0
30,1052.81,803.87,27.2951,0.955434,20,58.3,7.0,2.0
30,1052.81,803.87,81.8841,1.70976,20,58.3,7.0,4.0
30,1052.81,803.87,124.28,3.70108,20,58.3,7.0,6.0
30,1052.81,803.87,147.595,4.57868,20,58.3,7.0,8.0
30,1052.81,803.87,157.884,5.59269,20,58.3,7.0,10.0
30,1052.81,803.87,161.602,6.48648,20,58.3,7.0,12.0
30,1052.81,803.87,159.41,7.438,20,58.3,7.0,14.0
30,1052.81,803.87,158.212,8.15843,20,58.3,7.0,16.0
30,1052.81,803.87,152.164,8.99203,20,58.3,7.0,18.0
30,1052.81,803.87,149.59,9.9566,20,58.3,7.0,20.0
30,1052.81,803.87,147.5,10.7086,20,58.3,7.0,22.0
30,1052.81,803.87,135.635,11.728,20,58.3,7.0,24.0
30,1052.81,803.87,125.677,12.678,20,58.3,7.0,26.0
31,1066.74,233.99,0.0596139,0.564232,20,52.3,1.0,2.0
31,1066.74,233.99,0.35267,1.00082,20,52.3,1.0,4.0
31,1066.74,233.99,1.03277,1.78878,20,52.3,1.0,6.0
31,1066.74,233.99,0.857965,2.34303,20,52.3,1.0,8.0
31,1066.74,233.99,1.36147,2.82962,20,52.3,1.0,10.0
31,1066.74,233.99,-0.250886,3.40438,20,52.3,1.0,12.0
31,1066.74,233.99,-0.815671,3.96053,20,52.3,1.0,14.0
31,1066.74,233.99,-1.89827,4.62359,20,52.3,1.0,16.0
31,1066.74,233.99,-2.69323,5.15988,20,52.3,1.0,18.0
31,1066.74,233.99,-3.89695,5.8132,20,52.3,1.0,20.0
31,1066.74,233.99,-2.57717,6.4674,20,52.3,1.0,22.0
31,1066.74,233.99,-3.84212,7.16579,20,52.3,1.0,24.0
31,1066.74,233.99,-5.77319,7.73282,20,52.3,1.0,26.0
31,1066.74,233.99,1.50922,0.516586,20,53.3,2.0,2.0
31,1066.74,233.99,3.76239,0.906633,20,53.3,2.0,4.0
31,1066.74,233.99,5.65466,1.86403,20,53.3,2.0,6.0
31,1066.74,233.99,6.87251,2.38023,20,53.3,2.0,8.0
31,1066.74,233.99,8.0648,2.94634,20,53.3,2.0,10.0
31,1066.74,233.99,6.67485,3.61334,20,53.3,2.0,12.0
31,1066.74,233.99,5.13478,4.18208,20,53.3,2.0,14.0
31,1066.74,233.99,2.60834,4.95686,20,53.3,2.0,16.0
31,1066.74,233.99,2.45471,5.53941,20,53.3,2.0,18.0
31,1066.74,233.99,0.489107,6.27289,20,53.3,2.0,20.0
31,1066.74,233.99,1.29484,6.97668,20,53.3,2.0,22.0
31,1066.74,233.99,0.0910621,7.72939,20,53.3,2.0,24.0
31,1066.74,233.99,-0.231695,8.34741,20,53.3,2.0,26.0
31,1066.74,233.99,1.95971,0.615068,20,54.3,3.0,2.0
31,1066.74,233.99,5.85982,1.14934,20,54.3,3.0,4.0
31,1066.74,233.99,7.6434,2.08316,20,54.3,3.0,6.0
31,1066.74,233.99,9.15181,2.69189,20,54.3,3.0,8.0
31,1066.74,233.99,10.16,3.25174,20,54.3,3.0,10.0
31,1066.74,233.99,9.68323,3.91156,20,54.3,3.0,12.0
31,1066.74,233.99,8.41697,4.54135,20,54.3,3.0,14.0
31,1066.74,233.99,8.43598,5.30728,20,54.3,3.0,16.0
31,1066.74,233.99,6.62223,5.87861,20,54.3,3.0,18.0
31,1066.74,233.99,4.32704,6.63636,20,54.3,3.0,20.0
31,1066.74,233.99,-1.2135,7.43286,20,54.3,3.0,22.0
31,1066.74,233.99,-5.12315,8.25536,20,54.3,3.0,24.0
31,1066.74,233.99,-8.58518,8.92237,20,54.3,3.0,26.0
31,1066.74,233.99,5.20479,0.784526,20,55.3,4.0,2.0
31,1066.74,233.99,13.356,1.19661,20,55.3,4.0,4.0
31,1066.74,233.99,19.9678,2.21887,20,55.3,4.0,6.0
31,1066.74,233.99,24.0227,2.86278,20,55.3,4.0,8.0
31,1066.74,233.99,25.346,3.47842,20,55.3,4.0,10.0
31,1066.74,233.99,25.4071,4.23992,20,55.3,4.0,12.0
31,1066.74,233.99,28.5409,4.90406,20,55.3,4.0,14.0
31,1066.74,233.99,28.3428,5.73063,20,55.3,4.0,16.0
31,1066.74,233.99,27.561,6.32341,20,55.3,4.0,18.0
31,1066.74,233.99,22.8681,7.14704,20,55.3,4.0,20.0
31,1066.74,233.99,17.1357,7.94326,20,55.3,4.0,22.0
31,1066.74,233.99,14.2367,8.77992,20,55.3,4.0,24.0
31,1066.74,233.99,16.0958,9.39771,20,55.3,4.0,26.0
31,1066.74,233.99,7.06701,0.701853,20,56.3,5.0,2.0
31,1066.74,233.99,18.6519,1.24672,20,56.3,5.0,4.0
31,1066.74,233.99,28.4789,2.32987,20,56.3,5.0,6.0
31,1066.74,233.99,30.8127,3.02402,20,56.3,5.0,8.0
31,1066.74,233.99,29.1681,3.74581,20,56.3,5.0,10.0
31,1066.74,233.99,27.6266,4.48929,20,56.3,5.0,12.0
31,1066.74,233.99,26.768,5.15274,20,56.3,5.0,14.0
31,1066.74,233.99,23.8148,6.08862,20,56.3,5.0,16.0
31,1066.74,233.99,19.7956,6.75393,20,56.3,5.0,18.0
31,1066.74,233.99,17.9896,7.56017,20,56.3,5.0,20.0
31,1066.74,233.99,13.8362,8.38475,20,56.3,5.0,22.0
31,1066.74,233.99,11.404,9.31536,20,56.3,5.0,24.0
31,1066.74,233.99,10.9038,10.0455,20,56.3,5.0,26.0
31,1066.74,233.99,12.6352,0.891032,20,58.3,7.0,2.0
31,1066.74,233.99,34.5757,1.51807,20,58.3,7.0,4.0
31,1066.74,233.99,54.1674,2.84257,20,58.3,7.0,6.0
31,1066.74,233.99,61.8407,3.61155,20,58.3,7.0,8.0
31,1066.74,233.99,63.5315,4.44319,20,58.3,7.0,10.0
31,1066.74,233.99,61.8836,5.36303,20,58.3,7.0,12.0
31,1066.74,233.99,58.7287,6.14695,20,58.3,7.0,14.0
31,1066.74,233.99,54.5006,7.18279,20,58.3,7.0,16.0
31,1066.74,233.99,48.388,7.96512,20,58.3,7.0,18.0
31,1066.74,233.99,42.8755,8.88444,20,58.3,7.0,20.0
31,1066.74,233.99,36.5283,9.85102,20,58.3,7.0,22.0
31,1066.74,233.99,32.1945,10.9573,20,58.3,7.0,24.0
31,1066.74,233.99,27.2201,11.8294,20,58.3,7.0,26.0
32,1089.65,687.12,1.65943,0.505203,20,52.3,1.0,2.0
32,1089.65,687.12,3.7524,1.03243,20,52.3,1.0,4.0
32,1089.65,687.12,5.25244,1.57682,20,52.3,1.0,6.0
32,1089.65,687.12,5.9645,2.06577,20,52.3,1.0,8.0
32,1089.65,687.12,6.9387,2.75919,20,52.3,1.0,10.0
32,1089.65,687.12,8.97713,10.3658,20,52.3,1.0,12.0
32,1089.65,687.12,9.45101,10.5957,20,52.3,1.0,14.0
32,1089.65,687.12,8.172,10.8946,20,52.3,1.0,16.0
32,1089.65,687.12,8.18398,11.1722,20,52.3,1.0,18.0
32,1089.65,687.12,8.03271,11.428,20,52.3,1.0,20.0
32,1089.65,687.12,6.15837,11.7419,20,52.3,1.0,22.0
32,1089.65,687.12,4.42136,12.575,20,52.3,1.0,24.0
32,1089.65,687.12,5.57642,12.9685,20,52.3,1.0,26.0
32,1089.65,687.12,4.00514,0.557602,20,53.3,2.0,2.0
32,1089.65,687.12,9.88159,1.13098,20,53.3,2.0,4.0
32,1089.65,687.12,14.7946,1.75481,20,53.3,2.0,6.0
32,1089.65,687.12,16.2942,2.25554,20,53.3,2.0,8.0
32,1089.65,687.12,16.2748,2.95265,20,53.3,2.0,10.0
32,1089.65,687.12,16.9058,10.2006,20,53.3,2.0,12.0
32,1089.65,687.12,15.8905,10.4289,20,53.3,2.0,14.0
32,1089.65,687.12,14.0911,10.772,20,53.3,2.0,16.0
32,1089.65,687.12,12.7623,11.1011,20,53.3,2.0,18.0
32,1089.65,687.12,12.8814,11.362,20,53.3,2.0,20.0
32,1089.65,687.12,13.9834,11.7067,20,53.3,2.0,22.0
32,1089.65,687.12,12.8861,12.9808,20,53.3,2.0,24.0
32,1089.65,687.12,12.66,13.3785,20,53.3,2.0,26.0
32,1089.65,687.12,8.35406,0.49915,20,54.3,3.0,2.0
32,1089.65,687.12,19.6399,1.11981,20,54.3,3.0,4.0
32,1089.65,687.12,27.4027,1.84251,20,54.3,3.0,6.0
32,1089.65,687.12,32.8025,2.42141,20,54.3,3.0,8.0
32,1089.65,687.12,35.0542,3.1962,20,54.3,3.0,10.0
32,1089.65,687.12,36.6916,10.4813,20,54.3,3.0,12.0
32,1089.65,687.12,34.3906,10.8059,20,54.3,3.0,14.0
32,1089.65,687.12,32.3796,11.2367,20,54.3,3.0,16.0
32,1089.65,687.12,34.6753,11.5863,20,54.3,3.0,18.0
32,1089.65,687.12,34.799,11.9177,20,54.3,3.0,20.0
32,1089.65,687.12,32.2976,12.3145,20,54.3,3.0,22.0
32,1089.65,687.12,27.7405,13.7463,20,54.3,3.0,24.0
32,1089.65,687.12,25.7523,14.2089,20,54.3,3.0,26.0
32,1089.65,687.12,13.9602,0.687407,20,55.3,4.0,2.0
32,1089.65,687.12,35.2213,1.33471,20,55.3,4.0,4.0
32,1089.65,687.12,51.2452,1.96554,20,55.3,4.0,6.0
32,1089.65,687.12,59.706,2.56189,20,55.3,4.0,8.0
32,1089.65,687.12,63.0105,3.37315,20,55.3,4.0,10.0
32,1089.65,687.12,64.0205,9.41322,20,55.3,4.0,12.0
32,1089.65,687.12,65.7049,9.76417,20,55.3,4.0,14.0
32,1089.65,687.12,63.0257,10.1863,20,55.3,4.0,16.0
32,1089.65,687.12,62.1947,10.573,20,55.3,4.0,18.0
32,1089.65,687.12,62.4873,10.9446,20,55.3,4.0,20.0
32,1089.65,687.12,65.1513,11.3781,20,55.3,4.0,22.0
32,1089.65,687.12,67.2973,12.8502,20,55.3,4.0,24.0
32,1089.65,687.12,63.9302,13.3875,20,55.3,4.0,26.0
32,1089.65,687.12,20.3268,0.758234,20,56.3,5.0,2.0
32,1089.65,687.12,55.0928,1.40172,20,56.3,5.0,4.0
32,1089.65,687.12,80.2999,2.13217,20,56.3,5.0,6.0
32,1089.65,687.12,93.6113,2.80076,20,56.3,5.0,8.0
32,1089.65,687.12,98.7562,3.57835,20,56.3,5.0,10.0
32,1089.65,687.12,99.5763,12.9406,20,56.3,5.0,12.0
32,1089.65,687.12,100.864,13.2583,20,56.3,5.0,14.0
32,1089.65,687.12,104.318,13.6776,20,56.3,5.0,16.0
32,1089.65,687.12,102.818,14.0588,20,56.3,5.0,18.0
32,1089.65,687.12,104.87,14.3666,20,56.3,5.0,20.0
32,1089.65,687.12,105.545,14.7792,20,56.3,5.0,22.0
32,1089.65,687.12,103.218,16.2258,20,56.3,5.0,24.0
32,1089.65,687.12,100.48,16.6862,20,56.3,5.0,26.0
32,1089.65,687.12,44.5519,1.01955,20,58.3,7.0,2.0
32,1089.65,687.12,118.671,1.82292,20,58.3,7.0,4.0
32,1089.65,687.12,182.521,2.77101,20,58.3,7.0,6.0
32,1089.65,687.12,222.574,3.5509,20,58.3,7.0,8.0
32,1089.65,687.12,245.34,4.40724,20,58.3,7.0,10.0
32,1089.65,687.12,254.703,13.937,20,58.3,7.0,12.0
32,1089.65,687.12,258.211,14.3336,20,58.3,7.0,14.0
32,1089.65,687.12,260.38,14.8597,20,58.3,7.0,16.0
32,1089.65,687.12,259.641,15.3752,20,58.3,7.0,18.0
32,1089.65,687.12,257.291,15.7837,20,58.3,7.0,20.0
32,1089.65,687.12,256.493,16.2986,20,58.3,7.0,22.0
32,1089.65,687.12,258.145,18.6382,20,58.3,7.0,24.0
32,1089.65,687.12,259.65,19.3057,20,58.3,7.0,26.0
33,1089.72,909.52,2.65474,0.661476,20,52.3,1.0,2.0
33,1089.72,909.52,7.64966,1.19661,20,52.3,1.0,4.0
33,1089.72,909.52,10.4728,1.81671,20,52.3,1.0,6.0
33,1089.72,909.52,12.0665,2.52899,20,52.3,1.0,8.0
33,1089.72,909.52,12.7255,3.03624,20,52.3,1.0,10.0
33,1089.72,909.52,12.5175,3.5267,20,52.3,1.0,12.0
33,1089.72,909.52,13.3781,4.09,20,52.3,1.0,14.0
33,1089.72,909.52,14.8848,4.70998,20,52.3,1.0,16.0
33,1089.72,909.52,17.102,5.3098,20,52.3,1.0,18.0
33,1089.72,909.52,17.8526,5.96438,20,52.3,1.0,20.0
33,1089.72,909.52,20.2961,6.55116,20,52.3,1.0,22.0
33,1089.72,909.52,19.2448,7.15462,20,52.3,1.0,24.0
33,1089.72,909.52,18.8102,8.06988,20,52.3,1.0,26.0
33,1089.72,909.52,8.10165,0.70008,20,53.3,2.0,2.0
33,1089.72,909.52,26.4244,1.34247,20,53.3,2.0,4.0
33,1089.72,909.52,34.9424,2.08956,20,53.3,2.0,6.0
33,1089.72,909.52,39.8853,2.77777,20,53.3,2.0,8.0
33,1089.72,909.52,39.8962,3.26004,20,53.3,2.0,10.0
33,1089.72,909.52,40.8231,3.75984,20,53.3,2.0,12.0
33,1089.72,909.52,40.9088,4.42951,20,53.3,2.0,14.0
33,1089.72,909.52,39.7802,5.10076,20,53.3,2.0,16.0
33,1089.72,909.52,41.6119,5.72277,20,53.3,2.0,18.0
33,1089.72,909.52,44.1698,6.35024,20,53.3,2.0,20.0
33,1089.72,909.52,47.3004,6.99736,20,53.3,2.0,22.0
33,1089.72,909.52,46.7962,7.60504,20,53.3,2.0,24.0
33,1089.72,909.52,45.6976,8.61913,20,53.3,2.0,26.0
33,1089.72,909.52,14.2387,0.821158,20,54.3,3.0,2.0
33,1089.72,909.52,46.0347,1.39735,20,54.3,3.0,4.0
33,1089.72,909.52,61.527,2.09023,20,54.3,3.0,6.0
33,1089.72,909.52,70.4858,2.97114,20,54.3,3.0,8.0
33,1089.72,909.52,72.7449,3.52292,20,54.3,3.0,10.0
33,1089.72,909.52,73.6071,4.1429,20,54.3,3.0,12.0
33,1089.72,909.52,74.1245,4.81038,20,54.3,3.0,14.0
33,1089.72,909.52,74.7805,5.5386,20,54.3,3.0,16.0
33,1089.72,909.52,76.7797,6.1822,20,54.3,3.0,18.0
33,1089.72,909.52,76.2538,6.8874,20,54.3,3.0,20.0
33,1089.72,909.52,75.8951,7.54416,20,54.3,3.0,22.0
33,1089.72,909.52,72.8841,8.21275,20,54.3,3.0,24.0
33,1089.72,909.52,73.1358,9.25645,20,54.3,3.0,26.0
33,1089.72,909.52,18.6701,0.885269,20,55.3,4.0,2.0
33,1089.72,909.52,60.986,1.49557,20,55.3,4.0,4.0
33,1089.72,909.52,82.2466,2.21582,20,55.3,4.0,6.0
33,1089.72,909.52,91.7375,3.13765,20,55.3,4.0,8.0
33,1089.72,909.52,93.9434,3.71166,20,55.3,4.0,10.0
33,1089.72,909.52,95.7975,4.33324,20,55.3,4.0,12.0
33,1089.72,909.52,93.656,5.03485,20,55.3,4.0,14.0
33,1089.72,909.52,94.9012,5.7964,20,55.3,4.0,16.0
33,1089.72,909.52,95.28,6.49016,20,55.3,4.0,18.0
33,1089.72,909.52,93.3393,7.25165,20,55.3,4.0,20.0
33,1089.72,909.52,95.2557,7.93574,20,55.3,4.0,22.0
33,1089.72,909.52,96.1413,8.62507,20,55.3,4.0,24.0
33,1089.72,909.52,96.5544,9.68067,20,55.3,4.0,26.0
33,1089.72,909.52,23.8884,0.897407,20,56.3,5.0,2.0
33,1089.72,909.52,81.2338,1.74978,20,56.3,5.0,4.0
33,1089.72,909.52,111.779,2.51668,20,56.3,5.0,6.0
33,1089.72,909.52,128.834,3.52149,20,56.3,5.0,8.0
33,1089.72,909.52,136.108,4.09446,20,56.3,5.0,10.0
33,1089.72,909.52,137.74,4.76613,20,56.3,5.0,12.0
33,1089.72,909.52,136.459,5.57473,20,56.3,5.0,14.0
33,1089.72,909.52,136.237,6.37599,20,56.3,5.0,16.0
33,1089.72,909.52,134.176,7.11479,20,56.3,5.0,18.0
33,1089.72,909.52,132.551,7.9192,20,56.3,5.0,20.0
33,1089.72,909.52,130.919,8.6913,20,56.3,5.0,22.0
33,1089.72,909.52,128.293,9.47147,20,56.3,5.0,24.0
33,1089.72,909.52,129.393,10.9137,20,56.3,5.0,26.0
33,1089.72,909.52,37.7218,1.33531,20,58.3,7.0,2.0
33,1089.72,909.52,122.636,2.28018,20,58.3,7.0,4.0
33,1089.72,909.52,179.555,3.20121,20,58.3,7.0,6.0
33,1089.72,909.52,211.33,4.37703,20,58.3,7.0,8.0
33,1089.72,909.52,227.757,5.03362,20,58.3,7.0,10.0
33,1089.72,909.52,235.924,5.76147,20,58.3,7.0,12.0
33,1089.72,909.52,240.064,6.61883,20,58.3,7.0,14.0
33,1089.72,909.52,239.242,7.61165,20,58.3,7.0,16.0
33,1089.72,909.52,234.906,8.54699,20,58.3,7.0,18.0
33,1089.72,909.52,234.235,9.5489,20,58.3,7.0,20.0
33,1089.72,909.52,236.849,10.347,20,58.3,7.0,22.0
33,1089.72,909.52,235.382,11.2213,20,58.3,7.0,24.0
33,1089.72,909.52,233.761,12.4559,20,58.3,7.0,26.0
34,1148.49,428.11,1.73208,0.458509,20,52.3,1.0,2.0
34,1148.49,428.11,5.68544,1.19385,20,52.3,1.0,4.0
34,1148.49,428.11,7.18588,1.65105,20,52.3,1.0,6.0
34,1148.49,428.11,8.48209,2.17547,20,52.3,1.0,8.0
34,1148.49,428.11,9.15412,2.9019,20,52.3,1.0,10.0
34,1148.49,428.11,11.0629,3.66394,20,52.3,1.0,12.0
34,1148.49,428.11,9.57957,4.24968,20,52.3,1.0,14.0
34,1148.49,428.11,8.17741,4.85883,20,52.3,1.0,16.0
34,1148.49,428.11,5.73327,5.41444,20,52.3,1.0,18.0
34,1148.49,428.11,5.32734,6.02114,20,52.3,1.0,20.0
34,1148.49,428.11,3.45636,6.73339,20,52.3,1.0,22.0
34,1148.49,428.11,0.763382,7.62462,20,52.3,1.0,24.0
34,1148.49,428.11,2.46246,8.25465,20,52.3,1.0,26.0
34,1148.49,428.11,4.54702,0.563428,20,53.3,2.0,2.0
34,1148.49,428.11,14.6671,1.32483,20,53.3,2.0,4.0
34,1148.49,428.11,19.7546,1.84563,20,53.3,2.0,6.0
34,1148.49,428.11,21.7585,2.40212,20,53.3,2.0,8.0
34,1148.49,428.11,22.7018,3.31455,20,53.3,2.0,10.0
34,1148.49,428.11,22.899,4.16458,20,53.3,2.0,12.0
34,1148.49,428.11,23.4057,4.65113,20,53.3,2.0,14.0
34,1148.49,428.11,21.8272,5.24343,20,53.3,2.0,16.0
34,1148.49,428.11,24.263,5.7783,20,53.3,2.0,18.0
34,1148.49,428.11,24.0538,6.41684,20,53.3,2.0,20.0
34,1148.49,428.11,23.034,7.16873,20,53.3,2.0,22.0
34,1148.49,428.11,27.6036,8.08022,20,53.3,2.0,24.0
34,1148.49,428.11,30.9123,8.82662,20,53.3,2.0,26.0
34,1148.49,428.11,7.96511,0.613098,20,54.3,3.0,2.0
34,1148.49,428.11,24.2861,1.41515,20,54.3,3.0,4.0
34,1148.49,428.11,32.457,1.98789,20,54.3,3.0,6.0
34,1148.49,428.11,37.2672,2.56984,20,54.3,3.0,8.0
34,1148.49,428.11,37.2909,3.40567,20,54.3,3.0,10.0
34,1148.49,428.11,35.4874,4.37135,20,54.3,3.0,12.0
34,1148.49,428.11,36.0718,4.93215,20,54.3,3.0,14.0
34,1148.49,428.11,37.6446,5.52751,20,54.3,3.0,16.0
34,1148.49,428.11,38.3883,6.16694,20,54.3,3.0,18.0
34,1148.49,428.11,41.5189,6.8878,20,54.3,3.0,20.0
34,1148.49,428.11,41.9994,7.70314,20,54.3,3.0,22.0
34,1148.49,428.11,39.4944,8.60682,20,54.3,3.0,24.0
34,1148.49,428.11,37.5819,9.35368,20,54.3,3.0,26.0
34,1148.49,428.11,9.52726,0.672687,20,55.3,4.0,2.0
34,1148.49,428.11,30.0815,1.60633,20,55.3,4.0,4.0
34,1148.49,428.11,43.7916,2.15661,20,55.3,4.0,6.0
34,1148.49,428.11,50.0036,2.78258,20,55.3,4.0,8.0
34,1148.49,428.11,55.3815,3.66812,20,55.3,4.0,10.0
34,1148.49,428.11,55.5768,4.59099,20,55.3,4.0,12.0
34,1148.49,428.11,56.3944,5.17763,20,55.3,4.0,14.0
34,1148.49,428.11,58.1146,5.7994,20,55.3,4.0,16.0
34,1148.49,428.11,61.3774,6.4705,20,55.3,4.0,18.0
34,1148.49,428.11,62.3346,7.23888,20,55.3,4.0,20.0
34,1148.49,428.11,61.1658,8.0841,20,55.3,4.0,22.0
34,1148.49,428.11,59.0889,9.01857,20,55.3,4.0,24.0
34,1148.49,428.11,58.7375,9.88832,20,55.3,4.0,26.0
34,1148.49,428.11,12.8293,0.70859,20,56.3,5.0,2.0
34,1148.49,428.11,40.5444,1.53849,20,56.3,5.0,4.0
34,1148.49,428.11,57.9487,2.20193,20,56.3,5.0,6.0
34,1148.49,428.11,66.9453,2.89605,20,56.3,5.0,8.0
34,1148.49,428.11,70.7918,4.21638,20,56.3,5.0,10.0
34,1148.49,428.11,74.2492,5.25138,20,56.3,5.0,12.0
34,1148.49,428.11,76.6502,5.92016,20,56.3,5.0,14.0
34,1148.49,428.11,78.3509,6.55825,20,56.3,5.0,16.0
34,1148.49,428.11,81.2987,7.24872,20,56.3,5.0,18.0
34,1148.49,428.11,80.706,8.02717,20,56.3,5.0,20.0
34,1148.49,428.11,82.9497,8.9591,20,56.3,5.0,22.0
34,1148.49,428.11,82.3817,10.0749,20,56.3,5.0,24.0
34,1148.49,428.11,78.4052,11.0484,20,56.3,5.0,26.0
34,1148.49,428.11,17.5798,0.838614,20,58.3,7.0,2.0
34,1148.49,428.11,54.3681,1.95258,20,58.3,7.0,4.0
34,1148.49,428.11,81.093,2.68238,20,58.3,7.0,6.0
34,1148.49,428.11,96.975,3.48167,20,58.3,7.0,8.0
34,1148.49,428.11,108.29,4.86407,20,58.3,7.0,10.0
34,1148.49,428.11,111.07,6.01497,20,58.3,7.0,12.0
34,1148.49,428.11,113.926,6.80092,20,58.3,7.0,14.0
34,1148.49,428.11,113.971,7.65339,20,58.3,7.0,16.0
34,1148.49,428.11,112.366,8.4248,20,58.3,7.0,18.0
34,1148.49,428.11,111.285,9.38328,20,58.3,7.0,20.0
34,1148.49,428.11,109.17,10.4783,20,58.3,7.0,22.0
34,1148.49,428.11,108.668,11.8587,20,58.3,7.0,24.0
34,1148.49,428.11,104.563,12.8705,20,58.3,7.0,26.0
35,1168.1,238.79,56.1302,0.482238,20,52.3,1.0,2.0
35,1168.1,238.79,152.761,1.1785,20,52.3,1.0,4.0
35,1168.1,238.79,205.832,1.70342,20,52.3,1.0,6.0
35,1168.1,238.79,231.752,2.3089,20,52.3,1.0,8.0
35,1168.1,238.79,240.836,3.25829,20,52.3,1.0,10.0
35,1168.1,238.79,244.922,3.84415,20,52.3,1.0,12.0
35,1168.1,238.79,246.703,4.39099,20,52.3,1.0,14.0
35,1168.1,238.79,247.167,5.01378,20,52.3,1.0,16.0
35,1168.1,238.79,248.394,5.52281,20,52.3,1.0,18.0
35,1168.1,238.79,249.517,9.85119,20,52.3,1.0,20.0
35,1168.1,238.79,249.276,10.2328,20,52.3,1.0,22.0
35,1168.1,238.79,248.472,10.7678,20,52.3,1.0,24.0
35,1168.1,238.79,247.484,11.1321,20,52.3,1.0,26.0
35,1168.1,238.79,162.826,0.625343,20,53.3,2.0,2.0
35,1168.1,238.79,454.938,1.4064,20,53.3,2.0,4.0
35,1168.1,238.79,616.366,1.98835,20,53.3,2.0,6.0
35,1168.1,238.79,689.241,2.58436,20,53.3,2.0,8.0
35,1168.1,238.79,717.374,3.47469,20,53.3,2.0,10.0
35,1168.1,238.79,732.054,4.0387,20,53.3,2.0,12.0
35,1168.1,238.79,738.804,4.65899,20,53.3,2.0,14.0
35,1168.1,238.79,746.617,5.41508,20,53.3,2.0,16.0
35,1168.1,238.79,749.667,5.92501,20,53.3,2.0,18.0
35,1168.1,238.79,751.973,10.3533,20,53.3,2.0,20.0
35,1168.1,238.79,753.206,10.7975,20,53.3,2.0,22.0
35,1168.1,238.79,756.99,11.3249,20,53.3,2.0,24.0
35,1168.1,238.79,759.938,11.7486,20,53.3,2.0,26.0
35,1168.1,238.79,290.856,0.980011,20,54.3,3.0,2.0
35,1168.1,238.79,832.287,1.96797,20,54.3,3.0,4.0
35,1168.1,238.79,1158.07,2.55991,20,54.3,3.0,6.0
35,1168.1,238.79,1310.26,3.1182,20,54.3,3.0,8.0
35,1168.1,238.79,1370.28,4.07235,20,54.3,3.0,10.0
35,1168.1,238.79,1400.93,4.60971,20,54.3,3.0,12.0
35,1168.1,238.79,1415.21,5.25991,20,54.3,3.0,14.0
35,1168.1,238.79,1430.16,6.10712,20,54.3,3.0,16.0
35,1168.1,238.79,1437.99,6.60236,20,54.3,3.0,18.0
35,1168.1,238.79,1441.26,11.4188,20,54.3,3.0,20.0
35,1168.1,238.79,1446.32,11.831,20,54.3,3.0,22.0
35,1168.1,238.79,1447.9,12.3887,20,54.3,3.0,24.0
35,1168.1,238.79,1449.16,12.8295,20,54.3,3.0,26.0
35,1168.1,238.79,432.327,1.19113,20,55.3,4.0,2.0
35,1168.1,238.79,1247.32,2.2819,20,55.3,4.0,4.0
35,1168.1,238.79,1781.44,3.00814,20,55.3,4.0,6.0
35,1168.1,238.79,2033.0,3.61715,20,55.3,4.0,8.0
35,1168.1,238.79,2146.12,4.57746,20,55.3,4.0,10.0
35,1168.1,238.79,2197.37,5.20227,20,55.3,4.0,12.0
35,1168.1,238.79,2227.57,5.83665,20,55.3,4.0,14.0
35,1168.1,238.79,2246.7,6.56805,20,55.3,4.0,16.0
35,1168.1,238.79,2261.31,7.14831,20,55.3,4.0,18.0
35,1168.1,238.79,2273.29,12.3953,20,55.3,4.0,20.0
35,1168.1,238.79,2284.97,12.8432,20,55.3,4.0,22.0
35,1168.1,238.79,2295.4,13.4849,20,55.3,4.0,24.0
35,1168.1,238.79,2302.6,13.96,20,55.3,4.0,26.0
35,1168.1,238.79,581.725,1.68735,20,56.3,5.0,2.0
35,1168.1,238.79,1696.0,3.04237,20,56.3,5.0,4.0
35,1168.1,238.79,2470.07,3.97826,20,56.3,5.0,6.0
35,1168.1,238.79,2856.97,4.62316,20,56.3,5.0,8.0
35,1168.1,238.79,3033.79,5.58828,20,56.3,5.0,10.0
35,1168.1,238.79,3123.48,6.14038,20,56.3,5.0,12.0
35,1168.1,238.79,3170.73,6.82653,20,56.3,5.0,14.0
35,1168.1,238.79,3202.18,7.59812,20,56.3,5.0,16.0
35,1168.1,238.79,3226.42,8.13764,20,56.3,5.0,18.0
35,1168.1,238.79,3248.86,13.3917,20,56.3,5.0,20.0
35,1168.1,238.79,3266.26,13.8912,20,56.3,5.0,22.0
35,1168.1,238.79,3283.01,14.5085,20,56.3,5.0,24.0
35,1168.1,238.79,3292.52,15.0257,20,56.3,5.0,26.0
35,1168.1,238.79,908.765,2.8667,20,58.3,7.0,2.0
35,1168.1,238.79,2700.51,5.35521,20,58.3,7.0,4.0
35,1168.1,238.79,4081.63,6.81545,20,58.3,7.0,6.0
35,1168.1,238.79,4849.2,7.63542,20,58.3,7.0,8.0
35,1168.1,238.79,5265.17,8.59943,20,58.3,7.0,10.0
35,1168.1,238.79,5497.44,9.17958,20,58.3,7.0,12.0
35,1168.1,238.79,5638.99,9.83667,20,58.3,7.0,14.0
35,1168.1,238.79,5741.78,10.6333,20,58.3,7.0,16.0
35,1168.1,238.79,5815.71,11.2402,20,58.3,7.0,18.0
35,1168.1,238.79,5876.99,16.2767,20,58.3,7.0,20.0
35,1168.1,238.79,5933.98,16.8126,20,58.3,7.0,22.0
35,1168.1,238.79,5983.71,17.6517,20,58.3,7.0,24.0
35,1168.1,238.79,6029.02,18.2413,20,58.3,7.0,26.0
36,1178.67,928.66,0.829073,0.669147,20,52.3,1.0,2.0
36,1178.67,928.66,2.58879,1.07846,20,52.3,1.0,4.0
36,1178.67,928.66,2.94017,1.61325,20,52.3,1.0,6.0
36,1178.67,928.66,3.3111,2.05825,20,52.3,1.0,8.0
36,1178.67,928.66,4.84127,2.83041,20,52.3,1.0,10.0
36,1178.67,928.66,5.60907,3.66204,20,52.3,1.0,12.0
36,1178.67,928.66,5.36602,4.28316,20,52.3,1.0,14.0
36,1178.67,928.66,4.48228,4.91077,20,52.3,1.0,16.0
36,1178.67,928.66,4.39693,5.60836,20,52.3,1.0,18.0
36,1178.67,928.66,3.68163,6.11775,20,52.3,1.0,20.0
36,1178.67,928.66,4.49947,6.71368,20,52.3,1.0,22.0
36,1178.67,928.66,5.458,7.37824,20,52.3,1.0,24.0
36,1178.67,928.66,7.07201,7.96535,20,52.3,1.0,26.0
36,1178.67,928.66,2.53827,0.588556,20,53.3,2.0,2.0
36,1178.67,928.66,6.45757,1.05418,20,53.3,2.0,4.0
36,1178.67,928.66,9.34481,1.58431,20,53.3,2.0,6.0
36,1178.67,928.66,10.676,2.06607,20,53.3,2.0,8.0
36,1178.67,928.66,9.36982,2.89609,20,53.3,2.0,10.0
36,1178.67,928.66,6.84292,3.7093,20,53.3,2.0,12.0
36,1178.67,928.66,4.85528,4.46074,20,53.3,2.0,14.0
36,1178.67,928.66,4.45553,5.12726,20,53.3,2.0,16.0
36,1178.67,928.66,6.94472,5.89457,20,53.3,2.0,18.0
36,1178.67,928.66,8.16481,6.43633,20,53.3,2.0,20.0
36,1178.67,928.66,8.7639,7.06387,20,53.3,2.0,22.0
36,1178.67,928.66,11.1741,7.8101,20,53.3,2.0,24.0
36,1178.67,928.66,13.3371,8.51232,20,53.3,2.0,26.0
36,1178.67,928.66,4.35804,0.805006,20,54.3,3.0,2.0
36,1178.67,928.66,13.3481,1.24986,20,54.3,3.0,4.0
36,1178.67,928.66,19.1955,1.83685,20,54.3,3.0,6.0
36,1178.67,928.66,23.5113,2.28275,20,54.3,3.0,8.0
36,1178.67,928.66,25.1871,3.25735,20,54.3,3.0,10.0
36,1178.67,928.66,27.9346,4.11878,20,54.3,3.0,12.0
36,1178.67,928.66,29.4561,4.86331,20,54.3,3.0,14.0
36,1178.67,928.66,33.2877,5.52895,20,54.3,3.0,16.0
36,1178.67,928.66,37.8866,6.35618,20,54.3,3.0,18.0
36,1178.67,928.66,40.8357,6.97021,20,54.3,3.0,20.0
36,1178.67,928.66,38.3792,7.63282,20,54.3,3.0,22.0
36,1178.67,928.66,36.2565,8.53196,20,54.3,3.0,24.0
36,1178.67,928.66,36.0664,9.22708,20,54.3,3.0,26.0
36,1178.67,928.66,7.66779,0.758902,20,55.3,4.0,2.0
36,1178.67,928.66,24.9672,1.28257,20,55.3,4.0,4.0
36,1178.67,928.66,37.8496,1.92945,20,55.3,4.0,6.0
36,1178.67,928.66,40.8909,2.44184,20,55.3,4.0,8.0
36,1178.67,928.66,41.9097,3.42182,20,55.3,4.0,10.0
36,1178.67,928.66,41.5758,4.35881,20,55.3,4.0,12.0
36,1178.67,928.66,43.462,5.08093,20,55.3,4.0,14.0
36,1178.67,928.66,43.831,5.73376,20,55.3,4.0,16.0
36,1178.67,928.66,45.4843,6.62199,20,55.3,4.0,18.0
36,1178.67,928.66,47.6643,7.2578,20,55.3,4.0,20.0
36,1178.67,928.66,49.8513,7.94323,20,55.3,4.0,22.0
36,1178.67,928.66,49.5699,8.78734,20,55.3,4.0,24.0
36,1178.67,928.66,50.1519,9.52535,20,55.3,4.0,26.0
36,1178.67,928.66,13.5049,0.84621,20,56.3,5.0,2.0
36,1178.67,928.66,41.6263,1.43721,20,56.3,5.0,4.0
36,1178.67,928.66,64.1922,2.1445,20,56.3,5.0,6.0
36,1178.67,928.66,74.8344,2.64331,20,56.3,5.0,8.0
36,1178.67,928.66,78.6045,3.6352,20,56.3,5.0,10.0
36,1178.67,928.66,81.4863,4.65134,20,56.3,5.0,12.0
36,1178.67,928.66,84.7241,5.55249,20,56.3,5.0,14.0
36,1178.67,928.66,88.6986,6.30471,20,56.3,5.0,16.0
36,1178.67,928.66,94.4907,7.2246,20,56.3,5.0,18.0
36,1178.67,928.66,98.7382,7.89266,20,56.3,5.0,20.0
36,1178.67,928.66,98.0014,8.66547,20,56.3,5.0,22.0
36,1178.67,928.66,95.9941,9.58886,20,56.3,5.0,24.0
36,1178.67,928.66,95.4978,10.4165,20,56.3,5.0,26.0
36,1178.67,928.66,26.4501,1.11094,20,58.3,7.0,2.0
36,1178.67,928.66,87.4026,1.91751,20,58.3,7.0,4.0
36,1178.67,928.66,133.183,2.6914,20,58.3,7.0,6.0
36,1178.67,928.66,156.804,3.35851,20,58.3,7.0,8.0
36,1178.67,928.66,167.559,4.76373,20,58.3,7.0,10.0
36,1178.67,928.66,177.893,5.90659,20,58.3,7.0,12.0
36,1178.67,928.66,182.051,6.84957,20,58.3,7.0,14.0
36,1178.67,928.66,191.706,7.71849,20,58.3,7.0,16.0
36,1178.67,928.66,202.625,8.80434,20,58.3,7.0,18.0
36,1178.67,928.66,212.544,9.54886,20,58.3,7.0,20.0
36,1178.67,928.66,215.937,10.4744,20,58.3,7.0,22.0
36,1178.67,928.66,216.779,11.5172,20,58.3,7.0,24.0
36,1178.67,928.66,217.145,12.4648,20,58.3,7.0,26.0
37,1180.68,592.52,0.572269,0.546624,20,52.3,1.0,2.0
37,1180.68,592.52,2.24752,1.15397,20,52.3,1.0,4.0
37,1180.68,592.52,2.88834,1.70916,20,52.3,1.0,6.0
37,1180.68,592.52,2.60461,2.16429,20,52.3,1.0,8.0
37,1180.68,592.52,2.38657,2.98976,20,52.3,1.0,10.0
37,1180.68,592.52,2.87956,3.6941,20,52.3,1.0,12.0
37,1180.68,592.52,3.65267,4.14051,20,52.3,1.0,14.0
37,1180.68,592.52,5.01469,4.63576,20,52.3,1.0,16.0
37,1180.68,592.52,7.17025,5.33984,20,52.3,1.0,18.0
37,1180.68,592.52,9.22132,5.85213,20,52.3,1.0,20.0
37,1180.68,592.52,11.0977,6.86349,20,52.3,1.0,22.0
37,1180.68,592.52,9.30416,7.40875,20,52.3,1.0,24.0
37,1180.68,592.52,8.78608,8.01636,20,52.3,1.0,26.0
37,1180.68,592.52,1.68473,0.610112,20,53.3,2.0,2.0
37,1180.68,592.52,6.01661,1.19385,20,53.3,2.0,4.0
37,1180.68,592.52,6.58742,1.76806,20,53.3,2.0,6.0
37,1180.68,592.52,6.97221,2.22186,20,53.3,2.0,8.0
37,1180.68,592.52,7.19333,3.1964,20,53.3,2.0,10.0
37,1180.68,592.52,5.58052,3.95117,20,53.3,2.0,12.0
37,1180.68,592.52,4.13238,4.44661,20,53.3,2.0,14.0
37,1180.68,592.52,3.28649,5.0574,20,53.3,2.0,16.0
37,1180.68,592.52,3.56221,5.81843,20,53.3,2.0,18.0
37,1180.68,592.52,4.42522,6.35654,20,53.3,2.0,20.0
37,1180.68,592.52,3.93845,7.58108,20,53.3,2.0,22.0
37,1180.68,592.52,4.54191,8.12582,20,53.3,2.0,24.0
37,1180.68,592.52,5.43822,8.75405,20,53.3,2.0,26.0
37,1180.68,592.52,2.29556,0.730903,20,54.3,3.0,2.0
37,1180.68,592.52,8.27006,1.41847,20,54.3,3.0,4.0
37,1180.68,592.52,12.2676,2.02297,20,54.3,3.0,6.0
37,1180.68,592.52,14.068,2.52124,20,54.3,3.0,8.0
37,1180.68,592.52,13.8683,3.58116,20,54.3,3.0,10.0
37,1180.68,592.52,12.1967,4.53922,20,54.3,3.0,12.0
37,1180.68,592.52,8.44589,4.99604,20,54.3,3.0,14.0
37,1180.68,592.52,4.95036,5.59802,20,54.3,3.0,16.0
37,1180.68,592.52,4.60614,6.30576,20,54.3,3.0,18.0
37,1180.68,592.52,1.9092,6.90788,20,54.3,3.0,20.0
37,1180.68,592.52,2.08398,8.26731,20,54.3,3.0,22.0
37,1180.68,592.52,0.353665,8.82856,20,54.3,3.0,24.0
37,1180.68,592.52,0.628565,9.53171,20,54.3,3.0,26.0
37,1180.68,592.52,4.91496,0.772106,20,55.3,4.0,2.0
37,1180.68,592.52,17.2218,1.43781,20,55.3,4.0,4.0
37,1180.68,592.52,24.5443,2.16301,20,55.3,4.0,6.0
37,1180.68,592.52,27.9022,2.83071,20,55.3,4.0,8.0
37,1180.68,592.52,29.5216,3.81515,20,55.3,4.0,10.0
37,1180.68,592.52,29.0254,4.84771,20,55.3,4.0,12.0
37,1180.68,592.52,26.9209,5.35682,20,55.3,4.0,14.0
37,1180.68,592.52,24.7472,5.98856,20,55.3,4.0,16.0
37,1180.68,592.52,22.3965,6.89796,20,55.3,4.0,18.0
37,1180.68,592.52,23.6249,7.49248,20,55.3,4.0,20.0
37,1180.68,592.52,23.2988,8.71474,20,55.3,4.0,22.0
37,1180.68,592.52,20.51,9.32643,20,55.3,4.0,24.0
37,1180.68,592.52,16.6982,10.014,20,55.3,4.0,26.0
37,1180.68,592.52,8.39798,0.766708,20,56.3,5.0,2.0
37,1180.68,592.52,26.0313,1.44654,20,56.3,5.0,4.0
37,1180.68,592.52,37.5456,2.17256,20,56.3,5.0,6.0
37,1180.68,592.52,42.4814,2.8626,20,56.3,5.0,8.0
37,1180.68,592.52,44.461,3.87517,20,56.3,5.0,10.0
37,1180.68,592.52,39.8877,4.8906,20,56.3,5.0,12.0
37,1180.68,592.52,37.1671,5.47133,20,56.3,5.0,14.0
37,1180.68,592.52,37.1609,6.20084,20,56.3,5.0,16.0
37,1180.68,592.52,38.0769,7.11368,20,56.3,5.0,18.0
37,1180.68,592.52,39.3961,7.78075,20,56.3,5.0,20.0
37,1180.68,592.52,37.4663,9.2579,20,56.3,5.0,22.0
37,1180.68,592.52,32.2431,9.92534,20,56.3,5.0,24.0
37,1180.68,592.52,29.3049,10.7247,20,56.3,5.0,26.0
37,1180.68,592.52,15.1626,0.997161,20,58.3,7.0,2.0
37,1180.68,592.52,49.046,1.81448,20,58.3,7.0,4.0
37,1180.68,592.52,78.4996,2.72003,20,58.3,7.0,6.0
37,1180.68,592.52,95.1499,3.43102,20,58.3,7.0,8.0
37,1180.68,592.52,104.68,4.57919,20,58.3,7.0,10.0
37,1180.68,592.52,107.821,6.07287,20,58.3,7.0,12.0
37,1180.68,592.52,100.748,6.71408,20,58.3,7.0,14.0
37,1180.68,592.52,98.7477,7.53392,20,58.3,7.0,16.0
37,1180.68,592.52,96.3865,8.6825,20,58.3,7.0,18.0
37,1180.68,592.52,94.6404,9.46896,20,58.3,7.0,20.0
37,1180.68,592.52,93.5105,11.3286,20,58.3,7.0,22.0
37,1180.68,592.52,90.4749,12.1276,20,58.3,7.0,24.0
37,1180.68,592.52,80.8209,13.0651,20,58.3,7.0,26.0
38,1228.54,665.73,1.61716,0.868369,20,52.3,1.0,2.0
38,1228.54,665.73,7.08717,1.22994,20,52.3,1.0,4.0
38,1228.54,665.73,10.7086,1.75687,20,52.3,1.0,6.0
38,1228.54,665.73,13.9409,2.42002,20,52.3,1.0,8.0
38,1228.54,665.73,13.4383,3.1941,20,52.3,1.0,10.0
38,1228.54,665.73,13.2894,4.25316,20,52.3,1.0,12.0
38,1228.54,665.73,11.5988,4.7536,20,52.3,1.0,14.0
38,1228.54,665.73,8.98941,5.38929,20,52.3,1.0,16.0
38,1228.54,665.73,9.28936,7.45071,20,52.3,1.0,18.0
38,1228.54,665.73,8.36886,7.92247,20,52.3,1.0,20.0
38,1228.54,665.73,12.2771,8.46709,20,52.3,1.0,22.0
38,1228.54,665.73,14.2234,9.09416,20,52.3,1.0,24.0
38,1228.54,665.73,15.9896,9.62569,20,52.3,1.0,26.0
38,1228.54,665.73,4.31505,0.940029,20,53.3,2.0,2.0
38,1228.54,665.73,14.1776,1.35046,20,53.3,2.0,4.0
38,1228.54,665.73,19.5499,1.88833,20,53.3,2.0,6.0
38,1228.54,665.73,23.5831,2.60116,20,53.3,2.0,8.0
38,1228.54,665.73,26.3631,3.40814,20,53.3,2.0,10.0
38,1228.54,665.73,28.2175,4.53582,20,53.3,2.0,12.0
38,1228.54,665.73,29.6608,5.05738,20,53.3,2.0,14.0
38,1228.54,665.73,30.1662,5.67667,20,53.3,2.0,16.0
38,1228.54,665.73,30.3846,7.87949,20,53.3,2.0,18.0
38,1228.54,665.73,31.8581,8.36475,20,53.3,2.0,20.0
38,1228.54,665.73,29.3587,8.89249,20,53.3,2.0,22.0
38,1228.54,665.73,32.7033,9.46425,20,53.3,2.0,24.0
38,1228.54,665.73,31.5205,10.0582,20,53.3,2.0,26.0
38,1228.54,665.73,10.801,1.15525,20,54.3,3.0,2.0
38,1228.54,665.73,37.2441,1.59287,20,54.3,3.0,4.0
38,1228.54,665.73,51.4773,2.12495,20,54.3,3.0,6.0
38,1228.54,665.73,62.3637,2.84524,20,54.3,3.0,8.0
38,1228.54,665.73,70.6965,3.75918,20,54.3,3.0,10.0
38,1228.54,665.73,74.5592,4.87405,20,54.3,3.0,12.0
38,1228.54,665.73,73.9617,5.45346,20,54.3,3.0,14.0
38,1228.54,665.73,74.3708,6.13792,20,54.3,3.0,16.0
38,1228.54,665.73,73.5875,8.41897,20,54.3,3.0,18.0
38,1228.54,665.73,75.9763,8.93982,20,54.3,3.0,20.0
38,1228.54,665.73,74.0404,9.54598,20,54.3,3.0,22.0
38,1228.54,665.73,72.4194,10.3327,20,54.3,3.0,24.0
38,1228.54,665.73,73.0458,10.9458,20,54.3,3.0,26.0
38,1228.54,665.73,17.2854,0.89806,20,55.3,4.0,2.0
38,1228.54,665.73,60.0286,1.45289,20,55.3,4.0,4.0
38,1228.54,665.73,87.1412,2.07781,20,55.3,4.0,6.0
38,1228.54,665.73,106.214,2.79039,20,55.3,4.0,8.0
38,1228.54,665.73,118.459,3.76473,20,55.3,4.0,10.0
38,1228.54,665.73,127.618,4.86259,20,55.3,4.0,12.0
38,1228.54,665.73,127.9,5.46826,20,55.3,4.0,14.0
38,1228.54,665.73,127.557,6.19609,20,55.3,4.0,16.0
38,1228.54,665.73,125.809,8.66413,20,55.3,4.0,18.0
38,1228.54,665.73,126.038,9.19735,20,55.3,4.0,20.0
38,1228.54,665.73,125.217,9.86888,20,55.3,4.0,22.0
38,1228.54,665.73,123.372,10.5935,20,55.3,4.0,24.0
38,1228.54,665.73,121.759,11.2046,20,55.3,4.0,26.0
38,1228.54,665.73,24.645,1.17986,20,56.3,5.0,2.0
38,1228.54,665.73,88.2524,1.75893,20,56.3,5.0,4.0
38,1228.54,665.73,128.821,2.37277,20,56.3,5.0,6.0
38,1228.54,665.73,155.916,3.15079,20,56.3,5.0,8.0
38,1228.54,665.73,171.46,4.0413,20,56.3,5.0,10.0
38,1228.54,665.73,180.362,5.30057,20,56.3,5.0,12.0
38,1228.54,665.73,184.76,6.00757,20,56.3,5.0,14.0
38,1228.54,665.73,186.562,6.84158,20,56.3,5.0,16.0
38,1228.54,665.73,183.504,9.41208,20,56.3,5.0,18.0
38,1228.54,665.73,184.135,10.046,20,56.3,5.0,20.0
38,1228.54,665.73,185.618,10.6967,20,56.3,5.0,22.0
38,1228.54,665.73,183.44,11.6117,20,56.3,5.0,24.0
38,1228.54,665.73,177.891,12.3061,20,56.3,5.0,26.0
38,1228.54,665.73,34.4439,1.49887,20,58.3,7.0,2.0
38,1228.54,665.73,124.101,2.35984,20,58.3,7.0,4.0
38,1228.54,665.73,190.075,3.21456,20,58.3,7.0,6.0
38,1228.54,665.73,238.747,4.1127,20,58.3,7.0,8.0
38,1228.54,665.73,274.422,5.00396,20,58.3,7.0,10.0
38,1228.54,665.73,298.816,6.57408,20,58.3,7.0,12.0
38,1228.54,665.73,311.726,7.31879,20,58.3,7.0,14.0
38,1228.54,665.73,313.229,8.15402,20,58.3,7.0,16.0
38,1228.54,665.73,319.399,10.4509,20,58.3,7.0,18.0
38,1228.54,665.73,323.301,11.1697,20,58.3,7.0,20.0
38,1228.54,665.73,324.768,11.9592,20,58.3,7.0,22.0
38,1228.54,665.73,329.303,13.1019,20,58.3,7.0,24.0
38,1228.54,665.73,326.912,13.9203,20,58.3,7.0,26.0
39,1239.58,153.18,-0.378568,0.525734,20,52.3,1.0,2.0
39,1239.58,153.18,-0.530447,1.24055,20,52.3,1.0,4.0
39,1239.58,153.18,-1.08713,1.90675,20,52.3,1.0,6.0
39,1239.58,153.18,-2.01019,2.35937,20,52.3,1.0,8.0
39,1239.58,153.18,-1.71102,3.11165,20,52.3,1.0,10.0
39,1239.58,153.18,-1.4633,3.77571,20,52.3,1.0,12.0
39,1239.58,153.18,0.0186261,4.45213,20,52.3,1.0,14.0
39,1239.58,153.18,2.66744,6.32292,20,52.3,1.0,16.0
39,1239.58,153.18,1.40045,6.83959,20,52.3,1.0,18.0
39,1239.58,153.18,-0.59453,7.35109,20,52.3,1.0,20.0
39,1239.58,153.18,-2.52722,7.86183,20,52.3,1.0,22.0
39,1239.58,153.18,-5.698,8.42039,20,52.3,1.0,24.0
39,1239.58,153.18,-5.32524,9.04936,20,52.3,1.0,26.0
39,1239.58,153.18,1.17417,0.575479,20,53.3,2.0,2.0
39,1239.58,153.18,2.99723,1.21065,20,53.3,2.0,4.0
39,1239.58,153.18,5.76343,1.9272,20,53.3,2.0,6.0
39,1239.58,153.18,6.67415,2.39057,20,53.3,2.0,8.0
39,1239.58,153.18,5.53335,3.07943,20,53.3,2.0,10.0
39,1239.58,153.18,7.05621,3.86731,20,53.3,2.0,12.0
39,1239.58,153.18,8.56733,4.51439,20,53.3,2.0,14.0
39,1239.58,153.18,9.0552,6.32393,20,53.3,2.0,16.0
39,1239.58,153.18,8.55056,6.89681,20,53.3,2.0,18.0
39,1239.58,153.18,7.80445,7.46212,20,53.3,2.0,20.0
39,1239.58,153.18,7.33671,8.01528,20,53.3,2.0,22.0
39,1239.58,153.18,5.36569,8.63114,20,53.3,2.0,24.0
39,1239.58,153.18,5.6499,9.28982,20,53.3,2.0,26.0
39,1239.58,153.18,4.18995,0.646448,20,54.3,3.0,2.0
39,1239.58,153.18,11.4474,1.45599,20,54.3,3.0,4.0
39,1239.58,153.18,16.035,2.1573,20,54.3,3.0,6.0
39,1239.58,153.18,17.4654,2.71967,20,54.3,3.0,8.0
39,1239.58,153.18,18.3734,3.52814,20,54.3,3.0,10.0
39,1239.58,153.18,18.6057,4.42043,20,54.3,3.0,12.0
39,1239.58,153.18,16.1454,5.115,20,54.3,3.0,14.0
39,1239.58,153.18,13.0182,6.79781,20,54.3,3.0,16.0
39,1239.58,153.18,9.71558,7.43448,20,54.3,3.0,18.0
39,1239.58,153.18,11.8056,8.074,20,54.3,3.0,20.0
39,1239.58,153.18,11.3366,8.66708,20,54.3,3.0,22.0
39,1239.58,153.18,9.09573,9.28144,20,54.3,3.0,24.0
39,1239.58,153.18,6.14035,10.0196,20,54.3,3.0,26.0
39,1239.58,153.18,6.75997,0.652987,20,55.3,4.0,2.0
39,1239.58,153.18,18.0633,1.49352,20,55.3,4.0,4.0
39,1239.58,153.18,26.757,2.36245,20,55.3,4.0,6.0
39,1239.58,153.18,32.9343,2.91212,20,55.3,4.0,8.0
39,1239.58,153.18,34.6751,3.70141,20,55.3,4.0,10.0
39,1239.58,153.18,38.0595,4.55965,20,55.3,4.0,12.0
39,1239.58,153.18,35.5879,5.34106,20,55.3,4.0,14.0
39,1239.58,153.18,37.0419,7.24602,20,55.3,4.0,16.0
39,1239.58,153.18,37.4842,7.87411,20,55.3,4.0,18.0
39,1239.58,153.18,38.1654,8.44608,20,55.3,4.0,20.0
39,1239.58,153.18,39.0529,9.08674,20,55.3,4.0,22.0
39,1239.58,153.18,42.5577,9.73349,20,55.3,4.0,24.0
39,1239.58,153.18,47.162,10.4924,20,55.3,4.0,26.0
39,1239.58,153.18,10.1344,0.667443,20,56.3,5.0,2.0
39,1239.58,153.18,27.9454,1.76853,20,56.3,5.0,4.0
39,1239.58,153.18,41.7429,2.6197,20,56.3,5.0,6.0
39,1239.58,153.18,50.1219,3.15534,20,56.3,5.0,8.0
39,1239.58,153.18,55.8967,4.00056,20,56.3,5.0,10.0
39,1239.58,153.18,56.9605,4.98316,20,56.3,5.0,12.0
39,1239.58,153.18,58.1857,5.86512,20,56.3,5.0,14.0
39,1239.58,153.18,58.7407,7.57451,20,56.3,5.0,16.0
39,1239.58,153.18,59.3442,8.3781,20,56.3,5.0,18.0
39,1239.58,153.18,61.3724,9.11554,20,56.3,5.0,20.0
39,1239.58,153.18,61.3216,9.89727,20,56.3,5.0,22.0
39,1239.58,153.18,57.4285,10.6914,20,56.3,5.0,24.0
39,1239.58,153.18,54.0966,11.4153,20,56.3,5.0,26.0
39,1239.58,153.18,17.4105,0.833055,20,58.3,7.0,2.0
39,1239.58,153.18,53.8262,2.01778,20,58.3,7.0,4.0
39,1239.58,153.18,77.433,3.02363,20,58.3,7.0,6.0
39,1239.58,153.18,91.2664,3.64586,20,58.3,7.0,8.0
39,1239.58,153.18,99.6845,4.74953,20,58.3,7.0,10.0
39,1239.58,153.18,105.693,5.85799,20,58.3,7.0,12.0
39,1239.58,153.18,109.173,6.8388,20,58.3,7.0,14.0
39,1239.58,153.18,109.739,9.18177,20,58.3,7.0,16.0
39,1239.58,153.18,109.951,9.99127,20,58.3,7.0,18.0
39,1239.58,153.18,110.292,10.7936,20,58.3,7.0,20.0
39,1239.58,153.18,108.281,11.6387,20,58.3,7.0,22.0
39,1239.58,153.18,99.8327,12.495,20,58.3,7.0,24.0
39,1239.58,153.18,95.3003,13.4733,20,58.3,7.0,26.0
40,1244.35,482.94,4.24626,0.533148,20,52.3,1.0,2.0
40,1244.35,482.94,12.1086,0.986704,20,52.3,1.0,4.0
40,1244.35,482.94,17.994,1.7383,20,52.3,1.0,6.0
40,1244.35,482.94,21.3012,2.39311,20,52.3,1.0,8.0
40,1244.35,482.94,21.2493,2.93379,20,52.3,1.0,10.0
40,1244.35,482.94,20.5553,3.4201,20,52.3,1.0,12.0
40,1244.35,482.94,22.2243,4.01941,20,52.3,1.0,14.0
40,1244.35,482.94,23.0155,4.72045,20,52.3,1.0,16.0
40,1244.35,482.94,23.8369,5.38536,20,52.3,1.0,18.0
40,1244.35,482.94,23.6747,6.28351,20,52.3,1.0,20.0
40,1244.35,482.94,21.1922,6.76047,20,52.3,1.0,22.0
40,1244.35,482.94,19.611,7.40311,20,52.3,1.0,24.0
40,1244.35,482.94,19.8308,8.10558,20,52.3,1.0,26.0
40,1244.35,482.94,13.2556,0.612819,20,53.3,2.0,2.0
40,1244.35,482.94,33.3082,1.1243,20,53.3,2.0,4.0
40,1244.35,482.94,48.1796,1.95318,20,53.3,2.0,6.0
40,1244.35,482.94,55.3533,2.65312,20,53.3,2.0,8.0
40,1244.35,482.94,58.2419,3.18275,20,53.3,2.0,10.0
40,1244.35,482.94,60.7005,3.72846,20,53.3,2.0,12.0
40,1244.35,482.94,61.6264,4.3545,20,53.3,2.0,14.0
40,1244.35,482.94,62.7265,4.96995,20,53.3,2.0,16.0
40,1244.35,482.94,61.4279,5.62091,20,53.3,2.0,18.0
40,1244.35,482.94,58.8468,6.59175,20,53.3,2.0,20.0
40,1244.35,482.94,59.2984,7.109,20,53.3,2.0,22.0
40,1244.35,482.94,58.9838,7.78746,20,53.3,2.0,24.0
40,1244.35,482.94,58.3899,8.56844,20,53.3,2.0,26.0
40,1244.35,482.94,24.0059,0.658275,20,54.3,3.0,2.0
40,1244.35,482.94,65.2543,1.24803,20,54.3,3.0,4.0
40,1244.35,482.94,94.1439,2.12005,20,54.3,3.0,6.0
40,1244.35,482.94,104.338,2.90473,20,54.3,3.0,8.0
40,1244.35,482.94,108.768,3.52884,20,54.3,3.0,10.0
40,1244.35,482.94,108.563,4.13418,20,54.3,3.0,12.0
40,1244.35,482.94,108.691,4.73831,20,54.3,3.0,14.0
40,1244.35,482.94,108.922,5.53305,20,54.3,3.0,16.0
40,1244.35,482.94,108.104,6.30769,20,54.3,3.0,18.0
40,1244.35,482.94,106.984,7.38628,20,54.3,3.0,20.0
40,1244.35,482.94,104.788,7.93666,20,54.3,3.0,22.0
40,1244.35,482.94,103.876,8.69087,20,54.3,3.0,24.0
40,1244.35,482.94,108.13,9.50725,20,54.3,3.0,26.0
40,1244.35,482.94,32.48,0.66815,20,55.3,4.0,2.0
40,1244.35,482.94,85.6385,1.31732,20,55.3,4.0,4.0
40,1244.35,482.94,126.307,2.31913,20,55.3,4.0,6.0
40,1244.35,482.94,142.611,3.12268,20,55.3,4.0,8.0
40,1244.35,482.94,150.478,3.72569,20,55.3,4.0,10.0
40,1244.35,482.94,153.026,4.30243,20,55.3,4.0,12.0
40,1244.35,482.94,153.44,4.94837,20,55.3,4.0,14.0
40,1244.35,482.94,151.768,5.76194,20,55.3,4.0,16.0
40,1244.35,482.94,148.2,6.55811,20,55.3,4.0,18.0
40,1244.35,482.94,145.507,7.53195,20,55.3,4.0,20.0
40,1244.35,482.94,144.625,8.07423,20,55.3,4.0,22.0
40,1244.35,482.94,142.032,8.84798,20,55.3,4.0,24.0
40,1244.35,482.94,136.33,9.81261,20,55.3,4.0,26.0
40,1244.35,482.94,47.2501,0.801604,20,56.3,5.0,2.0
40,1244.35,482.94,125.854,1.49527,20,56.3,5.0,4.0
40,1244.35,482.94,188.9,2.41515,20,56.3,5.0,6.0
40,1244.35,482.94,217.449,3.21252,20,56.3,5.0,8.0
40,1244.35,482.94,230.424,3.94692,20,56.3,5.0,10.0
40,1244.35,482.94,238.229,4.6584,20,56.3,5.0,12.0
40,1244.35,482.94,241.693,5.38195,20,56.3,5.0,14.0
40,1244.35,482.94,248.617,6.22287,20,56.3,5.0,16.0
40,1244.35,482.94,250.252,7.09789,20,56.3,5.0,18.0
40,1244.35,482.94,248.28,8.30244,20,56.3,5.0,20.0
40,1244.35,482.94,245.32,8.91394,20,56.3,5.0,22.0
40,1244.35,482.94,241.768,9.75743,20,56.3,5.0,24.0
40,1244.35,482.94,236.656,10.7391,20,56.3,5.0,26.0
40,1244.35,482.94,70.5401,1.26116,20,58.3,7.0,2.0
40,1244.35,482.94,194.478,2.13205,20,58.3,7.0,4.0
40,1244.35,482.94,301.885,3.19974,20,58.3,7.0,6.0
40,1244.35,482.94,351.741,4.08076,20,58.3,7.0,8.0
40,1244.35,482.94,376.652,4.85562,20,58.3,7.0,10.0
40,1244.35,482.94,389.333,5.62379,20,58.3,7.0,12.0
40,1244.35,482.94,397.391,6.4013,20,58.3,7.0,14.0
40,1244.35,482.94,400.696,7.52865,20,58.3,7.0,16.0
40,1244.35,482.94,401.579,8.52361,20,58.3,7.0,18.0
40,1244.35,482.94,400.159,10.0435,20,58.3,7.0,20.0
40,1244.35,482.94,395.244,10.7192,20,58.3,7.0,22.0
40,1244.35,482.94,389.776,11.7612,20,58.3,7.0,24.0
40,1244.35,482.94,387.388,12.7424,20,58.3,7.0,26.0
41,1253.34,231.35,0.337287,0.471247,20,52.3,1.0,2.0
41,1253.34,231.35,1.86456,0.947278,20,52.3,1.0,4.0
41,1253.34,231.35,3.1755,1.68631,20,52.3,1.0,6.0
41,1253.34,231.35,2.24616,2.22257,20,52.3,1.0,8.0
41,1253.34,231.35,5.19691,2.8874,20,52.3,1.0,10.0
41,1253.34,231.35,5.04158,3.38139,20,52.3,1.0,12.0
41,1253.34,231.35,5.75624,4.0403,20,52.3,1.0,14.0
41,1253.34,231.35,4.93555,4.90317,20,52.3,1.0,16.0
41,1253.34,231.35,3.39898,5.49048,20,52.3,1.0,18.0
41,1253.34,231.35,2.07136,6.28645,20,52.3,1.0,20.0
41,1253.34,231.35,4.88442,6.93362,20,52.3,1.0,22.0
41,1253.34,231.35,4.4304,7.54788,20,52.3,1.0,24.0
41,1253.34,231.35,3.97211,8.12681,20,52.3,1.0,26.0
41,1253.34,231.35,1.46553,0.49689,20,53.3,2.0,2.0
41,1253.34,231.35,5.72141,1.02397,20,53.3,2.0,4.0
41,1253.34,231.35,8.01293,1.82654,20,53.3,2.0,6.0
41,1253.34,231.35,9.22948,2.3452,20,53.3,2.0,8.0
41,1253.34,231.35,10.3554,3.13561,20,53.3,2.0,10.0
41,1253.34,231.35,9.86976,3.654,20,53.3,2.0,12.0
41,1253.34,231.35,9.22301,4.29289,20,53.3,2.0,14.0
41,1253.34,231.35,9.7033,5.12148,20,53.3,2.0,16.0
41,1253.34,231.35,10.2309,5.80758,20,53.3,2.0,18.0
41,1253.34,231.35,10.5876,6.63765,20,53.3,2.0,20.0
41,1253.34,231.35,9.06783,7.34063,20,53.3,2.0,22.0
41,1253.34,231.35,6.84116,7.88893,20,53.3,2.0,24.0
41,1253.34,231.35,2.72827,8.51331,20,53.3,2.0,26.0
41,1253.34,231.35,2.21155,0.579172,20,54.3,3.0,2.0
41,1253.34,231.35,9.35977,1.18815,20,54.3,3.0,4.0
41,1253.34,231.35,12.8952,2.02828,20,54.3,3.0,6.0
41,1253.34,231.35,13.7546,2.5714,20,54.3,3.0,8.0
41,1253.34,231.35,13.7094,3.28427,20,54.3,3.0,10.0
41,1253.34,231.35,14.2126,3.82431,20,54.3,3.0,12.0
41,1253.34,231.35,13.9211,4.55339,20,54.3,3.0,14.0
41,1253.34,231.35,11.8135,5.52522,20,54.3,3.0,16.0
41,1253.34,231.35,8.19646,6.29179,20,54.3,3.0,18.0
41,1253.34,231.35,5.98914,7.11578,20,54.3,3.0,20.0
41,1253.34,231.35,7.61099,7.87223,20,54.3,3.0,22.0
41,1253.34,231.35,5.00709,8.4998,20,54.3,3.0,24.0
41,1253.34,231.35,1.98549,9.17611,20,54.3,3.0,26.0
41,1253.34,231.35,3.53029,0.608089,20,55.3,4.0,2.0
41,1253.34,231.35,12.9876,1.1711,20,55.3,4.0,4.0
41,1253.34,231.35,19.6479,2.09945,20,55.3,4.0,6.0
41,1253.34,231.35,22.5719,2.66033,20,55.3,4.0,8.0
41,1253.34,231.35,23.5681,3.523,20,55.3,4.0,10.0
41,1253.34,231.35,23.9288,4.05027,20,55.3,4.0,12.0
41,1253.34,231.35,25.5451,4.68775,20,55.3,4.0,14.0
41,1253.34,231.35,26.3106,5.69641,20,55.3,4.0,16.0
41,1253.34,231.35,28.8245,6.52947,20,55.3,4.0,18.0
41,1253.34,231.35,27.7233,7.51912,20,55.3,4.0,20.0
41,1253.34,231.35,26.8933,8.32696,20,55.3,4.0,22.0
41,1253.34,231.35,25.9342,8.93864,20,55.3,4.0,24.0
41,1253.34,231.35,23.9116,9.64434,20,55.3,4.0,26.0
41,1253.34,231.35,6.54946,0.692594,20,56.3,5.0,2.0
41,1253.34,231.35,22.7788,1.44147,20,56.3,5.0,4.0
41,1253.34,231.35,34.3774,2.27603,20,56.3,5.0,6.0
41,1253.34,231.35,37.8945,2.94423,20,56.3,5.0,8.0
41,1253.34,231.35,39.6986,3.80845,20,56.3,5.0,10.0
41,1253.34,231.35,39.5593,4.42197,20,56.3,5.0,12.0
41,1253.34,231.35,37.7622,5.24787,20,56.3,5.0,14.0
41,1253.34,231.35,35.5164,6.25728,20,56.3,5.0,16.0
41,1253.34,231.35,30.2446,7.11389,20,56.3,5.0,18.0
41,1253.34,231.35,25.9408,8.1656,20,56.3,5.0,20.0
41,1253.34,231.35,25.408,9.03732,20,56.3,5.0,22.0
41,1253.34,231.35,23.1547,9.74061,20,56.3,5.0,24.0
41,1253.34,231.35,24.8291,10.5335,20,56.3,5.0,26.0
41,1253.34,231.35,8.86606,0.883038,20,58.3,7.0,2.0
41,1253.34,231.35,33.2634,1.74949,20,58.3,7.0,4.0
41,1253.34,231.35,53.7425,2.84518,20,58.3,7.0,6.0
41,1253.34,231.35,62.6797,3.57029,20,58.3,7.0,8.0
41,1253.34,231.35,63.8544,4.57661,20,58.3,7.0,10.0
41,1253.34,231.35,62.067,5.31291,20,58.3,7.0,12.0
41,1253.34,231.35,61.3332,6.14088,20,58.3,7.0,14.0
41,1253.34,231.35,56.9407,7.64314,20,58.3,7.0,16.0
41,1253.34,231.35,54.0933,8.65048,20,58.3,7.0,18.0
41,1253.34,231.35,51.9396,9.7876,20,58.3,7.0,20.0
41,1253.34,231.35,46.8298,10.8214,20,58.3,7.0,22.0
41,1253.34,231.35,37.4332,11.6742,20,58.3,7.0,24.0
41,1253.34,231.35,25.8928,12.6295,20,58.3,7.0,26.0
42,1254.8,594.44,0.290004,0.447311,20,52.3,1.0,2.0
42,1254.8,594.44,2.52686,1.39137,20,52.3,1.0,4.0
42,1254.8,594.44,2.90562,1.9539,20,52.3,1.0,6.0
42,1254.8,594.44,3.9497,2.54863,20,52.3,1.0,8.0
42,1254.8,594.44,3.15678,3.04981,20,52.3,1.0,10.0
42,1254.8,594.44,2.88486,3.72994,20,52.3,1.0,12.0
42,1254.8,594.44,3.89791,4.37765,20,52.3,1.0,14.0
42,1254.8,594.44,4.75711,5.13583,20,52.3,1.0,16.0
42,1254.8,594.44,4.17508,5.76687,20,52.3,1.0,18.0
42,1254.8,594.44,3.95318,6.32645,20,52.3,1.0,20.0
42,1254.8,594.44,1.71792,6.8972,20,52.3,1.0,22.0
42,1254.8,594.44,1.62676,7.75304,20,52.3,1.0,24.0
42,1254.8,594.44,4.98417,8.30079,20,52.3,1.0,26.0
42,1254.8,594.44,1.33911,0.497904,20,53.3,2.0,2.0
42,1254.8,594.44,4.02833,1.59572,20,53.3,2.0,4.0
42,1254.8,594.44,6.96676,2.23968,20,53.3,2.0,6.0
42,1254.8,594.44,7.13776,2.87834,20,53.3,2.0,8.0
42,1254.8,594.44,8.41823,3.36467,20,53.3,2.0,10.0
42,1254.8,594.44,7.9019,4.01895,20,53.3,2.0,12.0
42,1254.8,594.44,7.40057,4.77393,20,53.3,2.0,14.0
42,1254.8,594.44,4.34069,5.59845,20,53.3,2.0,16.0
42,1254.8,594.44,2.93658,6.34167,20,53.3,2.0,18.0
42,1254.8,594.44,2.4418,6.91434,20,53.3,2.0,20.0
42,1254.8,594.44,2.19185,7.47495,20,53.3,2.0,22.0
42,1254.8,594.44,1.93214,8.31433,20,53.3,2.0,24.0
42,1254.8,594.44,0.4544,8.8565,20,53.3,2.0,26.0
42,1254.8,594.44,3.16562,0.538756,20,54.3,3.0,2.0
42,1254.8,594.44,9.91486,1.79668,20,54.3,3.0,4.0
42,1254.8,594.44,15.4521,2.46212,20,54.3,3.0,6.0
42,1254.8,594.44,16.7282,3.10851,20,54.3,3.0,8.0
42,1254.8,594.44,16.3832,3.69713,20,54.3,3.0,10.0
42,1254.8,594.44,15.8777,4.42177,20,54.3,3.0,12.0
42,1254.8,594.44,15.6526,5.14334,20,54.3,3.0,14.0
42,1254.8,594.44,14.4436,6.07196,20,54.3,3.0,16.0
42,1254.8,594.44,12.0109,6.80879,20,54.3,3.0,18.0
42,1254.8,594.44,9.09136,7.47465,20,54.3,3.0,20.0
42,1254.8,594.44,6.14827,8.0673,20,54.3,3.0,22.0
42,1254.8,594.44,4.58081,9.00767,20,54.3,3.0,24.0
42,1254.8,594.44,2.37515,9.59438,20,54.3,3.0,26.0
42,1254.8,594.44,5.41969,0.51737,20,55.3,4.0,2.0
42,1254.8,594.44,17.0474,1.93991,20,55.3,4.0,4.0
42,1254.8,594.44,25.1869,2.64411,20,55.3,4.0,6.0
42,1254.8,594.44,28.7484,3.27462,20,55.3,4.0,8.0
42,1254.8,594.44,27.1691,3.81955,20,55.3,4.0,10.0
42,1254.8,594.44,27.7902,4.58623,20,55.3,4.0,12.0
42,1254.8,594.44,27.3571,5.45791,20,55.3,4.0,14.0
42,1254.8,594.44,25.8424,6.34574,20,55.3,4.0,16.0
42,1254.8,594.44,25.6804,7.23933,20,55.3,4.0,18.0
42,1254.8,594.44,24.6242,7.87223,20,55.3,4.0,20.0
42,1254.8,594.44,24.7871,8.46258,20,55.3,4.0,22.0
42,1254.8,594.44,19.7651,9.46326,20,55.3,4.0,24.0
42,1254.8,594.44,13.3528,10.0451,20,55.3,4.0,26.0
42,1254.8,594.44,8.78758,0.655271,20,56.3,5.0,2.0
42,1254.8,594.44,27.5445,1.70137,20,56.3,5.0,4.0
42,1254.8,594.44,41.0677,2.59886,20,56.3,5.0,6.0
42,1254.8,594.44,47.0716,3.57854,20,56.3,5.0,8.0
42,1254.8,594.44,50.7399,4.27225,20,56.3,5.0,10.0
42,1254.8,594.44,52.9854,5.15666,20,56.3,5.0,12.0
42,1254.8,594.44,52.7996,6.05227,20,56.3,5.0,14.0
42,1254.8,594.44,52.8847,6.94448,20,56.3,5.0,16.0
42,1254.8,594.44,50.949,7.87231,20,56.3,5.0,18.0
42,1254.8,594.44,47.0565,8.62639,20,56.3,5.0,20.0
42,1254.8,594.44,47.1576,9.31143,20,56.3,5.0,22.0
42,1254.8,594.44,46.2737,10.3255,20,56.3,5.0,24.0
42,1254.8,594.44,42.1571,10.9602,20,56.3,5.0,26.0
42,1254.8,594.44,14.8064,0.72681,20,58.3,7.0,2.0
42,1254.8,594.44,49.3142,2.37318,20,58.3,7.0,4.0
42,1254.8,594.44,74.5472,3.31182,20,58.3,7.0,6.0
42,1254.8,594.44,94.9342,4.33055,20,58.3,7.0,8.0
42,1254.8,594.44,103.913,5.11356,20,58.3,7.0,10.0
42,1254.8,594.44,108.582,6.15091,20,58.3,7.0,12.0
42,1254.8,594.44,110.236,7.25536,20,58.3,7.0,14.0
42,1254.8,594.44,111.751,8.41595,20,58.3,7.0,16.0
42,1254.8,594.44,108.881,9.57032,20,58.3,7.0,18.0
42,1254.8,594.44,105.602,10.389,20,58.3,7.0,20.0
42,1254.8,594.44,99.3744,11.2338,20,58.3,7.0,22.0
42,1254.8,594.44,88.3838,12.5664,20,58.3,7.0,24.0
42,1254.8,594.44,85.6408,13.3262,20,58.3,7.0,26.0
43,1266.31,411.79,1.47461,0.577409,20,52.3,1.0,2.0
43,1266.31,411.79,2.67249,1.33477,20,52.3,1.0,4.0
43,1266.31,411.79,3.89435,3.05268,20,52.3,1.0,6.0
43,1266.31,411.79,4.02042,3.37938,20,52.3,1.0,8.0
43,1266.31,411.79,4.42194,3.78046,20,52.3,1.0,10.0
43,1266.31,411.79,6.02474,4.43566,20,52.3,1.0,12.0
43,1266.31,411.79,8.92572,4.91504,20,52.3,1.0,14.0
43,1266.31,411.79,8.0496,5.40379,20,52.3,1.0,16.0
43,1266.31,411.79,6.4935,6.00791,20,52.3,1.0,18.0
43,1266.31,411.79,6.45109,6.66167,20,52.3,1.0,20.0
43,1266.31,411.79,6.64902,7.06102,20,52.3,1.0,22.0
43,1266.31,411.79,7.80797,7.67175,20,52.3,1.0,24.0
43,1266.31,411.79,7.05913,8.21884,20,52.3,1.0,26.0
43,1266.31,411.79,2.56917,0.640447,20,53.3,2.0,2.0
43,1266.31,411.79,7.59306,1.49952,20,53.3,2.0,4.0
43,1266.31,411.79,9.76232,2.89447,20,53.3,2.0,6.0
43,1266.31,411.79,9.39507,3.27592,20,53.3,2.0,8.0
43,1266.31,411.79,10.3753,3.73286,20,53.3,2.0,10.0
43,1266.31,411.79,10.5153,4.46864,20,53.3,2.0,12.0
43,1266.31,411.79,9.18904,5.02499,20,53.3,2.0,14.0
43,1266.31,411.79,6.7311,5.53352,20,53.3,2.0,16.0
43,1266.31,411.79,4.25099,6.21446,20,53.3,2.0,18.0
43,1266.31,411.79,1.52592,6.96093,20,53.3,2.0,20.0
43,1266.31,411.79,1.58855,7.37894,20,53.3,2.0,22.0
43,1266.31,411.79,-1.71105,8.03009,20,53.3,2.0,24.0
43,1266.31,411.79,-6.33425,8.55755,20,53.3,2.0,26.0
43,1266.31,411.79,5.20795,0.724628,20,54.3,3.0,2.0
43,1266.31,411.79,13.1467,1.53921,20,54.3,3.0,4.0
43,1266.31,411.79,17.077,3.23182,20,54.3,3.0,6.0
43,1266.31,411.79,18.1611,3.62502,20,54.3,3.0,8.0
43,1266.31,411.79,18.2695,4.0445,20,54.3,3.0,10.0
43,1266.31,411.79,18.4034,4.88417,20,54.3,3.0,12.0
43,1266.31,411.79,19.325,5.49921,20,54.3,3.0,14.0
43,1266.31,411.79,19.2893,6.01093,20,54.3,3.0,16.0
43,1266.31,411.79,19.7107,6.71461,20,54.3,3.0,18.0
43,1266.31,411.79,20.1946,7.47668,20,54.3,3.0,20.0
43,1266.31,411.79,21.7929,7.93607,20,54.3,3.0,22.0
43,1266.31,411.79,17.9659,8.66354,20,54.3,3.0,24.0
43,1266.31,411.79,15.38,9.28088,20,54.3,3.0,26.0
43,1266.31,411.79,5.43304,0.677083,20,55.3,4.0,2.0
43,1266.31,411.79,16.5963,1.51799,20,55.3,4.0,4.0
43,1266.31,411.79,22.9567,3.39694,20,55.3,4.0,6.0
43,1266.31,411.79,26.4152,3.77355,20,55.3,4.0,8.0
43,1266.31,411.79,24.599,4.25157,20,55.3,4.0,10.0
43,1266.31,411.79,24.084,5.13181,20,55.3,4.0,12.0
43,1266.31,411.79,21.4242,5.74555,20,55.3,4.0,14.0
43,1266.31,411.79,19.3936,6.32215,20,55.3,4.0,16.0
43,1266.31,411.79,21.4398,7.1052,20,55.3,4.0,18.0
43,1266.31,411.79,21.3893,7.91509,20,55.3,4.0,20.0
43,1266.31,411.79,22.1266,8.41239,20,55.3,4.0,22.0
43,1266.31,411.79,22.9568,9.17453,20,55.3,4.0,24.0
43,1266.31,411.79,20.6942,9.7821,20,55.3,4.0,26.0
43,1266.31,411.79,7.89423,0.819655,20,56.3,5.0,2.0
43,1266.31,411.79,20.7801,1.94171,20,56.3,5.0,4.0
43,1266.31,411.79,29.7902,4.00054,20,56.3,5.0,6.0
43,1266.31,411.79,35.7549,4.44339,20,56.3,5.0,8.0
43,1266.31,411.79,34.5088,4.96417,20,56.3,5.0,10.0
43,1266.31,411.79,34.6924,5.95069,20,56.3,5.0,12.0
43,1266.31,411.79,36.9965,6.57554,20,56.3,5.0,14.0
43,1266.31,411.79,34.6284,7.20556,20,56.3,5.0,16.0
43,1266.31,411.79,31.8289,7.98177,20,56.3,5.0,18.0
43,1266.31,411.79,31.0028,8.81294,20,56.3,5.0,20.0
43,1266.31,411.79,31.282,9.36603,20,56.3,5.0,22.0
43,1266.31,411.79,29.0306,10.2647,20,56.3,5.0,24.0
43,1266.31,411.79,27.2644,10.9263,20,56.3,5.0,26.0
43,1266.31,411.79,10.5438,0.969573,20,58.3,7.0,2.0
43,1266.31,411.79,32.1098,2.14498,20,58.3,7.0,4.0
43,1266.31,411.79,46.3513,5.72451,20,58.3,7.0,6.0
43,1266.31,411.79,54.6166,6.12354,20,58.3,7.0,8.0
43,1266.31,411.79,58.3,6.61021,20,58.3,7.0,10.0
43,1266.31,411.79,59.4654,7.60339,20,58.3,7.0,12.0
43,1266.31,411.79,58.6663,8.35719,20,58.3,7.0,14.0
43,1266.31,411.79,56.7161,9.07697,20,58.3,7.0,16.0
43,1266.31,411.79,53.1453,9.92851,20,58.3,7.0,18.0
43,1266.31,411.79,49.4031,10.918,20,58.3,7.0,20.0
43,1266.31,411.79,46.3887,11.5056,20,58.3,7.0,22.0
43,1266.31,411.79,43.4188,12.46,20,58.3,7.0,24.0
43,1266.31,411.79,42.0911,13.1634,20,58.3,7.0,26.0
44,1289.32,872.68,1.47202,0.48791,20,52.3,1.0,2.0
44,1289.32,872.68,4.106,1.12106,20,52.3,1.0,4.0
44,1289.32,872.68,5.33693,1.57388,20,52.3,1.0,6.0
44,1289.32,872.68,6.61857,2.28377,20,52.3,1.0,8.0
44,1289.32,872.68,7.41279,3.18871,20,52.3,1.0,10.0
44,1289.32,872.68,8.38387,5.72215,20,52.3,1.0,12.0
44,1289.32,872.68,10.3124,6.04894,20,52.3,1.0,14.0
44,1289.32,872.68,10.8631,6.37459,20,52.3,1.0,16.0
44,1289.32,872.68,10.9409,6.78658,20,52.3,1.0,18.0
44,1289.32,872.68,8.28302,7.33824,20,52.3,1.0,20.0
44,1289.32,872.68,10.6139,7.82486,20,52.3,1.0,22.0
44,1289.32,872.68,14.8716,8.21056,20,52.3,1.0,24.0
44,1289.32,872.68,11.8711,8.69458,20,52.3,1.0,26.0
44,1289.32,872.68,2.99426,0.476795,20,53.3,2.0,2.0
44,1289.32,872.68,9.5071,1.15429,20,53.3,2.0,4.0
44,1289.32,872.68,13.3593,1.62394,20,53.3,2.0,6.0
44,1289.32,872.68,15.2083,2.4031,20,53.3,2.0,8.0
44,1289.32,872.68,14.0473,3.15548,20,53.3,2.0,10.0
44,1289.32,872.68,14.3087,5.15613,20,53.3,2.0,12.0
44,1289.32,872.68,14.6344,5.5562,20,53.3,2.0,14.0
44,1289.32,872.68,15.8642,5.97814,20,53.3,2.0,16.0
44,1289.32,872.68,18.0655,6.48994,20,53.3,2.0,18.0
44,1289.32,872.68,17.4847,7.14544,20,53.3,2.0,20.0
44,1289.32,872.68,14.2237,7.697,20,53.3,2.0,22.0
44,1289.32,872.68,14.4669,8.18991,20,53.3,2.0,24.0
44,1289.32,872.68,13.4613,8.71654,20,53.3,2.0,26.0
44,1289.32,872.68,6.45168,0.550376,20,54.3,3.0,2.0
44,1289.32,872.68,15.9265,1.38458,20,54.3,3.0,4.0
44,1289.32,872.68,22.5922,1.86968,20,54.3,3.0,6.0
44,1289.32,872.68,26.3564,2.66394,20,54.3,3.0,8.0
44,1289.32,872.68,29.9899,3.47926,20,54.3,3.0,10.0
44,1289.32,872.68,31.7353,5.86144,20,54.3,3.0,12.0
44,1289.32,872.68,31.4374,6.23542,20,54.3,3.0,14.0
44,1289.32,872.68,32.0195,6.6994,20,54.3,3.0,16.0
44,1289.32,872.68,32.8095,7.27203,20,54.3,3.0,18.0
44,1289.32,872.68,32.8233,8.02714,20,54.3,3.0,20.0
44,1289.32,872.68,32.0743,8.63183,20,54.3,3.0,22.0
44,1289.32,872.68,32.8346,9.12531,20,54.3,3.0,24.0
44,1289.32,872.68,34.4647,9.74706,20,54.3,3.0,26.0
44,1289.32,872.68,8.08675,0.573377,20,55.3,4.0,2.0
44,1289.32,872.68,24.0985,1.28845,20,55.3,4.0,4.0
44,1289.32,872.68,34.3211,1.79815,20,55.3,4.0,6.0
44,1289.32,872.68,39.3912,2.67378,20,55.3,4.0,8.0
44,1289.32,872.68,42.827,3.55511,20,55.3,4.0,10.0
44,1289.32,872.68,41.9013,7.08969,20,55.3,4.0,12.0
44,1289.32,872.68,41.238,7.46841,20,55.3,4.0,14.0
44,1289.32,872.68,40.3877,7.8742,20,55.3,4.0,16.0
44,1289.32,872.68,38.8144,8.40697,20,55.3,4.0,18.0
44,1289.32,872.68,39.2865,9.04888,20,55.3,4.0,20.0
44,1289.32,872.68,36.1281,9.57926,20,55.3,4.0,22.0
44,1289.32,872.68,31.6195,10.0769,20,55.3,4.0,24.0
44,1289.32,872.68,29.3545,10.6999,20,55.3,4.0,26.0
44,1289.32,872.68,10.3246,0.613142,20,56.3,5.0,2.0
44,1289.32,872.68,29.124,1.44087,20,56.3,5.0,4.0
44,1289.32,872.68,43.4205,2.09963,20,56.3,5.0,6.0
44,1289.32,872.68,51.8384,2.99847,20,56.3,5.0,8.0
44,1289.32,872.68,53.1397,3.9445,20,56.3,5.0,10.0
44,1289.32,872.68,56.4632,7.787,20,56.3,5.0,12.0
44,1289.32,872.68,57.808,8.21748,20,56.3,5.0,14.0
44,1289.32,872.68,54.3597,8.64567,20,56.3,5.0,16.0
44,1289.32,872.68,51.0891,9.19926,20,56.3,5.0,18.0
44,1289.32,872.68,51.0688,9.92965,20,56.3,5.0,20.0
44,1289.32,872.68,53.7324,10.5255,20,56.3,5.0,22.0
44,1289.32,872.68,51.2049,11.0411,20,56.3,5.0,24.0
44,1289.32,872.68,48.4539,11.6822,20,56.3,5.0,26.0
44,1289.32,872.68,17.3468,0.761928,20,58.3,7.0,2.0
44,1289.32,872.68,52.0427,1.98946,20,58.3,7.0,4.0
44,1289.32,872.68,78.7521,2.67407,20,58.3,7.0,6.0
44,1289.32,872.68,97.9103,3.66099,20,58.3,7.0,8.0
44,1289.32,872.68,106.514,4.75829,20,58.3,7.0,10.0
44,1289.32,872.68,110.834,9.16872,20,58.3,7.0,12.0
44,1289.32,872.68,112.004,9.66337,20,58.3,7.0,14.0
44,1289.32,872.68,110.802,10.1748,20,58.3,7.0,16.0
44,1289.32,872.68,109.104,10.8568,20,58.3,7.0,18.0
44,1289.32,872.68,112.556,11.7679,20,58.3,7.0,20.0
44,1289.32,872.68,112.656,12.4783,20,58.3,7.0,22.0
44,1289.32,872.68,115.283,13.0704,20,58.3,7.0,24.0
44,1289.32,872.68,113.581,13.7991,20,58.3,7.0,26.0
45,1291.95,318.97,0.190384,0.535899,20,52.3,1.0,2.0
45,1291.95,318.97,1.34091,3.36562,20,52.3,1.0,4.0
45,1291.95,318.97,2.27369,3.52453,20,52.3,1.0,6.0
45,1291.95,318.97,1.43905,3.79169,20,52.3,1.0,8.0
45,1291.95,318.97,1.73485,5.01006,20,52.3,1.0,10.0
45,1291.95,318.97,-0.725078,5.53433,20,52.3,1.0,12.0
45,1291.95,318.97,-1.34262,5.86998,20,52.3,1.0,14.0
45,1291.95,318.97,-2.09785,6.68597,20,52.3,1.0,16.0
45,1291.95,318.97,-4.55116,7.08385,20,52.3,1.0,18.0
45,1291.95,318.97,-8.26204,7.76972,20,52.3,1.0,20.0
45,1291.95,318.97,-7.98439,8.33226,20,52.3,1.0,22.0
45,1291.95,318.97,-10.449,8.90906,20,52.3,1.0,24.0
45,1291.95,318.97,-11.1627,9.3939,20,52.3,1.0,26.0
45,1291.95,318.97,2.13326,0.54133,20,53.3,2.0,2.0
45,1291.95,318.97,5.86209,4.93935,20,53.3,2.0,4.0
45,1291.95,318.97,6.24133,5.05431,20,53.3,2.0,6.0
45,1291.95,318.97,6.81802,5.28826,20,53.3,2.0,8.0
45,1291.95,318.97,7.92613,6.01636,20,53.3,2.0,10.0
45,1291.95,318.97,9.84419,6.47755,20,53.3,2.0,12.0
45,1291.95,318.97,12.2345,6.7979,20,53.3,2.0,14.0
45,1291.95,318.97,11.6215,7.58014,20,53.3,2.0,16.0
45,1291.95,318.97,11.2236,7.95494,20,53.3,2.0,18.0
45,1291.95,318.97,13.3515,8.70662,20,53.3,2.0,20.0
45,1291.95,318.97,12.952,9.16608,20,53.3,2.0,22.0
45,1291.95,318.97,14.0406,9.72847,20,53.3,2.0,24.0
45,1291.95,318.97,15.8521,10.2577,20,53.3,2.0,26.0
45,1291.95,318.97,4.50439,0.628924,20,54.3,3.0,2.0
45,1291.95,318.97,13.6176,5.56031,20,54.3,3.0,4.0
45,1291.95,318.97,19.7734,5.67901,20,54.3,3.0,6.0
45,1291.95,318.97,22.7017,5.91016,20,54.3,3.0,8.0
45,1291.95,318.97,22.8522,6.83873,20,54.3,3.0,10.0
45,1291.95,318.97,21.8464,7.34569,20,54.3,3.0,12.0
45,1291.95,318.97,25.3129,7.70676,20,54.3,3.0,14.0
45,1291.95,318.97,28.3582,8.89924,20,54.3,3.0,16.0
45,1291.95,318.97,28.71,9.25953,20,54.3,3.0,18.0
45,1291.95,318.97,29.6077,9.91305,20,54.3,3.0,20.0
45,1291.95,318.97,30.7711,10.4431,20,54.3,3.0,22.0
45,1291.95,318.97,29.4862,11.0314,20,54.3,3.0,24.0
45,1291.95,318.97,23.3638,11.5613,20,54.3,3.0,26.0
45,1291.95,318.97,7.36956,0.689177,20,55.3,4.0,2.0
45,1291.95,318.97,23.7015,6.86737,20,55.3,4.0,4.0
45,1291.95,318.97,33.4966,6.97607,20,55.3,4.0,6.0
45,1291.95,318.97,38.2945,7.21074,20,55.3,4.0,8.0
45,1291.95,318.97,39.6879,8.11,20,55.3,4.0,10.0
45,1291.95,318.97,39.7545,8.53133,20,55.3,4.0,12.0
45,1291.95,318.97,40.1353,8.85503,20,55.3,4.0,14.0
45,1291.95,318.97,39.5644,9.937,20,55.3,4.0,16.0
45,1291.95,318.97,37.1517,10.3294,20,55.3,4.0,18.0
45,1291.95,318.97,37.3769,10.9662,20,55.3,4.0,20.0
45,1291.95,318.97,39.853,11.5569,20,55.3,4.0,22.0
45,1291.95,318.97,36.3837,12.1798,20,55.3,4.0,24.0
45,1291.95,318.97,33.4481,12.7134,20,55.3,4.0,26.0
45,1291.95,318.97,10.0428,0.755209,20,56.3,5.0,2.0
45,1291.95,318.97,36.0952,5.25618,20,56.3,5.0,4.0
45,1291.95,318.97,54.356,5.44513,20,56.3,5.0,6.0
45,1291.95,318.97,64.2315,5.78287,20,56.3,5.0,8.0
45,1291.95,318.97,66.8877,7.01908,20,56.3,5.0,10.0
45,1291.95,318.97,64.8326,7.60421,20,56.3,5.0,12.0
45,1291.95,318.97,64.0492,8.02578,20,56.3,5.0,14.0
45,1291.95,318.97,61.9601,9.34058,20,56.3,5.0,16.0
45,1291.95,318.97,59.5483,9.82927,20,56.3,5.0,18.0
45,1291.95,318.97,58.0818,10.6343,20,56.3,5.0,20.0
45,1291.95,318.97,57.2007,11.2181,20,56.3,5.0,22.0
45,1291.95,318.97,53.287,11.9921,20,56.3,5.0,24.0
45,1291.95,318.97,55.5602,12.6359,20,56.3,5.0,26.0
45,1291.95,318.97,22.3099,0.934792,20,58.3,7.0,2.0
45,1291.95,318.97,72.6466,10.8647,20,58.3,7.0,4.0
45,1291.95,318.97,107.9,10.9919,20,58.3,7.0,6.0
45,1291.95,318.97,127.26,11.2401,20,58.3,7.0,8.0
45,1291.95,318.97,138.359,12.2354,20,58.3,7.0,10.0
45,1291.95,318.97,143.716,12.7318,20,58.3,7.0,12.0
45,1291.95,318.97,145.658,13.0844,20,58.3,7.0,14.0
45,1291.95,318.97,144.51,14.0444,20,58.3,7.0,16.0
45,1291.95,318.97,139.251,14.5213,20,58.3,7.0,18.0
45,1291.95,318.97,135.917,15.2852,20,58.3,7.0,20.0
45,1291.95,318.97,132.428,15.973,20,58.3,7.0,22.0
45,1291.95,318.97,125.009,16.6503,20,58.3,7.0,24.0
45,1291.95,318.97,115.354,17.2953,20,58.3,7.0,26.0
46,1318.19,72.35,0.614933,0.802423,20,52.3,1.0,2.0
46,1318.19,72.35,0.787506,1.53636,20,52.3,1.0,4.0
46,1318.19,72.35,1.51837,2.08981,20,52.3,1.0,6.0
46,1318.19,72.35,3.21737,2.69701,20,52.3,1.0,8.0
46,1318.19,72.35,4.14147,3.34933,20,52.3,1.0,10.0
46,1318.19,72.35,3.05174,4.03006,20,52.3,1.0,12.0
46,1318.19,72.35,0.987095,4.49243,20,52.3,1.0,14.0
46,1318.19,72.35,-1.29529,5.3066,20,52.3,1.0,16.0
46,1318.19,72.35,-4.95854,6.5616,20,52.3,1.0,18.0
46,1318.19,72.35,-7.52762,7.0587,20,52.3,1.0,20.0
46,1318.19,72.35,-12.1079,7.55125,20,52.3,1.0,22.0
46,1318.19,72.35,-13.728,8.16206,20,52.3,1.0,24.0
46,1318.19,72.35,-12.9561,8.7121,20,52.3,1.0,26.0
46,1318.19,72.35,1.51744,1.08368,20,53.3,2.0,2.0
46,1318.19,72.35,3.88612,1.79915,20,53.3,2.0,4.0
46,1318.19,72.35,4.62476,2.4222,20,53.3,2.0,6.0
46,1318.19,72.35,3.60782,2.98002,20,53.3,2.0,8.0
46,1318.19,72.35,2.68635,3.58027,20,53.3,2.0,10.0
46,1318.19,72.35,3.88786,4.3179,20,53.3,2.0,12.0
46,1318.19,72.35,3.99409,4.81948,20,53.3,2.0,14.0
46,1318.19,72.35,5.41996,5.78998,20,53.3,2.0,16.0
46,1318.19,72.35,6.20936,7.50229,20,53.3,2.0,18.0
46,1318.19,72.35,5.73333,8.02578,20,53.3,2.0,20.0
46,1318.19,72.35,3.38449,8.53167,20,53.3,2.0,22.0
46,1318.19,72.35,6.24951,9.15214,20,53.3,2.0,24.0
46,1318.19,72.35,8.23213,9.69323,20,53.3,2.0,26.0
46,1318.19,72.35,3.13316,1.01199,20,54.3,3.0,2.0
46,1318.19,72.35,8.55655,1.80032,20,54.3,3.0,4.0
46,1318.19,72.35,12.7237,2.4588,20,54.3,3.0,6.0
46,1318.19,72.35,14.6193,3.04273,20,54.3,3.0,8.0
46,1318.19,72.35,12.9021,3.78854,20,54.3,3.0,10.0
46,1318.19,72.35,9.57429,4.5669,20,54.3,3.0,12.0
46,1318.19,72.35,9.84986,5.07991,20,54.3,3.0,14.0
46,1318.19,72.35,9.51968,6.25244,20,54.3,3.0,16.0
46,1318.19,72.35,8.10995,7.55088,20,54.3,3.0,18.0
46,1318.19,72.35,8.76367,8.09122,20,54.3,3.0,20.0
46,1318.19,72.35,5.75418,8.65431,20,54.3,3.0,22.0
46,1318.19,72.35,1.08866,9.2976,20,54.3,3.0,24.0
46,1318.19,72.35,-1.0543,9.93342,20,54.3,3.0,26.0
46,1318.19,72.35,4.78151,1.18239,20,55.3,4.0,2.0
46,1318.19,72.35,14.7452,1.91727,20,55.3,4.0,4.0
46,1318.19,72.35,22.1165,2.57921,20,55.3,4.0,6.0
46,1318.19,72.35,25.4199,3.25894,20,55.3,4.0,8.0
46,1318.19,72.35,27.8437,4.04101,20,55.3,4.0,10.0
46,1318.19,72.35,27.104,4.934,20,55.3,4.0,12.0
46,1318.19,72.35,25.9247,5.42266,20,55.3,4.0,14.0
46,1318.19,72.35,28.109,6.55256,20,55.3,4.0,16.0
46,1318.19,72.35,28.2058,8.25236,20,55.3,4.0,18.0
46,1318.19,72.35,28.3016,8.86728,20,55.3,4.0,20.0
46,1318.19,72.35,29.8334,9.43714,20,55.3,4.0,22.0
46,1318.19,72.35,30.1104,10.0834,20,55.3,4.0,24.0
46,1318.19,72.35,31.2868,10.7518,20,55.3,4.0,26.0
46,1318.19,72.35,8.79897,1.10102,20,56.3,5.0,2.0
46,1318.19,72.35,23.3196,2.02104,20,56.3,5.0,4.0
46,1318.19,72.35,35.3765,2.64137,20,56.3,5.0,6.0
46,1318.19,72.35,40.092,3.39963,20,56.3,5.0,8.0
46,1318.19,72.35,41.0711,4.36205,20,56.3,5.0,10.0
46,1318.19,72.35,41.5921,5.25671,20,56.3,5.0,12.0
46,1318.19,72.35,40.9144,5.81954,20,56.3,5.0,14.0
46,1318.19,72.35,42.8906,7.04648,20,56.3,5.0,16.0
46,1318.19,72.35,42.1519,9.41294,20,56.3,5.0,18.0
46,1318.19,72.35,43.0176,9.99986,20,56.3,5.0,20.0
46,1318.19,72.35,46.0636,10.5886,20,56.3,5.0,22.0
46,1318.19,72.35,47.5783,11.3414,20,56.3,5.0,24.0
46,1318.19,72.35,49.1507,12.0362,20,56.3,5.0,26.0
46,1318.19,72.35,20.1883,1.34628,20,58.3,7.0,2.0
46,1318.19,72.35,54.2313,2.48924,20,58.3,7.0,4.0
46,1318.19,72.35,78.1361,3.33643,20,58.3,7.0,6.0
46,1318.19,72.35,91.6406,4.28919,20,58.3,7.0,8.0
46,1318.19,72.35,97.0404,5.27965,20,58.3,7.0,10.0
46,1318.19,72.35,101.744,6.30623,20,58.3,7.0,12.0
46,1318.19,72.35,105.628,6.95095,20,58.3,7.0,14.0
46,1318.19,72.35,110.04,8.30915,20,58.3,7.0,16.0
46,1318.19,72.35,116.348,11.4685,20,58.3,7.0,18.0
46,1318.19,72.35,120.745,12.1965,20,58.3,7.0,20.0
46,1318.19,72.35,118.171,12.8985,20,58.3,7.0,22.0
46,1318.19,72.35,115.312,13.7644,20,58.3,7.0,24.0
46,1318.19,72.35,116.541,14.4805,20,58.3,7.0,26.0
47,1373.68,809.3,1.81397,1.01489,20,52.3,1.0,2.0
47,1373.68,809.3,5.62565,1.38353,20,52.3,1.0,4.0
47,1373.68,809.3,6.99676,1.80933,20,52.3,1.0,6.0
47,1373.68,809.3,7.77951,2.40953,20,52.3,1.0,8.0
47,1373.68,809.3,7.44148,2.94479,20,52.3,1.0,10.0
47,1373.68,809.3,7.53252,3.8943,20,52.3,1.0,12.0
47,1373.68,809.3,5.913,4.33724,20,52.3,1.0,14.0
47,1373.68,809.3,5.69981,5.02037,20,52.3,1.0,16.0
47,1373.68,809.3,7.69493,5.57956,20,52.3,1.0,18.0
47,1373.68,809.3,10.667,6.11435,20,52.3,1.0,20.0
47,1373.68,809.3,10.2149,6.7407,20,52.3,1.0,22.0
47,1373.68,809.3,11.5472,7.29778,20,52.3,1.0,24.0
47,1373.68,809.3,15.3783,7.82314,20,52.3,1.0,26.0
47,1373.68,809.3,8.69455,0.813067,20,53.3,2.0,2.0
47,1373.68,809.3,23.3982,1.29047,20,53.3,2.0,4.0
47,1373.68,809.3,32.8873,1.81025,20,53.3,2.0,6.0
47,1373.68,809.3,36.8697,2.58554,20,53.3,2.0,8.0
47,1373.68,809.3,38.0605,3.19977,20,53.3,2.0,10.0
47,1373.68,809.3,37.936,4.16528,20,53.3,2.0,12.0
47,1373.68,809.3,37.8663,4.6617,20,53.3,2.0,14.0
47,1373.68,809.3,39.1589,5.4035,20,53.3,2.0,16.0
47,1373.68,809.3,42.1381,5.97641,20,53.3,2.0,18.0
47,1373.68,809.3,40.8522,6.6585,20,53.3,2.0,20.0
47,1373.68,809.3,38.4912,7.26785,20,53.3,2.0,22.0
47,1373.68,809.3,35.7545,7.84382,20,53.3,2.0,24.0
47,1373.68,809.3,36.2903,8.4202,20,53.3,2.0,26.0
47,1373.68,809.3,17.099,1.40726,20,54.3,3.0,2.0
47,1373.68,809.3,49.1653,1.76688,20,54.3,3.0,4.0
47,1373.68,809.3,69.3537,2.18884,20,54.3,3.0,6.0
47,1373.68,809.3,80.3151,2.99466,20,54.3,3.0,8.0
47,1373.68,809.3,86.2606,3.60098,20,54.3,3.0,10.0
47,1373.68,809.3,88.2576,4.61703,20,54.3,3.0,12.0
47,1373.68,809.3,92.2323,5.13809,20,54.3,3.0,14.0
47,1373.68,809.3,95.2808,5.78838,20,54.3,3.0,16.0
47,1373.68,809.3,96.7178,6.37528,20,54.3,3.0,18.0
47,1373.68,809.3,100.271,6.97521,20,54.3,3.0,20.0
47,1373.68,809.3,100.32,7.70614,20,54.3,3.0,22.0
47,1373.68,809.3,101.038,8.316,20,54.3,3.0,24.0
47,1373.68,809.3,97.8724,8.88562,20,54.3,3.0,26.0
47,1373.68,809.3,28.2025,1.34881,20,55.3,4.0,2.0
47,1373.68,809.3,76.2817,1.84806,20,55.3,4.0,4.0
47,1373.68,809.3,111.0,2.30422,20,55.3,4.0,6.0
47,1373.68,809.3,129.907,3.24853,20,55.3,4.0,8.0
47,1373.68,809.3,139.959,3.89081,20,55.3,4.0,10.0
47,1373.68,809.3,145.536,5.02596,20,55.3,4.0,12.0
47,1373.68,809.3,148.668,5.49489,20,55.3,4.0,14.0
47,1373.68,809.3,147.616,6.22368,20,55.3,4.0,16.0
47,1373.68,809.3,149.374,6.88104,20,55.3,4.0,18.0
47,1373.68,809.3,151.292,7.51657,20,55.3,4.0,20.0
47,1373.68,809.3,150.87,8.22029,20,55.3,4.0,22.0
47,1373.68,809.3,151.829,8.83283,20,55.3,4.0,24.0
47,1373.68,809.3,153.654,9.45482,20,55.3,4.0,26.0
47,1373.68,809.3,31.0559,1.26659,20,56.3,5.0,2.0
47,1373.68,809.3,98.0089,1.87096,20,56.3,5.0,4.0
47,1373.68,809.3,147.604,2.38777,20,56.3,5.0,6.0
47,1373.68,809.3,175.555,3.26385,20,56.3,5.0,8.0
47,1373.68,809.3,187.008,3.99127,20,56.3,5.0,10.0
47,1373.68,809.3,192.178,5.22357,20,56.3,5.0,12.0
47,1373.68,809.3,192.223,5.79758,20,56.3,5.0,14.0
47,1373.68,809.3,191.826,6.73642,20,56.3,5.0,16.0
47,1373.68,809.3,193.344,7.46088,20,56.3,5.0,18.0
47,1373.68,809.3,197.328,8.17735,20,56.3,5.0,20.0
47,1373.68,809.3,195.107,8.9993,20,56.3,5.0,22.0
47,1373.68,809.3,195.566,9.67231,20,56.3,5.0,24.0
47,1373.68,809.3,199.146,10.3702,20,56.3,5.0,26.0
47,1373.68,809.3,54.8849,1.66202,20,58.3,7.0,2.0
47,1373.68,809.3,172.536,2.39068,20,58.3,7.0,4.0
47,1373.68,809.3,252.417,3.09552,20,58.3,7.0,6.0
47,1373.68,809.3,301.182,4.1534,20,58.3,7.0,8.0
47,1373.68,809.3,330.139,5.01485,20,58.3,7.0,10.0
47,1373.68,809.3,348.482,6.53804,20,58.3,7.0,12.0
47,1373.68,809.3,361.096,7.17053,20,58.3,7.0,14.0
47,1373.68,809.3,371.201,8.27299,20,58.3,7.0,16.0
47,1373.68,809.3,382.422,9.06313,20,58.3,7.0,18.0
47,1373.68,809.3,390.818,9.83458,20,58.3,7.0,20.0
47,1373.68,809.3,394.994,10.7483,20,58.3,7.0,22.0
47,1373.68,809.3,396.675,11.542,20,58.3,7.0,24.0
47,1373.68,809.3,395.707,12.4059,20,58.3,7.0,26.0
48,1377.8,911.01,1.68226,0.466351,20,52.3,1.0,2.0
48,1377.8,911.01,5.76242,1.60695,20,52.3,1.0,4.0
48,1377.8,911.01,9.91976,1.95452,20,52.3,1.0,6.0
48,1377.8,911.01,12.7871,2.87244,20,52.3,1.0,8.0
48,1377.8,911.01,14.5557,3.53555,20,52.3,1.0,10.0
48,1377.8,911.01,15.8189,4.02634,20,52.3,1.0,12.0
48,1377.8,911.01,13.3139,4.73094,20,52.3,1.0,14.0
48,1377.8,911.01,14.2908,5.42231,20,52.3,1.0,16.0
48,1377.8,911.01,14.6852,6.38538,20,52.3,1.0,18.0
48,1377.8,911.01,18.7313,6.84796,20,52.3,1.0,20.0
48,1377.8,911.01,18.5776,7.33447,20,52.3,1.0,22.0
48,1377.8,911.01,21.6244,8.10531,20,52.3,1.0,24.0
48,1377.8,911.01,21.4452,8.68396,20,52.3,1.0,26.0
48,1377.8,911.01,6.07617,0.558111,20,53.3,2.0,2.0
48,1377.8,911.01,19.3228,1.8898,20,53.3,2.0,4.0
48,1377.8,911.01,26.7478,2.31319,20,53.3,2.0,6.0
48,1377.8,911.01,28.4799,3.08076,20,53.3,2.0,8.0
48,1377.8,911.01,27.8829,3.71996,20,53.3,2.0,10.0
48,1377.8,911.01,28.2485,4.37958,20,53.3,2.0,12.0
48,1377.8,911.01,28.0442,5.12696,20,53.3,2.0,14.0
48,1377.8,911.01,29.1946,5.76561,20,53.3,2.0,16.0
48,1377.8,911.01,30.8785,6.62955,20,53.3,2.0,18.0
48,1377.8,911.01,32.4648,7.15657,20,53.3,2.0,20.0
48,1377.8,911.01,30.5459,7.65433,20,53.3,2.0,22.0
48,1377.8,911.01,29.8761,8.47277,20,53.3,2.0,24.0
48,1377.8,911.01,28.0871,9.07535,20,53.3,2.0,26.0
48,1377.8,911.01,13.5954,0.616715,20,54.3,3.0,2.0
48,1377.8,911.01,40.7454,1.84101,20,54.3,3.0,4.0
48,1377.8,911.01,57.1861,2.30714,20,54.3,3.0,6.0
48,1377.8,911.01,64.2456,3.27222,20,54.3,3.0,8.0
48,1377.8,911.01,70.475,3.91939,20,54.3,3.0,10.0
48,1377.8,911.01,72.1521,4.53292,20,54.3,3.0,12.0
48,1377.8,911.01,73.3986,5.2919,20,54.3,3.0,14.0
48,1377.8,911.01,74.2733,6.05699,20,54.3,3.0,16.0
48,1377.8,911.01,72.7864,7.07079,20,54.3,3.0,18.0
48,1377.8,911.01,76.2532,7.70967,20,54.3,3.0,20.0
48,1377.8,911.01,76.047,8.30467,20,54.3,3.0,22.0
48,1377.8,911.01,78.3921,9.25822,20,54.3,3.0,24.0
48,1377.8,911.01,78.5035,9.89098,20,54.3,3.0,26.0
48,1377.8,911.01,23.4459,0.668181,20,55.3,4.0,2.0
48,1377.8,911.01,69.5236,2.03102,20,55.3,4.0,4.0
48,1377.8,911.01,97.5887,2.58453,20,55.3,4.0,6.0
48,1377.8,911.01,111.391,3.53219,20,55.3,4.0,8.0
48,1377.8,911.01,116.483,4.37394,20,55.3,4.0,10.0
48,1377.8,911.01,118.055,4.9746,20,55.3,4.0,12.0
48,1377.8,911.01,118.627,5.76472,20,55.3,4.0,14.0
48,1377.8,911.01,120.384,6.50908,20,55.3,4.0,16.0
48,1377.8,911.01,118.895,7.41458,20,55.3,4.0,18.0
48,1377.8,911.01,117.042,8.01684,20,55.3,4.0,20.0
48,1377.8,911.01,117.728,8.67063,20,55.3,4.0,22.0
48,1377.8,911.01,114.136,9.74227,20,55.3,4.0,24.0
48,1377.8,911.01,108.36,10.4304,20,55.3,4.0,26.0
48,1377.8,911.01,35.0143,0.770689,20,56.3,5.0,2.0
48,1377.8,911.01,104.062,2.30095,20,56.3,5.0,4.0
48,1377.8,911.01,148.022,2.88371,20,56.3,5.0,6.0
48,1377.8,911.01,173.156,4.06958,20,56.3,5.0,8.0
48,1377.8,911.01,183.163,4.85963,20,56.3,5.0,10.0
48,1377.8,911.01,189.19,5.52856,20,56.3,5.0,12.0
48,1377.8,911.01,193.773,6.32692,20,56.3,5.0,14.0
48,1377.8,911.01,195.055,7.07593,20,56.3,5.0,16.0
48,1377.8,911.01,197.493,8.18525,20,56.3,5.0,18.0
48,1377.8,911.01,198.534,8.84345,20,56.3,5.0,20.0
48,1377.8,911.01,195.118,9.56625,20,56.3,5.0,22.0
48,1377.8,911.01,195.023,10.5161,20,56.3,5.0,24.0
48,1377.8,911.01,191.549,11.2299,20,56.3,5.0,26.0
48,1377.8,911.01,68.9349,1.08728,20,58.3,7.0,2.0
48,1377.8,911.01,200.093,2.53124,20,58.3,7.0,4.0
48,1377.8,911.01,293.412,3.30757,20,58.3,7.0,6.0
48,1377.8,911.01,349.15,4.72541,20,58.3,7.0,8.0
48,1377.8,911.01,378.895,5.72041,20,58.3,7.0,10.0
48,1377.8,911.01,398.817,6.53087,20,58.3,7.0,12.0
48,1377.8,911.01,411.609,7.68501,20,58.3,7.0,14.0
48,1377.8,911.01,422.914,8.57,20,58.3,7.0,16.0
48,1377.8,911.01,428.086,10.0484,20,58.3,7.0,18.0
48,1377.8,911.01,426.988,10.8545,20,58.3,7.0,20.0
48,1377.8,911.01,423.813,11.6075,20,58.3,7.0,22.0
48,1377.8,911.01,427.76,12.6238,20,58.3,7.0,24.0
48,1377.8,911.01,431.099,13.4682,20,58.3,7.0,26.0
49,1385.22,115.29,-0.184982,0.793797,20,52.3,1.0,2.0
49,1385.22,115.29,-1.18772,1.68893,20,52.3,1.0,4.0
49,1385.22,115.29,-1.50319,2.8978,20,52.3,1.0,6.0
49,1385.22,115.29,-1.10439,3.44307,20,52.3,1.0,8.0
49,1385.22,115.29,-3.25189,3.93649,20,52.3,1.0,10.0
49,1385.22,115.29,-4.06854,4.83057,20,52.3,1.0,12.0
49,1385.22,115.29,-3.84251,5.62313,20,52.3,1.0,14.0
49,1385.22,115.29,-4.8313,6.26204,20,52.3,1.0,16.0
49,1385.22,115.29,-4.88036,6.75325,20,52.3,1.0,18.0
49,1385.22,115.29,-4.22999,7.20927,20,52.3,1.0,20.0
49,1385.22,115.29,-4.93371,7.76956,20,52.3,1.0,22.0
49,1385.22,115.29,-4.96875,8.25521,20,52.3,1.0,24.0
49,1385.22,115.29,-5.47294,8.81174,20,52.3,1.0,26.0
49,1385.22,115.29,-0.0799808,0.806643,20,53.3,2.0,2.0
49,1385.22,115.29,-0.647314,1.63675,20,53.3,2.0,4.0
49,1385.22,115.29,-0.366527,2.47386,20,53.3,2.0,6.0
49,1385.22,115.29,1.51234,3.42159,20,53.3,2.0,8.0
49,1385.22,115.29,0.402012,3.94294,20,53.3,2.0,10.0
49,1385.22,115.29,-0.945135,4.69018,20,53.3,2.0,12.0
49,1385.22,115.29,-2.40943,5.57035,20,53.3,2.0,14.0
49,1385.22,115.29,-0.0962672,6.25389,20,53.3,2.0,16.0
49,1385.22,115.29,-0.519696,6.78695,20,53.3,2.0,18.0
49,1385.22,115.29,-1.39247,7.30745,20,53.3,2.0,20.0
49,1385.22,115.29,-3.18887,7.9528,20,53.3,2.0,22.0
49,1385.22,115.29,-3.34687,8.54585,20,53.3,2.0,24.0
49,1385.22,115.29,-4.32108,9.15728,20,53.3,2.0,26.0
49,1385.22,115.29,1.22635,0.956768,20,54.3,3.0,2.0
49,1385.22,115.29,2.57887,1.90299,20,54.3,3.0,4.0
49,1385.22,115.29,3.09761,3.60024,20,54.3,3.0,6.0
49,1385.22,115.29,3.78976,4.43726,20,54.3,3.0,8.0
49,1385.22,115.29,4.67557,4.93302,20,54.3,3.0,10.0
49,1385.22,115.29,2.75719,5.72766,20,54.3,3.0,12.0
49,1385.22,115.29,1.78601,6.62631,20,54.3,3.0,14.0
49,1385.22,115.29,1.05518,7.3336,20,54.3,3.0,16.0
49,1385.22,115.29,-0.667332,7.8345,20,54.3,3.0,18.0
49,1385.22,115.29,-2.73113,8.36074,20,54.3,3.0,20.0
49,1385.22,115.29,-2.79417,9.01718,20,54.3,3.0,22.0
49,1385.22,115.29,-5.19924,9.59442,20,54.3,3.0,24.0
49,1385.22,115.29,-9.29917,10.2321,20,54.3,3.0,26.0
49,1385.22,115.29,2.17621,0.986346,20,55.3,4.0,2.0
49,1385.22,115.29,8.82899,1.97947,20,55.3,4.0,4.0
49,1385.22,115.29,14.3529,3.10032,20,55.3,4.0,6.0
49,1385.22,115.29,18.2302,3.9699,20,55.3,4.0,8.0
49,1385.22,115.29,20.0023,4.57561,20,55.3,4.0,10.0
49,1385.22,115.29,21.9077,5.56523,20,55.3,4.0,12.0
49,1385.22,115.29,23.407,6.6676,20,55.3,4.0,14.0
49,1385.22,115.29,22.7728,7.32842,20,55.3,4.0,16.0
49,1385.22,115.29,23.1872,7.91843,20,55.3,4.0,18.0
49,1385.22,115.29,20.4602,8.49502,20,55.3,4.0,20.0
49,1385.22,115.29,21.2157,9.28062,20,55.3,4.0,22.0
49,1385.22,115.29,19.8518,9.9068,20,55.3,4.0,24.0
49,1385.22,115.29,20.0172,10.5416,20,55.3,4.0,26.0
49,1385.22,115.29,7.39416,1.24597,20,56.3,5.0,2.0
49,1385.22,115.29,23.4222,2.32313,20,56.3,5.0,4.0
49,1385.22,115.29,35.9269,3.83667,20,56.3,5.0,6.0
49,1385.22,115.29,43.2851,4.69371,20,56.3,5.0,8.0
49,1385.22,115.29,47.1279,5.33358,20,56.3,5.0,10.0
49,1385.22,115.29,47.7809,6.19935,20,56.3,5.0,12.0
49,1385.22,115.29,45.7479,7.03787,20,56.3,5.0,14.0
49,1385.22,115.29,46.0009,7.86827,20,56.3,5.0,16.0
49,1385.22,115.29,46.6719,8.48305,20,56.3,5.0,18.0
49,1385.22,115.29,47.176,9.12555,20,56.3,5.0,20.0
49,1385.22,115.29,50.511,9.90601,20,56.3,5.0,22.0
49,1385.22,115.29,50.4677,10.6055,20,56.3,5.0,24.0
49,1385.22,115.29,48.8952,11.3787,20,56.3,5.0,26.0
49,1385.22,115.29,18.6396,1.41055,20,58.3,7.0,2.0
49,1385.22,115.29,62.6907,2.79097,20,58.3,7.0,4.0
49,1385.22,115.29,97.7464,4.80554,20,58.3,7.0,6.0
49,1385.22,115.29,118.335,5.86767,20,58.3,7.0,8.0
49,1385.22,115.29,128.931,6.52504,20,58.3,7.0,10.0
49,1385.22,115.29,134.189,7.60507,20,58.3,7.0,12.0
49,1385.22,115.29,132.918,9.0652,20,58.3,7.0,14.0
49,1385.22,115.29,131.558,9.98714,20,58.3,7.0,16.0
49,1385.22,115.29,130.845,10.6813,20,58.3,7.0,18.0
49,1385.22,115.29,124.564,11.3977,20,58.3,7.0,20.0
49,1385.22,115.29,116.208,12.3181,20,58.3,7.0,22.0
49,1385.22,115.29,111.4,13.0888,20,58.3,7.0,24.0
49,1385.22,115.29,110.761,13.9709,20,58.3,7.0,26.0
50,1402.61,204.47,2.78434,0.90344,20,52.3,1.0,2.0
50,1402.61,204.47,6.57811,1.2611,20,52.3,1.0,4.0
50,1402.61,204.47,8.50788,3.72217,20,52.3,1.0,6.0
50,1402.61,204.47,10.2557,4.06384,20,52.3,1.0,8.0
50,1402.61,204.47,10.4711,4.48664,20,52.3,1.0,10.0
50,1402.61,204.47,12.5417,4.96052,20,52.3,1.0,12.0
50,1402.61,204.47,12.592,5.39906,20,52.3,1.0,14.0
50,1402.61,204.47,12.3417,5.80952,20,52.3,1.0,16.0
50,1402.61,204.47,9.58312,6.42119,20,52.3,1.0,18.0
50,1402.61,204.47,7.26099,6.97135,20,52.3,1.0,20.0
50,1402.61,204.47,7.67788,7.5787,20,52.3,1.0,22.0
50,1402.61,204.47,4.75422,8.15098,20,52.3,1.0,24.0
50,1402.61,204.47,0.148158,8.85379,20,52.3,1.0,26.0
50,1402.61,204.47,4.7368,0.841262,20,53.3,2.0,2.0
50,1402.61,204.47,14.6523,1.35314,20,53.3,2.0,4.0
50,1402.61,204.47,23.4833,3.46955,20,53.3,2.0,6.0
50,1402.61,204.47,27.3751,3.82934,20,53.3,2.0,8.0
50,1402.61,204.47,28.3414,4.27078,20,53.3,2.0,10.0
50,1402.61,204.47,28.3624,4.87637,20,53.3,2.0,12.0
50,1402.61,204.47,29.4574,5.47735,20,53.3,2.0,14.0
50,1402.61,204.47,27.9229,5.97914,20,53.3,2.0,16.0
50,1402.61,204.47,25.6658,6.68374,20,53.3,2.0,18.0
50,1402.61,204.47,25.7512,7.26866,20,53.3,2.0,20.0
50,1402.61,204.47,23.6172,7.85234,20,53.3,2.0,22.0
50,1402.61,204.47,22.6206,8.50667,20,53.3,2.0,24.0
50,1402.61,204.47,22.1972,9.28298,20,53.3,2.0,26.0
50,1402.61,204.47,11.8758,1.08512,20,54.3,3.0,2.0
50,1402.61,204.47,33.6657,1.60712,20,54.3,3.0,4.0
50,1402.61,204.47,50.4358,3.19187,20,54.3,3.0,6.0
50,1402.61,204.47,58.9552,3.63426,20,54.3,3.0,8.0
50,1402.61,204.47,63.493,4.27112,20,54.3,3.0,10.0
50,1402.61,204.47,65.0076,4.98507,20,54.3,3.0,12.0
50,1402.61,204.47,68.7084,5.61415,20,54.3,3.0,14.0
50,1402.61,204.47,71.3629,6.12089,20,54.3,3.0,16.0
50,1402.61,204.47,72.4781,6.83785,20,54.3,3.0,18.0
50,1402.61,204.47,73.9613,7.4435,20,54.3,3.0,20.0
50,1402.61,204.47,74.2145,8.09439,20,54.3,3.0,22.0
50,1402.61,204.47,74.011,8.81859,20,54.3,3.0,24.0
50,1402.61,204.47,72.0935,9.7813,20,54.3,3.0,26.0
50,1402.61,204.47,20.3162,1.11336,20,55.3,4.0,2.0
50,1402.61,204.47,61.5773,1.65529,20,55.3,4.0,4.0
50,1402.61,204.47,97.1717,3.732,20,55.3,4.0,6.0
50,1402.61,204.47,112.937,4.1877,20,55.3,4.0,8.0
50,1402.61,204.47,118.79,4.81072,20,55.3,4.0,10.0
50,1402.61,204.47,123.458,5.43635,20,55.3,4.0,12.0
50,1402.61,204.47,124.239,6.06656,20,55.3,4.0,14.0
50,1402.61,204.47,127.551,6.58313,20,55.3,4.0,16.0
50,1402.61,204.47,131.627,7.41352,20,55.3,4.0,18.0
50,1402.61,204.47,133.854,8.10384,20,55.3,4.0,20.0
50,1402.61,204.47,132.684,8.75852,20,55.3,4.0,22.0
50,1402.61,204.47,130.729,9.51786,20,55.3,4.0,24.0
50,1402.61,204.47,128.771,10.3906,20,55.3,4.0,26.0
50,1402.61,204.47,32.0134,1.26803,20,56.3,5.0,2.0
50,1402.61,204.47,97.874,1.85686,20,56.3,5.0,4.0
50,1402.61,204.47,151.57,3.98412,20,56.3,5.0,6.0
50,1402.61,204.47,178.185,4.49445,20,56.3,5.0,8.0
50,1402.61,204.47,193.732,5.16946,20,56.3,5.0,10.0
50,1402.61,204.47,201.481,5.92167,20,56.3,5.0,12.0
50,1402.61,204.47,203.242,6.69106,20,56.3,5.0,14.0
50,1402.61,204.47,206.379,7.2377,20,56.3,5.0,16.0
50,1402.61,204.47,210.492,8.08213,20,56.3,5.0,18.0
50,1402.61,204.47,212.984,8.81749,20,56.3,5.0,20.0
50,1402.61,204.47,215.427,9.63283,20,56.3,5.0,22.0
50,1402.61,204.47,215.538,10.399,20,56.3,5.0,24.0
50,1402.61,204.47,216.204,11.2798,20,56.3,5.0,26.0
50,1402.61,204.47,66.1904,1.39621,20,58.3,7.0,2.0
50,1402.61,204.47,204.721,2.3153,20,58.3,7.0,4.0
50,1402.61,204.47,329.933,4.47425,20,58.3,7.0,6.0
50,1402.61,204.47,393.677,5.15465,20,58.3,7.0,8.0
50,1402.61,204.47,430.724,6.12199,20,58.3,7.0,10.0
50,1402.61,204.47,448.59,6.93547,20,58.3,7.0,12.0
50,1402.61,204.47,460.063,7.73218,20,58.3,7.0,14.0
50,1402.61,204.47,469.004,8.43515,20,58.3,7.0,16.0
50,1402.61,204.47,476.639,9.3959,20,58.3,7.0,18.0
50,1402.61,204.47,482.829,10.2599,20,58.3,7.0,20.0
50,1402.61,204.47,487.713,11.2167,20,58.3,7.0,22.0
50,1402.61,204.47,490.807,12.1207,20,58.3,7.0,24.0
50,1402.61,204.47,489.367,13.4735,20,58.3,7.0,26.0
51,1496.87,505.65,0.979687,0.576062,20,52.3,1.0,2.0
51,1496.87,505.65,2.33242,1.20349,20,52.3,1.0,4.0
51,1496.87,505.65,3.16724,1.74465,20,52.3,1.0,6.0
51,1496.87,505.65,3.45634,2.37519,20,52.3,1.0,8.0
51,1496.87,505.65,2.93737,3.16253,20,52.3,1.0,10.0
51,1496.87,505.65,3.53056,3.72594,20,52.3,1.0,12.0
51,1496.87,505.65,6.35868,4.36732,20,52.3,1.0,14.0
51,1496.87,505.65,8.7399,5.10466,20,52.3,1.0,16.0
51,1496.87,505.65,10.1089,5.62235,20,52.3,1.0,18.0
51,1496.87,505.65,11.2089,6.10002,20,52.3,1.0,20.0
51,1496.87,505.65,14.0993,6.98322,20,52.3,1.0,22.0
51,1496.87,505.65,13.3314,7.63728,20,52.3,1.0,24.0
51,1496.87,505.65,14.8129,8.16581,20,52.3,1.0,26.0
51,1496.87,505.65,7.0135,0.625534,20,53.3,2.0,2.0
51,1496.87,505.65,20.0154,1.18294,20,53.3,2.0,4.0
51,1496.87,505.65,30.571,1.75626,20,53.3,2.0,6.0
51,1496.87,505.65,36.2401,2.32954,20,53.3,2.0,8.0
51,1496.87,505.65,39.5345,3.16246,20,53.3,2.0,10.0
51,1496.87,505.65,41.9935,3.71865,20,53.3,2.0,12.0
51,1496.87,505.65,45.0223,4.45287,20,53.3,2.0,14.0
51,1496.87,505.65,47.3836,5.20145,20,53.3,2.0,16.0
51,1496.87,505.65,47.1078,5.74049,20,53.3,2.0,18.0
51,1496.87,505.65,46.2833,6.17625,20,53.3,2.0,20.0
51,1496.87,505.65,44.7825,7.04531,20,53.3,2.0,22.0
51,1496.87,505.65,43.5934,7.71998,20,53.3,2.0,24.0
51,1496.87,505.65,44.6762,8.25632,20,53.3,2.0,26.0
51,1496.87,505.65,21.004,0.709607,20,54.3,3.0,2.0
51,1496.87,505.65,64.2492,1.36906,20,54.3,3.0,4.0
51,1496.87,505.65,99.695,1.99669,20,54.3,3.0,6.0
51,1496.87,505.65,120.461,2.61955,20,54.3,3.0,8.0
51,1496.87,505.65,133.118,3.54646,20,54.3,3.0,10.0
51,1496.87,505.65,140.021,4.19349,20,54.3,3.0,12.0
51,1496.87,505.65,143.87,5.01942,20,54.3,3.0,14.0
51,1496.87,505.65,144.726,5.7805,20,54.3,3.0,16.0
51,1496.87,505.65,147.035,6.35346,20,54.3,3.0,18.0
51,1496.87,505.65,147.102,6.85511,20,54.3,3.0,20.0
51,1496.87,505.65,149.035,7.90499,20,54.3,3.0,22.0
51,1496.87,505.65,146.975,8.66584,20,54.3,3.0,24.0
51,1496.87,505.65,142.516,9.27484,20,54.3,3.0,26.0
51,1496.87,505.65,54.1456,0.875338,20,55.3,4.0,2.0
51,1496.87,505.65,164.587,1.54258,20,55.3,4.0,4.0
51,1496.87,505.65,254.2,2.18996,20,55.3,4.0,6.0
51,1496.87,505.65,307.448,2.93659,20,55.3,4.0,8.0
51,1496.87,505.65,337.541,3.80281,20,55.3,4.0,10.0
51,1496.87,505.65,358.653,4.43587,20,55.3,4.0,12.0
51,1496.87,505.65,375.013,5.25739,20,55.3,4.0,14.0
51,1496.87,505.65,385.071,6.05977,20,55.3,4.0,16.0
51,1496.87,505.65,388.499,6.719,20,55.3,4.0,18.0
51,1496.87,505.65,392.76,7.20958,20,55.3,4.0,20.0
51,1496.87,505.65,395.976,8.36303,20,55.3,4.0,22.0
51,1496.87,505.65,393.586,9.12258,20,55.3,4.0,24.0
51,1496.87,505.65,391.801,9.71998,20,55.3,4.0,26.0
51,1496.87,505.65,102.043,1.06857,20,56.3,5.0,2.0
51,1496.87,505.65,308.487,2.09935,20,56.3,5.0,4.0
51,1496.87,505.65,479.901,2.80423,20,56.3,5.0,6.0
51,1496.87,505.65,578.705,3.52367,20,56.3,5.0,8.0
51,1496.87,505.65,634.695,4.37214,20,56.3,5.0,10.0
51,1496.87,505.65,670.273,4.97244,20,56.3,5.0,12.0
51,1496.87,505.65,697.358,5.9188,20,56.3,5.0,14.0
51,1496.87,505.65,715.013,6.75195,20,56.3,5.0,16.0
51,1496.87,505.65,725.115,7.43617,20,56.3,5.0,18.0
51,1496.87,505.65,731.915,8.02958,20,56.3,5.0,20.0
51,1496.87,505.65,734.651,9.10066,20,56.3,5.0,22.0
51,1496.87,505.65,737.933,9.89951,20,56.3,5.0,24.0
51,1496.87,505.65,738.154,10.5962,20,56.3,5.0,26.0
51,1496.87,505.65,266.225,2.09123,20,58.3,7.0,2.0
51,1496.87,505.65,808.566,3.6486,20,58.3,7.0,4.0
51,1496.87,505.65,1272.97,4.696,20,58.3,7.0,6.0
51,1496.87,505.65,1562.2,5.56426,20,58.3,7.0,8.0
51,1496.87,505.65,1733.87,6.53242,20,58.3,7.0,10.0
51,1496.87,505.65,1842.73,7.16033,20,58.3,7.0,12.0
51,1496.87,505.65,1922.03,8.11675,20,58.3,7.0,14.0
51,1496.87,505.65,1982.39,9.04222,20,58.3,7.0,16.0
51,1496.87,505.65,2024.22,9.72177,20,58.3,7.0,18.0
51,1496.87,505.65,2054.28,10.2964,20,58.3,7.0,20.0
51,1496.87,505.65,2077.37,11.7316,20,58.3,7.0,22.0
51,1496.87,505.65,2098.32,12.6229,20,58.3,7.0,24.0
51,1496.87,505.65,2114.66,13.3781,20,58.3,7.0,26.0
52,1504.29,861.4,2.87289,0.480731,20,52.3,1.0,2.0
52,1504.29,861.4,8.72356,1.04993,20,52.3,1.0,4.0
52,1504.29,861.4,13.4244,1.7877,20,52.3,1.0,6.0
52,1504.29,861.4,15.3538,2.33715,20,52.3,1.0,8.0
52,1504.29,861.4,16.43,2.93434,20,52.3,1.0,10.0
52,1504.29,861.4,17.8783,3.59941,20,52.3,1.0,12.0
52,1504.29,861.4,18.4107,4.05205,20,52.3,1.0,14.0
52,1504.29,861.4,18.1863,4.71647,20,52.3,1.0,16.0
52,1504.29,861.4,17.9772,5.39194,20,52.3,1.0,18.0
52,1504.29,861.4,18.2577,6.01315,20,52.3,1.0,20.0
52,1504.29,861.4,20.1347,6.5468,20,52.3,1.0,22.0
52,1504.29,861.4,22.1708,7.42763,20,52.3,1.0,24.0
52,1504.29,861.4,20.4786,7.98176,20,52.3,1.0,26.0
52,1504.29,861.4,7.28409,0.4963,20,53.3,2.0,2.0
52,1504.29,861.4,25.4839,1.09351,20,53.3,2.0,4.0
52,1504.29,861.4,35.8273,1.78939,20,53.3,2.0,6.0
52,1504.29,861.4,41.8371,2.47628,20,53.3,2.0,8.0
52,1504.29,861.4,41.7018,3.00216,20,53.3,2.0,10.0
52,1504.29,861.4,42.8381,3.57153,20,53.3,2.0,12.0
52,1504.29,861.4,43.4869,4.03851,20,53.3,2.0,14.0
52,1504.29,861.4,43.2334,4.83654,20,53.3,2.0,16.0
52,1504.29,861.4,43.6306,5.58133,20,53.3,2.0,18.0
52,1504.29,861.4,42.2462,6.25378,20,53.3,2.0,20.0
52,1504.29,861.4,40.7086,6.82888,20,53.3,2.0,22.0
52,1504.29,861.4,39.9473,7.75749,20,53.3,2.0,24.0
52,1504.29,861.4,37.4603,8.38069,20,53.3,2.0,26.0
52,1504.29,861.4,13.2369,0.593177,20,54.3,3.0,2.0
52,1504.29,861.4,41.3408,1.27396,20,54.3,3.0,4.0
52,1504.29,861.4,59.2442,1.87248,20,54.3,3.0,6.0
52,1504.29,861.4,69.1616,2.64897,20,54.3,3.0,8.0
52,1504.29,861.4,74.3832,3.28728,20,54.3,3.0,10.0
52,1504.29,861.4,75.2327,3.99344,20,54.3,3.0,12.0
52,1504.29,861.4,76.0641,4.50755,20,54.3,3.0,14.0
52,1504.29,861.4,75.2078,5.21774,20,54.3,3.0,16.0
52,1504.29,861.4,76.1995,6.07818,20,54.3,3.0,18.0
52,1504.29,861.4,78.0087,6.78892,20,54.3,3.0,20.0
52,1504.29,861.4,79.3841,7.38066,20,54.3,3.0,22.0
52,1504.29,861.4,83.4033,8.42816,20,54.3,3.0,24.0
52,1504.29,861.4,82.3867,9.05701,20,54.3,3.0,26.0
52,1504.29,861.4,18.4408,0.659596,20,55.3,4.0,2.0
52,1504.29,861.4,60.079,1.41357,20,55.3,4.0,4.0
52,1504.29,861.4,88.05,2.1434,20,55.3,4.0,6.0
52,1504.29,861.4,100.726,2.94837,20,55.3,4.0,8.0
52,1504.29,861.4,103.985,3.60862,20,55.3,4.0,10.0
52,1504.29,861.4,105.646,4.3048,20,55.3,4.0,12.0
52,1504.29,861.4,105.835,4.84076,20,55.3,4.0,14.0
52,1504.29,861.4,109.805,5.54018,20,55.3,4.0,16.0
52,1504.29,861.4,113.963,6.35819,20,55.3,4.0,18.0
52,1504.29,861.4,115.348,7.05939,20,55.3,4.0,20.0
52,1504.29,861.4,114.537,7.7773,20,55.3,4.0,22.0
52,1504.29,861.4,112.467,8.91178,20,55.3,4.0,24.0
52,1504.29,861.4,111.346,9.59343,20,55.3,4.0,26.0
52,1504.29,861.4,25.8091,0.777679,20,56.3,5.0,2.0
52,1504.29,861.4,88.1023,1.62811,20,56.3,5.0,4.0
52,1504.29,861.4,127.681,2.39489,20,56.3,5.0,6.0
52,1504.29,861.4,147.52,3.23222,20,56.3,5.0,8.0
52,1504.29,861.4,158.462,3.95863,20,56.3,5.0,10.0
52,1504.29,861.4,162.317,4.74859,20,56.3,5.0,12.0
52,1504.29,861.4,166.283,5.35852,20,56.3,5.0,14.0
52,1504.29,861.4,172.791,6.12931,20,56.3,5.0,16.0
52,1504.29,861.4,178.842,7.04595,20,56.3,5.0,18.0
52,1504.29,861.4,180.077,7.85407,20,56.3,5.0,20.0
52,1504.29,861.4,180.963,8.56894,20,56.3,5.0,22.0
52,1504.29,861.4,185.343,9.70178,20,56.3,5.0,24.0
52,1504.29,861.4,188.046,10.3908,20,56.3,5.0,26.0
52,1504.29,861.4,45.3519,1.05037,20,58.3,7.0,2.0
52,1504.29,861.4,147.591,2.14807,20,58.3,7.0,4.0
52,1504.29,861.4,217.495,3.12,20,58.3,7.0,6.0
52,1504.29,861.4,257.781,4.09508,20,58.3,7.0,8.0
52,1504.29,861.4,277.762,4.96947,20,58.3,7.0,10.0
52,1504.29,861.4,289.945,5.85666,20,58.3,7.0,12.0
52,1504.29,861.4,295.221,6.54435,20,58.3,7.0,14.0
52,1504.29,861.4,300.73,7.45399,20,58.3,7.0,16.0
52,1504.29,861.4,304.633,8.52439,20,58.3,7.0,18.0
52,1504.29,861.4,308.638,9.4362,20,58.3,7.0,20.0
52,1504.29,861.4,316.077,10.2283,20,58.3,7.0,22.0
52,1504.29,861.4,315.295,11.4223,20,58.3,7.0,24.0
52,1504.29,861.4,316.051,12.2986,20,58.3,7.0,26.0
53,1535.75,403.12,0.950432,0.809889,20,52.3,1.0,2.0
53,1535.75,403.12,1.91752,1.4773,20,52.3,1.0,4.0
53,1535.75,403.12,2.22927,1.95793,20,52.3,1.0,6.0
53,1535.75,403.12,1.87863,2.5197,20,52.3,1.0,8.0
53,1535.75,403.12,0.849364,3.09261,20,52.3,1.0,10.0
53,1535.75,403.12,-1.42809,3.73008,20,52.3,1.0,12.0
53,1535.75,403.12,-1.85823,4.62264,20,52.3,1.0,14.0
53,1535.75,403.12,-0.400354,5.08896,20,52.3,1.0,16.0
53,1535.75,403.12,-0.88873,5.78243,20,52.3,1.0,18.0
53,1535.75,403.12,0.106132,6.23085,20,52.3,1.0,20.0
53,1535.75,403.12,1.44261,7.00336,20,52.3,1.0,22.0
53,1535.75,403.12,1.63445,7.55487,20,52.3,1.0,24.0
53,1535.75,403.12,-0.431226,8.15764,20,52.3,1.0,26.0
53,1535.75,403.12,1.27493,0.877625,20,53.3,2.0,2.0
53,1535.75,403.12,3.87499,1.53646,20,53.3,2.0,4.0
53,1535.75,403.12,4.84503,2.02844,20,53.3,2.0,6.0
53,1535.75,403.12,6.11115,2.60946,20,53.3,2.0,8.0
53,1535.75,403.12,5.88411,3.15165,20,53.3,2.0,10.0
53,1535.75,403.12,5.1825,3.89113,20,53.3,2.0,12.0
53,1535.75,403.12,6.90879,4.78942,20,53.3,2.0,14.0
53,1535.75,403.12,5.42949,5.28299,20,53.3,2.0,16.0
53,1535.75,403.12,5.61143,5.99177,20,53.3,2.0,18.0
53,1535.75,403.12,4.51435,6.45731,20,53.3,2.0,20.0
53,1535.75,403.12,0.796588,7.24504,20,53.3,2.0,22.0
53,1535.75,403.12,-4.61974,7.82827,20,53.3,2.0,24.0
53,1535.75,403.12,-4.08711,8.51854,20,53.3,2.0,26.0
53,1535.75,403.12,4.64033,0.904575,20,54.3,3.0,2.0
53,1535.75,403.12,11.4381,1.7982,20,54.3,3.0,4.0
53,1535.75,403.12,15.0679,2.31389,20,54.3,3.0,6.0
53,1535.75,403.12,13.9433,2.93231,20,54.3,3.0,8.0
53,1535.75,403.12,13.9312,3.54008,20,54.3,3.0,10.0
53,1535.75,403.12,13.5193,4.14774,20,54.3,3.0,12.0
53,1535.75,403.12,12.596,5.20972,20,54.3,3.0,14.0
53,1535.75,403.12,10.408,5.73806,20,54.3,3.0,16.0
53,1535.75,403.12,8.29067,6.48775,20,54.3,3.0,18.0
53,1535.75,403.12,7.44688,6.98984,20,54.3,3.0,20.0
53,1535.75,403.12,5.88803,7.8455,20,54.3,3.0,22.0
53,1535.75,403.12,4.5285,8.44124,20,54.3,3.0,24.0
53,1535.75,403.12,6.17414,9.15559,20,54.3,3.0,26.0
53,1535.75,403.12,5.79191,0.890859,20,55.3,4.0,2.0
53,1535.75,403.12,16.6522,1.77389,20,55.3,4.0,4.0
53,1535.75,403.12,25.5697,2.31691,20,55.3,4.0,6.0
53,1535.75,403.12,29.692,2.95923,20,55.3,4.0,8.0
53,1535.75,403.12,30.9355,3.58234,20,55.3,4.0,10.0
53,1535.75,403.12,31.7008,4.22981,20,55.3,4.0,12.0
53,1535.75,403.12,33.3311,5.35035,20,55.3,4.0,14.0
53,1535.75,403.12,33.6634,5.95406,20,55.3,4.0,16.0
53,1535.75,403.12,35.3709,6.76429,20,55.3,4.0,18.0
53,1535.75,403.12,33.9136,7.31238,20,55.3,4.0,20.0
53,1535.75,403.12,35.4723,8.20382,20,55.3,4.0,22.0
53,1535.75,403.12,34.108,8.81116,20,55.3,4.0,24.0
53,1535.75,403.12,29.5382,9.59676,20,55.3,4.0,26.0
53,1535.75,403.12,10.0785,1.01275,20,56.3,5.0,2.0
53,1535.75,403.12,27.0845,1.9562,20,56.3,5.0,4.0
53,1535.75,403.12,38.2962,2.53238,20,56.3,5.0,6.0
53,1535.75,403.12,43.2684,3.28262,20,56.3,5.0,8.0
53,1535.75,403.12,47.1078,4.03285,20,56.3,5.0,10.0
53,1535.75,403.12,50.3878,4.92757,20,56.3,5.0,12.0
53,1535.75,403.12,53.6698,6.01622,20,56.3,5.0,14.0
53,1535.75,403.12,53.9082,6.56592,20,56.3,5.0,16.0
53,1535.75,403.12,52.5957,7.45145,20,56.3,5.0,18.0
53,1535.75,403.12,53.3042,8.03462,20,56.3,5.0,20.0
53,1535.75,403.12,56.8832,9.0156,20,56.3,5.0,22.0
53,1535.75,403.12,57.939,9.66977,20,56.3,5.0,24.0
53,1535.75,403.12,57.2245,10.4945,20,56.3,5.0,26.0
53,1535.75,403.12,17.7246,1.2077,20,58.3,7.0,2.0
53,1535.75,403.12,54.4495,2.32368,20,58.3,7.0,4.0
53,1535.75,403.12,83.4212,3.1148,20,58.3,7.0,6.0
53,1535.75,403.12,98.238,3.95579,20,58.3,7.0,8.0
53,1535.75,403.12,103.926,4.77387,20,58.3,7.0,10.0
53,1535.75,403.12,111.998,5.66859,20,58.3,7.0,12.0
53,1535.75,403.12,110.364,7.07382,20,58.3,7.0,14.0
53,1535.75,403.12,110.923,7.83233,20,58.3,7.0,16.0
53,1535.75,403.12,108.63,8.90563,20,58.3,7.0,18.0
53,1535.75,403.12,106.905,9.5917,20,58.3,7.0,20.0
53,1535.75,403.12,98.934,10.711,20,58.3,7.0,22.0
53,1535.75,403.12,94.487,11.4806,20,58.3,7.0,24.0
53,1535.75,403.12,83.1632,12.5073,20,58.3,7.0,26.0
54,1585.37,649.05,0.67672,0.439258,20,52.3,1.0,2.0
54,1585.37,649.05,2.11561,1.89657,20,52.3,1.0,4.0
54,1585.37,649.05,2.22098,2.24489,20,52.3,1.0,6.0
54,1585.37,649.05,1.58119,2.64626,20,52.3,1.0,8.0
54,1585.37,649.05,1.21363,3.14695,20,52.3,1.0,10.0
54,1585.37,649.05,1.42637,3.71848,20,52.3,1.0,12.0
54,1585.37,649.05,3.7699,4.20359,20,52.3,1.0,14.0
54,1585.37,649.05,5.71852,4.78925,20,52.3,1.0,16.0
54,1585.37,649.05,5.07038,5.65954,20,52.3,1.0,18.0
54,1585.37,649.05,6.15557,8.76722,20,52.3,1.0,20.0
54,1585.37,649.05,7.07333,9.1984,20,52.3,1.0,22.0
54,1585.37,649.05,6.14905,9.64943,20,52.3,1.0,24.0
54,1585.37,649.05,4.32045,10.1619,20,52.3,1.0,26.0
54,1585.37,649.05,0.929495,0.493748,20,53.3,2.0,2.0
54,1585.37,649.05,3.26847,1.59074,20,53.3,2.0,4.0
54,1585.37,649.05,4.78676,2.02522,20,53.3,2.0,6.0
54,1585.37,649.05,4.33605,2.5019,20,53.3,2.0,8.0
54,1585.37,649.05,2.7212,3.00531,20,53.3,2.0,10.0
54,1585.37,649.05,1.21414,3.65258,20,53.3,2.0,12.0
54,1585.37,649.05,1.64292,4.21359,20,53.3,2.0,14.0
54,1585.37,649.05,0.712288,4.74768,20,53.3,2.0,16.0
54,1585.37,649.05,-1.06623,5.88345,20,53.3,2.0,18.0
54,1585.37,649.05,-0.398504,8.46945,20,53.3,2.0,20.0
54,1585.37,649.05,-0.367802,8.95203,20,53.3,2.0,22.0
54,1585.37,649.05,-0.471807,9.55456,20,53.3,2.0,24.0
54,1585.37,649.05,-0.553999,10.1689,20,53.3,2.0,26.0
54,1585.37,649.05,4.24365,0.482078,20,54.3,3.0,2.0
54,1585.37,649.05,10.5586,1.99606,20,54.3,3.0,4.0
54,1585.37,649.05,15.3491,2.3669,20,54.3,3.0,6.0
54,1585.37,649.05,18.532,2.79898,20,54.3,3.0,8.0
54,1585.37,649.05,15.9698,3.38564,20,54.3,3.0,10.0
54,1585.37,649.05,13.8185,4.05702,20,54.3,3.0,12.0
54,1585.37,649.05,10.8595,4.6157,20,54.3,3.0,14.0
54,1585.37,649.05,8.50494,5.19657,20,54.3,3.0,16.0
54,1585.37,649.05,9.28787,6.37623,20,54.3,3.0,18.0
54,1585.37,649.05,7.28548,9.83406,20,54.3,3.0,20.0
54,1585.37,649.05,7.40992,10.3164,20,54.3,3.0,22.0
54,1585.37,649.05,1.30086,10.9133,20,54.3,3.0,24.0
54,1585.37,649.05,-0.488342,11.5277,20,54.3,3.0,26.0
54,1585.37,649.05,5.78535,0.566045,20,55.3,4.0,2.0
54,1585.37,649.05,13.5811,2.04869,20,55.3,4.0,4.0
54,1585.37,649.05,22.4912,2.40084,20,55.3,4.0,6.0
54,1585.37,649.05,24.5792,2.91471,20,55.3,4.0,8.0
54,1585.37,649.05,23.1262,3.53065,20,55.3,4.0,10.0
54,1585.37,649.05,22.2092,4.33114,20,55.3,4.0,12.0
54,1585.37,649.05,21.6317,4.87841,20,55.3,4.0,14.0
54,1585.37,649.05,19.624,5.48392,20,55.3,4.0,16.0
54,1585.37,649.05,18.5637,6.63567,20,55.3,4.0,18.0
54,1585.37,649.05,18.4064,8.9819,20,55.3,4.0,20.0
54,1585.37,649.05,15.5595,9.61171,20,55.3,4.0,22.0
54,1585.37,649.05,14.1955,10.2706,20,55.3,4.0,24.0
54,1585.37,649.05,9.4697,10.9963,20,55.3,4.0,26.0
54,1585.37,649.05,8.31233,0.570741,20,56.3,5.0,2.0
54,1585.37,649.05,22.2095,2.20577,20,56.3,5.0,4.0
54,1585.37,649.05,33.3237,2.60735,20,56.3,5.0,6.0
54,1585.37,649.05,40.1658,3.15446,20,56.3,5.0,8.0
54,1585.37,649.05,40.7794,3.79777,20,56.3,5.0,10.0
54,1585.37,649.05,38.8401,4.7473,20,56.3,5.0,12.0
54,1585.37,649.05,39.194,5.39342,20,56.3,5.0,14.0
54,1585.37,649.05,41.2757,6.08147,20,56.3,5.0,16.0
54,1585.37,649.05,38.0045,7.40058,20,56.3,5.0,18.0
54,1585.37,649.05,35.8826,10.5786,20,56.3,5.0,20.0
54,1585.37,649.05,34.9188,11.2483,20,56.3,5.0,22.0
54,1585.37,649.05,37.5414,11.8822,20,56.3,5.0,24.0
54,1585.37,649.05,39.0706,12.586,20,56.3,5.0,26.0
54,1585.37,649.05,18.8972,0.720219,20,58.3,7.0,2.0
54,1585.37,649.05,52.5611,2.70256,20,58.3,7.0,4.0
54,1585.37,649.05,82.7753,3.25992,20,58.3,7.0,6.0
54,1585.37,649.05,97.3363,3.88299,20,58.3,7.0,8.0
54,1585.37,649.05,102.098,4.66035,20,58.3,7.0,10.0
54,1585.37,649.05,108.149,5.59546,20,58.3,7.0,12.0
54,1585.37,649.05,109.638,6.3523,20,58.3,7.0,14.0
54,1585.37,649.05,106.951,7.10839,20,58.3,7.0,16.0
54,1585.37,649.05,107.437,8.59293,20,58.3,7.0,18.0
54,1585.37,649.05,106.265,13.147,20,58.3,7.0,20.0
54,1585.37,649.05,101.884,13.8197,20,58.3,7.0,22.0
54,1585.37,649.05,99.0219,14.5919,20,58.3,7.0,24.0
54,1585.37,649.05,98.5882,15.3914,20,58.3,7.0,26.0
55,1586.04,807.44,0.91767,0.513284,20,52.3,1.0,2.0
55,1586.04,807.44,2.48495,1.06136,20,52.3,1.0,4.0
55,1586.04,807.44,2.80376,1.67373,20,52.3,1.0,6.0
55,1586.04,807.44,4.67189,2.19825,20,52.3,1.0,8.0
55,1586.04,807.44,4.82785,2.76825,20,52.3,1.0,10.0
55,1586.04,807.44,5.70546,3.42774,20,52.3,1.0,12.0
55,1586.04,807.44,4.78766,3.88031,20,52.3,1.0,14.0
55,1586.04,807.44,4.86774,4.51642,20,52.3,1.0,16.0
55,1586.04,807.44,6.75134,5.4118,20,52.3,1.0,18.0
55,1586.04,807.44,8.81311,6.12429,20,52.3,1.0,20.0
55,1586.04,807.44,8.69433,6.79694,20,52.3,1.0,22.0
55,1586.04,807.44,8.87131,7.3794,20,52.3,1.0,24.0
55,1586.04,807.44,11.2014,7.99805,20,52.3,1.0,26.0
55,1586.04,807.44,1.76192,0.609755,20,53.3,2.0,2.0
55,1586.04,807.44,3.68268,1.16862,20,53.3,2.0,4.0
55,1586.04,807.44,4.63381,1.7379,20,53.3,2.0,6.0
55,1586.04,807.44,4.57189,2.30998,20,53.3,2.0,8.0
55,1586.04,807.44,4.89142,2.9107,20,53.3,2.0,10.0
55,1586.04,807.44,5.66105,3.53846,20,53.3,2.0,12.0
55,1586.04,807.44,6.16249,4.02427,20,53.3,2.0,14.0
55,1586.04,807.44,7.48362,4.70863,20,53.3,2.0,16.0
55,1586.04,807.44,7.67837,5.70959,20,53.3,2.0,18.0
55,1586.04,807.44,8.40978,6.42156,20,53.3,2.0,20.0
55,1586.04,807.44,10.0518,7.07154,20,53.3,2.0,22.0
55,1586.04,807.44,9.27872,7.70378,20,53.3,2.0,24.0
55,1586.04,807.44,5.87041,8.37373,20,53.3,2.0,26.0
55,1586.04,807.44,3.36116,0.639422,20,54.3,3.0,2.0
55,1586.04,807.44,9.75027,1.24092,20,54.3,3.0,4.0
55,1586.04,807.44,12.9557,1.79406,20,54.3,3.0,6.0
55,1586.04,807.44,15.2926,2.43331,20,54.3,3.0,8.0
55,1586.04,807.44,13.5827,3.07775,20,54.3,3.0,10.0
55,1586.04,807.44,12.6803,3.82742,20,54.3,3.0,12.0
55,1586.04,807.44,12.2388,4.33613,20,54.3,3.0,14.0
55,1586.04,807.44,10.883,5.04194,20,54.3,3.0,16.0
55,1586.04,807.44,8.76297,6.08675,20,54.3,3.0,18.0
55,1586.04,807.44,5.49986,6.87213,20,54.3,3.0,20.0
55,1586.04,807.44,6.59984,7.67799,20,54.3,3.0,22.0
55,1586.04,807.44,9.17225,8.32919,20,54.3,3.0,24.0
55,1586.04,807.44,10.197,9.06797,20,54.3,3.0,26.0
55,1586.04,807.44,5.22171,0.631987,20,55.3,4.0,2.0
55,1586.04,807.44,13.5735,1.25253,20,55.3,4.0,4.0
55,1586.04,807.44,19.0173,1.95671,20,55.3,4.0,6.0
55,1586.04,807.44,20.8613,2.62492,20,55.3,4.0,8.0
55,1586.04,807.44,22.3698,3.26636,20,55.3,4.0,10.0
55,1586.04,807.44,23.6134,4.00827,20,55.3,4.0,12.0
55,1586.04,807.44,22.4523,4.58094,20,55.3,4.0,14.0
55,1586.04,807.44,21.429,5.31245,20,55.3,4.0,16.0
55,1586.04,807.44,20.5073,6.47334,20,55.3,4.0,18.0
55,1586.04,807.44,15.9616,7.27352,20,55.3,4.0,20.0
55,1586.04,807.44,13.6998,8.01687,20,55.3,4.0,22.0
55,1586.04,807.44,17.1024,8.69599,20,55.3,4.0,24.0
55,1586.04,807.44,18.185,9.48544,20,55.3,4.0,26.0
55,1586.04,807.44,7.08371,0.649686,20,56.3,5.0,2.0
55,1586.04,807.44,19.2542,1.47973,20,56.3,5.0,4.0
55,1586.04,807.44,27.4599,2.1163,20,56.3,5.0,6.0
55,1586.04,807.44,33.1837,2.85226,20,56.3,5.0,8.0
55,1586.04,807.44,36.7263,3.56814,20,56.3,5.0,10.0
55,1586.04,807.44,35.952,4.31029,20,56.3,5.0,12.0
55,1586.04,807.44,35.5272,4.92446,20,56.3,5.0,14.0
55,1586.04,807.44,33.7939,5.78226,20,56.3,5.0,16.0
55,1586.04,807.44,28.5045,7.04992,20,56.3,5.0,18.0
55,1586.04,807.44,28.1136,7.93774,20,56.3,5.0,20.0
55,1586.04,807.44,27.0486,8.73605,20,56.3,5.0,22.0
55,1586.04,807.44,26.7098,9.50598,20,56.3,5.0,24.0
55,1586.04,807.44,26.7996,10.3461,20,56.3,5.0,26.0
55,1586.04,807.44,10.9284,0.843091,20,58.3,7.0,2.0
55,1586.04,807.44,29.061,1.69823,20,58.3,7.0,4.0
55,1586.04,807.44,41.6751,2.74633,20,58.3,7.0,6.0
55,1586.04,807.44,48.2732,3.54001,20,58.3,7.0,8.0
55,1586.04,807.44,52.7626,4.32622,20,58.3,7.0,10.0
55,1586.04,807.44,54.0616,5.13657,20,58.3,7.0,12.0
55,1586.04,807.44,58.4996,5.86579,20,58.3,7.0,14.0
55,1586.04,807.44,54.3799,6.83979,20,58.3,7.0,16.0
55,1586.04,807.44,53.2479,8.52127,20,58.3,7.0,18.0
55,1586.04,807.44,50.7618,9.68619,20,58.3,7.0,20.0
55,1586.04,807.44,50.6709,10.746,20,58.3,7.0,22.0
55,1586.04,807.44,53.0796,11.6627,20,58.3,7.0,24.0
55,1586.04,807.44,55.576,12.654,20,58.3,7.0,26.0
56,1619.8,985.17,12.672,0.664599,20,52.3,1.0,2.0
56,1619.8,985.17,32.2015,1.31396,20,52.3,1.0,4.0
56,1619.8,985.17,44.1778,1.76481,20,52.3,1.0,6.0
56,1619.8,985.17,47.3901,2.85704,20,52.3,1.0,8.0
56,1619.8,985.17,49.1572,3.51774,20,52.3,1.0,10.0
56,1619.8,985.17,50.4895,3.88005,20,52.3,1.0,12.0
56,1619.8,985.17,52.7431,4.40559,20,52.3,1.0,14.0
56,1619.8,985.17,52.9178,5.05542,20,52.3,1.0,16.0
56,1619.8,985.17,53.5027,5.67821,20,52.3,1.0,18.0
56,1619.8,985.17,54.2816,6.31345,20,52.3,1.0,20.0
56,1619.8,985.17,52.7347,7.0203,20,52.3,1.0,22.0
56,1619.8,985.17,52.0592,7.66272,20,52.3,1.0,24.0
56,1619.8,985.17,52.2467,8.45555,20,52.3,1.0,26.0
56,1619.8,985.17,43.7438,0.812284,20,53.3,2.0,2.0
56,1619.8,985.17,116.1,1.37083,20,53.3,2.0,4.0
56,1619.8,985.17,162.289,1.89378,20,53.3,2.0,6.0
56,1619.8,985.17,181.256,3.28428,20,53.3,2.0,8.0
56,1619.8,985.17,189.488,4.05221,20,53.3,2.0,10.0
56,1619.8,985.17,192.275,4.50286,20,53.3,2.0,12.0
56,1619.8,985.17,196.003,5.07438,20,53.3,2.0,14.0
56,1619.8,985.17,196.905,5.72901,20,53.3,2.0,16.0
56,1619.8,985.17,197.583,6.4297,20,53.3,2.0,18.0
56,1619.8,985.17,197.707,7.09645,20,53.3,2.0,20.0
56,1619.8,985.17,201.365,7.85509,20,53.3,2.0,22.0
56,1619.8,985.17,199.959,8.44061,20,53.3,2.0,24.0
56,1619.8,985.17,197.236,9.25627,20,53.3,2.0,26.0
56,1619.8,985.17,93.8946,1.0068,20,54.3,3.0,2.0
56,1619.8,985.17,261.453,1.71414,20,54.3,3.0,4.0
56,1619.8,985.17,372.096,2.26572,20,54.3,3.0,6.0
56,1619.8,985.17,413.585,3.55077,20,54.3,3.0,8.0
56,1619.8,985.17,433.886,4.38787,20,54.3,3.0,10.0
56,1619.8,985.17,441.53,4.81853,20,54.3,3.0,12.0
56,1619.8,985.17,442.07,5.40999,20,54.3,3.0,14.0
56,1619.8,985.17,447.083,6.11226,20,54.3,3.0,16.0
56,1619.8,985.17,447.702,6.87732,20,54.3,3.0,18.0
56,1619.8,985.17,445.59,7.57863,20,54.3,3.0,20.0
56,1619.8,985.17,442.406,8.41737,20,54.3,3.0,22.0
56,1619.8,985.17,447.282,9.04965,20,54.3,3.0,24.0
56,1619.8,985.17,452.782,9.97674,20,54.3,3.0,26.0
56,1619.8,985.17,160.117,1.06979,20,55.3,4.0,2.0
56,1619.8,985.17,453.273,1.94071,20,55.3,4.0,4.0
56,1619.8,985.17,652.636,2.57166,20,55.3,4.0,6.0
56,1619.8,985.17,738.156,3.80209,20,55.3,4.0,8.0
56,1619.8,985.17,780.293,4.62372,20,55.3,4.0,10.0
56,1619.8,985.17,797.882,5.06062,20,55.3,4.0,12.0
56,1619.8,985.17,809.006,5.69703,20,55.3,4.0,14.0
56,1619.8,985.17,818.017,6.3546,20,55.3,4.0,16.0
56,1619.8,985.17,823.374,7.12455,20,55.3,4.0,18.0
56,1619.8,985.17,826.075,7.88799,20,55.3,4.0,20.0
56,1619.8,985.17,826.328,8.74374,20,55.3,4.0,22.0
56,1619.8,985.17,823.736,9.45446,20,55.3,4.0,24.0
56,1619.8,985.17,818.77,10.3591,20,55.3,4.0,26.0
56,1619.8,985.17,247.714,1.67895,20,56.3,5.0,2.0
56,1619.8,985.17,711.396,2.74443,20,56.3,5.0,4.0
56,1619.8,985.17,1049.55,3.46853,20,56.3,5.0,6.0
56,1619.8,985.17,1197.77,4.60723,20,56.3,5.0,8.0
56,1619.8,985.17,1273.07,5.36608,20,56.3,5.0,10.0
56,1619.8,985.17,1303.29,5.81436,20,56.3,5.0,12.0
56,1619.8,985.17,1323.2,6.46667,20,56.3,5.0,14.0
56,1619.8,985.17,1332.76,7.16412,20,56.3,5.0,16.0
56,1619.8,985.17,1343.01,8.01194,20,56.3,5.0,18.0
56,1619.8,985.17,1348.43,8.92738,20,56.3,5.0,20.0
56,1619.8,985.17,1352.64,9.77872,20,56.3,5.0,22.0
56,1619.8,985.17,1358.59,10.6145,20,56.3,5.0,24.0
56,1619.8,985.17,1361.39,11.512,20,56.3,5.0,26.0
56,1619.8,985.17,558.509,5.42135,20,58.3,7.0,2.0
56,1619.8,985.17,1635.99,8.39203,20,58.3,7.0,4.0
56,1619.8,985.17,2522.11,9.85092,20,58.3,7.0,6.0
56,1619.8,985.17,2967.83,10.946,20,58.3,7.0,8.0
56,1619.8,985.17,3220.62,11.5181,20,58.3,7.0,10.0
56,1619.8,985.17,3338.33,11.8568,20,58.3,7.0,12.0
56,1619.8,985.17,3417.17,12.3485,20,58.3,7.0,14.0
56,1619.8,985.17,3465.02,12.883,20,58.3,7.0,16.0
56,1619.8,985.17,3508.41,13.5613,20,58.3,7.0,18.0
56,1619.8,985.17,3541.44,14.29,20,58.3,7.0,20.0
56,1619.8,985.17,3574.33,15.0737,20,58.3,7.0,22.0
56,1619.8,985.17,3604.72,15.7779,20,58.3,7.0,24.0
56,1619.8,985.17,3632.83,16.8381,20,58.3,7.0,26.0
57,1651.74,275.23,1.18701,1.44028,20,52.3,1.0,2.0
57,1651.74,275.23,4.59143,1.71853,20,52.3,1.0,4.0
57,1651.74,275.23,6.87093,1.99386,20,52.3,1.0,6.0
57,1651.74,275.23,8.25278,2.84055,20,52.3,1.0,8.0
57,1651.74,275.23,7.50022,3.58633,20,52.3,1.0,10.0
57,1651.74,275.23,6.92263,4.39772,20,52.3,1.0,12.0
57,1651.74,275.23,7.80176,4.8451,20,52.3,1.0,14.0
57,1651.74,275.23,6.41447,5.48574,20,52.3,1.0,16.0
57,1651.74,275.23,6.34139,6.02535,20,52.3,1.0,18.0
57,1651.74,275.23,7.47507,6.5972,20,52.3,1.0,20.0
57,1651.74,275.23,4.5281,7.22936,20,52.3,1.0,22.0
57,1651.74,275.23,6.45558,7.84239,20,52.3,1.0,24.0
57,1651.74,275.23,7.48424,8.49074,20,52.3,1.0,26.0
57,1651.74,275.23,3.93483,1.21457,20,53.3,2.0,2.0
57,1651.74,275.23,10.7511,1.57847,20,53.3,2.0,4.0
57,1651.74,275.23,16.5319,1.91479,20,53.3,2.0,6.0
57,1651.74,275.23,17.3456,2.782,20,53.3,2.0,8.0
57,1651.74,275.23,17.9836,3.63088,20,53.3,2.0,10.0
57,1651.74,275.23,15.5315,4.58443,20,53.3,2.0,12.0
57,1651.74,275.23,14.2014,5.14025,20,53.3,2.0,14.0
57,1651.74,275.23,15.689,5.79391,20,53.3,2.0,16.0
57,1651.74,275.23,15.1518,6.30284,20,53.3,2.0,18.0
57,1651.74,275.23,13.4188,6.93134,20,53.3,2.0,20.0
57,1651.74,275.23,11.3662,7.6612,20,53.3,2.0,22.0
57,1651.74,275.23,12.8621,8.38624,20,53.3,2.0,24.0
57,1651.74,275.23,12.1066,9.1351,20,53.3,2.0,26.0
57,1651.74,275.23,6.73663,1.67304,20,54.3,3.0,2.0
57,1651.74,275.23,16.5907,1.98053,20,54.3,3.0,4.0
57,1651.74,275.23,24.3544,2.30894,20,54.3,3.0,6.0
57,1651.74,275.23,29.4874,3.3222,20,54.3,3.0,8.0
57,1651.74,275.23,28.9556,4.25076,20,54.3,3.0,10.0
57,1651.74,275.23,29.1335,5.18164,20,54.3,3.0,12.0
57,1651.74,275.23,29.0691,5.77425,20,54.3,3.0,14.0
57,1651.74,275.23,26.4237,6.5156,20,54.3,3.0,16.0
57,1651.74,275.23,23.0097,7.13093,20,54.3,3.0,18.0
57,1651.74,275.23,23.3971,7.75683,20,54.3,3.0,20.0
57,1651.74,275.23,25.8229,8.52363,20,54.3,3.0,22.0
57,1651.74,275.23,25.0221,9.25074,20,54.3,3.0,24.0
57,1651.74,275.23,25.2252,9.98005,20,54.3,3.0,26.0
57,1651.74,275.23,8.42287,1.32364,20,55.3,4.0,2.0
57,1651.74,275.23,24.8224,1.73948,20,55.3,4.0,4.0
57,1651.74,275.23,36.3549,2.18927,20,55.3,4.0,6.0
57,1651.74,275.23,42.5818,3.1279,20,55.3,4.0,8.0
57,1651.74,275.23,44.7582,4.04733,20,55.3,4.0,10.0
57,1651.74,275.23,46.9038,5.12941,20,55.3,4.0,12.0
57,1651.74,275.23,46.5483,5.8556,20,55.3,4.0,14.0
57,1651.74,275.23,45.6269,6.66021,20,55.3,4.0,16.0
57,1651.74,275.23,42.5814,7.30109,20,55.3,4.0,18.0
57,1651.74,275.23,36.9807,7.97911,20,55.3,4.0,20.0
57,1651.74,275.23,36.4343,8.77377,20,55.3,4.0,22.0
57,1651.74,275.23,39.8448,9.52965,20,55.3,4.0,24.0
57,1651.74,275.23,38.655,10.2747,20,55.3,4.0,26.0
57,1651.74,275.23,12.3834,1.46953,20,56.3,5.0,2.0
57,1651.74,275.23,33.2032,1.95732,20,56.3,5.0,4.0
57,1651.74,275.23,47.4247,2.41177,20,56.3,5.0,6.0
57,1651.74,275.23,54.9859,3.47837,20,56.3,5.0,8.0
57,1651.74,275.23,59.8207,4.56409,20,56.3,5.0,10.0
57,1651.74,275.23,58.0942,5.73295,20,56.3,5.0,12.0
57,1651.74,275.23,59.6939,6.43074,20,56.3,5.0,14.0
57,1651.74,275.23,57.3919,7.32099,20,56.3,5.0,16.0
57,1651.74,275.23,57.734,7.9972,20,56.3,5.0,18.0
57,1651.74,275.23,56.0584,8.74189,20,56.3,5.0,20.0
57,1651.74,275.23,53.8572,9.60955,20,56.3,5.0,22.0
57,1651.74,275.23,49.9835,10.4508,20,56.3,5.0,24.0
57,1651.74,275.23,45.8059,11.2706,20,56.3,5.0,26.0
57,1651.74,275.23,17.4569,1.78039,20,58.3,7.0,2.0
57,1651.74,275.23,48.3808,2.39721,20,58.3,7.0,4.0
57,1651.74,275.23,74.6529,2.97312,20,58.3,7.0,6.0
57,1651.74,275.23,91.8939,4.39145,20,58.3,7.0,8.0
57,1651.74,275.23,96.6848,5.3957,20,58.3,7.0,10.0
57,1651.74,275.23,92.1055,6.66953,20,58.3,7.0,12.0
57,1651.74,275.23,94.5422,7.45044,20,58.3,7.0,14.0
57,1651.74,275.23,94.7824,8.45523,20,58.3,7.0,16.0
57,1651.74,275.23,89.8209,9.22029,20,58.3,7.0,18.0
57,1651.74,275.23,85.5897,10.0435,20,58.3,7.0,20.0
57,1651.74,275.23,82.0586,11.0481,20,58.3,7.0,22.0
57,1651.74,275.23,80.8363,12.0615,20,58.3,7.0,24.0
57,1651.74,275.23,79.3459,13.0939,20,58.3,7.0,26.0
58,1733.69,719.37,40.6614,0.403111,20,52.3,1.0,2.0
58,1733.69,719.37,127.751,1.26506,20,52.3,1.0,4.0
58,1733.69,719.37,184.08,1.79838,20,52.3,1.0,6.0
58,1733.69,719.37,205.191,2.29987,20,52.3,1.0,8.0
58,1733.69,719.37,214.252,2.92195,20,52.3,1.0,10.0
58,1733.69,719.37,216.71,3.51152,20,52.3,1.0,12.0
58,1733.69,719.37,221.732,4.20867,20,52.3,1.0,14.0
58,1733.69,719.37,224.16,4.84904,20,52.3,1.0,16.0
58,1733.69,719.37,226.749,5.27105,20,52.3,1.0,18.0
58,1733.69,719.37,229.37,5.91575,20,52.3,1.0,20.0
58,1733.69,719.37,231.84,6.89901,20,52.3,1.0,22.0
58,1733.69,719.37,235.356,7.61413,20,52.3,1.0,24.0
58,1733.69,719.37,234.858,8.13944,20,52.3,1.0,26.0
58,1733.69,719.37,143.737,0.954155,20,53.3,2.0,2.0
58,1733.69,719.37,461.322,1.88902,20,53.3,2.0,4.0
58,1733.69,719.37,653.738,2.47836,20,53.3,2.0,6.0
58,1733.69,719.37,731.249,2.98156,20,53.3,2.0,8.0
58,1733.69,719.37,761.877,3.5998,20,53.3,2.0,10.0
58,1733.69,719.37,778.257,4.14885,20,53.3,2.0,12.0
58,1733.69,719.37,788.162,4.80911,20,53.3,2.0,14.0
58,1733.69,719.37,793.482,5.47384,20,53.3,2.0,16.0
58,1733.69,719.37,796.026,5.90353,20,53.3,2.0,18.0
58,1733.69,719.37,798.802,6.64557,20,53.3,2.0,20.0
58,1733.69,719.37,800.935,7.63082,20,53.3,2.0,22.0
58,1733.69,719.37,800.725,8.29129,20,53.3,2.0,24.0
58,1733.69,719.37,801.275,8.85417,20,53.3,2.0,26.0
58,1733.69,719.37,315.789,1.05362,20,54.3,3.0,2.0
58,1733.69,719.37,1054.49,2.30462,20,54.3,3.0,4.0
58,1733.69,719.37,1534.72,2.96356,20,54.3,3.0,6.0
58,1733.69,719.37,1736.43,3.4943,20,54.3,3.0,8.0
58,1733.69,719.37,1818.73,4.11465,20,54.3,3.0,10.0
58,1733.69,719.37,1858.77,4.6773,20,54.3,3.0,12.0
58,1733.69,719.37,1884.2,5.41626,20,54.3,3.0,14.0
58,1733.69,719.37,1902.49,6.09337,20,54.3,3.0,16.0
58,1733.69,719.37,1915.95,6.53893,20,54.3,3.0,18.0
58,1733.69,719.37,1922.06,7.29597,20,54.3,3.0,20.0
58,1733.69,719.37,1927.02,8.52166,20,54.3,3.0,22.0
58,1733.69,719.37,1933.81,9.24019,20,54.3,3.0,24.0
58,1733.69,719.37,1940.28,9.83836,20,54.3,3.0,26.0
58,1733.69,719.37,529.075,1.62711,20,55.3,4.0,2.0
58,1733.69,719.37,1780.31,3.13748,20,55.3,4.0,4.0
58,1733.69,719.37,2649.16,3.9481,20,55.3,4.0,6.0
58,1733.69,719.37,3046.66,4.44039,20,55.3,4.0,8.0
58,1733.69,719.37,3217.86,4.97812,20,55.3,4.0,10.0
58,1733.69,719.37,3306.98,5.50285,20,55.3,4.0,12.0
58,1733.69,719.37,3366.18,6.19722,20,55.3,4.0,14.0
58,1733.69,719.37,3398.18,6.89088,20,55.3,4.0,16.0
58,1733.69,719.37,3421.14,7.34449,20,55.3,4.0,18.0
58,1733.69,719.37,3439.64,8.20487,20,55.3,4.0,20.0
58,1733.69,719.37,3455.28,9.06155,20,55.3,4.0,22.0
58,1733.69,719.37,3468.78,9.79404,20,55.3,4.0,24.0
58,1733.69,719.37,3478.64,10.3947,20,55.3,4.0,26.0
58,1733.69,719.37,647.187,8.90353,20,56.3,5.0,2.0
58,1733.69,719.37,2198.29,14.8016,20,56.3,5.0,4.0
58,1733.69,719.37,3314.21,16.5391,20,56.3,5.0,6.0
58,1733.69,719.37,3861.93,16.9819,20,56.3,5.0,8.0
58,1733.69,719.37,4110.84,17.22,20,56.3,5.0,10.0
58,1733.69,719.37,4240.19,17.4332,20,56.3,5.0,12.0
58,1733.69,719.37,4325.8,17.6861,20,56.3,5.0,14.0
58,1733.69,719.37,4381.62,17.9867,20,56.3,5.0,16.0
58,1733.69,719.37,4418.95,18.211,20,56.3,5.0,18.0
58,1733.69,719.37,4446.26,18.6235,20,56.3,5.0,20.0
58,1733.69,719.37,4471.99,19.196,20,56.3,5.0,22.0
58,1733.69,719.37,4494.94,19.6068,20,56.3,5.0,24.0
58,1733.69,719.37,4513.99,19.9979,20,56.3,5.0,26.0
58,1733.69,719.37,1511.89,5.62107,20,58.3,7.0,2.0
58,1733.69,719.37,5256.89,10.226,20,58.3,7.0,4.0
58,1733.69,719.37,8211.21,12.508,20,58.3,7.0,6.0
58,1733.69,719.37,9910.04,13.6003,20,58.3,7.0,8.0
58,1733.69,719.37,10821.1,14.2936,20,58.3,7.0,10.0
58,1733.69,719.37,11348.7,14.7899,20,58.3,7.0,12.0
58,1733.69,719.37,11686.5,15.2861,20,58.3,7.0,14.0
58,1733.69,719.37,11912.1,15.8217,20,58.3,7.0,16.0
58,1733.69,719.37,12064.5,16.1884,20,58.3,7.0,18.0
58,1733.69,719.37,12170.9,16.8964,20,58.3,7.0,20.0
58,1733.69,719.37,12267.3,17.7901,20,58.3,7.0,22.0
58,1733.69,719.37,12353.8,18.3756,20,58.3,7.0,24.0
58,1733.69,719.37,12438.1,18.9156,20,58.3,7.0,26.0
59,1772.19,474.97,7.89604,0.608669,20,52.3,1.0,2.0
59,1772.19,474.97,19.2656,1.03935,20,52.3,1.0,4.0
59,1772.19,474.97,27.8918,1.72116,20,52.3,1.0,6.0
59,1772.19,474.97,32.3415,2.45625,20,52.3,1.0,8.0
59,1772.19,474.97,35.038,3.1762,20,52.3,1.0,10.0
59,1772.19,474.97,35.3821,4.4886,20,52.3,1.0,12.0
59,1772.19,474.97,35.0086,5.2547,20,52.3,1.0,14.0
59,1772.19,474.97,35.4665,5.68417,20,52.3,1.0,16.0
59,1772.19,474.97,36.1697,6.33459,20,52.3,1.0,18.0
59,1772.19,474.97,34.576,6.79741,20,52.3,1.0,20.0
59,1772.19,474.97,33.3355,7.33426,20,52.3,1.0,22.0
59,1772.19,474.97,32.0724,7.83141,20,52.3,1.0,24.0
59,1772.19,474.97,35.9177,8.54576,20,52.3,1.0,26.0
59,1772.19,474.97,20.2739,0.765157,20,53.3,2.0,2.0
59,1772.19,474.97,52.2877,1.18835,20,53.3,2.0,4.0
59,1772.19,474.97,72.9737,1.86396,20,53.3,2.0,6.0
59,1772.19,474.97,83.6989,2.58399,20,53.3,2.0,8.0
59,1772.19,474.97,88.5938,3.52125,20,53.3,2.0,10.0
59,1772.19,474.97,89.0673,4.82691,20,53.3,2.0,12.0
59,1772.19,474.97,88.4002,5.43058,20,53.3,2.0,14.0
59,1772.19,474.97,88.6908,5.87987,20,53.3,2.0,16.0
59,1772.19,474.97,91.9549,6.50149,20,53.3,2.0,18.0
59,1772.19,474.97,91.261,6.98198,20,53.3,2.0,20.0
59,1772.19,474.97,90.7042,7.56114,20,53.3,2.0,22.0
59,1772.19,474.97,89.9481,8.0845,20,53.3,2.0,24.0
59,1772.19,474.97,91.1312,8.85694,20,53.3,2.0,26.0
59,1772.19,474.97,33.9533,0.833364,20,54.3,3.0,2.0
59,1772.19,474.97,91.6199,1.35314,20,54.3,3.0,4.0
59,1772.19,474.97,133.995,2.18892,20,54.3,3.0,6.0
59,1772.19,474.97,153.165,2.99045,20,54.3,3.0,8.0
59,1772.19,474.97,160.47,3.85225,20,54.3,3.0,10.0
59,1772.19,474.97,162.05,5.00076,20,54.3,3.0,12.0
59,1772.19,474.97,164.281,5.79008,20,54.3,3.0,14.0
59,1772.19,474.97,165.606,6.32378,20,54.3,3.0,16.0
59,1772.19,474.97,165.978,6.97035,20,54.3,3.0,18.0
59,1772.19,474.97,166.633,7.5109,20,54.3,3.0,20.0
59,1772.19,474.97,168.666,8.16089,20,54.3,3.0,22.0
59,1772.19,474.97,168.041,8.72545,20,54.3,3.0,24.0
59,1772.19,474.97,164.918,9.63117,20,54.3,3.0,26.0
59,1772.19,474.97,49.3356,0.864507,20,55.3,4.0,2.0
59,1772.19,474.97,138.862,1.54692,20,55.3,4.0,4.0
59,1772.19,474.97,204.83,2.27587,20,55.3,4.0,6.0
59,1772.19,474.97,235.238,3.11631,20,55.3,4.0,8.0
59,1772.19,474.97,249.592,4.04098,20,55.3,4.0,10.0
59,1772.19,474.97,257.541,5.33019,20,55.3,4.0,12.0
59,1772.19,474.97,261.165,6.29759,20,55.3,4.0,14.0
59,1772.19,474.97,262.231,6.81523,20,55.3,4.0,16.0
59,1772.19,474.97,260.242,7.55631,20,55.3,4.0,18.0
59,1772.19,474.97,259.647,8.09001,20,55.3,4.0,20.0
59,1772.19,474.97,255.151,8.73775,20,55.3,4.0,22.0
59,1772.19,474.97,255.293,9.29965,20,55.3,4.0,24.0
59,1772.19,474.97,256.95,10.2156,20,55.3,4.0,26.0
59,1772.19,474.97,63.4837,0.991637,20,56.3,5.0,2.0
59,1772.19,474.97,178.89,1.65817,20,56.3,5.0,4.0
59,1772.19,474.97,270.363,2.57134,20,56.3,5.0,6.0
59,1772.19,474.97,316.154,3.51261,20,56.3,5.0,8.0
59,1772.19,474.97,342.499,4.5071,20,56.3,5.0,10.0
59,1772.19,474.97,353.602,5.80378,20,56.3,5.0,12.0
59,1772.19,474.97,356.835,6.78122,20,56.3,5.0,14.0
59,1772.19,474.97,357.905,7.37378,20,56.3,5.0,16.0
59,1772.19,474.97,357.211,8.06233,20,56.3,5.0,18.0
59,1772.19,474.97,357.688,8.71151,20,56.3,5.0,20.0
59,1772.19,474.97,357.191,9.42136,20,56.3,5.0,22.0
59,1772.19,474.97,351.344,10.0478,20,56.3,5.0,24.0
59,1772.19,474.97,343.154,10.9521,20,56.3,5.0,26.0
59,1772.19,474.97,100.6,1.41872,20,58.3,7.0,2.0
59,1772.19,474.97,291.696,2.36932,20,58.3,7.0,4.0
59,1772.19,474.97,437.995,3.40723,20,58.3,7.0,6.0
59,1772.19,474.97,516.66,4.43097,20,58.3,7.0,8.0
59,1772.19,474.97,565.315,5.50615,20,58.3,7.0,10.0
59,1772.19,474.97,592.367,7.43381,20,58.3,7.0,12.0
59,1772.19,474.97,607.478,8.72866,20,58.3,7.0,14.0
59,1772.19,474.97,615.336,9.32254,20,58.3,7.0,16.0
59,1772.19,474.97,613.046,10.1347,20,58.3,7.0,18.0
59,1772.19,474.97,612.087,10.8056,20,58.3,7.0,20.0
59,1772.19,474.97,609.847,11.579,20,58.3,7.0,22.0
59,1772.19,474.97,605.89,12.3284,20,58.3,7.0,24.0
59,1772.19,474.97,603.578,13.4651,20,58.3,7.0,26.0
60,1782.9,552.18,2.96863,0.394682,20,52.3,1.0,2.0
60,1782.9,552.18,7.48958,1.00114,20,52.3,1.0,4.0
60,1782.9,552.18,11.7982,1.70076,20,52.3,1.0,6.0
60,1782.9,552.18,13.6286,2.2518,20,52.3,1.0,8.0
60,1782.9,552.18,13.8367,3.15513,20,52.3,1.0,10.0
60,1782.9,552.18,13.1462,3.80248,20,52.3,1.0,12.0
60,1782.9,552.18,11.9607,4.74936,20,52.3,1.0,14.0
60,1782.9,552.18,11.4572,5.40836,20,52.3,1.0,16.0
60,1782.9,552.18,8.59644,6.09462,20,52.3,1.0,18.0
60,1782.9,552.18,7.9674,6.6368,20,52.3,1.0,20.0
60,1782.9,552.18,13.1299,7.2508,20,52.3,1.0,22.0
60,1782.9,552.18,13.9853,8.01386,20,52.3,1.0,24.0
60,1782.9,552.18,14.8222,8.61844,20,52.3,1.0,26.0
60,1782.9,552.18,10.195,0.374139,20,53.3,2.0,2.0
60,1782.9,552.18,26.7274,1.01216,20,53.3,2.0,4.0
60,1782.9,552.18,41.1139,1.63863,20,53.3,2.0,6.0
60,1782.9,552.18,47.3294,2.17441,20,53.3,2.0,8.0
60,1782.9,552.18,48.6326,3.16642,20,53.3,2.0,10.0
60,1782.9,552.18,49.5711,3.80959,20,53.3,2.0,12.0
60,1782.9,552.18,49.279,4.64374,20,53.3,2.0,14.0
60,1782.9,552.18,48.87,5.42174,20,53.3,2.0,16.0
60,1782.9,552.18,50.8147,6.16247,20,53.3,2.0,18.0
60,1782.9,552.18,49.3141,6.69208,20,53.3,2.0,20.0
60,1782.9,552.18,44.7264,7.39009,20,53.3,2.0,22.0
60,1782.9,552.18,46.2574,8.18321,20,53.3,2.0,24.0
60,1782.9,552.18,47.844,8.80485,20,53.3,2.0,26.0
60,1782.9,552.18,18.3576,0.525871,20,54.3,3.0,2.0
60,1782.9,552.18,49.7651,1.14384,20,54.3,3.0,4.0
60,1782.9,552.18,77.4898,1.97347,20,54.3,3.0,6.0
60,1782.9,552.18,89.1207,2.54148,20,54.3,3.0,8.0
60,1782.9,552.18,96.4735,3.46473,20,54.3,3.0,10.0
60,1782.9,552.18,99.1255,4.15279,20,54.3,3.0,12.0
60,1782.9,552.18,100.301,5.20076,20,54.3,3.0,14.0
60,1782.9,552.18,101.586,5.98996,20,54.3,3.0,16.0
60,1782.9,552.18,98.6226,6.80121,20,54.3,3.0,18.0
60,1782.9,552.18,96.4621,7.47315,20,54.3,3.0,20.0
60,1782.9,552.18,96.0364,8.22969,20,54.3,3.0,22.0
60,1782.9,552.18,97.2647,9.05705,20,54.3,3.0,24.0
60,1782.9,552.18,96.8956,9.78927,20,54.3,3.0,26.0
60,1782.9,552.18,27.4246,0.619698,20,55.3,4.0,2.0
60,1782.9,552.18,72.77,1.27589,20,55.3,4.0,4.0
60,1782.9,552.18,112.035,2.06364,20,55.3,4.0,6.0
60,1782.9,552.18,129.09,2.75377,20,55.3,4.0,8.0
60,1782.9,552.18,139.31,3.73162,20,55.3,4.0,10.0
60,1782.9,552.18,146.797,4.5154,20,55.3,4.0,12.0
60,1782.9,552.18,149.904,5.56173,20,55.3,4.0,14.0
60,1782.9,552.18,151.772,6.4258,20,55.3,4.0,16.0
60,1782.9,552.18,152.517,7.34969,20,55.3,4.0,18.0
60,1782.9,552.18,150.809,7.96963,20,55.3,4.0,20.0
60,1782.9,552.18,147.917,8.73452,20,55.3,4.0,22.0
60,1782.9,552.18,148.367,9.65509,20,55.3,4.0,24.0
60,1782.9,552.18,149.957,10.4188,20,55.3,4.0,26.0
60,1782.9,552.18,38.5898,0.73839,20,56.3,5.0,2.0
60,1782.9,552.18,105.965,1.51636,20,56.3,5.0,4.0
60,1782.9,552.18,159.736,2.43844,20,56.3,5.0,6.0
60,1782.9,552.18,183.435,3.15394,20,56.3,5.0,8.0
60,1782.9,552.18,194.721,4.23381,20,56.3,5.0,10.0
60,1782.9,552.18,197.778,5.01625,20,56.3,5.0,12.0
60,1782.9,552.18,203.575,6.02564,20,56.3,5.0,14.0
60,1782.9,552.18,208.972,6.86462,20,56.3,5.0,16.0
60,1782.9,552.18,207.438,7.81753,20,56.3,5.0,18.0
60,1782.9,552.18,205.303,8.62065,20,56.3,5.0,20.0
60,1782.9,552.18,203.514,9.46879,20,56.3,5.0,22.0
60,1782.9,552.18,199.099,10.4702,20,56.3,5.0,24.0
60,1782.9,552.18,195.715,11.2068,20,56.3,5.0,26.0
60,1782.9,552.18,54.8669,0.985488,20,58.3,7.0,2.0
60,1782.9,552.18,160.672,1.99054,20,58.3,7.0,4.0
60,1782.9,552.18,251.849,3.04387,20,58.3,7.0,6.0
60,1782.9,552.18,300.635,3.86932,20,58.3,7.0,8.0
60,1782.9,552.18,329.948,5.09238,20,58.3,7.0,10.0
60,1782.9,552.18,343.877,5.99607,20,58.3,7.0,12.0
60,1782.9,552.18,355.6,7.01469,20,58.3,7.0,14.0
60,1782.9,552.18,361.123,8.0165,20,58.3,7.0,16.0
60,1782.9,552.18,371.039,9.09179,20,58.3,7.0,18.0
60,1782.9,552.18,378.077,9.95335,20,58.3,7.0,20.0
60,1782.9,552.18,378.819,10.9205,20,58.3,7.0,22.0
60,1782.9,552.18,379.956,12.0773,20,58.3,7.0,24.0
60,1782.9,552.18,380.759,13.0779,20,58.3,7.0,26.0
61,1820.09,353.31,3.13072,0.663729,20,52.3,1.0,2.0
61,1820.09,353.31,7.99334,1.11735,20,52.3,1.0,4.0
61,1820.09,353.31,11.2005,1.73015,20,52.3,1.0,6.0
61,1820.09,353.31,12.1104,2.59619,20,52.3,1.0,8.0
61,1820.09,353.31,11.8956,3.3022,20,52.3,1.0,10.0
61,1820.09,353.31,11.8749,3.87027,20,52.3,1.0,12.0
61,1820.09,353.31,7.82486,4.64193,20,52.3,1.0,14.0
61,1820.09,353.31,7.18077,5.26751,20,52.3,1.0,16.0
61,1820.09,353.31,8.67867,5.76375,20,52.3,1.0,18.0
61,1820.09,353.31,6.25578,6.63829,20,52.3,1.0,20.0
61,1820.09,353.31,6.57909,7.10083,20,52.3,1.0,22.0
61,1820.09,353.31,7.59181,7.68643,20,52.3,1.0,24.0
61,1820.09,353.31,8.97986,8.38432,20,52.3,1.0,26.0
61,1820.09,353.31,9.87997,0.748732,20,53.3,2.0,2.0
61,1820.09,353.31,25.1067,1.24056,20,53.3,2.0,4.0
61,1820.09,353.31,36.1923,1.88232,20,53.3,2.0,6.0
61,1820.09,353.31,42.1035,2.79749,20,53.3,2.0,8.0
61,1820.09,353.31,45.3177,3.55795,20,53.3,2.0,10.0
61,1820.09,353.31,43.9853,4.19781,20,53.3,2.0,12.0
61,1820.09,353.31,41.9616,4.98717,20,53.3,2.0,14.0
61,1820.09,353.31,39.6066,5.59174,20,53.3,2.0,16.0
61,1820.09,353.31,36.0226,6.12951,20,53.3,2.0,18.0
61,1820.09,353.31,36.1892,7.1526,20,53.3,2.0,20.0
61,1820.09,353.31,35.1161,7.5958,20,53.3,2.0,22.0
61,1820.09,353.31,32.9837,8.19245,20,53.3,2.0,24.0
61,1820.09,353.31,31.3972,8.9057,20,53.3,2.0,26.0
61,1820.09,353.31,20.8213,0.924459,20,54.3,3.0,2.0
61,1820.09,353.31,55.8502,1.4568,20,54.3,3.0,4.0
61,1820.09,353.31,81.6491,2.16478,20,54.3,3.0,6.0
61,1820.09,353.31,97.305,3.20261,20,54.3,3.0,8.0
61,1820.09,353.31,104.016,3.87045,20,54.3,3.0,10.0
61,1820.09,353.31,105.019,4.46344,20,54.3,3.0,12.0
61,1820.09,353.31,105.664,5.27697,20,54.3,3.0,14.0
61,1820.09,353.31,107.961,5.89582,20,54.3,3.0,16.0
61,1820.09,353.31,107.949,6.44944,20,54.3,3.0,18.0
61,1820.09,353.31,104.12,7.50368,20,54.3,3.0,20.0
61,1820.09,353.31,102.758,7.99343,20,54.3,3.0,22.0
61,1820.09,353.31,99.3979,8.71248,20,54.3,3.0,24.0
61,1820.09,353.31,100.578,9.53913,20,54.3,3.0,26.0
61,1820.09,353.31,38.7051,1.0107,20,55.3,4.0,2.0
61,1820.09,353.31,104.101,1.55778,20,55.3,4.0,4.0
61,1820.09,353.31,154.27,2.23813,20,55.3,4.0,6.0
61,1820.09,353.31,179.406,3.16266,20,55.3,4.0,8.0
61,1820.09,353.31,191.078,3.99456,20,55.3,4.0,10.0
61,1820.09,353.31,196.935,4.6758,20,55.3,4.0,12.0
61,1820.09,353.31,200.738,5.62457,20,55.3,4.0,14.0
61,1820.09,353.31,206.561,6.35401,20,55.3,4.0,16.0
61,1820.09,353.31,206.471,6.92447,20,55.3,4.0,18.0
61,1820.09,353.31,208.161,7.92274,20,55.3,4.0,20.0
61,1820.09,353.31,207.754,8.43023,20,55.3,4.0,22.0
61,1820.09,353.31,207.467,9.15321,20,55.3,4.0,24.0
61,1820.09,353.31,207.131,10.0664,20,55.3,4.0,26.0
61,1820.09,353.31,62.0103,1.12906,20,56.3,5.0,2.0
61,1820.09,353.31,170.369,1.8223,20,56.3,5.0,4.0
61,1820.09,353.31,255.467,2.57336,20,56.3,5.0,6.0
61,1820.09,353.31,305.127,3.37566,20,56.3,5.0,8.0
61,1820.09,353.31,328.943,4.37464,20,56.3,5.0,10.0
61,1820.09,353.31,338.488,5.15203,20,56.3,5.0,12.0
61,1820.09,353.31,341.548,6.20965,20,56.3,5.0,14.0
61,1820.09,353.31,345.842,6.95939,20,56.3,5.0,16.0
61,1820.09,353.31,345.005,7.63112,20,56.3,5.0,18.0
61,1820.09,353.31,346.081,8.77442,20,56.3,5.0,20.0
61,1820.09,353.31,349.519,9.36726,20,56.3,5.0,22.0
61,1820.09,353.31,352.27,10.1557,20,56.3,5.0,24.0
61,1820.09,353.31,355.411,11.1223,20,56.3,5.0,26.0
61,1820.09,353.31,134.448,1.71238,20,58.3,7.0,2.0
61,1820.09,353.31,371.444,2.69072,20,58.3,7.0,4.0
61,1820.09,353.31,562.437,3.59024,20,58.3,7.0,6.0
61,1820.09,353.31,678.012,4.81198,20,58.3,7.0,8.0
61,1820.09,353.31,740.754,5.74068,20,58.3,7.0,10.0
61,1820.09,353.31,777.127,6.46962,20,58.3,7.0,12.0
61,1820.09,353.31,797.762,7.57918,20,58.3,7.0,14.0
61,1820.09,353.31,813.175,8.52667,20,58.3,7.0,16.0
61,1820.09,353.31,826.416,9.23455,20,58.3,7.0,18.0
61,1820.09,353.31,833.152,10.6486,20,58.3,7.0,20.0
61,1820.09,353.31,841.121,11.3154,20,58.3,7.0,22.0
61,1820.09,353.31,845.615,12.1875,20,58.3,7.0,24.0
61,1820.09,353.31,845.021,13.3116,20,58.3,7.0,26.0
62,1823.67,989.54,1.65029,0.585564,20,52.3,1.0,2.0
62,1823.67,989.54,5.54228,1.63044,20,52.3,1.0,4.0
62,1823.67,989.54,9.19642,2.24611,20,52.3,1.0,6.0
62,1823.67,989.54,10.2909,3.19824,20,52.3,1.0,8.0
62,1823.67,989.54,9.16871,3.88114,20,52.3,1.0,10.0
62,1823.67,989.54,9.36189,4.44575,20,52.3,1.0,12.0
62,1823.67,989.54,6.86055,5.18402,20,52.3,1.0,14.0
62,1823.67,989.54,7.55861,5.83048,20,52.3,1.0,16.0
62,1823.67,989.54,10.298,6.53642,20,52.3,1.0,18.0
62,1823.67,989.54,12.0264,7.22559,20,52.3,1.0,20.0
62,1823.67,989.54,12.8502,7.79106,20,52.3,1.0,22.0
62,1823.67,989.54,12.8436,8.43466,20,52.3,1.0,24.0
62,1823.67,989.54,14.3222,9.21148,20,52.3,1.0,26.0
62,1823.67,989.54,3.52893,0.583112,20,53.3,2.0,2.0
62,1823.67,989.54,12.1996,1.92687,20,53.3,2.0,4.0
62,1823.67,989.54,19.0548,2.38954,20,53.3,2.0,6.0
62,1823.67,989.54,23.2436,3.48449,20,53.3,2.0,8.0
62,1823.67,989.54,24.8751,4.14702,20,53.3,2.0,10.0
62,1823.67,989.54,25.2261,4.63308,20,53.3,2.0,12.0
62,1823.67,989.54,26.1141,5.53289,20,53.3,2.0,14.0
62,1823.67,989.54,26.1138,6.26434,20,53.3,2.0,16.0
62,1823.67,989.54,24.3964,6.93402,20,53.3,2.0,18.0
62,1823.67,989.54,24.8414,7.52117,20,53.3,2.0,20.0
62,1823.67,989.54,24.1397,8.05947,20,53.3,2.0,22.0
62,1823.67,989.54,21.1828,8.80305,20,53.3,2.0,24.0
62,1823.67,989.54,21.1178,9.58305,20,53.3,2.0,26.0
62,1823.67,989.54,7.5802,0.61839,20,54.3,3.0,2.0
62,1823.67,989.54,24.1286,1.90324,20,54.3,3.0,4.0
62,1823.67,989.54,34.5598,2.52594,20,54.3,3.0,6.0
62,1823.67,989.54,40.8255,3.73647,20,54.3,3.0,8.0
62,1823.67,989.54,41.8701,4.54149,20,54.3,3.0,10.0
62,1823.67,989.54,40.0213,5.15403,20,54.3,3.0,12.0
62,1823.67,989.54,39.5338,6.08364,20,54.3,3.0,14.0
62,1823.67,989.54,40.5468,6.95685,20,54.3,3.0,16.0
62,1823.67,989.54,40.5395,7.60383,20,54.3,3.0,18.0
62,1823.67,989.54,40.2594,8.3256,20,54.3,3.0,20.0
62,1823.67,989.54,39.1874,8.86533,20,54.3,3.0,22.0
62,1823.67,989.54,39.9066,9.61326,20,54.3,3.0,24.0
62,1823.67,989.54,41.2366,10.4465,20,54.3,3.0,26.0
62,1823.67,989.54,9.45691,0.672156,20,55.3,4.0,2.0
62,1823.67,989.54,30.933,1.80425,20,55.3,4.0,4.0
62,1823.67,989.54,47.0859,2.48796,20,55.3,4.0,6.0
62,1823.67,989.54,55.051,3.63457,20,55.3,4.0,8.0
62,1823.67,989.54,55.4815,4.45382,20,55.3,4.0,10.0
62,1823.67,989.54,56.5208,5.15094,20,55.3,4.0,12.0
62,1823.67,989.54,55.1072,6.15193,20,55.3,4.0,14.0
62,1823.67,989.54,52.7185,7.05592,20,55.3,4.0,16.0
62,1823.67,989.54,51.4898,7.86426,20,55.3,4.0,18.0
62,1823.67,989.54,50.091,8.6996,20,55.3,4.0,20.0
62,1823.67,989.54,50.8947,9.31439,20,55.3,4.0,22.0
62,1823.67,989.54,50.3441,10.1179,20,55.3,4.0,24.0
62,1823.67,989.54,49.7514,10.9735,20,55.3,4.0,26.0
62,1823.67,989.54,14.4086,0.801631,20,56.3,5.0,2.0
62,1823.67,989.54,49.8284,2.10266,20,56.3,5.0,4.0
62,1823.67,989.54,74.7845,2.84673,20,56.3,5.0,6.0
62,1823.67,989.54,85.9767,4.39839,20,56.3,5.0,8.0
62,1823.67,989.54,91.6049,5.23073,20,56.3,5.0,10.0
62,1823.67,989.54,93.2785,5.88147,20,56.3,5.0,12.0
62,1823.67,989.54,93.6942,6.90367,20,56.3,5.0,14.0
62,1823.67,989.54,93.7962,7.8065,20,56.3,5.0,16.0
62,1823.67,989.54,90.6097,8.73944,20,56.3,5.0,18.0
62,1823.67,989.54,87.6372,9.50175,20,56.3,5.0,20.0
62,1823.67,989.54,88.4501,10.1904,20,56.3,5.0,22.0
62,1823.67,989.54,87.3043,11.0882,20,56.3,5.0,24.0
62,1823.67,989.54,86.7674,12.0198,20,56.3,5.0,26.0
62,1823.67,989.54,46.5581,2.16558,20,58.3,7.0,2.0
62,1823.67,989.54,160.671,4.06481,20,58.3,7.0,4.0
62,1823.67,989.54,242.154,5.08111,20,58.3,7.0,6.0
62,1823.67,989.54,286.01,6.38941,20,58.3,7.0,8.0
62,1823.67,989.54,307.826,7.26046,20,58.3,7.0,10.0
62,1823.67,989.54,322.479,7.84533,20,58.3,7.0,12.0
62,1823.67,989.54,334.003,8.95916,20,58.3,7.0,14.0
62,1823.67,989.54,342.85,9.88358,20,58.3,7.0,16.0
62,1823.67,989.54,345.638,10.744,20,58.3,7.0,18.0
62,1823.67,989.54,346.249,11.7041,20,58.3,7.0,20.0
62,1823.67,989.54,351.006,12.4303,20,58.3,7.0,22.0
62,1823.67,989.54,346.652,13.5156,20,58.3,7.0,24.0
62,1823.67,989.54,337.399,14.7283,20,58.3,7.0,26.0
63,1846.87,885.1,2.37198,0.490052,20,52.3,1.0,2.0
63,1846.87,885.1,7.73447,1.61712,20,52.3,1.0,4.0
63,1846.87,885.1,11.879,2.20454,20,52.3,1.0,6.0
63,1846.87,885.1,14.8012,2.83299,20,52.3,1.0,8.0
63,1846.87,885.1,14.1195,3.52664,20,52.3,1.0,10.0
63,1846.87,885.1,14.0773,4.0676,20,52.3,1.0,12.0
63,1846.87,885.1,14.0266,4.67458,20,52.3,1.0,14.0
63,1846.87,885.1,14.9185,5.21207,20,52.3,1.0,16.0
63,1846.87,885.1,14.2052,5.82297,20,52.3,1.0,18.0
63,1846.87,885.1,15.2682,6.48045,20,52.3,1.0,20.0
63,1846.87,885.1,17.9728,7.04483,20,52.3,1.0,22.0
63,1846.87,885.1,19.8082,7.8622,20,52.3,1.0,24.0
63,1846.87,885.1,20.8586,8.75002,20,52.3,1.0,26.0
63,1846.87,885.1,6.70765,0.541664,20,53.3,2.0,2.0
63,1846.87,885.1,18.1614,1.68499,20,53.3,2.0,4.0
63,1846.87,885.1,27.2206,2.32235,20,53.3,2.0,6.0
63,1846.87,885.1,33.8924,3.0148,20,53.3,2.0,8.0
63,1846.87,885.1,39.1659,3.73732,20,53.3,2.0,10.0
63,1846.87,885.1,40.119,4.34925,20,53.3,2.0,12.0
63,1846.87,885.1,41.1036,5.02207,20,53.3,2.0,14.0
63,1846.87,885.1,41.4442,5.56673,20,53.3,2.0,16.0
63,1846.87,885.1,36.6186,6.22525,20,53.3,2.0,18.0
63,1846.87,885.1,35.7496,6.95604,20,53.3,2.0,20.0
63,1846.87,885.1,34.0414,7.5408,20,53.3,2.0,22.0
63,1846.87,885.1,34.5148,8.42029,20,53.3,2.0,24.0
63,1846.87,885.1,35.8567,9.26027,20,53.3,2.0,26.0
63,1846.87,885.1,21.6008,1.01951,20,54.3,3.0,2.0
63,1846.87,885.1,60.9523,2.17856,20,54.3,3.0,4.0
63,1846.87,885.1,89.657,2.79465,20,54.3,3.0,6.0
63,1846.87,885.1,107.801,3.44985,20,54.3,3.0,8.0
63,1846.87,885.1,121.482,4.16177,20,54.3,3.0,10.0
63,1846.87,885.1,129.903,4.78619,20,54.3,3.0,12.0
63,1846.87,885.1,132.395,5.53906,20,54.3,3.0,14.0
63,1846.87,885.1,133.89,6.10064,20,54.3,3.0,16.0
63,1846.87,885.1,135.037,6.7658,20,54.3,3.0,18.0
63,1846.87,885.1,135.324,7.55852,20,54.3,3.0,20.0
63,1846.87,885.1,135.084,8.15906,20,54.3,3.0,22.0
63,1846.87,885.1,136.306,9.07856,20,54.3,3.0,24.0
63,1846.87,885.1,139.585,10.0656,20,54.3,3.0,26.0
63,1846.87,885.1,41.3112,1.62132,20,55.3,4.0,2.0
63,1846.87,885.1,120.231,2.95924,20,55.3,4.0,4.0
63,1846.87,885.1,176.398,3.57583,20,55.3,4.0,6.0
63,1846.87,885.1,211.926,4.24875,20,55.3,4.0,8.0
63,1846.87,885.1,234.856,4.99412,20,55.3,4.0,10.0
63,1846.87,885.1,245.187,5.54943,20,55.3,4.0,12.0
63,1846.87,885.1,251.615,6.2594,20,55.3,4.0,14.0
63,1846.87,885.1,257.263,6.85683,20,55.3,4.0,16.0
63,1846.87,885.1,255.843,7.58144,20,55.3,4.0,18.0
63,1846.87,885.1,255.282,8.35566,20,55.3,4.0,20.0
63,1846.87,885.1,252.657,8.96352,20,55.3,4.0,22.0
63,1846.87,885.1,248.745,9.84846,20,55.3,4.0,24.0
63,1846.87,885.1,245.681,11.1405,20,55.3,4.0,26.0
63,1846.87,885.1,59.0457,2.22056,20,56.3,5.0,2.0
63,1846.87,885.1,173.52,3.89829,20,56.3,5.0,4.0
63,1846.87,885.1,260.239,4.59569,20,56.3,5.0,6.0
63,1846.87,885.1,312.735,5.21101,20,56.3,5.0,8.0
63,1846.87,885.1,344.479,5.93993,20,56.3,5.0,10.0
63,1846.87,885.1,363.408,6.54154,20,56.3,5.0,12.0
63,1846.87,885.1,375.886,7.34781,20,56.3,5.0,14.0
63,1846.87,885.1,384.653,7.91753,20,56.3,5.0,16.0
63,1846.87,885.1,387.739,8.64552,20,56.3,5.0,18.0
63,1846.87,885.1,391.556,9.4888,20,56.3,5.0,20.0
63,1846.87,885.1,395.312,10.1177,20,56.3,5.0,22.0
63,1846.87,885.1,396.532,11.0896,20,56.3,5.0,24.0
63,1846.87,885.1,396.243,12.1032,20,56.3,5.0,26.0
63,1846.87,885.1,111.425,3.80607,20,58.3,7.0,2.0
63,1846.87,885.1,342.866,6.36684,20,58.3,7.0,4.0
63,1846.87,885.1,516.628,7.30649,20,58.3,7.0,6.0
63,1846.87,885.1,630.134,8.03904,20,58.3,7.0,8.0
63,1846.87,885.1,703.587,8.66246,20,58.3,7.0,10.0
63,1846.87,885.1,751.205,9.21553,20,58.3,7.0,12.0
63,1846.87,885.1,783.549,9.94726,20,58.3,7.0,14.0
63,1846.87,885.1,805.829,10.4861,20,58.3,7.0,16.0
63,1846.87,885.1,819.597,11.2991,20,58.3,7.0,18.0
63,1846.87,885.1,828.375,12.102,20,58.3,7.0,20.0
63,1846.87,885.1,843.045,12.8078,20,58.3,7.0,22.0
63,1846.87,885.1,857.43,13.9378,20,58.3,7.0,24.0
63,1846.87,885.1,867.969,15.5332,20,58.3,7.0,26.0
64,1851.73,554.11,4.59057,0.492895,20,52.3,1.0,2.0
64,1851.73,554.11,14.1879,1.26208,20,52.3,1.0,4.0
64,1851.73,554.11,22.0597,1.96637,20,52.3,1.0,6.0
64,1851.73,554.11,24.3168,2.47116,20,52.3,1.0,8.0
64,1851.73,554.11,25.9817,3.24915,20,52.3,1.0,10.0
64,1851.73,554.11,25.6691,3.9721,20,52.3,1.0,12.0
64,1851.73,554.11,27.1394,4.84142,20,52.3,1.0,14.0
64,1851.73,554.11,26.6964,5.34913,20,52.3,1.0,16.0
64,1851.73,554.11,26.5185,5.90702,20,52.3,1.0,18.0
64,1851.73,554.11,28.6168,6.58377,20,52.3,1.0,20.0
64,1851.73,554.11,30.3074,7.37657,20,52.3,1.0,22.0
64,1851.73,554.11,33.0181,7.93995,20,52.3,1.0,24.0
64,1851.73,554.11,34.8004,8.51008,20,52.3,1.0,26.0
64,1851.73,554.11,16.1583,0.679572,20,53.3,2.0,2.0
64,1851.73,554.11,42.4239,1.53788,20,53.3,2.0,4.0
64,1851.73,554.11,63.5393,2.46578,20,53.3,2.0,6.0
64,1851.73,554.11,73.3913,2.98078,20,53.3,2.0,8.0
64,1851.73,554.11,78.0691,3.74705,20,53.3,2.0,10.0
64,1851.73,554.11,80.5198,4.5196,20,53.3,2.0,12.0
64,1851.73,554.11,81.9644,5.22177,20,53.3,2.0,14.0
64,1851.73,554.11,80.7168,5.75372,20,53.3,2.0,16.0
64,1851.73,554.11,80.4919,6.33094,20,53.3,2.0,18.0
64,1851.73,554.11,81.4478,7.00168,20,53.3,2.0,20.0
64,1851.73,554.11,84.5703,7.84268,20,53.3,2.0,22.0
64,1851.73,554.11,83.7204,8.40205,20,53.3,2.0,24.0
64,1851.73,554.11,85.1624,9.0559,20,53.3,2.0,26.0
64,1851.73,554.11,26.6459,0.641519,20,54.3,3.0,2.0
64,1851.73,554.11,76.6114,1.77756,20,54.3,3.0,4.0
64,1851.73,554.11,115.321,2.5962,20,54.3,3.0,6.0
64,1851.73,554.11,133.478,3.19611,20,54.3,3.0,8.0
64,1851.73,554.11,140.607,4.10113,20,54.3,3.0,10.0
64,1851.73,554.11,144.18,4.92979,20,54.3,3.0,12.0
64,1851.73,554.11,147.249,5.78265,20,54.3,3.0,14.0
64,1851.73,554.11,147.157,6.35408,20,54.3,3.0,16.0
64,1851.73,554.11,147.326,6.95615,20,54.3,3.0,18.0
64,1851.73,554.11,148.291,7.70348,20,54.3,3.0,20.0
64,1851.73,554.11,148.465,8.74761,20,54.3,3.0,22.0
64,1851.73,554.11,145.392,9.34169,20,54.3,3.0,24.0
64,1851.73,554.11,145.348,10.0097,20,54.3,3.0,26.0
64,1851.73,554.11,40.0681,0.782653,20,55.3,4.0,2.0
64,1851.73,554.11,123.105,1.81533,20,55.3,4.0,4.0
64,1851.73,554.11,191.855,2.69703,20,55.3,4.0,6.0
64,1851.73,554.11,223.69,3.27426,20,55.3,4.0,8.0
64,1851.73,554.11,239.526,4.13079,20,55.3,4.0,10.0
64,1851.73,554.11,246.322,5.01755,20,55.3,4.0,12.0
64,1851.73,554.11,246.682,6.0146,20,55.3,4.0,14.0
64,1851.73,554.11,246.664,6.57537,20,55.3,4.0,16.0
64,1851.73,554.11,249.322,7.24931,20,55.3,4.0,18.0
64,1851.73,554.11,250.465,8.00527,20,55.3,4.0,20.0
64,1851.73,554.11,250.72,9.05382,20,55.3,4.0,22.0
64,1851.73,554.11,251.247,9.67854,20,55.3,4.0,24.0
64,1851.73,554.11,251.109,10.4242,20,55.3,4.0,26.0
64,1851.73,554.11,60.1234,0.953785,20,56.3,5.0,2.0
64,1851.73,554.11,181.168,2.18988,20,56.3,5.0,4.0
64,1851.73,554.11,282.996,3.22642,20,56.3,5.0,6.0
64,1851.73,554.11,331.643,3.8249,20,56.3,5.0,8.0
64,1851.73,554.11,357.592,4.80529,20,56.3,5.0,10.0
64,1851.73,554.11,373.451,5.72315,20,56.3,5.0,12.0
64,1851.73,554.11,384.665,6.59439,20,56.3,5.0,14.0
64,1851.73,554.11,390.861,7.23514,20,56.3,5.0,16.0
64,1851.73,554.11,393.495,8.01394,20,56.3,5.0,18.0
64,1851.73,554.11,392.013,8.84833,20,56.3,5.0,20.0
64,1851.73,554.11,392.566,9.8522,20,56.3,5.0,22.0
64,1851.73,554.11,395.307,10.5267,20,56.3,5.0,24.0
64,1851.73,554.11,393.702,11.2724,20,56.3,5.0,26.0
64,1851.73,554.11,103.104,1.47665,20,58.3,7.0,2.0
64,1851.73,554.11,316.106,2.96058,20,58.3,7.0,4.0
64,1851.73,554.11,507.941,4.20849,20,58.3,7.0,6.0
64,1851.73,554.11,615.722,4.91316,20,58.3,7.0,8.0
64,1851.73,554.11,673.531,5.9261,20,58.3,7.0,10.0
64,1851.73,554.11,708.115,6.84221,20,58.3,7.0,12.0
64,1851.73,554.11,731.52,7.87555,20,58.3,7.0,14.0
64,1851.73,554.11,747.264,8.64255,20,58.3,7.0,16.0
64,1851.73,554.11,755.726,9.49056,20,58.3,7.0,18.0
64,1851.73,554.11,765.584,10.5172,20,58.3,7.0,20.0
64,1851.73,554.11,772.706,11.736,20,58.3,7.0,22.0
64,1851.73,554.11,776.536,12.5329,20,58.3,7.0,24.0
64,1851.73,554.11,773.278,13.4624,20,58.3,7.0,26.0
65,1858.67,92.81,0.587795,0.972989,20,52.3,1.0,2.0
65,1858.67,92.81,2.14219,1.61981,20,52.3,1.0,4.0
65,1858.67,92.81,4.07403,2.21668,20,52.3,1.0,6.0
65,1858.67,92.81,4.72356,2.96381,20,52.3,1.0,8.0
65,1858.67,92.81,7.01599,3.48567,20,52.3,1.0,10.0
65,1858.67,92.81,6.09622,3.92559,20,52.3,1.0,12.0
65,1858.67,92.81,2.98093,4.42474,20,52.3,1.0,14.0
65,1858.67,92.81,2.96038,4.97471,20,52.3,1.0,16.0
65,1858.67,92.81,4.24939,5.56571,20,52.3,1.0,18.0
65,1858.67,92.81,6.76023,6.21343,20,52.3,1.0,20.0
65,1858.67,92.81,5.47487,6.78244,20,52.3,1.0,22.0
65,1858.67,92.81,6.70172,7.37697,20,52.3,1.0,24.0
65,1858.67,92.81,3.31598,8.15154,20,52.3,1.0,26.0
65,1858.67,92.81,2.65389,1.22136,20,53.3,2.0,2.0
65,1858.67,92.81,6.0356,1.79257,20,53.3,2.0,4.0
65,1858.67,92.81,8.09248,2.42996,20,53.3,2.0,6.0
65,1858.67,92.81,11.2975,3.09157,20,53.3,2.0,8.0
65,1858.67,92.81,12.6116,3.72904,20,53.3,2.0,10.0
65,1858.67,92.81,13.0871,4.21381,20,53.3,2.0,12.0
65,1858.67,92.81,12.4975,4.81904,20,53.3,2.0,14.0
65,1858.67,92.81,12.1165,5.52713,20,53.3,2.0,16.0
65,1858.67,92.81,12.9852,6.11758,20,53.3,2.0,18.0
65,1858.67,92.81,15.6593,6.77106,20,53.3,2.0,20.0
65,1858.67,92.81,16.4967,7.33551,20,53.3,2.0,22.0
65,1858.67,92.81,14.2027,7.95931,20,53.3,2.0,24.0
65,1858.67,92.81,13.256,8.75164,20,53.3,2.0,26.0
65,1858.67,92.81,3.40219,1.18837,20,54.3,3.0,2.0
65,1858.67,92.81,9.13614,1.99294,20,54.3,3.0,4.0
65,1858.67,92.81,13.464,2.671,20,54.3,3.0,6.0
65,1858.67,92.81,16.6044,3.36565,20,54.3,3.0,8.0
65,1858.67,92.81,17.3529,3.95949,20,54.3,3.0,10.0
65,1858.67,92.81,18.178,4.4808,20,54.3,3.0,12.0
65,1858.67,92.81,16.655,5.14782,20,54.3,3.0,14.0
65,1858.67,92.81,15.1235,5.87675,20,54.3,3.0,16.0
65,1858.67,92.81,12.1455,6.46512,20,54.3,3.0,18.0
65,1858.67,92.81,9.60092,7.18112,20,54.3,3.0,20.0
65,1858.67,92.81,6.41914,7.81583,20,54.3,3.0,22.0
65,1858.67,92.81,5.52792,8.5027,20,54.3,3.0,24.0
65,1858.67,92.81,2.9455,9.3849,20,54.3,3.0,26.0
65,1858.67,92.81,6.67565,1.17512,20,55.3,4.0,2.0
65,1858.67,92.81,19.7351,1.95967,20,55.3,4.0,4.0
65,1858.67,92.81,27.7408,2.65636,20,55.3,4.0,6.0
65,1858.67,92.81,34.3861,3.56303,20,55.3,4.0,8.0
65,1858.67,92.81,38.0447,4.28117,20,55.3,4.0,10.0
65,1858.67,92.81,41.5347,4.8018,20,55.3,4.0,12.0
65,1858.67,92.81,42.2834,5.50231,20,55.3,4.0,14.0
65,1858.67,92.81,41.2726,6.27112,20,55.3,4.0,16.0
65,1858.67,92.81,41.4786,6.97877,20,55.3,4.0,18.0
65,1858.67,92.81,45.4151,7.74236,20,55.3,4.0,20.0
65,1858.67,92.81,43.0538,8.38537,20,55.3,4.0,22.0
65,1858.67,92.81,38.9075,9.04227,20,55.3,4.0,24.0
65,1858.67,92.81,36.7974,9.94143,20,55.3,4.0,26.0
65,1858.67,92.81,9.89421,1.20291,20,56.3,5.0,2.0
65,1858.67,92.81,28.3584,2.06827,20,56.3,5.0,4.0
65,1858.67,92.81,42.3512,2.83676,20,56.3,5.0,6.0
65,1858.67,92.81,50.7592,3.69117,20,56.3,5.0,8.0
65,1858.67,92.81,55.2278,4.46467,20,56.3,5.0,10.0
65,1858.67,92.81,57.4152,5.09415,20,56.3,5.0,12.0
65,1858.67,92.81,59.8821,5.81074,20,56.3,5.0,14.0
65,1858.67,92.81,62.4479,6.67163,20,56.3,5.0,16.0
65,1858.67,92.81,61.5206,7.40643,20,56.3,5.0,18.0
65,1858.67,92.81,59.7105,8.29109,20,56.3,5.0,20.0
65,1858.67,92.81,54.5838,9.03141,20,56.3,5.0,22.0
65,1858.67,92.81,53.8313,9.74836,20,56.3,5.0,24.0
65,1858.67,92.81,51.9286,10.7825,20,56.3,5.0,26.0
65,1858.67,92.81,14.9387,1.46978,20,58.3,7.0,2.0
65,1858.67,92.81,51.0087,2.45762,20,58.3,7.0,4.0
65,1858.67,92.81,77.1106,3.43142,20,58.3,7.0,6.0
65,1858.67,92.81,93.3239,4.36339,20,58.3,7.0,8.0
65,1858.67,92.81,101.299,5.33625,20,58.3,7.0,10.0
65,1858.67,92.81,101.488,6.06917,20,58.3,7.0,12.0
65,1858.67,92.81,102.354,6.96389,20,58.3,7.0,14.0
65,1858.67,92.81,101.761,7.93864,20,58.3,7.0,16.0
65,1858.67,92.81,105.096,8.78988,20,58.3,7.0,18.0
65,1858.67,92.81,103.411,9.8383,20,58.3,7.0,20.0
65,1858.67,92.81,100.508,10.6377,20,58.3,7.0,22.0
65,1858.67,92.81,94.7647,11.503,20,58.3,7.0,24.0
65,1858.67,92.81,94.2363,12.5953,20,58.3,7.0,26.0
