spot,x,y,luminosity,error,T,v,v_fin,phase,detection,status,excluded_at_radius,integration_radius,integration_area,geometry_source_phase,geometry_source_constant,geometry_source_run,geometry_mode,integration_radius_source_phase,integration_radius_source_constant,integration_radius_source_run,run_number,match_distance,cross_constant_only,deltaL1,deltaL2,deltaL,B,B_stat_error,deltaB,A,A_stat_error,fit_chi2,fit_ndf,fit_chi2ndf,fit_status,covmatrix_status,edm,fit_converged
0,79.45,336.07,-3.79411,6.38617,20.0,51.65,0.75,annealing_T=150_h=5,present,present,False,20.0,1256.6370614359173,annealing_T=150_h=5,T,20260912-010115,phase_detection,user_fixed_radius,user_fixed_radius,,20260912-010115,2.120023584774455,False,0.12687,2.57918,2.57918,1.54407,0.308044,0.0547986,5.53876,2.34988,1.77759,4,0.444396,0,3,1.28358e-07,1
0,79.45,336.07,10.4347,7.24929,20.0,52.4,1.5,annealing_T=150_h=5,present,present,False,20.0,1256.6370614359173,annealing_T=150_h=5,T,20260912-010115,phase_detection,user_fixed_radius,user_fixed_radius,,20260912-010115,2.120023584774455,False,3.26063,1.77669,3.26063,1.54407,0.308044,0.0547986,5.53876,2.34988,1.77759,4,0.444396,0,3,1.28358e-07,1
0,79.45,336.07,15.6114,7.55565,20.0,52.9,2.0,annealing_T=150_h=5,present,present,False,20.0,1256.6370614359173,annealing_T=150_h=5,T,20260912-010115,phase_detection,user_fixed_radius,user_fixed_radius,,20260912-010115,2.120023584774455,False,1.168,3.5281,3.5281,1.54407,0.308044,0.0547986,5.53876,2.34988,1.77759,4,0.444396,0,3,1.28358e-07,1
0,79.45,336.07,28.0637,8.3071,20.0,53.4,2.5,annealing_T=150_h=5,present,present,False,20.0,1256.6370614359173,annealing_T=150_h=5,T,20260912-010115,phase_detection,user_fixed_radius,user_fixed_radius,,20260912-010115,2.120023584774455,False,1.0036,0.1082,1.0036,1.54407,0.308044,0.0547986,5.53876,2.34988,1.77759,4,0.444396,0,3,1.28358e-07,1
0,79.45,336.07,30.8789,8.94883,20.0,53.9,3.0,annealing_T=150_h=5,present,present,False,20.0,1256.6370614359173,annealing_T=150_h=5,T,20260912-010115,phase_detection,user_fixed_radius,user_fixed_radius,,20260912-010115,2.120023584774455,False,5.9663,1.2268,5.9663,1.54407,0.308044,0.0547986,5.53876,2.34988,1.77759,4,0.444396,0,3,1.28358e-07,1
0,79.45,336.07,64.2207,11.0974,20.0,55.9,5.0,annealing_T=150_h=5,present,present,False,20.0,1256.6370614359173,annealing_T=150_h=5,T,20260912-010115,phase_detection,user_fixed_radius,user_fixed_radius,,20260912-010115,2.120023584774455,False,5.9312,8.698,8.698,1.54407,0.308044,0.0547986,5.53876,2.34988,1.77759,4,0.444396,0,3,1.28358e-07,1
1,90.84,697.78,0.464449,6.20475,20.0,51.65,0.75,annealing_T=150_h=5,absent,absent,False,20.0,1256.6370614359173,annealing_T=125_h=5,T,20260725-020716,previous_detection,user_fixed_radius,user_fixed_radius,,20260912-010115,6.7209002373193165,False,0.242541,0.888909,0.888909,,,,,,,,,,,,0
1,90.84,697.78,5.26881,6.96283,20.0,52.4,1.5,annealing_T=150_h=5,absent,absent,False,20.0,1256.6370614359173,annealing_T=125_h=5,T,20260725-020716,previous_detection,user_fixed_radius,user_fixed_radius,,20260912-010115,6.7209002373193165,False,2.5261,0.32093,2.5261,,,,,,,,,,,,0
1,90.84,697.78,3.60322,7.41944,20.0,52.9,2.0,annealing_T=150_h=5,absent,absent,False,20.0,1256.6370614359173,annealing_T=125_h=5,T,20260725-020716,previous_detection,user_fixed_radius,user_fixed_radius,,20260912-010115,6.7209002373193165,False,8.78038,2.59151,8.78038,,,,,,,,,,,,0
1,90.84,697.78,10.6295,7.53364,20.0,53.4,2.5,annealing_T=150_h=5,absent,absent,False,20.0,1256.6370614359173,annealing_T=125_h=5,T,20260725-020716,previous_detection,user_fixed_radius,user_fixed_radius,,20260912-010115,6.7209002373193165,False,5.20838,1.1344,5.20838,,,,,,,,,,,,0
1,90.84,697.78,15.1632,8.47763,20.0,53.9,3.0,annealing_T=150_h=5,absent,absent,False,20.0,1256.6370614359173,annealing_T=125_h=5,T,20260725-020716,previous_detection,user_fixed_radius,user_fixed_radius,,20260912-010115,6.7209002373193165,False,1.6133,2.2244,2.2244,,,,,,,,,,,,0
1,90.84,697.78,25.775,9.99403,20.0,55.9,5.0,annealing_T=150_h=5,absent,absent,False,20.0,1256.6370614359173,annealing_T=125_h=5,T,20260725-020716,previous_detection,user_fixed_radius,user_fixed_radius,,20260912-010115,6.7209002373193165,False,4.705,3.5904,4.705,,,,,,,,,,,,0
2,99.95,268.96,-5.95153,6.08978,20.0,51.65,0.75,annealing_T=150_h=5,absent,absent,False,20.0,1256.6370614359173,annealing_T=75_h=25,T,20260602-133829,previous_detection,user_fixed_radius,user_fixed_radius,,20260912-010115,6.824521961280532,False,0.96963,0.36893,0.96963,,,,,,,,,,,,0
2,99.95,268.96,5.36169,6.75228,20.0,52.4,1.5,annealing_T=150_h=5,absent,absent,False,20.0,1256.6370614359173,annealing_T=75_h=25,T,20260602-133829,previous_detection,user_fixed_radius,user_fixed_radius,,20260912-010115,6.824521961280532,False,0.00738,0.14466,0.14466,,,,,,,,,,,,0
2,99.95,268.96,-2.05024,7.4251,20.0,52.9,2.0,annealing_T=150_h=5,absent,absent,False,20.0,1256.6370614359173,annealing_T=75_h=25,T,20260602-133829,previous_detection,user_fixed_radius,user_fixed_radius,,20260912-010115,6.824521961280532,False,4.09532,7.22299,7.22299,,,,,,,,,,,,0
2,99.95,268.96,17.8152,7.7026,20.0,53.4,2.5,annealing_T=150_h=5,absent,absent,False,20.0,1256.6370614359173,annealing_T=75_h=25,T,20260602-133829,previous_detection,user_fixed_radius,user_fixed_radius,,20260912-010115,6.824521961280532,False,2.1932,0.5328,2.1932,,,,,,,,,,,,0
2,99.95,268.96,14.5838,8.32202,20.0,53.9,3.0,annealing_T=150_h=5,absent,absent,False,20.0,1256.6370614359173,annealing_T=75_h=25,T,20260602-133829,previous_detection,user_fixed_radius,user_fixed_radius,,20260912-010115,6.824521961280532,False,6.71061,6.0306,6.71061,,,,,,,,,,,,0
2,99.95,268.96,42.2546,10.1529,20.0,55.9,5.0,annealing_T=150_h=5,absent,absent,False,20.0,1256.6370614359173,annealing_T=75_h=25,T,20260602-133829,previous_detection,user_fixed_radius,user_fixed_radius,,20260912-010115,6.824521961280532,False,4.2734,10.1879,10.1879,,,,,,,,,,,,0
3,159.49,432.12,11.5378,6.81648,20.0,51.65,0.75,annealing_T=150_h=5,absent,absent,False,20.0,1256.6370614359173,annealing_T=100_h=25,T,20260629-230214,previous_detection,user_fixed_radius,user_fixed_radius,,20260912-010115,4.861738372228557,False,0.1235,5.58296,5.58296,,,,,,,,,,,,0
3,159.49,432.12,3.88231,6.93472,20.0,52.4,1.5,annealing_T=150_h=5,absent,absent,False,20.0,1256.6370614359173,annealing_T=100_h=25,T,20260629-230214,previous_detection,user_fixed_radius,user_fixed_radius,,20260912-010115,4.861738372228557,False,10.92445,0.15787,10.92445,,,,,,,,,,,,0
3,159.49,432.12,-2.21722,7.74365,20.0,52.9,2.0,annealing_T=150_h=5,absent,absent,False,20.0,1256.6370614359173,annealing_T=100_h=25,T,20260629-230214,previous_detection,user_fixed_radius,user_fixed_radius,,20260912-010115,4.861738372228557,False,4.01203,2.749051,4.01203,,,,,,,,,,,,0
3,159.49,432.12,4.57986,8.18869,20.0,53.4,2.5,annealing_T=150_h=5,absent,absent,False,20.0,1256.6370614359173,annealing_T=100_h=25,T,20260629-230214,previous_detection,user_fixed_radius,user_fixed_radius,,20260912-010115,4.861738372228557,False,5.28352,1.18877,5.28352,,,,,,,,,,,,0
3,159.49,432.12,-0.0903157,9.0774,20.0,53.9,3.0,annealing_T=150_h=5,absent,absent,False,20.0,1256.6370614359173,annealing_T=100_h=25,T,20260629-230214,previous_detection,user_fixed_radius,user_fixed_radius,,20260912-010115,4.861738372228557,False,4.9013143,5.1716657,5.1716657,,,,,,,,,,,,0
3,159.49,432.12,-3.0977,10.5498,20.0,55.9,5.0,annealing_T=150_h=5,absent,absent,False,20.0,1256.6370614359173,annealing_T=100_h=25,T,20260629-230214,previous_detection,user_fixed_radius,user_fixed_radius,,20260912-010115,4.861738372228557,False,0.15217,7.5065,7.5065,,,,,,,,,,,,0
4,203.88,887.5,5.5908,6.05223,20.0,51.65,0.75,annealing_T=150_h=5,absent,absent,False,20.0,1256.6370614359173,annealing_T=125_h=5,T,20260725-020716,previous_detection,user_fixed_radius,user_fixed_radius,,20260912-010115,5.500772672997813,False,1.85667,2.46952,2.46952,,,,,,,,,,,,0
4,203.88,887.5,-5.35604,6.66272,20.0,52.4,1.5,annealing_T=150_h=5,absent,absent,False,20.0,1256.6370614359173,annealing_T=125_h=5,T,20260725-020716,previous_detection,user_fixed_radius,user_fixed_radius,,20260912-010115,5.500772672997813,False,1.92211,2.45668,2.45668,,,,,,,,,,,,0
4,203.88,887.5,1.87016,7.16901,20.0,52.9,2.0,annealing_T=150_h=5,absent,absent,False,20.0,1256.6370614359173,annealing_T=125_h=5,T,20260725-020716,previous_detection,user_fixed_radius,user_fixed_radius,,20260912-010115,5.500772672997813,False,10.445,2.132747,10.445,,,,,,,,,,,,0
4,203.88,887.5,0.218826,7.36581,20.0,53.4,2.5,annealing_T=150_h=5,absent,absent,False,20.0,1256.6370614359173,annealing_T=125_h=5,T,20260725-020716,previous_detection,user_fixed_radius,user_fixed_radius,,20260912-010115,5.500772672997813,False,3.117624,1.724936,3.117624,,,,,,,,,,,,0
4,203.88,887.5,-2.18853,7.99543,20.0,53.9,3.0,annealing_T=150_h=5,absent,absent,False,20.0,1256.6370614359173,annealing_T=125_h=5,T,20260725-020716,previous_detection,user_fixed_radius,user_fixed_radius,,20260912-010115,5.500772672997813,False,0.40249,2.01747,2.01747,,,,,,,,,,,,0
4,203.88,887.5,4.22476,9.62544,20.0,55.9,5.0,annealing_T=150_h=5,absent,absent,False,20.0,1256.6370614359173,annealing_T=125_h=5,T,20260725-020716,previous_detection,user_fixed_radius,user_fixed_radius,,20260912-010115,5.500772672997813,False,0.81575,1.99846,1.99846,,,,,,,,,,,,0
5,220.6,309.53,2.92977,5.92165,20.0,51.65,0.75,annealing_T=150_h=5,absent,disappeared,False,20.0,1256.6370614359173,annealing_T=125_h=25,T,20260902-011233,previous_detection,user_fixed_radius,user_fixed_radius,,20260912-010115,5.210335881687515,False,0.18023,3.062176,3.062176,,,,,,,,,,,,0
5,220.6,309.53,-0.704164,6.61134,20.0,52.4,1.5,annealing_T=150_h=5,absent,disappeared,False,20.0,1256.6370614359173,annealing_T=125_h=25,T,20260902-011233,previous_detection,user_fixed_radius,user_fixed_radius,,20260912-010115,5.210335881687515,False,1.766126,2.901576,2.901576,,,,,,,,,,,,0
5,220.6,309.53,4.19102,7.32769,20.0,52.9,2.0,annealing_T=150_h=5,absent,disappeared,False,20.0,1256.6370614359173,annealing_T=125_h=25,T,20260902-011233,previous_detection,user_fixed_radius,user_fixed_radius,,20260912-010115,5.210335881687515,False,3.22704,0.34484,3.22704,,,,,,,,,,,,0
5,220.6,309.53,9.17594,7.30801,20.0,53.4,2.5,annealing_T=150_h=5,absent,disappeared,False,20.0,1256.6370614359173,annealing_T=125_h=25,T,20260902-011233,previous_detection,user_fixed_radius,user_fixed_radius,,20260912-010115,5.210335881687515,False,2.60922,0.80482,2.60922,,,,,,,,,,,,0
5,220.6,309.53,-12.8956,8.05389,20.0,53.9,3.0,annealing_T=150_h=5,absent,disappeared,False,20.0,1256.6370614359173,annealing_T=125_h=25,T,20260902-011233,previous_detection,user_fixed_radius,user_fixed_radius,,20260912-010115,5.210335881687515,False,0.3614,5.14558,5.14558,,,,,,,,,,,,0
5,220.6,309.53,-14.1609,10.0625,20.0,55.9,5.0,annealing_T=150_h=5,absent,disappeared,False,20.0,1256.6370614359173,annealing_T=125_h=25,T,20260902-011233,previous_detection,user_fixed_radius,user_fixed_radius,,20260912-010115,5.210335881687515,False,3.2583,11.89955,11.89955,,,,,,,,,,,,0
6,235.57,473.43,7.74988,5.71486,20.0,51.65,0.75,annealing_T=150_h=5,absent,disappeared,False,20.0,1256.6370614359173,annealing_T=125_h=25,T,20260902-011233,previous_detection,user_fixed_radius,user_fixed_radius,,20260912-010115,3.759361647939704,False,1.36733,5.52681,5.52681,,,,,,,,,,,,0
6,235.57,473.43,10.0726,6.2232,20.0,52.4,1.5,annealing_T=150_h=5,absent,disappeared,False,20.0,1256.6370614359173,annealing_T=125_h=25,T,20260902-011233,previous_detection,user_fixed_radius,user_fixed_radius,,20260912-010115,3.759361647939704,False,4.4257,4.7345,4.7345,,,,,,,,,,,,0
6,235.57,473.43,14.78,6.79361,20.0,52.9,2.0,annealing_T=150_h=5,absent,disappeared,False,20.0,1256.6370614359173,annealing_T=125_h=25,T,20260902-011233,previous_detection,user_fixed_radius,user_fixed_radius,,20260912-010115,3.759361647939704,False,0.627,0.096,0.627,,,,,,,,,,,,0
6,235.57,473.43,19.742,7.04618,20.0,53.4,2.5,annealing_T=150_h=5,absent,disappeared,False,20.0,1256.6370614359173,annealing_T=125_h=25,T,20260902-011233,previous_detection,user_fixed_radius,user_fixed_radius,,20260912-010115,3.759361647939704,False,1.8083,4.1026,4.1026,,,,,,,,,,,,0
6,235.57,473.43,36.8336,7.56288,20.0,53.9,3.0,annealing_T=150_h=5,absent,disappeared,False,20.0,1256.6370614359173,annealing_T=125_h=25,T,20260902-011233,previous_detection,user_fixed_radius,user_fixed_radius,,20260912-010115,3.759361647939704,False,4.3927,2.7791,4.3927,,,,,,,,,,,,0
6,235.57,473.43,56.8855,9.34024,20.0,55.9,5.0,annealing_T=150_h=5,absent,disappeared,False,20.0,1256.6370614359173,annealing_T=125_h=25,T,20260902-011233,previous_detection,user_fixed_radius,user_fixed_radius,,20260912-010115,3.759361647939704,False,3.2506,0.7227,3.2506,,,,,,,,,,,,0
7,280.89,940.2,-9.42918,5.98977,20.0,51.65,0.75,annealing_T=150_h=5,absent,disappeared,False,20.0,1256.6370614359173,annealing_T=125_h=25,T,20260902-011233,previous_detection,user_fixed_radius,user_fixed_radius,,20260912-010115,5.661492736019216,False,5.62874,12.03434,12.03434,,,,,,,,,,,,0
7,280.89,940.2,-5.12793,6.34462,20.0,52.4,1.5,annealing_T=150_h=5,absent,disappeared,False,20.0,1256.6370614359173,annealing_T=125_h=25,T,20260902-011233,previous_detection,user_fixed_radius,user_fixed_radius,,20260912-010115,5.661492736019216,False,0.57654,4.38899,4.38899,,,,,,,,,,,,0
7,280.89,940.2,6.39489,6.89447,20.0,52.9,2.0,annealing_T=150_h=5,absent,disappeared,False,20.0,1256.6370614359173,annealing_T=125_h=25,T,20260902-011233,previous_detection,user_fixed_radius,user_fixed_radius,,20260912-010115,5.661492736019216,False,0.79107,2.43268,2.43268,,,,,,,,,,,,0
7,280.89,940.2,7.63557,7.34279,20.0,53.4,2.5,annealing_T=150_h=5,absent,disappeared,False,20.0,1256.6370614359173,annealing_T=125_h=25,T,20260902-011233,previous_detection,user_fixed_radius,user_fixed_radius,,20260912-010115,5.661492736019216,False,5.66125,2.76241,5.66125,,,,,,,,,,,,0
7,280.89,940.2,22.9527,7.99477,20.0,53.9,3.0,annealing_T=150_h=5,absent,disappeared,False,20.0,1256.6370614359173,annealing_T=125_h=25,T,20260902-011233,previous_detection,user_fixed_radius,user_fixed_radius,,20260912-010115,5.661492736019216,False,2.2875,3.4473,3.4473,,,,,,,,,,,,0
7,280.89,940.2,43.8628,9.61882,20.0,55.9,5.0,annealing_T=150_h=5,absent,disappeared,False,20.0,1256.6370614359173,annealing_T=125_h=25,T,20260902-011233,previous_detection,user_fixed_radius,user_fixed_radius,,20260912-010115,5.661492736019216,False,1.2513,7.6447,7.6447,,,,,,,,,,,,0
8,289.57,757.65,6.10729,5.68814,20.0,51.65,0.75,annealing_T=150_h=5,absent,absent,False,20.0,1256.6370614359173,before_annealing,T,20260516-064844,previous_detection,user_fixed_radius,user_fixed_radius,,20260912-010115,0.0,False,2.83187,3.28914,3.28914,,,,,,,,,,,,0
8,289.57,757.65,4.35052,6.23913,20.0,52.4,1.5,annealing_T=150_h=5,absent,absent,False,20.0,1256.6370614359173,before_annealing,T,20260516-064844,previous_detection,user_fixed_radius,user_fixed_radius,,20260912-010115,0.0,False,1.74538,0.93199,1.74538,,,,,,,,,,,,0
8,289.57,757.65,0.306694,6.69971,20.0,52.9,2.0,annealing_T=150_h=5,absent,absent,False,20.0,1256.6370614359173,before_annealing,T,20260516-064844,previous_detection,user_fixed_radius,user_fixed_radius,,20260912-010115,0.0,False,2.195416,5.275856,5.275856,,,,,,,,,,,,0
8,289.57,757.65,-8.25913,6.99025,20.0,53.4,2.5,annealing_T=150_h=5,absent,absent,False,20.0,1256.6370614359173,before_annealing,T,20260516-064844,previous_detection,user_fixed_radius,user_fixed_radius,,20260912-010115,0.0,False,5.60305,1.91747,5.60305,,,,,,,,,,,,0
8,289.57,757.65,-7.56342,7.62669,20.0,53.9,3.0,annealing_T=150_h=5,absent,absent,False,20.0,1256.6370614359173,before_annealing,T,20260516-064844,previous_detection,user_fixed_radius,user_fixed_radius,,20260912-010115,0.0,False,1.61642,4.46026,4.46026,,,,,,,,,,,,0
8,289.57,757.65,3.06764,9.20073,20.0,55.9,5.0,annealing_T=150_h=5,absent,absent,False,20.0,1256.6370614359173,before_annealing,T,20260516-064844,previous_detection,user_fixed_radius,user_fixed_radius,,20260912-010115,0.0,False,6.98673,0.10709,6.98673,,,,,,,,,,,,0
9,316.26,876.8,8.34931,5.64296,20.0,51.65,0.75,annealing_T=150_h=5,present,present,False,20.0,1256.6370614359173,annealing_T=150_h=5,T,20260912-010115,phase_detection,user_fixed_radius,user_fixed_radius,,20260912-010115,1.7265283084851215,False,3.54199,2.50797,3.54199,1.2008,0.206457,0.121895,11.0219,2.8954,9.61863,4,2.40466,0,3,1.45408e-07,1
9,316.26,876.8,26.2653,6.07416,20.0,52.4,1.5,annealing_T=150_h=5,present,present,False,20.0,1256.6370614359173,annealing_T=150_h=5,T,20260912-010115,phase_detection,user_fixed_radius,user_fixed_radius,,20260912-010115,1.7265283084851215,False,2.854,0.8074,2.854,1.2008,0.206457,0.121895,11.0219,2.8954,9.61863,4,2.40466,0,3,1.45408e-07,1
9,316.26,876.8,22.942,6.54968,20.0,52.9,2.0,annealing_T=150_h=5,present,present,False,20.0,1256.6370614359173,annealing_T=150_h=5,T,20260912-010115,phase_detection,user_fixed_radius,user_fixed_radius,,20260912-010115,1.7265283084851215,False,2.3444,0.4424,2.3444,1.2008,0.206457,0.121895,11.0219,2.8954,9.61863,4,2.40466,0,3,1.45408e-07,1
9,316.26,876.8,39.5085,6.82716,20.0,53.4,2.5,annealing_T=150_h=5,present,present,False,20.0,1256.6370614359173,annealing_T=150_h=5,T,20260912-010115,phase_detection,user_fixed_radius,user_fixed_radius,,20260912-010115,1.7265283084851215,False,0.3281,0.3253,0.3281,1.2008,0.206457,0.121895,11.0219,2.8954,9.61863,4,2.40466,0,3,1.45408e-07,1
9,316.26,876.8,22.7178,7.47176,20.0,53.9,3.0,annealing_T=150_h=5,present,present,False,20.0,1256.6370614359173,annealing_T=150_h=5,T,20260912-010115,phase_detection,user_fixed_radius,user_fixed_radius,,20260912-010115,1.7265283084851215,False,2.6781,5.9806,5.9806,1.2008,0.206457,0.121895,11.0219,2.8954,9.61863,4,2.40466,0,3,1.45408e-07,1
9,316.26,876.8,83.116,9.14528,20.0,55.9,5.0,annealing_T=150_h=5,present,present,False,20.0,1256.6370614359173,annealing_T=150_h=5,T,20260912-010115,phase_detection,user_fixed_radius,user_fixed_radius,,20260912-010115,1.7265283084851215,False,0.9896,5.0661,5.0661,1.2008,0.206457,0.121895,11.0219,2.8954,9.61863,4,2.40466,0,3,1.45408e-07,1
10,340.58,144.73,5.87017,6.06279,20.0,51.65,0.75,annealing_T=150_h=5,absent,disappeared,False,20.0,1256.6370614359173,annealing_T=125_h=25,T,20260902-011233,previous_detection,user_fixed_radius,user_fixed_radius,,20260912-010115,3.767014733180635,False,3.36461,3.67531,3.67531,,,,,,,,,,,,0
10,340.58,144.73,4.49474,6.56523,20.0,52.4,1.5,annealing_T=150_h=5,absent,disappeared,False,20.0,1256.6370614359173,annealing_T=125_h=25,T,20260902-011233,previous_detection,user_fixed_radius,user_fixed_radius,,20260912-010115,3.767014733180635,False,1.96415,0.63291,1.96415,,,,,,,,,,,,0
10,340.58,144.73,-6.30941,6.92415,20.0,52.9,2.0,annealing_T=150_h=5,absent,disappeared,False,20.0,1256.6370614359173,annealing_T=125_h=25,T,20260902-011233,previous_detection,user_fixed_radius,user_fixed_radius,,20260912-010115,3.767014733180635,False,10.47499,5.602006,10.47499,,,,,,,,,,,,0
10,340.58,144.73,-2.85217,7.46098,20.0,53.4,2.5,annealing_T=150_h=5,absent,disappeared,False,20.0,1256.6370614359173,annealing_T=125_h=25,T,20260902-011233,previous_detection,user_fixed_radius,user_fixed_radius,,20260912-010115,3.767014733180635,False,0.8019,1.05307,1.05307,,,,,,,,,,,,0
10,340.58,144.73,5.33071,7.79729,20.0,53.9,3.0,annealing_T=150_h=5,absent,disappeared,False,20.0,1256.6370614359173,annealing_T=125_h=25,T,20260902-011233,previous_detection,user_fixed_radius,user_fixed_radius,,20260912-010115,3.767014733180635,False,5.4004257,3.6391,5.4004257,,,,,,,,,,,,0
10,340.58,144.73,10.531,9.71295,20.0,55.9,5.0,annealing_T=150_h=5,absent,disappeared,False,20.0,1256.6370614359173,annealing_T=125_h=25,T,20260902-011233,previous_detection,user_fixed_radius,user_fixed_radius,,20260912-010115,3.767014733180635,False,0.247,4.4734,4.4734,,,,,,,,,,,,0
11,349.06,553.02,4.89115,6.03641,20.0,51.65,0.75,annealing_T=150_h=5,present,present,False,20.0,1256.6370614359173,annealing_T=150_h=5,T,20260912-010115,phase_detection,user_fixed_radius,user_fixed_radius,,20260912-010115,1.8223611058185225,False,0.30527,1.60837,1.60837,2.11334,0.186099,0.185336,5.47698,1.51562,1.38463,4,0.346159,0,3,3.96989e-10,1
11,349.06,553.02,16.1353,6.8567,20.0,52.4,1.5,annealing_T=150_h=5,present,present,False,20.0,1256.6370614359173,annealing_T=150_h=5,T,20260912-010115,phase_detection,user_fixed_radius,user_fixed_radius,,20260912-010115,1.8223611058185225,False,1.8083,4.1899,4.1899,2.11334,0.186099,0.185336,5.47698,1.51562,1.38463,4,0.346159,0,3,3.96989e-10,1
11,349.06,553.02,29.0503,7.35972,20.0,52.9,2.0,annealing_T=150_h=5,present,present,False,20.0,1256.6370614359173,annealing_T=150_h=5,T,20260912-010115,phase_detection,user_fixed_radius,user_fixed_radius,,20260912-010115,1.8223611058185225,False,2.6102,0.4545,2.6102,2.11334,0.186099,0.185336,5.47698,1.51562,1.38463,4,0.346159,0,3,3.96989e-10,1
11,349.06,553.02,34.4204,7.50575,20.0,53.4,2.5,annealing_T=150_h=5,present,present,False,20.0,1256.6370614359173,annealing_T=150_h=5,T,20260912-010115,phase_detection,user_fixed_radius,user_fixed_radius,,20260912-010115,1.8223611058185225,False,2.856,1.1446,2.856,2.11334,0.186099,0.185336,5.47698,1.51562,1.38463,4,0.346159,0,3,3.96989e-10,1
11,349.06,553.02,51.4336,8.23598,20.0,53.9,3.0,annealing_T=150_h=5,present,present,False,20.0,1256.6370614359173,annealing_T=150_h=5,T,20260912-010115,phase_detection,user_fixed_radius,user_fixed_radius,,20260912-010115,1.8223611058185225,False,4.2922,1.3195,4.2922,2.11334,0.186099,0.185336,5.47698,1.51562,1.38463,4,0.346159,0,3,3.96989e-10,1
11,349.06,553.02,165.833,9.70642,20.0,55.9,5.0,annealing_T=150_h=5,present,present,False,20.0,1256.6370614359173,annealing_T=150_h=5,T,20260912-010115,phase_detection,user_fixed_radius,user_fixed_radius,,20260912-010115,1.8223611058185225,False,5.668,10.77,10.77,2.11334,0.186099,0.185336,5.47698,1.51562,1.38463,4,0.346159,0,3,3.96989e-10,1
12,348.8,389.93,-0.247307,5.56029,20.0,51.65,0.75,annealing_T=150_h=5,present,present,False,20.0,1256.6370614359173,annealing_T=150_h=5,T,20260912-010115,phase_detection,user_fixed_radius,user_fixed_radius,,20260912-010115,2.2080987296767427,False,0.1789912,1.922357,1.922357,1.78726,0.341235,0.237875,3.54799,1.74172,0.621201,4,0.1553,0,3,1.86878e-08,1
12,348.8,389.93,6.56751,6.31064,20.0,52.4,1.5,annealing_T=150_h=5,present,present,False,20.0,1256.6370614359173,annealing_T=150_h=5,T,20260912-010115,phase_detection,user_fixed_radius,user_fixed_radius,,20260912-010115,2.2080987296767427,False,0.8273,2.41935,2.41935,1.78726,0.341235,0.237875,3.54799,1.74172,0.621201,4,0.1553,0,3,1.86878e-08,1
12,348.8,389.93,14.8119,6.73974,20.0,52.9,2.0,annealing_T=150_h=5,present,present,False,20.0,1256.6370614359173,annealing_T=150_h=5,T,20260912-010115,phase_detection,user_fixed_radius,user_fixed_radius,,20260912-010115,2.2080987296767427,False,2.0999,0.2692,2.0999,1.78726,0.341235,0.237875,3.54799,1.74172,0.621201,4,0.1553,0,3,1.86878e-08,1
12,348.8,389.93,15.471,6.90775,20.0,53.4,2.5,annealing_T=150_h=5,present,present,False,20.0,1256.6370614359173,annealing_T=150_h=5,T,20260912-010115,phase_detection,user_fixed_radius,user_fixed_radius,,20260912-010115,2.2080987296767427,False,0.4574,6.0389,6.0389,1.78726,0.341235,0.237875,3.54799,1.74172,0.621201,4,0.1553,0,3,1.86878e-08,1
12,348.8,389.93,27.8384,7.5675,20.0,53.9,3.0,annealing_T=150_h=5,present,present,False,20.0,1256.6370614359173,annealing_T=150_h=5,T,20260912-010115,phase_detection,user_fixed_radius,user_fixed_radius,,20260912-010115,2.2080987296767427,False,1.6105,1.3674,1.6105,1.78726,0.341235,0.237875,3.54799,1.74172,0.621201,4,0.1553,0,3,1.86878e-08,1
12,348.8,389.93,62.3993,8.93278,20.0,55.9,5.0,annealing_T=150_h=5,present,present,False,20.0,1256.6370614359173,annealing_T=150_h=5,T,20260912-010115,phase_detection,user_fixed_radius,user_fixed_radius,,20260912-010115,2.2080987296767427,False,3.5582,3.367,3.5582,1.78726,0.341235,0.237875,3.54799,1.74172,0.621201,4,0.1553,0,3,1.86878e-08,1
13,351.22,705.72,-0.937116,6.32462,20.0,51.65,0.75,annealing_T=150_h=5,absent,absent,False,20.0,1256.6370614359173,annealing_T=75_h=25,T,20260602-133829,previous_detection,user_fixed_radius,user_fixed_radius,,20260912-010115,4.502910170101183,False,3.045246,0.323454,3.045246,,,,,,,,,,,,0
13,351.22,705.72,5.0303,6.83913,20.0,52.4,1.5,annealing_T=150_h=5,absent,absent,False,20.0,1256.6370614359173,annealing_T=75_h=25,T,20260602-133829,previous_detection,user_fixed_radius,user_fixed_radius,,20260912-010115,4.502910170101183,False,1.85496,1.98275,1.98275,,,,,,,,,,,,0
13,351.22,705.72,-3.51348,7.24127,20.0,52.9,2.0,annealing_T=150_h=5,absent,absent,False,20.0,1256.6370614359173,annealing_T=75_h=25,T,20260602-133829,previous_detection,user_fixed_radius,user_fixed_radius,,20260912-010115,4.502910170101183,False,2.44569,2.39326,2.44569,,,,,,,,,,,,0
13,351.22,705.72,8.31021,7.46416,20.0,53.4,2.5,annealing_T=150_h=5,absent,absent,False,20.0,1256.6370614359173,annealing_T=75_h=25,T,20260602-133829,previous_detection,user_fixed_radius,user_fixed_radius,,20260912-010115,4.502910170101183,False,2.0994,9.62319,9.62319,,,,,,,,,,,,0
13,351.22,705.72,2.29324,8.27735,20.0,53.9,3.0,annealing_T=150_h=5,absent,absent,False,20.0,1256.6370614359173,annealing_T=75_h=25,T,20260602-133829,previous_detection,user_fixed_radius,user_fixed_radius,,20260912-010115,4.502910170101183,False,1.72053,3.55709,3.55709,,,,,,,,,,,,0
13,351.22,705.72,-1.83586,9.7588,20.0,55.9,5.0,annealing_T=150_h=5,absent,absent,False,20.0,1256.6370614359173,annealing_T=75_h=25,T,20260602-133829,previous_detection,user_fixed_radius,user_fixed_radius,,20260912-010115,4.502910170101183,False,2.04288,2.541972,2.541972,,,,,,,,,,,,0
14,390.85,829.49,43.6938,5.77732,20.0,51.65,0.75,annealing_T=150_h=5,present,present,False,20.0,1256.6370614359173,annealing_T=150_h=5,T,20260912-010115,phase_detection,user_fixed_radius,user_fixed_radius,,20260912-010115,1.3257450735339884,False,0.5155,0.0628,0.5155,2.16938,0.0179042,0.0412728,53.0822,1.39023,69.7456,4,17.4364,0,3,3.60515e-10,1
14,390.85,829.49,153.654,6.29568,20.0,52.4,1.5,annealing_T=150_h=5,present,present,False,20.0,1256.6370614359173,annealing_T=150_h=5,T,20260912-010115,phase_detection,user_fixed_radius,user_fixed_radius,,20260912-010115,1.3257450735339884,False,4.9,4.291,4.9,2.16938,0.0179042,0.0412728,53.0822,1.39023,69.7456,4,17.4364,0,3,3.60515e-10,1
14,390.85,829.49,269.423,7.01366,20.0,52.9,2.0,annealing_T=150_h=5,present,present,False,20.0,1256.6370614359173,annealing_T=150_h=5,T,20260912-010115,phase_detection,user_fixed_radius,user_fixed_radius,,20260912-010115,1.3257450735339884,False,1.578,0.635,1.578,2.16938,0.0179042,0.0412728,53.0822,1.39023,69.7456,4,17.4364,0,3,3.60515e-10,1
14,390.85,829.49,358.78,7.12344,20.0,53.4,2.5,annealing_T=150_h=5,present,present,False,20.0,1256.6370614359173,annealing_T=150_h=5,T,20260912-010115,phase_detection,user_fixed_radius,user_fixed_radius,,20260912-010115,1.3257450735339884,False,5.212,7.403,7.403,2.16938,0.0179042,0.0412728,53.0822,1.39023,69.7456,4,17.4364,0,3,3.60515e-10,1
14,390.85,829.49,550.222,8.24301,20.0,53.9,3.0,annealing_T=150_h=5,present,present,False,20.0,1256.6370614359173,annealing_T=150_h=5,T,20260912-010115,phase_detection,user_fixed_radius,user_fixed_radius,,20260912-010115,1.3257450735339884,False,5.922,9.98,9.98,2.16938,0.0179042,0.0412728,53.0822,1.39023,69.7456,4,17.4364,0,3,3.60515e-10,1
14,390.85,829.49,1755.96,10.9991,20.0,55.9,5.0,annealing_T=150_h=5,present,present,False,20.0,1256.6370614359173,annealing_T=150_h=5,T,20260912-010115,phase_detection,user_fixed_radius,user_fixed_radius,,20260912-010115,1.3257450735339884,False,51.44,74.53,74.53,2.16938,0.0179042,0.0412728,53.0822,1.39023,69.7456,4,17.4364,0,3,3.60515e-10,1
15,406.76,527.08,0.133465,6.22361,20.0,51.65,0.75,annealing_T=150_h=5,absent,disappeared,False,20.0,1256.6370614359173,annealing_T=125_h=25,T,20260902-011233,previous_detection,user_fixed_radius,user_fixed_radius,,20260912-010115,2.9678611827374155,False,0.1206063,0.779981,0.779981,,,,,,,,,,,,0
15,406.76,527.08,-0.637982,6.64051,20.0,52.4,1.5,annealing_T=150_h=5,absent,disappeared,False,20.0,1256.6370614359173,annealing_T=125_h=25,T,20260902-011233,previous_detection,user_fixed_radius,user_fixed_radius,,20260912-010115,2.9678611827374155,False,2.092928,3.776632,3.776632,,,,,,,,,,,,0
15,406.76,527.08,4.09009,7.43994,20.0,52.9,2.0,annealing_T=150_h=5,absent,disappeared,False,20.0,1256.6370614359173,annealing_T=125_h=25,T,20260902-011233,previous_detection,user_fixed_radius,user_fixed_radius,,20260912-010115,2.9678611827374155,False,0.14333,0.93892,0.93892,,,,,,,,,,,,0
15,406.76,527.08,-3.218,7.67807,20.0,53.4,2.5,annealing_T=150_h=5,absent,disappeared,False,20.0,1256.6370614359173,annealing_T=125_h=25,T,20260902-011233,previous_detection,user_fixed_radius,user_fixed_radius,,20260912-010115,2.9678611827374155,False,0.93566,2.85285,2.85285,,,,,,,,,,,,0
15,406.76,527.08,4.8723,8.25714,20.0,53.9,3.0,annealing_T=150_h=5,absent,disappeared,False,20.0,1256.6370614359173,annealing_T=125_h=25,T,20260902-011233,previous_detection,user_fixed_radius,user_fixed_radius,,20260912-010115,2.9678611827374155,False,5.813582,4.87533,5.813582,,,,,,,,,,,,0
15,406.76,527.08,11.189,10.0557,20.0,55.9,5.0,annealing_T=150_h=5,absent,disappeared,False,20.0,1256.6370614359173,annealing_T=125_h=25,T,20260902-011233,previous_detection,user_fixed_radius,user_fixed_radius,,20260912-010115,2.9678611827374155,False,4.49926,2.6831,4.49926,,,,,,,,,,,,0
16,459.18,827.13,10.0263,5.5255,20.0,51.65,0.75,annealing_T=150_h=5,present,present,False,20.0,1256.6370614359173,annealing_T=150_h=5,T,20260912-010115,phase_detection,user_fixed_radius,user_fixed_radius,,20260912-010115,1.1538197432874535,False,10.5056,0.5276,10.5056,2.28648,0.0623562,0.0623702,12.6103,1.18289,6.86852,4,1.71713,0,3,1.7181e-08,1
16,459.18,827.13,39.7375,6.15308,20.0,52.4,1.5,annealing_T=150_h=5,present,present,False,20.0,1256.6370614359173,annealing_T=150_h=5,T,20260912-010115,phase_detection,user_fixed_radius,user_fixed_radius,,20260912-010115,1.1538197432874535,False,3.3397,1.9994,3.3397,2.28648,0.0623562,0.0623702,12.6103,1.18289,6.86852,4,1.71713,0,3,1.7181e-08,1
16,459.18,827.13,70.365,6.61617,20.0,52.9,2.0,annealing_T=150_h=5,present,present,False,20.0,1256.6370614359173,annealing_T=150_h=5,T,20260912-010115,phase_detection,user_fixed_radius,user_fixed_radius,,20260912-010115,1.1538197432874535,False,1.7737,1.5716,1.7737,2.28648,0.0623562,0.0623702,12.6103,1.18289,6.86852,4,1.71713,0,3,1.7181e-08,1
16,459.18,827.13,100.318,6.92584,20.0,53.4,2.5,annealing_T=150_h=5,present,present,False,20.0,1256.6370614359173,annealing_T=150_h=5,T,20260912-010115,phase_detection,user_fixed_radius,user_fixed_radius,,20260912-010115,1.1538197432874535,False,4.834,1.836,4.834,2.28648,0.0623562,0.0623702,12.6103,1.18289,6.86852,4,1.71713,0,3,1.7181e-08,1
16,459.18,827.13,142.717,7.58857,20.0,53.9,3.0,annealing_T=150_h=5,present,present,False,20.0,1256.6370614359173,annealing_T=150_h=5,T,20260912-010115,phase_detection,user_fixed_radius,user_fixed_radius,,20260912-010115,1.1538197432874535,False,0.537,3.977,3.977,2.28648,0.0623562,0.0623702,12.6103,1.18289,6.86852,4,1.71713,0,3,1.7181e-08,1
16,459.18,827.13,503.144,9.13715,20.0,55.9,5.0,annealing_T=150_h=5,present,present,False,20.0,1256.6370614359173,annealing_T=150_h=5,T,20260912-010115,phase_detection,user_fixed_radius,user_fixed_radius,,20260912-010115,1.1538197432874535,False,21.28,12.113,21.28,2.28648,0.0623562,0.0623702,12.6103,1.18289,6.86852,4,1.71713,0,3,1.7181e-08,1
17,457.82,885.23,-0.528651,11.1273,20.0,51.65,0.75,annealing_T=150_h=5,absent,absent,False,20.0,1256.6370614359173,annealing_T=100_h=25,T,20260629-230214,previous_detection,user_fixed_radius,user_fixed_radius,,20260912-010115,3.9699370272083954,False,3.713259,4.568021,4.568021,,,,,,,,,,,,0
17,457.82,885.23,3.92265,10.5398,20.0,52.4,1.5,annealing_T=150_h=5,absent,absent,False,20.0,1256.6370614359173,annealing_T=100_h=25,T,20260629-230214,previous_detection,user_fixed_radius,user_fixed_radius,,20260912-010115,3.9699370272083954,False,0.85149,5.82518,5.82518,,,,,,,,,,,,0
17,457.82,885.23,-5.96119,12.0037,20.0,52.9,2.0,annealing_T=150_h=5,absent,absent,False,20.0,1256.6370614359173,annealing_T=100_h=25,T,20260629-230214,previous_detection,user_fixed_radius,user_fixed_radius,,20260912-010115,3.9699370272083954,False,3.36847,0.36441,3.36847,,,,,,,,,,,,0
17,457.82,885.23,-7.45838,12.3184,20.0,53.4,2.5,annealing_T=150_h=5,absent,absent,False,20.0,1256.6370614359173,annealing_T=100_h=25,T,20260629-230214,previous_detection,user_fixed_radius,user_fixed_radius,,20260912-010115,3.9699370272083954,False,1.8471,0.27797,1.8471,,,,,,,,,,,,0
17,457.82,885.23,-0.716819,12.5136,20.0,53.9,3.0,annealing_T=150_h=5,absent,absent,False,20.0,1256.6370614359173,annealing_T=100_h=25,T,20260629-230214,previous_detection,user_fixed_radius,user_fixed_radius,,20260912-010115,3.9699370272083954,False,0.174589,0.457211,0.457211,,,,,,,,,,,,0
17,457.82,885.23,-5.01837,14.9326,20.0,55.9,5.0,annealing_T=150_h=5,absent,absent,False,20.0,1256.6370614359173,annealing_T=100_h=25,T,20260629-230214,previous_detection,user_fixed_radius,user_fixed_radius,,20260912-010115,3.9699370272083954,False,2.35039,2.99406,2.99406,,,,,,,,,,,,0
18,474.3,338.14,1.7141,5.68859,20.0,51.65,0.75,annealing_T=150_h=5,present,present,False,20.0,1256.6370614359173,annealing_T=150_h=5,T,20260912-010115,phase_detection,user_fixed_radius,user_fixed_radius,,20260912-010115,2.2848413511664476,False,0.847738,0.40969,0.847738,1.71308,0.3853,0.0670746,3.28057,1.79815,0.865737,4,0.216434,0,3,3.19524e-07,1
18,474.3,338.14,5.99768,6.07151,20.0,52.4,1.5,annealing_T=150_h=5,present,present,False,20.0,1256.6370614359173,annealing_T=150_h=5,T,20260912-010115,phase_detection,user_fixed_radius,user_fixed_radius,,20260912-010115,2.2848413511664476,False,2.44792,0.42793,2.44792,1.71308,0.3853,0.0670746,3.28057,1.79815,0.865737,4,0.216434,0,3,3.19524e-07,1
18,474.3,338.14,6.68127,6.58056,20.0,52.9,2.0,annealing_T=150_h=5,present,present,False,20.0,1256.6370614359173,annealing_T=150_h=5,T,20260912-010115,phase_detection,user_fixed_radius,user_fixed_radius,,20260912-010115,2.2848413511664476,False,2.0757,4.57033,4.57033,1.71308,0.3853,0.0670746,3.28057,1.79815,0.865737,4,0.216434,0,3,3.19524e-07,1
18,474.3,338.14,16.2189,6.83428,20.0,53.4,2.5,annealing_T=150_h=5,present,present,False,20.0,1256.6370614359173,annealing_T=150_h=5,T,20260912-010115,phase_detection,user_fixed_radius,user_fixed_radius,,20260912-010115,2.2848413511664476,False,1.22,3.5504,3.5504,1.71308,0.3853,0.0670746,3.28057,1.79815,0.865737,4,0.216434,0,3,3.19524e-07,1
18,474.3,338.14,26.5097,7.48292,20.0,53.9,3.0,annealing_T=150_h=5,present,present,False,20.0,1256.6370614359173,annealing_T=150_h=5,T,20260912-010115,phase_detection,user_fixed_radius,user_fixed_radius,,20260912-010115,2.2848413511664476,False,0.6444,4.5025,4.5025,1.71308,0.3853,0.0670746,3.28057,1.79815,0.865737,4,0.216434,0,3,3.19524e-07,1
18,474.3,338.14,50.2534,8.89542,20.0,55.9,5.0,annealing_T=150_h=5,present,present,False,20.0,1256.6370614359173,annealing_T=150_h=5,T,20260912-010115,phase_detection,user_fixed_radius,user_fixed_radius,,20260912-010115,2.2848413511664476,False,3.2838,1.305,3.2838,1.71308,0.3853,0.0670746,3.28057,1.79815,0.865737,4,0.216434,0,3,3.19524e-07,1
19,490.03,665.48,-0.709002,5.66933,20.0,51.65,0.75,annealing_T=150_h=5,absent,absent,False,20.0,1256.6370614359173,annealing_T=100_h=25,T,20260629-230214,previous_detection,user_fixed_radius,user_fixed_radius,,20260912-010115,2.6595676340337624,False,3.598142,0.946588,3.598142,,,,,,,,,,,,0
19,490.03,665.48,-5.32652,6.35723,20.0,52.4,1.5,annealing_T=150_h=5,absent,absent,False,20.0,1256.6370614359173,annealing_T=100_h=25,T,20260629-230214,previous_detection,user_fixed_radius,user_fixed_radius,,20260912-010115,2.6595676340337624,False,4.2182,2.22947,4.2182,,,,,,,,,,,,0
19,490.03,665.48,-3.98316,6.66353,20.0,52.9,2.0,annealing_T=150_h=5,absent,absent,False,20.0,1256.6370614359173,annealing_T=100_h=25,T,20260629-230214,previous_detection,user_fixed_radius,user_fixed_radius,,20260912-010115,2.6595676340337624,False,0.4246,1.7881,1.7881,,,,,,,,,,,,0
19,490.03,665.48,-5.92883,6.92159,20.0,53.4,2.5,annealing_T=150_h=5,absent,absent,False,20.0,1256.6370614359173,annealing_T=100_h=25,T,20260629-230214,previous_detection,user_fixed_radius,user_fixed_radius,,20260912-010115,2.6595676340337624,False,4.67497,0.16525,4.67497,,,,,,,,,,,,0
19,490.03,665.48,-16.4405,7.55018,20.0,53.9,3.0,annealing_T=150_h=5,absent,absent,False,20.0,1256.6370614359173,annealing_T=100_h=25,T,20260629-230214,previous_detection,user_fixed_radius,user_fixed_radius,,20260912-010115,2.6595676340337624,False,7.5901,2.4902,7.5901,,,,,,,,,,,,0
19,490.03,665.48,2.7428,9.14128,20.0,55.9,5.0,annealing_T=150_h=5,absent,absent,False,20.0,1256.6370614359173,annealing_T=100_h=25,T,20260629-230214,previous_detection,user_fixed_radius,user_fixed_radius,,20260912-010115,2.6595676340337624,False,0.49555,1.15995,1.15995,,,,,,,,,,,,0
20,646.88,531.06,8.88608,6.43224,20.0,51.65,0.75,annealing_T=150_h=5,absent,absent,False,20.0,1256.6370614359173,annealing_T=100_h=5,T,20260613-015321,previous_detection,user_fixed_radius,user_fixed_radius,,20260912-010115,2.339444378479701,False,0.82869,2.55952,2.55952,,,,,,,,,,,,0
20,646.88,531.06,3.70189,7.20386,20.0,52.4,1.5,annealing_T=150_h=5,absent,absent,False,20.0,1256.6370614359173,annealing_T=100_h=5,T,20260613-015321,previous_detection,user_fixed_radius,user_fixed_radius,,20260912-010115,2.339444378479701,False,0.01428,2.07337,2.07337,,,,,,,,,,,,0
20,646.88,531.06,2.49674,7.39549,20.0,52.9,2.0,annealing_T=150_h=5,absent,absent,False,20.0,1256.6370614359173,annealing_T=100_h=5,T,20260613-015321,previous_detection,user_fixed_radius,user_fixed_radius,,20260912-010115,2.339444378479701,False,1.00245,0.5602,1.00245,,,,,,,,,,,,0
20,646.88,531.06,-1.28274,7.98123,20.0,53.4,2.5,annealing_T=150_h=5,absent,absent,False,20.0,1256.6370614359173,annealing_T=100_h=5,T,20260613-015321,previous_detection,user_fixed_radius,user_fixed_radius,,20260912-010115,2.339444378479701,False,3.81456,0.6804,3.81456,,,,,,,,,,,,0
20,646.88,531.06,-8.70089,8.57173,20.0,53.9,3.0,annealing_T=150_h=5,absent,absent,False,20.0,1256.6370614359173,annealing_T=100_h=5,T,20260613-015321,previous_detection,user_fixed_radius,user_fixed_radius,,20260912-010115,2.339444378479701,False,1.07346,3.31459,3.31459,,,,,,,,,,,,0
20,646.88,531.06,5.51205,10.357,20.0,55.9,5.0,annealing_T=150_h=5,absent,absent,False,20.0,1256.6370614359173,annealing_T=100_h=5,T,20260613-015321,previous_detection,user_fixed_radius,user_fixed_radius,,20260912-010115,2.339444378479701,False,0.28631,1.33263,1.33263,,,,,,,,,,,,0
21,668.49,428.74,1.90596,5.49897,20.0,51.65,0.75,annealing_T=150_h=5,present,present,False,20.0,1256.6370614359173,annealing_T=150_h=5,T,20260912-010115,phase_detection,user_fixed_radius,user_fixed_radius,,20260912-010115,1.0824509226749988,False,0.29119,3.35018,3.35018,1.48034,0.179353,0.0573109,8.40504,2.07387,1.84218,4,0.460544,0,3,1.29025e-07,1
21,668.49,428.74,11.2907,5.94736,20.0,52.4,1.5,annealing_T=150_h=5,present,present,False,20.0,1256.6370614359173,annealing_T=150_h=5,T,20260912-010115,phase_detection,user_fixed_radius,user_fixed_radius,,20260912-010115,1.0824509226749988,False,2.8018,1.2055,2.8018,1.48034,0.179353,0.0573109,8.40504,2.07387,1.84218,4,0.460544,0,3,1.29025e-07,1
21,668.49,428.74,22.3576,6.37387,20.0,52.9,2.0,annealing_T=150_h=5,present,present,False,20.0,1256.6370614359173,annealing_T=150_h=5,T,20260912-010115,phase_detection,user_fixed_radius,user_fixed_radius,,20260912-010115,1.0824509226749988,False,1.608,0.8863,1.608,1.48034,0.179353,0.0573109,8.40504,2.07387,1.84218,4,0.460544,0,3,1.29025e-07,1
21,668.49,428.74,36.2053,6.74885,20.0,53.4,2.5,annealing_T=150_h=5,present,present,False,20.0,1256.6370614359173,annealing_T=150_h=5,T,20260912-010115,phase_detection,user_fixed_radius,user_fixed_radius,,20260912-010115,1.0824509226749988,False,1.1072,1.8375,1.8375,1.48034,0.179353,0.0573109,8.40504,2.07387,1.84218,4,0.460544,0,3,1.29025e-07,1
21,668.49,428.74,48.0899,7.39451,20.0,53.9,3.0,annealing_T=150_h=5,present,present,False,20.0,1256.6370614359173,annealing_T=150_h=5,T,20260912-010115,phase_detection,user_fixed_radius,user_fixed_radius,,20260912-010115,1.0824509226749988,False,2.5254,2.5097,2.5254,1.48034,0.179353,0.0573109,8.40504,2.07387,1.84218,4,0.460544,0,3,1.29025e-07,1
21,668.49,428.74,87.9723,8.67552,20.0,55.9,5.0,annealing_T=150_h=5,present,present,False,20.0,1256.6370614359173,annealing_T=150_h=5,T,20260912-010115,phase_detection,user_fixed_radius,user_fixed_radius,,20260912-010115,1.0824509226749988,False,0.1461,2.343,2.343,1.48034,0.179353,0.0573109,8.40504,2.07387,1.84218,4,0.460544,0,3,1.29025e-07,1
22,689.27,989.87,3.30409,6.85241,20.0,51.65,0.75,annealing_T=150_h=5,absent,absent,False,20.0,1256.6370614359173,annealing_T=125_h=5,T,20260725-020716,previous_detection,user_fixed_radius,user_fixed_radius,,20260912-010115,2.872107240337638,False,2.80379,0.0913,2.80379,,,,,,,,,,,,0
22,689.27,989.87,5.55903,7.18798,20.0,52.4,1.5,annealing_T=150_h=5,absent,absent,False,20.0,1256.6370614359173,annealing_T=125_h=5,T,20260725-020716,previous_detection,user_fixed_radius,user_fixed_radius,,20260912-010115,2.872107240337638,False,5.03647,0.91609,5.03647,,,,,,,,,,,,0
22,689.27,989.87,1.41093,8.20217,20.0,52.9,2.0,annealing_T=150_h=5,absent,absent,False,20.0,1256.6370614359173,annealing_T=125_h=5,T,20260725-020716,previous_detection,user_fixed_radius,user_fixed_radius,,20260912-010115,2.872107240337638,False,4.2284,1.959501,4.2284,,,,,,,,,,,,0
22,689.27,989.87,10.109,8.51574,20.0,53.4,2.5,annealing_T=150_h=5,absent,absent,False,20.0,1256.6370614359173,annealing_T=125_h=5,T,20260725-020716,previous_detection,user_fixed_radius,user_fixed_radius,,20260912-010115,2.872107240337638,False,5.5236,8.07324,8.07324,,,,,,,,,,,,0
22,689.27,989.87,5.29017,8.34372,20.0,53.9,3.0,annealing_T=150_h=5,absent,absent,False,20.0,1256.6370614359173,annealing_T=125_h=5,T,20260725-020716,previous_detection,user_fixed_radius,user_fixed_radius,,20260912-010115,2.872107240337638,False,2.60515,1.66347,2.60515,,,,,,,,,,,,0
22,689.27,989.87,-4.40757,10.7868,20.0,55.9,5.0,annealing_T=150_h=5,absent,absent,False,20.0,1256.6370614359173,annealing_T=125_h=5,T,20260725-020716,previous_detection,user_fixed_radius,user_fixed_radius,,20260912-010115,2.872107240337638,False,9.29903,2.05254,9.29903,,,,,,,,,,,,0
23,729.23,379.85,12.0125,5.56878,20.0,51.65,0.75,annealing_T=150_h=5,present,present,False,20.0,1256.6370614359173,annealing_T=150_h=5,T,20260912-010115,phase_detection,user_fixed_radius,user_fixed_radius,,20260912-010115,1.253195914452233,False,0.8661,1.7709,1.7709,1.53453,0.135922,0.0179564,11.7354,2.18995,4.87731,4,1.21933,0,3,9.57479e-08,1
23,729.23,379.85,27.5023,6.27242,20.0,52.4,1.5,annealing_T=150_h=5,present,present,False,20.0,1256.6370614359173,annealing_T=150_h=5,T,20260912-010115,phase_detection,user_fixed_radius,user_fixed_radius,,20260912-010115,1.253195914452233,False,3.3019,1.5163,3.3019,1.53453,0.135922,0.0179564,11.7354,2.18995,4.87731,4,1.21933,0,3,9.57479e-08,1
23,729.23,379.85,22.6775,6.6864,20.0,52.9,2.0,annealing_T=150_h=5,present,present,False,20.0,1256.6370614359173,annealing_T=150_h=5,T,20260912-010115,phase_detection,user_fixed_radius,user_fixed_radius,,20260912-010115,1.253195914452233,False,2.6963,2.4255,2.6963,1.53453,0.135922,0.0179564,11.7354,2.18995,4.87731,4,1.21933,0,3,9.57479e-08,1
23,729.23,379.85,46.443,6.71316,20.0,53.4,2.5,annealing_T=150_h=5,present,present,False,20.0,1256.6370614359173,annealing_T=150_h=5,T,20260912-010115,phase_detection,user_fixed_radius,user_fixed_radius,,20260912-010115,1.253195914452233,False,0.9616,1.125,1.125,1.53453,0.135922,0.0179564,11.7354,2.18995,4.87731,4,1.21933,0,3,9.57479e-08,1
23,729.23,379.85,68.6895,7.46405,20.0,53.9,3.0,annealing_T=150_h=5,present,present,False,20.0,1256.6370614359173,annealing_T=150_h=5,T,20260912-010115,phase_detection,user_fixed_radius,user_fixed_radius,,20260912-010115,1.253195914452233,False,4.4405,3.6482,4.4405,1.53453,0.135922,0.0179564,11.7354,2.18995,4.87731,4,1.21933,0,3,9.57479e-08,1
23,729.23,379.85,138.598,9.08039,20.0,55.9,5.0,annealing_T=150_h=5,present,present,False,20.0,1256.6370614359173,annealing_T=150_h=5,T,20260912-010115,phase_detection,user_fixed_radius,user_fixed_radius,,20260912-010115,1.253195914452233,False,3.696,1.767,3.696,1.53453,0.135922,0.0179564,11.7354,2.18995,4.87731,4,1.21933,0,3,9.57479e-08,1
24,818.93,699.23,6.68432,5.63629,20.0,51.65,0.75,annealing_T=150_h=5,absent,absent,False,20.0,1256.6370614359173,before_annealing,T,20260516-064844,previous_detection,user_fixed_radius,user_fixed_radius,,20260912-010115,0.0,False,5.82308,0.65898,5.82308,,,,,,,,,,,,0
24,818.93,699.23,-2.96094,6.25039,20.0,52.4,1.5,annealing_T=150_h=5,absent,absent,False,20.0,1256.6370614359173,before_annealing,T,20260516-064844,previous_detection,user_fixed_radius,user_fixed_radius,,20260912-010115,0.0,False,4.22923,0.47654,4.22923,,,,,,,,,,,,0
24,818.93,699.23,5.14986,6.63909,20.0,52.9,2.0,annealing_T=150_h=5,absent,absent,False,20.0,1256.6370614359173,before_annealing,T,20260516-064844,previous_detection,user_fixed_radius,user_fixed_radius,,20260912-010115,0.0,False,2.74906,5.703899,5.703899,,,,,,,,,,,,0
24,818.93,699.23,-3.33188,7.11654,20.0,53.4,2.5,annealing_T=150_h=5,absent,absent,False,20.0,1256.6370614359173,before_annealing,T,20260516-064844,previous_detection,user_fixed_radius,user_fixed_radius,,20260912-010115,0.0,False,3.18971,0.7837,3.18971,,,,,,,,,,,,0
24,818.93,699.23,-1.43588,7.60401,20.0,53.9,3.0,annealing_T=150_h=5,absent,absent,False,20.0,1256.6370614359173,before_annealing,T,20260516-064844,previous_detection,user_fixed_radius,user_fixed_radius,,20260912-010115,0.0,False,4.44856,2.62337,4.44856,,,,,,,,,,,,0
24,818.93,699.23,-17.8275,9.27381,20.0,55.9,5.0,annealing_T=150_h=5,absent,absent,False,20.0,1256.6370614359173,before_annealing,T,20260516-064844,previous_detection,user_fixed_radius,user_fixed_radius,,20260912-010115,0.0,False,3.3175,8.67902,8.67902,,,,,,,,,,,,0
25,831.12,799.24,-1.12554,6.1155,20.0,51.65,0.75,annealing_T=150_h=5,absent,absent,False,20.0,1256.6370614359173,annealing_T=125_h=5,T,20260725-020716,previous_detection,user_fixed_radius,user_fixed_radius,,20260912-010115,2.065962245540698,False,2.85475,3.36685,3.36685,,,,,,,,,,,,0
25,831.12,799.24,-8.72911,6.67945,20.0,52.4,1.5,annealing_T=150_h=5,absent,absent,False,20.0,1256.6370614359173,annealing_T=125_h=5,T,20260725-020716,previous_detection,user_fixed_radius,user_fixed_radius,,20260912-010115,2.065962245540698,False,7.45451,6.19531,7.45451,,,,,,,,,,,,0
25,831.12,799.24,-1.24756,7.41976,20.0,52.9,2.0,annealing_T=150_h=5,absent,absent,False,20.0,1256.6370614359173,annealing_T=125_h=5,T,20260725-020716,previous_detection,user_fixed_radius,user_fixed_radius,,20260912-010115,2.065962245540698,False,2.27319,1.621635,2.27319,,,,,,,,,,,,0
25,831.12,799.24,-4.69208,7.84116,20.0,53.4,2.5,annealing_T=150_h=5,absent,absent,False,20.0,1256.6370614359173,annealing_T=125_h=5,T,20260725-020716,previous_detection,user_fixed_radius,user_fixed_radius,,20260912-010115,2.065962245540698,False,5.08401,5.065915,5.08401,,,,,,,,,,,,0
25,831.12,799.24,-4.15666,8.21318,20.0,53.9,3.0,annealing_T=150_h=5,absent,absent,False,20.0,1256.6370614359173,annealing_T=125_h=5,T,20260725-020716,previous_detection,user_fixed_radius,user_fixed_radius,,20260912-010115,2.065962245540698,False,7.07504,0.71133,7.07504,,,,,,,,,,,,0
25,831.12,799.24,21.6754,10.0714,20.0,55.9,5.0,annealing_T=150_h=5,absent,absent,False,20.0,1256.6370614359173,annealing_T=125_h=5,T,20260725-020716,previous_detection,user_fixed_radius,user_fixed_radius,,20260912-010115,2.065962245540698,False,8.8514,2.2967,8.8514,,,,,,,,,,,,0
26,847.53,169.61,83.4948,5.46248,20.0,51.65,0.75,annealing_T=150_h=5,present,present,False,20.0,1256.6370614359173,annealing_T=150_h=5,T,20260912-010115,phase_detection,user_fixed_radius,user_fixed_radius,,20260912-010115,1.1370136322842357,False,3.0012,0.4538,3.0012,1.94059,0.00937498,0.0218245,118.204,1.58281,24.316,4,6.07899,0,3,7.85009e-10,1
26,847.53,169.61,269.683,5.90795,20.0,52.4,1.5,annealing_T=150_h=5,present,present,False,20.0,1256.6370614359173,annealing_T=150_h=5,T,20260912-010115,phase_detection,user_fixed_radius,user_fixed_radius,,20260912-010115,1.1370136322842357,False,5.347,7.341,7.341,1.94059,0.00937498,0.0218245,118.204,1.58281,24.316,4,6.07899,0,3,7.85009e-10,1
26,847.53,169.61,454.987,6.5673,20.0,52.9,2.0,annealing_T=150_h=5,present,present,False,20.0,1256.6370614359173,annealing_T=150_h=5,T,20260912-010115,phase_detection,user_fixed_radius,user_fixed_radius,,20260912-010115,1.1370136322842357,False,1.295,9.286,9.286,1.94059,0.00937498,0.0218245,118.204,1.58281,24.316,4,6.07899,0,3,7.85009e-10,1
26,847.53,169.61,675.466,7.03265,20.0,53.4,2.5,annealing_T=150_h=5,present,present,False,20.0,1256.6370614359173,annealing_T=150_h=5,T,20260912-010115,phase_detection,user_fixed_radius,user_fixed_radius,,20260912-010115,1.1370136322842357,False,12.116,10.991,12.116,1.94059,0.00937498,0.0218245,118.204,1.58281,24.316,4,6.07899,0,3,7.85009e-10,1
26,847.53,169.61,1004.48,7.7397,20.0,53.9,3.0,annealing_T=150_h=5,present,present,False,20.0,1256.6370614359173,annealing_T=150_h=5,T,20260912-010115,phase_detection,user_fixed_radius,user_fixed_radius,,20260912-010115,1.1370136322842357,False,11.85,18.597,18.597,1.94059,0.00937498,0.0218245,118.204,1.58281,24.316,4,6.07899,0,3,7.85009e-10,1
26,847.53,169.61,2689.12,10.3311,20.0,55.9,5.0,annealing_T=150_h=5,present,present,False,20.0,1256.6370614359173,annealing_T=150_h=5,T,20260912-010115,phase_detection,user_fixed_radius,user_fixed_radius,,20260912-010115,1.1370136322842357,False,76.03,93.84,93.84,1.94059,0.00937498,0.0218245,118.204,1.58281,24.316,4,6.07899,0,3,7.85009e-10,1
27,853.22,944.29,-1.93144,7.04124,20.0,51.65,0.75,annealing_T=150_h=5,present,reappeared,False,20.0,1256.6370614359173,annealing_T=150_h=5,T,20260912-010115,phase_detection,user_fixed_radius,user_fixed_radius,,20260912-010115,0.921954445729269,False,8.37135,2.91661,8.37135,2.88882,0.797209,0.919658,0.669852,0.828234,0.325262,4,0.0813155,0,3,1.15648e-06,1
27,853.22,944.29,5.52754,7.30686,20.0,52.4,1.5,annealing_T=150_h=5,present,reappeared,False,20.0,1256.6370614359173,annealing_T=150_h=5,T,20260912-010115,phase_detection,user_fixed_radius,user_fixed_radius,,20260912-010115,0.921954445729269,False,1.23638,3.69028,3.69028,2.88882,0.797209,0.919658,0.669852,0.828234,0.325262,4,0.0813155,0,3,1.15648e-06,1
27,853.22,944.29,4.86291,7.90429,20.0,52.9,2.0,annealing_T=150_h=5,present,reappeared,False,20.0,1256.6370614359173,annealing_T=150_h=5,T,20260912-010115,phase_detection,user_fixed_radius,user_fixed_radius,,20260912-010115,0.921954445729269,False,8.69248,1.00045,8.69248,2.88882,0.797209,0.919658,0.669852,0.828234,0.325262,4,0.0813155,0,3,1.15648e-06,1
27,853.22,944.29,8.96974,8.43278,20.0,53.4,2.5,annealing_T=150_h=5,present,reappeared,False,20.0,1256.6370614359173,annealing_T=150_h=5,T,20260912-010115,phase_detection,user_fixed_radius,user_fixed_radius,,20260912-010115,0.921954445729269,False,7.91079,4.84906,7.91079,2.88882,0.797209,0.919658,0.669852,0.828234,0.325262,4,0.0813155,0,3,1.15648e-06,1
27,853.22,944.29,15.1238,9.09073,20.0,53.9,3.0,annealing_T=150_h=5,present,reappeared,False,20.0,1256.6370614359173,annealing_T=150_h=5,T,20260912-010115,phase_detection,user_fixed_radius,user_fixed_radius,,20260912-010115,0.921954445729269,False,1.6157,7.11,7.11,2.88882,0.797209,0.919658,0.669852,0.828234,0.325262,4,0.0813155,0,3,1.15648e-06,1
27,853.22,944.29,70.256,11.6039,20.0,55.9,5.0,annealing_T=150_h=5,present,reappeared,False,20.0,1256.6370614359173,annealing_T=150_h=5,T,20260912-010115,phase_detection,user_fixed_radius,user_fixed_radius,,20260912-010115,0.921954445729269,False,4.1489,2.6651,4.1489,2.88882,0.797209,0.919658,0.669852,0.828234,0.325262,4,0.0813155,0,3,1.15648e-06,1
28,883.69,868.08,13.1397,5.75584,20.0,51.65,0.75,annealing_T=150_h=5,absent,absent,False,20.0,1256.6370614359173,annealing_T=125_h=5,T,20260725-020716,previous_detection,user_fixed_radius,user_fixed_radius,,20260912-010115,2.3212281232140257,False,1.1189,2.8258,2.8258,,,,,,,,,,,,0
28,883.69,868.08,-3.07019,6.33907,20.0,52.4,1.5,annealing_T=150_h=5,absent,absent,False,20.0,1256.6370614359173,annealing_T=125_h=5,T,20260725-020716,previous_detection,user_fixed_radius,user_fixed_radius,,20260912-010115,2.3212281232140257,False,2.651068,4.48009,4.48009,,,,,,,,,,,,0
28,883.69,868.08,2.60885,6.96319,20.0,52.9,2.0,annealing_T=150_h=5,absent,absent,False,20.0,1256.6370614359173,annealing_T=125_h=5,T,20260725-020716,previous_detection,user_fixed_radius,user_fixed_radius,,20260912-010115,2.3212281232140257,False,0.77941,4.27413,4.27413,,,,,,,,,,,,0
28,883.69,868.08,-7.8842,7.21404,20.0,53.4,2.5,annealing_T=150_h=5,absent,absent,False,20.0,1256.6370614359173,annealing_T=125_h=5,T,20260725-020716,previous_detection,user_fixed_radius,user_fixed_radius,,20260912-010115,2.3212281232140257,False,3.738,6.45369,6.45369,,,,,,,,,,,,0
28,883.69,868.08,-8.72726,8.14011,20.0,53.9,3.0,annealing_T=150_h=5,absent,absent,False,20.0,1256.6370614359173,annealing_T=125_h=5,T,20260725-020716,previous_detection,user_fixed_radius,user_fixed_radius,,20260912-010115,2.3212281232140257,False,0.13316,6.98701,6.98701,,,,,,,,,,,,0
28,883.69,868.08,5.90489,9.48831,20.0,55.9,5.0,annealing_T=150_h=5,absent,absent,False,20.0,1256.6370614359173,annealing_T=125_h=5,T,20260725-020716,previous_detection,user_fixed_radius,user_fixed_radius,,20260912-010115,2.3212281232140257,False,11.47306,0.18282,11.47306,,,,,,,,,,,,0
29,927.66,740.7,31.6908,5.61719,20.0,51.65,0.75,annealing_T=150_h=5,present,present,False,20.0,1256.6370614359173,annealing_T=150_h=5,T,20260912-010115,phase_detection,user_fixed_radius,user_fixed_radius,,20260912-010115,0.7209022125085945,False,0.2209,2.4646,2.4646,1.70285,0.035376,0.00387478,39.0894,1.94504,3.19972,4,0.79993,0,3,2.96409e-06,1
29,927.66,740.7,79.0826,6.2158,20.0,52.4,1.5,annealing_T=150_h=5,present,present,False,20.0,1256.6370614359173,annealing_T=150_h=5,T,20260912-010115,phase_detection,user_fixed_radius,user_fixed_radius,,20260912-010115,0.7209022125085945,False,3.641,0.7396,3.641,1.70285,0.035376,0.00387478,39.0894,1.94504,3.19972,4,0.79993,0,3,2.96409e-06,1
29,927.66,740.7,129.827,6.77527,20.0,52.9,2.0,annealing_T=150_h=5,present,present,False,20.0,1256.6370614359173,annealing_T=150_h=5,T,20260912-010115,phase_detection,user_fixed_radius,user_fixed_radius,,20260912-010115,0.7209022125085945,False,2.117,3.907,3.907,1.70285,0.035376,0.00387478,39.0894,1.94504,3.19972,4,0.79993,0,3,2.96409e-06,1
29,927.66,740.7,184.547,6.96151,20.0,53.4,2.5,annealing_T=150_h=5,present,present,False,20.0,1256.6370614359173,annealing_T=150_h=5,T,20260912-010115,phase_detection,user_fixed_radius,user_fixed_radius,,20260912-010115,0.7209022125085945,False,10.232,6.634,10.232,1.70285,0.035376,0.00387478,39.0894,1.94504,3.19972,4,0.79993,0,3,2.96409e-06,1
29,927.66,740.7,246.268,7.7449,20.0,53.9,3.0,annealing_T=150_h=5,present,present,False,20.0,1256.6370614359173,annealing_T=150_h=5,T,20260912-010115,phase_detection,user_fixed_radius,user_fixed_radius,,20260912-010115,0.7209022125085945,False,2.065,5.591,5.591,1.70285,0.035376,0.00387478,39.0894,1.94504,3.19972,4,0.79993,0,3,2.96409e-06,1
29,927.66,740.7,609.107,9.45758,20.0,55.9,5.0,annealing_T=150_h=5,present,present,False,20.0,1256.6370614359173,annealing_T=150_h=5,T,20260912-010115,phase_detection,user_fixed_radius,user_fixed_radius,,20260912-010115,0.7209022125085945,False,14.748,17.384,17.384,1.70285,0.035376,0.00387478,39.0894,1.94504,3.19972,4,0.79993,0,3,2.96409e-06,1
30,936.71,977.89,22.2204,5.86026,20.0,51.65,0.75,annealing_T=150_h=5,present,present,False,20.0,1256.6370614359173,annealing_T=150_h=5,T,20260912-010115,phase_detection,user_fixed_radius,user_fixed_radius,,20260912-010115,1.1258774356030297,False,0.8394,4.5373,4.5373,2.11985,0.0592586,0.0197348,16.3945,1.43931,10.5608,4,2.64019,0,3,1.05241e-06,1
30,936.71,977.89,48.0121,6.42779,20.0,52.4,1.5,annealing_T=150_h=5,present,present,False,20.0,1256.6370614359173,annealing_T=150_h=5,T,20260912-010115,phase_detection,user_fixed_radius,user_fixed_radius,,20260912-010115,1.1258774356030297,False,2.856,6.8274,6.8274,2.11985,0.0592586,0.0197348,16.3945,1.43931,10.5608,4,2.64019,0,3,1.05241e-06,1
30,936.71,977.89,76.2862,6.9384,20.0,52.9,2.0,annealing_T=150_h=5,present,present,False,20.0,1256.6370614359173,annealing_T=150_h=5,T,20260912-010115,phase_detection,user_fixed_radius,user_fixed_radius,,20260912-010115,1.1258774356030297,False,1.3043,1.5225,1.5225,2.11985,0.0592586,0.0197348,16.3945,1.43931,10.5608,4,2.64019,0,3,1.05241e-06,1
30,936.71,977.89,108.858,7.22245,20.0,53.4,2.5,annealing_T=150_h=5,present,present,False,20.0,1256.6370614359173,annealing_T=150_h=5,T,20260912-010115,phase_detection,user_fixed_radius,user_fixed_radius,,20260912-010115,1.1258774356030297,False,7.252,0.112,7.252,2.11985,0.0592586,0.0197348,16.3945,1.43931,10.5608,4,2.64019,0,3,1.05241e-06,1
30,936.71,977.89,157.128,7.88104,20.0,53.9,3.0,annealing_T=150_h=5,present,present,False,20.0,1256.6370614359173,annealing_T=150_h=5,T,20260912-010115,phase_detection,user_fixed_radius,user_fixed_radius,,20260912-010115,1.1258774356030297,False,1.905,3.194,3.194,2.11985,0.0592586,0.0197348,16.3945,1.43931,10.5608,4,2.64019,0,3,1.05241e-06,1
30,936.71,977.89,501.268,9.56659,20.0,55.9,5.0,annealing_T=150_h=5,present,present,False,20.0,1256.6370614359173,annealing_T=150_h=5,T,20260912-010115,phase_detection,user_fixed_radius,user_fixed_radius,,20260912-010115,1.1258774356030297,False,6.193,18.523,18.523,2.11985,0.0592586,0.0197348,16.3945,1.43931,10.5608,4,2.64019,0,3,1.05241e-06,1
31,972.98,138.93,12.9899,6.1902,20.0,51.65,0.75,annealing_T=150_h=5,present,present,False,20.0,1256.6370614359173,annealing_T=150_h=5,T,20260912-010115,phase_detection,user_fixed_radius,user_fixed_radius,,20260912-010115,1.3059862173851298,False,4.227,2.7128,4.227,1.59805,0.0881955,0.0565614,18.1998,2.23868,0.738563,4,0.184641,0,3,2.14021e-06,1
31,972.98,138.93,30.7951,6.59414,20.0,52.4,1.5,annealing_T=150_h=5,present,present,False,20.0,1256.6370614359173,annealing_T=150_h=5,T,20260912-010115,phase_detection,user_fixed_radius,user_fixed_radius,,20260912-010115,1.3059862173851298,False,3.2442,5.0442,5.0442,1.59805,0.0881955,0.0565614,18.1998,2.23868,0.738563,4,0.184641,0,3,2.14021e-06,1
31,972.98,138.93,58.6491,7.22125,20.0,52.9,2.0,annealing_T=150_h=5,present,present,False,20.0,1256.6370614359173,annealing_T=150_h=5,T,20260912-010115,phase_detection,user_fixed_radius,user_fixed_radius,,20260912-010115,1.3059862173851298,False,0.0363,5.9822,5.9822,1.59805,0.0881955,0.0565614,18.1998,2.23868,0.738563,4,0.184641,0,3,2.14021e-06,1
31,972.98,138.93,79.7891,7.62273,20.0,53.4,2.5,annealing_T=150_h=5,present,present,False,20.0,1256.6370614359173,annealing_T=150_h=5,T,20260912-010115,phase_detection,user_fixed_radius,user_fixed_radius,,20260912-010115,1.3059862173851298,False,3.8877,0.5729,3.8877,1.59805,0.0881955,0.0565614,18.1998,2.23868,0.738563,4,0.184641,0,3,2.14021e-06,1
31,972.98,138.93,103.46,8.31778,20.0,53.9,3.0,annealing_T=150_h=5,present,present,False,20.0,1256.6370614359173,annealing_T=150_h=5,T,20260912-010115,phase_detection,user_fixed_radius,user_fixed_radius,,20260912-010115,1.3059862173851298,False,2.111,2.265,2.265,1.59805,0.0881955,0.0565614,18.1998,2.23868,0.738563,4,0.184641,0,3,2.14021e-06,1
31,972.98,138.93,238.43,9.84756,20.0,55.9,5.0,annealing_T=150_h=5,present,present,False,20.0,1256.6370614359173,annealing_T=150_h=5,T,20260912-010115,phase_detection,user_fixed_radius,user_fixed_radius,,20260912-010115,1.3059862173851298,False,0.596,7.654,7.654,1.59805,0.0881955,0.0565614,18.1998,2.23868,0.738563,4,0.184641,0,3,2.14021e-06,1
32,979.03,701.92,9.5706,5.66458,20.0,51.65,0.75,annealing_T=150_h=5,absent,absent,False,20.0,1256.6370614359173,annealing_T=100_h=5,T,20260613-015321,previous_detection,user_fixed_radius,user_fixed_radius,,20260912-010115,0.8141252974819799,False,2.4773,3.42605,3.42605,,,,,,,,,,,,0
32,979.03,701.92,9.36375,6.09486,20.0,52.4,1.5,annealing_T=150_h=5,absent,absent,False,20.0,1256.6370614359173,annealing_T=100_h=5,T,20260613-015321,previous_detection,user_fixed_radius,user_fixed_radius,,20260912-010115,0.8141252974819799,False,3.68015,1.66105,3.68015,,,,,,,,,,,,0
32,979.03,701.92,-10.2253,6.50496,20.0,52.9,2.0,annealing_T=150_h=5,absent,absent,False,20.0,1256.6370614359173,annealing_T=100_h=5,T,20260613-015321,previous_detection,user_fixed_radius,user_fixed_radius,,20260912-010115,0.8141252974819799,False,3.39193,1.88324,3.39193,,,,,,,,,,,,0
32,979.03,701.92,5.44678,6.98707,20.0,53.4,2.5,annealing_T=150_h=5,absent,absent,False,20.0,1256.6370614359173,annealing_T=100_h=5,T,20260613-015321,previous_detection,user_fixed_radius,user_fixed_radius,,20260912-010115,0.8141252974819799,False,1.34553,1.37799,1.37799,,,,,,,,,,,,0
32,979.03,701.92,13.1361,7.7127,20.0,53.9,3.0,annealing_T=150_h=5,absent,absent,False,20.0,1256.6370614359173,annealing_T=100_h=5,T,20260613-015321,previous_detection,user_fixed_radius,user_fixed_radius,,20260912-010115,0.8141252974819799,False,0.6433,4.8672,4.8672,,,,,,,,,,,,0
32,979.03,701.92,0.750489,8.93417,20.0,55.9,5.0,annealing_T=150_h=5,absent,absent,False,20.0,1256.6370614359173,annealing_T=100_h=5,T,20260613-015321,previous_detection,user_fixed_radius,user_fixed_radius,,20260912-010115,0.8141252974819799,False,1.429607,0.313291,1.429607,,,,,,,,,,,,0
33,1060.73,682.57,-1.95456,6.10917,20.0,51.65,0.75,annealing_T=150_h=5,absent,disappeared,False,20.0,1256.6370614359173,annealing_T=125_h=25,T,20260902-011233,previous_detection,user_fixed_radius,user_fixed_radius,,20260912-010115,0.5000999900019993,False,1.483295,2.643825,2.643825,,,,,,,,,,,,0
33,1060.73,682.57,3.85219,6.58684,20.0,52.4,1.5,annealing_T=150_h=5,absent,disappeared,False,20.0,1256.6370614359173,annealing_T=125_h=25,T,20260902-011233,previous_detection,user_fixed_radius,user_fixed_radius,,20260912-010115,0.5000999900019993,False,2.6669,2.9389,2.9389,,,,,,,,,,,,0
33,1060.73,682.57,15.316,7.68052,20.0,52.9,2.0,annealing_T=150_h=5,absent,disappeared,False,20.0,1256.6370614359173,annealing_T=125_h=25,T,20260902-011233,previous_detection,user_fixed_radius,user_fixed_radius,,20260912-010115,0.5000999900019993,False,3.8572,2.2396,3.8572,,,,,,,,,,,,0
33,1060.73,682.57,12.2433,8.04778,20.0,53.4,2.5,annealing_T=150_h=5,absent,disappeared,False,20.0,1256.6370614359173,annealing_T=125_h=25,T,20260902-011233,previous_detection,user_fixed_radius,user_fixed_radius,,20260912-010115,0.5000999900019993,False,6.2321,1.0243,6.2321,,,,,,,,,,,,0
33,1060.73,682.57,16.2982,8.67985,20.0,53.9,3.0,annealing_T=150_h=5,absent,disappeared,False,20.0,1256.6370614359173,annealing_T=125_h=25,T,20260902-011233,previous_detection,user_fixed_radius,user_fixed_radius,,20260912-010115,0.5000999900019993,False,3.5556,1.0297,3.5556,,,,,,,,,,,,0
33,1060.73,682.57,63.4608,11.8163,20.0,55.9,5.0,annealing_T=150_h=5,absent,disappeared,False,20.0,1256.6370614359173,annealing_T=125_h=25,T,20260902-011233,previous_detection,user_fixed_radius,user_fixed_radius,,20260912-010115,0.5000999900019993,False,2.4548,2.1121,2.4548,,,,,,,,,,,,0
34,1070.53,853.41,9.83747,5.37363,20.0,51.65,0.75,annealing_T=150_h=5,present,present,False,20.0,1256.6370614359173,annealing_T=150_h=5,T,20260912-010115,phase_detection,user_fixed_radius,user_fixed_radius,,20260912-010115,0.806225774829838,False,3.90523,1.2184,3.90523,2.28742,0.0568616,0.0300889,13.2868,1.13478,1.03313,4,0.258284,0,3,2.91684e-06,1
34,1070.53,853.41,35.5886,5.98035,20.0,52.4,1.5,annealing_T=150_h=5,present,present,False,20.0,1256.6370614359173,annealing_T=150_h=5,T,20260912-010115,phase_detection,user_fixed_radius,user_fixed_radius,,20260912-010115,0.806225774829838,False,2.5293,0.0162,2.5293,2.28742,0.0568616,0.0300889,13.2868,1.13478,1.03313,4,0.258284,0,3,2.91684e-06,1
34,1070.53,853.41,63.5103,6.53463,20.0,52.9,2.0,annealing_T=150_h=5,present,present,False,20.0,1256.6370614359173,annealing_T=150_h=5,T,20260912-010115,phase_detection,user_fixed_radius,user_fixed_radius,,20260912-010115,0.806225774829838,False,5.1538,0.2481,5.1538,2.28742,0.0568616,0.0300889,13.2868,1.13478,1.03313,4,0.258284,0,3,2.91684e-06,1
34,1070.53,853.41,103.945,6.74591,20.0,53.4,2.5,annealing_T=150_h=5,present,present,False,20.0,1256.6370614359173,annealing_T=150_h=5,T,20260912-010115,phase_detection,user_fixed_radius,user_fixed_radius,,20260912-010115,0.806225774829838,False,4.521,5.3616,5.3616,2.28742,0.0568616,0.0300889,13.2868,1.13478,1.03313,4,0.258284,0,3,2.91684e-06,1
34,1070.53,853.41,167.333,7.43451,20.0,53.9,3.0,annealing_T=150_h=5,present,present,False,20.0,1256.6370614359173,annealing_T=150_h=5,T,20260912-010115,phase_detection,user_fixed_radius,user_fixed_radius,,20260912-010115,0.806225774829838,False,2.47,3.757,3.757,2.28742,0.0568616,0.0300889,13.2868,1.13478,1.03313,4,0.258284,0,3,2.91684e-06,1
34,1070.53,853.41,527.453,9.11368,20.0,55.9,5.0,annealing_T=150_h=5,present,present,False,20.0,1256.6370614359173,annealing_T=150_h=5,T,20260912-010115,phase_detection,user_fixed_radius,user_fixed_radius,,20260912-010115,0.806225774829838,False,16.305,25.126,25.126,2.28742,0.0568616,0.0300889,13.2868,1.13478,1.03313,4,0.258284,0,3,2.91684e-06,1
35,1084.42,489.13,-4.79068,5.43814,20.0,51.65,0.75,annealing_T=150_h=5,absent,absent,False,20.0,1256.6370614359173,annealing_T=100_h=25,T,20260629-230214,previous_detection,user_fixed_radius,user_fixed_radius,,20260912-010115,0.8005623023849994,False,2.06426,0.85914,2.06426,,,,,,,,,,,,0
35,1084.42,489.13,1.42968,6.14524,20.0,52.4,1.5,annealing_T=150_h=5,absent,absent,False,20.0,1256.6370614359173,annealing_T=100_h=25,T,20260629-230214,previous_detection,user_fixed_radius,user_fixed_radius,,20260912-010115,0.8005623023849994,False,0.586762,2.357879,2.357879,,,,,,,,,,,,0
35,1084.42,489.13,-0.150103,6.7266,20.0,52.9,2.0,annealing_T=150_h=5,absent,absent,False,20.0,1256.6370614359173,annealing_T=100_h=25,T,20260629-230214,previous_detection,user_fixed_radius,user_fixed_radius,,20260912-010115,0.8005623023849994,False,1.267627,1.997993,1.997993,,,,,,,,,,,,0
35,1084.42,489.13,9.34328,6.89916,20.0,53.4,2.5,annealing_T=150_h=5,absent,absent,False,20.0,1256.6370614359173,annealing_T=100_h=25,T,20260629-230214,previous_detection,user_fixed_radius,user_fixed_radius,,20260912-010115,0.8005623023849994,False,3.98762,3.27691,3.98762,,,,,,,,,,,,0
35,1084.42,489.13,3.26165,7.4643,20.0,53.9,3.0,annealing_T=150_h=5,absent,absent,False,20.0,1256.6370614359173,annealing_T=100_h=25,T,20260629-230214,previous_detection,user_fixed_radius,user_fixed_radius,,20260912-010115,0.8005623023849994,False,1.25959,2.68036,2.68036,,,,,,,,,,,,0
35,1084.42,489.13,-18.7893,9.0611,20.0,55.9,5.0,annealing_T=150_h=5,absent,absent,False,20.0,1256.6370614359173,annealing_T=100_h=25,T,20260629-230214,previous_detection,user_fixed_radius,user_fixed_radius,,20260912-010115,0.8005623023849994,False,1.6252,15.78289,15.78289,,,,,,,,,,,,0
36,1111.98,793.83,11.188,5.61476,20.0,51.65,0.75,annealing_T=150_h=5,absent,disappeared,False,20.0,1256.6370614359173,annealing_T=125_h=25,T,20260902-011233,previous_detection,user_fixed_radius,user_fixed_radius,,20260912-010115,0.1166190378967999,False,2.7267,2.55175,2.7267,,,,,,,,,,,,0
36,1111.98,793.83,-1.4887,6.281,20.0,52.4,1.5,annealing_T=150_h=5,absent,disappeared,False,20.0,1256.6370614359173,annealing_T=125_h=25,T,20260902-011233,previous_detection,user_fixed_radius,user_fixed_radius,,20260912-010115,0.1166190378967999,False,4.05489,5.43152,5.43152,,,,,,,,,,,,0
36,1111.98,793.83,13.4964,6.64642,20.0,52.9,2.0,annealing_T=150_h=5,absent,disappeared,False,20.0,1256.6370614359173,annealing_T=125_h=25,T,20260902-011233,previous_detection,user_fixed_radius,user_fixed_radius,,20260912-010115,0.1166190378967999,False,0.0279,1.1062,1.1062,,,,,,,,,,,,0
36,1111.98,793.83,11.5982,6.86797,20.0,53.4,2.5,annealing_T=150_h=5,absent,disappeared,False,20.0,1256.6370614359173,annealing_T=125_h=25,T,20260902-011233,previous_detection,user_fixed_radius,user_fixed_radius,,20260912-010115,0.1166190378967999,False,5.26931,2.4064,5.26931,,,,,,,,,,,,0
36,1111.98,793.83,20.3305,7.415,20.0,53.9,3.0,annealing_T=150_h=5,absent,disappeared,False,20.0,1256.6370614359173,annealing_T=125_h=25,T,20260902-011233,previous_detection,user_fixed_radius,user_fixed_radius,,20260912-010115,0.1166190378967999,False,2.0408,2.3927,2.3927,,,,,,,,,,,,0
36,1111.98,793.83,62.6562,8.98209,20.0,55.9,5.0,annealing_T=150_h=5,absent,disappeared,False,20.0,1256.6370614359173,annealing_T=125_h=25,T,20260902-011233,previous_detection,user_fixed_radius,user_fixed_radius,,20260912-010115,0.1166190378967999,False,8.953,1.0685,8.953,,,,,,,,,,,,0
37,1118.44,919.18,9.21424,6.29109,20.0,51.65,0.75,annealing_T=150_h=5,absent,absent,False,20.0,1256.6370614359173,annealing_T=100_h=25,T,20260629-230214,previous_detection,user_fixed_radius,user_fixed_radius,,20260912-010115,2.825402626175443,False,4.18196,2.66922,4.18196,,,,,,,,,,,,0
37,1118.44,919.18,1.34382,7.10851,20.0,52.4,1.5,annealing_T=150_h=5,absent,absent,False,20.0,1256.6370614359173,annealing_T=100_h=25,T,20260629-230214,previous_detection,user_fixed_radius,user_fixed_radius,,20260912-010115,2.825402626175443,False,7.11851,1.4142161,7.11851,,,,,,,,,,,,0
37,1118.44,919.18,-7.37035,7.34089,20.0,52.9,2.0,annealing_T=150_h=5,absent,absent,False,20.0,1256.6370614359173,annealing_T=100_h=25,T,20260629-230214,previous_detection,user_fixed_radius,user_fixed_radius,,20260912-010115,2.825402626175443,False,1.98139,7.043972,7.043972,,,,,,,,,,,,0
37,1118.44,919.18,4.54312,7.55942,20.0,53.4,2.5,annealing_T=150_h=5,absent,absent,False,20.0,1256.6370614359173,annealing_T=100_h=25,T,20260629-230214,previous_detection,user_fixed_radius,user_fixed_radius,,20260912-010115,2.825402626175443,False,0.71722,4.149201,4.149201,,,,,,,,,,,,0
37,1118.44,919.18,-0.476449,8.43162,20.0,53.9,3.0,annealing_T=150_h=5,absent,absent,False,20.0,1256.6370614359173,annealing_T=100_h=25,T,20260629-230214,previous_detection,user_fixed_radius,user_fixed_radius,,20260912-010115,2.825402626175443,False,2.575599,0.102234,2.575599,,,,,,,,,,,,0
37,1118.44,919.18,16.8464,10.0371,20.0,55.9,5.0,annealing_T=150_h=5,absent,absent,False,20.0,1256.6370614359173,annealing_T=100_h=25,T,20260629-230214,previous_detection,user_fixed_radius,user_fixed_radius,,20260912-010115,2.825402626175443,False,5.2938,2.2305,5.2938,,,,,,,,,,,,0
38,1187.79,758.22,-3.50168,6.35446,20.0,51.65,0.75,annealing_T=150_h=5,absent,absent,False,20.0,1256.6370614359173,annealing_T=125_h=5,T,20260725-020716,previous_detection,user_fixed_radius,user_fixed_radius,,20260912-010115,1.573086138773084,False,0.47545,2.10036,2.10036,,,,,,,,,,,,0
38,1187.79,758.22,-2.55383,6.81273,20.0,52.4,1.5,annealing_T=150_h=5,absent,absent,False,20.0,1256.6370614359173,annealing_T=125_h=5,T,20260725-020716,previous_detection,user_fixed_radius,user_fixed_radius,,20260912-010115,1.573086138773084,False,1.15387,3.92492,3.92492,,,,,,,,,,,,0
38,1187.79,758.22,8.78392,7.57707,20.0,52.9,2.0,annealing_T=150_h=5,absent,absent,False,20.0,1256.6370614359173,annealing_T=125_h=5,T,20260725-020716,previous_detection,user_fixed_radius,user_fixed_radius,,20260912-010115,1.573086138773084,False,0.70462,3.2748,3.2748,,,,,,,,,,,,0
38,1187.79,758.22,-1.90879,7.32569,20.0,53.4,2.5,annealing_T=150_h=5,absent,absent,False,20.0,1256.6370614359173,annealing_T=125_h=5,T,20260725-020716,previous_detection,user_fixed_radius,user_fixed_radius,,20260912-010115,1.573086138773084,False,3.54146,3.10156,3.54146,,,,,,,,,,,,0
38,1187.79,758.22,12.9088,7.62997,20.0,53.9,3.0,annealing_T=150_h=5,absent,absent,False,20.0,1256.6370614359173,annealing_T=125_h=5,T,20260725-020716,previous_detection,user_fixed_radius,user_fixed_radius,,20260912-010115,1.573086138773084,False,3.4196,4.47004,4.47004,,,,,,,,,,,,0
38,1187.79,758.22,48.9627,9.43925,20.0,55.9,5.0,annealing_T=150_h=5,absent,absent,False,20.0,1256.6370614359173,annealing_T=125_h=5,T,20260725-020716,previous_detection,user_fixed_radius,user_fixed_radius,,20260912-010115,1.573086138773084,False,2.7198,10.7086,10.7086,,,,,,,,,,,,0
39,1216.59,695.02,3.21915,5.54218,20.0,51.65,0.75,annealing_T=150_h=5,absent,absent,False,20.0,1256.6370614359173,annealing_T=100_h=25,T,20260629-230214,previous_detection,user_fixed_radius,user_fixed_radius,,20260912-010115,2.4100829861230824,False,0.44935,2.00322,2.00322,,,,,,,,,,,,0
39,1216.59,695.02,10.9736,5.90784,20.0,52.4,1.5,annealing_T=150_h=5,absent,absent,False,20.0,1256.6370614359173,annealing_T=100_h=25,T,20260629-230214,previous_detection,user_fixed_radius,user_fixed_radius,,20260912-010115,2.4100829861230824,False,1.4378,3.22609,3.22609,,,,,,,,,,,,0
39,1216.59,695.02,10.1269,6.42247,20.0,52.9,2.0,annealing_T=150_h=5,absent,absent,False,20.0,1256.6370614359173,annealing_T=100_h=25,T,20260629-230214,previous_detection,user_fixed_radius,user_fixed_radius,,20260912-010115,2.4100829861230824,False,4.36308,2.6141,4.36308,,,,,,,,,,,,0
39,1216.59,695.02,22.17,6.70295,20.0,53.4,2.5,annealing_T=150_h=5,absent,absent,False,20.0,1256.6370614359173,annealing_T=100_h=25,T,20260629-230214,previous_detection,user_fixed_radius,user_fixed_radius,,20260912-010115,2.4100829861230824,False,0.0415,3.1488,3.1488,,,,,,,,,,,,0
39,1216.59,695.02,31.2441,7.41622,20.0,53.9,3.0,annealing_T=150_h=5,absent,absent,False,20.0,1256.6370614359173,annealing_T=100_h=25,T,20260629-230214,previous_detection,user_fixed_radius,user_fixed_radius,,20260912-010115,2.4100829861230824,False,3.6555,2.4751,3.6555,,,,,,,,,,,,0
39,1216.59,695.02,70.9688,8.83858,20.0,55.9,5.0,annealing_T=150_h=5,absent,absent,False,20.0,1256.6370614359173,annealing_T=100_h=25,T,20260629-230214,previous_detection,user_fixed_radius,user_fixed_radius,,20260912-010115,2.4100829861230824,False,2.5863,1.2392,2.5863,,,,,,,,,,,,0
40,1229.62,81.32,-7.08552,6.00656,20.0,51.65,0.75,annealing_T=150_h=5,absent,absent,False,20.0,1256.6370614359173,annealing_T=125_h=5,T,20260725-020716,previous_detection,user_fixed_radius,user_fixed_radius,,20260912-010115,3.524230412444626,False,2.55727,4.69116,4.69116,,,,,,,,,,,,0
40,1229.62,81.32,-0.575998,6.65538,20.0,52.4,1.5,annealing_T=150_h=5,absent,absent,False,20.0,1256.6370614359173,annealing_T=125_h=5,T,20260725-020716,previous_detection,user_fixed_radius,user_fixed_radius,,20260912-010115,3.524230412444626,False,0.28105,0.6686646,0.6686646,,,,,,,,,,,,0
40,1229.62,81.32,-2.20937,7.15938,20.0,52.9,2.0,annealing_T=150_h=5,absent,absent,False,20.0,1256.6370614359173,annealing_T=125_h=5,T,20260725-020716,previous_detection,user_fixed_radius,user_fixed_radius,,20260912-010115,3.524230412444626,False,6.66737,2.1560522,6.66737,,,,,,,,,,,,0
40,1229.62,81.32,-3.0335,7.24859,20.0,53.4,2.5,annealing_T=150_h=5,absent,absent,False,20.0,1256.6370614359173,annealing_T=125_h=5,T,20260725-020716,previous_detection,user_fixed_radius,user_fixed_radius,,20260912-010115,3.524230412444626,False,1.71984,0.46843,1.71984,,,,,,,,,,,,0
40,1229.62,81.32,3.29989,8.1077,20.0,53.9,3.0,annealing_T=150_h=5,absent,absent,False,20.0,1256.6370614359173,annealing_T=125_h=5,T,20260725-020716,previous_detection,user_fixed_radius,user_fixed_radius,,20260912-010115,3.524230412444626,False,4.50264,6.2115,6.2115,,,,,,,,,,,,0
40,1229.62,81.32,29.9964,9.90657,20.0,55.9,5.0,annealing_T=150_h=5,absent,absent,False,20.0,1256.6370614359173,annealing_T=125_h=5,T,20260725-020716,previous_detection,user_fixed_radius,user_fixed_radius,,20260912-010115,3.524230412444626,False,2.0617,3.3502,3.3502,,,,,,,,,,,,0
41,1266.05,983.84,10.4095,5.64334,20.0,51.65,0.75,annealing_T=150_h=5,absent,absent,False,20.0,1256.6370614359173,annealing_T=75_h=25,T,20260602-133829,previous_detection,user_fixed_radius,user_fixed_radius,,20260912-010115,4.291969244997054,False,0.8983,4.75118,4.75118,,,,,,,,,,,,0
41,1266.05,983.84,-4.08417,5.93776,20.0,52.4,1.5,annealing_T=150_h=5,absent,absent,False,20.0,1256.6370614359173,annealing_T=75_h=25,T,20260602-133829,previous_detection,user_fixed_radius,user_fixed_radius,,20260912-010115,4.291969244997054,False,3.299327,1.4083,3.299327,,,,,,,,,,,,0
41,1266.05,983.84,3.63977,6.53494,20.0,52.9,2.0,annealing_T=150_h=5,absent,absent,False,20.0,1256.6370614359173,annealing_T=75_h=25,T,20260602-133829,previous_detection,user_fixed_radius,user_fixed_radius,,20260912-010115,4.291969244997054,False,1.94082,1.27906,1.94082,,,,,,,,,,,,0
41,1266.05,983.84,-5.67305,6.66053,20.0,53.4,2.5,annealing_T=150_h=5,absent,absent,False,20.0,1256.6370614359173,annealing_T=75_h=25,T,20260602-133829,previous_detection,user_fixed_radius,user_fixed_radius,,20260912-010115,4.291969244997054,False,3.45667,4.08056,4.08056,,,,,,,,,,,,0
41,1266.05,983.84,-4.55252,7.37422,20.0,53.9,3.0,annealing_T=150_h=5,absent,absent,False,20.0,1256.6370614359173,annealing_T=75_h=25,T,20260602-133829,previous_detection,user_fixed_radius,user_fixed_radius,,20260912-010115,4.291969244997054,False,9.7155,4.03106,9.7155,,,,,,,,,,,,0
41,1266.05,983.84,11.4277,8.84097,20.0,55.9,5.0,annealing_T=150_h=5,absent,absent,False,20.0,1256.6370614359173,annealing_T=75_h=25,T,20260602-133829,previous_detection,user_fixed_radius,user_fixed_radius,,20260912-010115,4.291969244997054,False,6.7186,4.61915,6.7186,,,,,,,,,,,,0
42,1279.51,557.02,4.13573,6.48548,20.0,51.65,0.75,annealing_T=150_h=5,absent,disappeared,False,20.0,1256.6370614359173,annealing_T=125_h=25,T,20260902-011233,previous_detection,user_fixed_radius,user_fixed_radius,,20260912-010115,1.2056948204251112,False,0.29649,1.82189,1.82189,,,,,,,,,,,,0
42,1279.51,557.02,0.519931,7.01091,20.0,52.4,1.5,annealing_T=150_h=5,absent,disappeared,False,20.0,1256.6370614359173,annealing_T=125_h=25,T,20260902-011233,previous_detection,user_fixed_radius,user_fixed_radius,,20260912-010115,1.2056948204251112,False,0.786969,3.521579,3.521579,,,,,,,,,,,,0
42,1279.51,557.02,10.9149,7.70667,20.0,52.9,2.0,annealing_T=150_h=5,absent,disappeared,False,20.0,1256.6370614359173,annealing_T=125_h=25,T,20260902-011233,previous_detection,user_fixed_radius,user_fixed_radius,,20260912-010115,1.2056948204251112,False,0.7303,1.81988,1.81988,,,,,,,,,,,,0
42,1279.51,557.02,8.56503,8.20074,20.0,53.4,2.5,annealing_T=150_h=5,absent,disappeared,False,20.0,1256.6370614359173,annealing_T=125_h=25,T,20260902-011233,previous_detection,user_fixed_radius,user_fixed_radius,,20260912-010115,1.2056948204251112,False,2.49369,1.03331,2.49369,,,,,,,,,,,,0
42,1279.51,557.02,11.058,9.22428,20.0,53.9,3.0,annealing_T=150_h=5,absent,disappeared,False,20.0,1256.6370614359173,annealing_T=125_h=25,T,20260902-011233,previous_detection,user_fixed_radius,user_fixed_radius,,20260912-010115,1.2056948204251112,False,2.67242,3.439,3.439,,,,,,,,,,,,0
42,1279.51,557.02,40.3848,11.5348,20.0,55.9,5.0,annealing_T=150_h=5,absent,disappeared,False,20.0,1256.6370614359173,annealing_T=125_h=25,T,20260902-011233,previous_detection,user_fixed_radius,user_fixed_radius,,20260912-010115,1.2056948204251112,False,2.7603,0.9456,2.7603,,,,,,,,,,,,0
43,1347.73,133.84,-9.07528,5.71368,20.0,51.65,0.75,annealing_T=150_h=5,absent,absent,False,20.0,1256.6370614359173,annealing_T=125_h=5,T,20260725-020716,previous_detection,user_fixed_radius,user_fixed_radius,,20260912-010115,3.398190695061125,False,12.83462,2.25634,12.83462,,,,,,,,,,,,0
43,1347.73,133.84,-8.36069,6.40412,20.0,52.4,1.5,annealing_T=150_h=5,absent,absent,False,20.0,1256.6370614359173,annealing_T=125_h=5,T,20260725-020716,previous_detection,user_fixed_radius,user_fixed_radius,,20260912-010115,3.398190695061125,False,3.17381,7.618891,7.618891,,,,,,,,,,,,0
43,1347.73,133.84,-7.78196,6.93033,20.0,52.9,2.0,annealing_T=150_h=5,absent,absent,False,20.0,1256.6370614359173,annealing_T=125_h=5,T,20260725-020716,previous_detection,user_fixed_radius,user_fixed_radius,,20260912-010115,3.398190695061125,False,1.97588,1.49591,1.97588,,,,,,,,,,,,0
43,1347.73,133.84,0.777508,7.16226,20.0,53.4,2.5,annealing_T=150_h=5,absent,absent,False,20.0,1256.6370614359173,annealing_T=125_h=5,T,20260725-020716,previous_detection,user_fixed_radius,user_fixed_radius,,20260912-010115,3.398190695061125,False,0.247363,2.054738,2.054738,,,,,,,,,,,,0
43,1347.73,133.84,-10.3818,7.76553,20.0,53.9,3.0,annealing_T=150_h=5,absent,absent,False,20.0,1256.6370614359173,annealing_T=125_h=5,T,20260725-020716,previous_detection,user_fixed_radius,user_fixed_radius,,20260912-010115,3.398190695061125,False,4.4722,4.35729,4.4722,,,,,,,,,,,,0
43,1347.73,133.84,-24.1248,9.34688,20.0,55.9,5.0,annealing_T=150_h=5,absent,absent,False,20.0,1256.6370614359173,annealing_T=125_h=5,T,20260725-020716,previous_detection,user_fixed_radius,user_fixed_radius,,20260912-010115,3.398190695061125,False,12.2917,9.7228,12.2917,,,,,,,,,,,,0
44,1345.59,794.82,4.05169,5.38355,20.0,51.65,0.75,annealing_T=150_h=5,absent,absent,False,20.0,1256.6370614359173,annealing_T=75_h=5,T,20260523-062735,previous_detection,user_fixed_radius,user_fixed_radius,,20260912-010115,3.764638096816253,False,1.09205,0.65985,1.09205,,,,,,,,,,,,0
44,1345.59,794.82,-0.814435,6.00118,20.0,52.4,1.5,annealing_T=150_h=5,absent,absent,False,20.0,1256.6370614359173,annealing_T=75_h=5,T,20260523-062735,previous_detection,user_fixed_radius,user_fixed_radius,,20260912-010115,3.764638096816253,False,1.341015,2.067605,2.067605,,,,,,,,,,,,0
44,1345.59,794.82,11.6626,6.42511,20.0,52.9,2.0,annealing_T=150_h=5,absent,absent,False,20.0,1256.6370614359173,annealing_T=75_h=5,T,20260523-062735,previous_detection,user_fixed_radius,user_fixed_radius,,20260912-010115,3.764638096816253,False,3.0201,0.4136,3.0201,,,,,,,,,,,,0
44,1345.59,794.82,19.0622,6.61022,20.0,53.4,2.5,annealing_T=150_h=5,absent,absent,False,20.0,1256.6370614359173,annealing_T=75_h=5,T,20260523-062735,previous_detection,user_fixed_radius,user_fixed_radius,,20260912-010115,3.764638096816253,False,4.1052,4.4178,4.4178,,,,,,,,,,,,0
44,1345.59,794.82,10.7358,7.0817,20.0,53.9,3.0,annealing_T=150_h=5,absent,absent,False,20.0,1256.6370614359173,annealing_T=75_h=5,T,20260523-062735,previous_detection,user_fixed_radius,user_fixed_radius,,20260912-010115,3.764638096816253,False,2.28076,5.4009,5.4009,,,,,,,,,,,,0
44,1345.59,794.82,41.8523,8.68045,20.0,55.9,5.0,annealing_T=150_h=5,absent,absent,False,20.0,1256.6370614359173,annealing_T=75_h=5,T,20260523-062735,previous_detection,user_fixed_radius,user_fixed_radius,,20260912-010115,3.764638096816253,False,5.545,2.6813,5.545,,,,,,,,,,,,0
45,1401.72,765.95,19.4892,6.55264,20.0,51.65,0.75,annealing_T=150_h=5,present,present,False,20.0,1256.6370614359173,annealing_T=150_h=5,T,20260912-010115,phase_detection,user_fixed_radius,user_fixed_radius,,20260912-010115,0.1486606874731416,False,7.0813,1.2742,7.0813,1.50603,0.0819508,0.0840188,22.4338,2.48682,2.93748,4,0.734371,0,3,1.49804e-06,1
45,1401.72,765.95,34.0146,7.08496,20.0,52.4,1.5,annealing_T=150_h=5,present,present,False,20.0,1256.6370614359173,annealing_T=150_h=5,T,20260912-010115,phase_detection,user_fixed_radius,user_fixed_radius,,20260912-010115,0.1486606874731416,False,6.0372,7.3886,7.3886,1.50603,0.0819508,0.0840188,22.4338,2.48682,2.93748,4,0.734371,0,3,1.49804e-06,1
45,1401.72,765.95,68.3493,7.17992,20.0,52.9,2.0,annealing_T=150_h=5,present,present,False,20.0,1256.6370614359173,annealing_T=150_h=5,T,20260912-010115,phase_detection,user_fixed_radius,user_fixed_radius,,20260912-010115,0.1486606874731416,False,4.9409,6.9514,6.9514,1.50603,0.0819508,0.0840188,22.4338,2.48682,2.93748,4,0.734371,0,3,1.49804e-06,1
45,1401.72,765.95,83.833,7.64997,20.0,53.4,2.5,annealing_T=150_h=5,present,present,False,20.0,1256.6370614359173,annealing_T=150_h=5,T,20260912-010115,phase_detection,user_fixed_radius,user_fixed_radius,,20260912-010115,0.1486606874731416,False,5.7327,1.554,5.7327,1.50603,0.0819508,0.0840188,22.4338,2.48682,2.93748,4,0.734371,0,3,1.49804e-06,1
45,1401.72,765.95,122.724,8.53361,20.0,53.9,3.0,annealing_T=150_h=5,present,present,False,20.0,1256.6370614359173,annealing_T=150_h=5,T,20260912-010115,phase_detection,user_fixed_radius,user_fixed_radius,,20260912-010115,0.1486606874731416,False,4.289,0.701,4.289,1.50603,0.0819508,0.0840188,22.4338,2.48682,2.93748,4,0.734371,0,3,1.49804e-06,1
45,1401.72,765.95,252.376,10.7239,20.0,55.9,5.0,annealing_T=150_h=5,present,present,False,20.0,1256.6370614359173,annealing_T=150_h=5,T,20260912-010115,phase_detection,user_fixed_radius,user_fixed_radius,,20260912-010115,0.1486606874731416,False,7.953,16.995,16.995,1.50603,0.0819508,0.0840188,22.4338,2.48682,2.93748,4,0.734371,0,3,1.49804e-06,1
46,1464.6,877.36,6.92371,5.90263,20.0,51.65,0.75,annealing_T=150_h=5,absent,absent,False,20.0,1256.6370614359173,annealing_T=125_h=5,T,20260725-020716,previous_detection,user_fixed_radius,user_fixed_radius,,20260912-010115,3.430233228222493,False,0.90215,3.38589,3.38589,,,,,,,,,,,,0
46,1464.6,877.36,-4.88681,6.33786,20.0,52.4,1.5,annealing_T=150_h=5,absent,absent,False,20.0,1256.6370614359173,annealing_T=125_h=5,T,20260725-020716,previous_detection,user_fixed_radius,user_fixed_radius,,20260912-010115,3.430233228222493,False,0.85694,5.799008,5.799008,,,,,,,,,,,,0
46,1464.6,877.36,7.38332,6.77749,20.0,52.9,2.0,annealing_T=150_h=5,absent,absent,False,20.0,1256.6370614359173,annealing_T=125_h=5,T,20260725-020716,previous_detection,user_fixed_radius,user_fixed_radius,,20260912-010115,3.430233228222493,False,6.42758,5.69312,6.42758,,,,,,,,,,,,0
46,1464.6,877.36,8.40775,7.08998,20.0,53.4,2.5,annealing_T=150_h=5,absent,absent,False,20.0,1256.6370614359173,annealing_T=125_h=5,T,20260725-020716,previous_detection,user_fixed_radius,user_fixed_radius,,20260912-010115,3.430233228222493,False,2.98983,3.69005,3.69005,,,,,,,,,,,,0
46,1464.6,877.36,16.3794,7.79348,20.0,53.9,3.0,annealing_T=150_h=5,absent,absent,False,20.0,1256.6370614359173,annealing_T=125_h=5,T,20260725-020716,previous_detection,user_fixed_radius,user_fixed_radius,,20260912-010115,3.430233228222493,False,4.7921,0.7865,4.7921,,,,,,,,,,,,0
46,1464.6,877.36,54.1228,9.44687,20.0,55.9,5.0,annealing_T=150_h=5,absent,absent,False,20.0,1256.6370614359173,annealing_T=125_h=5,T,20260725-020716,previous_detection,user_fixed_radius,user_fixed_radius,,20260912-010115,3.430233228222493,False,4.2577,7.4596,7.4596,,,,,,,,,,,,0
47,1499.43,369.26,0.944694,6.09891,20.0,51.65,0.75,annealing_T=150_h=5,absent,absent,False,20.0,1256.6370614359173,annealing_T=100_h=25,T,20260629-230214,previous_detection,user_fixed_radius,user_fixed_radius,,20260912-010115,3.8029593739612473,False,1.612056,2.426886,2.426886,,,,,,,,,,,,0
47,1499.43,369.26,5.75428,6.58929,20.0,52.4,1.5,annealing_T=150_h=5,absent,absent,False,20.0,1256.6370614359173,annealing_T=100_h=25,T,20260629-230214,previous_detection,user_fixed_radius,user_fixed_radius,,20260912-010115,3.8029593739612473,False,1.07248,3.80689,3.80689,,,,,,,,,,,,0
47,1499.43,369.26,-0.186693,7.12403,20.0,52.9,2.0,annealing_T=150_h=5,absent,absent,False,20.0,1256.6370614359173,annealing_T=100_h=25,T,20260629-230214,previous_detection,user_fixed_radius,user_fixed_radius,,20260912-010115,3.8029593739612473,False,5.069603,1.767083,5.069603,,,,,,,,,,,,0
47,1499.43,369.26,8.32596,7.5061,20.0,53.4,2.5,annealing_T=150_h=5,absent,absent,False,20.0,1256.6370614359173,annealing_T=100_h=25,T,20260629-230214,previous_detection,user_fixed_radius,user_fixed_radius,,20260912-010115,3.8029593739612473,False,1.22891,1.79264,1.79264,,,,,,,,,,,,0
47,1499.43,369.26,-4.74602,8.13274,20.0,53.9,3.0,annealing_T=150_h=5,absent,absent,False,20.0,1256.6370614359173,annealing_T=100_h=25,T,20260629-230214,previous_detection,user_fixed_radius,user_fixed_radius,,20260912-010115,3.8029593739612473,False,4.7118,6.07216,6.07216,,,,,,,,,,,,0
47,1499.43,369.26,2.65581,9.69384,20.0,55.9,5.0,annealing_T=150_h=5,absent,absent,False,20.0,1256.6370614359173,annealing_T=100_h=25,T,20260629-230214,previous_detection,user_fixed_radius,user_fixed_radius,,20260912-010115,3.8029593739612473,False,4.58594,3.8596,4.58594,,,,,,,,,,,,0
48,1500.98,980.75,11.2235,5.82504,20.0,51.65,0.75,annealing_T=150_h=5,absent,absent,False,20.0,1256.6370614359173,annealing_T=125_h=5,T,20260725-020716,previous_detection,user_fixed_radius,user_fixed_radius,,20260912-010115,3.5579347942309623,False,7.5648,4.74767,7.5648,,,,,,,,,,,,0
48,1500.98,980.75,3.84931,6.23924,20.0,52.4,1.5,annealing_T=150_h=5,absent,absent,False,20.0,1256.6370614359173,annealing_T=125_h=5,T,20260725-020716,previous_detection,user_fixed_radius,user_fixed_radius,,20260912-010115,3.5579347942309623,False,3.28625,0.88623,3.28625,,,,,,,,,,,,0
48,1500.98,980.75,7.69817,6.93183,20.0,52.9,2.0,annealing_T=150_h=5,absent,absent,False,20.0,1256.6370614359173,annealing_T=125_h=5,T,20260725-020716,previous_detection,user_fixed_radius,user_fixed_radius,,20260912-010115,3.5579347942309623,False,2.83163,5.12286,5.12286,,,,,,,,,,,,0
48,1500.98,980.75,-9.47119,7.15306,20.0,53.4,2.5,annealing_T=150_h=5,absent,absent,False,20.0,1256.6370614359173,annealing_T=125_h=5,T,20260725-020716,previous_detection,user_fixed_radius,user_fixed_radius,,20260912-010115,3.5579347942309623,False,2.28011,4.04296,4.04296,,,,,,,,,,,,0
48,1500.98,980.75,-5.11589,7.95192,20.0,53.9,3.0,annealing_T=150_h=5,absent,absent,False,20.0,1256.6370614359173,annealing_T=125_h=5,T,20260725-020716,previous_detection,user_fixed_radius,user_fixed_radius,,20260912-010115,3.5579347942309623,False,2.96799,1.65039,2.96799,,,,,,,,,,,,0
48,1500.98,980.75,2.8424,9.39029,20.0,55.9,5.0,annealing_T=150_h=5,absent,absent,False,20.0,1256.6370614359173,annealing_T=125_h=5,T,20260725-020716,previous_detection,user_fixed_radius,user_fixed_radius,,20260912-010115,3.5579347942309623,False,0.25065,4.40755,4.40755,,,,,,,,,,,,0
49,1508.03,232.66,-4.6694,5.98258,20.0,51.65,0.75,annealing_T=150_h=5,absent,absent,False,20.0,1256.6370614359173,annealing_T=100_h=5,T,20260613-015321,previous_detection,user_fixed_radius,user_fixed_radius,,20260912-010115,3.342110111890339,False,4.36732,2.75896,4.36732,,,,,,,,,,,,0
49,1508.03,232.66,0.395755,6.34126,20.0,52.4,1.5,annealing_T=150_h=5,absent,absent,False,20.0,1256.6370614359173,annealing_T=100_h=5,T,20260613-015321,previous_detection,user_fixed_radius,user_fixed_radius,,20260912-010115,3.342110111890339,False,1.892475,0.4395879,1.892475,,,,,,,,,,,,0
49,1508.03,232.66,-3.80027,6.95274,20.0,52.9,2.0,annealing_T=150_h=5,absent,absent,False,20.0,1256.6370614359173,annealing_T=100_h=5,T,20260613-015321,previous_detection,user_fixed_radius,user_fixed_radius,,20260912-010115,3.342110111890339,False,0.81591,4.84836,4.84836,,,,,,,,,,,,0
49,1508.03,232.66,0.656401,7.30866,20.0,53.4,2.5,annealing_T=150_h=5,absent,absent,False,20.0,1256.6370614359173,annealing_T=100_h=5,T,20260613-015321,previous_detection,user_fixed_radius,user_fixed_radius,,20260912-010115,3.342110111890339,False,0.781099,1.248639,1.248639,,,,,,,,,,,,0
49,1508.03,232.66,6.9782,7.99204,20.0,53.9,3.0,annealing_T=150_h=5,absent,absent,False,20.0,1256.6370614359173,annealing_T=100_h=5,T,20260613-015321,previous_detection,user_fixed_radius,user_fixed_radius,,20260912-010115,3.342110111890339,False,0.33514,0.23104,0.33514,,,,,,,,,,,,0
49,1508.03,232.66,-23.6974,9.56161,20.0,55.9,5.0,annealing_T=150_h=5,absent,absent,False,20.0,1256.6370614359173,annealing_T=100_h=5,T,20260613-015321,previous_detection,user_fixed_radius,user_fixed_radius,,20260912-010115,3.342110111890339,False,8.6158,15.64068,15.64068,,,,,,,,,,,,0
50,1557.43,614.09,7.72568,5.8245,20.0,51.65,0.75,annealing_T=150_h=5,absent,absent,False,20.0,1256.6370614359173,annealing_T=75_h=25,T,20260602-133829,previous_detection,user_fixed_radius,user_fixed_radius,,20260912-010115,5.103606567908574,False,3.28625,2.15442,3.28625,,,,,,,,,,,,0
50,1557.43,614.09,-2.54249,6.20271,20.0,52.4,1.5,annealing_T=150_h=5,absent,absent,False,20.0,1256.6370614359173,annealing_T=75_h=25,T,20260602-133829,previous_detection,user_fixed_radius,user_fixed_radius,,20260912-010115,5.103606567908574,False,1.25293,1.52228,1.52228,,,,,,,,,,,,0
50,1557.43,614.09,1.59696,6.76944,20.0,52.9,2.0,annealing_T=150_h=5,absent,absent,False,20.0,1256.6370614359173,annealing_T=75_h=25,T,20260602-133829,previous_detection,user_fixed_radius,user_fixed_radius,,20260912-010115,5.103606567908574,False,4.62767,0.617023,4.62767,,,,,,,,,,,,0
50,1557.43,614.09,3.57635,7.04895,20.0,53.4,2.5,annealing_T=150_h=5,absent,absent,False,20.0,1256.6370614359173,annealing_T=75_h=25,T,20260602-133829,previous_detection,user_fixed_radius,user_fixed_radius,,20260912-010115,5.103606567908574,False,3.436968,4.71573,4.71573,,,,,,,,,,,,0
50,1557.43,614.09,3.48036,7.78656,20.0,53.9,3.0,annealing_T=150_h=5,absent,absent,False,20.0,1256.6370614359173,annealing_T=75_h=25,T,20260602-133829,previous_detection,user_fixed_radius,user_fixed_radius,,20260912-010115,5.103606567908574,False,2.14813,0.78536,2.14813,,,,,,,,,,,,0
50,1557.43,614.09,-11.0663,9.18325,20.0,55.9,5.0,annealing_T=150_h=5,absent,absent,False,20.0,1256.6370614359173,annealing_T=75_h=25,T,20260602-133829,previous_detection,user_fixed_radius,user_fixed_radius,,20260912-010115,5.103606567908574,False,1.94948,6.42443,6.42443,,,,,,,,,,,,0
51,1588.93,279.75,2.53935,5.64445,20.0,51.65,0.75,annealing_T=150_h=5,absent,disappeared,False,20.0,1256.6370614359173,annealing_T=125_h=25,T,20260902-011233,previous_detection,user_fixed_radius,user_fixed_radius,,20260912-010115,1.7854971296533653,False,2.17725,0.68983,2.17725,,,,,,,,,,,,0
51,1588.93,279.75,10.8072,6.07373,20.0,52.4,1.5,annealing_T=150_h=5,absent,disappeared,False,20.0,1256.6370614359173,annealing_T=125_h=25,T,20260902-011233,previous_detection,user_fixed_radius,user_fixed_radius,,20260912-010115,1.7854971296533653,False,0.7442,2.47664,2.47664,,,,,,,,,,,,0
51,1588.93,279.75,-1.39527,6.54075,20.0,52.9,2.0,annealing_T=150_h=5,absent,disappeared,False,20.0,1256.6370614359173,annealing_T=125_h=25,T,20260902-011233,previous_detection,user_fixed_radius,user_fixed_radius,,20260912-010115,1.7854971296533653,False,0.36228,3.12976,3.12976,,,,,,,,,,,,0
51,1588.93,279.75,15.7289,6.97425,20.0,53.4,2.5,annealing_T=150_h=5,absent,disappeared,False,20.0,1256.6370614359173,annealing_T=125_h=25,T,20260902-011233,previous_detection,user_fixed_radius,user_fixed_radius,,20260912-010115,1.7854971296533653,False,0.3034,1.5172,1.5172,,,,,,,,,,,,0
51,1588.93,279.75,19.4485,7.65285,20.0,53.9,3.0,annealing_T=150_h=5,absent,disappeared,False,20.0,1256.6370614359173,annealing_T=125_h=25,T,20260902-011233,previous_detection,user_fixed_radius,user_fixed_radius,,20260912-010115,1.7854971296533653,False,3.5424,1.4605,3.5424,,,,,,,,,,,,0
51,1588.93,279.75,18.6978,9.18535,20.0,55.9,5.0,annealing_T=150_h=5,absent,disappeared,False,20.0,1256.6370614359173,annealing_T=125_h=25,T,20260902-011233,previous_detection,user_fixed_radius,user_fixed_radius,,20260912-010115,1.7854971296533653,False,14.89753,0.2339,14.89753,,,,,,,,,,,,0
52,1631.58,87.89,-0.206859,5.57625,20.0,51.65,0.75,annealing_T=150_h=5,absent,disappeared,False,20.0,1256.6370614359173,annealing_T=125_h=25,T,20260902-011233,previous_detection,user_fixed_radius,user_fixed_radius,,20260912-010115,3.4167382106330217,False,4.002161,2.829749,4.002161,,,,,,,,,,,,0
52,1631.58,87.89,7.75813,6.25718,20.0,52.4,1.5,annealing_T=150_h=5,absent,disappeared,False,20.0,1256.6370614359173,annealing_T=125_h=25,T,20260902-011233,previous_detection,user_fixed_radius,user_fixed_radius,,20260912-010115,3.4167382106330217,False,0.376,2.09714,2.09714,,,,,,,,,,,,0
52,1631.58,87.89,0.332099,6.65757,20.0,52.9,2.0,annealing_T=150_h=5,absent,disappeared,False,20.0,1256.6370614359173,annealing_T=125_h=25,T,20260902-011233,previous_detection,user_fixed_radius,user_fixed_radius,,20260912-010115,3.4167382106330217,False,1.465449,1.188593,1.465449,,,,,,,,,,,,0
52,1631.58,87.89,-6.41895,6.99733,20.0,53.4,2.5,annealing_T=150_h=5,absent,disappeared,False,20.0,1256.6370614359173,annealing_T=125_h=25,T,20260902-011233,previous_detection,user_fixed_radius,user_fixed_radius,,20260912-010115,3.4167382106330217,False,2.34846,5.21442,5.21442,,,,,,,,,,,,0
52,1631.58,87.89,-2.55245,7.53811,20.0,53.9,3.0,annealing_T=150_h=5,absent,disappeared,False,20.0,1256.6370614359173,annealing_T=125_h=25,T,20260902-011233,previous_detection,user_fixed_radius,user_fixed_radius,,20260912-010115,3.4167382106330217,False,6.81907,2.45077,6.81907,,,,,,,,,,,,0
52,1631.58,87.89,-7.84852,9.15638,20.0,55.9,5.0,annealing_T=150_h=5,absent,disappeared,False,20.0,1256.6370614359173,annealing_T=125_h=25,T,20260902-011233,previous_detection,user_fixed_radius,user_fixed_radius,,20260912-010115,3.4167382106330217,False,8.02708,8.540447,8.540447,,,,,,,,,,,,0
53,1685.9,913.94,3.27358,6.51302,20.0,51.65,0.75,annealing_T=150_h=5,present,present,False,20.0,1256.6370614359173,annealing_T=150_h=5,T,20260912-010115,phase_detection,user_fixed_radius,user_fixed_radius,,20260912-010115,0.2789265136198421,False,1.30662,0.5297,1.30662,2.21016,0.157153,0.046534,6.00282,1.41,0.477213,4,0.119303,0,3,5.6725e-08,1
53,1685.9,913.94,11.0634,7.17674,20.0,52.4,1.5,annealing_T=150_h=5,present,present,False,20.0,1256.6370614359173,annealing_T=150_h=5,T,20260912-010115,phase_detection,user_fixed_radius,user_fixed_radius,,20260912-010115,0.2789265136198421,False,5.75026,3.4577,5.75026,2.21016,0.157153,0.046534,6.00282,1.41,0.477213,4,0.119303,0,3,5.6725e-08,1
53,1685.9,913.94,27.7885,7.7301,20.0,52.9,2.0,annealing_T=150_h=5,present,present,False,20.0,1256.6370614359173,annealing_T=150_h=5,T,20260912-010115,phase_detection,user_fixed_radius,user_fixed_radius,,20260912-010115,0.2789265136198421,False,2.5155,0.602,2.5155,2.21016,0.157153,0.046534,6.00282,1.41,0.477213,4,0.119303,0,3,5.6725e-08,1
53,1685.9,913.94,44.3528,8.00996,20.0,53.4,2.5,annealing_T=150_h=5,present,present,False,20.0,1256.6370614359173,annealing_T=150_h=5,T,20260912-010115,phase_detection,user_fixed_radius,user_fixed_radius,,20260912-010115,0.2789265136198421,False,5.908,1.4675,5.908,2.21016,0.157153,0.046534,6.00282,1.41,0.477213,4,0.119303,0,3,5.6725e-08,1
53,1685.9,913.94,71.7899,8.5181,20.0,53.9,3.0,annealing_T=150_h=5,present,present,False,20.0,1256.6370614359173,annealing_T=150_h=5,T,20260912-010115,phase_detection,user_fixed_radius,user_fixed_radius,,20260912-010115,0.2789265136198421,False,5.5384,5.9801,5.9801,2.21016,0.157153,0.046534,6.00282,1.41,0.477213,4,0.119303,0,3,5.6725e-08,1
53,1685.9,913.94,209.582,10.5643,20.0,55.9,5.0,annealing_T=150_h=5,present,present,False,20.0,1256.6370614359173,annealing_T=150_h=5,T,20260912-010115,phase_detection,user_fixed_radius,user_fixed_radius,,20260912-010115,0.2789265136198421,False,3.946,2.024,3.946,2.21016,0.157153,0.046534,6.00282,1.41,0.477213,4,0.119303,0,3,5.6725e-08,1
54,1709.52,451.79,-1.03193,5.84409,20.0,51.65,0.75,annealing_T=150_h=5,absent,absent,False,20.0,1256.6370614359173,annealing_T=125_h=5,T,20260725-020716,previous_detection,user_fixed_radius,user_fixed_radius,,20260912-010115,5.256015601194499,False,0.64811,3.41565,3.41565,,,,,,,,,,,,0
54,1709.52,451.79,4.647,6.23427,20.0,52.4,1.5,annealing_T=150_h=5,absent,absent,False,20.0,1256.6370614359173,annealing_T=125_h=5,T,20260725-020716,previous_detection,user_fixed_radius,user_fixed_radius,,20260912-010115,5.256015601194499,False,3.454,0.6575,3.454,,,,,,,,,,,,0
54,1709.52,451.79,2.28403,6.91332,20.0,52.9,2.0,annealing_T=150_h=5,absent,absent,False,20.0,1256.6370614359173,annealing_T=125_h=5,T,20260725-020716,previous_detection,user_fixed_radius,user_fixed_radius,,20260912-010115,5.256015601194499,False,4.6728,1.833453,4.6728,,,,,,,,,,,,0
54,1709.52,451.79,2.09144,7.27028,20.0,53.4,2.5,annealing_T=150_h=5,absent,absent,False,20.0,1256.6370614359173,annealing_T=125_h=5,T,20260725-020716,previous_detection,user_fixed_radius,user_fixed_radius,,20260912-010115,5.256015601194499,False,4.45254,2.73937,4.45254,,,,,,,,,,,,0
54,1709.52,451.79,4.08573,7.75332,20.0,53.9,3.0,annealing_T=150_h=5,absent,absent,False,20.0,1256.6370614359173,annealing_T=125_h=5,T,20260725-020716,previous_detection,user_fixed_radius,user_fixed_radius,,20260912-010115,5.256015601194499,False,0.38736,1.5054,1.5054,,,,,,,,,,,,0
54,1709.52,451.79,9.14186,9.41086,20.0,55.9,5.0,annealing_T=150_h=5,absent,absent,False,20.0,1256.6370614359173,annealing_T=125_h=5,T,20260725-020716,previous_detection,user_fixed_radius,user_fixed_radius,,20260912-010115,5.256015601194499,False,7.22341,5.34984,7.22341,,,,,,,,,,,,0
55,1712.54,377.52,-9.04133,5.90298,20.0,51.65,0.75,annealing_T=150_h=5,absent,absent,False,20.0,1256.6370614359173,annealing_T=100_h=5,T,20260613-015321,previous_detection,user_fixed_radius,user_fixed_radius,,20260912-010115,4.01183249899593,False,4.05904,2.26729,4.05904,,,,,,,,,,,,0
55,1712.54,377.52,-9.03171,6.41023,20.0,52.4,1.5,annealing_T=150_h=5,absent,absent,False,20.0,1256.6370614359173,annealing_T=100_h=5,T,20260613-015321,previous_detection,user_fixed_radius,user_fixed_radius,,20260912-010115,4.01183249899593,False,0.47019,3.89664,3.89664,,,,,,,,,,,,0
55,1712.54,377.52,-5.90513,6.86425,20.0,52.9,2.0,annealing_T=150_h=5,absent,absent,False,20.0,1256.6370614359173,annealing_T=100_h=5,T,20260613-015321,previous_detection,user_fixed_radius,user_fixed_radius,,20260912-010115,4.01183249899593,False,8.99327,2.11543,8.99327,,,,,,,,,,,,0
55,1712.54,377.52,-8.61955,7.18454,20.0,53.4,2.5,annealing_T=150_h=5,absent,absent,False,20.0,1256.6370614359173,annealing_T=100_h=5,T,20260613-015321,previous_detection,user_fixed_radius,user_fixed_radius,,20260912-010115,4.01183249899593,False,1.03088,6.91653,6.91653,,,,,,,,,,,,0
55,1712.54,377.52,-3.29486,7.81897,20.0,53.9,3.0,annealing_T=150_h=5,absent,absent,False,20.0,1256.6370614359173,annealing_T=100_h=5,T,20260613-015321,previous_detection,user_fixed_radius,user_fixed_radius,,20260912-010115,4.01183249899593,False,1.15344,3.2296448,3.2296448,,,,,,,,,,,,0
55,1712.54,377.52,-22.0183,9.6598,20.0,55.9,5.0,annealing_T=150_h=5,absent,absent,False,20.0,1256.6370614359173,annealing_T=100_h=5,T,20260613-015321,previous_detection,user_fixed_radius,user_fixed_radius,,20260912-010115,4.01183249899593,False,4.076,7.5823,7.5823,,,,,,,,,,,,0
56,1756.1,206.05,-3.85501,5.61336,20.0,51.65,0.75,annealing_T=150_h=5,absent,absent,False,20.0,1256.6370614359173,annealing_T=100_h=5,T,20260613-015321,previous_detection,user_fixed_radius,user_fixed_radius,,20260912-010115,4.7797175648774886,False,4.10146,2.01875,4.10146,,,,,,,,,,,,0
56,1756.1,206.05,-3.02232,6.36741,20.0,52.4,1.5,annealing_T=150_h=5,absent,absent,False,20.0,1256.6370614359173,annealing_T=100_h=5,T,20260613-015321,previous_detection,user_fixed_radius,user_fixed_radius,,20260912-010115,4.7797175648774886,False,3.42223,2.47402,3.42223,,,,,,,,,,,,0
56,1756.1,206.05,-11.0838,6.6761,20.0,52.9,2.0,annealing_T=150_h=5,absent,absent,False,20.0,1256.6370614359173,annealing_T=100_h=5,T,20260613-015321,previous_detection,user_fixed_radius,user_fixed_radius,,20260912-010115,4.7797175648774886,False,12.3641,7.75912,12.3641,,,,,,,,,,,,0
56,1756.1,206.05,10.1181,6.87899,20.0,53.4,2.5,annealing_T=150_h=5,absent,absent,False,20.0,1256.6370614359173,annealing_T=100_h=5,T,20260613-015321,previous_detection,user_fixed_radius,user_fixed_radius,,20260912-010115,4.7797175648774886,False,1.6769,2.96195,2.96195,,,,,,,,,,,,0
56,1756.1,206.05,-2.29875,7.46757,20.0,53.9,3.0,annealing_T=150_h=5,absent,absent,False,20.0,1256.6370614359173,annealing_T=100_h=5,T,20260613-015321,previous_detection,user_fixed_radius,user_fixed_radius,,20260912-010115,4.7797175648774886,False,0.93689,7.49295,7.49295,,,,,,,,,,,,0
56,1756.1,206.05,-5.03072,9.09471,20.0,55.9,5.0,annealing_T=150_h=5,absent,absent,False,20.0,1256.6370614359173,annealing_T=100_h=5,T,20260613-015321,previous_detection,user_fixed_radius,user_fixed_radius,,20260912-010115,4.7797175648774886,False,8.86828,11.28557,11.28557,,,,,,,,,,,,0
57,1811.5,646.29,3.23561,5.61288,20.0,51.65,0.75,annealing_T=150_h=5,absent,absent,False,20.0,1256.6370614359173,before_annealing,T,20260516-064844,previous_detection,user_fixed_radius,user_fixed_radius,,20260912-010115,0.0,False,4.51834,0.0834,4.51834,,,,,,,,,,,,0
57,1811.5,646.29,-4.07192,6.20393,20.0,52.4,1.5,annealing_T=150_h=5,absent,absent,False,20.0,1256.6370614359173,before_annealing,T,20260516-064844,previous_detection,user_fixed_radius,user_fixed_radius,,20260912-010115,0.0,False,2.1516,2.54742,2.54742,,,,,,,,,,,,0
57,1811.5,646.29,3.19251,6.59232,20.0,52.9,2.0,annealing_T=150_h=5,absent,absent,False,20.0,1256.6370614359173,before_annealing,T,20260516-064844,previous_detection,user_fixed_radius,user_fixed_radius,,20260912-010115,0.0,False,1.04801,0.87806,1.04801,,,,,,,,,,,,0
57,1811.5,646.29,-5.47163,7.01737,20.0,53.4,2.5,annealing_T=150_h=5,absent,absent,False,20.0,1256.6370614359173,before_annealing,T,20260516-064844,previous_detection,user_fixed_radius,user_fixed_radius,,20260912-010115,0.0,False,0.69818,2.13566,2.13566,,,,,,,,,,,,0
57,1811.5,646.29,5.71025,7.61464,20.0,53.9,3.0,annealing_T=150_h=5,absent,absent,False,20.0,1256.6370614359173,before_annealing,T,20260516-064844,previous_detection,user_fixed_radius,user_fixed_radius,,20260912-010115,0.0,False,0.4227,5.85525,5.85525,,,,,,,,,,,,0
57,1811.5,646.29,18.9394,9.19251,20.0,55.9,5.0,annealing_T=150_h=5,absent,absent,False,20.0,1256.6370614359173,before_annealing,T,20260516-064844,previous_detection,user_fixed_radius,user_fixed_radius,,20260912-010115,0.0,False,0.1646,0.2881,0.2881,,,,,,,,,,,,0
58,1816.07,138.64,-1.13853,5.543,20.0,51.65,0.75,annealing_T=150_h=5,absent,absent,False,20.0,1256.6370614359173,annealing_T=125_h=5,T,20260725-020716,previous_detection,user_fixed_radius,user_fixed_radius,,20260912-010115,5.886000339789257,False,5.53337,0.442945,5.53337,,,,,,,,,,,,0
58,1816.07,138.64,1.95851,6.0354,20.0,52.4,1.5,annealing_T=150_h=5,absent,absent,False,20.0,1256.6370614359173,annealing_T=125_h=5,T,20260725-020716,previous_detection,user_fixed_radius,user_fixed_radius,,20260912-010115,5.886000339789257,False,0.91118,2.76314,2.76314,,,,,,,,,,,,0
58,1816.07,138.64,3.80754,6.53111,20.0,52.9,2.0,annealing_T=150_h=5,absent,absent,False,20.0,1256.6370614359173,annealing_T=125_h=5,T,20260725-020716,previous_detection,user_fixed_radius,user_fixed_radius,,20260912-010115,5.886000339789257,False,0.38509,3.21814,3.21814,,,,,,,,,,,,0
58,1816.07,138.64,23.4841,6.84284,20.0,53.4,2.5,annealing_T=150_h=5,absent,absent,False,20.0,1256.6370614359173,annealing_T=125_h=5,T,20260725-020716,previous_detection,user_fixed_radius,user_fixed_radius,,20260912-010115,5.886000339789257,False,4.472,3.9492,4.472,,,,,,,,,,,,0
58,1816.07,138.64,17.511,7.37286,20.0,53.9,3.0,annealing_T=150_h=5,absent,absent,False,20.0,1256.6370614359173,annealing_T=125_h=5,T,20260725-020716,previous_detection,user_fixed_radius,user_fixed_radius,,20260912-010115,5.886000339789257,False,6.3705,4.6141,6.3705,,,,,,,,,,,,0
58,1816.07,138.64,27.0314,9.0572,20.0,55.9,5.0,annealing_T=150_h=5,absent,absent,False,20.0,1256.6370614359173,annealing_T=125_h=5,T,20260725-020716,previous_detection,user_fixed_radius,user_fixed_radius,,20260912-010115,5.886000339789257,False,14.1702,3.3093,14.1702,,,,,,,,,,,,0
59,1817.54,992.63,12.8188,6.14282,20.0,51.65,0.75,annealing_T=150_h=5,absent,absent,False,20.0,1256.6370614359173,annealing_T=100_h=25,T,20260629-230214,previous_detection,user_fixed_radius,user_fixed_radius,,20260912-010115,6.257315718421166,False,1.521,3.92952,3.92952,,,,,,,,,,,,0
59,1817.54,992.63,7.10923,6.62187,20.0,52.4,1.5,annealing_T=150_h=5,absent,absent,False,20.0,1256.6370614359173,annealing_T=100_h=25,T,20260629-230214,previous_detection,user_fixed_radius,user_fixed_radius,,20260912-010115,6.257315718421166,False,1.60838,0.53319,1.60838,,,,,,,,,,,,0
59,1817.54,992.63,19.987,7.20726,20.0,52.9,2.0,annealing_T=150_h=5,absent,absent,False,20.0,1256.6370614359173,annealing_T=100_h=25,T,20260629-230214,previous_detection,user_fixed_radius,user_fixed_radius,,20260912-010115,6.257315718421166,False,0.4608,0.8788,0.8788,,,,,,,,,,,,0
59,1817.54,992.63,17.1139,7.48783,20.0,53.4,2.5,annealing_T=150_h=5,absent,absent,False,20.0,1256.6370614359173,annealing_T=100_h=25,T,20260629-230214,previous_detection,user_fixed_radius,user_fixed_radius,,20260912-010115,6.257315718421166,False,0.5853,3.8488,3.8488,,,,,,,,,,,,0
59,1817.54,992.63,23.0176,8.12121,20.0,53.9,3.0,annealing_T=150_h=5,absent,absent,False,20.0,1256.6370614359173,annealing_T=100_h=25,T,20260629-230214,previous_detection,user_fixed_radius,user_fixed_radius,,20260912-010115,6.257315718421166,False,4.7632,2.1897,4.7632,,,,,,,,,,,,0
59,1817.54,992.63,50.5567,10.0265,20.0,55.9,5.0,annealing_T=150_h=5,absent,absent,False,20.0,1256.6370614359173,annealing_T=100_h=25,T,20260629-230214,previous_detection,user_fixed_radius,user_fixed_radius,,20260912-010115,6.257315718421166,False,15.5643,1.394,15.5643,,,,,,,,,,,,0
60,1833.01,272.2,18.2534,5.95267,20.0,51.65,0.75,annealing_T=150_h=5,present,present,False,20.0,1256.6370614359173,annealing_T=150_h=5,T,20260912-010115,phase_detection,user_fixed_radius,user_fixed_radius,,20260912-010115,1.0117806086301566,False,0.488,5.9327,5.9327,2.27153,0.0274912,0.0314024,29.7854,1.21833,1.84266,4,0.460664,0,3,1.63002e-07,1
60,1833.01,272.2,73.7242,6.1138,20.0,52.4,1.5,annealing_T=150_h=5,present,present,False,20.0,1256.6370614359173,annealing_T=150_h=5,T,20260912-010115,phase_detection,user_fixed_radius,user_fixed_radius,,20260912-010115,1.0117806086301566,False,2.1215,2.9206,2.9206,2.27153,0.0274912,0.0314024,29.7854,1.21833,1.84266,4,0.460664,0,3,1.63002e-07,1
60,1833.01,272.2,150.348,6.69233,20.0,52.9,2.0,annealing_T=150_h=5,present,present,False,20.0,1256.6370614359173,annealing_T=150_h=5,T,20260912-010115,phase_detection,user_fixed_radius,user_fixed_radius,,20260912-010115,1.0117806086301566,False,2.722,1.094,2.722,2.27153,0.0274912,0.0314024,29.7854,1.21833,1.84266,4,0.460664,0,3,1.63002e-07,1
60,1833.01,272.2,232.931,7.28503,20.0,53.4,2.5,annealing_T=150_h=5,present,present,False,20.0,1256.6370614359173,annealing_T=150_h=5,T,20260912-010115,phase_detection,user_fixed_radius,user_fixed_radius,,20260912-010115,1.0117806086301566,False,0.036,2.605,2.605,2.27153,0.0274912,0.0314024,29.7854,1.21833,1.84266,4,0.460664,0,3,1.63002e-07,1
60,1833.01,272.2,360.996,7.88669,20.0,53.9,3.0,annealing_T=150_h=5,present,present,False,20.0,1256.6370614359173,annealing_T=150_h=5,T,20260912-010115,phase_detection,user_fixed_radius,user_fixed_radius,,20260912-010115,1.0117806086301566,False,1.311,11.038,11.038,2.27153,0.0274912,0.0314024,29.7854,1.21833,1.84266,4,0.460664,0,3,1.63002e-07,1
60,1833.01,272.2,1153.46,10.2999,20.0,55.9,5.0,annealing_T=150_h=5,present,present,False,20.0,1256.6370614359173,annealing_T=150_h=5,T,20260912-010115,phase_detection,user_fixed_radius,user_fixed_radius,,20260912-010115,1.0117806086301566,False,20.31,32.87,32.87,2.27153,0.0274912,0.0314024,29.7854,1.21833,1.84266,4,0.460664,0,3,1.63002e-07,1
61,1841.9,811.39,16.1425,6.09111,20.0,51.65,0.75,annealing_T=150_h=5,present,present,False,20.0,1256.6370614359173,annealing_T=150_h=5,T,20260912-010115,phase_detection,user_fixed_radius,user_fixed_radius,,20260912-010115,0.466904701197378,False,3.8131,2.0489,3.8131,1.53947,0.21935,0.123713,8.3015,2.50846,4.09352,4,1.02338,0,3,1.03981e-06,1
61,1841.9,811.39,14.7049,6.72459,20.0,52.4,1.5,annealing_T=150_h=5,present,present,False,20.0,1256.6370614359173,annealing_T=150_h=5,T,20260912-010115,phase_detection,user_fixed_radius,user_fixed_radius,,20260912-010115,0.466904701197378,False,1.9901,3.8831,3.8831,1.53947,0.21935,0.123713,8.3015,2.50846,4.09352,4,1.02338,0,3,1.03981e-06,1
61,1841.9,811.39,25.0005,7.12752,20.0,52.9,2.0,annealing_T=150_h=5,present,present,False,20.0,1256.6370614359173,annealing_T=150_h=5,T,20260912-010115,phase_detection,user_fixed_radius,user_fixed_radius,,20260912-010115,0.466904701197378,False,1.6332,0.128,1.6332,1.53947,0.21935,0.123713,8.3015,2.50846,4.09352,4,1.02338,0,3,1.03981e-06,1
61,1841.9,811.39,27.0311,7.62847,20.0,53.4,2.5,annealing_T=150_h=5,present,present,False,20.0,1256.6370614359173,annealing_T=150_h=5,T,20260912-010115,phase_detection,user_fixed_radius,user_fixed_radius,,20260912-010115,0.466904701197378,False,2.5816,5.6113,5.6113,1.53947,0.21935,0.123713,8.3015,2.50846,4.09352,4,1.02338,0,3,1.03981e-06,1
61,1841.9,811.39,44.5568,8.12853,20.0,53.9,3.0,annealing_T=150_h=5,present,present,False,20.0,1256.6370614359173,annealing_T=150_h=5,T,20260912-010115,phase_detection,user_fixed_radius,user_fixed_radius,,20260912-010115,0.466904701197378,False,4.8495,2.0381,4.8495,1.53947,0.21935,0.123713,8.3015,2.50846,4.09352,4,1.02338,0,3,1.03981e-06,1
61,1841.9,811.39,101.468,9.66013,20.0,55.9,5.0,annealing_T=150_h=5,present,present,False,20.0,1256.6370614359173,annealing_T=150_h=5,T,20260912-010115,phase_detection,user_fixed_radius,user_fixed_radius,,20260912-010115,0.466904701197378,False,2.8084,1.175,2.8084,1.53947,0.21935,0.123713,8.3015,2.50846,4.09352,4,1.02338,0,3,1.03981e-06,1
62,118.41,99.55,-3.42503,5.7785,20.0,51.65,0.75,annealing_T=150_h=5,absent,absent,False,20.0,1256.6370614359173,annealing_T=100_h=5,T,20260613-015321,previous_detection,user_fixed_radius,user_fixed_radius,,20260912-010115,0.5946427498927481,False,6.02409,4.404814,6.02409,,,,,,,,,,,,0
62,118.41,99.55,5.75508,6.46693,20.0,52.4,1.5,annealing_T=150_h=5,absent,absent,False,20.0,1256.6370614359173,annealing_T=100_h=5,T,20260613-015321,previous_detection,user_fixed_radius,user_fixed_radius,,20260912-010115,0.5946427498927481,False,6.22502,0.13695,6.22502,,,,,,,,,,,,0
62,118.41,99.55,-6.27916,6.99052,20.0,52.9,2.0,annealing_T=150_h=5,absent,absent,False,20.0,1256.6370614359173,annealing_T=100_h=5,T,20260613-015321,previous_detection,user_fixed_radius,user_fixed_radius,,20260912-010115,0.5946427498927481,False,8.30784,7.38892,8.30784,,,,,,,,,,,,0
62,118.41,99.55,12.7277,7.20137,20.0,53.4,2.5,annealing_T=150_h=5,absent,absent,False,20.0,1256.6370614359173,annealing_T=100_h=5,T,20260613-015321,previous_detection,user_fixed_radius,user_fixed_radius,,20260912-010115,0.5946427498927481,False,3.74331,2.0533,3.74331,,,,,,,,,,,,0
62,118.41,99.55,5.23015,7.92307,20.0,53.9,3.0,annealing_T=150_h=5,absent,absent,False,20.0,1256.6370614359173,annealing_T=100_h=5,T,20260613-015321,previous_detection,user_fixed_radius,user_fixed_radius,,20260912-010115,0.5946427498927481,False,6.79084,1.12695,6.79084,,,,,,,,,,,,0
62,118.41,99.55,3.34517,9.63848,20.0,55.9,5.0,annealing_T=150_h=5,absent,absent,False,20.0,1256.6370614359173,annealing_T=100_h=5,T,20260613-015321,previous_detection,user_fixed_radius,user_fixed_radius,,20260912-010115,0.5946427498927481,False,6.69687,2.00184,6.69687,,,,,,,,,,,,0
63,453.11,611.5,10.1288,5.32043,20.0,51.65,0.75,annealing_T=150_h=5,present,present,False,20.0,1256.6370614359173,annealing_T=150_h=5,T,20260912-010115,phase_detection,user_fixed_radius,user_fixed_radius,,20260912-010115,2.690501811930223,False,4.6016,3.8707,4.6016,2.83015,0.0445958,0.00669787,9.75783,0.674707,44.3023,4,11.0756,0,3,9.43618e-07,1
63,453.11,611.5,30.1962,5.90232,20.0,52.4,1.5,annealing_T=150_h=5,present,present,False,20.0,1256.6370614359173,annealing_T=150_h=5,T,20260912-010115,phase_detection,user_fixed_radius,user_fixed_radius,,20260912-010115,2.690501811930223,False,1.4956,3.1529,3.1529,2.83015,0.0445958,0.00669787,9.75783,0.674707,44.3023,4,11.0756,0,3,9.43618e-07,1
63,453.11,611.5,55.3454,6.414,20.0,52.9,2.0,annealing_T=150_h=5,present,present,False,20.0,1256.6370614359173,annealing_T=150_h=5,T,20260912-010115,phase_detection,user_fixed_radius,user_fixed_radius,,20260912-010115,2.690501811930223,False,1.2092,4.3722,4.3722,2.83015,0.0445958,0.00669787,9.75783,0.674707,44.3023,4,11.0756,0,3,9.43618e-07,1
63,453.11,611.5,104.883,6.65255,20.0,53.4,2.5,annealing_T=150_h=5,present,present,False,20.0,1256.6370614359173,annealing_T=150_h=5,T,20260912-010115,phase_detection,user_fixed_radius,user_fixed_radius,,20260912-010115,2.690501811930223,False,0.43,3.13,3.13,2.83015,0.0445958,0.00669787,9.75783,0.674707,44.3023,4,11.0756,0,3,9.43618e-07,1
63,453.11,611.5,254.296,7.39213,20.0,53.9,3.0,annealing_T=150_h=5,present,present,False,20.0,1256.6370614359173,annealing_T=150_h=5,T,20260912-010115,phase_detection,user_fixed_radius,user_fixed_radius,,20260912-010115,2.690501811930223,False,12.196,6.582,12.196,2.83015,0.0445958,0.00669787,9.75783,0.674707,44.3023,4,11.0756,0,3,9.43618e-07,1
63,453.11,611.5,924.028,9.14089,20.0,55.9,5.0,annealing_T=150_h=5,present,present,False,20.0,1256.6370614359173,annealing_T=150_h=5,T,20260912-010115,phase_detection,user_fixed_radius,user_fixed_radius,,20260912-010115,2.690501811930223,False,21.379,26.962,26.962,2.83015,0.0445958,0.00669787,9.75783,0.674707,44.3023,4,11.0756,0,3,9.43618e-07,1
64,463.51,404.45,2.10939,5.43563,20.0,51.65,0.75,annealing_T=150_h=5,absent,absent,False,20.0,1256.6370614359173,annealing_T=100_h=25,T,20260629-230214,previous_detection,user_fixed_radius,user_fixed_radius,,20260912-010115,1.2288612614937318,False,1.763197,1.85453,1.85453,,,,,,,,,,,,0
64,463.51,404.45,9.40454,5.97772,20.0,52.4,1.5,annealing_T=150_h=5,absent,absent,False,20.0,1256.6370614359173,annealing_T=100_h=25,T,20260629-230214,previous_detection,user_fixed_radius,user_fixed_radius,,20260912-010115,1.2288612614937318,False,0.59926,0.37469,0.59926,,,,,,,,,,,,0
64,463.51,404.45,16.2393,6.44191,20.0,52.9,2.0,annealing_T=150_h=5,absent,absent,False,20.0,1256.6370614359173,annealing_T=100_h=25,T,20260629-230214,previous_detection,user_fixed_radius,user_fixed_radius,,20260912-010115,1.2288612614937318,False,0.4295,4.3704,4.3704,,,,,,,,,,,,0
64,463.51,404.45,25.0683,6.74354,20.0,53.4,2.5,annealing_T=150_h=5,absent,absent,False,20.0,1256.6370614359173,annealing_T=100_h=25,T,20260629-230214,previous_detection,user_fixed_radius,user_fixed_radius,,20260912-010115,1.2288612614937318,False,4.2231,0.2736,4.2231,,,,,,,,,,,,0
64,463.51,404.45,35.713,7.26027,20.0,53.9,3.0,annealing_T=150_h=5,absent,absent,False,20.0,1256.6370614359173,annealing_T=100_h=25,T,20260629-230214,previous_detection,user_fixed_radius,user_fixed_radius,,20260912-010115,1.2288612614937318,False,4.1699,1.6142,4.1699,,,,,,,,,,,,0
64,463.51,404.45,63.6004,8.7545,20.0,55.9,5.0,annealing_T=150_h=5,absent,absent,False,20.0,1256.6370614359173,annealing_T=100_h=25,T,20260629-230214,previous_detection,user_fixed_radius,user_fixed_radius,,20260912-010115,1.2288612614937318,False,9.7201,7.7752,9.7201,,,,,,,,,,,,0
65,503.82,523.15,43.1186,5.6824,20.0,51.65,0.75,annealing_T=150_h=5,present,present,False,20.0,1256.6370614359173,annealing_T=150_h=5,T,20260912-010115,phase_detection,user_fixed_radius,user_fixed_radius,,20260912-010115,1.9313207915827757,False,0.1935,4.9361,4.9361,1.88858,0.0241652,0.0119367,48.9022,1.69957,11.0252,4,2.75631,0,3,8.27676e-07,1
65,503.82,523.15,98.5688,6.46071,20.0,52.4,1.5,annealing_T=150_h=5,present,present,False,20.0,1256.6370614359173,annealing_T=150_h=5,T,20260912-010115,phase_detection,user_fixed_radius,user_fixed_radius,,20260912-010115,1.9313207915827757,False,2.8092,2.9021,2.9021,1.88858,0.0241652,0.0119367,48.9022,1.69957,11.0252,4,2.75631,0,3,8.27676e-07,1
65,503.82,523.15,171.271,6.88734,20.0,52.9,2.0,annealing_T=150_h=5,present,present,False,20.0,1256.6370614359173,annealing_T=150_h=5,T,20260912-010115,phase_detection,user_fixed_radius,user_fixed_radius,,20260912-010115,1.9313207915827757,False,2.045,0.097,2.045,1.88858,0.0241652,0.0119367,48.9022,1.69957,11.0252,4,2.75631,0,3,8.27676e-07,1
65,503.82,523.15,276.478,7.11487,20.0,53.4,2.5,annealing_T=150_h=5,present,present,False,20.0,1256.6370614359173,annealing_T=150_h=5,T,20260912-010115,phase_detection,user_fixed_radius,user_fixed_radius,,20260912-010115,1.9313207915827757,False,6.511,3.84,6.511,1.88858,0.0241652,0.0119367,48.9022,1.69957,11.0252,4,2.75631,0,3,8.27676e-07,1
65,503.82,523.15,398.153,7.9075,20.0,53.9,3.0,annealing_T=150_h=5,present,present,False,20.0,1256.6370614359173,annealing_T=150_h=5,T,20260912-010115,phase_detection,user_fixed_radius,user_fixed_radius,,20260912-010115,1.9313207915827757,False,1.949,4.732,4.732,1.88858,0.0241652,0.0119367,48.9022,1.69957,11.0252,4,2.75631,0,3,8.27676e-07,1
65,503.82,523.15,1020.32,9.86763,20.0,55.9,5.0,annealing_T=150_h=5,present,present,False,20.0,1256.6370614359173,annealing_T=150_h=5,T,20260912-010115,phase_detection,user_fixed_radius,user_fixed_radius,,20260912-010115,1.9313207915827757,False,24.36,19.86,24.36,1.88858,0.0241652,0.0119367,48.9022,1.69957,11.0252,4,2.75631,0,3,8.27676e-07,1
66,590.52,234.72,-4.62045,5.94376,20.0,51.65,0.75,annealing_T=150_h=5,absent,absent,False,20.0,1256.6370614359173,annealing_T=75_h=5,T,20260523-062735,previous_detection,user_fixed_radius,user_fixed_radius,,20260912-010115,1.436941195734844,False,0.35538,0.92302,0.92302,,,,,,,,,,,,0
66,590.52,234.72,5.43766,6.24509,20.0,52.4,1.5,annealing_T=150_h=5,absent,absent,False,20.0,1256.6370614359173,annealing_T=75_h=5,T,20260523-062735,previous_detection,user_fixed_radius,user_fixed_radius,,20260912-010115,1.436941195734844,False,1.83216,1.12121,1.83216,,,,,,,,,,,,0
66,590.52,234.72,-7.15562,6.83282,20.0,52.9,2.0,annealing_T=150_h=5,absent,absent,False,20.0,1256.6370614359173,annealing_T=75_h=5,T,20260523-062735,previous_detection,user_fixed_radius,user_fixed_radius,,20260912-010115,1.436941195734844,False,3.30241,1.45286,3.30241,,,,,,,,,,,,0
66,590.52,234.72,7.70542,7.28919,20.0,53.4,2.5,annealing_T=150_h=5,absent,absent,False,20.0,1256.6370614359173,annealing_T=75_h=5,T,20260523-062735,previous_detection,user_fixed_radius,user_fixed_radius,,20260912-010115,1.436941195734844,False,1.07999,1.27601,1.27601,,,,,,,,,,,,0
66,590.52,234.72,-0.583115,7.98222,20.0,53.9,3.0,annealing_T=150_h=5,absent,absent,False,20.0,1256.6370614359173,annealing_T=75_h=5,T,20260523-062735,previous_detection,user_fixed_radius,user_fixed_radius,,20260912-010115,1.436941195734844,False,2.810055,0.460815,2.810055,,,,,,,,,,,,0
66,590.52,234.72,-0.584275,9.45322,20.0,55.9,5.0,annealing_T=150_h=5,absent,absent,False,20.0,1256.6370614359173,annealing_T=75_h=5,T,20260523-062735,previous_detection,user_fixed_radius,user_fixed_radius,,20260912-010115,1.436941195734844,False,2.638355,5.201005,5.201005,,,,,,,,,,,,0
67,984.2,927.79,9.90926,5.96891,20.0,51.65,0.75,annealing_T=150_h=5,absent,absent,False,20.0,1256.6370614359173,annealing_T=100_h=25,T,20260629-230214,previous_detection,user_fixed_radius,user_fixed_radius,,20260912-010115,2.090287061625867,False,0.80444,3.8085,3.8085,,,,,,,,,,,,0
67,984.2,927.79,4.22144,6.52185,20.0,52.4,1.5,annealing_T=150_h=5,absent,absent,False,20.0,1256.6370614359173,annealing_T=100_h=25,T,20260629-230214,previous_detection,user_fixed_radius,user_fixed_radius,,20260912-010115,2.090287061625867,False,4.706873,0.78056,4.706873,,,,,,,,,,,,0
67,984.2,927.79,-7.90462,7.13583,20.0,52.9,2.0,annealing_T=150_h=5,absent,absent,False,20.0,1256.6370614359173,annealing_T=100_h=25,T,20260629-230214,previous_detection,user_fixed_radius,user_fixed_radius,,20260912-010115,2.090287061625867,False,4.80388,7.576701,7.576701,,,,,,,,,,,,0
67,984.2,927.79,-10.4064,7.42368,20.0,53.4,2.5,annealing_T=150_h=5,absent,absent,False,20.0,1256.6370614359173,annealing_T=100_h=25,T,20260629-230214,previous_detection,user_fixed_radius,user_fixed_radius,,20260912-010115,2.090287061625867,False,6.0243,7.33049,7.33049,,,,,,,,,,,,0
67,984.2,927.79,9.86493,8.0972,20.0,53.9,3.0,annealing_T=150_h=5,absent,absent,False,20.0,1256.6370614359173,annealing_T=100_h=25,T,20260629-230214,previous_detection,user_fixed_radius,user_fixed_radius,,20260912-010115,2.090287061625867,False,0.71004,4.8063,4.8063,,,,,,,,,,,,0
67,984.2,927.79,16.6916,9.70497,20.0,55.9,5.0,annealing_T=150_h=5,absent,absent,False,20.0,1256.6370614359173,annealing_T=100_h=25,T,20260629-230214,previous_detection,user_fixed_radius,user_fixed_radius,,20260912-010115,2.090287061625867,False,6.2725,5.7278,6.2725,,,,,,,,,,,,0
68,1202.62,201.25,-4.8538,6.34308,20.0,51.65,0.75,annealing_T=150_h=5,absent,disappeared,False,20.0,1256.6370614359173,annealing_T=125_h=25,T,20260902-011233,previous_detection,user_fixed_radius,user_fixed_radius,,20260912-010115,3.159192934912329,False,0.63825,1.24429,1.24429,,,,,,,,,,,,0
68,1202.62,201.25,0.828046,6.29781,20.0,52.4,1.5,annealing_T=150_h=5,absent,disappeared,False,20.0,1256.6370614359173,annealing_T=125_h=25,T,20260902-011233,previous_detection,user_fixed_radius,user_fixed_radius,,20260912-010115,3.159192934912329,False,2.213894,0.459564,2.213894,,,,,,,,,,,,0
68,1202.62,201.25,-6.11034,7.12862,20.0,52.9,2.0,annealing_T=150_h=5,absent,disappeared,False,20.0,1256.6370614359173,annealing_T=125_h=25,T,20260902-011233,previous_detection,user_fixed_radius,user_fixed_radius,,20260912-010115,3.159192934912329,False,5.24646,2.13229,5.24646,,,,,,,,,,,,0
68,1202.62,201.25,4.60895,7.46185,20.0,53.4,2.5,annealing_T=150_h=5,absent,disappeared,False,20.0,1256.6370614359173,annealing_T=125_h=25,T,20260902-011233,previous_detection,user_fixed_radius,user_fixed_radius,,20260912-010115,3.159192934912329,False,2.00458,4.55016,4.55016,,,,,,,,,,,,0
68,1202.62,201.25,14.5269,8.47982,20.0,53.9,3.0,annealing_T=150_h=5,absent,disappeared,False,20.0,1256.6370614359173,annealing_T=125_h=25,T,20260902-011233,previous_detection,user_fixed_radius,user_fixed_radius,,20260912-010115,3.159192934912329,False,4.2647,8.44745,8.44745,,,,,,,,,,,,0
68,1202.62,201.25,35.6889,9.5348,20.0,55.9,5.0,annealing_T=150_h=5,absent,disappeared,False,20.0,1256.6370614359173,annealing_T=125_h=25,T,20260902-011233,previous_detection,user_fixed_radius,user_fixed_radius,,20260912-010115,3.159192934912329,False,9.0466,3.9919,9.0466,,,,,,,,,,,,0
69,1641.8,352.78,7.82867,6.03251,20.0,51.65,0.75,annealing_T=150_h=5,absent,absent,False,20.0,1256.6370614359173,annealing_T=75_h=25,T,20260602-133829,previous_detection,user_fixed_radius,user_fixed_radius,,20260912-010115,1.7084788555904753,False,3.34121,1.17705,3.34121,,,,,,,,,,,,0
69,1641.8,352.78,-2.50512,6.60702,20.0,52.4,1.5,annealing_T=150_h=5,absent,absent,False,20.0,1256.6370614359173,annealing_T=75_h=25,T,20260602-133829,previous_detection,user_fixed_radius,user_fixed_radius,,20260912-010115,1.7084788555904753,False,0.8924,1.27581,1.27581,,,,,,,,,,,,0
69,1641.8,352.78,0.434356,7.0793,20.0,52.9,2.0,annealing_T=150_h=5,absent,absent,False,20.0,1256.6370614359173,annealing_T=75_h=25,T,20260602-133829,previous_detection,user_fixed_radius,user_fixed_radius,,20260912-010115,1.7084788555904753,False,3.526046,7.352564,7.352564,,,,,,,,,,,,0
69,1641.8,352.78,3.79718,7.49918,20.0,53.4,2.5,annealing_T=150_h=5,absent,absent,False,20.0,1256.6370614359173,annealing_T=75_h=25,T,20260602-133829,previous_detection,user_fixed_radius,user_fixed_radius,,20260912-010115,1.7084788555904753,False,2.844784,2.76754,2.844784,,,,,,,,,,,,0
69,1641.8,352.78,-9.98678,8.14022,20.0,53.9,3.0,annealing_T=150_h=5,absent,absent,False,20.0,1256.6370614359173,annealing_T=75_h=25,T,20260602-133829,previous_detection,user_fixed_radius,user_fixed_radius,,20260912-010115,1.7084788555904753,False,8.93832,8.64033,8.93832,,,,,,,,,,,,0
69,1641.8,352.78,-1.00297,9.84668,20.0,55.9,5.0,annealing_T=150_h=5,absent,absent,False,20.0,1256.6370614359173,annealing_T=75_h=25,T,20260602-133829,previous_detection,user_fixed_radius,user_fixed_radius,,20260912-010115,1.7084788555904753,False,6.37315,0.11762,6.37315,,,,,,,,,,,,0
70,148.74,604.77,10.3762,5.79209,20.0,51.65,0.75,annealing_T=150_h=5,absent,absent,False,20.0,1256.6370614359173,annealing_T=125_h=5,T,20260725-020716,previous_detection,user_fixed_radius,user_fixed_radius,,20260912-010115,0.5869412236332086,False,2.1591,1.88345,2.1591,,,,,,,,,,,,0
70,148.74,604.77,2.47327,6.30637,20.0,52.4,1.5,annealing_T=150_h=5,absent,absent,False,20.0,1256.6370614359173,annealing_T=125_h=5,T,20260725-020716,previous_detection,user_fixed_radius,user_fixed_radius,,20260912-010115,0.5869412236332086,False,0.91698,1.23123,1.23123,,,,,,,,,,,,0
70,148.74,604.77,22.9078,6.91856,20.0,52.9,2.0,annealing_T=150_h=5,absent,absent,False,20.0,1256.6370614359173,annealing_T=125_h=5,T,20260725-020716,previous_detection,user_fixed_radius,user_fixed_radius,,20260912-010115,0.5869412236332086,False,6.4761,6.7022,6.7022,,,,,,,,,,,,0
70,148.74,604.77,7.84006,7.06969,20.0,53.4,2.5,annealing_T=150_h=5,absent,absent,False,20.0,1256.6370614359173,annealing_T=125_h=5,T,20260725-020716,previous_detection,user_fixed_radius,user_fixed_radius,,20260912-010115,0.5869412236332086,False,1.35607,3.79538,3.79538,,,,,,,,,,,,0
70,148.74,604.77,20.5351,7.75877,20.0,53.9,3.0,annealing_T=150_h=5,absent,absent,False,20.0,1256.6370614359173,annealing_T=125_h=5,T,20260725-020716,previous_detection,user_fixed_radius,user_fixed_radius,,20260912-010115,0.5869412236332086,False,1.002,1.9739,1.9739,,,,,,,,,,,,0
70,148.74,604.77,319.259,11.2787,20.0,55.9,5.0,annealing_T=150_h=5,absent,absent,False,20.0,1256.6370614359173,annealing_T=125_h=5,T,20260725-020716,previous_detection,user_fixed_radius,user_fixed_radius,,20260912-010115,0.5869412236332086,False,9.678,16.771,16.771,,,,,,,,,,,,0
71,149.96,225.93,7.99488,5.75456,20.0,51.65,0.75,annealing_T=150_h=5,absent,absent,False,20.0,1256.6370614359173,annealing_T=75_h=5,T,20260523-062735,previous_detection,user_fixed_radius,user_fixed_radius,,20260912-010115,,False,1.16473,3.70255,3.70255,,,,,,,,,,,,0
71,149.96,225.93,3.40446,6.27748,20.0,52.4,1.5,annealing_T=150_h=5,absent,absent,False,20.0,1256.6370614359173,annealing_T=75_h=5,T,20260523-062735,previous_detection,user_fixed_radius,user_fixed_radius,,20260912-010115,,False,1.61214,0.11268,1.61214,,,,,,,,,,,,0
71,149.96,225.93,-0.396323,6.91782,20.0,52.9,2.0,annealing_T=150_h=5,absent,absent,False,20.0,1256.6370614359173,annealing_T=75_h=5,T,20260523-062735,previous_detection,user_fixed_radius,user_fixed_radius,,20260912-010115,,False,10.220077,5.429123,10.220077,,,,,,,,,,,,0
71,149.96,225.93,7.89443,7.13534,20.0,53.4,2.5,annealing_T=150_h=5,absent,absent,False,20.0,1256.6370614359173,annealing_T=75_h=5,T,20260523-062735,previous_detection,user_fixed_radius,user_fixed_radius,,20260912-010115,,False,0.04883,7.076015,7.076015,,,,,,,,,,,,0
71,149.96,225.93,5.87513,7.66038,20.0,53.9,3.0,annealing_T=150_h=5,absent,absent,False,20.0,1256.6370614359173,annealing_T=75_h=5,T,20260523-062735,previous_detection,user_fixed_radius,user_fixed_radius,,20260912-010115,,False,7.80457,0.94369,7.80457,,,,,,,,,,,,0
71,149.96,225.93,1.46595,9.38807,20.0,55.9,5.0,annealing_T=150_h=5,absent,absent,False,20.0,1256.6370614359173,annealing_T=75_h=5,T,20260523-062735,previous_detection,user_fixed_radius,user_fixed_radius,,20260912-010115,,False,10.91791,5.53435,10.91791,,,,,,,,,,,,0
72,1779.75,616.3,1.79556,5.3989,20.0,51.65,0.75,annealing_T=150_h=5,absent,absent,False,20.0,1256.6370614359173,annealing_T=75_h=5,T,20260523-062735,previous_detection,user_fixed_radius,user_fixed_radius,,20260912-010115,,False,1.18664,2.359994,2.359994,,,,,,,,,,,,0
72,1779.75,616.3,-2.17522,6.0087,20.0,52.4,1.5,annealing_T=150_h=5,absent,absent,False,20.0,1256.6370614359173,annealing_T=75_h=5,T,20260523-062735,previous_detection,user_fixed_radius,user_fixed_radius,,20260912-010115,,False,2.89012,1.879345,2.89012,,,,,,,,,,,,0
72,1779.75,616.3,-6.02001,6.38184,20.0,52.9,2.0,annealing_T=150_h=5,absent,absent,False,20.0,1256.6370614359173,annealing_T=75_h=5,T,20260523-062735,previous_detection,user_fixed_radius,user_fixed_radius,,20260912-010115,,False,2.20856,5.357636,5.357636,,,,,,,,,,,,0
72,1779.75,616.3,-6.74298,6.66914,20.0,53.4,2.5,annealing_T=150_h=5,absent,absent,False,20.0,1256.6370614359173,annealing_T=75_h=5,T,20260523-062735,previous_detection,user_fixed_radius,user_fixed_radius,,20260912-010115,,False,0.43203,1.3346,1.3346,,,,,,,,,,,,0
72,1779.75,616.3,6.24622,7.26879,20.0,53.9,3.0,annealing_T=150_h=5,absent,absent,False,20.0,1256.6370614359173,annealing_T=75_h=5,T,20260523-062735,previous_detection,user_fixed_radius,user_fixed_radius,,20260912-010115,,False,0.29551,4.17099,4.17099,,,,,,,,,,,,0
72,1779.75,616.3,-7.90401,8.60465,20.0,55.9,5.0,annealing_T=150_h=5,absent,absent,False,20.0,1256.6370614359173,annealing_T=75_h=5,T,20260523-062735,previous_detection,user_fixed_radius,user_fixed_radius,,20260912-010115,,False,5.80451,3.99728,5.80451,,,,,,,,,,,,0
73,1108.79,383.87,-7.20694,6.2445,20.0,51.65,0.75,annealing_T=150_h=5,absent,never_detected_in_condition,False,20.0,1256.6370614359173,annealing_T=75_h=5,v,20260524-053913,cross_constant_fallback,user_fixed_radius,user_fixed_radius,,20260912-010115,,True,0.11626,5.70544,5.70544,,,,,,,,,,,,0
73,1108.79,383.87,-2.49473,7.05719,20.0,52.4,1.5,annealing_T=150_h=5,absent,never_detected_in_condition,False,20.0,1256.6370614359173,annealing_T=75_h=5,v,20260524-053913,cross_constant_fallback,user_fixed_radius,user_fixed_radius,,20260912-010115,,True,2.4767204,0.9973,2.4767204,,,,,,,,,,,,0
73,1108.79,383.87,5.71146,7.4172,20.0,52.9,2.0,annealing_T=150_h=5,absent,never_detected_in_condition,False,20.0,1256.6370614359173,annealing_T=75_h=5,v,20260524-053913,cross_constant_fallback,user_fixed_radius,user_fixed_radius,,20260912-010115,,True,2.16608,2.36035,2.36035,,,,,,,,,,,,0
73,1108.79,383.87,-7.77013,7.72539,20.0,53.4,2.5,annealing_T=150_h=5,absent,never_detected_in_condition,False,20.0,1256.6370614359173,annealing_T=75_h=5,v,20260524-053913,cross_constant_fallback,user_fixed_radius,user_fixed_radius,,20260912-010115,,True,0.62924,3.58414,3.58414,,,,,,,,,,,,0
73,1108.79,383.87,-8.8365,8.21203,20.0,53.9,3.0,annealing_T=150_h=5,absent,never_detected_in_condition,False,20.0,1256.6370614359173,annealing_T=75_h=5,v,20260524-053913,cross_constant_fallback,user_fixed_radius,user_fixed_radius,,20260912-010115,,True,0.07625,1.06931,1.06931,,,,,,,,,,,,0
73,1108.79,383.87,-8.82549,10.1069,20.0,55.9,5.0,annealing_T=150_h=5,absent,never_detected_in_condition,False,20.0,1256.6370614359173,annealing_T=75_h=5,v,20260524-053913,cross_constant_fallback,user_fixed_radius,user_fixed_radius,,20260912-010115,,True,7.31171,1.53709,7.31171,,,,,,,,,,,,0
74,792.35,460.99,-1.19348,5.80584,20.0,51.65,0.75,annealing_T=150_h=5,present,present,False,20.0,1256.6370614359173,annealing_T=150_h=5,T,20260912-010115,phase_detection,user_fixed_radius,user_fixed_radius,,20260912-010115,0.6824954212301252,False,1.37864,2.086781,2.086781,1.58934,0.221695,0.153146,6.66617,2.04796,2.03305,4,0.508262,0,3,3.00414e-07,1
74,792.35,460.99,17.4965,6.20875,20.0,52.4,1.5,annealing_T=150_h=5,present,present,False,20.0,1256.6370614359173,annealing_T=150_h=5,T,20260912-010115,phase_detection,user_fixed_radius,user_fixed_radius,,20260912-010115,0.6824954212301252,False,1.5493,0.4416,1.5493,1.58934,0.221695,0.153146,6.66617,2.04796,2.03305,4,0.508262,0,3,3.00414e-07,1
74,792.35,460.99,15.6419,6.70256,20.0,52.9,2.0,annealing_T=150_h=5,present,present,False,20.0,1256.6370614359173,annealing_T=150_h=5,T,20260912-010115,phase_detection,user_fixed_radius,user_fixed_radius,,20260912-010115,0.6824954212301252,False,3.9515,4.5974,4.5974,1.58934,0.221695,0.153146,6.66617,2.04796,2.03305,4,0.508262,0,3,3.00414e-07,1
74,792.35,460.99,29.5322,6.9827,20.0,53.4,2.5,annealing_T=150_h=5,present,present,False,20.0,1256.6370614359173,annealing_T=150_h=5,T,20260912-010115,phase_detection,user_fixed_radius,user_fixed_radius,,20260912-010115,0.6824954212301252,False,0.7722,0.0123,0.7722,1.58934,0.221695,0.153146,6.66617,2.04796,2.03305,4,0.508262,0,3,3.00414e-07,1
74,792.35,460.99,40.637,7.65246,20.0,53.9,3.0,annealing_T=150_h=5,present,present,False,20.0,1256.6370614359173,annealing_T=150_h=5,T,20260912-010115,phase_detection,user_fixed_radius,user_fixed_radius,,20260912-010115,0.6824954212301252,False,5.3628,0.5051,5.3628,1.58934,0.221695,0.153146,6.66617,2.04796,2.03305,4,0.508262,0,3,3.00414e-07,1
74,792.35,460.99,84.9561,9.41354,20.0,55.9,5.0,annealing_T=150_h=5,present,present,False,20.0,1256.6370614359173,annealing_T=150_h=5,T,20260912-010115,phase_detection,user_fixed_radius,user_fixed_radius,,20260912-010115,0.6824954212301252,False,7.4112,4.502,7.4112,1.58934,0.221695,0.153146,6.66617,2.04796,2.03305,4,0.508262,0,3,3.00414e-07,1
75,1096.46,254.52,0.2371,5.91472,20.0,51.65,0.75,annealing_T=150_h=5,absent,absent,False,20.0,1256.6370614359173,annealing_T=100_h=5,T,20260613-015321,previous_detection,user_fixed_radius,user_fixed_radius,,20260912-010115,1.1075197515167918,False,3.3034,2.09825,3.3034,,,,,,,,,,,,0
75,1096.46,254.52,-9.21351,6.51205,20.0,52.4,1.5,annealing_T=150_h=5,absent,absent,False,20.0,1256.6370614359173,annealing_T=100_h=5,T,20260613-015321,previous_detection,user_fixed_radius,user_fixed_radius,,20260912-010115,1.1075197515167918,False,0.46369,1.68934,1.68934,,,,,,,,,,,,0
75,1096.46,254.52,0.426071,7.08676,20.0,52.9,2.0,annealing_T=150_h=5,absent,absent,False,20.0,1256.6370614359173,annealing_T=100_h=5,T,20260613-015321,previous_detection,user_fixed_radius,user_fixed_radius,,20260912-010115,1.1075197515167918,False,3.488951,1.322597,3.488951,,,,,,,,,,,,0
75,1096.46,254.52,-4.57544,7.30984,20.0,53.4,2.5,annealing_T=150_h=5,absent,absent,False,20.0,1256.6370614359173,annealing_T=100_h=5,T,20260613-015321,previous_detection,user_fixed_radius,user_fixed_radius,,20260912-010115,1.1075197515167918,False,2.89163,4.160751,4.160751,,,,,,,,,,,,0
75,1096.46,254.52,-9.09686,7.86097,20.0,53.9,3.0,annealing_T=150_h=5,absent,absent,False,20.0,1256.6370614359173,annealing_T=100_h=5,T,20260613-015321,previous_detection,user_fixed_radius,user_fixed_radius,,20260912-010115,1.1075197515167918,False,7.68864,6.04533,7.68864,,,,,,,,,,,,0
75,1096.46,254.52,-9.09566,10.0266,20.0,55.9,5.0,annealing_T=150_h=5,absent,absent,False,20.0,1256.6370614359173,annealing_T=100_h=5,T,20260613-015321,previous_detection,user_fixed_radius,user_fixed_radius,,20260912-010115,1.1075197515167918,False,0.78805,3.87271,3.87271,,,,,,,,,,,,0
76,1145.53,633.05,1.14133,5.57325,20.0,51.65,0.75,annealing_T=150_h=5,absent,absent,False,20.0,1256.6370614359173,annealing_T=100_h=25,T,20260629-230214,previous_detection,user_fixed_radius,user_fixed_radius,,20260912-010115,0.2860069929214683,False,2.87637,2.44157,2.87637,,,,,,,,,,,,0
76,1145.53,633.05,-1.08539,6.2701,20.0,52.4,1.5,annealing_T=150_h=5,absent,absent,False,20.0,1256.6370614359173,annealing_T=100_h=25,T,20260629-230214,previous_detection,user_fixed_radius,user_fixed_radius,,20260912-010115,0.2860069929214683,False,5.12502,3.49717,5.12502,,,,,,,,,,,,0
76,1145.53,633.05,3.95495,6.58438,20.0,52.9,2.0,annealing_T=150_h=5,absent,absent,False,20.0,1256.6370614359173,annealing_T=100_h=25,T,20260629-230214,previous_detection,user_fixed_radius,user_fixed_radius,,20260912-010115,0.2860069929214683,False,1.58559,3.29639,3.29639,,,,,,,,,,,,0
76,1145.53,633.05,-14.6404,6.87658,20.0,53.4,2.5,annealing_T=150_h=5,absent,absent,False,20.0,1256.6370614359173,annealing_T=100_h=25,T,20260629-230214,previous_detection,user_fixed_radius,user_fixed_radius,,20260912-010115,0.2860069929214683,False,4.7787,5.10221,5.10221,,,,,,,,,,,,0
76,1145.53,633.05,-1.57119,7.52279,20.0,53.9,3.0,annealing_T=150_h=5,absent,absent,False,20.0,1256.6370614359173,annealing_T=100_h=25,T,20260629-230214,previous_detection,user_fixed_radius,user_fixed_radius,,20260912-010115,0.2860069929214683,False,0.40826,2.61605,2.61605,,,,,,,,,,,,0
76,1145.53,633.05,2.87306,9.02002,20.0,55.9,5.0,annealing_T=150_h=5,absent,absent,False,20.0,1256.6370614359173,annealing_T=100_h=25,T,20260629-230214,previous_detection,user_fixed_radius,user_fixed_radius,,20260912-010115,0.2860069929214683,False,4.38198,2.73749,4.38198,,,,,,,,,,,,0
77,1384.88,429.14,1.24468,5.46449,20.0,51.65,0.75,annealing_T=150_h=5,absent,absent,False,20.0,1256.6370614359173,annealing_T=75_h=25,T,20260602-133829,previous_detection,user_fixed_radius,user_fixed_radius,,20260912-010115,,False,3.16169,3.81247,3.81247,,,,,,,,,,,,0
77,1384.88,429.14,-1.14121,5.83098,20.0,52.4,1.5,annealing_T=150_h=5,absent,absent,False,20.0,1256.6370614359173,annealing_T=75_h=25,T,20260602-133829,previous_detection,user_fixed_radius,user_fixed_radius,,20260912-010115,,False,5.15835,0.83096,5.15835,,,,,,,,,,,,0
77,1384.88,429.14,6.30044,6.39925,20.0,52.9,2.0,annealing_T=150_h=5,absent,absent,False,20.0,1256.6370614359173,annealing_T=75_h=25,T,20260602-133829,previous_detection,user_fixed_radius,user_fixed_radius,,20260912-010115,,False,6.921183,3.53826,6.921183,,,,,,,,,,,,0
77,1384.88,429.14,-7.59335,6.62285,20.0,53.4,2.5,annealing_T=150_h=5,absent,absent,False,20.0,1256.6370614359173,annealing_T=75_h=25,T,20260602-133829,previous_detection,user_fixed_radius,user_fixed_radius,,20260912-010115,,False,0.9568,0.50971,0.9568,,,,,,,,,,,,0
77,1384.88,429.14,-6.00558,7.29635,20.0,53.9,3.0,annealing_T=150_h=5,absent,absent,False,20.0,1256.6370614359173,annealing_T=75_h=25,T,20260602-133829,previous_detection,user_fixed_radius,user_fixed_radius,,20260912-010115,,False,3.82247,6.602104,6.602104,,,,,,,,,,,,0
77,1384.88,429.14,-28.6331,8.77198,20.0,55.9,5.0,annealing_T=150_h=5,absent,absent,False,20.0,1256.6370614359173,annealing_T=75_h=25,T,20260602-133829,previous_detection,user_fixed_radius,user_fixed_radius,,20260912-010115,,False,8.7546,9.1838,9.1838,,,,,,,,,,,,0
78,1530.06,484.24,1.51652,5.76001,20.0,51.65,0.75,annealing_T=150_h=5,present,present,False,20.0,1256.6370614359173,annealing_T=150_h=5,T,20260912-010115,phase_detection,user_fixed_radius,user_fixed_radius,,20260912-010115,4.30196466745138,False,2.91897,1.54574,2.91897,2.71935,0.206489,0.0757101,2.4695,0.788594,2.85061,4,0.712652,0,3,1.35141e-07,1
78,1530.06,484.24,6.03028,6.25214,20.0,52.4,1.5,annealing_T=150_h=5,present,present,False,20.0,1256.6370614359173,annealing_T=150_h=5,T,20260912-010115,phase_detection,user_fixed_radius,user_fixed_radius,,20260912-010115,4.30196466745138,False,4.73862,0.82596,4.73862,2.71935,0.206489,0.0757101,2.4695,0.788594,2.85061,4,0.712652,0,3,1.35141e-07,1
78,1530.06,484.24,6.42674,6.92094,20.0,52.9,2.0,annealing_T=150_h=5,present,present,False,20.0,1256.6370614359173,annealing_T=150_h=5,T,20260912-010115,phase_detection,user_fixed_radius,user_fixed_radius,,20260912-010115,4.30196466745138,False,4.83706,5.01126,5.01126,2.71935,0.206489,0.0757101,2.4695,0.788594,2.85061,4,0.712652,0,3,1.35141e-07,1
78,1530.06,484.24,31.5091,7.0781,20.0,53.4,2.5,annealing_T=150_h=5,present,present,False,20.0,1256.6370614359173,annealing_T=150_h=5,T,20260912-010115,phase_detection,user_fixed_radius,user_fixed_radius,,20260912-010115,4.30196466745138,False,0.2489,2.1027,2.1027,2.71935,0.206489,0.0757101,2.4695,0.788594,2.85061,4,0.712652,0,3,1.35141e-07,1
78,1530.06,484.24,55.5901,7.87411,20.0,53.9,3.0,annealing_T=150_h=5,present,present,False,20.0,1256.6370614359173,annealing_T=150_h=5,T,20260912-010115,phase_detection,user_fixed_radius,user_fixed_radius,,20260912-010115,4.30196466745138,False,2.8436,3.454,3.454,2.71935,0.206489,0.0757101,2.4695,0.788594,2.85061,4,0.712652,0,3,1.35141e-07,1
78,1530.06,484.24,195.304,9.44827,20.0,55.9,5.0,annealing_T=150_h=5,present,present,False,20.0,1256.6370614359173,annealing_T=150_h=5,T,20260912-010115,phase_detection,user_fixed_radius,user_fixed_radius,,20260912-010115,4.30196466745138,False,2.457,5.745,5.745,2.71935,0.206489,0.0757101,2.4695,0.788594,2.85061,4,0.712652,0,3,1.35141e-07,1
79,1585.57,548.25,-3.33222,6.08095,20.0,51.65,0.75,annealing_T=150_h=5,absent,absent,False,20.0,1256.6370614359173,annealing_T=75_h=25,T,20260602-133829,previous_detection,user_fixed_radius,user_fixed_radius,,20260912-010115,,False,0.34235,3.130244,3.130244,,,,,,,,,,,,0
79,1585.57,548.25,-2.47813,6.8377,20.0,52.4,1.5,annealing_T=150_h=5,absent,absent,False,20.0,1256.6370614359173,annealing_T=75_h=25,T,20260602-133829,previous_detection,user_fixed_radius,user_fixed_radius,,20260912-010115,,False,0.43744,1.94775,1.94775,,,,,,,,,,,,0
79,1585.57,548.25,-5.47396,6.94201,20.0,52.9,2.0,annealing_T=150_h=5,absent,absent,False,20.0,1256.6370614359173,annealing_T=75_h=25,T,20260602-133829,previous_detection,user_fixed_radius,user_fixed_radius,,20260912-010115,,False,6.42014,3.15904,6.42014,,,,,,,,,,,,0
79,1585.57,548.25,-7.22028,7.50624,20.0,53.4,2.5,annealing_T=150_h=5,absent,absent,False,20.0,1256.6370614359173,annealing_T=75_h=25,T,20260602-133829,previous_detection,user_fixed_radius,user_fixed_radius,,20260912-010115,,False,2.74533,1.75766,2.74533,,,,,,,,,,,,0
79,1585.57,548.25,-12.7723,8.28545,20.0,53.9,3.0,annealing_T=150_h=5,absent,absent,False,20.0,1256.6370614359173,annealing_T=75_h=25,T,20260602-133829,previous_detection,user_fixed_radius,user_fixed_radius,,20260912-010115,,False,0.0285,3.14943,3.14943,,,,,,,,,,,,0
79,1585.57,548.25,-10.8903,9.91442,20.0,55.9,5.0,annealing_T=150_h=5,absent,absent,False,20.0,1256.6370614359173,annealing_T=75_h=25,T,20260602-133829,previous_detection,user_fixed_radius,user_fixed_radius,,20260912-010115,,False,2.68419,6.30886,6.30886,,,,,,,,,,,,0
80,713.62,108.48,-3.2971,6.07485,20.0,51.65,0.75,annealing_T=150_h=5,absent,absent,False,20.0,1256.6370614359173,annealing_T=100_h=25,T,20260629-230214,previous_detection,user_fixed_radius,user_fixed_radius,,20260912-010115,0.3482814953453741,False,2.5857,0.61416,2.5857,,,,,,,,,,,,0
80,713.62,108.48,0.325968,6.60027,20.0,52.4,1.5,annealing_T=150_h=5,absent,absent,False,20.0,1256.6370614359173,annealing_T=100_h=25,T,20260629-230214,previous_detection,user_fixed_radius,user_fixed_radius,,20260912-010115,0.3482814953453741,False,4.216698,2.655872,4.216698,,,,,,,,,,,,0
80,713.62,108.48,-6.22278,7.10633,20.0,52.9,2.0,annealing_T=150_h=5,absent,absent,False,20.0,1256.6370614359173,annealing_T=100_h=25,T,20260629-230214,previous_detection,user_fixed_radius,user_fixed_radius,,20260912-010115,0.3482814953453741,False,3.1277,2.49771,3.1277,,,,,,,,,,,,0
80,713.62,108.48,-3.29891,7.66518,20.0,53.4,2.5,annealing_T=150_h=5,absent,absent,False,20.0,1256.6370614359173,annealing_T=100_h=25,T,20260629-230214,previous_detection,user_fixed_radius,user_fixed_radius,,20260912-010115,0.3482814953453741,False,0.17756,2.784004,2.784004,,,,,,,,,,,,0
80,713.62,108.48,8.5734,7.98883,20.0,53.9,3.0,annealing_T=150_h=5,absent,absent,False,20.0,1256.6370614359173,annealing_T=100_h=25,T,20260629-230214,previous_detection,user_fixed_radius,user_fixed_radius,,20260912-010115,0.3482814953453741,False,1.46471,1.25157,1.46471,,,,,,,,,,,,0
80,713.62,108.48,15.7859,9.58693,20.0,55.9,5.0,annealing_T=150_h=5,absent,absent,False,20.0,1256.6370614359173,annealing_T=100_h=25,T,20260629-230214,previous_detection,user_fixed_radius,user_fixed_radius,,20260912-010115,0.3482814953453741,False,3.2952,3.613,3.613,,,,,,,,,,,,0
81,796.6,317.5,10.7192,5.87062,20.0,51.65,0.75,annealing_T=150_h=5,absent,absent,False,20.0,1256.6370614359173,annealing_T=100_h=5,T,20260613-015321,previous_detection,user_fixed_radius,user_fixed_radius,,20260912-010115,,False,0.7263,0.0287,0.7263,,,,,,,,,,,,0
81,796.6,317.5,4.83901,6.39888,20.0,52.4,1.5,annealing_T=150_h=5,absent,absent,False,20.0,1256.6370614359173,annealing_T=100_h=5,T,20260613-015321,previous_detection,user_fixed_radius,user_fixed_radius,,20260912-010115,,False,3.35653,2.97286,3.35653,,,,,,,,,,,,0
81,796.6,317.5,-4.49218,7.08528,20.0,52.9,2.0,annealing_T=150_h=5,absent,absent,False,20.0,1256.6370614359173,annealing_T=100_h=5,T,20260613-015321,previous_detection,user_fixed_radius,user_fixed_radius,,20260912-010115,,False,9.02272,1.77773,9.02272,,,,,,,,,,,,0
81,796.6,317.5,-5.95496,7.40966,20.0,53.4,2.5,annealing_T=150_h=5,absent,absent,False,20.0,1256.6370614359173,annealing_T=100_h=5,T,20260613-015321,previous_detection,user_fixed_radius,user_fixed_radius,,20260912-010115,,False,1.22188,2.08946,2.08946,,,,,,,,,,,,0
81,796.6,317.5,0.921505,7.96875,20.0,53.9,3.0,annealing_T=150_h=5,absent,absent,False,20.0,1256.6370614359173,annealing_T=100_h=5,T,20260613-015321,previous_detection,user_fixed_radius,user_fixed_radius,,20260912-010115,,False,2.227795,0.8514311,2.227795,,,,,,,,,,,,0
81,796.6,317.5,-16.7059,9.91203,20.0,55.9,5.0,annealing_T=150_h=5,absent,absent,False,20.0,1256.6370614359173,annealing_T=100_h=5,T,20260613-015321,previous_detection,user_fixed_radius,user_fixed_radius,,20260912-010115,,False,8.4483,3.1116,8.4483,,,,,,,,,,,,0
82,1441.49,322.27,0.681439,5.59704,20.0,51.65,0.75,annealing_T=150_h=5,absent,absent,False,20.0,1256.6370614359173,annealing_T=100_h=25,T,20260629-230214,previous_detection,user_fixed_radius,user_fixed_radius,,20260912-010115,1.113058848399341,False,2.425661,0.560007,2.425661,,,,,,,,,,,,0
82,1441.49,322.27,13.8243,6.17686,20.0,52.4,1.5,annealing_T=150_h=5,absent,absent,False,20.0,1256.6370614359173,annealing_T=100_h=25,T,20260629-230214,previous_detection,user_fixed_radius,user_fixed_radius,,20260912-010115,1.113058848399341,False,2.2873,4.98406,4.98406,,,,,,,,,,,,0
82,1441.49,322.27,-1.1222,6.63739,20.0,52.9,2.0,annealing_T=150_h=5,absent,absent,False,20.0,1256.6370614359173,annealing_T=100_h=25,T,20260629-230214,previous_detection,user_fixed_radius,user_fixed_radius,,20260912-010115,1.113058848399341,False,4.39654,1.479154,4.39654,,,,,,,,,,,,0
82,1441.49,322.27,0.0589025,6.89509,20.0,53.4,2.5,annealing_T=150_h=5,absent,absent,False,20.0,1256.6370614359173,annealing_T=100_h=25,T,20260629-230214,previous_detection,user_fixed_radius,user_fixed_radius,,20260912-010115,1.113058848399341,False,0.3761705,0.1301811,0.3761705,,,,,,,,,,,,0
82,1441.49,322.27,-3.02179,7.46343,20.0,53.9,3.0,annealing_T=150_h=5,absent,absent,False,20.0,1256.6370614359173,annealing_T=100_h=25,T,20260629-230214,previous_detection,user_fixed_radius,user_fixed_radius,,20260912-010115,1.113058848399341,False,8.73551,6.1303,8.73551,,,,,,,,,,,,0
82,1441.49,322.27,13.5901,8.99968,20.0,55.9,5.0,annealing_T=150_h=5,absent,absent,False,20.0,1256.6370614359173,annealing_T=100_h=25,T,20260629-230214,previous_detection,user_fixed_radius,user_fixed_radius,,20260912-010115,1.113058848399341,False,6.7622,1.4068,6.7622,,,,,,,,,,,,0
83,1463.83,150.32,-2.82135,6.45083,20.0,51.65,0.75,annealing_T=150_h=5,present,present,False,20.0,1256.6370614359173,annealing_T=150_h=5,T,20260912-010115,phase_detection,user_fixed_radius,user_fixed_radius,,20260912-010115,2.577925522586007,False,0.77186,2.13404,2.13404,1.92761,0.138379,0.0667696,8.56052,1.7213,1.83804,4,0.45951,0,3,7.36068e-06,1
83,1463.83,150.32,17.971,6.81371,20.0,52.4,1.5,annealing_T=150_h=5,present,present,False,20.0,1256.6370614359173,annealing_T=150_h=5,T,20260912-010115,phase_detection,user_fixed_radius,user_fixed_radius,,20260912-010115,2.577925522586007,False,0.5331,0.6956,0.6956,1.92761,0.138379,0.0667696,8.56052,1.7213,1.83804,4,0.45951,0,3,7.36068e-06,1
83,1463.83,150.32,32.1217,7.37566,20.0,52.9,2.0,annealing_T=150_h=5,present,present,False,20.0,1256.6370614359173,annealing_T=150_h=5,T,20260912-010115,phase_detection,user_fixed_radius,user_fixed_radius,,20260912-010115,2.577925522586007,False,3.4874,0.6486,3.4874,1.92761,0.138379,0.0667696,8.56052,1.7213,1.83804,4,0.45951,0,3,7.36068e-06,1
83,1463.83,150.32,49.6481,7.81082,20.0,53.4,2.5,annealing_T=150_h=5,present,present,False,20.0,1256.6370614359173,annealing_T=150_h=5,T,20260912-010115,phase_detection,user_fixed_radius,user_fixed_radius,,20260912-010115,2.577925522586007,False,2.344,0.6855,2.344,1.92761,0.138379,0.0667696,8.56052,1.7213,1.83804,4,0.45951,0,3,7.36068e-06,1
83,1463.83,150.32,76.1523,8.4345,20.0,53.9,3.0,annealing_T=150_h=5,present,present,False,20.0,1256.6370614359173,annealing_T=150_h=5,T,20260912-010115,phase_detection,user_fixed_radius,user_fixed_radius,,20260912-010115,2.577925522586007,False,0.1724,2.3178,2.3178,1.92761,0.138379,0.0667696,8.56052,1.7213,1.83804,4,0.45951,0,3,7.36068e-06,1
83,1463.83,150.32,188.681,10.3716,20.0,55.9,5.0,annealing_T=150_h=5,present,present,False,20.0,1256.6370614359173,annealing_T=150_h=5,T,20260912-010115,phase_detection,user_fixed_radius,user_fixed_radius,,20260912-010115,2.577925522586007,False,2.684,7.159,7.159,1.92761,0.138379,0.0667696,8.56052,1.7213,1.83804,4,0.45951,0,3,7.36068e-06,1
84,1745.63,663.68,9.38245,5.46575,20.0,51.65,0.75,annealing_T=150_h=5,absent,disappeared,False,20.0,1256.6370614359173,annealing_T=125_h=25,T,20260902-011233,previous_detection,user_fixed_radius,user_fixed_radius,,20260912-010115,1.868100639687419,False,0.03046,1.3995,1.3995,,,,,,,,,,,,0
84,1745.63,663.68,18.401,5.83204,20.0,52.4,1.5,annealing_T=150_h=5,absent,disappeared,False,20.0,1256.6370614359173,annealing_T=125_h=25,T,20260902-011233,previous_detection,user_fixed_radius,user_fixed_radius,,20260912-010115,1.868100639687419,False,2.4875,5.6382,5.6382,,,,,,,,,,,,0
84,1745.63,663.68,36.6879,6.27142,20.0,52.9,2.0,annealing_T=150_h=5,absent,disappeared,False,20.0,1256.6370614359173,annealing_T=125_h=25,T,20260902-011233,previous_detection,user_fixed_radius,user_fixed_radius,,20260912-010115,1.868100639687419,False,2.418,0.266,2.418,,,,,,,,,,,,0
84,1745.63,663.68,60.0605,6.66424,20.0,53.4,2.5,annealing_T=150_h=5,absent,disappeared,False,20.0,1256.6370614359173,annealing_T=125_h=25,T,20260902-011233,previous_detection,user_fixed_radius,user_fixed_radius,,20260912-010115,1.868100639687419,False,0.6521,1.3793,1.3793,,,,,,,,,,,,0
84,1745.63,663.68,78.0311,7.28726,20.0,53.9,3.0,annealing_T=150_h=5,absent,disappeared,False,20.0,1256.6370614359173,annealing_T=125_h=25,T,20260902-011233,previous_detection,user_fixed_radius,user_fixed_radius,,20260912-010115,1.868100639687419,False,3.2723,1.1997,3.2723,,,,,,,,,,,,0
84,1745.63,663.68,171.665,8.94354,20.0,55.9,5.0,annealing_T=150_h=5,absent,disappeared,False,20.0,1256.6370614359173,annealing_T=125_h=25,T,20260902-011233,previous_detection,user_fixed_radius,user_fixed_radius,,20260912-010115,1.868100639687419,False,4.491,5.073,5.073,,,,,,,,,,,,0
85,193.48,138.46,3.63583,5.95011,20.0,51.65,0.75,annealing_T=150_h=5,present,present,False,20.0,1256.6370614359173,annealing_T=150_h=5,T,20260912-010115,phase_detection,user_fixed_radius,user_fixed_radius,,20260912-010115,3.620842443410102,False,1.97645,0.99817,1.97645,1.75337,0.107496,0.0317878,12.328,1.88654,5.24957,4,1.31239,0,3,3.92961e-08,1
85,193.48,138.46,30.615,6.42599,20.0,52.4,1.5,annealing_T=150_h=5,present,present,False,20.0,1256.6370614359173,annealing_T=150_h=5,T,20260912-010115,phase_detection,user_fixed_radius,user_fixed_radius,,20260912-010115,3.620842443410102,False,10.5398,7.7439,10.5398,1.75337,0.107496,0.0317878,12.328,1.88654,5.24957,4,1.31239,0,3,3.92961e-08,1
85,193.48,138.46,29.3119,6.94876,20.0,52.9,2.0,annealing_T=150_h=5,present,present,False,20.0,1256.6370614359173,annealing_T=150_h=5,T,20260912-010115,phase_detection,user_fixed_radius,user_fixed_radius,,20260912-010115,3.620842443410102,False,7.3091,6.4418,7.3091,1.75337,0.107496,0.0317878,12.328,1.88654,5.24957,4,1.31239,0,3,3.92961e-08,1
85,193.48,138.46,68.276,7.23875,20.0,53.4,2.5,annealing_T=150_h=5,present,present,False,20.0,1256.6370614359173,annealing_T=150_h=5,T,20260912-010115,phase_detection,user_fixed_radius,user_fixed_radius,,20260912-010115,3.620842443410102,False,3.5807,2.0674,3.5807,1.75337,0.107496,0.0317878,12.328,1.88654,5.24957,4,1.31239,0,3,3.92961e-08,1
85,193.48,138.46,86.981,7.97341,20.0,53.9,3.0,annealing_T=150_h=5,present,present,False,20.0,1256.6370614359173,annealing_T=150_h=5,T,20260912-010115,phase_detection,user_fixed_radius,user_fixed_radius,,20260912-010115,3.620842443410102,False,4.6214,4.2474,4.6214,1.75337,0.107496,0.0317878,12.328,1.88654,5.24957,4,1.31239,0,3,3.92961e-08,1
85,193.48,138.46,205.827,9.60429,20.0,55.9,5.0,annealing_T=150_h=5,present,present,False,20.0,1256.6370614359173,annealing_T=150_h=5,T,20260912-010115,phase_detection,user_fixed_radius,user_fixed_radius,,20260912-010115,3.620842443410102,False,2.384,8.376,8.376,1.75337,0.107496,0.0317878,12.328,1.88654,5.24957,4,1.31239,0,3,3.92961e-08,1
86,230.7,250.16,-2.25014,5.92399,20.0,51.65,0.75,annealing_T=150_h=5,absent,absent,False,20.0,1256.6370614359173,annealing_T=100_h=25,T,20260629-230214,previous_detection,user_fixed_radius,user_fixed_radius,,20260912-010115,,False,1.407226,0.1899,1.407226,,,,,,,,,,,,0
86,230.7,250.16,-2.81608,6.55896,20.0,52.4,1.5,annealing_T=150_h=5,absent,absent,False,20.0,1256.6370614359173,annealing_T=100_h=25,T,20260629-230214,previous_detection,user_fixed_radius,user_fixed_radius,,20260912-010115,,False,5.73908,2.489789,5.73908,,,,,,,,,,,,0
86,230.7,250.16,2.47681,7.20089,20.0,52.9,2.0,annealing_T=150_h=5,absent,absent,False,20.0,1256.6370614359173,annealing_T=100_h=25,T,20260629-230214,previous_detection,user_fixed_radius,user_fixed_radius,,20260912-010115,,False,0.69367,0.79413,0.79413,,,,,,,,,,,,0
86,230.7,250.16,-8.79795,7.37817,20.0,53.4,2.5,annealing_T=150_h=5,absent,absent,False,20.0,1256.6370614359173,annealing_T=100_h=25,T,20260629-230214,previous_detection,user_fixed_radius,user_fixed_radius,,20260912-010115,,False,2.79165,0.74392,2.79165,,,,,,,,,,,,0
86,230.7,250.16,-11.0033,7.94681,20.0,53.9,3.0,annealing_T=150_h=5,absent,absent,False,20.0,1256.6370614359173,annealing_T=100_h=25,T,20260629-230214,previous_detection,user_fixed_radius,user_fixed_radius,,20260912-010115,,False,1.13825,2.36859,2.36859,,,,,,,,,,,,0
86,230.7,250.16,-17.4961,9.68497,20.0,55.9,5.0,annealing_T=150_h=5,absent,absent,False,20.0,1256.6370614359173,annealing_T=100_h=25,T,20260629-230214,previous_detection,user_fixed_radius,user_fixed_radius,,20260912-010115,,False,6.959,7.91425,7.91425,,,,,,,,,,,,0
87,257.2,137.75,6.8899,5.70483,20.0,51.65,0.75,annealing_T=150_h=5,present,present,False,20.0,1256.6370614359173,annealing_T=150_h=5,T,20260912-010115,phase_detection,user_fixed_radius,user_fixed_radius,,20260912-010115,3.1045933711196376,False,5.28088,1.43931,5.28088,1.83969,0.117816,0.0629042,10.2628,1.74062,1.37531,4,0.343827,0,3,6.82058e-07,1
87,257.2,137.75,27.6165,6.10989,20.0,52.4,1.5,annealing_T=150_h=5,present,present,False,20.0,1256.6370614359173,annealing_T=150_h=5,T,20260912-010115,phase_detection,user_fixed_radius,user_fixed_radius,,20260912-010115,3.1045933711196376,False,5.403,2.3246,5.403,1.83969,0.117816,0.0629042,10.2628,1.74062,1.37531,4,0.343827,0,3,6.82058e-07,1
87,257.2,137.75,35.77,6.65183,20.0,52.9,2.0,annealing_T=150_h=5,present,present,False,20.0,1256.6370614359173,annealing_T=150_h=5,T,20260912-010115,phase_detection,user_fixed_radius,user_fixed_radius,,20260912-010115,3.1045933711196376,False,6.8085,0.9277,6.8085,1.83969,0.117816,0.0629042,10.2628,1.74062,1.37531,4,0.343827,0,3,6.82058e-07,1
87,257.2,137.75,54.3165,7.08921,20.0,53.4,2.5,annealing_T=150_h=5,present,present,False,20.0,1256.6370614359173,annealing_T=150_h=5,T,20260912-010115,phase_detection,user_fixed_radius,user_fixed_radius,,20260912-010115,3.1045933711196376,False,0.7067,2.8268,2.8268,1.83969,0.117816,0.0629042,10.2628,1.74062,1.37531,4,0.343827,0,3,6.82058e-07,1
87,257.2,137.75,73.1732,7.5954,20.0,53.9,3.0,annealing_T=150_h=5,present,present,False,20.0,1256.6370614359173,annealing_T=150_h=5,T,20260912-010115,phase_detection,user_fixed_radius,user_fixed_radius,,20260912-010115,3.1045933711196376,False,5.7468,1.1484,5.7468,1.83969,0.117816,0.0629042,10.2628,1.74062,1.37531,4,0.343827,0,3,6.82058e-07,1
87,257.2,137.75,199.946,9.15533,20.0,55.9,5.0,annealing_T=150_h=5,present,present,False,20.0,1256.6370614359173,annealing_T=150_h=5,T,20260912-010115,phase_detection,user_fixed_radius,user_fixed_radius,,20260912-010115,3.1045933711196376,False,5.794,2.43,5.794,1.83969,0.117816,0.0629042,10.2628,1.74062,1.37531,4,0.343827,0,3,6.82058e-07,1
88,375.03,1006.37,18.6764,6.63628,20.0,51.65,0.75,annealing_T=150_h=5,present,reappeared,False,20.0,1256.6370614359173,annealing_T=150_h=5,T,20260912-010115,phase_detection,user_fixed_radius,user_fixed_radius,,20260912-010115,4.465557076110428,False,1.8991,0.5944,1.8991,1.26902,0.350405,0.186458,7.75937,3.53961,6.94384,4,1.73596,0,3,5.20777e-09,1
88,375.03,1006.37,6.82661,7.28865,20.0,52.4,1.5,annealing_T=150_h=5,present,reappeared,False,20.0,1256.6370614359173,annealing_T=150_h=5,T,20260912-010115,phase_detection,user_fixed_radius,user_fixed_radius,,20260912-010115,4.465557076110428,False,0.95506,3.69279,3.69279,1.26902,0.350405,0.186458,7.75937,3.53961,6.94384,4,1.73596,0,3,5.20777e-09,1
88,375.03,1006.37,20.0918,7.66546,20.0,52.9,2.0,annealing_T=150_h=5,present,reappeared,False,20.0,1256.6370614359173,annealing_T=150_h=5,T,20260912-010115,phase_detection,user_fixed_radius,user_fixed_radius,,20260912-010115,4.465557076110428,False,3.0617,0.4759,3.0617,1.26902,0.350405,0.186458,7.75937,3.53961,6.94384,4,1.73596,0,3,5.20777e-09,1
88,375.03,1006.37,13.2671,8.6304,20.0,53.4,2.5,annealing_T=150_h=5,present,reappeared,False,20.0,1256.6370614359173,annealing_T=150_h=5,T,20260912-010115,phase_detection,user_fixed_radius,user_fixed_radius,,20260912-010115,4.465557076110428,False,5.66743,0.474,5.66743,1.26902,0.350405,0.186458,7.75937,3.53961,6.94384,4,1.73596,0,3,5.20777e-09,1
88,375.03,1006.37,36.7347,9.38344,20.0,53.9,3.0,annealing_T=150_h=5,present,reappeared,False,20.0,1256.6370614359173,annealing_T=150_h=5,T,20260912-010115,phase_detection,user_fixed_radius,user_fixed_radius,,20260912-010115,4.465557076110428,False,1.1315,5.4973,5.4973,1.26902,0.350405,0.186458,7.75937,3.53961,6.94384,4,1.73596,0,3,5.20777e-09,1
88,375.03,1006.37,62.3676,10.6338,20.0,55.9,5.0,annealing_T=150_h=5,present,reappeared,False,20.0,1256.6370614359173,annealing_T=150_h=5,T,20260912-010115,phase_detection,user_fixed_radius,user_fixed_radius,,20260912-010115,4.465557076110428,False,0.6654,0.3266,0.6654,1.26902,0.350405,0.186458,7.75937,3.53961,6.94384,4,1.73596,0,3,5.20777e-09,1
89,561.76,289.73,17.7891,5.72691,20.0,51.65,0.75,annealing_T=150_h=5,present,present,False,20.0,1256.6370614359173,annealing_T=150_h=5,T,20260912-010115,phase_detection,user_fixed_radius,user_fixed_radius,,20260912-010115,1.4169333082400055,False,2.2881,5.3311,5.3311,1.7544,0.0650371,0.0702,20.2176,1.86371,3.63203,4,0.908009,0,3,1.13531e-06,1
89,561.76,289.73,44.62,6.27927,20.0,52.4,1.5,annealing_T=150_h=5,present,present,False,20.0,1256.6370614359173,annealing_T=150_h=5,T,20260912-010115,phase_detection,user_fixed_radius,user_fixed_radius,,20260912-010115,1.4169333082400055,False,2.8181,2.1101,2.8181,1.7544,0.0650371,0.0702,20.2176,1.86371,3.63203,4,0.908009,0,3,1.13531e-06,1
89,561.76,289.73,59.7783,6.70773,20.0,52.9,2.0,annealing_T=150_h=5,present,present,False,20.0,1256.6370614359173,annealing_T=150_h=5,T,20260912-010115,phase_detection,user_fixed_radius,user_fixed_radius,,20260912-010115,1.4169333082400055,False,4.4787,4.0064,4.4787,1.7544,0.0650371,0.0702,20.2176,1.86371,3.63203,4,0.908009,0,3,1.13531e-06,1
89,561.76,289.73,106.28,7.03272,20.0,53.4,2.5,annealing_T=150_h=5,present,present,False,20.0,1256.6370614359173,annealing_T=150_h=5,T,20260912-010115,phase_detection,user_fixed_radius,user_fixed_radius,,20260912-010115,1.4169333082400055,False,0.437,1.148,1.148,1.7544,0.0650371,0.0702,20.2176,1.86371,3.63203,4,0.908009,0,3,1.13531e-06,1
89,561.76,289.73,135.538,7.57843,20.0,53.9,3.0,annealing_T=150_h=5,present,present,False,20.0,1256.6370614359173,annealing_T=150_h=5,T,20260912-010115,phase_detection,user_fixed_radius,user_fixed_radius,,20260912-010115,1.4169333082400055,False,2.022,1.382,2.022,1.7544,0.0650371,0.0702,20.2176,1.86371,3.63203,4,0.908009,0,3,1.13531e-06,1
89,561.76,289.73,341.525,9.40549,20.0,55.9,5.0,annealing_T=150_h=5,present,present,False,20.0,1256.6370614359173,annealing_T=150_h=5,T,20260912-010115,phase_detection,user_fixed_radius,user_fixed_radius,,20260912-010115,1.4169333082400055,False,10.93,11.062,11.062,1.7544,0.0650371,0.0702,20.2176,1.86371,3.63203,4,0.908009,0,3,1.13531e-06,1
90,747.58,906.29,17.9594,5.81441,20.0,51.65,0.75,annealing_T=150_h=5,present,reappeared,False,20.0,1256.6370614359173,annealing_T=150_h=5,T,20260912-010115,phase_detection,user_fixed_radius,user_fixed_radius,,20260912-010115,2.686931335185164,False,6.8636,2.7277,6.8636,1.44169,0.137001,0.08756,14.005,2.58926,3.14958,4,0.787396,0,3,3.86116e-08,1
90,747.58,906.29,27.2742,6.60705,20.0,52.4,1.5,annealing_T=150_h=5,present,reappeared,False,20.0,1256.6370614359173,annealing_T=150_h=5,T,20260912-010115,phase_detection,user_fixed_radius,user_fixed_radius,,20260912-010115,2.686931335185164,False,9.4227,0.7063,9.4227,1.44169,0.137001,0.08756,14.005,2.58926,3.14958,4,0.787396,0,3,3.86116e-08,1
90,747.58,906.29,36.6444,7.05271,20.0,52.9,2.0,annealing_T=150_h=5,present,reappeared,False,20.0,1256.6370614359173,annealing_T=150_h=5,T,20260912-010115,phase_detection,user_fixed_radius,user_fixed_radius,,20260912-010115,2.686931335185164,False,1.2773,2.6105,2.6105,1.44169,0.137001,0.08756,14.005,2.58926,3.14958,4,0.787396,0,3,3.86116e-08,1
90,747.58,906.29,48.7217,7.43523,20.0,53.4,2.5,annealing_T=150_h=5,present,reappeared,False,20.0,1256.6370614359173,annealing_T=150_h=5,T,20260912-010115,phase_detection,user_fixed_radius,user_fixed_radius,,20260912-010115,2.686931335185164,False,0.838,1.269,1.269,1.44169,0.137001,0.08756,14.005,2.58926,3.14958,4,0.787396,0,3,3.86116e-08,1
90,747.58,906.29,63.6217,7.94963,20.0,53.9,3.0,annealing_T=150_h=5,present,reappeared,False,20.0,1256.6370614359173,annealing_T=150_h=5,T,20260912-010115,phase_detection,user_fixed_radius,user_fixed_radius,,20260912-010115,2.686931335185164,False,0.9953,0.0875,0.9953,1.44169,0.137001,0.08756,14.005,2.58926,3.14958,4,0.787396,0,3,3.86116e-08,1
90,747.58,906.29,146.483,9.64585,20.0,55.9,5.0,annealing_T=150_h=5,present,reappeared,False,20.0,1256.6370614359173,annealing_T=150_h=5,T,20260912-010115,phase_detection,user_fixed_radius,user_fixed_radius,,20260912-010115,2.686931335185164,False,0.532,3.596,3.596,1.44169,0.137001,0.08756,14.005,2.58926,3.14958,4,0.787396,0,3,3.86116e-08,1
91,791.9,989.49,17.6735,5.84523,20.0,51.65,0.75,annealing_T=150_h=5,present,reappeared,False,20.0,1256.6370614359173,annealing_T=150_h=5,T,20260912-010115,phase_detection,user_fixed_radius,user_fixed_radius,,20260912-010115,3.000066665925943,False,2.1305,1.0503,2.1305,1.50623,0.081865,0.0291102,20.6782,2.30398,3.21351,4,0.803377,0,3,1.26022e-07,1
91,791.9,989.49,38.8884,6.15421,20.0,52.4,1.5,annealing_T=150_h=5,present,reappeared,False,20.0,1256.6370614359173,annealing_T=150_h=5,T,20260912-010115,phase_detection,user_fixed_radius,user_fixed_radius,,20260912-010115,3.000066665925943,False,8.5629,1.176,8.5629,1.50623,0.081865,0.0291102,20.6782,2.30398,3.21351,4,0.803377,0,3,1.26022e-07,1
91,791.9,989.49,65.8992,6.76204,20.0,52.9,2.0,annealing_T=150_h=5,present,reappeared,False,20.0,1256.6370614359173,annealing_T=150_h=5,T,20260912-010115,phase_detection,user_fixed_radius,user_fixed_radius,,20260912-010115,3.000066665925943,False,0.6297,6.7088,6.7088,1.50623,0.081865,0.0291102,20.6782,2.30398,3.21351,4,0.803377,0,3,1.26022e-07,1
91,791.9,989.49,76.3842,7.12357,20.0,53.4,2.5,annealing_T=150_h=5,present,reappeared,False,20.0,1256.6370614359173,annealing_T=150_h=5,T,20260912-010115,phase_detection,user_fixed_radius,user_fixed_radius,,20260912-010115,3.000066665925943,False,2.1183,4.8862,4.8862,1.50623,0.081865,0.0291102,20.6782,2.30398,3.21351,4,0.803377,0,3,1.26022e-07,1
91,791.9,989.49,101.579,7.77111,20.0,53.9,3.0,annealing_T=150_h=5,present,reappeared,False,20.0,1256.6370614359173,annealing_T=150_h=5,T,20260912-010115,phase_detection,user_fixed_radius,user_fixed_radius,,20260912-010115,3.000066665925943,False,2.84,2.8272,2.84,1.50623,0.081865,0.0291102,20.6782,2.30398,3.21351,4,0.803377,0,3,1.26022e-07,1
91,791.9,989.49,237.23,9.51175,20.0,55.9,5.0,annealing_T=150_h=5,present,reappeared,False,20.0,1256.6370614359173,annealing_T=150_h=5,T,20260912-010115,phase_detection,user_fixed_radius,user_fixed_radius,,20260912-010115,3.000066665925943,False,6.968,11.913,11.913,1.50623,0.081865,0.0291102,20.6782,2.30398,3.21351,4,0.803377,0,3,1.26022e-07,1
92,1093.64,322.88,2.54243,8.7744,20.0,51.65,0.75,annealing_T=150_h=5,present,present,False,20.0,1256.6370614359173,annealing_T=150_h=5,T,20260912-010115,phase_detection,user_fixed_radius,user_fixed_radius,,20260912-010115,1.6710774967068542,False,1.08833,3.34988,3.34988,1.25188,0.243953,0.040941,11.4247,3.59746,3.78787,4,0.946966,0,3,2.05843e-06,1
92,1093.64,322.88,12.1559,9.15905,20.0,52.4,1.5,annealing_T=150_h=5,present,present,False,20.0,1256.6370614359173,annealing_T=150_h=5,T,20260912-010115,phase_detection,user_fixed_radius,user_fixed_radius,,20260912-010115,1.6710774967068542,False,1.1922,1.9456,1.9456,1.25188,0.243953,0.040941,11.4247,3.59746,3.78787,4,0.946966,0,3,2.05843e-06,1
92,1093.64,322.88,26.4615,9.47442,20.0,52.9,2.0,annealing_T=150_h=5,present,present,False,20.0,1256.6370614359173,annealing_T=150_h=5,T,20260912-010115,phase_detection,user_fixed_radius,user_fixed_radius,,20260912-010115,1.6710774967068542,False,1.4915,0.7229,1.4915,1.25188,0.243953,0.040941,11.4247,3.59746,3.78787,4,0.946966,0,3,2.05843e-06,1
92,1093.64,322.88,52.502,10.137,20.0,53.4,2.5,annealing_T=150_h=5,present,present,False,20.0,1256.6370614359173,annealing_T=150_h=5,T,20260912-010115,phase_detection,user_fixed_radius,user_fixed_radius,,20260912-010115,1.6710774967068542,False,0.8483,7.4596,7.4596,1.25188,0.243953,0.040941,11.4247,3.59746,3.78787,4,0.946966,0,3,2.05843e-06,1
92,1093.64,322.88,42.2134,8.89099,20.0,53.9,3.0,annealing_T=150_h=5,present,present,False,20.0,1256.6370614359173,annealing_T=150_h=5,T,20260912-010115,phase_detection,user_fixed_radius,user_fixed_radius,,20260912-010115,1.6710774967068542,False,0.4259,1.0425,1.0425,1.25188,0.243953,0.040941,11.4247,3.59746,3.78787,4,0.946966,0,3,2.05843e-06,1
92,1093.64,322.88,82.0419,13.4135,20.0,55.9,5.0,annealing_T=150_h=5,present,present,False,20.0,1256.6370614359173,annealing_T=150_h=5,T,20260912-010115,phase_detection,user_fixed_radius,user_fixed_radius,,20260912-010115,1.6710774967068542,False,2.8798,2.3765,2.8798,1.25188,0.243953,0.040941,11.4247,3.59746,3.78787,4,0.946966,0,3,2.05843e-06,1
93,1438.19,629.43,-1.22052,5.41831,20.0,51.65,0.75,annealing_T=150_h=5,absent,absent,False,20.0,1256.6370614359173,annealing_T=100_h=25,T,20260629-230214,previous_detection,user_fixed_radius,user_fixed_radius,,20260912-010115,,False,2.205321,3.00662,3.00662,,,,,,,,,,,,0
93,1438.19,629.43,-5.55828,6.01804,20.0,52.4,1.5,annealing_T=150_h=5,absent,absent,False,20.0,1256.6370614359173,annealing_T=100_h=25,T,20260629-230214,previous_detection,user_fixed_radius,user_fixed_radius,,20260912-010115,,False,1.33191,4.55176,4.55176,,,,,,,,,,,,0
93,1438.19,629.43,14.6481,6.51499,20.0,52.9,2.0,annealing_T=150_h=5,absent,absent,False,20.0,1256.6370614359173,annealing_T=100_h=25,T,20260629-230214,previous_detection,user_fixed_radius,user_fixed_radius,,20260912-010115,,False,0.0082,5.27649,5.27649,,,,,,,,,,,,0
93,1438.19,629.43,3.87271,6.89885,20.0,53.4,2.5,annealing_T=150_h=5,absent,absent,False,20.0,1256.6370614359173,annealing_T=100_h=25,T,20260629-230214,previous_detection,user_fixed_radius,user_fixed_radius,,20260912-010115,,False,1.93993,3.89431,3.89431,,,,,,,,,,,,0
93,1438.19,629.43,4.18544,7.34451,20.0,53.9,3.0,annealing_T=150_h=5,absent,absent,False,20.0,1256.6370614359173,annealing_T=100_h=25,T,20260629-230214,previous_detection,user_fixed_radius,user_fixed_radius,,20260912-010115,,False,4.348134,1.41113,4.348134,,,,,,,,,,,,0
93,1438.19,629.43,52.6254,8.87836,20.0,55.9,5.0,annealing_T=150_h=5,absent,absent,False,20.0,1256.6370614359173,annealing_T=100_h=25,T,20260629-230214,previous_detection,user_fixed_radius,user_fixed_radius,,20260912-010115,,False,2.6623,6.7266,6.7266,,,,,,,,,,,,0
94,1484.38,785.27,9.52975,5.3377,20.0,51.65,0.75,annealing_T=150_h=5,present,present,False,20.0,1256.6370614359173,annealing_T=150_h=5,T,20260912-010115,phase_detection,user_fixed_radius,user_fixed_radius,,20260912-010115,3.6723834222477714,False,3.91795,1.88275,3.91795,1.22487,0.269392,0.0694562,7.69697,2.66433,0.725725,4,0.181431,0,3,3.38658e-08,1
94,1484.38,785.27,11.0677,5.76813,20.0,52.4,1.5,annealing_T=150_h=5,present,present,False,20.0,1256.6370614359173,annealing_T=150_h=5,T,20260912-010115,phase_detection,user_fixed_radius,user_fixed_radius,,20260912-010115,3.6723834222477714,False,2.3887,0.2284,2.3887,1.22487,0.269392,0.0694562,7.69697,2.66433,0.725725,4,0.181431,0,3,3.38658e-08,1
94,1484.38,785.27,17.0902,6.44294,20.0,52.9,2.0,annealing_T=150_h=5,present,present,False,20.0,1256.6370614359173,annealing_T=150_h=5,T,20260912-010115,phase_detection,user_fixed_radius,user_fixed_radius,,20260912-010115,3.6723834222477714,False,5.1566,0.1491,5.1566,1.22487,0.269392,0.0694562,7.69697,2.66433,0.725725,4,0.181431,0,3,3.38658e-08,1
94,1484.38,785.27,22.79,6.52173,20.0,53.4,2.5,annealing_T=150_h=5,present,present,False,20.0,1256.6370614359173,annealing_T=150_h=5,T,20260912-010115,phase_detection,user_fixed_radius,user_fixed_radius,,20260912-010115,3.6723834222477714,False,3.6811,0.268,3.6811,1.22487,0.269392,0.0694562,7.69697,2.66433,0.725725,4,0.181431,0,3,3.38658e-08,1
94,1484.38,785.27,29.303,7.23051,20.0,53.9,3.0,annealing_T=150_h=5,present,present,False,20.0,1256.6370614359173,annealing_T=150_h=5,T,20260912-010115,phase_detection,user_fixed_radius,user_fixed_radius,,20260912-010115,3.6723834222477714,False,2.6529,2.3757,2.6529,1.22487,0.269392,0.0694562,7.69697,2.66433,0.725725,4,0.181431,0,3,3.38658e-08,1
94,1484.38,785.27,56.4205,8.76638,20.0,55.9,5.0,annealing_T=150_h=5,present,present,False,20.0,1256.6370614359173,annealing_T=150_h=5,T,20260912-010115,phase_detection,user_fixed_radius,user_fixed_radius,,20260912-010115,3.6723834222477714,False,1.9366,3.0351,3.0351,1.22487,0.269392,0.0694562,7.69697,2.66433,0.725725,4,0.181431,0,3,3.38658e-08,1
95,667.76,232.44,-4.06521,6.05884,20.0,51.65,0.75,annealing_T=150_h=5,absent,absent,False,20.0,1256.6370614359173,annealing_T=125_h=5,T,20260725-020716,previous_detection,user_fixed_radius,user_fixed_radius,,20260912-010115,,False,0.0604,0.23779,0.23779,,,,,,,,,,,,0
95,667.76,232.44,1.6098,6.39165,20.0,52.4,1.5,annealing_T=150_h=5,absent,absent,False,20.0,1256.6370614359173,annealing_T=125_h=5,T,20260725-020716,previous_detection,user_fixed_radius,user_fixed_radius,,20260912-010115,,False,3.07585,1.367082,3.07585,,,,,,,,,,,,0
95,667.76,232.44,-12.0679,6.92209,20.0,52.9,2.0,annealing_T=150_h=5,absent,absent,False,20.0,1256.6370614359173,annealing_T=125_h=5,T,20260725-020716,previous_detection,user_fixed_radius,user_fixed_radius,,20260912-010115,,False,4.872,4.05528,4.872,,,,,,,,,,,,0
95,667.76,232.44,3.1883,7.1386,20.0,53.4,2.5,annealing_T=150_h=5,absent,absent,False,20.0,1256.6370614359173,annealing_T=125_h=5,T,20260725-020716,previous_detection,user_fixed_radius,user_fixed_radius,,20260912-010115,,False,2.54694,1.99306,2.54694,,,,,,,,,,,,0
95,667.76,232.44,-6.77555,7.90245,20.0,53.9,3.0,annealing_T=150_h=5,absent,absent,False,20.0,1256.6370614359173,annealing_T=125_h=5,T,20260725-020716,previous_detection,user_fixed_radius,user_fixed_radius,,20260912-010115,,False,3.20054,3.08621,3.20054,,,,,,,,,,,,0
95,667.76,232.44,-9.38041,9.72463,20.0,55.9,5.0,annealing_T=150_h=5,absent,absent,False,20.0,1256.6370614359173,annealing_T=125_h=5,T,20260725-020716,previous_detection,user_fixed_radius,user_fixed_radius,,20260912-010115,,False,3.11179,6.30826,6.30826,,,,,,,,,,,,0
96,747.43,87.76,-3.71263,5.35387,20.0,51.65,0.75,annealing_T=150_h=5,absent,absent,False,20.0,1256.6370614359173,annealing_T=125_h=5,T,20260725-020716,previous_detection,user_fixed_radius,user_fixed_radius,,20260912-010115,,False,1.31472,0.58805,1.31472,,,,,,,,,,,,0
96,747.43,87.76,3.11314,6.0715,20.0,52.4,1.5,annealing_T=150_h=5,absent,absent,False,20.0,1256.6370614359173,annealing_T=125_h=5,T,20260725-020716,previous_detection,user_fixed_radius,user_fixed_radius,,20260912-010115,,False,0.53816,3.2020316,3.2020316,,,,,,,,,,,,0
96,747.43,87.76,1.70428,6.4873,20.0,52.9,2.0,annealing_T=150_h=5,absent,absent,False,20.0,1256.6370614359173,annealing_T=125_h=5,T,20260725-020716,previous_detection,user_fixed_radius,user_fixed_radius,,20260912-010115,,False,1.461614,1.484479,1.484479,,,,,,,,,,,,0
96,747.43,87.76,4.09477,6.60016,20.0,53.4,2.5,annealing_T=150_h=5,absent,absent,False,20.0,1256.6370614359173,annealing_T=125_h=5,T,20260725-020716,previous_detection,user_fixed_radius,user_fixed_radius,,20260912-010115,,False,4.85765,0.81965,4.85765,,,,,,,,,,,,0
96,747.43,87.76,4.02619,7.29506,20.0,53.9,3.0,annealing_T=150_h=5,absent,absent,False,20.0,1256.6370614359173,annealing_T=125_h=5,T,20260725-020716,previous_detection,user_fixed_radius,user_fixed_radius,,20260912-010115,,False,4.692985,2.08768,4.692985,,,,,,,,,,,,0
96,747.43,87.76,19.703,8.77981,20.0,55.9,5.0,annealing_T=150_h=5,absent,absent,False,20.0,1256.6370614359173,annealing_T=125_h=5,T,20260725-020716,previous_detection,user_fixed_radius,user_fixed_radius,,20260912-010115,,False,2.9362,5.6182,5.6182,,,,,,,,,,,,0
97,811.13,736.44,0.424381,5.74103,20.0,51.65,0.75,annealing_T=150_h=5,absent,absent,False,20.0,1256.6370614359173,annealing_T=125_h=5,T,20260725-020716,previous_detection,user_fixed_radius,user_fixed_radius,,20260912-010115,,False,7.931039,1.656021,7.931039,,,,,,,,,,,,0
97,811.13,736.44,-2.05039,6.11341,20.0,52.4,1.5,annealing_T=150_h=5,absent,absent,False,20.0,1256.6370614359173,annealing_T=125_h=5,T,20260725-020716,previous_detection,user_fixed_radius,user_fixed_radius,,20260912-010115,,False,10.07891,0.75085,10.07891,,,,,,,,,,,,0
97,811.13,736.44,-0.447838,6.78715,20.0,52.9,2.0,annealing_T=150_h=5,absent,absent,False,20.0,1256.6370614359173,annealing_T=125_h=5,T,20260725-020716,previous_detection,user_fixed_radius,user_fixed_radius,,20260912-010115,,False,6.056892,3.248258,6.056892,,,,,,,,,,,,0
97,811.13,736.44,-9.84864,7.1312,20.0,53.4,2.5,annealing_T=150_h=5,absent,absent,False,20.0,1256.6370614359173,annealing_T=125_h=5,T,20260725-020716,previous_detection,user_fixed_radius,user_fixed_radius,,20260912-010115,,False,4.53286,5.92835,5.92835,,,,,,,,,,,,0
97,811.13,736.44,-7.49959,7.63674,20.0,53.9,3.0,annealing_T=150_h=5,absent,absent,False,20.0,1256.6370614359173,annealing_T=125_h=5,T,20260725-020716,previous_detection,user_fixed_radius,user_fixed_radius,,20260912-010115,,False,3.17451,2.83664,3.17451,,,,,,,,,,,,0
97,811.13,736.44,-13.9838,9.2825,20.0,55.9,5.0,annealing_T=150_h=5,absent,absent,False,20.0,1256.6370614359173,annealing_T=125_h=5,T,20260725-020716,previous_detection,user_fixed_radius,user_fixed_radius,,20260912-010115,,False,9.1199,8.80246,9.1199,,,,,,,,,,,,0
98,928.88,207.71,-3.55818,5.79227,20.0,51.65,0.75,annealing_T=150_h=5,present,present,False,20.0,1256.6370614359173,annealing_T=150_h=5,T,20260912-010115,phase_detection,user_fixed_radius,user_fixed_radius,,20260912-010115,1.197747886660636,False,2.12613,2.817935,2.817935,2.32692,0.178361,0.11505,4.22669,1.13906,6.10953,4,1.52738,0,3,3.37722e-07,1
98,928.88,207.71,1.46033,6.56538,20.0,52.4,1.5,annealing_T=150_h=5,present,present,False,20.0,1256.6370614359173,annealing_T=150_h=5,T,20260912-010115,phase_detection,user_fixed_radius,user_fixed_radius,,20260912-010115,1.197747886660636,False,3.26862,3.60559,3.60559,2.32692,0.178361,0.11505,4.22669,1.13906,6.10953,4,1.52738,0,3,3.37722e-07,1
98,928.88,207.71,20.7804,6.89759,20.0,52.9,2.0,annealing_T=150_h=5,present,present,False,20.0,1256.6370614359173,annealing_T=150_h=5,T,20260912-010115,phase_detection,user_fixed_radius,user_fixed_radius,,20260912-010115,1.197747886660636,False,3.4982,4.2062,4.2062,2.32692,0.178361,0.11505,4.22669,1.13906,6.10953,4,1.52738,0,3,3.37722e-07,1
98,928.88,207.71,47.7904,7.29049,20.0,53.4,2.5,annealing_T=150_h=5,present,present,False,20.0,1256.6370614359173,annealing_T=150_h=5,T,20260912-010115,phase_detection,user_fixed_radius,user_fixed_radius,,20260912-010115,1.197747886660636,False,2.8798,4.9233,4.9233,2.32692,0.178361,0.11505,4.22669,1.13906,6.10953,4,1.52738,0,3,3.37722e-07,1
98,928.88,207.71,50.1522,7.91731,20.0,53.9,3.0,annealing_T=150_h=5,present,present,False,20.0,1256.6370614359173,annealing_T=150_h=5,T,20260912-010115,phase_detection,user_fixed_radius,user_fixed_radius,,20260912-010115,1.197747886660636,False,7.2831,1.7151,7.2831,2.32692,0.178361,0.11505,4.22669,1.13906,6.10953,4,1.52738,0,3,3.37722e-07,1
98,928.88,207.71,178.085,9.60159,20.0,55.9,5.0,annealing_T=150_h=5,present,present,False,20.0,1256.6370614359173,annealing_T=150_h=5,T,20260912-010115,phase_detection,user_fixed_radius,user_fixed_radius,,20260912-010115,1.197747886660636,False,1.371,5.209,5.209,2.32692,0.178361,0.11505,4.22669,1.13906,6.10953,4,1.52738,0,3,3.37722e-07,1
99,1454.6,498.83,-5.88546,5.65582,20.0,51.65,0.75,annealing_T=150_h=5,absent,absent,False,20.0,1256.6370614359173,annealing_T=125_h=5,T,20260725-020716,previous_detection,user_fixed_radius,user_fixed_radius,,20260912-010115,,False,1.07541,2.32877,2.32877,,,,,,,,,,,,0
99,1454.6,498.83,3.07043,6.09215,20.0,52.4,1.5,annealing_T=150_h=5,absent,absent,False,20.0,1256.6370614359173,annealing_T=125_h=5,T,20260725-020716,previous_detection,user_fixed_radius,user_fixed_radius,,20260912-010115,,False,0.21115,1.30178,1.30178,,,,,,,,,,,,0
99,1454.6,498.83,7.91813,6.54711,20.0,52.9,2.0,annealing_T=150_h=5,absent,absent,False,20.0,1256.6370614359173,annealing_T=125_h=5,T,20260725-020716,previous_detection,user_fixed_radius,user_fixed_radius,,20260912-010115,,False,5.4752,2.67475,5.4752,,,,,,,,,,,,0
99,1454.6,498.83,14.0315,6.86661,20.0,53.4,2.5,annealing_T=150_h=5,absent,absent,False,20.0,1256.6370614359173,annealing_T=125_h=5,T,20260725-020716,previous_detection,user_fixed_radius,user_fixed_radius,,20260912-010115,,False,0.5217,1.7274,1.7274,,,,,,,,,,,,0
99,1454.6,498.83,1.97713,7.63988,20.0,53.9,3.0,annealing_T=150_h=5,absent,absent,False,20.0,1256.6370614359173,annealing_T=125_h=5,T,20260725-020716,previous_detection,user_fixed_radius,user_fixed_radius,,20260912-010115,,False,3.28746,4.07205,4.07205,,,,,,,,,,,,0
99,1454.6,498.83,7.71075,9.09696,20.0,55.9,5.0,annealing_T=150_h=5,absent,absent,False,20.0,1256.6370614359173,annealing_T=125_h=5,T,20260725-020716,previous_detection,user_fixed_radius,user_fixed_radius,,20260912-010115,,False,10.3609,11.86565,11.86565,,,,,,,,,,,,0
100,1564.85,884.44,12.1209,5.79237,20.0,51.65,0.75,annealing_T=150_h=5,present,present,False,20.0,1256.6370614359173,annealing_T=150_h=5,T,20260912-010115,phase_detection,user_fixed_radius,user_fixed_radius,,20260912-010115,3.929592854227864,False,4.5421,0.7162,4.5421,1.60339,0.147863,0.0146582,10.332,2.1249,1.77809,4,0.444521,0,3,5.58355e-09,1
100,1564.85,884.44,17.2812,6.29223,20.0,52.4,1.5,annealing_T=150_h=5,present,present,False,20.0,1256.6370614359173,annealing_T=150_h=5,T,20260912-010115,phase_detection,user_fixed_radius,user_fixed_radius,,20260912-010115,3.929592854227864,False,0.5486,1.7348,1.7348,1.60339,0.147863,0.0146582,10.332,2.1249,1.77809,4,0.444521,0,3,5.58355e-09,1
100,1564.85,884.44,27.0671,6.90067,20.0,52.9,2.0,annealing_T=150_h=5,present,present,False,20.0,1256.6370614359173,annealing_T=150_h=5,T,20260912-010115,phase_detection,user_fixed_radius,user_fixed_radius,,20260912-010115,3.929592854227864,False,6.06,0.7263,6.06,1.60339,0.147863,0.0146582,10.332,2.1249,1.77809,4,0.444521,0,3,5.58355e-09,1
100,1564.85,884.44,44.867,7.04082,20.0,53.4,2.5,annealing_T=150_h=5,present,present,False,20.0,1256.6370614359173,annealing_T=150_h=5,T,20260912-010115,phase_detection,user_fixed_radius,user_fixed_radius,,20260912-010115,3.929592854227864,False,2.5934,0.7265,2.5934,1.60339,0.147863,0.0146582,10.332,2.1249,1.77809,4,0.444521,0,3,5.58355e-09,1
100,1564.85,884.44,64.3281,7.85794,20.0,53.9,3.0,annealing_T=150_h=5,present,present,False,20.0,1256.6370614359173,annealing_T=150_h=5,T,20260912-010115,phase_detection,user_fixed_radius,user_fixed_radius,,20260912-010115,3.929592854227864,False,2.9277,0.4572,2.9277,1.60339,0.147863,0.0146582,10.332,2.1249,1.77809,4,0.444521,0,3,5.58355e-09,1
100,1564.85,884.44,135.764,9.40913,20.0,55.9,5.0,annealing_T=150_h=5,present,present,False,20.0,1256.6370614359173,annealing_T=150_h=5,T,20260912-010115,phase_detection,user_fixed_radius,user_fixed_radius,,20260912-010115,3.929592854227864,False,7.762,4.656,7.762,1.60339,0.147863,0.0146582,10.332,2.1249,1.77809,4,0.444521,0,3,5.58355e-09,1
101,1604.52,809.4,19.9618,5.56562,20.0,51.65,0.75,annealing_T=150_h=5,present,present,False,20.0,1256.6370614359173,annealing_T=150_h=5,T,20260912-010115,phase_detection,user_fixed_radius,user_fixed_radius,,20260912-010115,4.01240576213314,False,10.2368,4.1541,10.2368,2.39351,0.0272397,0.0359715,25.1369,1.03278,11.4963,4,2.87409,0,3,5.83072e-07,1
101,1604.52,809.4,68.2101,5.75894,20.0,52.4,1.5,annealing_T=150_h=5,present,present,False,20.0,1256.6370614359173,annealing_T=150_h=5,T,20260912-010115,phase_detection,user_fixed_radius,user_fixed_radius,,20260912-010115,4.01240576213314,False,1.9238,3.3701,3.3701,2.39351,0.0272397,0.0359715,25.1369,1.03278,11.4963,4,2.87409,0,3,5.83072e-07,1
101,1604.52,809.4,147.677,6.3066,20.0,52.9,2.0,annealing_T=150_h=5,present,present,False,20.0,1256.6370614359173,annealing_T=150_h=5,T,20260912-010115,phase_detection,user_fixed_radius,user_fixed_radius,,20260912-010115,4.01240576213314,False,6.168,3.805,6.168,2.39351,0.0272397,0.0359715,25.1369,1.03278,11.4963,4,2.87409,0,3,5.83072e-07,1
101,1604.52,809.4,220.153,6.73262,20.0,53.4,2.5,annealing_T=150_h=5,present,present,False,20.0,1256.6370614359173,annealing_T=150_h=5,T,20260912-010115,phase_detection,user_fixed_radius,user_fixed_radius,,20260912-010115,4.01240576213314,False,2.854,2.001,2.854,2.39351,0.0272397,0.0359715,25.1369,1.03278,11.4963,4,2.87409,0,3,5.83072e-07,1
101,1604.52,809.4,335.993,7.49701,20.0,53.9,3.0,annealing_T=150_h=5,present,present,False,20.0,1256.6370614359173,annealing_T=150_h=5,T,20260912-010115,phase_detection,user_fixed_radius,user_fixed_radius,,20260912-010115,4.01240576213314,False,8.911,5.673,8.911,2.39351,0.0272397,0.0359715,25.1369,1.03278,11.4963,4,2.87409,0,3,5.83072e-07,1
101,1604.52,809.4,1187.23,9.38002,20.0,55.9,5.0,annealing_T=150_h=5,present,present,False,20.0,1256.6370614359173,annealing_T=150_h=5,T,20260912-010115,phase_detection,user_fixed_radius,user_fixed_radius,,20260912-010115,4.01240576213314,False,33.46,52.14,52.14,2.39351,0.0272397,0.0359715,25.1369,1.03278,11.4963,4,2.87409,0,3,5.83072e-07,1
102,1824.83,901.88,-1.5552,5.77444,20.0,51.65,0.75,annealing_T=150_h=5,absent,disappeared,False,20.0,1256.6370614359173,annealing_T=125_h=25,T,20260902-011233,previous_detection,user_fixed_radius,user_fixed_radius,,20260912-010115,2.814693589007457,False,1.26278,1.268702,1.268702,,,,,,,,,,,,0
102,1824.83,901.88,1.90831,6.12786,20.0,52.4,1.5,annealing_T=150_h=5,absent,disappeared,False,20.0,1256.6370614359173,annealing_T=125_h=25,T,20260902-011233,previous_detection,user_fixed_radius,user_fixed_radius,,20260912-010115,2.814693589007457,False,0.12902,0.90763,0.90763,,,,,,,,,,,,0
102,1824.83,901.88,9.97155,6.82444,20.0,52.9,2.0,annealing_T=150_h=5,absent,disappeared,False,20.0,1256.6370614359173,annealing_T=125_h=25,T,20260902-011233,previous_detection,user_fixed_radius,user_fixed_radius,,20260912-010115,2.814693589007457,False,8.83716,1.34796,8.83716,,,,,,,,,,,,0
102,1824.83,901.88,-7.81408,7.11904,20.0,53.4,2.5,annealing_T=150_h=5,absent,disappeared,False,20.0,1256.6370614359173,annealing_T=125_h=25,T,20260902-011233,previous_detection,user_fixed_radius,user_fixed_radius,,20260912-010115,2.814693589007457,False,3.83122,0.54025,3.83122,,,,,,,,,,,,0
102,1824.83,901.88,15.9492,7.83226,20.0,53.9,3.0,annealing_T=150_h=5,absent,disappeared,False,20.0,1256.6370614359173,annealing_T=125_h=25,T,20260902-011233,previous_detection,user_fixed_radius,user_fixed_radius,,20260912-010115,2.814693589007457,False,4.1347,3.1499,4.1347,,,,,,,,,,,,0
102,1824.83,901.88,17.1471,9.37468,20.0,55.9,5.0,annealing_T=150_h=5,absent,disappeared,False,20.0,1256.6370614359173,annealing_T=125_h=25,T,20260902-011233,previous_detection,user_fixed_radius,user_fixed_radius,,20260912-010115,2.814693589007457,False,7.56825,6.0053,7.56825,,,,,,,,,,,,0
103,412.11,210.67,0.794357,5.86823,20.0,51.65,0.75,annealing_T=150_h=5,absent,disappeared,False,20.0,1256.6370614359173,annealing_T=125_h=25,T,20260902-011233,previous_detection,user_fixed_radius,user_fixed_radius,,20260912-010115,,False,7.421657,0.029502,7.421657,,,,,,,,,,,,0
103,412.11,210.67,-8.25382,6.51139,20.0,52.4,1.5,annealing_T=150_h=5,absent,disappeared,False,20.0,1256.6370614359173,annealing_T=125_h=25,T,20260902-011233,previous_detection,user_fixed_radius,user_fixed_radius,,20260912-010115,,False,0.15666,2.78007,2.78007,,,,,,,,,,,,0
103,412.11,210.67,-10.3171,7.362,20.0,52.9,2.0,annealing_T=150_h=5,absent,disappeared,False,20.0,1256.6370614359173,annealing_T=125_h=25,T,20260902-011233,previous_detection,user_fixed_radius,user_fixed_radius,,20260912-010115,,False,4.9934,5.08341,5.08341,,,,,,,,,,,,0
103,412.11,210.67,3.50078,7.58586,20.0,53.4,2.5,annealing_T=150_h=5,absent,disappeared,False,20.0,1256.6370614359173,annealing_T=125_h=25,T,20260902-011233,previous_detection,user_fixed_radius,user_fixed_radius,,20260912-010115,,False,0.37626,0.2161,0.37626,,,,,,,,,,,,0
103,412.11,210.67,7.92029,8.06789,20.0,53.9,3.0,annealing_T=150_h=5,absent,disappeared,False,20.0,1256.6370614359173,annealing_T=125_h=25,T,20260902-011233,previous_detection,user_fixed_radius,user_fixed_radius,,20260912-010115,,False,3.10755,6.04887,6.04887,,,,,,,,,,,,0
103,412.11,210.67,-25.4058,9.83901,20.0,55.9,5.0,annealing_T=150_h=5,absent,disappeared,False,20.0,1256.6370614359173,annealing_T=125_h=25,T,20260902-011233,previous_detection,user_fixed_radius,user_fixed_radius,,20260912-010115,,False,7.6659,11.2822,11.2822,,,,,,,,,,,,0
104,556.93,914.98,2.84141,5.70825,20.0,51.65,0.75,annealing_T=150_h=5,absent,disappeared,False,20.0,1256.6370614359173,annealing_T=125_h=25,T,20260902-011233,previous_detection,user_fixed_radius,user_fixed_radius,,20260912-010115,,False,1.17446,0.14357,1.17446,,,,,,,,,,,,0
104,556.93,914.98,4.96572,6.30213,20.0,52.4,1.5,annealing_T=150_h=5,absent,disappeared,False,20.0,1256.6370614359173,annealing_T=125_h=25,T,20260902-011233,previous_detection,user_fixed_radius,user_fixed_radius,,20260912-010115,,False,3.06617,3.57067,3.57067,,,,,,,,,,,,0
104,556.93,914.98,10.5667,6.70464,20.0,52.9,2.0,annealing_T=150_h=5,absent,disappeared,False,20.0,1256.6370614359173,annealing_T=125_h=25,T,20260902-011233,previous_detection,user_fixed_radius,user_fixed_radius,,20260912-010115,,False,3.0213,0.4065,3.0213,,,,,,,,,,,,0
104,556.93,914.98,-0.106053,6.91319,20.0,53.4,2.5,annealing_T=150_h=5,absent,disappeared,False,20.0,1256.6370614359173,annealing_T=125_h=25,T,20260902-011233,previous_detection,user_fixed_radius,user_fixed_radius,,20260912-010115,,False,2.307607,2.998313,2.998313,,,,,,,,,,,,0
104,556.93,914.98,17.3743,7.57272,20.0,53.9,3.0,annealing_T=150_h=5,absent,disappeared,False,20.0,1256.6370614359173,annealing_T=125_h=25,T,20260902-011233,previous_detection,user_fixed_radius,user_fixed_radius,,20260912-010115,,False,2.1544,4.3438,4.3438,,,,,,,,,,,,0
104,556.93,914.98,58.6143,9.16227,20.0,55.9,5.0,annealing_T=150_h=5,absent,disappeared,False,20.0,1256.6370614359173,annealing_T=125_h=25,T,20260902-011233,previous_detection,user_fixed_radius,user_fixed_radius,,20260912-010115,,False,5.0087,1.2188,5.0087,,,,,,,,,,,,0
105,1237.35,901.22,4.24103,6.10924,20.0,51.65,0.75,annealing_T=150_h=5,present,present,False,20.0,1256.6370614359173,annealing_T=150_h=5,T,20260912-010115,phase_detection,user_fixed_radius,user_fixed_radius,,20260912-010115,0.5544366510252241,False,3.68869,0.30456,3.68869,1.62912,0.213198,0.0504376,7.22866,2.15961,2.09606,4,0.524015,0,3,7.66229e-07,1
105,1237.35,901.22,8.514,6.75056,20.0,52.4,1.5,annealing_T=150_h=5,present,present,False,20.0,1256.6370614359173,annealing_T=150_h=5,T,20260912-010115,phase_detection,user_fixed_radius,user_fixed_radius,,20260912-010115,0.5544366510252241,False,1.45476,0.02438,1.45476,1.62912,0.213198,0.0504376,7.22866,2.15961,2.09606,4,0.524015,0,3,7.66229e-07,1
105,1237.35,901.22,29.877,7.33849,20.0,52.9,2.0,annealing_T=150_h=5,present,present,False,20.0,1256.6370614359173,annealing_T=150_h=5,T,20260912-010115,phase_detection,user_fixed_radius,user_fixed_radius,,20260912-010115,0.5544366510252241,False,3.4314,5.5326,5.5326,1.62912,0.213198,0.0504376,7.22866,2.15961,2.09606,4,0.524015,0,3,7.66229e-07,1
105,1237.35,901.22,28.2047,7.41467,20.0,53.4,2.5,annealing_T=150_h=5,present,present,False,20.0,1256.6370614359173,annealing_T=150_h=5,T,20260912-010115,phase_detection,user_fixed_radius,user_fixed_radius,,20260912-010115,0.5544366510252241,False,1.5142,2.2016,2.2016,1.62912,0.213198,0.0504376,7.22866,2.15961,2.09606,4,0.524015,0,3,7.66229e-07,1
105,1237.35,901.22,45.8319,8.22625,20.0,53.9,3.0,annealing_T=150_h=5,present,present,False,20.0,1256.6370614359173,annealing_T=150_h=5,T,20260912-010115,phase_detection,user_fixed_radius,user_fixed_radius,,20260912-010115,0.5544366510252241,False,0.7844,2.9076,2.9076,1.62912,0.213198,0.0504376,7.22866,2.15961,2.09606,4,0.524015,0,3,7.66229e-07,1
105,1237.35,901.22,98.7876,9.84247,20.0,55.9,5.0,annealing_T=150_h=5,present,present,False,20.0,1256.6370614359173,annealing_T=150_h=5,T,20260912-010115,phase_detection,user_fixed_radius,user_fixed_radius,,20260912-010115,0.5544366510252241,False,11.0144,4.6187,11.0144,1.62912,0.213198,0.0504376,7.22866,2.15961,2.09606,4,0.524015,0,3,7.66229e-07,1
106,1345.47,545.05,-5.22452,9.89035,20.0,51.65,0.75,annealing_T=150_h=5,present,present,False,20.0,1256.6370614359173,annealing_T=150_h=5,T,20260912-010115,phase_detection,user_fixed_radius,user_fixed_radius,,20260912-010115,1.1771151175650614,False,2.5292,2.29142,2.5292,1.82637,0.237684,0.231434,8.18301,2.8354,2.721,4,0.68025,0,3,2.52101e-08,1
106,1345.47,545.05,13.699,9.84719,20.0,52.4,1.5,annealing_T=150_h=5,present,present,False,20.0,1256.6370614359173,annealing_T=150_h=5,T,20260912-010115,phase_detection,user_fixed_radius,user_fixed_radius,,20260912-010115,1.1771151175650614,False,2.6198,1.3026,2.6198,1.82637,0.237684,0.231434,8.18301,2.8354,2.721,4,0.68025,0,3,2.52101e-08,1
106,1345.47,545.05,40.5233,11.031,20.0,52.9,2.0,annealing_T=150_h=5,present,present,False,20.0,1256.6370614359173,annealing_T=150_h=5,T,20260912-010115,phase_detection,user_fixed_radius,user_fixed_radius,,20260912-010115,1.1771151175650614,False,5.6495,2.8647,5.6495,1.82637,0.237684,0.231434,8.18301,2.8354,2.721,4,0.68025,0,3,2.52101e-08,1
106,1345.47,545.05,48.0926,13.4092,20.0,53.4,2.5,annealing_T=150_h=5,present,present,False,20.0,1256.6370614359173,annealing_T=150_h=5,T,20260912-010115,phase_detection,user_fixed_radius,user_fixed_radius,,20260912-010115,1.1771151175650614,False,5.6997,3.2451,5.6997,1.82637,0.237684,0.231434,8.18301,2.8354,2.721,4,0.68025,0,3,2.52101e-08,1
106,1345.47,545.05,53.7473,11.8107,20.0,53.9,3.0,annealing_T=150_h=5,present,present,False,20.0,1256.6370614359173,annealing_T=150_h=5,T,20260912-010115,phase_detection,user_fixed_radius,user_fixed_radius,,20260912-010115,1.1771151175650614,False,7.6111,2.4689,7.6111,1.82637,0.237684,0.231434,8.18301,2.8354,2.721,4,0.68025,0,3,2.52101e-08,1
106,1345.47,545.05,155.2,14.2065,20.0,55.9,5.0,annealing_T=150_h=5,present,present,False,20.0,1256.6370614359173,annealing_T=150_h=5,T,20260912-010115,phase_detection,user_fixed_radius,user_fixed_radius,,20260912-010115,1.1771151175650614,False,5.057,4.465,5.057,1.82637,0.237684,0.231434,8.18301,2.8354,2.721,4,0.68025,0,3,2.52101e-08,1
107,1625.64,629.01,10.1737,5.57938,20.0,51.65,0.75,annealing_T=150_h=5,present,present,False,20.0,1256.6370614359173,annealing_T=150_h=5,T,20260912-010115,phase_detection,user_fixed_radius,user_fixed_radius,,20260912-010115,1.9511278789459057,False,1.3852,2.63077,2.63077,2.1425,0.0854772,0.0250677,10.4636,1.32496,1.89187,4,0.472966,0,3,7.77422e-10,1
107,1625.64,629.01,23.9605,6.04442,20.0,52.4,1.5,annealing_T=150_h=5,present,present,False,20.0,1256.6370614359173,annealing_T=150_h=5,T,20260912-010115,phase_detection,user_fixed_radius,user_fixed_radius,,20260912-010115,1.9511278789459057,False,3.5152,0.5666,3.5152,2.1425,0.0854772,0.0250677,10.4636,1.32496,1.89187,4,0.472966,0,3,7.77422e-10,1
107,1625.64,629.01,52.1253,6.61649,20.0,52.9,2.0,annealing_T=150_h=5,present,present,False,20.0,1256.6370614359173,annealing_T=150_h=5,T,20260912-010115,phase_detection,user_fixed_radius,user_fixed_radius,,20260912-010115,1.9511278789459057,False,1.0412,2.2438,2.2438,2.1425,0.0854772,0.0250677,10.4636,1.32496,1.89187,4,0.472966,0,3,7.77422e-10,1
107,1625.64,629.01,70.9474,6.87944,20.0,53.4,2.5,annealing_T=150_h=5,present,present,False,20.0,1256.6370614359173,annealing_T=150_h=5,T,20260912-010115,phase_detection,user_fixed_radius,user_fixed_radius,,20260912-010115,1.9511278789459057,False,0.0912,1.8135,1.8135,2.1425,0.0854772,0.0250677,10.4636,1.32496,1.89187,4,0.472966,0,3,7.77422e-10,1
107,1625.64,629.01,107.485,7.59758,20.0,53.9,3.0,annealing_T=150_h=5,present,present,False,20.0,1256.6370614359173,annealing_T=150_h=5,T,20260912-010115,phase_detection,user_fixed_radius,user_fixed_radius,,20260912-010115,1.9511278789459057,False,5.04,2.835,5.04,2.1425,0.0854772,0.0250677,10.4636,1.32496,1.89187,4,0.472966,0,3,7.77422e-10,1
107,1625.64,629.01,330.16,9.3504,20.0,55.9,5.0,annealing_T=150_h=5,present,present,False,20.0,1256.6370614359173,annealing_T=150_h=5,T,20260912-010115,phase_detection,user_fixed_radius,user_fixed_radius,,20260912-010115,1.9511278789459057,False,9.685,13.092,13.092,2.1425,0.0854772,0.0250677,10.4636,1.32496,1.89187,4,0.472966,0,3,7.77422e-10,1
108,1689.16,693.99,12.6395,9.94502,20.0,51.65,0.75,annealing_T=150_h=5,present,present,False,20.0,1256.6370614359173,annealing_T=150_h=5,T,20260912-010115,phase_detection,user_fixed_radius,user_fixed_radius,,20260912-010115,2.0089798406155217,False,5.5099,3.06156,5.5099,1.76658,0.142769,0.0810092,12.7686,2.56836,3.84795,4,0.961987,0,3,1.91443e-07,1
108,1689.16,693.99,16.9803,8.87449,20.0,52.4,1.5,annealing_T=150_h=5,present,present,False,20.0,1256.6370614359173,annealing_T=150_h=5,T,20260912-010115,phase_detection,user_fixed_radius,user_fixed_radius,,20260912-010115,2.0089798406155217,False,3.204,0.9885,3.204,1.76658,0.142769,0.0810092,12.7686,2.56836,3.84795,4,0.961987,0,3,1.91443e-07,1
108,1689.16,693.99,37.3087,9.19446,20.0,52.9,2.0,annealing_T=150_h=5,present,present,False,20.0,1256.6370614359173,annealing_T=150_h=5,T,20260912-010115,phase_detection,user_fixed_radius,user_fixed_radius,,20260912-010115,2.0089798406155217,False,1.8312,0.1878,1.8312,1.76658,0.142769,0.0810092,12.7686,2.56836,3.84795,4,0.961987,0,3,1.91443e-07,1
108,1689.16,693.99,79.1017,10.2253,20.0,53.4,2.5,annealing_T=150_h=5,present,present,False,20.0,1256.6370614359173,annealing_T=150_h=5,T,20260912-010115,phase_detection,user_fixed_radius,user_fixed_radius,,20260912-010115,2.0089798406155217,False,2.4787,9.0626,9.0626,1.76658,0.142769,0.0810092,12.7686,2.56836,3.84795,4,0.961987,0,3,1.91443e-07,1
108,1689.16,693.99,87.8416,10.441,20.0,53.9,3.0,annealing_T=150_h=5,present,present,False,20.0,1256.6370614359173,annealing_T=150_h=5,T,20260912-010115,phase_detection,user_fixed_radius,user_fixed_radius,,20260912-010115,2.0089798406155217,False,14.3046,4.8164,14.3046,1.76658,0.142769,0.0810092,12.7686,2.56836,3.84795,4,0.961987,0,3,1.91443e-07,1
108,1689.16,693.99,217.169,13.8872,20.0,55.9,5.0,annealing_T=150_h=5,present,present,False,20.0,1256.6370614359173,annealing_T=150_h=5,T,20260912-010115,phase_detection,user_fixed_radius,user_fixed_radius,,20260912-010115,2.0089798406155217,False,4.711,0.615,4.711,1.76658,0.142769,0.0810092,12.7686,2.56836,3.84795,4,0.961987,0,3,1.91443e-07,1
109,499.75,414.55,5.93691,5.51141,20.0,51.65,0.75,annealing_T=150_h=5,absent,never_detected_in_condition,False,20.0,1256.6370614359173,annealing_T=125_h=25,v,20260903-002446,cross_constant_fallback,user_fixed_radius,user_fixed_radius,,20260912-010115,,True,1.96579,2.5778,2.5778,,,,,,,,,,,,0
109,499.75,414.55,15.247,6.292,20.0,52.4,1.5,annealing_T=150_h=5,absent,never_detected_in_condition,False,20.0,1256.6370614359173,annealing_T=125_h=25,v,20260903-002446,cross_constant_fallback,user_fixed_radius,user_fixed_radius,,20260912-010115,,True,2.6451,3.0838,3.0838,,,,,,,,,,,,0
109,499.75,414.55,10.9624,6.61573,20.0,52.9,2.0,annealing_T=150_h=5,absent,never_detected_in_condition,False,20.0,1256.6370614359173,annealing_T=125_h=25,v,20260903-002446,cross_constant_fallback,user_fixed_radius,user_fixed_radius,,20260912-010115,,True,1.0241,1.0079,1.0241,,,,,,,,,,,,0
109,499.75,414.55,18.0388,6.87229,20.0,53.4,2.5,annealing_T=150_h=5,absent,never_detected_in_condition,False,20.0,1256.6370614359173,annealing_T=125_h=25,v,20260903-002446,cross_constant_fallback,user_fixed_radius,user_fixed_radius,,20260912-010115,,True,2.6395,0.4029,2.6395,,,,,,,,,,,,0
109,499.75,414.55,29.976,7.64803,20.0,53.9,3.0,annealing_T=150_h=5,absent,never_detected_in_condition,False,20.0,1256.6370614359173,annealing_T=125_h=25,v,20260903-002446,cross_constant_fallback,user_fixed_radius,user_fixed_radius,,20260912-010115,,True,1.9549,1.5117,1.9549,,,,,,,,,,,,0
109,499.75,414.55,53.892,9.06147,20.0,55.9,5.0,annealing_T=150_h=5,absent,never_detected_in_condition,False,20.0,1256.6370614359173,annealing_T=125_h=25,v,20260903-002446,cross_constant_fallback,user_fixed_radius,user_fixed_radius,,20260912-010115,,True,1.0174,9.3087,9.3087,,,,,,,,,,,,0
110,654.01,761.34,14.3647,5.36742,20.0,51.65,0.75,annealing_T=150_h=5,present,appeared,False,20.0,1256.6370614359173,annealing_T=150_h=5,T,20260912-010115,phase_detection,user_fixed_radius,user_fixed_radius,,20260912-010115,,False,3.8947,1.9979,3.8947,2.19519,0.0588783,0.0235515,14.096,1.23646,4.83156,4,1.20789,0,3,1.36681e-08,1
110,654.01,761.34,42.8555,6.02403,20.0,52.4,1.5,annealing_T=150_h=5,present,appeared,False,20.0,1256.6370614359173,annealing_T=150_h=5,T,20260912-010115,phase_detection,user_fixed_radius,user_fixed_radius,,20260912-010115,,False,0.3633,3.1132,3.1132,2.19519,0.0588783,0.0235515,14.096,1.23646,4.83156,4,1.20789,0,3,1.36681e-08,1
110,654.01,761.34,66.2969,6.33155,20.0,52.9,2.0,annealing_T=150_h=5,present,appeared,False,20.0,1256.6370614359173,annealing_T=150_h=5,T,20260912-010115,phase_detection,user_fixed_radius,user_fixed_radius,,20260912-010115,,False,4.3776,0.6265,4.3776,2.19519,0.0588783,0.0235515,14.096,1.23646,4.83156,4,1.20789,0,3,1.36681e-08,1
110,654.01,761.34,101.052,6.72648,20.0,53.4,2.5,annealing_T=150_h=5,present,appeared,False,20.0,1256.6370614359173,annealing_T=150_h=5,T,20260912-010115,phase_detection,user_fixed_radius,user_fixed_radius,,20260912-010115,,False,2.6148,4.0838,4.0838,2.19519,0.0588783,0.0235515,14.096,1.23646,4.83156,4,1.20789,0,3,1.36681e-08,1
110,654.01,761.34,151.388,7.31174,20.0,53.9,3.0,annealing_T=150_h=5,present,appeared,False,20.0,1256.6370614359173,annealing_T=150_h=5,T,20260912-010115,phase_detection,user_fixed_radius,user_fixed_radius,,20260912-010115,,False,1.008,5.515,5.515,2.19519,0.0588783,0.0235515,14.096,1.23646,4.83156,4,1.20789,0,3,1.36681e-08,1
110,654.01,761.34,484.881,8.98315,20.0,55.9,5.0,annealing_T=150_h=5,present,appeared,False,20.0,1256.6370614359173,annealing_T=150_h=5,T,20260912-010115,phase_detection,user_fixed_radius,user_fixed_radius,,20260912-010115,,False,7.613,15.703,15.703,2.19519,0.0588783,0.0235515,14.096,1.23646,4.83156,4,1.20789,0,3,1.36681e-08,1
111,1302.75,253.46,10.7129,5.64512,20.0,51.65,0.75,annealing_T=150_h=5,present,appeared,False,20.0,1256.6370614359173,annealing_T=150_h=5,T,20260912-010115,phase_detection,user_fixed_radius,user_fixed_radius,,20260912-010115,,False,2.3577,1.6731,2.3577,2.12313,0.0492993,0.0642816,18.5215,1.35489,2.59188,4,0.647971,0,3,3.06595e-06,1
111,1302.75,253.46,48.4219,6.21603,20.0,52.4,1.5,annealing_T=150_h=5,present,appeared,False,20.0,1256.6370614359173,annealing_T=150_h=5,T,20260912-010115,phase_detection,user_fixed_radius,user_fixed_radius,,20260912-010115,,False,0.4748,1.7738,1.7738,2.12313,0.0492993,0.0642816,18.5215,1.35489,2.59188,4,0.647971,0,3,3.06595e-06,1
111,1302.75,253.46,79.485,6.73541,20.0,52.9,2.0,annealing_T=150_h=5,present,appeared,False,20.0,1256.6370614359173,annealing_T=150_h=5,T,20260912-010115,phase_detection,user_fixed_radius,user_fixed_radius,,20260912-010115,,False,6.6128,2.2787,6.6128,2.12313,0.0492993,0.0642816,18.5215,1.35489,2.59188,4,0.647971,0,3,3.06595e-06,1
111,1302.75,253.46,135.061,6.96348,20.0,53.4,2.5,annealing_T=150_h=5,present,appeared,False,20.0,1256.6370614359173,annealing_T=150_h=5,T,20260912-010115,phase_detection,user_fixed_radius,user_fixed_radius,,20260912-010115,,False,0.864,4.462,4.462,2.12313,0.0492993,0.0642816,18.5215,1.35489,2.59188,4,0.647971,0,3,3.06595e-06,1
111,1302.75,253.46,182.031,7.60015,20.0,53.9,3.0,annealing_T=150_h=5,present,appeared,False,20.0,1256.6370614359173,annealing_T=150_h=5,T,20260912-010115,phase_detection,user_fixed_radius,user_fixed_radius,,20260912-010115,,False,4.173,1.987,4.173,2.12313,0.0492993,0.0642816,18.5215,1.35489,2.59188,4,0.647971,0,3,3.06595e-06,1
111,1302.75,253.46,566.214,9.20804,20.0,55.9,5.0,annealing_T=150_h=5,present,appeared,False,20.0,1256.6370614359173,annealing_T=150_h=5,T,20260912-010115,phase_detection,user_fixed_radius,user_fixed_radius,,20260912-010115,,False,15.016,29.478,29.478,2.12313,0.0492993,0.0642816,18.5215,1.35489,2.59188,4,0.647971,0,3,3.06595e-06,1
112,1369.05,982.27,16.8347,5.97533,20.0,51.65,0.75,annealing_T=150_h=5,present,appeared,False,20.0,1256.6370614359173,annealing_T=150_h=5,T,20260912-010115,phase_detection,user_fixed_radius,user_fixed_radius,,20260912-010115,,False,0.8211,2.6101,2.6101,1.36971,0.46921,0.0529622,4.84125,3.01172,7.3675,4,1.84187,0,3,1.80992e-07,1
112,1369.05,982.27,0.385987,6.60867,20.0,52.4,1.5,annealing_T=150_h=5,present,appeared,False,20.0,1256.6370614359173,annealing_T=150_h=5,T,20260912-010115,phase_detection,user_fixed_radius,user_fixed_radius,,20260912-010115,,False,2.252887,1.008003,2.252887,1.36971,0.46921,0.0529622,4.84125,3.01172,7.3675,4,1.84187,0,3,1.80992e-07,1
112,1369.05,982.27,6.97453,7.24153,20.0,52.9,2.0,annealing_T=150_h=5,present,appeared,False,20.0,1256.6370614359173,annealing_T=150_h=5,T,20260912-010115,phase_detection,user_fixed_radius,user_fixed_radius,,20260912-010115,,False,6.02277,4.12957,6.02277,1.36971,0.46921,0.0529622,4.84125,3.01172,7.3675,4,1.84187,0,3,1.80992e-07,1
112,1369.05,982.27,19.4239,7.45837,20.0,53.4,2.5,annealing_T=150_h=5,present,appeared,False,20.0,1256.6370614359173,annealing_T=150_h=5,T,20260912-010115,phase_detection,user_fixed_radius,user_fixed_radius,,20260912-010115,,False,4.3094,1.28,4.3094,1.36971,0.46921,0.0529622,4.84125,3.01172,7.3675,4,1.84187,0,3,1.80992e-07,1
112,1369.05,982.27,23.0432,8.06199,20.0,53.9,3.0,annealing_T=150_h=5,present,appeared,False,20.0,1256.6370614359173,annealing_T=150_h=5,T,20260912-010115,phase_detection,user_fixed_radius,user_fixed_radius,,20260912-010115,,False,2.0271,1.2359,2.0271,1.36971,0.46921,0.0529622,4.84125,3.01172,7.3675,4,1.84187,0,3,1.80992e-07,1
112,1369.05,982.27,44.8886,9.63707,20.0,55.9,5.0,annealing_T=150_h=5,present,appeared,False,20.0,1256.6370614359173,annealing_T=150_h=5,T,20260912-010115,phase_detection,user_fixed_radius,user_fixed_radius,,20260912-010115,,False,1.7629,3.1455,3.1455,1.36971,0.46921,0.0529622,4.84125,3.01172,7.3675,4,1.84187,0,3,1.80992e-07,1
113,1589.92,173.44,8.0713,5.99637,20.0,51.65,0.75,annealing_T=150_h=5,present,appeared,False,20.0,1256.6370614359173,annealing_T=150_h=5,T,20260912-010115,phase_detection,user_fixed_radius,user_fixed_radius,,20260912-010115,,False,0.11627,4.40921,4.40921,1.97559,0.243159,0.125287,4.57323,1.62147,1.03001,4,0.257503,0,3,4.50181e-08,1
113,1589.92,173.44,10.6786,6.37295,20.0,52.4,1.5,annealing_T=150_h=5,present,appeared,False,20.0,1256.6370614359173,annealing_T=150_h=5,T,20260912-010115,phase_detection,user_fixed_radius,user_fixed_radius,,20260912-010115,,False,4.8224,3.58318,4.8224,1.97559,0.243159,0.125287,4.57323,1.62147,1.03001,4,0.257503,0,3,4.50181e-08,1
113,1589.92,173.44,16.3918,6.93985,20.0,52.9,2.0,annealing_T=150_h=5,present,appeared,False,20.0,1256.6370614359173,annealing_T=150_h=5,T,20260912-010115,phase_detection,user_fixed_radius,user_fixed_radius,,20260912-010115,,False,0.7915,0.8729,0.8729,1.97559,0.243159,0.125287,4.57323,1.62147,1.03001,4,0.257503,0,3,4.50181e-08,1
113,1589.92,173.44,25.7191,7.14803,20.0,53.4,2.5,annealing_T=150_h=5,present,appeared,False,20.0,1256.6370614359173,annealing_T=150_h=5,T,20260912-010115,phase_detection,user_fixed_radius,user_fixed_radius,,20260912-010115,,False,3.5108,1.9694,3.5108,1.97559,0.243159,0.125287,4.57323,1.62147,1.03001,4,0.257503,0,3,4.50181e-08,1
113,1589.92,173.44,41.6298,8.04281,20.0,53.9,3.0,annealing_T=150_h=5,present,appeared,False,20.0,1256.6370614359173,annealing_T=150_h=5,T,20260912-010115,phase_detection,user_fixed_radius,user_fixed_radius,,20260912-010115,,False,0.6348,0.4389,0.6348,1.97559,0.243159,0.125287,4.57323,1.62147,1.03001,4,0.257503,0,3,4.50181e-08,1
113,1589.92,173.44,110.209,9.69273,20.0,55.9,5.0,annealing_T=150_h=5,present,appeared,False,20.0,1256.6370614359173,annealing_T=150_h=5,T,20260912-010115,phase_detection,user_fixed_radius,user_fixed_radius,,20260912-010115,,False,3.177,4.718,4.718,1.97559,0.243159,0.125287,4.57323,1.62147,1.03001,4,0.257503,0,3,4.50181e-08,1
114,1682.19,604.49,29.028,5.83537,20.0,51.65,0.75,annealing_T=150_h=5,present,appeared,False,20.0,1256.6370614359173,annealing_T=150_h=5,T,20260912-010115,phase_detection,user_fixed_radius,user_fixed_radius,,20260912-010115,,False,3.3581,4.9488,4.9488,2.03502,0.0333423,0.0604778,32.4498,1.56501,19.0698,4,4.76745,0,3,6.80664e-06,1
114,1682.19,604.49,85.4761,6.3802,20.0,52.4,1.5,annealing_T=150_h=5,present,appeared,False,20.0,1256.6370614359173,annealing_T=150_h=5,T,20260912-010115,phase_detection,user_fixed_radius,user_fixed_radius,,20260912-010115,,False,6.9429,2.3615,6.9429,2.03502,0.0333423,0.0604778,32.4498,1.56501,19.0698,4,4.76745,0,3,6.80664e-06,1
114,1682.19,604.49,136.848,7.00084,20.0,52.9,2.0,annealing_T=150_h=5,present,appeared,False,20.0,1256.6370614359173,annealing_T=150_h=5,T,20260912-010115,phase_detection,user_fixed_radius,user_fixed_radius,,20260912-010115,,False,3.337,0.718,3.337,2.03502,0.0333423,0.0604778,32.4498,1.56501,19.0698,4,4.76745,0,3,6.80664e-06,1
114,1682.19,604.49,215.437,7.23444,20.0,53.4,2.5,annealing_T=150_h=5,present,appeared,False,20.0,1256.6370614359173,annealing_T=150_h=5,T,20260912-010115,phase_detection,user_fixed_radius,user_fixed_radius,,20260912-010115,,False,1.74,4.544,4.544,2.03502,0.0333423,0.0604778,32.4498,1.56501,19.0698,4,4.76745,0,3,6.80664e-06,1
114,1682.19,604.49,276.763,8.15075,20.0,53.9,3.0,annealing_T=150_h=5,present,appeared,False,20.0,1256.6370614359173,annealing_T=150_h=5,T,20260912-010115,phase_detection,user_fixed_radius,user_fixed_radius,,20260912-010115,,False,3.056,0.195,3.056,2.03502,0.0333423,0.0604778,32.4498,1.56501,19.0698,4,4.76745,0,3,6.80664e-06,1
114,1682.19,604.49,866.48,10.7453,20.0,55.9,5.0,annealing_T=150_h=5,present,appeared,False,20.0,1256.6370614359173,annealing_T=150_h=5,T,20260912-010115,phase_detection,user_fixed_radius,user_fixed_radius,,20260912-010115,,False,29.921,35.19,35.19,2.03502,0.0333423,0.0604778,32.4498,1.56501,19.0698,4,4.76745,0,3,6.80664e-06,1
115,520.13,918.45,6.88185,5.52692,20.0,51.65,0.75,annealing_T=150_h=5,absent,never_detected_in_condition,False,20.0,1256.6370614359173,annealing_T=150_h=5,v,20260913-001359,cross_constant_fallback,user_fixed_radius,user_fixed_radius,,20260912-010115,,True,0.45503,3.78737,3.78737,,,,,,,,,,,,0
115,520.13,918.45,-2.25297,6.35432,20.0,52.4,1.5,annealing_T=150_h=5,absent,never_detected_in_condition,False,20.0,1256.6370614359173,annealing_T=150_h=5,v,20260913-001359,cross_constant_fallback,user_fixed_radius,user_fixed_radius,,20260912-010115,,True,0.0165,1.880677,1.880677,,,,,,,,,,,,0
115,520.13,918.45,13.2538,6.82194,20.0,52.9,2.0,annealing_T=150_h=5,absent,never_detected_in_condition,False,20.0,1256.6370614359173,annealing_T=150_h=5,v,20260913-001359,cross_constant_fallback,user_fixed_radius,user_fixed_radius,,20260912-010115,,True,2.258,0.5541,2.258,,,,,,,,,,,,0
115,520.13,918.45,24.3465,7.15595,20.0,53.4,2.5,annealing_T=150_h=5,absent,never_detected_in_condition,False,20.0,1256.6370614359173,annealing_T=150_h=5,v,20260913-001359,cross_constant_fallback,user_fixed_radius,user_fixed_radius,,20260912-010115,,True,0.2809,3.3728,3.3728,,,,,,,,,,,,0
115,520.13,918.45,25.3217,7.66617,20.0,53.9,3.0,annealing_T=150_h=5,absent,never_detected_in_condition,False,20.0,1256.6370614359173,annealing_T=150_h=5,v,20260913-001359,cross_constant_fallback,user_fixed_radius,user_fixed_radius,,20260912-010115,,True,8.3181,4.7438,8.3181,,,,,,,,,,,,0
115,520.13,918.45,76.0267,9.13391,20.0,55.9,5.0,annealing_T=150_h=5,absent,never_detected_in_condition,False,20.0,1256.6370614359173,annealing_T=150_h=5,v,20260913-001359,cross_constant_fallback,user_fixed_radius,user_fixed_radius,,20260912-010115,,True,0.1252,3.2006,3.2006,,,,,,,,,,,,0
116,800.01,227.39,5.1124,5.72315,20.0,51.65,0.75,annealing_T=150_h=5,absent,never_detected_in_condition,False,20.0,1256.6370614359173,annealing_T=150_h=5,v,20260913-001359,cross_constant_fallback,user_fixed_radius,user_fixed_radius,,20260912-010115,,True,1.90711,1.69254,1.90711,,,,,,,,,,,,0
116,800.01,227.39,11.5785,6.18363,20.0,52.4,1.5,annealing_T=150_h=5,absent,never_detected_in_condition,False,20.0,1256.6370614359173,annealing_T=150_h=5,v,20260913-001359,cross_constant_fallback,user_fixed_radius,user_fixed_radius,,20260912-010115,,True,4.4325,1.4142,4.4325,,,,,,,,,,,,0
116,800.01,227.39,21.1952,6.70413,20.0,52.9,2.0,annealing_T=150_h=5,absent,never_detected_in_condition,False,20.0,1256.6370614359173,annealing_T=150_h=5,v,20260913-001359,cross_constant_fallback,user_fixed_radius,user_fixed_radius,,20260912-010115,,True,4.9809,0.3658,4.9809,,,,,,,,,,,,0
116,800.01,227.39,24.1796,6.96974,20.0,53.4,2.5,annealing_T=150_h=5,absent,never_detected_in_condition,False,20.0,1256.6370614359173,annealing_T=150_h=5,v,20260913-001359,cross_constant_fallback,user_fixed_radius,user_fixed_radius,,20260912-010115,,True,1.5793,1.7793,1.7793,,,,,,,,,,,,0
116,800.01,227.39,25.5562,7.64893,20.0,53.9,3.0,annealing_T=150_h=5,absent,never_detected_in_condition,False,20.0,1256.6370614359173,annealing_T=150_h=5,v,20260913-001359,cross_constant_fallback,user_fixed_radius,user_fixed_radius,,20260912-010115,,True,0.6138,4.061,4.061,,,,,,,,,,,,0
116,800.01,227.39,46.0365,9.28687,20.0,55.9,5.0,annealing_T=150_h=5,absent,never_detected_in_condition,False,20.0,1256.6370614359173,annealing_T=150_h=5,v,20260913-001359,cross_constant_fallback,user_fixed_radius,user_fixed_radius,,20260912-010115,,True,9.0126,2.7388,9.0126,,,,,,,,,,,,0
117,1032.05,760.77,18.3156,5.38248,20.0,51.65,0.75,annealing_T=150_h=5,absent,not_yet_detected,False,20.0,1256.6370614359173,annealing_T=150_h=25,T,20260919-004123,first_future_detection,user_fixed_radius,user_fixed_radius,,20260912-010115,,False,4.7054,1.6021,4.7054,,,,,,,,,,,,0
117,1032.05,760.77,56.8803,5.80343,20.0,52.4,1.5,annealing_T=150_h=5,absent,not_yet_detected,False,20.0,1256.6370614359173,annealing_T=150_h=25,T,20260919-004123,first_future_detection,user_fixed_radius,user_fixed_radius,,20260912-010115,,False,13.9255,7.0418,13.9255,,,,,,,,,,,,0
117,1032.05,760.77,95.2888,6.37412,20.0,52.9,2.0,annealing_T=150_h=5,absent,not_yet_detected,False,20.0,1256.6370614359173,annealing_T=150_h=25,T,20260919-004123,first_future_detection,user_fixed_radius,user_fixed_radius,,20260912-010115,,False,26.2832,11.1096,26.2832,,,,,,,,,,,,0
117,1032.05,760.77,130.988,6.63762,20.0,53.4,2.5,annealing_T=150_h=5,absent,not_yet_detected,False,20.0,1256.6370614359173,annealing_T=150_h=25,T,20260919-004123,first_future_detection,user_fixed_radius,user_fixed_radius,,20260912-010115,,False,36.618,8.612,36.618,,,,,,,,,,,,0
117,1032.05,760.77,199.668,7.29027,20.0,53.9,3.0,annealing_T=150_h=5,absent,not_yet_detected,False,20.0,1256.6370614359173,annealing_T=150_h=25,T,20260919-004123,first_future_detection,user_fixed_radius,user_fixed_radius,,20260912-010115,,False,55.257,21.247,55.257,,,,,,,,,,,,0
117,1032.05,760.77,523.136,9.07098,20.0,55.9,5.0,annealing_T=150_h=5,absent,not_yet_detected,False,20.0,1256.6370614359173,annealing_T=150_h=25,T,20260919-004123,first_future_detection,user_fixed_radius,user_fixed_radius,,20260912-010115,,False,154.266,51.838,154.266,,,,,,,,,,,,0
118,1466.61,409.31,7.92728,5.43339,20.0,51.65,0.75,annealing_T=150_h=5,absent,not_yet_detected,False,20.0,1256.6370614359173,annealing_T=150_h=25,T,20260919-004123,first_future_detection,user_fixed_radius,user_fixed_radius,,20260912-010115,,False,2.32327,2.17879,2.32327,,,,,,,,,,,,0
118,1466.61,409.31,0.204056,5.80226,20.0,52.4,1.5,annealing_T=150_h=5,absent,not_yet_detected,False,20.0,1256.6370614359173,annealing_T=150_h=25,T,20260919-004123,first_future_detection,user_fixed_radius,user_fixed_radius,,20260912-010115,,False,1.231554,1.691866,1.691866,,,,,,,,,,,,0
118,1466.61,409.31,3.23238,6.34263,20.0,52.9,2.0,annealing_T=150_h=5,absent,not_yet_detected,False,20.0,1256.6370614359173,annealing_T=150_h=25,T,20260919-004123,first_future_detection,user_fixed_radius,user_fixed_radius,,20260912-010115,,False,3.639571,0.17295,3.639571,,,,,,,,,,,,0
118,1466.61,409.31,-5.44482,6.7037,20.0,53.4,2.5,annealing_T=150_h=5,absent,not_yet_detected,False,20.0,1256.6370614359173,annealing_T=150_h=25,T,20260919-004123,first_future_detection,user_fixed_radius,user_fixed_radius,,20260912-010115,,False,0.06635,2.60849,2.60849,,,,,,,,,,,,0
118,1466.61,409.31,-4.52816,7.24419,20.0,53.9,3.0,annealing_T=150_h=5,absent,not_yet_detected,False,20.0,1256.6370614359173,annealing_T=150_h=25,T,20260919-004123,first_future_detection,user_fixed_radius,user_fixed_radius,,20260912-010115,,False,1.77584,0.71579,1.77584,,,,,,,,,,,,0
118,1466.61,409.31,-5.80805,8.80588,20.0,55.9,5.0,annealing_T=150_h=5,absent,not_yet_detected,False,20.0,1256.6370614359173,annealing_T=150_h=25,T,20260919-004123,first_future_detection,user_fixed_radius,user_fixed_radius,,20260912-010115,,False,4.27005,3.73985,4.27005,,,,,,,,,,,,0
