phase,constant,run_number,local_spot,spot,x_mean,y_mean,x,y,integration_area,integration_radius,x_ref,y_ref,match_distance,match_type,candidate_count
annealing_T=100_h=25,T,20260625-095817,0.0,0,67.54,808.32,67.54,808.32,139.0,6.65,67.69,809.36,1.050761628534237,matched,1
annealing_T=100_h=25,v,20260702-101218,0.0,0,67.7,806.24,67.7,806.24,159.0,7.11,67.69,809.36,3.120016025599873,matched,1
annealing_T=100_h=5,T,20260610-203538,0.0,0,67.24,808.6,67.24,808.6,313.0,9.98,67.69,809.36,0.8832326986700553,matched,1
annealing_T=100_h=5,v,20260612-001017,0.0,0,67.64,807.43,67.64,807.43,304.0,9.84,67.69,809.36,1.9306475597581878,matched,1
annealing_T=125_h=25,T,20260827-053720,0.0,0,67.94,806.15,67.94,806.15,501.0,12.63,67.69,809.36,3.21972048476265,matched,1
annealing_T=125_h=25,v,20260828-044900,0.0,0,67.64,809.27,67.64,809.27,190.0,7.78,67.69,809.36,0.10295630140989645,matched,1
annealing_T=125_h=5,T,20260723-075232,0.0,0,65.61,806.9500000000002,65.61,806.95,144.0,6.77,67.69,809.36,3.183472946327531,matched,1
annealing_T=150_h=25,T,20260916-045914,0.0,0,67.17,806.9900000000001,67.17,806.99,55.0,4.18,67.69,809.36,2.4263758983305697,matched,1
annealing_T=150_h=25,v,20260917-041113,0.0,0,67.66,808.78,67.66,808.78,46.0,3.83,67.69,809.36,0.5807753438293051,matched,1
annealing_T=150_h=5,T,20260908-043207,0.0,0,67.28,807.16,67.28,807.16,116.0,6.08,67.69,809.36,2.2378784596130767,matched,1
annealing_T=150_h=5,v,20260909-034512,0.0,0,67.11,808.04,67.11,808.04,127.0,6.36,67.69,809.36,1.44180442501753,matched,1
annealing_T=75_h=25,T,20260530-001924,0.0,0,66.6,807.75,66.6,807.75,334.0,10.31,67.69,809.36,1.9442736432920267,matched,1
annealing_T=75_h=25,v,20260531-095134,0.0,0,66.73,807.39,66.73,807.39,336.0,10.34,67.69,809.36,2.191460700081134,matched,1
annealing_T=75_h=5,T,20260520-085312,0.0,0,67.28,808.23,67.28,808.23,688.0,14.8,67.69,809.36,1.2020815280171253,matched,1
annealing_T=75_h=5,v,20260521-080451,0.0,0,67.97,808.64,67.97,808.64,354.0,10.62,67.69,809.36,0.7725283166331445,matched,1
before_annealing,T,20260513-032137,0.0,0,67.69,809.36,67.69,809.36,338.0,10.37,67.69,809.36,0.0,primary_reference,1
before_annealing,v,20260514-062228,0.0,0,67.42,807.45,67.42,807.45,340.0,10.4,67.69,809.36,1.9289893727026792,matched,1
annealing_T=100_h=25,T,20260625-095817,1.0,1,80.36,95.31,80.36,95.31,137.0,6.6,80.52,96.39,1.0917875251164924,matched,1
annealing_T=100_h=5,T,20260610-203538,1.0,1,80.56,95.55,80.56,95.55,162.0,7.18,80.52,96.39,0.8409518416651492,matched,1
annealing_T=100_h=5,v,20260612-001017,1.0,1,81.24,94.39,81.24,94.39,150.0,6.91,80.52,96.39,2.125652840893827,matched,1
annealing_T=125_h=5,T,20260723-075232,1.0,1,79.24,93.62,79.24,93.62,130.0,6.43,80.52,96.39,3.0514422819381624,matched,1
annealing_T=150_h=5,T,20260908-043207,1.0,1,81.02,93.93,81.02,93.93,82.0,5.11,80.52,96.39,2.5102987869972706,matched,1
annealing_T=150_h=5,v,20260909-034512,1.0,1,80.24,95.25,80.24,95.25,92.0,5.41,80.52,96.39,1.1738824472663358,matched,1
annealing_T=75_h=25,T,20260530-001924,1.0,1,79.91,94.69,79.91,94.69,111.0,5.94,80.52,96.39,1.8061284561182267,matched,1
annealing_T=75_h=25,v,20260531-095134,1.0,1,80.76,94.38,80.76,94.38,102.0,5.7,80.52,96.39,2.024277648940487,matched,1
annealing_T=75_h=5,T,20260520-085312,1.0,1,80.47,94.96999999999998,80.47,94.97,126.0,6.33,80.52,96.39,1.4208800090085176,matched,1
annealing_T=75_h=5,v,20260521-080451,1.0,1,81.31,95.46,81.31,95.46,129.0,6.41,80.52,96.39,1.2202458768625373,matched,1
before_annealing,T,20260513-032137,1.0,1,80.52,96.39,80.52,96.39,117.0,6.1,80.52,96.39,0.0,primary_reference,1
before_annealing,v,20260514-062228,1.0,1,80.91,94.55,80.91,94.55,139.0,6.65,80.52,96.39,1.880877454806669,matched,1
annealing_T=100_h=5,T,20260610-203538,3.0,2,139.06,256.91,139.06,256.91,140.0,6.68,139.66,257.62,0.9295697929687496,matched,1
annealing_T=100_h=5,v,20260612-001017,2.0,2,140.15,255.4,140.15,255.4,144.0,6.77,139.66,257.62,2.273433526628831,matched,1
annealing_T=75_h=25,T,20260530-001924,2.0,2,138.53,255.88,138.53,255.88,146.0,6.82,139.66,257.62,2.074728897952699,matched,1
annealing_T=75_h=25,v,20260531-095134,2.0,2,139.43,255.55,139.43,255.55,146.0,6.82,139.66,257.62,2.082738581771598,matched,1
annealing_T=75_h=5,T,20260520-085312,2.0,2,139.06,256.28,139.06,256.28,97.0,5.56,139.66,257.62,1.4681961721786632,matched,1
annealing_T=75_h=5,v,20260521-080451,2.0,2,140.03,256.96,140.03,256.96,115.0,6.05,139.66,257.62,0.7566372975211019,matched,1
before_annealing,T,20260513-032137,2.0,2,139.66,257.62,139.66,257.62,96.0,5.53,139.66,257.62,0.0,primary_reference,1
before_annealing,v,20260514-062228,2.0,2,139.5,255.99,139.5,255.99,98.0,5.59,139.66,257.62,1.637833935415915,matched,1
annealing_T=100_h=25,T,20260625-095817,3.0,3,182.49,170.99,182.49,170.99,758.0,15.53,182.59,172.15,1.1643023662262268,matched,1
annealing_T=100_h=25,v,20260702-101218,2.0,3,182.65,168.79,182.65,168.79,771.0,15.67,182.59,172.15,3.360535671585721,matched,1
annealing_T=100_h=5,T,20260610-203538,4.0,3,182.39,171.23,182.39,171.23,726.0,15.2,182.59,172.15,0.9414881836752048,matched,1
annealing_T=100_h=5,v,20260612-001017,3.0,3,183.27,170.12,183.27,170.12,733.0,15.27,182.59,172.15,2.140864311440595,matched,1
annealing_T=125_h=25,T,20260827-053720,1.0,3,183.17999999999998,168.73,183.18,168.73,838.0,16.33,182.59,172.15,3.4705186932215306,matched,1
annealing_T=125_h=25,v,20260828-044900,1.0,3,182.26,171.53,182.26,171.53,710.0,15.03,182.59,172.15,0.702353187506125,matched,1
annealing_T=125_h=5,T,20260723-075232,2.0,3,181.18999999999997,169.62,181.19,169.62,529.0,12.98,182.59,172.15,2.8915220905260437,matched,1
annealing_T=150_h=25,T,20260916-045914,2.0,3,182.98,168.85,182.98,168.85,142.0,6.72,182.59,172.15,3.322965543005233,matched,1
annealing_T=150_h=25,v,20260917-041113,1.0,3,182.95,170.2,182.95,170.2,145.0,6.79,182.59,172.15,1.9829523443593031,matched,1
annealing_T=150_h=5,T,20260908-043207,2.0,3,182.79,170.02,182.79,170.02,640.0,14.27,182.59,172.15,2.139369065869649,matched,1
annealing_T=150_h=5,v,20260909-034512,2.0,3,182.41,170.5,182.41,170.5,667.0,14.57,182.59,172.15,1.659789143234773,matched,1
annealing_T=75_h=25,T,20260530-001924,3.0,3,181.86,170.43,181.86,170.43,733.0,15.27,182.59,172.15,1.8685020738548783,matched,1
annealing_T=75_h=25,v,20260531-095134,3.0,3,182.54,170.22,182.54,170.22,723.0,15.17,182.59,172.15,1.9306475597581314,matched,1
annealing_T=75_h=5,T,20260520-085312,3.0,3,182.49,170.86,182.49,170.86,856.0,16.51,182.59,172.15,1.2938701635017242,matched,1
annealing_T=75_h=5,v,20260521-080451,3.0,3,183.51,171.31,183.51,171.31,915.0,17.07,182.59,172.15,1.2457929201917881,matched,1
before_annealing,T,20260513-032137,3.0,3,182.59,172.15,182.59,172.15,855.0,16.5,182.59,172.15,0.0,primary_reference,1
before_annealing,v,20260514-062228,3.0,3,182.89,170.3,182.89,170.3,941.0,17.31,182.59,172.15,1.8741664813991228,matched,1
annealing_T=100_h=25,T,20260625-095817,4.0,4,193.62,519.01,193.62,519.01,185.0,7.67,193.71,520.08,1.0737783756437396,matched,1
annealing_T=100_h=25,v,20260702-101218,3.0,4,193.66,516.89,193.66,516.89,198.0,7.94,193.71,520.08,3.1903918254660115,matched,1
annealing_T=100_h=5,T,20260610-203538,5.0,4,193.39,519.24,193.39,519.24,190.0,7.78,193.71,520.08,0.8988882021698067,matched,1
annealing_T=100_h=5,v,20260612-001017,4.0,4,194.01,518.21,194.01,518.21,212.0,8.21,193.71,520.08,1.8939112967612837,matched,1
annealing_T=125_h=25,T,20260827-053720,2.0,4,193.71,516.53,193.71,516.53,121.0,6.21,193.71,520.08,3.550000000000068,matched,1
annealing_T=125_h=25,v,20260828-044900,2.0,4,193.38,519.64,193.38,519.64,117.0,6.1,193.71,520.08,0.5500000000000511,matched,1
annealing_T=125_h=5,T,20260723-075232,3.0,4,191.88,517.8,191.88,517.8,63.0,4.48,193.71,520.08,2.9235765767293387,matched,1
annealing_T=150_h=25,v,20260917-041113,2.0,4,193.91,518.96,193.91,518.96,42.0,3.66,193.71,520.08,1.137717012266234,matched,1
annealing_T=150_h=5,T,20260908-043207,3.0,4,193.47,517.93,193.47,517.93,112.0,5.97,193.71,520.08,2.163353877663198,matched,1
annealing_T=150_h=5,v,20260909-034512,3.0,4,193.36,518.7,193.36,518.7,112.0,5.97,193.71,520.08,1.4236923825040237,matched,1
annealing_T=75_h=25,T,20260530-001924,4.0,4,192.74,518.49,192.74,518.49,192.0,7.82,193.71,520.08,1.8625251676152188,matched,1
annealing_T=75_h=25,v,20260531-095134,4.0,4,193.18,518.29,193.18,518.29,208.0,8.14,193.71,520.08,1.8668154702595214,matched,1
annealing_T=75_h=5,T,20260520-085312,4.0,4,193.5,518.85,193.5,518.85,250.0,8.92,193.71,520.08,1.2477980605851446,matched,1
annealing_T=75_h=5,v,20260521-080451,4.0,4,194.29,519.3,194.29,519.3,244.0,8.81,193.71,520.08,0.9720082304178892,matched,1
before_annealing,T,20260513-032137,4.0,4,193.71,520.08,193.71,520.08,238.0,8.7,193.71,520.08,0.0,primary_reference,1
before_annealing,v,20260514-062228,4.0,4,193.76,518.45,193.76,518.45,240.0,8.74,193.71,520.08,1.6307666908543306,matched,1
annealing_T=100_h=5,T,20260610-203538,6.0,5,232.25,756.35,232.25,756.35,57.0,4.26,232.08,757.48,1.142716062720738,matched,1
annealing_T=100_h=5,v,20260612-001017,5.0,5,232.52,755.1,232.52,755.1,54.0,4.15,232.08,757.48,2.4203305559365185,matched,1
annealing_T=150_h=5,T,20260908-043207,4.0,5,232.12,755.08,232.12,755.08,33.0,3.24,232.08,757.48,2.4003333101883766,matched,1
annealing_T=75_h=25,T,20260530-001924,5.0,5,231.32000000000002,755.43,231.32,755.43,84.0,5.17,232.08,757.48,2.1863439802556837,matched,1
annealing_T=75_h=25,v,20260531-095134,5.0,5,231.04,755.2,231.04,755.2,95.0,5.5,232.08,757.48,2.505992817228317,matched,1
before_annealing,T,20260513-032137,5.0,5,232.08,757.48,232.08,757.48,69.0,4.69,232.08,757.48,0.0,primary_reference,1
before_annealing,v,20260514-062228,5.0,5,231.79,755.43,231.79,755.43,73.0,4.82,232.08,757.48,2.070410587299121,matched,1
annealing_T=100_h=25,T,20260625-095817,5.0,6,237.08,242.91,237.08,242.91,286.0,9.54,237.1,244.17,1.2601587201618598,matched,1
annealing_T=100_h=25,v,20260702-101218,4.0,6,237.18,240.71,237.18,240.71,308.0,9.9,237.1,244.17,3.460924731917737,matched,1
annealing_T=100_h=5,T,20260610-203538,7.0,6,236.91,243.1,236.91,243.1,262.0,9.13,237.1,244.17,1.0867382389517655,matched,1
annealing_T=100_h=5,v,20260612-001017,6.0,6,237.69,242.09,237.69,242.09,283.0,9.49,237.1,244.17,2.1620592036297106,matched,1
annealing_T=125_h=25,T,20260827-053720,3.0,6,237.80000000000004,240.47,237.8,240.47,205.0,8.08,237.1,244.17,3.7656340767525434,matched,1
annealing_T=125_h=25,v,20260828-044900,3.0,6,236.91,243.37,236.91,243.37,190.0,7.78,237.1,244.17,0.8222530024268515,matched,1
annealing_T=125_h=5,T,20260723-075232,4.0,6,235.67999999999998,241.37,235.68,241.37,212.0,8.21,237.1,244.17,3.1394904045083414,matched,1
annealing_T=150_h=25,T,20260916-045914,4.0,6,237.46,241.64,237.46,241.64,314.0,10.0,237.1,244.17,2.5554842985234747,matched,1
annealing_T=150_h=25,v,20260917-041113,3.0,6,237.31,242.79,237.31,242.79,322.0,10.12,237.1,244.17,1.3958868148958177,matched,1
annealing_T=150_h=5,T,20260908-043207,5.0,6,237.14,241.58,237.14,241.58,201.0,8.0,237.1,244.17,2.590308861892703,matched,1
annealing_T=150_h=5,v,20260909-034512,4.0,6,236.84,241.84,236.84,241.84,227.0,8.5,237.1,244.17,2.3444615586526303,matched,1
annealing_T=75_h=25,T,20260530-001924,6.0,6,236.29,242.33,236.29,242.33,260.0,9.1,237.1,244.17,2.0103979705520776,matched,1
annealing_T=75_h=25,v,20260531-095134,6.0,6,236.93,241.92,236.93,241.92,234.0,8.63,237.1,244.17,2.2564130827488116,matched,1
annealing_T=75_h=5,T,20260520-085312,5.0,6,236.99,242.88,236.99,242.88,391.0,11.16,237.1,244.17,1.2946814279968553,matched,1
annealing_T=75_h=5,v,20260521-080451,5.0,6,237.92,243.39,237.92,243.39,414.0,11.48,237.1,244.17,1.1317243480636046,matched,1
before_annealing,T,20260513-032137,6.0,6,237.1,244.17,237.1,244.17,377.0,10.95,237.1,244.17,0.0,primary_reference,1
before_annealing,v,20260514-062228,6.0,6,237.37,242.33,237.37,242.33,411.0,11.44,237.1,244.17,1.8597042775667085,matched,1
annealing_T=100_h=25,T,20260625-095817,6.0,7,253.66,350.35999999999996,253.66,350.36,299.0,9.76,253.67,351.34,0.9800510190801475,matched,1
annealing_T=100_h=25,v,20260702-101218,5.0,7,253.76,348.17,253.76,348.17,370.0,10.85,253.67,351.34,3.171277345171775,matched,1
annealing_T=100_h=5,T,20260610-203538,8.0,7,253.47,350.71,253.47,350.71,266.0,9.2,253.67,351.34,0.6609841147864218,matched,1
annealing_T=100_h=5,v,20260612-001017,7.0,7,254.07,349.54,254.07,349.54,260.0,9.1,253.67,351.34,1.8439088914585342,matched,1
annealing_T=125_h=25,T,20260827-053720,4.0,7,253.92,348.07,253.92,348.07,230.0,8.56,253.67,351.34,3.2795426510414347,matched,1
annealing_T=125_h=25,v,20260828-044900,4.0,7,253.3,350.71,253.3,350.71,220.0,8.37,253.67,351.34,0.7306161783042971,matched,1
annealing_T=125_h=5,T,20260723-075232,5.0,7,252.24,348.93,252.24,348.93,242.0,8.78,253.67,351.34,2.802320467041517,matched,1
annealing_T=150_h=5,T,20260908-043207,6.0,7,253.23,348.39000000000004,253.23,348.39,32.0,3.19,253.67,351.34,2.982633064927631,matched,1
annealing_T=75_h=25,T,20260530-001924,7.0,7,252.88,349.75,252.88,349.75,284.0,9.51,253.67,351.34,1.7754436065389145,matched,1
annealing_T=75_h=25,v,20260531-095134,7.0,7,253.37,349.6,253.37,349.6,300.0,9.77,253.67,351.34,1.7656726763474093,matched,1
annealing_T=75_h=5,T,20260520-085312,6.0,7,253.39,350.18,253.39,350.18,282.0,9.47,253.67,351.34,1.1933147112140732,matched,1
annealing_T=75_h=5,v,20260521-080451,6.0,7,254.37,350.7,254.37,350.7,294.0,9.67,253.67,351.34,0.9484724561103535,matched,1
before_annealing,T,20260513-032137,7.0,7,253.67,351.34,253.67,351.34,209.0,8.16,253.67,351.34,0.0,primary_reference,1
before_annealing,v,20260514-062228,7.0,7,253.82,349.89,253.82,349.89,241.0,8.76,253.67,351.34,1.4577379737113143,matched,1
annealing_T=100_h=25,T,20260625-095817,9.0,8,356.5,845.6,356.5,845.6,69.0,4.69,356.7,846.98,1.3944174410842627,matched,1
annealing_T=100_h=25,v,20260702-101218,8.0,8,357.03,843.52,357.03,843.52,82.0,5.11,356.7,846.98,3.475701368069507,matched,1
annealing_T=100_h=5,T,20260610-203538,11.0,8,356.46,845.65,356.46,845.65,92.0,5.41,356.7,846.98,1.3514806694881407,matched,1
annealing_T=100_h=5,v,20260612-001017,10.0,8,356.54,845.28,356.54,845.28,107.0,5.84,356.7,846.98,1.7075128110793618,matched,1
annealing_T=125_h=5,T,20260723-075232,7.0,8,354.85999999999996,844.17,354.86,844.17,98.0,5.59,356.7,846.98,3.358824199031627,matched,1
annealing_T=75_h=25,T,20260530-001924,8.0,8,355.84,845.54,355.84,845.54,139.0,6.65,356.7,846.98,1.6772596698186542,matched,1
annealing_T=75_h=25,v,20260531-095134,9.0,8,355.76,845.33,355.76,845.33,132.0,6.48,356.7,846.98,1.8989734068701227,matched,1
annealing_T=75_h=5,T,20260520-085312,7.0,8,356.19,845.83,356.19,845.83,202.0,8.02,356.7,846.98,1.258014308344678,matched,1
annealing_T=75_h=5,v,20260521-080451,7.0,8,357.2,846.43,357.2,846.43,210.0,8.18,356.7,846.98,0.7433034373659757,matched,1
before_annealing,T,20260513-032137,8.0,8,356.7,846.98,356.7,846.98,210.0,8.18,356.7,846.98,0.0,primary_reference,1
before_annealing,v,20260514-062228,8.0,8,356.51,845.31,356.51,845.31,207.0,8.12,356.7,846.98,1.6807736313972332,matched,1
annealing_T=75_h=25,T,20260530-001924,9.0,9,374.37999999999994,368.41,374.38,368.41,115.0,6.05,375.23,369.88,1.698057713977958,matched,1
annealing_T=75_h=25,v,20260531-095134,10.0,9,374.95,368.27,374.95,368.27,120.0,6.18,375.23,369.88,1.6341664541900438,matched,1
annealing_T=75_h=5,T,20260520-085312,8.0,9,374.3999999999999,368.57,374.4,368.57,95.0,5.5,375.23,369.88,1.5508062419271365,matched,1
annealing_T=75_h=5,v,20260521-080451,8.0,9,375.74,369.23,375.74,369.23,95.0,5.5,375.23,369.88,0.8261961026293704,matched,1
before_annealing,T,20260513-032137,9.0,9,375.23,369.87999999999994,375.23,369.88,56.0,4.22,375.23,369.88,0.0,primary_reference,1
before_annealing,v,20260514-062228,9.0,9,375.21,368.35,375.21,368.35,68.0,4.65,375.23,369.88,1.5301307133705664,matched,1
annealing_T=100_h=25,T,20260625-095817,10.0,10,415.6000000000001,947.6,415.6,947.6,131.0,6.46,415.88,948.71,1.1447707194019172,matched,1
annealing_T=100_h=25,v,20260702-101218,9.0,10,415.83,945.01,415.83,945.01,120.0,6.18,415.88,948.71,3.7003378224157233,matched,1
annealing_T=100_h=5,T,20260610-203538,12.0,10,415.32,947.7999999999998,415.32,947.8,201.0,8.0,415.88,948.71,1.06850362657333,matched,1
annealing_T=100_h=5,v,20260612-001017,11.0,10,415.77,947.1,415.77,947.1,210.0,8.18,415.88,948.71,1.6137533888423121,matched,1
annealing_T=125_h=25,T,20260827-053720,6.0,10,415.5,945.5300000000001,415.5,945.53,101.0,5.67,415.88,948.71,3.202623924222087,matched,1
annealing_T=125_h=25,v,20260828-044900,6.0,10,415.34,947.7,415.34,947.7,80.0,5.05,415.88,948.71,1.1452947218947636,matched,1
annealing_T=125_h=5,T,20260723-075232,8.0,10,413.49,946.2400000000001,413.49,946.24,151.0,6.93,415.88,948.71,3.437004509743842,matched,1
annealing_T=75_h=25,T,20260530-001924,10.0,10,414.69,946.81,414.69,946.81,185.0,7.67,415.88,948.71,2.2418965185753645,matched,1
annealing_T=75_h=25,v,20260531-095134,11.0,10,414.7,946.99,414.7,946.99,194.0,7.86,415.88,948.71,2.0858571379651365,matched,1
annealing_T=75_h=5,T,20260520-085312,9.0,10,414.95,947.29,414.95,947.29,186.0,7.69,415.88,948.71,1.6974392478083624,matched,1
annealing_T=75_h=5,v,20260521-080451,9.0,10,415.82,947.75,415.82,947.75,195.0,7.88,415.88,948.71,0.9618731725129203,matched,1
before_annealing,T,20260513-032137,10.0,10,415.87999999999994,948.71,415.88,948.71,197.0,7.92,415.88,948.71,0.0,primary_reference,1
before_annealing,v,20260514-062228,10.0,10,415.61,947.0,415.61,947.0,208.0,8.14,415.88,948.71,1.731184565550454,matched,1
annealing_T=100_h=5,T,20260610-203538,13.0,11,416.8500000000001,548.73,416.85,548.73,33.0,3.24,417.69,550.15,1.6498484778911506,matched,1
annealing_T=100_h=5,v,20260612-001017,12.0,11,417.56,547.66,417.56,547.66,42.0,3.66,417.69,550.15,2.4933912649241483,matched,1
annealing_T=75_h=25,T,20260530-001924,11.0,11,416.29,548.49,416.29,548.49,61.0,4.41,417.69,550.15,2.17154323005549,matched,1
annealing_T=75_h=25,v,20260531-095134,12.0,11,416.23,548.1,416.23,548.1,70.0,4.72,417.69,550.15,2.5167637950351547,matched,1
annealing_T=75_h=5,T,20260520-085312,10.0,11,416.42,548.79,416.42,548.79,80.0,5.05,417.69,550.15,1.8607794065928371,matched,1
annealing_T=75_h=5,v,20260521-080451,10.0,11,417.85,548.91,417.85,548.91,63.0,4.48,417.69,550.15,1.250279968647035,matched,1
before_annealing,T,20260513-032137,11.0,11,417.69,550.15,417.69,550.15,70.0,4.72,417.69,550.15,0.0,primary_reference,1
before_annealing,v,20260514-062228,11.0,11,417.46,548.49,417.46,548.49,86.0,5.23,417.69,550.15,1.6758579892102738,matched,1
annealing_T=100_h=25,T,20260625-095817,11.0,12,425.05,71.48,425.05,71.48,94.0,5.47,425.53,73.12,1.708800749063496,matched,1
annealing_T=100_h=25,v,20260702-101218,10.0,12,425.33,69.48,425.33,69.48,59.0,4.33,425.53,73.12,3.645490364820623,matched,1
annealing_T=100_h=5,T,20260610-203538,14.0,12,425.04,72.05,425.04,72.05,155.0,7.02,425.53,73.12,1.1768602295939687,matched,1
annealing_T=100_h=5,v,20260612-001017,13.0,12,426.37,71.36,426.37,71.36,165.0,7.25,425.53,73.12,1.9501794789198432,matched,1
annealing_T=125_h=25,T,20260827-053720,7.0,12,426.8,68.72,426.8,68.72,36.0,3.39,425.53,73.12,4.579617887990236,matched,1
annealing_T=125_h=5,T,20260723-075232,9.0,12,424.84,70.58,424.84,70.58,54.0,4.15,425.53,73.12,2.6320524310887174,matched,1
annealing_T=150_h=25,T,20260916-045914,6.0,12,425.76,70.6,425.76,70.6,119.0,6.15,425.53,73.12,2.530474263848589,matched,1
annealing_T=150_h=25,v,20260917-041113,5.0,12,425.49,72.31,425.49,72.31,125.0,6.31,425.53,73.12,0.8109870529176164,matched,1
annealing_T=150_h=5,v,20260909-034512,7.0,12,425.53,71.45,425.53,71.45,37.0,3.43,425.53,73.12,1.6700000000000017,matched,1
annealing_T=75_h=25,T,20260530-001924,12.0,12,424.98,71.37,424.98,71.37,135.0,6.56,425.53,73.12,1.8343936327844006,matched,1
annealing_T=75_h=25,v,20260531-095134,13.0,12,425.37,71.71,425.37,71.71,161.0,7.16,425.53,73.12,1.4190489773084016,matched,1
annealing_T=75_h=5,T,20260520-085312,11.0,12,425.45,72.28,425.45,72.28,183.0,7.63,425.53,73.12,0.8438009243891613,matched,1
annealing_T=75_h=5,v,20260521-080451,11.0,12,426.21,72.47,426.21,72.47,179.0,7.55,425.53,73.12,0.9406912352095222,matched,1
before_annealing,T,20260513-032137,12.0,12,425.53,73.12,425.53,73.12,160.0,7.14,425.53,73.12,0.0,primary_reference,1
before_annealing,v,20260514-062228,12.0,12,425.98,71.48,425.98,71.48,172.0,7.4,425.53,73.12,1.7006175348972628,matched,1
annealing_T=100_h=25,T,20260625-095817,12.0,13,429.41,485.74,429.41,485.74,280.0,9.44,429.64,487.0,1.2808200498118225,matched,1
annealing_T=100_h=25,v,20260702-101218,11.0,13,429.64,483.65,429.64,483.65,283.0,9.49,429.64,487.0,3.3500000000000227,matched,1
annealing_T=100_h=5,T,20260610-203538,15.0,13,429.23,486.1000000000001,429.23,486.1,319.0,10.08,429.64,487.0,0.988989383158298,matched,1
annealing_T=100_h=5,v,20260612-001017,14.0,13,429.93,485.34,429.93,485.34,298.0,9.74,429.64,487.0,1.6851409436602314,matched,1
annealing_T=150_h=25,T,20260916-045914,7.0,13,429.8999999999999,484.49,429.9,484.49,106.0,5.81,429.64,487.0,2.523430205097799,matched,1
annealing_T=150_h=25,v,20260917-041113,6.0,13,429.5,485.75,429.5,485.75,102.0,5.7,429.64,487.0,1.2578155667664461,matched,1
annealing_T=150_h=5,T,20260908-043207,8.0,13,429.31,485.07,429.31,485.07,118.0,6.13,429.64,487.0,1.9580091930325598,matched,1
annealing_T=150_h=5,v,20260909-034512,8.0,13,429.31,485.56,429.31,485.56,130.0,6.43,429.64,487.0,1.47732867026941,matched,1
annealing_T=75_h=25,T,20260530-001924,13.0,13,428.71,485.47,428.71,485.47,307.0,9.89,429.64,487.0,1.790474797365193,matched,1
annealing_T=75_h=25,v,20260531-095134,14.0,13,429.16,485.48,429.16,485.48,327.0,10.2,429.64,487.0,1.593988707613673,matched,1
annealing_T=75_h=5,T,20260520-085312,12.0,13,429.18,485.92,429.18,485.92,405.0,11.35,429.64,487.0,1.1738824472663125,matched,1
annealing_T=75_h=5,v,20260521-080451,12.0,13,430.18,486.35,430.18,486.35,409.0,11.41,429.64,487.0,0.8450443775329155,matched,1
before_annealing,T,20260513-032137,13.0,13,429.64000000000004,487.0,429.64,487.0,440.0,11.83,429.64,487.0,0.0,primary_reference,1
before_annealing,v,20260514-062228,13.0,13,429.62,485.36,429.62,485.36,474.0,12.28,429.64,487.0,1.6401219466856587,matched,1
annealing_T=100_h=25,T,20260625-095817,16.0,14,572.79,120.77,572.79,120.77,37.0,3.43,572.54,122.5,1.7479702514631117,matched,1
annealing_T=100_h=25,v,20260702-101218,15.0,14,574.03,119.73,574.03,119.73,46.0,3.83,572.54,122.5,3.1453139747885275,matched,1
annealing_T=100_h=5,T,20260610-203538,17.0,14,572.6,123.01,572.6,123.01,46.0,3.83,572.54,122.5,0.5135172830587227,matched,1
annealing_T=100_h=5,v,20260612-001017,16.0,14,574.52,121.25,574.52,121.25,37.0,3.43,572.54,122.5,2.3415593095200626,matched,1
annealing_T=125_h=25,T,20260827-053720,10.0,14,574.01,120.2,574.01,120.2,101.0,5.67,572.54,122.5,2.729633675056063,matched,1
annealing_T=125_h=25,v,20260828-044900,8.0,14,573.06,122.47,573.06,122.47,86.0,5.23,572.54,122.5,0.5208646657241986,matched,1
annealing_T=150_h=5,T,20260908-043207,12.0,14,573.54,121.23,573.54,121.23,89.0,5.32,572.54,122.5,1.6164467204334296,matched,1
annealing_T=150_h=5,v,20260909-034512,10.0,14,573.13,121.37,573.13,121.37,85.0,5.2,572.54,122.5,1.274754878398207,matched,1
annealing_T=75_h=25,T,20260530-001924,15.0,14,573.0,121.38,573.0,121.38,37.0,3.43,572.54,122.5,1.2107848694132428,matched,1
annealing_T=75_h=25,v,20260531-095134,16.0,14,572.93,120.69,572.93,120.69,51.0,4.03,572.54,122.5,1.8515398996510979,matched,1
annealing_T=75_h=5,T,20260520-085312,15.0,14,573.37,121.45,573.37,121.45,35.0,3.34,572.54,122.5,1.338431918328333,matched,1
annealing_T=75_h=5,v,20260521-080451,14.0,14,574.38,122.33,574.38,122.33,41.0,3.61,572.54,122.5,1.8478365728603052,matched,1
before_annealing,T,20260513-032137,14.0,14,572.54,122.5,572.54,122.5,42.0,3.66,572.54,122.5,0.0,primary_reference,1
before_annealing,v,20260514-062228,14.0,14,573.41,121.23,573.41,121.23,47.0,3.87,572.54,122.5,1.53941547348336,matched,1
annealing_T=75_h=5,T,20260520-085312,16.0,15,596.19,526.58,596.19,526.58,74.0,4.85,596.49,527.9,1.3536617007213452,matched,1
before_annealing,T,20260513-032137,15.0,15,596.49,527.9,596.49,527.9,85.0,5.2,596.49,527.9,0.0,primary_reference,1
before_annealing,v,20260514-062228,15.0,15,596.29,526.31,596.29,526.31,84.0,5.17,596.49,527.9,1.6025292509031215,matched,1
annealing_T=100_h=25,v,20260702-101218,17.0,16,610.04,332.52,610.04,332.52,33.0,3.24,610.37,335.97,3.4657466727965476,matched,1
annealing_T=100_h=5,T,20260610-203538,18.0,16,609.82,335.79,609.82,335.79,54.0,4.15,610.37,335.97,0.5787054518491703,matched,1
annealing_T=100_h=5,v,20260612-001017,18.0,16,610.73,334.08,610.73,334.08,53.0,4.11,610.37,335.97,1.9239802493789204,matched,1
annealing_T=75_h=25,T,20260530-001924,17.0,16,609.25,334.78,609.25,334.78,66.0,4.58,610.37,335.97,1.6341664541900682,matched,1
annealing_T=75_h=25,v,20260531-095134,17.0,16,609.34,334.8,609.34,334.8,71.0,4.75,610.37,335.97,1.5587815754620598,matched,1
annealing_T=75_h=5,T,20260520-085312,17.0,16,609.75,335.39,609.75,335.39,59.0,4.33,610.37,335.97,0.8489994110716762,matched,1
annealing_T=75_h=5,v,20260521-080451,15.0,16,610.98,335.75,610.98,335.75,67.0,4.62,610.37,335.97,0.6484597134749611,matched,1
before_annealing,T,20260513-032137,16.0,16,610.37,335.97,610.37,335.97,64.0,4.51,610.37,335.97,0.0,primary_reference,1
before_annealing,v,20260514-062228,16.0,16,610.1,334.75,610.1,334.75,74.0,4.85,610.37,335.97,1.2495199078046162,matched,1
annealing_T=100_h=25,T,20260625-095817,18.0,17,649.35,438.87000000000006,649.35,438.87,78.0,4.98,649.48,440.37,1.505622794726431,matched,1
annealing_T=100_h=25,v,20260702-101218,18.0,17,649.65,437.3,649.65,437.3,87.0,5.26,649.48,440.37,3.074703237712535,matched,1
annealing_T=100_h=5,T,20260610-203538,19.0,17,649.37,439.72,649.37,439.72,81.0,5.08,649.48,440.37,0.6592419889539602,matched,1
annealing_T=100_h=5,v,20260612-001017,19.0,17,649.83,438.73,649.83,438.73,88.0,5.29,649.48,440.37,1.6769317219254847,matched,1
annealing_T=125_h=25,T,20260827-053720,13.0,17,649.7,436.93,649.7,436.93,123.0,6.26,649.48,440.37,3.447027705139603,matched,1
annealing_T=125_h=25,v,20260828-044900,10.0,17,649.36,439.61,649.36,439.61,118.0,6.13,649.48,440.37,0.7694153624668455,matched,1
annealing_T=125_h=5,T,20260723-075232,13.0,17,647.72,438.14000000000004,647.72,438.14,153.0,6.98,649.48,440.37,2.840862545073203,matched,1
annealing_T=150_h=25,T,20260916-045914,12.0,17,649.68,438.12000000000006,649.68,438.12,137.0,6.6,649.48,440.37,2.258871399615241,matched,1
annealing_T=150_h=25,v,20260917-041113,11.0,17,649.73,439.35,649.73,439.35,152.0,6.96,649.48,440.37,1.05019045891684,matched,1
annealing_T=150_h=5,T,20260908-043207,14.0,17,649.48,438.48,649.48,438.48,133.0,6.51,649.48,440.37,1.8899999999999864,matched,1
annealing_T=150_h=5,v,20260909-034512,11.0,17,649.11,438.47,649.11,438.47,146.0,6.82,649.48,440.37,1.9356910910576401,matched,1
annealing_T=75_h=25,T,20260530-001924,18.0,17,648.76,439.02,648.76,439.02,119.0,6.15,649.48,440.37,1.530000000000033,matched,1
annealing_T=75_h=25,v,20260531-095134,18.0,17,649.11,439.01,649.11,439.01,138.0,6.63,649.48,440.37,1.4094325099131353,matched,1
annealing_T=75_h=5,T,20260520-085312,18.0,17,649.27,439.3500000000001,649.27,439.35,173.0,7.42,649.48,440.37,1.0413932974625209,matched,1
annealing_T=75_h=5,v,20260521-080451,16.0,17,650.19,440.02,650.19,440.02,175.0,7.46,649.48,440.37,0.7915806970865747,matched,1
before_annealing,T,20260513-032137,17.0,17,649.48,440.37000000000006,649.48,440.37,170.0,7.36,649.48,440.37,0.0,primary_reference,1
before_annealing,v,20260514-062228,17.0,17,649.54,438.85,649.54,438.85,200.0,7.98,649.48,440.37,1.5211837495844933,matched,1
annealing_T=100_h=25,T,20260625-095817,19.0,18,649.55,572.95,649.55,572.95,299.0,9.76,649.85,574.01,1.1016351483135989,matched,1
annealing_T=100_h=25,v,20260702-101218,19.0,18,649.65,570.9,649.65,570.9,317.0,10.05,649.85,574.01,3.116424232995261,matched,1
annealing_T=100_h=5,T,20260610-203538,20.0,18,649.39,573.37,649.39,573.37,395.0,11.21,649.85,574.01,0.7881624198095314,matched,1
annealing_T=100_h=5,v,20260612-001017,20.0,18,650.01,572.64,650.01,572.64,383.0,11.04,649.85,574.01,1.379311422413373,matched,1
annealing_T=125_h=25,T,20260827-053720,14.0,18,649.76,571.45,649.76,571.45,304.0,9.84,649.85,574.01,2.56158154271921,matched,1
annealing_T=125_h=25,v,20260828-044900,9.0,18,649.26,573.72,649.26,573.72,278.0,9.41,649.85,574.01,0.6574191965557565,matched,1
annealing_T=125_h=5,T,20260723-075232,14.0,18,648.0,572.11,648.0,572.11,393.0,11.18,649.85,574.01,2.6518861212352234,matched,1
annealing_T=150_h=25,T,20260916-045914,11.0,18,649.52,572.02,649.52,572.02,119.0,6.15,649.85,574.01,2.017176244159162,matched,1
annealing_T=150_h=25,v,20260917-041113,10.0,18,649.06,573.65,649.06,573.65,129.0,6.41,649.85,574.01,0.8681589716176018,matched,1
annealing_T=150_h=5,T,20260908-043207,13.0,18,649.4,572.58,649.4,572.58,307.0,9.89,649.85,574.01,1.499133082818166,matched,1
annealing_T=150_h=5,v,20260909-034512,12.0,18,649.22,572.73,649.22,572.73,302.0,9.8,649.85,574.01,1.4266394078392495,matched,1
annealing_T=75_h=25,T,20260530-001924,19.0,18,648.89,572.59,648.89,572.59,517.0,12.83,649.85,574.01,1.7140595088852526,matched,1
annealing_T=75_h=25,v,20260531-095134,19.0,18,649.17,572.81,649.17,572.81,550.0,13.23,649.85,574.01,1.3792751719654044,matched,1
annealing_T=75_h=5,T,20260520-085312,19.0,18,649.45,573.09,649.45,573.09,624.0,14.09,649.85,574.01,1.0031948963187096,matched,1
annealing_T=75_h=5,v,20260521-080451,17.0,18,650.45,573.58,650.45,573.58,644.0,14.32,649.85,574.01,0.7381734213584124,matched,1
before_annealing,T,20260513-032137,18.0,18,649.85,574.01,649.85,574.01,587.0,13.67,649.85,574.01,0.0,primary_reference,1
before_annealing,v,20260514-062228,18.0,18,649.83,572.61,649.83,572.61,613.0,13.97,649.85,574.01,1.400142849854948,matched,1
annealing_T=100_h=25,T,20260625-095817,20.0,19,660.67,687.11,660.67,687.11,53.0,4.11,660.82,688.43,1.3284953895290188,matched,1
annealing_T=100_h=25,v,20260702-101218,20.0,19,660.62,685.41,660.62,685.41,62.0,4.44,660.82,688.43,3.0266152712229397,matched,1
annealing_T=100_h=5,T,20260610-203538,21.0,19,660.24,687.4900000000001,660.24,687.49,111.0,5.94,660.82,688.43,1.1045361017186006,matched,1
annealing_T=100_h=5,v,20260612-001017,21.0,19,660.6,686.94,660.6,686.94,113.0,6.0,660.82,688.43,1.5061540425865145,matched,1
annealing_T=125_h=25,T,20260827-053720,15.0,19,661.02,685.63,661.02,685.63,76.0,4.92,660.82,688.43,2.8071337695235896,matched,1
annealing_T=125_h=25,v,20260828-044900,11.0,19,660.74,687.94,660.74,687.94,70.0,4.72,660.82,688.43,0.4964876634921597,matched,1
annealing_T=125_h=5,T,20260723-075232,15.0,19,658.49,686.4500000000002,658.49,686.45,37.0,3.43,660.82,688.43,3.057662505902076,matched,1
annealing_T=150_h=5,T,20260908-043207,15.0,19,660.57,686.81,660.57,686.81,128.0,6.38,660.82,688.43,1.6391766225761075,matched,1
annealing_T=150_h=5,v,20260909-034512,13.0,19,660.52,686.92,660.52,686.92,142.0,6.72,660.82,688.43,1.5395129099815998,matched,1
annealing_T=75_h=25,T,20260530-001924,20.0,19,659.73,686.91,659.73,686.91,106.0,5.81,660.82,688.43,1.8704277585621996,matched,1
annealing_T=75_h=25,v,20260531-095134,20.0,19,659.92,687.31,659.92,687.31,104.0,5.75,660.82,688.43,1.4368020044530052,matched,1
annealing_T=75_h=5,T,20260520-085312,20.0,19,660.28,687.69,660.28,687.69,103.0,5.73,660.82,688.43,0.9160785992478641,matched,1
annealing_T=75_h=5,v,20260521-080451,18.0,19,661.03,687.88,661.03,687.88,99.0,5.61,660.82,688.43,0.5887274411813309,matched,1
before_annealing,T,20260513-032137,19.0,19,660.82,688.43,660.82,688.43,143.0,6.75,660.82,688.43,0.0,primary_reference,1
before_annealing,v,20260514-062228,19.0,19,660.93,686.94,660.93,686.94,141.0,6.7,660.82,688.43,1.4940548852032398,matched,1
annealing_T=75_h=5,T,20260520-085312,21.0,20,700.13,365.33,700.13,365.33,69.0,4.69,700.54,366.46,1.2020815280171158,matched,1
annealing_T=75_h=5,v,20260521-080451,19.0,20,701.21,365.86,701.21,365.86,66.0,4.58,700.54,366.46,0.8993886812719274,matched,1
before_annealing,T,20260513-032137,20.0,20,700.54,366.46,700.54,366.46,68.0,4.65,700.54,366.46,0.0,primary_reference,1
before_annealing,v,20260514-062228,20.0,20,700.57,364.93,700.57,364.93,44.0,3.74,700.54,366.46,1.5302940893827963,matched,1
annealing_T=75_h=25,T,20260530-001924,21.0,21,738.07,311.76,738.07,311.76,32.0,3.19,739.68,314.35,3.0496229275108493,matched,1
annealing_T=75_h=25,v,20260531-095134,21.0,21,738.87,312.7,738.87,312.7,48.0,3.91,739.68,314.35,1.8380968418448533,matched,1
annealing_T=75_h=5,T,20260520-085312,22.0,21,738.65,313.68,738.65,313.68,33.0,3.24,739.68,314.35,1.228739191203717,matched,1
annealing_T=75_h=5,v,20260521-080451,20.0,21,739.62,314.14,739.62,314.14,48.0,3.91,739.68,314.35,0.21840329667843553,matched,1
before_annealing,T,20260513-032137,21.0,21,739.68,314.35,739.68,314.35,32.0,3.19,739.68,314.35,0.0,primary_reference,1
before_annealing,v,20260514-062228,21.0,21,738.81,313.0,738.81,313.0,45.0,3.78,739.68,314.35,1.6060510577189224,matched,1
annealing_T=100_h=25,T,20260625-095817,21.0,22,807.79,586.01,807.79,586.01,156.0,7.05,808.13,587.46,1.4893287078412722,matched,1
annealing_T=100_h=25,v,20260702-101218,21.0,22,808.01,583.97,808.01,583.97,170.0,7.36,808.13,587.46,3.492062427849775,matched,1
annealing_T=100_h=5,T,20260610-203538,22.0,22,807.68,586.72,807.68,586.72,181.0,7.59,808.13,587.46,0.8660831368870164,matched,1
annealing_T=100_h=5,v,20260612-001017,22.0,22,808.26,586.04,808.26,586.04,185.0,7.67,808.13,587.46,1.4259382875847768,matched,1
annealing_T=125_h=25,T,20260827-053720,16.0,22,808.07,584.48,808.07,584.48,164.0,7.23,808.13,587.46,2.98060396564188,matched,1
annealing_T=125_h=25,v,20260828-044900,12.0,22,807.48,586.82,807.48,586.82,149.0,6.89,808.13,587.46,0.9121951545584711,matched,1
annealing_T=125_h=5,T,20260723-075232,16.0,22,806.0099999999999,585.49,806.01,585.49,154.0,7.0,808.13,587.46,2.8940110573390365,matched,1
annealing_T=150_h=25,T,20260916-045914,14.0,22,807.9,585.08,807.9,585.08,44.0,3.74,808.13,587.46,2.391087618637173,matched,1
annealing_T=150_h=25,v,20260917-041113,13.0,22,807.25,586.24,807.25,586.24,51.0,4.03,808.13,587.46,1.504260615717921,matched,1
annealing_T=150_h=5,T,20260908-043207,17.0,22,807.4699999999999,585.73,807.47,585.73,94.0,5.47,808.13,587.46,1.8516209115259448,matched,1
annealing_T=150_h=5,v,20260909-034512,15.0,22,807.26,585.93,807.26,585.93,99.0,5.61,808.13,587.46,1.7600568172647928,matched,1
annealing_T=75_h=5,T,20260520-085312,23.0,22,807.64,586.75,807.64,586.75,291.0,9.62,808.13,587.46,0.8626702730476231,matched,1
annealing_T=75_h=5,v,20260521-080451,21.0,22,808.7,587.27,808.7,587.27,282.0,9.47,808.13,587.46,0.6008327554320568,matched,1
before_annealing,T,20260513-032137,22.0,22,808.13,587.46,808.13,587.46,291.0,9.62,808.13,587.46,0.0,primary_reference,1
before_annealing,v,20260514-062228,22.0,22,808.06,586.31,808.06,586.31,309.0,9.92,808.13,587.46,1.152128465059438,matched,1
annealing_T=100_h=25,T,20260625-095817,22.0,23,816.2999999999998,314.17,816.3,314.17,179.0,7.55,816.45,315.29,1.1300000000000316,matched,1
annealing_T=100_h=25,v,20260702-101218,22.0,23,816.43,312.06,816.43,312.06,200.0,7.98,816.45,315.29,3.2300619189111717,matched,1
annealing_T=100_h=5,T,20260610-203538,23.0,23,816.5099999999999,314.58,816.51,314.58,135.0,6.56,816.45,315.29,0.7125307010929645,matched,1
annealing_T=100_h=5,v,20260612-001017,23.0,23,817.02,314.12,817.02,314.12,164.0,7.23,816.45,315.29,1.301460717809018,matched,1
annealing_T=125_h=5,T,20260723-075232,17.0,23,814.93,313.47,814.93,313.47,189.0,7.76,816.45,315.29,2.3712443990445746,matched,1
annealing_T=75_h=25,T,20260530-001924,22.0,23,815.52,313.83,815.52,313.83,132.0,6.48,816.45,315.29,1.731040149736633,matched,1
annealing_T=75_h=25,v,20260531-095134,22.0,23,815.68,314.35,815.68,314.35,144.0,6.77,816.45,315.29,1.2151131634543932,matched,1
annealing_T=75_h=5,T,20260520-085312,24.0,23,816.2800000000001,314.96,816.28,314.96,133.0,6.51,816.45,315.29,0.37121422386542935,matched,1
annealing_T=75_h=5,v,20260521-080451,22.0,23,817.33,315.15,817.33,315.15,124.0,6.28,816.45,315.29,0.8910667763978208,matched,1
before_annealing,T,20260513-032137,23.0,23,816.4500000000002,315.29,816.45,315.29,114.0,6.02,816.45,315.29,0.0,primary_reference,1
before_annealing,v,20260514-062228,23.0,23,816.5,314.06,816.5,314.06,121.0,6.21,816.45,315.29,1.2310158406779501,matched,1
annealing_T=100_h=25,T,20260625-095817,24.0,24,868.36,1006.7999999999998,868.36,1006.8,124.0,6.28,868.58,1007.5,0.7337574531139257,matched,1
annealing_T=100_h=25,v,20260702-101218,23.0,24,868.69,1004.01,868.69,1004.01,123.0,6.26,868.58,1007.5,3.491733094037983,matched,1
annealing_T=100_h=5,T,20260610-203538,24.0,24,867.82,1006.79,867.82,1006.79,211.0,8.2,868.58,1007.5,1.040048075811901,matched,1
annealing_T=100_h=5,v,20260612-001017,24.0,24,868.14,1006.15,868.14,1006.15,216.0,8.29,868.58,1007.5,1.41989436226788,matched,1
annealing_T=125_h=25,T,20260827-053720,18.0,24,868.02,1004.91,868.02,1004.91,97.0,5.56,868.58,1007.5,2.6498490523047216,matched,1
annealing_T=125_h=25,v,20260828-044900,15.0,24,867.78,1006.75,867.78,1006.75,81.0,5.08,868.58,1007.5,1.0965856099731153,matched,1
annealing_T=125_h=5,T,20260723-075232,18.0,24,866.25,1005.9,866.25,1005.9,96.0,5.53,868.58,1007.5,2.826464222310317,matched,1
annealing_T=150_h=25,T,20260916-045914,16.0,24,868.1,1005.29,868.1,1005.29,291.0,9.62,868.58,1007.5,2.2615260334562097,matched,1
annealing_T=150_h=25,v,20260917-041113,15.0,24,867.83,1006.29,867.83,1006.29,53.0,4.11,868.58,1007.5,1.4235870187663584,matched,1
annealing_T=150_h=5,T,20260908-043207,18.0,24,867.56,1005.93,867.56,1005.93,758.0,15.53,868.58,1007.5,1.8722446421342356,matched,1
annealing_T=150_h=5,v,20260909-034512,16.0,24,867.86,1006.25,867.86,1006.25,94.0,5.47,868.58,1007.5,1.442532495301246,matched,1
annealing_T=75_h=25,T,20260530-001924,23.0,24,867.29,1006.06,867.29,1006.06,221.0,8.39,868.58,1007.5,1.933313218286255,matched,1
annealing_T=75_h=25,v,20260531-095134,23.0,24,867.27,1006.5,867.27,1006.5,225.0,8.46,868.58,1007.5,1.6480594649466247,matched,1
annealing_T=75_h=5,T,20260520-085312,25.0,24,867.5,1006.71,867.5,1006.71,297.0,9.72,868.58,1007.5,1.33809566175219,matched,1
annealing_T=75_h=5,v,20260521-080451,23.0,24,868.64,1007.25,868.64,1007.25,292.0,9.64,868.58,1007.5,0.25709920264363606,matched,1
before_annealing,T,20260513-032137,24.0,24,868.58,1007.5,868.58,1007.5,271.0,9.29,868.58,1007.5,0.0,primary_reference,1
before_annealing,v,20260514-062228,24.0,24,868.21,1006.4,868.21,1006.4,172.0,7.4,868.58,1007.5,1.1605602095540124,matched,1
annealing_T=100_h=25,T,20260625-095817,25.0,25,873.25,565.29,873.25,565.29,43.0,3.7,872.05,566.97,2.0645580640903085,matched,1
annealing_T=100_h=25,v,20260702-101218,24.0,25,873.66,563.9,873.66,563.9,42.0,3.66,872.05,566.97,3.466554485364445,matched,1
annealing_T=100_h=5,T,20260610-203538,25.0,25,872.54,566.22,872.54,566.22,33.0,3.24,872.05,566.97,0.8958794561770065,matched,1
annealing_T=100_h=5,v,20260612-001017,25.0,25,873.23,565.63,873.23,565.63,40.0,3.57,872.05,566.97,1.7854971296533175,matched,1
annealing_T=125_h=5,T,20260723-075232,19.0,25,871.9,564.04,871.9,564.04,31.0,3.14,872.05,566.97,2.9338370779578686,matched,1
annealing_T=150_h=5,v,20260909-034512,17.0,25,872.2,565.43,872.2,565.43,34.0,3.29,872.05,566.97,1.5472879499305439,matched,1
annealing_T=75_h=25,T,20260530-001924,24.0,25,872.43,565.79,872.43,565.79,39.0,3.52,872.05,566.97,1.239677377384998,matched,1
annealing_T=75_h=25,v,20260531-095134,24.0,25,872.87,565.34,872.87,565.34,39.0,3.52,872.05,566.97,1.8246369501903843,matched,1
annealing_T=75_h=5,T,20260520-085312,26.0,25,872.12,565.51,872.12,565.51,35.0,3.34,872.05,566.97,1.4616771189288396,matched,1
annealing_T=75_h=5,v,20260521-080451,24.0,25,872.12,565.92,872.12,565.92,61.0,4.41,872.05,566.97,1.0523307464861749,matched,1
before_annealing,T,20260513-032137,25.0,25,872.0499999999998,566.97,872.05,566.97,30.0,3.09,872.05,566.97,0.0,primary_reference,1
before_annealing,v,20260514-062228,25.0,25,872.22,565.21,872.22,565.21,34.0,3.29,872.05,566.97,1.7681911661356056,matched,1
annealing_T=100_h=25,T,20260625-095817,28.0,26,1007.0300000000001,121.75,1007.03,121.75,65.0,4.55,1006.88,123.26,1.5174320413119142,matched,1
annealing_T=100_h=25,v,20260702-101218,27.0,26,1006.36,119.67,1006.36,119.67,75.0,4.89,1006.88,123.26,3.6274646793594014,matched,1
annealing_T=100_h=5,T,20260610-203538,27.0,26,1006.04,122.33999999999999,1006.04,122.34,62.0,4.44,1006.88,123.26,1.245792920191828,matched,1
annealing_T=100_h=5,v,20260612-001017,27.0,26,1007.05,122.13,1007.05,122.13,77.0,4.95,1006.88,123.26,1.1427160627207478,matched,1
annealing_T=75_h=25,T,20260530-001924,27.0,26,1005.9699999999999,121.79,1005.97,121.79,81.0,5.08,1006.88,123.26,1.7288724649320277,matched,1
annealing_T=75_h=25,v,20260531-095134,27.0,26,1007.51,122.64,1007.51,122.64,93.0,5.44,1006.88,123.26,0.883911760301898,matched,1
annealing_T=75_h=5,T,20260520-085312,29.0,26,1006.57,122.62,1006.57,122.62,67.0,4.62,1006.88,123.26,0.7111258679024177,matched,1
annealing_T=75_h=5,v,20260521-080451,27.0,26,1007.42,122.37,1007.42,122.37,76.0,4.92,1006.88,123.26,1.0410091258005194,matched,1
before_annealing,T,20260513-032137,26.0,26,1006.88,123.26,1006.88,123.26,79.0,5.01,1006.88,123.26,0.0,primary_reference,1
before_annealing,v,20260514-062228,26.0,26,1006.99,121.98,1006.99,121.98,94.0,5.47,1006.88,123.26,1.284717867860491,matched,1
annealing_T=100_h=25,T,20260625-095817,29.0,27,1048.49,956.1,1048.49,956.1,107.0,5.84,1048.43,957.2,1.1016351483136526,matched,1
annealing_T=100_h=25,v,20260702-101218,28.0,27,1048.57,954.48,1048.57,954.48,104.0,5.75,1048.43,957.2,2.723600558084851,matched,1
annealing_T=100_h=5,T,20260610-203538,28.0,27,1047.92,956.5099999999999,1047.92,956.51,238.0,8.7,1048.43,957.2,0.8580209787646355,matched,1
annealing_T=100_h=5,v,20260612-001017,28.0,27,1048.27,956.07,1048.27,956.07,247.0,8.87,1048.43,957.2,1.1412712210513398,matched,1
annealing_T=125_h=25,T,20260827-053720,20.0,27,1047.73,954.7199999999999,1047.73,954.72,49.0,3.95,1048.43,957.2,2.5768973592288686,matched,1
annealing_T=125_h=25,v,20260828-044900,17.0,27,1047.85,957.12,1047.85,957.12,46.0,3.83,1048.43,957.2,0.5854912467323367,matched,1
annealing_T=125_h=5,T,20260723-075232,21.0,27,1046.44,955.89,1046.44,955.89,93.0,5.44,1048.43,957.2,2.382477701889399,matched,1
annealing_T=150_h=25,T,20260916-045914,17.0,27,1047.84,955.41,1047.84,955.41,43.0,3.7,1048.43,957.2,1.8847280971006,matched,1
annealing_T=150_h=25,v,20260917-041113,16.0,27,1048.12,956.05,1048.12,956.05,41.0,3.61,1048.43,957.2,1.1910499569708721,matched,1
annealing_T=150_h=5,T,20260908-043207,20.0,27,1047.55,956.06,1047.55,956.06,176.0,7.48,1048.43,957.2,1.4401388821917211,matched,1
annealing_T=150_h=5,v,20260909-034512,19.0,27,1047.66,955.61,1047.66,955.61,109.0,5.89,1048.43,957.2,1.7666352198459288,matched,1
annealing_T=75_h=25,T,20260530-001924,28.0,27,1047.35,956.0499999999998,1047.35,956.05,222.0,8.41,1048.43,957.2,1.5776247969656172,matched,1
annealing_T=75_h=25,v,20260531-095134,28.0,27,1047.2,956.39,1047.2,956.39,216.0,8.29,1048.43,957.2,1.472752525036077,matched,1
annealing_T=75_h=5,T,20260520-085312,30.0,27,1047.71,956.7000000000002,1047.71,956.7,203.0,8.04,1048.43,957.2,0.8765842800324026,matched,1
annealing_T=75_h=5,v,20260521-080451,28.0,27,1048.67,957.24,1048.67,957.24,222.0,8.41,1048.43,957.2,0.2433105012119318,matched,1
before_annealing,T,20260513-032137,27.0,27,1048.43,957.2000000000002,1048.43,957.2,217.0,8.31,1048.43,957.2,0.0,primary_reference,1
before_annealing,v,20260514-062228,27.0,27,1048.21,956.05,1048.21,956.05,253.0,8.97,1048.43,957.2,1.1708543888973646,matched,1
annealing_T=100_h=25,T,20260625-095817,30.0,28,1051.07,802.88,1051.07,802.88,162.0,7.18,1051.57,804.29,1.4960280746028498,matched,1
annealing_T=100_h=25,v,20260702-101218,29.0,28,1051.15,800.84,1051.15,800.84,170.0,7.36,1051.57,804.29,3.4754711910760245,matched,1
annealing_T=100_h=5,T,20260610-203538,29.0,28,1050.75,803.42,1050.75,803.42,117.0,6.1,1051.57,804.29,1.1955333537797694,matched,1
annealing_T=100_h=5,v,20260612-001017,29.0,28,1051.34,803.19,1051.34,803.19,123.0,6.26,1051.57,804.29,1.1237882362793306,matched,1
annealing_T=125_h=5,T,20260723-075232,22.0,28,1049.47,802.33,1049.47,802.33,150.0,6.91,1051.57,804.29,2.8725598340155276,matched,1
annealing_T=75_h=25,T,20260530-001924,29.0,28,1050.21,802.68,1050.21,802.68,111.0,5.94,1051.57,804.29,2.1075341041130917,matched,1
annealing_T=75_h=25,v,20260531-095134,29.0,28,1050.38,803.12,1050.38,803.12,124.0,6.28,1051.57,804.29,1.6688319268277116,matched,1
annealing_T=75_h=5,T,20260520-085312,31.0,28,1050.76,803.39,1050.76,803.39,107.0,5.84,1051.57,804.29,1.2108261642365805,matched,1
annealing_T=75_h=5,v,20260521-080451,29.0,28,1051.68,803.85,1051.68,803.85,117.0,6.1,1051.57,804.29,0.4535416188179162,matched,1
before_annealing,T,20260513-032137,28.0,28,1051.57,804.29,1051.57,804.29,122.0,6.23,1051.57,804.29,0.0,primary_reference,1
before_annealing,v,20260514-062228,28.0,28,1051.01,803.23,1051.01,803.23,127.0,6.36,1051.57,804.29,1.198832765651583,matched,1
annealing_T=100_h=25,T,20260625-095817,31.0,29,1067.61,233.42,1067.61,233.42,83.0,5.14,1068.29,234.46,1.2425779653607774,matched,1
annealing_T=100_h=25,v,20260702-101218,30.0,29,1067.88,231.35,1067.88,231.35,74.0,4.85,1068.29,234.46,3.1369093069452876,matched,1
annealing_T=100_h=5,T,20260610-203538,30.0,29,1067.71,234.19999999999996,1067.71,234.2,80.0,5.05,1068.29,234.46,0.6356099432827813,matched,1
annealing_T=100_h=5,v,20260612-001017,30.0,29,1068.74,233.62,1068.74,233.62,85.0,5.2,1068.29,234.46,0.9529428104561399,matched,1
annealing_T=75_h=25,T,20260530-001924,30.0,29,1067.24,233.46,1067.24,233.46,62.0,4.44,1068.29,234.46,1.449999999999967,matched,1
annealing_T=75_h=25,v,20260531-095134,30.0,29,1068.11,234.35,1068.11,234.35,74.0,4.85,1068.29,234.46,0.2109502310973513,matched,1
annealing_T=75_h=5,T,20260520-085312,32.0,29,1067.75,234.58,1067.75,234.58,65.0,4.55,1068.29,234.46,0.5531726674375387,matched,1
annealing_T=75_h=5,v,20260521-080451,30.0,29,1069.41,235.2,1069.41,235.2,58.0,4.3,1068.29,234.46,1.3423859355640748,matched,1
before_annealing,T,20260513-032137,29.0,29,1068.29,234.46,1068.29,234.46,63.0,4.48,1068.29,234.46,0.0,primary_reference,1
before_annealing,v,20260514-062228,29.0,29,1068.35,233.38,1068.35,233.38,67.0,4.62,1068.29,234.46,1.0816653826392062,matched,1
annealing_T=100_h=5,T,20260610-203538,31.0,30,1087.69,909.59,1087.69,909.59,40.0,3.57,1088.01,910.26,0.7424957912337985,matched,1
annealing_T=100_h=5,v,20260612-001017,31.0,30,1088.27,909.13,1088.27,909.13,54.0,4.15,1088.01,910.26,1.159525765129859,matched,1
annealing_T=75_h=25,T,20260530-001924,31.0,30,1087.2,909.0300000000001,1087.2,909.03,129.0,6.41,1088.01,910.26,1.4727525250359195,matched,1
annealing_T=75_h=25,v,20260531-095134,31.0,30,1087.25,909.65,1087.25,909.65,187.0,7.72,1088.01,910.26,0.9745255255764227,matched,1
annealing_T=75_h=5,T,20260520-085312,33.0,30,1087.38,909.64,1087.38,909.64,115.0,6.05,1088.01,910.26,0.883911760301817,matched,1
annealing_T=75_h=5,v,20260521-080451,31.0,30,1088.17,910.53,1088.17,910.53,102.0,5.7,1088.01,910.26,0.3138470965295304,matched,1
before_annealing,T,20260513-032137,30.0,30,1088.01,910.2599999999999,1088.01,910.26,162.0,7.18,1088.01,910.26,0.0,primary_reference,1
before_annealing,v,20260514-062228,30.0,30,1087.38,909.52,1087.38,909.52,64.0,4.51,1088.01,910.26,0.9718538984846768,matched,1
annealing_T=100_h=25,T,20260625-095817,33.0,31,1088.92,686.57,1088.92,686.57,114.0,6.02,1089.04,687.69,1.1264102272262908,matched,1
annealing_T=100_h=25,v,20260702-101218,32.0,31,1088.7,684.44,1088.7,684.44,127.0,6.36,1089.04,687.69,3.2677362194644695,matched,1
annealing_T=100_h=5,T,20260610-203538,32.0,31,1088.63,687.1,1088.63,687.1,145.0,6.79,1089.04,687.69,0.7184705978673854,matched,1
annealing_T=100_h=5,v,20260612-001017,32.0,31,1088.8,686.67,1088.8,686.67,142.0,6.72,1089.04,687.69,1.047854951794474,matched,1
annealing_T=125_h=25,T,20260827-053720,22.0,31,1089.03,685.2800000000001,1089.03,685.28,127.0,6.36,1089.04,687.69,2.4100207467986343,matched,1
annealing_T=125_h=25,v,20260828-044900,19.0,31,1088.58,687.18,1088.58,687.18,124.0,6.28,1089.04,687.69,0.6868041933478131,matched,1
annealing_T=125_h=5,T,20260723-075232,24.0,31,1086.91,686.0499999999998,1086.91,686.05,135.0,6.56,1089.04,687.69,2.6882150211618483,matched,1
annealing_T=150_h=25,T,20260916-045914,19.0,31,1088.83,685.7800000000001,1088.83,685.78,118.0,6.13,1089.04,687.69,1.921509823029769,matched,1
annealing_T=150_h=25,v,20260917-041113,18.0,31,1088.87,686.81,1088.87,686.81,109.0,5.89,1089.04,687.69,0.8962700485903882,matched,1
annealing_T=150_h=5,T,20260908-043207,21.0,31,1088.67,686.41,1088.67,686.41,103.0,5.73,1089.04,687.69,1.3324038426843945,matched,1
annealing_T=150_h=5,v,20260909-034512,20.0,31,1088.36,686.42,1088.36,686.42,102.0,5.7,1089.04,687.69,1.4405901568455648,matched,1
annealing_T=75_h=25,T,20260530-001924,32.0,31,1088.06,686.38,1088.06,686.38,151.0,6.93,1089.04,687.69,1.636001222493489,matched,1
annealing_T=75_h=25,v,20260531-095134,32.0,31,1088.14,687.1,1088.14,687.1,152.0,6.96,1089.04,687.69,1.0761505470889248,matched,1
annealing_T=75_h=5,T,20260520-085312,34.0,31,1088.63,687.32,1088.63,687.32,154.0,7.0,1089.04,687.69,0.552268050859258,matched,1
annealing_T=75_h=5,v,20260521-080451,32.0,31,1089.48,687.61,1089.48,687.61,156.0,7.05,1089.04,687.69,0.44721359550001893,matched,1
before_annealing,T,20260513-032137,31.0,31,1089.04,687.69,1089.04,687.69,145.0,6.79,1089.04,687.69,0.0,primary_reference,1
before_annealing,v,20260514-062228,31.0,31,1088.76,686.78,1088.76,686.78,148.0,6.86,1089.04,687.69,0.9521029356115512,matched,1
annealing_T=100_h=25,T,20260625-095817,34.0,32,1149.46,427.32,1149.46,427.32,74.0,4.85,1148.87,429.04,1.818378398463935,matched,1
annealing_T=100_h=25,v,20260702-101218,33.0,32,1149.44,425.79,1149.44,425.79,64.0,4.51,1148.87,429.04,3.299606037089911,matched,1
annealing_T=100_h=5,T,20260610-203538,33.0,32,1148.8,428.33,1148.8,428.33,88.0,5.29,1148.87,429.04,0.7134423592695087,matched,1
annealing_T=100_h=5,v,20260612-001017,33.0,32,1149.34,428.44,1149.34,428.44,85.0,5.2,1148.87,429.04,0.7621679604916838,matched,1
annealing_T=125_h=25,T,20260827-053720,23.0,32,1149.79,426.39000000000004,1149.79,426.39,49.0,3.95,1148.87,429.04,2.8051559671433623,matched,1
annealing_T=125_h=25,v,20260828-044900,20.0,32,1148.44,428.34,1148.44,428.34,65.0,4.55,1148.87,429.04,0.821522975941588,matched,1
annealing_T=125_h=5,T,20260723-075232,25.0,32,1147.68,427.14000000000004,1147.68,427.14,90.0,5.35,1148.87,429.04,2.2418965185751776,matched,1
annealing_T=150_h=25,T,20260916-045914,20.0,32,1148.99,426.93,1148.99,426.93,33.0,3.24,1148.87,429.04,2.113409567499893,matched,1
annealing_T=150_h=25,v,20260917-041113,19.0,32,1148.74,428.04,1148.74,428.04,38.0,3.48,1148.87,429.04,1.0084145972763232,matched,1
annealing_T=150_h=5,T,20260908-043207,23.0,32,1149.51,427.76,1149.51,427.76,61.0,4.41,1148.87,429.04,1.4310835055999367,matched,1
annealing_T=150_h=5,v,20260909-034512,22.0,32,1148.33,427.47,1148.33,427.47,46.0,3.83,1148.87,429.04,1.6602710622063914,matched,1
annealing_T=75_h=25,T,20260530-001924,33.0,32,1148.13,428.25,1148.13,428.25,92.0,5.41,1148.87,429.04,1.0824509226748846,matched,1
annealing_T=75_h=25,v,20260531-095134,33.0,32,1148.4,428.44,1148.4,428.44,114.0,6.02,1148.87,429.04,0.7621679604915437,matched,1
annealing_T=75_h=5,T,20260520-085312,35.0,32,1148.9,428.60999999999996,1148.9,428.61,119.0,6.15,1148.87,429.04,0.43104524124512356,matched,1
annealing_T=75_h=5,v,20260521-080451,33.0,32,1149.67,429.01,1149.67,429.01,123.0,6.26,1148.87,429.04,0.8005623023852002,matched,1
before_annealing,T,20260513-032137,32.0,32,1148.87,429.04,1148.87,429.04,115.0,6.05,1148.87,429.04,0.0,primary_reference,1
before_annealing,v,20260514-062228,32.0,32,1148.78,428.0,1148.78,428.0,121.0,6.21,1148.87,429.04,1.0438869670611028,matched,1
annealing_T=100_h=25,T,20260625-095817,35.0,33,1169.36,238.74,1169.36,238.74,726.0,15.2,1169.52,239.79,1.062120520468365,matched,1
annealing_T=100_h=25,v,20260702-101218,34.0,33,1169.58,236.66,1169.58,236.66,776.0,15.72,1169.52,239.79,3.130575027051734,matched,1
annealing_T=100_h=5,T,20260610-203538,34.0,33,1169.25,239.41,1169.25,239.41,737.0,15.32,1169.52,239.79,0.46615448083225236,matched,1
annealing_T=100_h=5,v,20260612-001017,34.0,33,1170.11,238.99,1170.11,238.99,745.0,15.4,1169.52,239.79,0.9940321926375806,matched,1
annealing_T=125_h=25,T,20260827-053720,24.0,33,1169.88,237.42999999999998,1169.88,237.43,368.0,10.82,1169.52,239.79,2.3872997298203167,matched,1
annealing_T=125_h=25,v,20260828-044900,21.0,33,1169.1,239.18,1169.1,239.18,337.0,10.36,1169.52,239.79,0.74060785845145,matched,1
annealing_T=125_h=5,T,20260723-075232,26.0,33,1168.06,238.29,1168.06,238.29,471.0,12.24,1169.52,239.79,2.0932271735289762,matched,1
annealing_T=150_h=25,T,20260916-045914,21.0,33,1169.47,237.59,1169.47,237.59,116.0,6.08,1169.52,239.79,2.2005681084665265,matched,1
annealing_T=150_h=25,v,20260917-041113,20.0,33,1169.73,238.88,1169.73,238.88,118.0,6.13,1169.52,239.79,0.9339164844888482,matched,1
annealing_T=150_h=5,T,20260908-043207,24.0,33,1169.62,238.79,1169.62,238.79,793.0,15.89,1169.52,239.79,1.00498756211208,matched,1
annealing_T=150_h=5,v,20260909-034512,23.0,33,1169.24,238.63,1169.24,238.63,814.0,16.1,1169.52,239.79,1.193314711214094,matched,1
annealing_T=75_h=25,T,20260530-001924,34.0,33,1168.75,238.78,1168.75,238.78,774.0,15.7,1169.52,239.79,1.2700393694685033,matched,1
annealing_T=75_h=25,v,20260531-095134,34.0,33,1169.38,239.4,1169.38,239.4,764.0,15.59,1169.52,239.79,0.41436698710195735,matched,1
annealing_T=75_h=5,T,20260520-085312,36.0,33,1169.47,239.48,1169.47,239.48,717.0,15.11,1169.52,239.79,0.31400636936214665,matched,1
annealing_T=75_h=5,v,20260521-080451,34.0,33,1170.45,239.89,1170.45,239.89,752.0,15.47,1169.52,239.79,0.9353608929178712,matched,1
before_annealing,T,20260513-032137,33.0,33,1169.52,239.79,1169.52,239.79,707.0,15.0,1169.52,239.79,0.0,primary_reference,1
before_annealing,v,20260514-062228,33.0,33,1169.84,238.86,1169.84,238.86,750.0,15.45,1169.52,239.79,0.9835141076771188,matched,1
annealing_T=150_h=5,T,20260908-043207,26.0,34,1179.84,592.51,1179.84,592.51,30.0,3.09,1180.58,593.45,1.196327714299103,matched,1
annealing_T=150_h=5,v,20260909-034512,25.0,34,1179.41,592.46,1179.41,592.46,31.0,3.14,1180.58,593.45,1.532644772933264,matched,1
annealing_T=75_h=25,T,20260530-001924,35.0,34,1179.89,592.88,1179.89,592.88,96.0,5.53,1180.58,593.45,0.8949860334104764,matched,1
annealing_T=75_h=25,v,20260531-095134,36.0,34,1179.75,592.95,1179.75,592.95,95.0,5.5,1180.58,593.45,0.9689685237405182,matched,1
annealing_T=75_h=5,T,20260520-085312,38.0,34,1179.83,593.34,1179.83,593.34,82.0,5.11,1180.58,593.45,0.758023746329891,matched,1
annealing_T=75_h=5,v,20260521-080451,36.0,34,1181.15,593.92,1181.15,593.92,95.0,5.5,1180.58,593.45,0.7387827826906265,matched,1
before_annealing,T,20260513-032137,34.0,34,1180.58,593.45,1180.58,593.45,85.0,5.2,1180.58,593.45,0.0,primary_reference,1
before_annealing,v,20260514-062228,34.0,34,1180.71,592.38,1180.71,592.38,95.0,5.5,1180.58,593.45,1.0778682665335944,matched,1
annealing_T=75_h=25,T,20260530-001924,36.0,35,1227.22,669.4,1227.22,669.4,140.0,6.68,1227.79,667.24,2.2339427029357286,matched,1
annealing_T=75_h=25,v,20260531-095134,37.0,35,1227.02,666.98,1227.02,666.98,290.0,9.61,1227.79,667.24,0.8127115109311344,matched,1
annealing_T=75_h=5,T,20260520-085312,39.0,35,1227.38,667.56,1227.38,667.56,246.0,8.85,1227.79,667.24,0.5200961449576799,matched,1
annealing_T=75_h=5,v,20260521-080451,37.0,35,1228.41,671.04,1228.41,671.04,136.0,6.58,1227.79,667.24,3.85024674533981,matched,1
before_annealing,T,20260513-032137,35.0,35,1227.79,667.24,1227.79,667.24,231.0,8.57,1227.79,667.24,0.0,primary_reference,1
before_annealing,v,20260514-062228,35.0,35,1227.63,666.4,1227.63,666.4,246.0,8.85,1227.79,667.24,0.855102333057282,matched,1
annealing_T=100_h=25,T,20260625-095817,38.0,36,1241.53,152.7,1241.53,152.7,60.0,4.37,1241.46,154.51,1.8113530854032847,matched,1
annealing_T=100_h=5,v,20260612-001017,36.0,36,1241.61,153.61,1241.61,153.61,80.0,5.05,1241.46,154.51,0.9124143795446881,matched,1
annealing_T=125_h=25,v,20260828-044900,22.0,36,1240.39,153.34,1240.39,153.34,30.0,3.09,1241.46,154.51,1.5854967675778575,matched,1
annealing_T=125_h=5,T,20260723-075232,29.0,36,1240.05,152.38,1240.05,152.38,41.0,3.61,1241.46,154.51,2.5544079548890015,matched,1
annealing_T=75_h=25,T,20260530-001924,37.0,36,1240.7,153.17,1240.7,153.17,87.0,5.26,1241.46,154.51,1.5405193929321355,matched,1
annealing_T=75_h=5,T,20260520-085312,40.0,36,1241.08,154.04,1241.08,154.04,95.0,5.5,1241.46,154.51,0.6044005294505307,matched,1
before_annealing,T,20260513-032137,36.0,36,1241.46,154.51,1241.46,154.51,98.0,5.59,1241.46,154.51,0.0,primary_reference,1
annealing_T=100_h=25,T,20260625-095817,39.0,37,1244.5,483.01,1244.5,483.01,240.0,8.74,1244.59,484.33,1.3230646242719843,matched,1
annealing_T=100_h=25,v,20260702-101218,37.0,37,1244.34,481.04,1244.34,481.04,170.0,7.36,1244.59,484.33,3.299484808269279,matched,1
annealing_T=100_h=5,T,20260610-203538,36.0,37,1244.28,483.62000000000006,1244.28,483.62,204.0,8.06,1244.59,484.33,0.7747257579297698,matched,1
annealing_T=100_h=5,v,20260612-001017,37.0,37,1244.98,483.28,1244.98,483.28,202.0,8.02,1244.59,484.33,1.1200892821557136,matched,1
annealing_T=125_h=25,T,20260827-053720,26.0,37,1243.95,481.79,1243.95,481.79,56.0,4.22,1244.59,484.33,2.6193892417889426,matched,1
annealing_T=125_h=5,T,20260723-075232,30.0,37,1242.97,482.98,1242.97,482.98,91.0,5.38,1244.59,484.33,2.108767412494691,matched,1
annealing_T=150_h=25,T,20260916-045914,22.0,37,1244.15,482.25,1244.15,482.25,34.0,3.29,1244.59,484.33,2.1260291625468786,matched,1
annealing_T=150_h=25,v,20260917-041113,21.0,37,1243.39,483.52,1243.39,483.52,37.0,3.43,1244.59,484.33,1.4477914214414889,matched,1
annealing_T=150_h=5,v,20260909-034512,26.0,37,1244.33,482.44,1244.33,482.44,33.0,3.24,1244.59,484.33,1.90779977985111,matched,1
annealing_T=75_h=25,T,20260530-001924,38.0,37,1243.49,483.09,1243.49,483.09,151.0,6.93,1244.59,484.33,1.657588609999424,matched,1
annealing_T=75_h=25,v,20260531-095134,38.0,37,1243.94,483.81,1243.94,483.81,198.0,7.94,1244.59,484.33,0.8324061508661524,matched,1
annealing_T=75_h=5,T,20260520-085312,41.0,37,1244.18,483.79,1244.18,483.79,241.0,8.76,1244.59,484.33,0.6780117993072402,matched,1
annealing_T=75_h=5,v,20260521-080451,38.0,37,1245.16,484.32,1245.16,484.32,294.0,9.67,1244.59,484.33,0.5700877125497326,matched,1
before_annealing,T,20260513-032137,37.0,37,1244.59,484.33,1244.59,484.33,216.0,8.29,1244.59,484.33,0.0,primary_reference,1
before_annealing,v,20260514-062228,36.0,37,1244.71,483.32,1244.71,483.32,226.0,8.48,1244.59,484.33,1.0171037311897002,matched,1
annealing_T=100_h=25,T,20260625-095817,40.0,38,1254.52,594.71,1254.52,594.71,64.0,4.51,1254.72,595.84,1.1475626344561798,matched,1
annealing_T=100_h=25,v,20260702-101218,38.0,38,1254.75,592.66,1254.75,592.66,67.0,4.62,1254.72,595.84,3.1801415062855933,matched,1
annealing_T=100_h=5,T,20260610-203538,37.0,38,1254.59,595.46,1254.59,595.46,99.0,5.61,1254.72,595.84,0.40162171256049506,matched,1
annealing_T=100_h=5,v,20260612-001017,38.0,38,1254.65,594.98,1254.65,594.98,60.0,4.37,1254.72,595.84,0.8628441342444269,matched,1
before_annealing,T,20260513-032137,38.0,38,1254.72,595.84,1254.72,595.84,96.0,5.53,1254.72,595.84,0.0,primary_reference,1
before_annealing,v,20260514-062228,37.0,38,1254.72,595.14,1254.72,595.14,102.0,5.7,1254.72,595.84,0.7000000000000455,matched,1
before_annealing,T,20260513-032137,39.0,39,1254.75,232.82000000000002,1254.75,232.82,83.0,5.14,1254.75,232.82,0.0,primary_reference,1
before_annealing,v,20260514-062228,38.0,39,1255.56,231.78,1255.56,231.78,90.0,5.35,1254.75,232.82,1.3182184947875277,matched,1
annealing_T=100_h=25,T,20260625-095817,41.0,40,1266.08,412.1000000000001,1266.08,412.1,59.0,4.33,1266.92,413.11,1.31365901207281,matched,1
annealing_T=100_h=25,v,20260702-101218,39.0,40,1266.79,410.25,1266.79,410.25,75.0,4.89,1266.92,413.11,2.8629530209208998,matched,1
annealing_T=100_h=5,v,20260612-001017,39.0,40,1266.25,412.82,1266.25,412.82,32.0,3.19,1266.92,413.11,0.7300684899378341,matched,1
annealing_T=125_h=25,T,20260827-053720,27.0,40,1266.44,410.71,1266.44,410.71,54.0,4.15,1266.92,413.11,2.4475293665245736,matched,1
annealing_T=125_h=25,v,20260828-044900,23.0,40,1266.32,412.96,1266.32,412.96,38.0,3.48,1266.92,413.11,0.6184658438427897,matched,1
annealing_T=125_h=5,T,20260723-075232,31.0,40,1264.62,411.57,1264.62,411.57,60.0,4.37,1266.92,413.11,2.767959537276674,matched,1
annealing_T=75_h=25,T,20260530-001924,39.0,40,1265.65,412.31,1265.65,412.31,72.0,4.79,1266.92,413.11,1.5009663553857469,matched,1
annealing_T=75_h=25,v,20260531-095134,39.0,40,1266.0,412.8,1266.0,412.8,72.0,4.79,1266.92,413.11,0.9708243919474496,matched,1
annealing_T=75_h=5,T,20260520-085312,42.0,40,1266.27,412.95,1266.27,412.95,75.0,4.89,1266.92,413.11,0.6694027188472768,matched,1
annealing_T=75_h=5,v,20260521-080451,39.0,40,1267.17,412.93,1267.17,412.93,66.0,4.58,1266.92,413.11,0.3080584360149912,matched,1
before_annealing,T,20260513-032137,40.0,40,1266.92,413.10999999999996,1266.92,413.11,68.0,4.65,1266.92,413.11,0.0,primary_reference,1
before_annealing,v,20260514-062228,39.0,40,1266.77,412.39,1266.77,412.39,87.0,5.26,1266.92,413.11,0.7354590403279211,matched,1
annealing_T=100_h=5,T,20260610-203538,38.0,41,1287.36,874.2400000000001,1287.36,874.24,85.0,5.2,1287.85,874.23,0.49010203019372506,matched,1
annealing_T=100_h=5,v,20260612-001017,40.0,41,1287.66,873.34,1287.66,873.34,87.0,5.26,1287.85,874.23,0.9100549433962271,matched,1
annealing_T=75_h=25,T,20260530-001924,40.0,41,1286.44,873.11,1286.44,873.11,101.0,5.67,1287.85,874.23,1.8006943105367996,matched,1
annealing_T=75_h=25,v,20260531-095134,40.0,41,1286.63,873.82,1286.63,873.82,101.0,5.67,1287.85,874.23,1.287050892544458,matched,1
annealing_T=75_h=5,T,20260520-085312,43.0,41,1286.68,874.0499999999998,1286.68,874.05,100.0,5.64,1287.85,874.23,1.1837651794168056,matched,1
annealing_T=75_h=5,v,20260521-080451,40.0,41,1287.81,874.46,1287.81,874.46,86.0,5.23,1287.85,874.23,0.23345235059858674,matched,1
before_annealing,T,20260513-032137,41.0,41,1287.85,874.23,1287.85,874.23,100.0,5.64,1287.85,874.23,0.0,primary_reference,1
before_annealing,v,20260514-062228,40.0,41,1287.27,873.45,1287.27,873.45,97.0,5.56,1287.85,874.23,0.9720082304177641,matched,1
annealing_T=100_h=25,T,20260625-095817,42.0,42,1292.82,319.74,1292.82,319.74,113.0,6.0,1292.7,320.64,0.9079647570252564,matched,1
annealing_T=100_h=25,v,20260702-101218,40.0,42,1292.86,317.52,1292.86,317.52,119.0,6.15,1292.7,320.64,3.124099870362659,matched,1
annealing_T=100_h=5,T,20260610-203538,39.0,42,1292.76,320.67,1292.76,320.67,124.0,6.28,1292.7,320.64,0.0670820393249581,matched,1
annealing_T=100_h=5,v,20260612-001017,41.0,42,1293.38,320.11,1293.38,320.11,122.0,6.23,1292.7,320.64,0.8621484790916571,matched,1
annealing_T=125_h=25,T,20260827-053720,28.0,42,1293.13,318.56,1293.13,318.56,115.0,6.05,1292.7,320.64,2.12398210915252,matched,1
annealing_T=125_h=25,v,20260828-044900,24.0,42,1292.55,320.1,1292.55,320.1,103.0,5.73,1292.7,320.64,0.5604462507680714,matched,1
annealing_T=125_h=5,T,20260723-075232,32.0,42,1291.1,319.9,1291.1,319.9,104.0,5.75,1292.7,320.64,1.7628386199537522,matched,1
annealing_T=150_h=25,T,20260916-045914,23.0,42,1292.98,318.79,1292.98,318.79,117.0,6.1,1292.7,320.64,1.87106921304367,matched,1
annealing_T=150_h=25,v,20260917-041113,22.0,42,1292.93,320.22,1292.93,320.22,114.0,6.02,1292.7,320.64,0.478852795752488,matched,1
annealing_T=150_h=5,T,20260908-043207,28.0,42,1292.71,319.8,1292.71,319.8,113.0,6.0,1292.7,320.64,0.8400595217006697,matched,1
annealing_T=150_h=5,v,20260909-034512,28.0,42,1292.45,319.3,1292.45,319.3,111.0,5.94,1292.7,320.64,1.363121417922825,matched,1
annealing_T=75_h=25,T,20260530-001924,41.0,42,1291.96,319.83,1291.96,319.83,117.0,6.1,1292.7,320.64,1.097132626440403,matched,1
annealing_T=75_h=25,v,20260531-095134,41.0,42,1292.63,320.46,1292.63,320.46,117.0,6.1,1292.7,320.64,0.19313207915826294,matched,1
annealing_T=75_h=5,T,20260520-085312,44.0,42,1292.4,320.42,1292.4,320.42,115.0,6.05,1292.7,320.64,0.37202150475471135,matched,1
annealing_T=75_h=5,v,20260521-080451,41.0,42,1293.44,321.01,1293.44,321.01,115.0,6.05,1292.7,320.64,0.8273451516749324,matched,1
before_annealing,T,20260513-032137,42.0,42,1292.7,320.64,1292.7,320.64,129.0,6.41,1292.7,320.64,0.0,primary_reference,1
before_annealing,v,20260514-062228,41.0,42,1292.86,320.15,1292.86,320.15,111.0,5.94,1292.7,320.64,0.5154609587543584,matched,1
annealing_T=100_h=25,T,20260625-095817,43.0,43,1320.56,72.84,1320.56,72.84,47.0,3.87,1320.67,74.39,1.5538983235720474,matched,1
annealing_T=100_h=25,v,20260702-101218,41.0,43,1320.71,70.76,1320.71,70.76,40.0,3.57,1320.67,74.39,3.6302203789852707,matched,1
annealing_T=100_h=5,T,20260610-203538,40.0,43,1320.54,73.61,1320.54,73.61,55.0,4.18,1320.67,74.39,0.7907591289387876,matched,1
annealing_T=100_h=5,v,20260612-001017,42.0,43,1321.81,73.27,1321.81,73.27,67.0,4.62,1320.67,74.39,1.5981239000777505,matched,1
annealing_T=75_h=25,T,20260530-001924,42.0,43,1320.17,72.92,1320.17,72.92,64.0,4.51,1320.67,74.39,1.5527073130503368,matched,1
annealing_T=75_h=25,v,20260531-095134,42.0,43,1321.04,73.23,1321.04,73.23,73.0,4.82,1320.67,74.39,1.2175795661885556,matched,1
annealing_T=75_h=5,T,20260520-085312,45.0,43,1320.96,73.48,1320.96,73.48,56.0,4.22,1320.67,74.39,0.9550916186418833,matched,1
annealing_T=75_h=5,v,20260521-080451,42.0,43,1321.48,74.27,1321.48,74.27,63.0,4.48,1320.67,74.39,0.8188406438373175,matched,1
before_annealing,T,20260513-032137,43.0,43,1320.67,74.39,1320.67,74.39,86.0,5.23,1320.67,74.39,0.0,primary_reference,1
before_annealing,v,20260514-062228,42.0,43,1321.56,72.94,1321.56,72.94,91.0,5.38,1320.67,74.39,1.701352403236843,matched,1
annealing_T=75_h=25,T,20260530-001924,43.0,44,1321.94,528.07,1321.94,528.07,87.0,5.26,1322.15,529.6,1.544344521148028,matched,1
annealing_T=75_h=25,v,20260531-095134,43.0,44,1322.37,529.17,1322.37,529.17,81.0,5.08,1322.15,529.6,0.4830113870292984,matched,1
annealing_T=75_h=5,T,20260520-085312,46.0,44,1322.3,529.93,1322.3,529.93,62.0,4.44,1322.15,529.6,0.36249137920771446,matched,1
annealing_T=75_h=5,v,20260521-080451,43.0,44,1323.6,529.55,1323.6,529.55,62.0,4.44,1322.15,529.6,1.4508618128545114,matched,1
before_annealing,T,20260513-032137,44.0,44,1322.15,529.6,1322.15,529.6,40.0,3.57,1322.15,529.6,0.0,primary_reference,1
before_annealing,v,20260514-062228,43.0,44,1322.55,529.2,1322.55,529.2,37.0,3.43,1322.15,529.6,0.5656854249491254,matched,1
annealing_T=100_h=25,T,20260625-095817,44.0,45,1372.54,810.67,1372.54,810.67,103.0,5.73,1372.43,811.18,0.5217278984297933,matched,1
annealing_T=100_h=25,v,20260702-101218,42.0,45,1372.21,808.12,1372.21,808.12,130.0,6.43,1372.43,811.18,3.0678983033991982,matched,1
annealing_T=100_h=5,T,20260610-203538,41.0,45,1371.8100000000002,811.27,1371.81,811.27,146.0,6.82,1372.43,811.18,0.62649820430698,matched,1
annealing_T=100_h=5,v,20260612-001017,43.0,45,1372.45,810.54,1372.45,810.54,164.0,7.23,1372.43,811.18,0.6403124237432707,matched,1
annealing_T=125_h=25,T,20260827-053720,29.0,45,1372.25,809.2599999999999,1372.25,809.26,72.0,4.79,1372.43,811.18,1.928419041598662,matched,1
annealing_T=125_h=25,v,20260828-044900,25.0,45,1372.06,810.67,1372.06,810.67,57.0,4.26,1372.43,811.18,0.6300793600809966,matched,1
annealing_T=125_h=5,T,20260723-075232,33.0,45,1370.32,810.04,1370.32,810.04,78.0,4.98,1372.43,811.18,2.3982702099639455,matched,1
annealing_T=150_h=25,T,20260916-045914,24.0,45,1372.7,809.41,1372.7,809.41,73.0,4.82,1372.43,811.18,1.7904747973651922,matched,1
annealing_T=150_h=25,v,20260917-041113,23.0,45,1372.47,811.0,1372.47,811.0,72.0,4.79,1372.43,811.18,0.184390889145801,matched,1
annealing_T=150_h=5,T,20260908-043207,29.0,45,1371.49,811.02,1371.49,811.02,75.0,4.89,1372.43,811.18,0.9535197952848659,matched,1
annealing_T=150_h=5,v,20260909-034512,29.0,45,1371.42,810.01,1371.42,810.01,64.0,4.51,1372.43,811.18,1.545639026422368,matched,1
annealing_T=75_h=25,T,20260530-001924,44.0,45,1371.3499999999997,810.39,1371.35,810.39,189.0,7.76,1372.43,811.18,1.338095661752465,matched,1
annealing_T=75_h=25,v,20260531-095134,44.0,45,1371.47,810.89,1371.47,810.89,191.0,7.8,1372.43,811.18,1.0028459502835163,matched,1
annealing_T=75_h=5,T,20260520-085312,47.0,45,1371.89,811.15,1371.89,811.15,215.0,8.27,1372.43,811.18,0.5408326913195606,matched,1
annealing_T=75_h=5,v,20260521-080451,44.0,45,1372.58,811.55,1372.58,811.55,231.0,8.57,1372.43,811.18,0.39924929555349553,matched,1
before_annealing,T,20260513-032137,45.0,45,1372.43,811.18,1372.43,811.18,211.0,8.2,1372.43,811.18,0.0,primary_reference,1
before_annealing,v,20260514-062228,44.0,45,1372.33,810.33,1372.33,810.33,240.0,8.74,1372.43,811.18,0.8558621384311101,matched,1
annealing_T=100_h=25,T,20260625-095817,45.0,46,1375.7699999999998,911.7800000000001,1375.77,911.78,182.0,7.61,1376.04,912.93,1.1812705024674912,matched,1
annealing_T=100_h=25,v,20260702-101218,43.0,46,1375.56,909.49,1375.56,909.49,102.0,5.7,1376.04,912.93,3.4733269353747294,matched,1
annealing_T=100_h=5,T,20260610-203538,42.0,46,1375.38,912.5099999999999,1375.38,912.51,182.0,7.61,1376.04,912.93,0.7823042886242342,matched,1
annealing_T=100_h=5,v,20260612-001017,44.0,46,1375.87,912.19,1375.87,912.19,180.0,7.57,1376.04,912.93,0.759275970909043,matched,1
annealing_T=125_h=25,T,20260827-053720,30.0,46,1375.8,910.75,1375.8,910.75,69.0,4.69,1376.04,912.93,2.193171219946082,matched,1
annealing_T=125_h=25,v,20260828-044900,26.0,46,1375.62,911.58,1375.62,911.58,44.0,3.74,1376.04,912.93,1.4138246001537162,matched,1
annealing_T=125_h=5,T,20260723-075232,34.0,46,1373.8499999999997,911.4500000000002,1373.85,911.45,109.0,5.89,1376.04,912.93,2.6431988196124436,matched,1
annealing_T=150_h=25,T,20260916-045914,25.0,46,1375.37,911.2199999999999,1375.37,911.22,48.0,3.91,1376.04,912.93,1.8365728953679519,matched,1
annealing_T=150_h=25,v,20260917-041113,24.0,46,1375.84,912.0,1375.84,912.0,62.0,4.44,1376.04,912.93,0.9512623192368787,matched,1
annealing_T=75_h=25,T,20260530-001924,45.0,46,1374.8499999999997,911.9,1374.85,911.9,181.0,7.59,1376.04,912.93,1.573848785620974,matched,1
annealing_T=75_h=25,v,20260531-095134,45.0,46,1374.92,912.58,1374.92,912.58,185.0,7.67,1376.04,912.93,1.1734138229966835,matched,1
annealing_T=75_h=5,T,20260520-085312,48.0,46,1375.4000000000003,912.65,1375.4,912.65,173.0,7.42,1376.04,912.93,0.6985699678625833,matched,1
annealing_T=75_h=5,v,20260521-080451,45.0,46,1376.13,913.17,1376.13,913.17,194.0,7.86,1376.04,912.93,0.2563201123595856,matched,1
before_annealing,T,20260513-032137,46.0,46,1376.04,912.93,1376.04,912.93,205.0,8.08,1376.04,912.93,0.0,primary_reference,1
before_annealing,v,20260514-062228,45.0,46,1375.59,912.08,1375.59,912.08,193.0,7.84,1376.04,912.93,0.9617692030835081,matched,1
annealing_T=100_h=5,T,20260610-203538,45.0,47,1464.22,944.84,1464.22,944.84,92.0,5.41,1465.47,945.43,1.382244551445186,matched,1
annealing_T=100_h=5,v,20260612-001017,47.0,47,1464.35,944.79,1464.35,944.79,94.0,5.47,1465.47,945.43,1.289961239727864,matched,1
annealing_T=75_h=25,T,20260530-001924,46.0,47,1463.6500000000003,944.23,1463.65,944.23,101.0,5.67,1465.47,945.43,2.1799999999997195,matched,1
annealing_T=75_h=25,v,20260531-095134,46.0,47,1463.41,945.06,1463.41,945.06,112.0,5.97,1465.47,945.43,2.0929644048573253,matched,1
annealing_T=75_h=5,T,20260520-085312,49.0,47,1464.11,944.73,1464.11,944.73,36.0,3.39,1465.47,945.43,1.5295751043999934,matched,1
annealing_T=75_h=5,v,20260521-080451,46.0,47,1464.54,946.01,1464.54,946.01,46.0,3.83,1465.47,945.43,1.0960383204980408,matched,1
before_annealing,T,20260513-032137,47.0,47,1465.47,945.43,1465.47,945.43,45.0,3.78,1465.47,945.43,0.0,primary_reference,1
before_annealing,v,20260514-062228,46.0,47,1464.4,944.57,1464.4,944.57,41.0,3.61,1465.47,945.43,1.3727709204378171,matched,1
annealing_T=100_h=25,T,20260625-095817,49.0,48,1496.9000000000003,507.23,1496.9,507.23,406.0,11.37,1497.05,508.27,1.0507616285341863,matched,1
annealing_T=100_h=25,v,20260702-101218,47.0,48,1496.66,505.03,1496.66,505.03,429.0,11.69,1497.05,508.27,3.2633878102364666,matched,1
annealing_T=100_h=5,T,20260610-203538,46.0,48,1496.68,508.04,1496.68,508.04,432.0,11.73,1497.05,508.27,0.4356604182157262,matched,1
annealing_T=100_h=5,v,20260612-001017,48.0,48,1497.25,507.72,1497.25,507.72,428.0,11.67,1497.05,508.27,0.585234995535954,matched,1
annealing_T=125_h=5,T,20260723-075232,38.0,48,1495.39,507.08,1495.39,507.08,329.0,10.23,1497.05,508.27,2.0424739900423483,matched,1
annealing_T=150_h=25,T,20260916-045914,26.0,48,1496.74,505.29,1496.74,505.29,44.0,3.74,1497.05,508.27,2.996080773276938,matched,1
annealing_T=150_h=25,v,20260917-041113,25.0,48,1495.29,506.45,1495.29,506.45,43.0,3.7,1497.05,508.27,2.531797780234421,matched,1
annealing_T=150_h=5,T,20260908-043207,30.0,48,1495.8499999999997,506.3999999999999,1495.85,506.4,70.0,4.72,1497.05,508.27,2.2219135896791498,matched,1
annealing_T=150_h=5,v,20260909-034512,30.0,48,1495.94,505.64,1495.94,505.64,71.0,4.75,1497.05,508.27,2.854645336990176,matched,1
annealing_T=75_h=25,T,20260530-001924,47.0,48,1496.05,507.44,1496.05,507.44,447.0,11.93,1497.05,508.27,1.299576854210621,matched,1
annealing_T=75_h=25,v,20260531-095134,47.0,48,1496.38,508.31,1496.38,508.31,440.0,11.83,1497.05,508.27,0.6711929677818402,matched,1
annealing_T=75_h=5,T,20260520-085312,50.0,48,1496.66,508.31,1496.66,508.31,442.0,11.86,1497.05,508.27,0.3920459156781286,matched,1
annealing_T=75_h=5,v,20260521-080451,47.0,48,1497.76,508.91,1497.76,508.91,470.0,12.23,1497.05,508.27,0.9558765610684817,matched,1
before_annealing,T,20260513-032137,48.0,48,1497.05,508.27,1497.05,508.27,471.0,12.24,1497.05,508.27,0.0,primary_reference,1
before_annealing,v,20260514-062228,47.0,48,1496.93,507.5,1496.93,507.5,468.0,12.21,1497.05,508.27,0.7792945527847258,matched,1
annealing_T=100_h=25,v,20260702-101218,48.0,49,1502.75,861.11,1502.75,861.11,39.0,3.52,1502.8,863.92,2.81044480465276,matched,1
annealing_T=100_h=5,T,20260610-203538,47.0,49,1502.64,863.64,1502.64,863.64,86.0,5.23,1502.8,863.92,0.3224903099318461,matched,1
annealing_T=100_h=5,v,20260612-001017,49.0,49,1502.83,863.49,1502.83,863.49,85.0,5.2,1502.8,863.92,0.4310452412449943,matched,1
annealing_T=125_h=5,T,20260723-075232,39.0,49,1499.9399999999998,862.92,1499.94,862.92,56.0,4.22,1502.8,863.92,3.029785470953468,matched,1
annealing_T=150_h=25,v,20260917-041113,26.0,49,1502.78,863.47,1502.78,863.47,36.0,3.39,1502.8,863.92,0.4504442251821394,matched,1
annealing_T=75_h=25,T,20260530-001924,48.0,49,1501.4000000000003,863.02,1501.4,863.02,86.0,5.23,1502.8,863.92,1.6643316977090055,matched,1
annealing_T=75_h=25,v,20260531-095134,48.0,49,1501.89,863.84,1501.89,863.84,103.0,5.73,1502.8,863.92,0.913509715328591,matched,1
annealing_T=75_h=5,T,20260520-085312,51.0,49,1502.1500000000003,863.84,1502.15,863.84,168.0,7.31,1502.8,863.92,0.6549045732009476,matched,1
annealing_T=75_h=5,v,20260521-080451,48.0,49,1503.09,864.23,1503.09,864.23,184.0,7.65,1502.8,863.92,0.4244997055358408,matched,1
before_annealing,T,20260513-032137,49.0,49,1502.8,863.92,1502.8,863.92,183.0,7.63,1502.8,863.92,0.0,primary_reference,1
before_annealing,v,20260514-062228,48.0,49,1502.26,863.42,1502.26,863.42,191.0,7.8,1502.8,863.92,0.7359347797189373,matched,1
annealing_T=100_h=25,T,20260625-095817,50.0,50,1536.37,404.03,1536.37,404.03,83.0,5.14,1536.4,405.78,1.7502571239677935,matched,1
annealing_T=100_h=25,v,20260702-101218,49.0,50,1536.53,402.86,1536.53,402.86,71.0,4.75,1536.4,405.78,2.9228924030829,matched,1
annealing_T=100_h=5,T,20260610-203538,48.0,50,1535.92,405.71,1535.92,405.71,80.0,5.05,1536.4,405.78,0.48507731342541316,matched,1
annealing_T=100_h=5,v,20260612-001017,50.0,50,1536.67,405.14,1536.67,405.14,79.0,5.01,1536.4,405.78,0.6946221994724706,matched,1
annealing_T=125_h=5,T,20260723-075232,40.0,50,1534.83,404.42,1534.83,404.42,138.0,6.63,1536.4,405.78,2.0771374533237794,matched,1
annealing_T=75_h=25,T,20260530-001924,49.0,50,1535.2699999999998,404.62000000000006,1535.27,404.62,76.0,4.92,1536.4,405.78,1.619413474070336,matched,1
annealing_T=75_h=25,v,20260531-095134,49.0,50,1536.4,405.7,1536.4,405.7,90.0,5.35,1536.4,405.78,0.07999999999998408,matched,1
annealing_T=75_h=5,T,20260520-085312,52.0,50,1536.05,405.71,1536.05,405.71,100.0,5.64,1536.4,405.78,0.3569313659516274,matched,1
annealing_T=75_h=5,v,20260521-080451,49.0,50,1537.27,405.91,1537.27,405.91,98.0,5.59,1536.4,405.78,0.8796590248498697,matched,1
before_annealing,T,20260513-032137,50.0,50,1536.4000000000003,405.78,1536.4,405.78,85.0,5.2,1536.4,405.78,0.0,primary_reference,1
before_annealing,v,20260514-062228,49.0,50,1536.49,405.35,1536.49,405.35,116.0,6.08,1536.4,405.78,0.4393176527297102,matched,1
annealing_T=75_h=25,T,20260530-001924,50.0,51,1583.59,809.2400000000001,1583.59,809.24,40.0,3.57,1584.7,810.08,1.3920129309744738,matched,1
annealing_T=75_h=5,v,20260521-080451,50.0,51,1585.49,810.8,1585.49,810.8,58.0,4.3,1584.7,810.08,1.0688779163215125,matched,1
before_annealing,T,20260513-032137,51.0,51,1584.7,810.08,1584.7,810.08,62.0,4.44,1584.7,810.08,0.0,primary_reference,1
before_annealing,v,20260514-062228,50.0,51,1584.5,809.99,1584.5,809.99,68.0,4.65,1584.7,810.08,0.21931712199466763,matched,1
annealing_T=100_h=25,T,20260625-095817,51.0,52,1596.92,320.26,1596.92,320.26,43.0,3.7,1596.82,321.11,0.855862138431223,matched,1
annealing_T=100_h=25,v,20260702-101218,50.0,52,1597.57,318.48,1597.57,318.48,51.0,4.03,1596.82,321.11,2.7348491731720737,matched,1
before_annealing,T,20260513-032137,52.0,52,1596.82,321.11,1596.82,321.11,34.0,3.29,1596.82,321.11,0.0,primary_reference,1
before_annealing,v,20260514-062228,51.0,52,1596.81,321.02,1596.81,321.02,42.0,3.66,1596.82,321.11,0.0905538513814048,matched,1
annealing_T=100_h=25,T,20260625-095817,53.0,53,1652.36,628.78,1652.36,628.78,51.0,4.03,1653.11,629.57,1.0893117092917537,matched,1
annealing_T=100_h=25,v,20260702-101218,52.0,53,1653.21,626.24,1653.21,626.24,66.0,4.58,1653.11,629.57,3.331501163139569,matched,1
annealing_T=100_h=5,T,20260610-203538,50.0,53,1652.0600000000002,629.89,1652.06,629.89,32.0,3.19,1653.11,629.57,1.0976793703078265,matched,1
annealing_T=100_h=5,v,20260612-001017,52.0,53,1653.79,628.93,1653.79,628.93,34.0,3.29,1653.11,629.57,0.9338094023944151,matched,1
annealing_T=75_h=25,T,20260530-001924,52.0,53,1652.25,628.61,1652.25,628.61,101.0,5.67,1653.11,629.57,1.2888754788574022,matched,1
annealing_T=75_h=25,v,20260531-095134,51.0,53,1652.46,629.74,1652.46,629.74,100.0,5.64,1653.11,629.57,0.6718630812894907,matched,1
annealing_T=75_h=5,T,20260520-085312,53.0,53,1653.01,629.39,1653.01,629.39,42.0,3.66,1653.11,629.57,0.2059126028197515,matched,1
annealing_T=75_h=5,v,20260521-080451,51.0,53,1654.39,630.11,1654.39,630.11,71.0,4.75,1653.11,629.57,1.3892443989451506,matched,1
before_annealing,T,20260513-032137,53.0,53,1653.11,629.57,1653.11,629.57,45.0,3.78,1653.11,629.57,0.0,primary_reference,1
before_annealing,v,20260514-062228,52.0,53,1653.25,629.27,1653.25,629.27,49.0,3.95,1653.11,629.57,0.3310589071450411,matched,1
annealing_T=100_h=25,T,20260625-095817,57.0,54,1732.5999999999997,721.91,1732.6,721.91,646.0,14.34,1732.82,722.97,1.0825894882180582,matched,1
annealing_T=100_h=25,v,20260702-101218,54.0,54,1732.64,719.85,1732.64,719.85,690.0,14.82,1732.82,722.97,3.1251879943452954,matched,1
annealing_T=100_h=5,T,20260610-203538,52.0,54,1732.29,722.89,1732.29,722.89,740.0,15.35,1732.82,722.97,0.536003731330275,matched,1
annealing_T=100_h=5,v,20260612-001017,54.0,54,1732.73,722.81,1732.73,722.81,791.0,15.87,1732.82,722.97,0.1835755975068894,matched,1
annealing_T=125_h=25,T,20260827-053720,33.0,54,1732.8,721.2199999999999,1732.8,721.22,182.0,7.61,1732.82,722.97,1.7501142819828643,matched,1
annealing_T=125_h=25,v,20260828-044900,31.0,54,1732.54,722.64,1732.54,722.64,163.0,7.2,1732.82,722.97,0.4327817001676616,matched,1
annealing_T=125_h=5,T,20260723-075232,43.0,54,1730.84,722.19,1730.84,722.19,598.0,13.8,1732.82,722.97,2.1280977421161906,matched,1
annealing_T=150_h=25,T,20260916-045914,29.0,54,1732.25,721.82,1732.25,721.82,153.0,6.98,1732.82,722.97,1.2835108102388055,matched,1
annealing_T=150_h=25,v,20260917-041113,30.0,54,1732.13,722.76,1732.13,722.76,150.0,6.91,1732.82,722.97,0.7212489168101237,matched,1
annealing_T=150_h=5,T,20260908-043207,35.0,54,1732.29,722.35,1732.29,722.35,151.0,6.93,1732.82,722.97,0.8156592425761978,matched,1
annealing_T=150_h=5,v,20260909-034512,34.0,54,1732.54,722.03,1732.54,722.03,165.0,7.25,1732.82,722.97,0.9808159868191828,matched,1
annealing_T=75_h=25,T,20260530-001924,54.0,54,1731.76,722.13,1731.76,722.13,932.0,17.22,1732.82,722.97,1.352479205015714,matched,1
annealing_T=75_h=25,v,20260531-095134,53.0,54,1731.94,723.27,1731.94,723.27,962.0,17.5,1732.82,722.97,0.9297311439334301,matched,1
annealing_T=75_h=5,T,20260520-085312,55.0,54,1732.2699999999998,723.13,1732.27,723.13,854.0,16.49,1732.82,722.97,0.5728001396649532,matched,1
annealing_T=75_h=5,v,20260521-080451,53.0,54,1733.26,723.59,1733.26,723.59,846.0,16.41,1732.82,722.97,0.7602631123499638,matched,1
before_annealing,T,20260513-032137,54.0,54,1732.82,722.9699999999999,1732.82,722.97,882.0,16.76,1732.82,722.97,0.0,primary_reference,1
annealing_T=100_h=25,T,20260625-095817,58.0,55,1772.7300000000002,478.05,1772.73,478.05,104.0,5.75,1772.47,478.77,0.7655063683602318,matched,1
annealing_T=125_h=5,T,20260723-075232,44.0,55,1771.09,477.97,1771.09,477.97,44.0,3.74,1772.47,478.77,1.5951175505273048,matched,1
annealing_T=150_h=5,T,20260908-043207,37.0,55,1772.7699999999998,478.09,1772.77,478.09,30.0,3.09,1772.47,478.77,0.7432361670423779,matched,1
annealing_T=150_h=5,v,20260909-034512,36.0,55,1772.46,477.61,1772.46,477.61,47.0,3.87,1772.47,478.77,1.1600431026474516,matched,1
annealing_T=75_h=25,T,20260530-001924,55.0,55,1771.6899999999998,477.89000000000004,1771.69,477.89,294.0,9.67,1772.47,478.77,1.1759251676872147,matched,1
annealing_T=75_h=25,v,20260531-095134,54.0,55,1772.16,479.02,1772.16,479.02,319.0,10.08,1772.47,478.77,0.3982461550347551,matched,1
annealing_T=75_h=5,T,20260520-085312,56.0,55,1772.22,478.98,1772.22,478.98,299.0,9.76,1772.47,478.77,0.32649655434631353,matched,1
annealing_T=75_h=5,v,20260521-080451,54.0,55,1773.4,479.48,1773.4,479.48,327.0,10.2,1772.47,478.77,1.170042734262373,matched,1
before_annealing,T,20260513-032137,55.0,55,1772.47,478.77,1772.47,478.77,297.0,9.72,1772.47,478.77,0.0,primary_reference,1
before_annealing,v,20260514-062228,54.0,55,1772.62,478.35,1772.62,478.35,300.0,9.77,1772.47,478.77,0.44598206241947075,matched,1
annealing_T=100_h=25,T,20260625-095817,59.0,56,1782.4399999999998,554.97,1782.44,554.97,163.0,7.2,1782.75,556.04,1.1140017953306767,matched,1
annealing_T=100_h=25,v,20260702-101218,55.0,56,1782.46,552.82,1782.46,552.82,204.0,8.06,1782.75,556.04,3.2330326320653526,matched,1
annealing_T=100_h=5,T,20260610-203538,53.0,56,1782.36,556.11,1782.36,556.11,181.0,7.59,1782.75,556.04,0.3962322551232863,matched,1
annealing_T=100_h=5,v,20260612-001017,55.0,56,1783.01,555.64,1783.01,555.64,163.0,7.2,1782.75,556.04,0.4770744176750385,matched,1
annealing_T=125_h=25,T,20260827-053720,35.0,56,1782.7699999999998,554.23,1782.77,554.23,108.0,5.86,1782.75,556.04,1.810110493864889,matched,1
annealing_T=125_h=25,v,20260828-044900,33.0,56,1782.62,555.75,1782.62,555.75,89.0,5.32,1782.75,556.04,0.3178049716414255,matched,1
annealing_T=125_h=5,T,20260723-075232,45.0,56,1781.22,555.05,1781.22,555.05,141.0,6.7,1782.75,556.04,1.8223611058184748,matched,1
annealing_T=150_h=25,T,20260916-045914,31.0,56,1783.1500000000003,554.71,1783.15,554.71,40.0,3.57,1782.75,556.04,1.3888484438555782,matched,1
annealing_T=150_h=25,v,20260917-041113,32.0,56,1782.38,555.82,1782.38,555.82,44.0,3.74,1782.75,556.04,0.4304648650004797,matched,1
annealing_T=150_h=5,T,20260908-043207,38.0,56,1782.87,555.35,1782.87,555.35,32.0,3.19,1782.75,556.04,0.7003570517956482,matched,1
annealing_T=150_h=5,v,20260909-034512,37.0,56,1782.37,554.8,1782.37,554.8,59.0,4.33,1782.75,556.04,1.2969194269499187,matched,1
annealing_T=75_h=25,T,20260530-001924,56.0,56,1781.61,555.34,1781.61,555.34,198.0,7.94,1782.75,556.04,1.3377593206553011,matched,1
annealing_T=75_h=25,v,20260531-095134,55.0,56,1782.13,556.35,1782.13,556.35,220.0,8.37,1782.75,556.04,0.6931810730248636,matched,1
annealing_T=75_h=5,T,20260520-085312,57.0,56,1782.1899999999998,556.2,1782.19,556.2,240.0,8.74,1782.75,556.04,0.5824087911426301,matched,1
annealing_T=75_h=5,v,20260521-080451,55.0,56,1783.14,556.76,1783.14,556.76,241.0,8.76,1782.75,556.04,0.8188406438374425,matched,1
before_annealing,T,20260513-032137,56.0,56,1782.75,556.04,1782.75,556.04,197.0,7.92,1782.75,556.04,0.0,primary_reference,1
before_annealing,v,20260514-062228,55.0,56,1782.63,555.71,1782.63,555.71,241.0,8.76,1782.75,556.04,0.3511409973214831,matched,1
annealing_T=100_h=25,T,20260625-095817,60.0,57,1820.57,356.17,1820.57,356.17,252.0,8.96,1820.88,357.33,1.200708124399945,matched,1
annealing_T=100_h=25,v,20260702-101218,56.0,57,1820.79,354.08,1820.79,354.08,266.0,9.2,1820.88,357.33,3.2512459150301174,matched,1
annealing_T=100_h=5,T,20260610-203538,54.0,57,1820.64,357.19,1820.64,357.19,286.0,9.54,1820.88,357.33,0.2778488797889971,matched,1
annealing_T=100_h=5,v,20260612-001017,56.0,57,1821.17,357.14,1821.17,357.14,274.0,9.34,1820.88,357.33,0.34669871646716266,matched,1
annealing_T=125_h=25,T,20260827-053720,37.0,57,1821.09,355.58,1821.09,355.58,305.0,9.85,1820.88,357.33,1.7625549636819613,matched,1
annealing_T=125_h=25,v,20260828-044900,35.0,57,1820.39,356.68,1820.39,356.68,285.0,9.52,1820.88,357.33,0.8140024569987362,matched,1
annealing_T=125_h=5,T,20260723-075232,46.0,57,1819.41,356.5,1819.41,356.5,187.0,7.72,1820.88,357.33,1.6881350656864083,matched,1
annealing_T=150_h=25,T,20260916-045914,32.0,57,1820.9000000000003,355.81,1820.9,355.81,199.0,7.96,1820.88,357.33,1.5201315732527738,matched,1
annealing_T=150_h=25,v,20260917-041113,33.0,57,1820.79,356.7,1820.79,356.7,220.0,8.37,1820.88,357.33,0.6363961030679088,matched,1
annealing_T=150_h=5,T,20260908-043207,39.0,57,1820.7300000000002,357.0,1820.73,357.0,247.0,8.87,1820.88,357.33,0.3624913792077662,matched,1
annealing_T=150_h=5,v,20260909-034512,38.0,57,1820.41,356.01,1820.41,356.01,112.0,5.97,1820.88,357.33,1.401178075763394,matched,1
annealing_T=75_h=25,T,20260530-001924,57.0,57,1819.9399999999998,356.46,1819.94,356.46,259.0,9.08,1820.88,357.33,1.2808200498120483,matched,1
annealing_T=75_h=25,v,20260531-095134,57.0,57,1820.36,357.9,1820.36,357.9,301.0,9.79,1820.88,357.33,0.7715568676385492,matched,1
annealing_T=75_h=5,T,20260520-085312,59.0,57,1820.71,357.64000000000004,1820.71,357.64,283.0,9.49,1820.88,357.33,0.3535533905933606,matched,1
annealing_T=75_h=5,v,20260521-080451,56.0,57,1821.52,357.96,1821.52,357.96,317.0,10.05,1820.88,357.33,0.8980534505249848,matched,1
before_annealing,T,20260513-032137,57.0,57,1820.88,357.33,1820.88,357.33,283.0,9.49,1820.88,357.33,0.0,primary_reference,1
before_annealing,v,20260514-062228,56.0,57,1821.18,356.85,1821.18,356.85,283.0,9.49,1820.88,357.33,0.5660388679233394,matched,1
annealing_T=100_h=25,T,20260625-095817,61.0,58,1821.45,992.82,1821.45,992.82,249.0,8.9,1821.57,993.51,0.7003570517956482,matched,1
annealing_T=100_h=5,T,20260610-203538,55.0,58,1820.88,993.77,1820.88,993.77,260.0,9.1,1821.57,993.51,0.7373601562328662,matched,1
annealing_T=100_h=5,v,20260612-001017,57.0,58,1821.7,994.02,1821.7,994.02,79.0,5.01,1821.57,993.51,0.5263078946776488,matched,1
annealing_T=125_h=25,v,20260828-044900,36.0,58,1821.13,993.36,1821.13,993.36,110.0,5.92,1821.57,993.51,0.4648655719666075,matched,1
annealing_T=125_h=5,T,20260723-075232,47.0,58,1819.79,993.12,1819.79,993.12,49.0,3.95,1821.57,993.51,1.822223915988343,matched,1
annealing_T=75_h=25,T,20260530-001924,58.0,58,1820.39,992.41,1820.39,992.41,65.0,4.55,1821.57,993.51,1.6131955864059584,matched,1
annealing_T=75_h=25,v,20260531-095134,56.0,58,1820.31,994.51,1820.31,994.51,76.0,4.92,1821.57,993.51,1.6086018774078243,matched,1
annealing_T=75_h=5,T,20260520-085312,58.0,58,1820.54,994.06,1820.54,994.06,186.0,7.69,1821.57,993.51,1.1676472069935737,matched,1
annealing_T=75_h=5,v,20260521-080451,57.0,58,1821.74,994.48,1821.74,994.48,118.0,6.13,1821.57,993.51,0.9847842403288538,matched,1
before_annealing,T,20260513-032137,58.0,58,1821.57,993.5099999999999,1821.57,993.51,133.0,6.51,1821.57,993.51,0.0,primary_reference,1
before_annealing,v,20260514-062228,57.0,58,1821.28,993.08,1821.28,993.08,133.0,6.51,1821.57,993.51,0.5186520991955358,matched,1
annealing_T=100_h=25,T,20260625-095817,63.0,59,1851.28,557.47,1851.28,557.47,387.0,11.1,1851.62,558.25,0.8508818954472481,matched,1
annealing_T=100_h=25,v,20260702-101218,58.0,59,1851.28,555.37,1851.28,555.37,404.0,11.34,1851.62,558.25,2.8999999999999857,matched,1
annealing_T=100_h=5,T,20260610-203538,57.0,59,1851.09,558.47,1851.09,558.47,303.0,9.82,1851.62,558.25,0.5738466694161282,matched,1
annealing_T=100_h=5,v,20260612-001017,59.0,59,1851.49,558.23,1851.49,558.23,312.0,9.97,1851.62,558.25,0.13152946437953944,matched,1
annealing_T=125_h=25,T,20260827-053720,39.0,59,1851.74,556.42,1851.74,556.42,106.0,5.81,1851.62,558.25,1.8339302058693996,matched,1
annealing_T=125_h=25,v,20260828-044900,38.0,59,1850.75,557.66,1850.75,557.66,93.0,5.44,1851.62,558.25,1.0511898020813595,matched,1
annealing_T=125_h=5,T,20260723-075232,49.0,59,1849.79,557.5,1849.79,557.5,149.0,6.89,1851.62,558.25,1.9777259668618739,matched,1
annealing_T=150_h=25,T,20260916-045914,34.0,59,1851.7699999999998,556.06,1851.77,556.06,49.0,3.95,1851.62,558.25,2.195130975591251,matched,1
annealing_T=150_h=25,v,20260917-041113,34.0,59,1851.43,557.51,1851.43,557.51,59.0,4.33,1851.62,558.25,0.7640026177965281,matched,1
annealing_T=150_h=5,T,20260908-043207,40.0,59,1851.41,558.43,1851.41,558.43,53.0,4.11,1851.62,558.25,0.2765863337186091,matched,1
annealing_T=150_h=5,v,20260909-034512,39.0,59,1851.3,557.29,1851.3,557.29,72.0,4.79,1851.62,558.25,1.0119288512538958,matched,1
annealing_T=75_h=25,T,20260530-001924,59.0,59,1850.32,557.87,1850.32,557.87,415.0,11.49,1851.62,558.25,1.354400236266916,matched,1
annealing_T=75_h=25,v,20260531-095134,58.0,59,1850.73,558.97,1850.73,558.97,406.0,11.37,1851.62,558.25,1.1447707194018428,matched,1
annealing_T=75_h=5,T,20260520-085312,60.0,59,1851.03,558.7,1851.03,558.7,345.0,10.48,1851.62,558.25,0.7420242583635284,matched,1
annealing_T=75_h=5,v,20260521-080451,58.0,59,1852.11,559.19,1852.11,559.19,377.0,10.95,1851.62,558.25,1.060047168761896,matched,1
before_annealing,T,20260513-032137,59.0,59,1851.62,558.25,1851.62,558.25,304.0,9.84,1851.62,558.25,0.0,primary_reference,1
before_annealing,v,20260514-062228,58.0,59,1851.56,558.09,1851.56,558.09,309.0,9.92,1851.62,558.25,0.17088007490630167,matched,1
annealing_T=100_h=25,T,20260625-095817,54.0,60,1655.25,492.81,1655.25,492.81,39.0,3.52,1655.35,493.99,1.184229707446996,matched,1
annealing_T=100_h=5,T,20260610-203538,51.0,60,1655.67,493.81,1655.67,493.81,30.0,3.09,1655.35,493.99,0.3671511950138624,matched,1
annealing_T=100_h=5,v,20260612-001017,53.0,60,1655.66,493.29,1655.66,493.29,35.0,3.34,1655.35,493.99,0.7655716818169878,matched,1
annealing_T=75_h=25,T,20260530-001924,53.0,60,1654.97,493.47,1654.97,493.47,33.0,3.24,1655.35,493.99,0.6440496875241003,matched,1
annealing_T=75_h=25,v,20260531-095134,52.0,60,1655.11,494.47,1655.11,494.47,41.0,3.61,1655.35,493.99,0.5366563145999699,matched,1
annealing_T=75_h=5,T,20260520-085312,54.0,60,1655.07,493.37999999999994,1655.07,493.38,31.0,3.14,1655.35,493.99,0.6711929677820461,matched,1
annealing_T=75_h=5,v,20260521-080451,52.0,60,1654.88,493.69,1654.88,493.69,32.0,3.19,1655.35,493.99,0.5575840743778634,matched,1
before_annealing,v,20260514-062228,53.0,60,1655.35,493.99,1655.35,493.99,31.0,3.14,1655.35,493.99,,new,0
annealing_T=100_h=25,T,20260625-095817,13.0,61,455.72,766.19,455.72,766.19,43.0,3.7,454.66,766.63,1.1476933388322652,matched,1
annealing_T=100_h=25,v,20260702-101218,12.0,61,455.82,764.39,455.82,764.39,60.0,4.37,454.66,766.63,2.522538404068403,matched,1
annealing_T=125_h=25,T,20260827-053720,8.0,61,455.56,764.5099999999999,455.56,764.51,42.0,3.66,454.66,766.63,2.3031283073247266,matched,1
annealing_T=125_h=5,T,20260723-075232,10.0,61,453.01,765.1,453.01,765.1,34.0,3.29,454.66,766.63,2.2501999911119075,matched,1
annealing_T=150_h=25,T,20260916-045914,8.0,61,455.72,765.2000000000002,455.72,765.2,88.0,5.29,454.66,766.63,1.780028089665873,matched,1
annealing_T=150_h=25,v,20260917-041113,7.0,61,455.4,766.35,455.4,766.35,89.0,5.32,454.66,766.63,0.791201617794045,matched,1
annealing_T=150_h=5,T,20260908-043207,9.0,61,454.60999999999996,766.21,454.61,766.21,35.0,3.34,454.66,766.63,0.4229657196510994,matched,1
annealing_T=75_h=5,T,20260520-085312,13.0,61,454.66,766.63,454.66,766.63,122.0,6.23,454.66,766.63,,new,0
annealing_T=100_h=25,T,20260625-095817,15.0,62,514.36,881.64,514.36,881.64,199.0,7.96,513.87,881.63,0.4901020301937228,matched,1
annealing_T=100_h=25,v,20260702-101218,14.0,62,514.75,879.34,514.75,879.34,200.0,7.98,513.87,881.63,2.4532631330535715,matched,1
annealing_T=100_h=5,T,20260610-203538,16.0,62,514.04,881.89,514.04,881.89,264.0,9.17,513.87,881.63,0.3106444913401513,matched,1
annealing_T=100_h=5,v,20260612-001017,15.0,62,514.21,881.03,514.21,881.03,272.0,9.3,513.87,881.63,0.6896375859827022,matched,1
annealing_T=125_h=25,T,20260827-053720,9.0,62,514.58,879.4500000000002,514.58,879.45,180.0,7.57,513.87,881.63,2.29270582500227,matched,1
annealing_T=125_h=25,v,20260828-044900,7.0,62,514.33,882.19,514.33,882.19,171.0,7.38,513.87,881.63,0.7247068372798063,matched,1
annealing_T=125_h=5,T,20260723-075232,11.0,62,512.34,880.32,512.34,880.32,187.0,7.72,513.87,881.63,2.0141995928903804,matched,1
annealing_T=150_h=25,T,20260916-045914,10.0,62,514.73,880.4699999999999,514.73,880.47,93.0,5.44,513.87,881.63,1.4440221604948498,matched,1
annealing_T=150_h=25,v,20260917-041113,9.0,62,514.66,881.66,514.66,881.66,107.0,5.84,513.87,881.63,0.7905694150420575,matched,1
annealing_T=150_h=5,T,20260908-043207,11.0,62,514.11,880.9,514.11,880.9,215.0,8.27,513.87,881.63,0.7684399781375452,matched,1
annealing_T=150_h=5,v,20260909-034512,9.0,62,514.05,880.99,514.05,880.99,263.0,9.15,513.87,881.63,0.6648308055437597,matched,1
annealing_T=75_h=25,T,20260530-001924,14.0,62,513.5,881.2199999999999,513.5,881.22,515.0,12.8,513.87,881.63,0.5522680508594269,matched,1
annealing_T=75_h=25,v,20260531-095134,15.0,62,513.48,881.21,513.48,881.21,519.0,12.85,513.87,881.63,0.5731491952362447,matched,1
annealing_T=75_h=5,T,20260520-085312,14.0,62,513.87,881.63,513.87,881.63,513.0,12.78,513.87,881.63,,new,0
annealing_T=75_h=5,v,20260521-080451,13.0,62,514.85,882.16,514.85,882.16,465.0,12.17,513.87,881.63,1.114136436887335,matched,1
annealing_T=75_h=25,T,20260530-001924,25.0,63,899.66,255.16,899.66,255.16,35.0,3.34,899.09,256.42,1.3829316685939244,matched,1
annealing_T=75_h=25,v,20260531-095134,25.0,63,899.72,255.91,899.72,255.91,45.0,3.78,899.09,256.42,0.8105553651663864,matched,1
annealing_T=75_h=5,T,20260520-085312,27.0,63,899.09,256.42,899.09,256.42,33.0,3.24,899.09,256.42,,new,0
annealing_T=75_h=5,v,20260521-080451,25.0,63,899.84,255.46,899.84,255.46,37.0,3.43,899.09,256.42,1.2182364302548234,matched,1
annealing_T=100_h=25,T,20260625-095817,27.0,64,907.85,730.79,907.85,730.79,206.0,8.1,907.53,731.13,0.46690470119720756,matched,1
annealing_T=100_h=25,v,20260702-101218,26.0,64,908.04,728.57,908.04,728.57,211.0,8.2,907.53,731.13,2.6103064954138455,matched,1
annealing_T=100_h=5,T,20260610-203538,26.0,64,907.54,731.37,907.54,731.37,252.0,8.96,907.53,731.13,0.240208242989295,matched,1
annealing_T=100_h=5,v,20260612-001017,26.0,64,908.2,730.7,908.2,730.7,252.0,8.96,907.53,731.13,0.79611556949984,matched,1
annealing_T=125_h=25,T,20260827-053720,19.0,64,908.11,729.15,908.11,729.15,134.0,6.53,907.53,731.13,2.0632013958894366,matched,1
annealing_T=125_h=25,v,20260828-044900,16.0,64,907.73,731.16,907.73,731.16,141.0,6.7,907.53,731.13,0.20223748416160778,matched,1
annealing_T=125_h=5,T,20260723-075232,20.0,64,906.1,730.23,906.1,730.23,182.0,7.61,907.53,731.13,1.6896449331145926,matched,1
annealing_T=150_h=5,T,20260908-043207,19.0,64,907.38,730.9900000000001,907.38,730.99,46.0,3.83,907.53,731.13,0.20518284528672842,matched,1
annealing_T=150_h=5,v,20260909-034512,18.0,64,908.05,730.79,908.05,730.79,50.0,3.99,907.53,731.13,0.6212889826803649,matched,1
annealing_T=75_h=25,T,20260530-001924,26.0,64,907.11,730.54,907.11,730.54,283.0,9.49,907.53,731.13,0.7242237223399984,matched,1
annealing_T=75_h=25,v,20260531-095134,26.0,64,907.09,730.93,907.09,730.93,324.0,10.16,907.53,731.13,0.48332183894374786,matched,1
annealing_T=75_h=5,T,20260520-085312,28.0,64,907.5300000000001,731.13,907.53,731.13,300.0,9.77,907.53,731.13,,new,0
annealing_T=75_h=5,v,20260521-080451,26.0,64,908.33,731.66,908.33,731.66,309.0,9.92,907.53,731.13,0.9596353474107132,matched,1
annealing_T=100_h=25,T,20260625-095817,37.0,65,1176.36,928.37,1176.36,928.37,35.0,3.34,1176.15,929.12,0.7788452991447786,matched,1
annealing_T=100_h=25,v,20260702-101218,36.0,65,1176.46,926.55,1176.46,926.55,61.0,4.41,1176.15,929.12,2.588628980754141,matched,1
annealing_T=100_h=5,T,20260610-203538,35.0,65,1176.32,929.2999999999998,1176.32,929.3,77.0,4.95,1176.15,929.12,0.24758836806257375,matched,1
annealing_T=100_h=5,v,20260612-001017,35.0,65,1176.94,928.96,1176.94,928.96,55.0,4.18,1176.15,929.12,0.8060397012554235,matched,1
annealing_T=125_h=25,T,20260827-053720,25.0,65,1176.56,927.7800000000001,1176.56,927.78,37.0,3.43,1176.15,929.12,1.4013208055258657,matched,1
annealing_T=125_h=5,T,20260723-075232,28.0,65,1174.78,928.14,1174.78,928.14,67.0,4.62,1176.15,929.12,1.684428686528569,matched,1
annealing_T=150_h=5,T,20260908-043207,25.0,65,1176.13,928.7599999999999,1176.13,928.76,41.0,3.61,1176.15,929.12,0.3605551275465251,matched,1
annealing_T=150_h=5,v,20260909-034512,24.0,65,1176.81,928.28,1176.81,928.28,52.0,4.07,1176.15,929.12,1.0682696288858264,matched,1
annealing_T=75_h=25,v,20260531-095134,35.0,65,1176.25,929.28,1176.25,929.28,68.0,4.65,1176.15,929.12,0.18867962264105687,matched,1
annealing_T=75_h=5,T,20260520-085312,37.0,65,1176.15,929.12,1176.15,929.12,113.0,6.0,1176.15,929.12,,new,0
annealing_T=75_h=5,v,20260521-080451,35.0,65,1176.92,929.66,1176.92,929.66,114.0,6.02,1176.15,929.12,0.9404786015640827,matched,1
annealing_T=100_h=25,T,20260625-095817,17.0,66,587.2,494.79,587.2,494.79,49.0,3.95,586.2,494.22,1.151043005278253,matched,1
annealing_T=100_h=25,v,20260702-101218,16.0,66,586.57,492.42,586.57,492.42,52.0,4.07,586.2,494.22,1.8376343488300506,matched,1
annealing_T=100_h=5,v,20260612-001017,17.0,66,587.11,493.99,587.11,493.99,54.0,4.15,586.2,494.22,0.9386160024205588,matched,1
annealing_T=125_h=25,T,20260827-053720,11.0,66,586.52,492.75,586.52,492.75,37.0,3.43,586.2,494.22,1.5044268011438906,matched,1
annealing_T=75_h=25,T,20260530-001924,16.0,66,586.2,494.22,586.2,494.22,60.0,4.37,586.2,494.22,,new,0
annealing_T=100_h=25,T,20260625-095817,52.0,67,1617.43,987.07,1617.43,987.07,277.0,9.39,1616.34,987.45,1.1543396380616555,matched,1
annealing_T=100_h=25,v,20260702-101218,51.0,67,1617.56,985.1,1617.56,985.1,286.0,9.54,1616.34,987.45,2.647810416174121,matched,1
annealing_T=100_h=5,T,20260610-203538,49.0,67,1617.0199999999998,987.98,1617.02,987.98,305.0,9.85,1616.34,987.45,0.8621484790914778,matched,1
annealing_T=100_h=5,v,20260612-001017,51.0,67,1617.4,988.0,1617.4,988.0,324.0,10.16,1616.34,987.45,1.1941942890502852,matched,1
annealing_T=125_h=25,T,20260827-053720,31.0,67,1617.28,986.23,1617.28,986.23,230.0,8.56,1616.34,987.45,1.5401298646543313,matched,1
annealing_T=125_h=25,v,20260828-044900,29.0,67,1617.37,987.6,1617.37,987.6,214.0,8.25,1616.34,987.45,1.0408650248711102,matched,1
annealing_T=125_h=5,T,20260723-075232,41.0,67,1615.49,987.15,1615.49,987.15,247.0,8.87,1616.34,987.45,0.9013878188659342,matched,1
annealing_T=150_h=25,T,20260916-045914,28.0,67,1617.39,986.5,1617.39,986.5,104.0,5.75,1616.34,987.45,1.415980225850795,matched,1
annealing_T=150_h=25,v,20260917-041113,29.0,67,1617.22,987.65,1617.22,987.65,123.0,6.26,1616.34,987.45,0.9024411338143695,matched,1
annealing_T=150_h=5,T,20260908-043207,33.0,67,1616.95,987.81,1616.95,987.81,91.0,5.38,1616.34,987.45,0.7083078426786501,matched,1
annealing_T=150_h=5,v,20260909-034512,33.0,67,1617.36,987.37,1617.36,987.37,99.0,5.61,1616.34,987.45,1.023132444994278,matched,1
annealing_T=75_h=25,T,20260530-001924,51.0,67,1616.34,987.4500000000002,1616.34,987.45,339.0,10.39,1616.34,987.45,,new,0
annealing_T=75_h=25,v,20260531-095134,50.0,67,1616.23,988.45,1616.23,988.45,352.0,10.59,1616.34,987.45,1.0060318086422406,matched,1
annealing_T=100_h=25,T,20260625-095817,7.0,68,261.46,494.12999999999994,261.46,494.13,39.0,3.52,262.26,494.0,0.8104936767180866,matched,1
annealing_T=100_h=25,v,20260702-101218,6.0,68,261.71,492.23,261.71,492.23,33.0,3.24,262.26,494.0,1.8534832073692893,matched,1
annealing_T=100_h=5,T,20260610-203538,9.0,68,262.91,495.09,262.91,495.09,43.0,3.7,262.26,494.0,1.2690941651429928,matched,1
annealing_T=100_h=5,v,20260612-001017,8.0,68,262.92,493.61,262.92,493.61,46.0,3.83,262.26,494.0,0.7666159403508529,matched,1
annealing_T=150_h=5,v,20260909-034512,5.0,68,261.59,493.82,261.59,493.82,31.0,3.14,262.26,494.0,0.693757882838115,matched,1
annealing_T=75_h=25,v,20260531-095134,8.0,68,262.26,494.0,262.26,494.0,32.0,3.19,262.26,494.0,,new,0
annealing_T=100_h=25,T,20260625-095817,2.0,69,93.82,352.37999999999994,93.82,352.38,36.0,3.39,94.07,353.22,0.8764131445843045,matched,1
annealing_T=100_h=25,v,20260702-101218,1.0,69,93.94,351.54,93.94,351.54,81.0,5.08,94.07,353.22,1.6850222550459153,matched,1
annealing_T=100_h=5,T,20260610-203538,2.0,69,94.07,353.22,94.07,353.22,47.0,3.87,94.07,353.22,,new,0
annealing_T=100_h=25,T,20260625-095817,8.0,70,336.08,287.16,336.08,287.16,68.0,4.65,336.36,286.8,0.4560701700396841,matched,1
annealing_T=100_h=25,v,20260702-101218,7.0,70,336.6,284.99,336.6,284.99,99.0,5.61,336.36,286.8,1.8258422713914837,matched,1
annealing_T=100_h=5,T,20260610-203538,10.0,70,336.36,286.8,336.36,286.8,71.0,4.75,336.36,286.8,,new,0
annealing_T=100_h=5,v,20260612-001017,9.0,70,337.15,286.11,337.15,286.11,96.0,5.53,336.36,286.8,1.0489041900955203,matched,1
annealing_T=125_h=25,T,20260827-053720,5.0,70,336.55,284.68,336.55,284.68,50.0,3.99,336.36,286.8,2.1284971223847164,matched,1
annealing_T=125_h=25,v,20260828-044900,5.0,70,335.55,287.89,335.55,287.89,34.0,3.29,336.36,286.8,1.3580132547217458,matched,1
annealing_T=125_h=5,T,20260723-075232,6.0,70,335.54,285.51,335.54,285.51,65.0,4.55,336.36,286.8,1.5285614151875095,matched,1
annealing_T=150_h=25,T,20260916-045914,5.0,70,336.06,285.79,336.06,285.79,94.0,5.47,336.36,286.8,1.0536128321162326,matched,1
annealing_T=150_h=25,v,20260917-041113,4.0,70,335.99,286.86,335.99,286.86,101.0,5.67,336.36,286.8,0.3748332962798311,matched,1
annealing_T=150_h=5,T,20260908-043207,7.0,70,336.2,286.01,336.2,286.01,33.0,3.24,336.36,286.8,0.8060397012554905,matched,1
annealing_T=150_h=5,v,20260909-034512,6.0,70,335.09,286.95,335.09,286.95,53.0,4.11,336.36,286.8,1.2788275880665427,matched,1
annealing_T=100_h=25,T,20260625-095817,46.0,71,1387.05,116.52,1387.05,116.52,118.0,6.13,1386.79,117.31,0.831685036537273,matched,1
annealing_T=100_h=25,v,20260702-101218,44.0,71,1386.58,114.37,1386.58,114.37,63.0,4.48,1386.79,117.31,2.9474904579998222,matched,1
annealing_T=100_h=5,T,20260610-203538,43.0,71,1386.79,117.31,1386.79,117.31,112.0,5.97,1386.79,117.31,,new,0
annealing_T=100_h=5,v,20260612-001017,45.0,71,1387.89,117.09,1387.89,117.09,98.0,5.59,1386.79,117.31,1.1217842929905462,matched,1
annealing_T=125_h=5,T,20260723-075232,35.0,71,1385.83,116.5,1385.83,116.5,122.0,6.23,1386.79,117.31,1.2560652849275287,matched,1
annealing_T=100_h=25,T,20260625-095817,47.0,72,1403.97,205.73,1403.97,205.73,54.0,4.15,1403.83,206.32,0.6063827174318477,matched,1
annealing_T=100_h=25,v,20260702-101218,45.0,72,1403.72,203.34,1403.72,203.34,75.0,4.89,1403.83,206.32,2.982029510249675,matched,1
annealing_T=100_h=5,T,20260610-203538,44.0,72,1403.83,206.32000000000002,1403.83,206.32,201.0,8.0,1403.83,206.32,,new,0
annealing_T=100_h=5,v,20260612-001017,46.0,72,1404.5,206.27,1404.5,206.27,198.0,7.94,1403.83,206.32,0.6718630812897043,matched,1
annealing_T=125_h=5,T,20260723-075232,36.0,72,1402.67,205.59,1402.67,205.59,80.0,5.05,1403.83,206.32,1.3705838172106248,matched,1
annealing_T=100_h=25,T,20260625-095817,62.0,73,1846.88,886.7400000000001,1846.88,886.74,122.0,6.23,1845.62,888.35,2.0444314613114885,matched,1
annealing_T=100_h=25,v,20260702-101218,57.0,73,1847.03,884.71,1847.03,884.71,139.0,6.65,1845.62,888.35,3.903549666649591,matched,1
annealing_T=100_h=5,T,20260610-203538,56.0,73,1845.62,888.35,1845.62,888.35,230.0,8.56,1845.62,888.35,,new,0
annealing_T=100_h=5,v,20260612-001017,58.0,73,1845.5,888.69,1845.5,888.69,276.0,9.37,1845.62,888.35,0.36055512754639263,matched,1
annealing_T=125_h=25,T,20260827-053720,38.0,73,1844.46,887.89,1844.46,887.89,342.0,10.43,1845.62,888.35,1.247878199184398,matched,1
annealing_T=125_h=25,v,20260828-044900,37.0,73,1844.34,889.08,1844.34,889.08,311.0,9.95,1845.62,888.35,1.4735331689514006,matched,1
annealing_T=125_h=5,T,20260723-075232,48.0,73,1843.6899999999998,887.89,1843.69,887.89,172.0,7.4,1845.62,888.35,1.9840614909826457,matched,1
annealing_T=150_h=25,T,20260916-045914,33.0,73,1850.1500000000003,882.66,1850.15,882.66,39.0,3.52,1845.62,888.35,7.273032379963978,matched,1
annealing_T=100_h=25,T,20260625-095817,14.0,74,503.44,997.42,503.44,997.42,35.0,3.34,503.44,997.42,,new,0
annealing_T=100_h=25,v,20260702-101218,13.0,74,503.5,995.94,503.5,995.94,35.0,3.34,503.44,997.42,1.4812157169027467,matched,1
annealing_T=100_h=25,T,20260625-095817,23.0,75,859.37,472.75,859.37,472.75,63.0,4.48,859.37,472.75,,new,0
annealing_T=125_h=25,T,20260827-053720,17.0,75,859.82,471.12000000000006,859.82,471.12,106.0,5.81,859.37,472.75,1.69097604950509,matched,1
annealing_T=125_h=25,v,20260828-044900,14.0,75,859.24,473.52,859.24,473.52,100.0,5.64,859.37,472.75,0.7808969202141668,matched,1
annealing_T=100_h=25,T,20260625-095817,26.0,76,886.66,270.09,886.66,270.09,32.0,3.19,886.66,270.09,,new,0
annealing_T=100_h=25,v,20260702-101218,25.0,76,886.89,268.73,886.89,268.73,44.0,3.74,886.66,270.09,1.3793114224133327,matched,1
annealing_T=100_h=25,T,20260625-095817,32.0,77,1088.43,521.96,1088.43,521.96,423.0,11.6,1088.43,521.96,,new,0
annealing_T=100_h=25,v,20260702-101218,31.0,77,1088.51,519.85,1088.51,519.85,451.0,11.98,1088.43,521.96,2.111516043036388,matched,1
annealing_T=125_h=25,T,20260827-053720,21.0,77,1088.59,520.65,1088.59,520.65,287.0,9.56,1088.43,521.96,1.3197348218487335,matched,1
annealing_T=125_h=25,v,20260828-044900,18.0,77,1088.06,522.57,1088.06,522.57,247.0,8.87,1088.43,521.96,0.7134423592695517,matched,1
annealing_T=125_h=5,T,20260723-075232,23.0,77,1086.83,521.42,1086.83,521.42,569.0,13.46,1088.43,521.96,1.6886681142250894,matched,1
annealing_T=150_h=25,T,20260916-045914,18.0,77,1088.52,520.94,1088.52,520.94,96.0,5.53,1088.43,521.96,1.0239628899525355,matched,1
annealing_T=150_h=25,v,20260917-041113,17.0,77,1088.51,522.08,1088.51,522.08,102.0,5.7,1088.43,521.96,0.144222051018523,matched,1
annealing_T=100_h=25,T,20260625-095817,36.0,78,1176.17,651.86,1176.17,651.86,163.0,7.2,1176.17,651.86,,new,0
annealing_T=100_h=25,v,20260702-101218,35.0,78,1176.23,649.58,1176.23,649.58,172.0,7.4,1176.17,651.86,2.280789337049757,matched,1
annealing_T=125_h=5,T,20260723-075232,27.0,78,1174.29,651.64,1174.29,651.64,126.0,6.33,1176.17,651.86,1.8928285712130464,matched,1
annealing_T=100_h=25,T,20260625-095817,48.0,79,1424.76,351.19,1424.76,351.19,94.0,5.47,1424.76,351.19,,new,0
annealing_T=100_h=25,v,20260702-101218,46.0,79,1424.82,349.02,1424.82,349.02,91.0,5.38,1424.76,351.19,2.1708293346092553,matched,1
annealing_T=125_h=5,T,20260723-075232,37.0,79,1423.4000000000003,351.41,1423.4,351.41,110.0,5.92,1424.76,351.19,1.377679207943243,matched,1
annealing_T=100_h=25,T,20260625-095817,55.0,80,1679.34,253.77,1679.34,253.77,54.0,4.15,1679.34,253.77,,new,0
annealing_T=125_h=5,T,20260723-075232,42.0,80,1677.25,253.4,1677.25,253.4,56.0,4.22,1679.34,253.77,2.1224985276790327,matched,1
annealing_T=100_h=25,T,20260625-095817,56.0,81,1722.05,805.2000000000002,1722.05,805.2,70.0,4.72,1722.05,805.2,,new,0
annealing_T=100_h=25,v,20260702-101218,53.0,81,1722.23,803.24,1722.23,803.24,89.0,5.32,1722.05,805.2,1.9682479518597664,matched,1
annealing_T=125_h=25,T,20260827-053720,32.0,81,1721.3100000000002,804.66,1721.31,804.66,53.0,4.11,1722.05,805.2,0.9160785992477722,matched,1
annealing_T=125_h=25,v,20260828-044900,30.0,81,1721.85,805.57,1721.85,805.57,43.0,3.7,1722.05,805.2,0.4205948168962874,matched,1
annealing_T=150_h=5,T,20260908-043207,34.0,81,1721.3100000000002,805.92,1721.31,805.92,35.0,3.34,1722.05,805.2,1.0324727599310077,matched,1
annealing_T=125_h=25,T,20260827-053720,12.0,82,635.91,914.0,635.91,914.0,39.0,3.52,634.12,914.64,1.900973434848539,matched,1
annealing_T=125_h=5,T,20260723-075232,12.0,82,634.12,914.64,634.12,914.64,96.0,5.53,634.12,914.64,,new,0
annealing_T=125_h=25,T,20260827-053720,34.0,83,1734.78,907.69,1734.78,907.69,182.0,7.61,1734.78,907.69,,new,0
annealing_T=125_h=25,v,20260828-044900,32.0,83,1734.68,908.82,1734.68,908.82,173.0,7.42,1734.78,907.69,1.1344161493913825,matched,1
annealing_T=150_h=5,v,20260909-034512,35.0,83,1736.2,909.7,1736.2,909.7,35.0,3.34,1734.78,907.69,2.4609957334380264,matched,1
annealing_T=125_h=25,T,20260827-053720,36.0,84,1808.93,450.33,1808.93,450.33,33.0,3.24,1808.93,450.33,,new,0
annealing_T=125_h=25,v,20260828-044900,34.0,84,1807.84,451.97,1807.84,451.97,35.0,3.34,1808.93,450.33,1.9691876497684162,matched,1
annealing_T=125_h=25,v,20260828-044900,13.0,85,830.57,884.46,830.57,884.46,336.0,10.34,830.57,884.46,,new,0
annealing_T=150_h=25,T,20260916-045914,15.0,85,831.08,882.98,831.08,882.98,80.0,5.05,830.57,884.46,1.5654072952430127,matched,1
annealing_T=150_h=25,v,20260917-041113,14.0,85,830.9,884.17,830.9,884.17,75.0,4.89,830.57,884.46,0.4393176527297723,matched,1
annealing_T=125_h=25,v,20260828-044900,27.0,86,1536.21,137.07,1536.21,137.07,49.0,3.95,1536.21,137.07,,new,0
annealing_T=150_h=25,v,20260917-041113,27.0,86,1536.58,136.47,1536.58,136.47,31.0,3.14,1536.21,137.07,0.7049113419430222,matched,1
annealing_T=150_h=5,T,20260908-043207,31.0,86,1536.51,137.03,1536.51,137.03,55.0,4.18,1536.21,137.07,0.302654919008385,matched,1
annealing_T=150_h=5,v,20260909-034512,31.0,86,1535.96,136.57,1535.96,136.57,64.0,4.51,1536.21,137.07,0.5590169943749475,matched,1
annealing_T=125_h=25,v,20260828-044900,28.0,87,1557.57,208.05,1557.57,208.05,128.0,6.38,1557.57,208.05,,new,0
annealing_T=150_h=5,T,20260908-043207,32.0,87,1557.82,208.17,1557.82,208.17,120.0,6.18,1557.57,208.05,0.2773084924772306,matched,1
annealing_T=150_h=5,v,20260909-034512,32.0,87,1557.53,207.84,1557.53,207.84,132.0,6.48,1557.57,208.05,0.2137755832643205,matched,1
annealing_T=150_h=25,T,20260916-045914,9.0,88,490.54,96.31,490.54,96.31,316.0,10.03,490.61,96.64,0.3373425558686569,matched,1
annealing_T=150_h=25,v,20260917-041113,8.0,88,490.57,97.36,490.57,97.36,320.0,10.09,490.61,96.64,0.7211102550927979,matched,1
annealing_T=150_h=5,T,20260908-043207,10.0,88,490.60999999999996,96.64,490.61,96.64,172.0,7.4,490.61,96.64,,new,0
annealing_T=150_h=5,T,20260908-043207,16.0,89,731.2000000000002,247.34,731.2,247.34,35.0,3.34,731.2,247.34,,new,0
annealing_T=150_h=5,v,20260909-034512,14.0,89,731.34,247.83,731.34,247.83,47.0,3.87,731.2,247.34,0.5096076922496413,matched,1
annealing_T=150_h=5,T,20260908-043207,22.0,90,1097.43,198.51,1097.43,198.51,53.0,4.11,1097.43,198.51,,new,0
annealing_T=150_h=5,v,20260909-034512,21.0,90,1096.56,197.84,1096.56,197.84,48.0,3.91,1097.43,198.51,1.0980892495604302,matched,1
annealing_T=150_h=5,T,20260908-043207,27.0,91,1267.81,787.96,1267.81,787.96,31.0,3.14,1267.81,787.96,,new,0
annealing_T=150_h=5,v,20260909-034512,27.0,91,1268.09,787.65,1268.09,787.65,40.0,3.57,1267.81,787.96,0.41773197148413405,matched,1
annealing_T=150_h=25,T,20260916-045914,30.0,92,1769.66,208.01,1769.66,208.01,39.0,3.52,1769.29,209.41,1.4480676779764485,matched,1
annealing_T=150_h=5,T,20260908-043207,36.0,92,1769.29,209.41,1769.29,209.41,94.0,5.47,1769.29,209.41,,new,0
annealing_T=150_h=25,T,20260916-045914,1.0,93,150.75,909.77,150.75,909.77,99.0,5.61,150.75,909.77,,new,0
annealing_T=150_h=25,T,20260916-045914,3.0,94,214.55000000000004,917.9500000000002,214.55,917.95,31.0,3.14,214.55,917.95,,new,0
annealing_T=150_h=25,T,20260916-045914,13.0,95,806.23,190.86,806.23,190.86,65.0,4.55,806.23,190.86,,new,0
annealing_T=150_h=25,v,20260917-041113,12.0,95,806.54,192.06,806.54,192.06,68.0,4.65,806.23,190.86,1.2393950137062595,matched,1
annealing_T=150_h=25,T,20260916-045914,27.0,96,1571.96,681.11,1571.96,681.11,45.0,3.78,1571.96,681.11,,new,0
annealing_T=150_h=25,v,20260917-041113,28.0,96,1571.54,682.79,1571.54,682.79,37.0,3.43,1571.96,681.11,1.7317043627593864,matched,1
annealing_T=150_h=25,v,20260917-041113,31.0,97,1733.48,123.65,1733.48,123.65,41.0,3.61,1733.48,123.65,,new,0
