 --- acquiring picture: exposure=5000ms nframes=10 nrepeat=25 
 --- prefix=run=20260602-133829_x=0_y=0_z=0_T=20_v=55.90 
 --- acquire dark 
 --- switching Keithley output: OFF 
set exposure: 5000.0 ms
armed
triggered
acquired 20 frames: /run/emmi/camera/stack.tif
disarmed
 --- reading images from /run/emmi/camera/stack.tif: found 20 frames
 --- filtering images from outliers
 --- image saved to run=20260602-133829_x=0_y=0_z=0_T=20_v=55.90_data=dark.000.tif
 --- acquire hot 
 --- switching Keithley output: ON 
set exposure: 5000.0 ms
armed
triggered
acquired 10 frames: /run/emmi/camera/stack.tif
disarmed
 --- reading images from /run/emmi/camera/stack.tif: found 10 frames
 --- filtering images from outliers
 --- image saved to run=20260602-133829_x=0_y=0_z=0_T=20_v=55.90_data=hot.000.tif
 --- switching Keithley output: OFF 
 --- subtract 
Subtracted image saved to run=20260602-133829_x=0_y=0_z=0_T=20_v=55.90_data=diff.000.tif
 --- acquire dark 
 --- switching Keithley output: OFF 
set exposure: 5000.0 ms
armed
triggered
acquired 20 frames: /run/emmi/camera/stack.tif
disarmed
 --- reading images from /run/emmi/camera/stack.tif: found 20 frames
 --- filtering images from outliers
 --- image saved to run=20260602-133829_x=0_y=0_z=0_T=20_v=55.90_data=dark.001.tif
 --- acquire hot 
 --- switching Keithley output: ON 
set exposure: 5000.0 ms
armed
triggered
acquired 10 frames: /run/emmi/camera/stack.tif
disarmed
 --- reading images from /run/emmi/camera/stack.tif: found 10 frames
 --- filtering images from outliers
 --- image saved to run=20260602-133829_x=0_y=0_z=0_T=20_v=55.90_data=hot.001.tif
 --- switching Keithley output: OFF 
 --- subtract 
Subtracted image saved to run=20260602-133829_x=0_y=0_z=0_T=20_v=55.90_data=diff.001.tif
 --- acquire dark 
 --- switching Keithley output: OFF 
set exposure: 5000.0 ms
armed
triggered
acquired 20 frames: /run/emmi/camera/stack.tif
disarmed
 --- reading images from /run/emmi/camera/stack.tif: found 20 frames
 --- filtering images from outliers
 --- image saved to run=20260602-133829_x=0_y=0_z=0_T=20_v=55.90_data=dark.002.tif
 --- acquire hot 
 --- switching Keithley output: ON 
set exposure: 5000.0 ms
armed
triggered
acquired 10 frames: /run/emmi/camera/stack.tif
disarmed
 --- reading images from /run/emmi/camera/stack.tif: found 10 frames
 --- filtering images from outliers
 --- image saved to run=20260602-133829_x=0_y=0_z=0_T=20_v=55.90_data=hot.002.tif
 --- switching Keithley output: OFF 
 --- subtract 
Subtracted image saved to run=20260602-133829_x=0_y=0_z=0_T=20_v=55.90_data=diff.002.tif
 --- acquire dark 
 --- switching Keithley output: OFF 
set exposure: 5000.0 ms
armed
triggered
acquired 20 frames: /run/emmi/camera/stack.tif
disarmed
 --- reading images from /run/emmi/camera/stack.tif: found 20 frames
 --- filtering images from outliers
 --- image saved to run=20260602-133829_x=0_y=0_z=0_T=20_v=55.90_data=dark.003.tif
 --- acquire hot 
 --- switching Keithley output: ON 
set exposure: 5000.0 ms
armed
triggered
acquired 10 frames: /run/emmi/camera/stack.tif
disarmed
 --- reading images from /run/emmi/camera/stack.tif: found 10 frames
 --- filtering images from outliers
 --- image saved to run=20260602-133829_x=0_y=0_z=0_T=20_v=55.90_data=hot.003.tif
 --- switching Keithley output: OFF 
 --- subtract 
Subtracted image saved to run=20260602-133829_x=0_y=0_z=0_T=20_v=55.90_data=diff.003.tif
 --- acquire dark 
 --- switching Keithley output: OFF 
set exposure: 5000.0 ms
armed
triggered
acquired 20 frames: /run/emmi/camera/stack.tif
disarmed
 --- reading images from /run/emmi/camera/stack.tif: found 20 frames
 --- filtering images from outliers
 --- image saved to run=20260602-133829_x=0_y=0_z=0_T=20_v=55.90_data=dark.004.tif
 --- acquire hot 
 --- switching Keithley output: ON 
set exposure: 5000.0 ms
armed
triggered
acquired 10 frames: /run/emmi/camera/stack.tif
disarmed
 --- reading images from /run/emmi/camera/stack.tif: found 10 frames
 --- filtering images from outliers
 --- image saved to run=20260602-133829_x=0_y=0_z=0_T=20_v=55.90_data=hot.004.tif
 --- switching Keithley output: OFF 
 --- subtract 
Subtracted image saved to run=20260602-133829_x=0_y=0_z=0_T=20_v=55.90_data=diff.004.tif
 --- acquire dark 
 --- switching Keithley output: OFF 
set exposure: 5000.0 ms
armed
triggered
acquired 20 frames: /run/emmi/camera/stack.tif
disarmed
 --- reading images from /run/emmi/camera/stack.tif: found 20 frames
 --- filtering images from outliers
 --- image saved to run=20260602-133829_x=0_y=0_z=0_T=20_v=55.90_data=dark.005.tif
 --- acquire hot 
 --- switching Keithley output: ON 
set exposure: 5000.0 ms
armed
triggered
acquired 10 frames: /run/emmi/camera/stack.tif
disarmed
 --- reading images from /run/emmi/camera/stack.tif: found 10 frames
 --- filtering images from outliers
 --- image saved to run=20260602-133829_x=0_y=0_z=0_T=20_v=55.90_data=hot.005.tif
 --- switching Keithley output: OFF 
 --- subtract 
Subtracted image saved to run=20260602-133829_x=0_y=0_z=0_T=20_v=55.90_data=diff.005.tif
 --- acquire dark 
 --- switching Keithley output: OFF 
set exposure: 5000.0 ms
armed
triggered
acquired 20 frames: /run/emmi/camera/stack.tif
disarmed
 --- reading images from /run/emmi/camera/stack.tif: found 20 frames
 --- filtering images from outliers
 --- image saved to run=20260602-133829_x=0_y=0_z=0_T=20_v=55.90_data=dark.006.tif
 --- acquire hot 
 --- switching Keithley output: ON 
set exposure: 5000.0 ms
armed
triggered
acquired 10 frames: /run/emmi/camera/stack.tif
disarmed
 --- reading images from /run/emmi/camera/stack.tif: found 10 frames
 --- filtering images from outliers
 --- image saved to run=20260602-133829_x=0_y=0_z=0_T=20_v=55.90_data=hot.006.tif
 --- switching Keithley output: OFF 
 --- subtract 
Subtracted image saved to run=20260602-133829_x=0_y=0_z=0_T=20_v=55.90_data=diff.006.tif
 --- acquire dark 
 --- switching Keithley output: OFF 
set exposure: 5000.0 ms
armed
triggered
acquired 20 frames: /run/emmi/camera/stack.tif
disarmed
 --- reading images from /run/emmi/camera/stack.tif: found 20 frames
 --- filtering images from outliers
 --- image saved to run=20260602-133829_x=0_y=0_z=0_T=20_v=55.90_data=dark.007.tif
 --- acquire hot 
 --- switching Keithley output: ON 
set exposure: 5000.0 ms
armed
triggered
acquired 10 frames: /run/emmi/camera/stack.tif
disarmed
 --- reading images from /run/emmi/camera/stack.tif: found 10 frames
 --- filtering images from outliers
 --- image saved to run=20260602-133829_x=0_y=0_z=0_T=20_v=55.90_data=hot.007.tif
 --- switching Keithley output: OFF 
 --- subtract 
Subtracted image saved to run=20260602-133829_x=0_y=0_z=0_T=20_v=55.90_data=diff.007.tif
 --- acquire dark 
 --- switching Keithley output: OFF 
set exposure: 5000.0 ms
armed
triggered
acquired 20 frames: /run/emmi/camera/stack.tif
disarmed
 --- reading images from /run/emmi/camera/stack.tif: found 20 frames
 --- filtering images from outliers
 --- image saved to run=20260602-133829_x=0_y=0_z=0_T=20_v=55.90_data=dark.008.tif
 --- acquire hot 
 --- switching Keithley output: ON 
set exposure: 5000.0 ms
armed
triggered
acquired 10 frames: /run/emmi/camera/stack.tif
disarmed
 --- reading images from /run/emmi/camera/stack.tif: found 10 frames
 --- filtering images from outliers
 --- image saved to run=20260602-133829_x=0_y=0_z=0_T=20_v=55.90_data=hot.008.tif
 --- switching Keithley output: OFF 
 --- subtract 
Subtracted image saved to run=20260602-133829_x=0_y=0_z=0_T=20_v=55.90_data=diff.008.tif
 --- acquire dark 
 --- switching Keithley output: OFF 
set exposure: 5000.0 ms
armed
triggered
acquired 20 frames: /run/emmi/camera/stack.tif
disarmed
 --- reading images from /run/emmi/camera/stack.tif: found 20 frames
 --- filtering images from outliers
 --- image saved to run=20260602-133829_x=0_y=0_z=0_T=20_v=55.90_data=dark.009.tif
 --- acquire hot 
 --- switching Keithley output: ON 
set exposure: 5000.0 ms
armed
triggered
acquired 10 frames: /run/emmi/camera/stack.tif
disarmed
 --- reading images from /run/emmi/camera/stack.tif: found 10 frames
 --- filtering images from outliers
 --- image saved to run=20260602-133829_x=0_y=0_z=0_T=20_v=55.90_data=hot.009.tif
 --- switching Keithley output: OFF 
 --- subtract 
Subtracted image saved to run=20260602-133829_x=0_y=0_z=0_T=20_v=55.90_data=diff.009.tif
 --- acquire dark 
 --- switching Keithley output: OFF 
set exposure: 5000.0 ms
armed
triggered
acquired 20 frames: /run/emmi/camera/stack.tif
disarmed
 --- reading images from /run/emmi/camera/stack.tif: found 20 frames
 --- filtering images from outliers
 --- image saved to run=20260602-133829_x=0_y=0_z=0_T=20_v=55.90_data=dark.010.tif
 --- acquire hot 
 --- switching Keithley output: ON 
set exposure: 5000.0 ms
armed
triggered
acquired 10 frames: /run/emmi/camera/stack.tif
disarmed
 --- reading images from /run/emmi/camera/stack.tif: found 10 frames
 --- filtering images from outliers
 --- image saved to run=20260602-133829_x=0_y=0_z=0_T=20_v=55.90_data=hot.010.tif
 --- switching Keithley output: OFF 
 --- subtract 
Subtracted image saved to run=20260602-133829_x=0_y=0_z=0_T=20_v=55.90_data=diff.010.tif
 --- acquire dark 
 --- switching Keithley output: OFF 
set exposure: 5000.0 ms
armed
triggered
acquired 20 frames: /run/emmi/camera/stack.tif
disarmed
 --- reading images from /run/emmi/camera/stack.tif: found 20 frames
 --- filtering images from outliers
 --- image saved to run=20260602-133829_x=0_y=0_z=0_T=20_v=55.90_data=dark.011.tif
 --- acquire hot 
 --- switching Keithley output: ON 
set exposure: 5000.0 ms
armed
triggered
acquired 10 frames: /run/emmi/camera/stack.tif
disarmed
 --- reading images from /run/emmi/camera/stack.tif: found 10 frames
 --- filtering images from outliers
 --- image saved to run=20260602-133829_x=0_y=0_z=0_T=20_v=55.90_data=hot.011.tif
 --- switching Keithley output: OFF 
 --- subtract 
Subtracted image saved to run=20260602-133829_x=0_y=0_z=0_T=20_v=55.90_data=diff.011.tif
 --- acquire dark 
 --- switching Keithley output: OFF 
set exposure: 5000.0 ms
armed
triggered
acquired 20 frames: /run/emmi/camera/stack.tif
disarmed
 --- reading images from /run/emmi/camera/stack.tif: found 20 frames
 --- filtering images from outliers
 --- image saved to run=20260602-133829_x=0_y=0_z=0_T=20_v=55.90_data=dark.012.tif
 --- acquire hot 
 --- switching Keithley output: ON 
set exposure: 5000.0 ms
armed
triggered
acquired 10 frames: /run/emmi/camera/stack.tif
disarmed
 --- reading images from /run/emmi/camera/stack.tif: found 10 frames
 --- filtering images from outliers
 --- image saved to run=20260602-133829_x=0_y=0_z=0_T=20_v=55.90_data=hot.012.tif
 --- switching Keithley output: OFF 
 --- subtract 
Subtracted image saved to run=20260602-133829_x=0_y=0_z=0_T=20_v=55.90_data=diff.012.tif
 --- acquire dark 
 --- switching Keithley output: OFF 
set exposure: 5000.0 ms
armed
triggered
acquired 20 frames: /run/emmi/camera/stack.tif
disarmed
 --- reading images from /run/emmi/camera/stack.tif: found 20 frames
 --- filtering images from outliers
 --- image saved to run=20260602-133829_x=0_y=0_z=0_T=20_v=55.90_data=dark.013.tif
 --- acquire hot 
 --- switching Keithley output: ON 
set exposure: 5000.0 ms
armed
triggered
acquired 10 frames: /run/emmi/camera/stack.tif
disarmed
 --- reading images from /run/emmi/camera/stack.tif: found 10 frames
 --- filtering images from outliers
 --- image saved to run=20260602-133829_x=0_y=0_z=0_T=20_v=55.90_data=hot.013.tif
 --- switching Keithley output: OFF 
 --- subtract 
Subtracted image saved to run=20260602-133829_x=0_y=0_z=0_T=20_v=55.90_data=diff.013.tif
 --- acquire dark 
 --- switching Keithley output: OFF 
set exposure: 5000.0 ms
armed
triggered
acquired 20 frames: /run/emmi/camera/stack.tif
disarmed
 --- reading images from /run/emmi/camera/stack.tif: found 20 frames
 --- filtering images from outliers
 --- image saved to run=20260602-133829_x=0_y=0_z=0_T=20_v=55.90_data=dark.014.tif
 --- acquire hot 
 --- switching Keithley output: ON 
set exposure: 5000.0 ms
armed
triggered
acquired 10 frames: /run/emmi/camera/stack.tif
disarmed
 --- reading images from /run/emmi/camera/stack.tif: found 10 frames
 --- filtering images from outliers
 --- image saved to run=20260602-133829_x=0_y=0_z=0_T=20_v=55.90_data=hot.014.tif
 --- switching Keithley output: OFF 
 --- subtract 
Subtracted image saved to run=20260602-133829_x=0_y=0_z=0_T=20_v=55.90_data=diff.014.tif
 --- acquire dark 
 --- switching Keithley output: OFF 
set exposure: 5000.0 ms
armed
triggered
acquired 20 frames: /run/emmi/camera/stack.tif
disarmed
 --- reading images from /run/emmi/camera/stack.tif: found 20 frames
 --- filtering images from outliers
 --- image saved to run=20260602-133829_x=0_y=0_z=0_T=20_v=55.90_data=dark.015.tif
 --- acquire hot 
 --- switching Keithley output: ON 
set exposure: 5000.0 ms
armed
triggered
acquired 10 frames: /run/emmi/camera/stack.tif
disarmed
 --- reading images from /run/emmi/camera/stack.tif: found 10 frames
 --- filtering images from outliers
 --- image saved to run=20260602-133829_x=0_y=0_z=0_T=20_v=55.90_data=hot.015.tif
 --- switching Keithley output: OFF 
 --- subtract 
Subtracted image saved to run=20260602-133829_x=0_y=0_z=0_T=20_v=55.90_data=diff.015.tif
 --- acquire dark 
 --- switching Keithley output: OFF 
set exposure: 5000.0 ms
armed
triggered
acquired 20 frames: /run/emmi/camera/stack.tif
disarmed
 --- reading images from /run/emmi/camera/stack.tif: found 20 frames
 --- filtering images from outliers
 --- image saved to run=20260602-133829_x=0_y=0_z=0_T=20_v=55.90_data=dark.016.tif
 --- acquire hot 
 --- switching Keithley output: ON 
set exposure: 5000.0 ms
armed
triggered
acquired 10 frames: /run/emmi/camera/stack.tif
disarmed
 --- reading images from /run/emmi/camera/stack.tif: found 10 frames
 --- filtering images from outliers
 --- image saved to run=20260602-133829_x=0_y=0_z=0_T=20_v=55.90_data=hot.016.tif
 --- switching Keithley output: OFF 
 --- subtract 
Subtracted image saved to run=20260602-133829_x=0_y=0_z=0_T=20_v=55.90_data=diff.016.tif
 --- acquire dark 
 --- switching Keithley output: OFF 
set exposure: 5000.0 ms
armed
triggered
acquired 20 frames: /run/emmi/camera/stack.tif
disarmed
 --- reading images from /run/emmi/camera/stack.tif: found 20 frames
 --- filtering images from outliers
 --- image saved to run=20260602-133829_x=0_y=0_z=0_T=20_v=55.90_data=dark.017.tif
 --- acquire hot 
 --- switching Keithley output: ON 
set exposure: 5000.0 ms
armed
triggered
acquired 10 frames: /run/emmi/camera/stack.tif
disarmed
 --- reading images from /run/emmi/camera/stack.tif: found 10 frames
 --- filtering images from outliers
 --- image saved to run=20260602-133829_x=0_y=0_z=0_T=20_v=55.90_data=hot.017.tif
 --- switching Keithley output: OFF 
 --- subtract 
Subtracted image saved to run=20260602-133829_x=0_y=0_z=0_T=20_v=55.90_data=diff.017.tif
 --- acquire dark 
 --- switching Keithley output: OFF 
set exposure: 5000.0 ms
armed
triggered
acquired 20 frames: /run/emmi/camera/stack.tif
disarmed
 --- reading images from /run/emmi/camera/stack.tif: found 20 frames
 --- filtering images from outliers
 --- image saved to run=20260602-133829_x=0_y=0_z=0_T=20_v=55.90_data=dark.018.tif
 --- acquire hot 
 --- switching Keithley output: ON 
set exposure: 5000.0 ms
armed
triggered
acquired 10 frames: /run/emmi/camera/stack.tif
disarmed
 --- reading images from /run/emmi/camera/stack.tif: found 10 frames
 --- filtering images from outliers
 --- image saved to run=20260602-133829_x=0_y=0_z=0_T=20_v=55.90_data=hot.018.tif
 --- switching Keithley output: OFF 
 --- subtract 
Subtracted image saved to run=20260602-133829_x=0_y=0_z=0_T=20_v=55.90_data=diff.018.tif
 --- acquire dark 
 --- switching Keithley output: OFF 
set exposure: 5000.0 ms
armed
triggered
acquired 20 frames: /run/emmi/camera/stack.tif
disarmed
 --- reading images from /run/emmi/camera/stack.tif: found 20 frames
 --- filtering images from outliers
 --- image saved to run=20260602-133829_x=0_y=0_z=0_T=20_v=55.90_data=dark.019.tif
 --- acquire hot 
 --- switching Keithley output: ON 
set exposure: 5000.0 ms
armed
triggered
acquired 10 frames: /run/emmi/camera/stack.tif
disarmed
 --- reading images from /run/emmi/camera/stack.tif: found 10 frames
 --- filtering images from outliers
 --- image saved to run=20260602-133829_x=0_y=0_z=0_T=20_v=55.90_data=hot.019.tif
 --- switching Keithley output: OFF 
 --- subtract 
Subtracted image saved to run=20260602-133829_x=0_y=0_z=0_T=20_v=55.90_data=diff.019.tif
 --- acquire dark 
 --- switching Keithley output: OFF 
set exposure: 5000.0 ms
armed
triggered
acquired 20 frames: /run/emmi/camera/stack.tif
disarmed
 --- reading images from /run/emmi/camera/stack.tif: found 20 frames
 --- filtering images from outliers
 --- image saved to run=20260602-133829_x=0_y=0_z=0_T=20_v=55.90_data=dark.020.tif
 --- acquire hot 
 --- switching Keithley output: ON 
set exposure: 5000.0 ms
armed
triggered
acquired 10 frames: /run/emmi/camera/stack.tif
disarmed
 --- reading images from /run/emmi/camera/stack.tif: found 10 frames
 --- filtering images from outliers
 --- image saved to run=20260602-133829_x=0_y=0_z=0_T=20_v=55.90_data=hot.020.tif
 --- switching Keithley output: OFF 
 --- subtract 
Subtracted image saved to run=20260602-133829_x=0_y=0_z=0_T=20_v=55.90_data=diff.020.tif
 --- acquire dark 
 --- switching Keithley output: OFF 
set exposure: 5000.0 ms
armed
triggered
acquired 20 frames: /run/emmi/camera/stack.tif
disarmed
 --- reading images from /run/emmi/camera/stack.tif: found 20 frames
 --- filtering images from outliers
 --- image saved to run=20260602-133829_x=0_y=0_z=0_T=20_v=55.90_data=dark.021.tif
 --- acquire hot 
 --- switching Keithley output: ON 
set exposure: 5000.0 ms
armed
triggered
acquired 10 frames: /run/emmi/camera/stack.tif
disarmed
 --- reading images from /run/emmi/camera/stack.tif: found 10 frames
 --- filtering images from outliers
 --- image saved to run=20260602-133829_x=0_y=0_z=0_T=20_v=55.90_data=hot.021.tif
 --- switching Keithley output: OFF 
 --- subtract 
Subtracted image saved to run=20260602-133829_x=0_y=0_z=0_T=20_v=55.90_data=diff.021.tif
 --- acquire dark 
 --- switching Keithley output: OFF 
set exposure: 5000.0 ms
armed
triggered
acquired 20 frames: /run/emmi/camera/stack.tif
disarmed
 --- reading images from /run/emmi/camera/stack.tif: found 20 frames
 --- filtering images from outliers
 --- image saved to run=20260602-133829_x=0_y=0_z=0_T=20_v=55.90_data=dark.022.tif
 --- acquire hot 
 --- switching Keithley output: ON 
set exposure: 5000.0 ms
armed
triggered
acquired 10 frames: /run/emmi/camera/stack.tif
disarmed
 --- reading images from /run/emmi/camera/stack.tif: found 10 frames
 --- filtering images from outliers
 --- image saved to run=20260602-133829_x=0_y=0_z=0_T=20_v=55.90_data=hot.022.tif
 --- switching Keithley output: OFF 
 --- subtract 
Subtracted image saved to run=20260602-133829_x=0_y=0_z=0_T=20_v=55.90_data=diff.022.tif
 --- acquire dark 
 --- switching Keithley output: OFF 
set exposure: 5000.0 ms
armed
triggered
acquired 20 frames: /run/emmi/camera/stack.tif
disarmed
 --- reading images from /run/emmi/camera/stack.tif: found 20 frames
 --- filtering images from outliers
 --- image saved to run=20260602-133829_x=0_y=0_z=0_T=20_v=55.90_data=dark.023.tif
 --- acquire hot 
 --- switching Keithley output: ON 
set exposure: 5000.0 ms
armed
triggered
acquired 10 frames: /run/emmi/camera/stack.tif
disarmed
 --- reading images from /run/emmi/camera/stack.tif: found 10 frames
 --- filtering images from outliers
 --- image saved to run=20260602-133829_x=0_y=0_z=0_T=20_v=55.90_data=hot.023.tif
 --- switching Keithley output: OFF 
 --- subtract 
Subtracted image saved to run=20260602-133829_x=0_y=0_z=0_T=20_v=55.90_data=diff.023.tif
 --- acquire dark 
 --- switching Keithley output: OFF 
set exposure: 5000.0 ms
armed
triggered
acquired 20 frames: /run/emmi/camera/stack.tif
disarmed
 --- reading images from /run/emmi/camera/stack.tif: found 20 frames
 --- filtering images from outliers
 --- image saved to run=20260602-133829_x=0_y=0_z=0_T=20_v=55.90_data=dark.024.tif
 --- acquire hot 
 --- switching Keithley output: ON 
set exposure: 5000.0 ms
armed
triggered
acquired 10 frames: /run/emmi/camera/stack.tif
disarmed
 --- reading images from /run/emmi/camera/stack.tif: found 10 frames
 --- filtering images from outliers
 --- image saved to run=20260602-133829_x=0_y=0_z=0_T=20_v=55.90_data=hot.024.tif
 --- switching Keithley output: OFF 
 --- subtract 
Subtracted image saved to run=20260602-133829_x=0_y=0_z=0_T=20_v=55.90_data=diff.024.tif
 --- reading images from run=20260602-133829_x=0_y=0_z=0_T=20_v=55.90_data=diff.stack.tif: found 25 frames
 --- filtering images from outliers
 --- image saved to run=20260602-133829_x=0_y=0_z=0_T=20_v=55.90_data=diff.tif
 --- image saved to run=20260602-133829_x=0_y=0_z=0_T=20_v=55.90_data=diffe.tif
 --- opening input image: run=20260602-133829_x=0_y=0_z=0_T=20_v=55.90_data=diff.tif
 --- contrast_stretching
 --- done acquiring picture: 1h 17m 14s 
 --- acquiring picture: exposure=5000ms nframes=20 nrepeat=25 
 --- prefix=run=20260602-133829_x=0_y=0_z=0_T=20_v=53.90 
 --- acquire dark 
 --- switching Keithley output: OFF 
set exposure: 5000.0 ms
armed
triggered
acquired 20 frames: /run/emmi/camera/stack.tif
disarmed
 --- reading images from /run/emmi/camera/stack.tif: found 20 frames
 --- filtering images from outliers
 --- image saved to run=20260602-133829_x=0_y=0_z=0_T=20_v=53.90_data=dark.000.tif
 --- acquire hot 
 --- switching Keithley output: ON 
set exposure: 5000.0 ms
armed
triggered
acquired 20 frames: /run/emmi/camera/stack.tif
disarmed
 --- reading images from /run/emmi/camera/stack.tif: found 20 frames
 --- filtering images from outliers
 --- image saved to run=20260602-133829_x=0_y=0_z=0_T=20_v=53.90_data=hot.000.tif
 --- switching Keithley output: OFF 
 --- subtract 
Subtracted image saved to run=20260602-133829_x=0_y=0_z=0_T=20_v=53.90_data=diff.000.tif
 --- acquire dark 
 --- switching Keithley output: OFF 
set exposure: 5000.0 ms
armed
triggered
acquired 20 frames: /run/emmi/camera/stack.tif
disarmed
 --- reading images from /run/emmi/camera/stack.tif: found 20 frames
 --- filtering images from outliers
 --- image saved to run=20260602-133829_x=0_y=0_z=0_T=20_v=53.90_data=dark.001.tif
 --- acquire hot 
 --- switching Keithley output: ON 
set exposure: 5000.0 ms
armed
triggered
acquired 20 frames: /run/emmi/camera/stack.tif
disarmed
 --- reading images from /run/emmi/camera/stack.tif: found 20 frames
 --- filtering images from outliers
 --- image saved to run=20260602-133829_x=0_y=0_z=0_T=20_v=53.90_data=hot.001.tif
 --- switching Keithley output: OFF 
 --- subtract 
Subtracted image saved to run=20260602-133829_x=0_y=0_z=0_T=20_v=53.90_data=diff.001.tif
 --- acquire dark 
 --- switching Keithley output: OFF 
set exposure: 5000.0 ms
armed
triggered
acquired 20 frames: /run/emmi/camera/stack.tif
disarmed
 --- reading images from /run/emmi/camera/stack.tif: found 20 frames
 --- filtering images from outliers
 --- image saved to run=20260602-133829_x=0_y=0_z=0_T=20_v=53.90_data=dark.002.tif
 --- acquire hot 
 --- switching Keithley output: ON 
set exposure: 5000.0 ms
armed
triggered
acquired 20 frames: /run/emmi/camera/stack.tif
disarmed
 --- reading images from /run/emmi/camera/stack.tif: found 20 frames
 --- filtering images from outliers
 --- image saved to run=20260602-133829_x=0_y=0_z=0_T=20_v=53.90_data=hot.002.tif
 --- switching Keithley output: OFF 
 --- subtract 
Subtracted image saved to run=20260602-133829_x=0_y=0_z=0_T=20_v=53.90_data=diff.002.tif
 --- acquire dark 
 --- switching Keithley output: OFF 
set exposure: 5000.0 ms
armed
triggered
acquired 20 frames: /run/emmi/camera/stack.tif
disarmed
 --- reading images from /run/emmi/camera/stack.tif: found 20 frames
 --- filtering images from outliers
 --- image saved to run=20260602-133829_x=0_y=0_z=0_T=20_v=53.90_data=dark.003.tif
 --- acquire hot 
 --- switching Keithley output: ON 
set exposure: 5000.0 ms
armed
triggered
acquired 20 frames: /run/emmi/camera/stack.tif
disarmed
 --- reading images from /run/emmi/camera/stack.tif: found 20 frames
 --- filtering images from outliers
 --- image saved to run=20260602-133829_x=0_y=0_z=0_T=20_v=53.90_data=hot.003.tif
 --- switching Keithley output: OFF 
 --- subtract 
Subtracted image saved to run=20260602-133829_x=0_y=0_z=0_T=20_v=53.90_data=diff.003.tif
 --- acquire dark 
 --- switching Keithley output: OFF 
set exposure: 5000.0 ms
armed
triggered
acquired 20 frames: /run/emmi/camera/stack.tif
disarmed
 --- reading images from /run/emmi/camera/stack.tif: found 20 frames
 --- filtering images from outliers
 --- image saved to run=20260602-133829_x=0_y=0_z=0_T=20_v=53.90_data=dark.004.tif
 --- acquire hot 
 --- switching Keithley output: ON 
set exposure: 5000.0 ms
armed
triggered
acquired 20 frames: /run/emmi/camera/stack.tif
disarmed
 --- reading images from /run/emmi/camera/stack.tif: found 20 frames
 --- filtering images from outliers
 --- image saved to run=20260602-133829_x=0_y=0_z=0_T=20_v=53.90_data=hot.004.tif
 --- switching Keithley output: OFF 
 --- subtract 
Subtracted image saved to run=20260602-133829_x=0_y=0_z=0_T=20_v=53.90_data=diff.004.tif
 --- acquire dark 
 --- switching Keithley output: OFF 
set exposure: 5000.0 ms
armed
triggered
acquired 20 frames: /run/emmi/camera/stack.tif
disarmed
 --- reading images from /run/emmi/camera/stack.tif: found 20 frames
 --- filtering images from outliers
 --- image saved to run=20260602-133829_x=0_y=0_z=0_T=20_v=53.90_data=dark.005.tif
 --- acquire hot 
 --- switching Keithley output: ON 
set exposure: 5000.0 ms
armed
triggered
acquired 20 frames: /run/emmi/camera/stack.tif
disarmed
 --- reading images from /run/emmi/camera/stack.tif: found 20 frames
 --- filtering images from outliers
 --- image saved to run=20260602-133829_x=0_y=0_z=0_T=20_v=53.90_data=hot.005.tif
 --- switching Keithley output: OFF 
 --- subtract 
Subtracted image saved to run=20260602-133829_x=0_y=0_z=0_T=20_v=53.90_data=diff.005.tif
 --- acquire dark 
 --- switching Keithley output: OFF 
set exposure: 5000.0 ms
armed
triggered
acquired 20 frames: /run/emmi/camera/stack.tif
disarmed
 --- reading images from /run/emmi/camera/stack.tif: found 20 frames
 --- filtering images from outliers
 --- image saved to run=20260602-133829_x=0_y=0_z=0_T=20_v=53.90_data=dark.006.tif
 --- acquire hot 
 --- switching Keithley output: ON 
set exposure: 5000.0 ms
armed
triggered
acquired 20 frames: /run/emmi/camera/stack.tif
disarmed
 --- reading images from /run/emmi/camera/stack.tif: found 20 frames
 --- filtering images from outliers
 --- image saved to run=20260602-133829_x=0_y=0_z=0_T=20_v=53.90_data=hot.006.tif
 --- switching Keithley output: OFF 
 --- subtract 
Subtracted image saved to run=20260602-133829_x=0_y=0_z=0_T=20_v=53.90_data=diff.006.tif
 --- acquire dark 
 --- switching Keithley output: OFF 
set exposure: 5000.0 ms
armed
triggered
acquired 20 frames: /run/emmi/camera/stack.tif
disarmed
 --- reading images from /run/emmi/camera/stack.tif: found 20 frames
 --- filtering images from outliers
 --- image saved to run=20260602-133829_x=0_y=0_z=0_T=20_v=53.90_data=dark.007.tif
 --- acquire hot 
 --- switching Keithley output: ON 
set exposure: 5000.0 ms
armed
triggered
acquired 20 frames: /run/emmi/camera/stack.tif
disarmed
 --- reading images from /run/emmi/camera/stack.tif: found 20 frames
 --- filtering images from outliers
 --- image saved to run=20260602-133829_x=0_y=0_z=0_T=20_v=53.90_data=hot.007.tif
 --- switching Keithley output: OFF 
 --- subtract 
Subtracted image saved to run=20260602-133829_x=0_y=0_z=0_T=20_v=53.90_data=diff.007.tif
 --- acquire dark 
 --- switching Keithley output: OFF 
set exposure: 5000.0 ms
armed
triggered
acquired 20 frames: /run/emmi/camera/stack.tif
disarmed
 --- reading images from /run/emmi/camera/stack.tif: found 20 frames
 --- filtering images from outliers
 --- image saved to run=20260602-133829_x=0_y=0_z=0_T=20_v=53.90_data=dark.008.tif
 --- acquire hot 
 --- switching Keithley output: ON 
set exposure: 5000.0 ms
armed
triggered
acquired 20 frames: /run/emmi/camera/stack.tif
disarmed
 --- reading images from /run/emmi/camera/stack.tif: found 20 frames
 --- filtering images from outliers
 --- image saved to run=20260602-133829_x=0_y=0_z=0_T=20_v=53.90_data=hot.008.tif
 --- switching Keithley output: OFF 
 --- subtract 
Subtracted image saved to run=20260602-133829_x=0_y=0_z=0_T=20_v=53.90_data=diff.008.tif
 --- acquire dark 
 --- switching Keithley output: OFF 
set exposure: 5000.0 ms
armed
triggered
acquired 20 frames: /run/emmi/camera/stack.tif
disarmed
 --- reading images from /run/emmi/camera/stack.tif: found 20 frames
 --- filtering images from outliers
 --- image saved to run=20260602-133829_x=0_y=0_z=0_T=20_v=53.90_data=dark.009.tif
 --- acquire hot 
 --- switching Keithley output: ON 
set exposure: 5000.0 ms
armed
triggered
acquired 20 frames: /run/emmi/camera/stack.tif
disarmed
 --- reading images from /run/emmi/camera/stack.tif: found 20 frames
 --- filtering images from outliers
 --- image saved to run=20260602-133829_x=0_y=0_z=0_T=20_v=53.90_data=hot.009.tif
 --- switching Keithley output: OFF 
 --- subtract 
Subtracted image saved to run=20260602-133829_x=0_y=0_z=0_T=20_v=53.90_data=diff.009.tif
 --- acquire dark 
 --- switching Keithley output: OFF 
set exposure: 5000.0 ms
armed
triggered
acquired 20 frames: /run/emmi/camera/stack.tif
disarmed
 --- reading images from /run/emmi/camera/stack.tif: found 20 frames
 --- filtering images from outliers
 --- image saved to run=20260602-133829_x=0_y=0_z=0_T=20_v=53.90_data=dark.010.tif
 --- acquire hot 
 --- switching Keithley output: ON 
set exposure: 5000.0 ms
armed
triggered
acquired 20 frames: /run/emmi/camera/stack.tif
disarmed
 --- reading images from /run/emmi/camera/stack.tif: found 20 frames
 --- filtering images from outliers
 --- image saved to run=20260602-133829_x=0_y=0_z=0_T=20_v=53.90_data=hot.010.tif
 --- switching Keithley output: OFF 
 --- subtract 
Subtracted image saved to run=20260602-133829_x=0_y=0_z=0_T=20_v=53.90_data=diff.010.tif
 --- acquire dark 
 --- switching Keithley output: OFF 
set exposure: 5000.0 ms
armed
triggered
acquired 20 frames: /run/emmi/camera/stack.tif
disarmed
 --- reading images from /run/emmi/camera/stack.tif: found 20 frames
 --- filtering images from outliers
 --- image saved to run=20260602-133829_x=0_y=0_z=0_T=20_v=53.90_data=dark.011.tif
 --- acquire hot 
 --- switching Keithley output: ON 
set exposure: 5000.0 ms
armed
triggered
acquired 20 frames: /run/emmi/camera/stack.tif
disarmed
 --- reading images from /run/emmi/camera/stack.tif: found 20 frames
 --- filtering images from outliers
 --- image saved to run=20260602-133829_x=0_y=0_z=0_T=20_v=53.90_data=hot.011.tif
 --- switching Keithley output: OFF 
 --- subtract 
Subtracted image saved to run=20260602-133829_x=0_y=0_z=0_T=20_v=53.90_data=diff.011.tif
 --- acquire dark 
 --- switching Keithley output: OFF 
set exposure: 5000.0 ms
armed
triggered
acquired 20 frames: /run/emmi/camera/stack.tif
disarmed
 --- reading images from /run/emmi/camera/stack.tif: found 20 frames
 --- filtering images from outliers
 --- image saved to run=20260602-133829_x=0_y=0_z=0_T=20_v=53.90_data=dark.012.tif
 --- acquire hot 
 --- switching Keithley output: ON 
set exposure: 5000.0 ms
armed
triggered
acquired 20 frames: /run/emmi/camera/stack.tif
disarmed
 --- reading images from /run/emmi/camera/stack.tif: found 20 frames
 --- filtering images from outliers
 --- image saved to run=20260602-133829_x=0_y=0_z=0_T=20_v=53.90_data=hot.012.tif
 --- switching Keithley output: OFF 
 --- subtract 
Subtracted image saved to run=20260602-133829_x=0_y=0_z=0_T=20_v=53.90_data=diff.012.tif
 --- acquire dark 
 --- switching Keithley output: OFF 
set exposure: 5000.0 ms
armed
triggered
acquired 20 frames: /run/emmi/camera/stack.tif
disarmed
 --- reading images from /run/emmi/camera/stack.tif: found 20 frames
 --- filtering images from outliers
 --- image saved to run=20260602-133829_x=0_y=0_z=0_T=20_v=53.90_data=dark.013.tif
 --- acquire hot 
 --- switching Keithley output: ON 
set exposure: 5000.0 ms
armed
triggered
acquired 20 frames: /run/emmi/camera/stack.tif
disarmed
 --- reading images from /run/emmi/camera/stack.tif: found 20 frames
 --- filtering images from outliers
 --- image saved to run=20260602-133829_x=0_y=0_z=0_T=20_v=53.90_data=hot.013.tif
 --- switching Keithley output: OFF 
 --- subtract 
Subtracted image saved to run=20260602-133829_x=0_y=0_z=0_T=20_v=53.90_data=diff.013.tif
 --- acquire dark 
 --- switching Keithley output: OFF 
set exposure: 5000.0 ms
armed
triggered
acquired 20 frames: /run/emmi/camera/stack.tif
disarmed
 --- reading images from /run/emmi/camera/stack.tif: found 20 frames
 --- filtering images from outliers
 --- image saved to run=20260602-133829_x=0_y=0_z=0_T=20_v=53.90_data=dark.014.tif
 --- acquire hot 
 --- switching Keithley output: ON 
set exposure: 5000.0 ms
armed
triggered
acquired 20 frames: /run/emmi/camera/stack.tif
disarmed
 --- reading images from /run/emmi/camera/stack.tif: found 20 frames
 --- filtering images from outliers
 --- image saved to run=20260602-133829_x=0_y=0_z=0_T=20_v=53.90_data=hot.014.tif
 --- switching Keithley output: OFF 
 --- subtract 
Subtracted image saved to run=20260602-133829_x=0_y=0_z=0_T=20_v=53.90_data=diff.014.tif
 --- acquire dark 
 --- switching Keithley output: OFF 
set exposure: 5000.0 ms
armed
triggered
acquired 20 frames: /run/emmi/camera/stack.tif
disarmed
 --- reading images from /run/emmi/camera/stack.tif: found 20 frames
 --- filtering images from outliers
 --- image saved to run=20260602-133829_x=0_y=0_z=0_T=20_v=53.90_data=dark.015.tif
 --- acquire hot 
 --- switching Keithley output: ON 
set exposure: 5000.0 ms
armed
triggered
acquired 20 frames: /run/emmi/camera/stack.tif
disarmed
 --- reading images from /run/emmi/camera/stack.tif: found 20 frames
 --- filtering images from outliers
 --- image saved to run=20260602-133829_x=0_y=0_z=0_T=20_v=53.90_data=hot.015.tif
 --- switching Keithley output: OFF 
 --- subtract 
Subtracted image saved to run=20260602-133829_x=0_y=0_z=0_T=20_v=53.90_data=diff.015.tif
 --- acquire dark 
 --- switching Keithley output: OFF 
set exposure: 5000.0 ms
armed
triggered
acquired 20 frames: /run/emmi/camera/stack.tif
disarmed
 --- reading images from /run/emmi/camera/stack.tif: found 20 frames
 --- filtering images from outliers
 --- image saved to run=20260602-133829_x=0_y=0_z=0_T=20_v=53.90_data=dark.016.tif
 --- acquire hot 
 --- switching Keithley output: ON 
set exposure: 5000.0 ms
armed
triggered
acquired 20 frames: /run/emmi/camera/stack.tif
disarmed
 --- reading images from /run/emmi/camera/stack.tif: found 20 frames
 --- filtering images from outliers
 --- image saved to run=20260602-133829_x=0_y=0_z=0_T=20_v=53.90_data=hot.016.tif
 --- switching Keithley output: OFF 
 --- subtract 
Subtracted image saved to run=20260602-133829_x=0_y=0_z=0_T=20_v=53.90_data=diff.016.tif
 --- acquire dark 
 --- switching Keithley output: OFF 
set exposure: 5000.0 ms
armed
triggered
acquired 20 frames: /run/emmi/camera/stack.tif
disarmed
 --- reading images from /run/emmi/camera/stack.tif: found 20 frames
 --- filtering images from outliers
 --- image saved to run=20260602-133829_x=0_y=0_z=0_T=20_v=53.90_data=dark.017.tif
 --- acquire hot 
 --- switching Keithley output: ON 
set exposure: 5000.0 ms
armed
triggered
acquired 20 frames: /run/emmi/camera/stack.tif
disarmed
 --- reading images from /run/emmi/camera/stack.tif: found 20 frames
 --- filtering images from outliers
 --- image saved to run=20260602-133829_x=0_y=0_z=0_T=20_v=53.90_data=hot.017.tif
 --- switching Keithley output: OFF 
 --- subtract 
Subtracted image saved to run=20260602-133829_x=0_y=0_z=0_T=20_v=53.90_data=diff.017.tif
 --- acquire dark 
 --- switching Keithley output: OFF 
set exposure: 5000.0 ms
armed
triggered
acquired 20 frames: /run/emmi/camera/stack.tif
disarmed
 --- reading images from /run/emmi/camera/stack.tif: found 20 frames
 --- filtering images from outliers
 --- image saved to run=20260602-133829_x=0_y=0_z=0_T=20_v=53.90_data=dark.018.tif
 --- acquire hot 
 --- switching Keithley output: ON 
set exposure: 5000.0 ms
armed
triggered
acquired 20 frames: /run/emmi/camera/stack.tif
disarmed
 --- reading images from /run/emmi/camera/stack.tif: found 20 frames
 --- filtering images from outliers
 --- image saved to run=20260602-133829_x=0_y=0_z=0_T=20_v=53.90_data=hot.018.tif
 --- switching Keithley output: OFF 
 --- subtract 
Subtracted image saved to run=20260602-133829_x=0_y=0_z=0_T=20_v=53.90_data=diff.018.tif
 --- acquire dark 
 --- switching Keithley output: OFF 
set exposure: 5000.0 ms
armed
triggered
acquired 20 frames: /run/emmi/camera/stack.tif
disarmed
 --- reading images from /run/emmi/camera/stack.tif: found 20 frames
 --- filtering images from outliers
 --- image saved to run=20260602-133829_x=0_y=0_z=0_T=20_v=53.90_data=dark.019.tif
 --- acquire hot 
 --- switching Keithley output: ON 
set exposure: 5000.0 ms
armed
triggered
acquired 20 frames: /run/emmi/camera/stack.tif
disarmed
 --- reading images from /run/emmi/camera/stack.tif: found 20 frames
 --- filtering images from outliers
 --- image saved to run=20260602-133829_x=0_y=0_z=0_T=20_v=53.90_data=hot.019.tif
 --- switching Keithley output: OFF 
 --- subtract 
Subtracted image saved to run=20260602-133829_x=0_y=0_z=0_T=20_v=53.90_data=diff.019.tif
 --- acquire dark 
 --- switching Keithley output: OFF 
set exposure: 5000.0 ms
armed
triggered
acquired 20 frames: /run/emmi/camera/stack.tif
disarmed
 --- reading images from /run/emmi/camera/stack.tif: found 20 frames
 --- filtering images from outliers
 --- image saved to run=20260602-133829_x=0_y=0_z=0_T=20_v=53.90_data=dark.020.tif
 --- acquire hot 
 --- switching Keithley output: ON 
set exposure: 5000.0 ms
armed
triggered
acquired 20 frames: /run/emmi/camera/stack.tif
disarmed
 --- reading images from /run/emmi/camera/stack.tif: found 20 frames
 --- filtering images from outliers
 --- image saved to run=20260602-133829_x=0_y=0_z=0_T=20_v=53.90_data=hot.020.tif
 --- switching Keithley output: OFF 
 --- subtract 
Subtracted image saved to run=20260602-133829_x=0_y=0_z=0_T=20_v=53.90_data=diff.020.tif
 --- acquire dark 
 --- switching Keithley output: OFF 
set exposure: 5000.0 ms
armed
triggered
acquired 20 frames: /run/emmi/camera/stack.tif
disarmed
 --- reading images from /run/emmi/camera/stack.tif: found 20 frames
 --- filtering images from outliers
 --- image saved to run=20260602-133829_x=0_y=0_z=0_T=20_v=53.90_data=dark.021.tif
 --- acquire hot 
 --- switching Keithley output: ON 
set exposure: 5000.0 ms
armed
triggered
acquired 20 frames: /run/emmi/camera/stack.tif
disarmed
 --- reading images from /run/emmi/camera/stack.tif: found 20 frames
 --- filtering images from outliers
 --- image saved to run=20260602-133829_x=0_y=0_z=0_T=20_v=53.90_data=hot.021.tif
 --- switching Keithley output: OFF 
 --- subtract 
Subtracted image saved to run=20260602-133829_x=0_y=0_z=0_T=20_v=53.90_data=diff.021.tif
 --- acquire dark 
 --- switching Keithley output: OFF 
set exposure: 5000.0 ms
armed
triggered
acquired 20 frames: /run/emmi/camera/stack.tif
disarmed
 --- reading images from /run/emmi/camera/stack.tif: found 20 frames
 --- filtering images from outliers
 --- image saved to run=20260602-133829_x=0_y=0_z=0_T=20_v=53.90_data=dark.022.tif
 --- acquire hot 
 --- switching Keithley output: ON 
set exposure: 5000.0 ms
armed
triggered
acquired 20 frames: /run/emmi/camera/stack.tif
disarmed
 --- reading images from /run/emmi/camera/stack.tif: found 20 frames
 --- filtering images from outliers
 --- image saved to run=20260602-133829_x=0_y=0_z=0_T=20_v=53.90_data=hot.022.tif
 --- switching Keithley output: OFF 
 --- subtract 
Subtracted image saved to run=20260602-133829_x=0_y=0_z=0_T=20_v=53.90_data=diff.022.tif
 --- acquire dark 
 --- switching Keithley output: OFF 
set exposure: 5000.0 ms
armed
triggered
acquired 20 frames: /run/emmi/camera/stack.tif
disarmed
 --- reading images from /run/emmi/camera/stack.tif: found 20 frames
 --- filtering images from outliers
 --- image saved to run=20260602-133829_x=0_y=0_z=0_T=20_v=53.90_data=dark.023.tif
 --- acquire hot 
 --- switching Keithley output: ON 
set exposure: 5000.0 ms
armed
triggered
acquired 20 frames: /run/emmi/camera/stack.tif
disarmed
 --- reading images from /run/emmi/camera/stack.tif: found 20 frames
 --- filtering images from outliers
 --- image saved to run=20260602-133829_x=0_y=0_z=0_T=20_v=53.90_data=hot.023.tif
 --- switching Keithley output: OFF 
 --- subtract 
Subtracted image saved to run=20260602-133829_x=0_y=0_z=0_T=20_v=53.90_data=diff.023.tif
 --- acquire dark 
 --- switching Keithley output: OFF 
set exposure: 5000.0 ms
armed
triggered
acquired 20 frames: /run/emmi/camera/stack.tif
disarmed
 --- reading images from /run/emmi/camera/stack.tif: found 20 frames
 --- filtering images from outliers
 --- image saved to run=20260602-133829_x=0_y=0_z=0_T=20_v=53.90_data=dark.024.tif
 --- acquire hot 
 --- switching Keithley output: ON 
set exposure: 5000.0 ms
armed
triggered
acquired 20 frames: /run/emmi/camera/stack.tif
disarmed
 --- reading images from /run/emmi/camera/stack.tif: found 20 frames
 --- filtering images from outliers
 --- image saved to run=20260602-133829_x=0_y=0_z=0_T=20_v=53.90_data=hot.024.tif
 --- switching Keithley output: OFF 
 --- subtract 
Subtracted image saved to run=20260602-133829_x=0_y=0_z=0_T=20_v=53.90_data=diff.024.tif
 --- reading images from run=20260602-133829_x=0_y=0_z=0_T=20_v=53.90_data=diff.stack.tif: found 25 frames
 --- filtering images from outliers
 --- image saved to run=20260602-133829_x=0_y=0_z=0_T=20_v=53.90_data=diff.tif
 --- image saved to run=20260602-133829_x=0_y=0_z=0_T=20_v=53.90_data=diffe.tif
 --- opening input image: run=20260602-133829_x=0_y=0_z=0_T=20_v=53.90_data=diff.tif
 --- contrast_stretching
 --- done acquiring picture: 1h 38m 24s 
 --- acquiring picture: exposure=5000ms nframes=30 nrepeat=25 
 --- prefix=run=20260602-133829_x=0_y=0_z=0_T=20_v=53.40 
 --- acquire dark 
 --- switching Keithley output: OFF 
set exposure: 5000.0 ms
armed
triggered
acquired 20 frames: /run/emmi/camera/stack.tif
disarmed
 --- reading images from /run/emmi/camera/stack.tif: found 20 frames
 --- filtering images from outliers
 --- image saved to run=20260602-133829_x=0_y=0_z=0_T=20_v=53.40_data=dark.000.tif
 --- acquire hot 
 --- switching Keithley output: ON 
set exposure: 5000.0 ms
armed
triggered
acquired 30 frames: /run/emmi/camera/stack.tif
disarmed
 --- reading images from /run/emmi/camera/stack.tif: found 30 frames
 --- filtering images from outliers
 --- image saved to run=20260602-133829_x=0_y=0_z=0_T=20_v=53.40_data=hot.000.tif
 --- switching Keithley output: OFF 
 --- subtract 
Subtracted image saved to run=20260602-133829_x=0_y=0_z=0_T=20_v=53.40_data=diff.000.tif
 --- acquire dark 
 --- switching Keithley output: OFF 
set exposure: 5000.0 ms
armed
triggered
acquired 20 frames: /run/emmi/camera/stack.tif
disarmed
 --- reading images from /run/emmi/camera/stack.tif: found 20 frames
 --- filtering images from outliers
 --- image saved to run=20260602-133829_x=0_y=0_z=0_T=20_v=53.40_data=dark.001.tif
 --- acquire hot 
 --- switching Keithley output: ON 
set exposure: 5000.0 ms
armed
triggered
acquired 30 frames: /run/emmi/camera/stack.tif
disarmed
 --- reading images from /run/emmi/camera/stack.tif: found 30 frames
 --- filtering images from outliers
 --- image saved to run=20260602-133829_x=0_y=0_z=0_T=20_v=53.40_data=hot.001.tif
 --- switching Keithley output: OFF 
 --- subtract 
Subtracted image saved to run=20260602-133829_x=0_y=0_z=0_T=20_v=53.40_data=diff.001.tif
 --- acquire dark 
 --- switching Keithley output: OFF 
set exposure: 5000.0 ms
armed
triggered
acquired 20 frames: /run/emmi/camera/stack.tif
disarmed
 --- reading images from /run/emmi/camera/stack.tif: found 20 frames
 --- filtering images from outliers
 --- image saved to run=20260602-133829_x=0_y=0_z=0_T=20_v=53.40_data=dark.002.tif
 --- acquire hot 
 --- switching Keithley output: ON 
set exposure: 5000.0 ms
armed
triggered
acquired 30 frames: /run/emmi/camera/stack.tif
disarmed
 --- reading images from /run/emmi/camera/stack.tif: found 30 frames
 --- filtering images from outliers
 --- image saved to run=20260602-133829_x=0_y=0_z=0_T=20_v=53.40_data=hot.002.tif
 --- switching Keithley output: OFF 
 --- subtract 
Subtracted image saved to run=20260602-133829_x=0_y=0_z=0_T=20_v=53.40_data=diff.002.tif
 --- acquire dark 
 --- switching Keithley output: OFF 
set exposure: 5000.0 ms
armed
triggered
acquired 20 frames: /run/emmi/camera/stack.tif
disarmed
 --- reading images from /run/emmi/camera/stack.tif: found 20 frames
 --- filtering images from outliers
 --- image saved to run=20260602-133829_x=0_y=0_z=0_T=20_v=53.40_data=dark.003.tif
 --- acquire hot 
 --- switching Keithley output: ON 
set exposure: 5000.0 ms
armed
triggered
acquired 30 frames: /run/emmi/camera/stack.tif
disarmed
 --- reading images from /run/emmi/camera/stack.tif: found 30 frames
 --- filtering images from outliers
 --- image saved to run=20260602-133829_x=0_y=0_z=0_T=20_v=53.40_data=hot.003.tif
 --- switching Keithley output: OFF 
 --- subtract 
Subtracted image saved to run=20260602-133829_x=0_y=0_z=0_T=20_v=53.40_data=diff.003.tif
 --- acquire dark 
 --- switching Keithley output: OFF 
set exposure: 5000.0 ms
armed
triggered
acquired 20 frames: /run/emmi/camera/stack.tif
disarmed
 --- reading images from /run/emmi/camera/stack.tif: found 20 frames
 --- filtering images from outliers
 --- image saved to run=20260602-133829_x=0_y=0_z=0_T=20_v=53.40_data=dark.004.tif
 --- acquire hot 
 --- switching Keithley output: ON 
set exposure: 5000.0 ms
armed
triggered
acquired 30 frames: /run/emmi/camera/stack.tif
disarmed
 --- reading images from /run/emmi/camera/stack.tif: found 30 frames
 --- filtering images from outliers
 --- image saved to run=20260602-133829_x=0_y=0_z=0_T=20_v=53.40_data=hot.004.tif
 --- switching Keithley output: OFF 
 --- subtract 
Subtracted image saved to run=20260602-133829_x=0_y=0_z=0_T=20_v=53.40_data=diff.004.tif
 --- acquire dark 
 --- switching Keithley output: OFF 
set exposure: 5000.0 ms
armed
triggered
acquired 20 frames: /run/emmi/camera/stack.tif
disarmed
 --- reading images from /run/emmi/camera/stack.tif: found 20 frames
 --- filtering images from outliers
 --- image saved to run=20260602-133829_x=0_y=0_z=0_T=20_v=53.40_data=dark.005.tif
 --- acquire hot 
 --- switching Keithley output: ON 
set exposure: 5000.0 ms
armed
triggered
acquired 30 frames: /run/emmi/camera/stack.tif
disarmed
 --- reading images from /run/emmi/camera/stack.tif: found 30 frames
 --- filtering images from outliers
 --- image saved to run=20260602-133829_x=0_y=0_z=0_T=20_v=53.40_data=hot.005.tif
 --- switching Keithley output: OFF 
 --- subtract 
Subtracted image saved to run=20260602-133829_x=0_y=0_z=0_T=20_v=53.40_data=diff.005.tif
 --- acquire dark 
 --- switching Keithley output: OFF 
set exposure: 5000.0 ms
armed
triggered
acquired 20 frames: /run/emmi/camera/stack.tif
disarmed
 --- reading images from /run/emmi/camera/stack.tif: found 20 frames
 --- filtering images from outliers
 --- image saved to run=20260602-133829_x=0_y=0_z=0_T=20_v=53.40_data=dark.006.tif
 --- acquire hot 
 --- switching Keithley output: ON 
set exposure: 5000.0 ms
armed
triggered
acquired 30 frames: /run/emmi/camera/stack.tif
disarmed
 --- reading images from /run/emmi/camera/stack.tif: found 30 frames
 --- filtering images from outliers
 --- image saved to run=20260602-133829_x=0_y=0_z=0_T=20_v=53.40_data=hot.006.tif
 --- switching Keithley output: OFF 
 --- subtract 
Subtracted image saved to run=20260602-133829_x=0_y=0_z=0_T=20_v=53.40_data=diff.006.tif
 --- acquire dark 
 --- switching Keithley output: OFF 
set exposure: 5000.0 ms
armed
triggered
acquired 20 frames: /run/emmi/camera/stack.tif
disarmed
 --- reading images from /run/emmi/camera/stack.tif: found 20 frames
 --- filtering images from outliers
 --- image saved to run=20260602-133829_x=0_y=0_z=0_T=20_v=53.40_data=dark.007.tif
 --- acquire hot 
 --- switching Keithley output: ON 
set exposure: 5000.0 ms
armed
triggered
acquired 30 frames: /run/emmi/camera/stack.tif
disarmed
 --- reading images from /run/emmi/camera/stack.tif: found 30 frames
 --- filtering images from outliers
 --- image saved to run=20260602-133829_x=0_y=0_z=0_T=20_v=53.40_data=hot.007.tif
 --- switching Keithley output: OFF 
 --- subtract 
Subtracted image saved to run=20260602-133829_x=0_y=0_z=0_T=20_v=53.40_data=diff.007.tif
 --- acquire dark 
 --- switching Keithley output: OFF 
set exposure: 5000.0 ms
armed
triggered
acquired 20 frames: /run/emmi/camera/stack.tif
disarmed
 --- reading images from /run/emmi/camera/stack.tif: found 20 frames
 --- filtering images from outliers
 --- image saved to run=20260602-133829_x=0_y=0_z=0_T=20_v=53.40_data=dark.008.tif
 --- acquire hot 
 --- switching Keithley output: ON 
set exposure: 5000.0 ms
armed
triggered
acquired 30 frames: /run/emmi/camera/stack.tif
disarmed
 --- reading images from /run/emmi/camera/stack.tif: found 30 frames
 --- filtering images from outliers
 --- image saved to run=20260602-133829_x=0_y=0_z=0_T=20_v=53.40_data=hot.008.tif
 --- switching Keithley output: OFF 
 --- subtract 
Subtracted image saved to run=20260602-133829_x=0_y=0_z=0_T=20_v=53.40_data=diff.008.tif
 --- acquire dark 
 --- switching Keithley output: OFF 
set exposure: 5000.0 ms
armed
triggered
acquired 20 frames: /run/emmi/camera/stack.tif
disarmed
 --- reading images from /run/emmi/camera/stack.tif: found 20 frames
 --- filtering images from outliers
 --- image saved to run=20260602-133829_x=0_y=0_z=0_T=20_v=53.40_data=dark.009.tif
 --- acquire hot 
 --- switching Keithley output: ON 
set exposure: 5000.0 ms
armed
triggered
acquired 30 frames: /run/emmi/camera/stack.tif
disarmed
 --- reading images from /run/emmi/camera/stack.tif: found 30 frames
 --- filtering images from outliers
 --- image saved to run=20260602-133829_x=0_y=0_z=0_T=20_v=53.40_data=hot.009.tif
 --- switching Keithley output: OFF 
 --- subtract 
Subtracted image saved to run=20260602-133829_x=0_y=0_z=0_T=20_v=53.40_data=diff.009.tif
 --- acquire dark 
 --- switching Keithley output: OFF 
set exposure: 5000.0 ms
armed
triggered
acquired 20 frames: /run/emmi/camera/stack.tif
disarmed
 --- reading images from /run/emmi/camera/stack.tif: found 20 frames
 --- filtering images from outliers
 --- image saved to run=20260602-133829_x=0_y=0_z=0_T=20_v=53.40_data=dark.010.tif
 --- acquire hot 
 --- switching Keithley output: ON 
set exposure: 5000.0 ms
armed
triggered
acquired 30 frames: /run/emmi/camera/stack.tif
disarmed
 --- reading images from /run/emmi/camera/stack.tif: found 30 frames
 --- filtering images from outliers
 --- image saved to run=20260602-133829_x=0_y=0_z=0_T=20_v=53.40_data=hot.010.tif
 --- switching Keithley output: OFF 
 --- subtract 
Subtracted image saved to run=20260602-133829_x=0_y=0_z=0_T=20_v=53.40_data=diff.010.tif
 --- acquire dark 
 --- switching Keithley output: OFF 
set exposure: 5000.0 ms
armed
triggered
acquired 20 frames: /run/emmi/camera/stack.tif
disarmed
 --- reading images from /run/emmi/camera/stack.tif: found 20 frames
 --- filtering images from outliers
 --- image saved to run=20260602-133829_x=0_y=0_z=0_T=20_v=53.40_data=dark.011.tif
 --- acquire hot 
 --- switching Keithley output: ON 
set exposure: 5000.0 ms
armed
triggered
acquired 30 frames: /run/emmi/camera/stack.tif
disarmed
 --- reading images from /run/emmi/camera/stack.tif: found 30 frames
 --- filtering images from outliers
 --- image saved to run=20260602-133829_x=0_y=0_z=0_T=20_v=53.40_data=hot.011.tif
 --- switching Keithley output: OFF 
 --- subtract 
Subtracted image saved to run=20260602-133829_x=0_y=0_z=0_T=20_v=53.40_data=diff.011.tif
 --- acquire dark 
 --- switching Keithley output: OFF 
set exposure: 5000.0 ms
armed
triggered
acquired 20 frames: /run/emmi/camera/stack.tif
disarmed
 --- reading images from /run/emmi/camera/stack.tif: found 20 frames
 --- filtering images from outliers
 --- image saved to run=20260602-133829_x=0_y=0_z=0_T=20_v=53.40_data=dark.012.tif
 --- acquire hot 
 --- switching Keithley output: ON 
set exposure: 5000.0 ms
armed
triggered
acquired 30 frames: /run/emmi/camera/stack.tif
disarmed
 --- reading images from /run/emmi/camera/stack.tif: found 30 frames
 --- filtering images from outliers
 --- image saved to run=20260602-133829_x=0_y=0_z=0_T=20_v=53.40_data=hot.012.tif
 --- switching Keithley output: OFF 
 --- subtract 
Subtracted image saved to run=20260602-133829_x=0_y=0_z=0_T=20_v=53.40_data=diff.012.tif
 --- acquire dark 
 --- switching Keithley output: OFF 
set exposure: 5000.0 ms
armed
triggered
acquired 20 frames: /run/emmi/camera/stack.tif
disarmed
 --- reading images from /run/emmi/camera/stack.tif: found 20 frames
 --- filtering images from outliers
 --- image saved to run=20260602-133829_x=0_y=0_z=0_T=20_v=53.40_data=dark.013.tif
 --- acquire hot 
 --- switching Keithley output: ON 
set exposure: 5000.0 ms
armed
triggered
acquired 30 frames: /run/emmi/camera/stack.tif
disarmed
 --- reading images from /run/emmi/camera/stack.tif: found 30 frames
 --- filtering images from outliers
 --- image saved to run=20260602-133829_x=0_y=0_z=0_T=20_v=53.40_data=hot.013.tif
 --- switching Keithley output: OFF 
 --- subtract 
Subtracted image saved to run=20260602-133829_x=0_y=0_z=0_T=20_v=53.40_data=diff.013.tif
 --- acquire dark 
 --- switching Keithley output: OFF 
set exposure: 5000.0 ms
armed
triggered
acquired 20 frames: /run/emmi/camera/stack.tif
disarmed
 --- reading images from /run/emmi/camera/stack.tif: found 20 frames
 --- filtering images from outliers
 --- image saved to run=20260602-133829_x=0_y=0_z=0_T=20_v=53.40_data=dark.014.tif
 --- acquire hot 
 --- switching Keithley output: ON 
set exposure: 5000.0 ms
armed
triggered
acquired 30 frames: /run/emmi/camera/stack.tif
disarmed
 --- reading images from /run/emmi/camera/stack.tif: found 30 frames
 --- filtering images from outliers
 --- image saved to run=20260602-133829_x=0_y=0_z=0_T=20_v=53.40_data=hot.014.tif
 --- switching Keithley output: OFF 
 --- subtract 
Subtracted image saved to run=20260602-133829_x=0_y=0_z=0_T=20_v=53.40_data=diff.014.tif
 --- acquire dark 
 --- switching Keithley output: OFF 
set exposure: 5000.0 ms
armed
triggered
acquired 20 frames: /run/emmi/camera/stack.tif
disarmed
 --- reading images from /run/emmi/camera/stack.tif: found 20 frames
 --- filtering images from outliers
 --- image saved to run=20260602-133829_x=0_y=0_z=0_T=20_v=53.40_data=dark.015.tif
 --- acquire hot 
 --- switching Keithley output: ON 
set exposure: 5000.0 ms
armed
triggered
acquired 30 frames: /run/emmi/camera/stack.tif
disarmed
 --- reading images from /run/emmi/camera/stack.tif: found 30 frames
 --- filtering images from outliers
 --- image saved to run=20260602-133829_x=0_y=0_z=0_T=20_v=53.40_data=hot.015.tif
 --- switching Keithley output: OFF 
 --- subtract 
Subtracted image saved to run=20260602-133829_x=0_y=0_z=0_T=20_v=53.40_data=diff.015.tif
 --- acquire dark 
 --- switching Keithley output: OFF 
set exposure: 5000.0 ms
armed
triggered
acquired 20 frames: /run/emmi/camera/stack.tif
disarmed
 --- reading images from /run/emmi/camera/stack.tif: found 20 frames
 --- filtering images from outliers
 --- image saved to run=20260602-133829_x=0_y=0_z=0_T=20_v=53.40_data=dark.016.tif
 --- acquire hot 
 --- switching Keithley output: ON 
set exposure: 5000.0 ms
armed
triggered
acquired 30 frames: /run/emmi/camera/stack.tif
disarmed
 --- reading images from /run/emmi/camera/stack.tif: found 30 frames
 --- filtering images from outliers
 --- image saved to run=20260602-133829_x=0_y=0_z=0_T=20_v=53.40_data=hot.016.tif
 --- switching Keithley output: OFF 
 --- subtract 
Subtracted image saved to run=20260602-133829_x=0_y=0_z=0_T=20_v=53.40_data=diff.016.tif
 --- acquire dark 
 --- switching Keithley output: OFF 
set exposure: 5000.0 ms
armed
triggered
acquired 20 frames: /run/emmi/camera/stack.tif
disarmed
 --- reading images from /run/emmi/camera/stack.tif: found 20 frames
 --- filtering images from outliers
 --- image saved to run=20260602-133829_x=0_y=0_z=0_T=20_v=53.40_data=dark.017.tif
 --- acquire hot 
 --- switching Keithley output: ON 
set exposure: 5000.0 ms
armed
triggered
acquired 30 frames: /run/emmi/camera/stack.tif
disarmed
 --- reading images from /run/emmi/camera/stack.tif: found 30 frames
 --- filtering images from outliers
 --- image saved to run=20260602-133829_x=0_y=0_z=0_T=20_v=53.40_data=hot.017.tif
 --- switching Keithley output: OFF 
 --- subtract 
Subtracted image saved to run=20260602-133829_x=0_y=0_z=0_T=20_v=53.40_data=diff.017.tif
 --- acquire dark 
 --- switching Keithley output: OFF 
set exposure: 5000.0 ms
armed
triggered
acquired 20 frames: /run/emmi/camera/stack.tif
disarmed
 --- reading images from /run/emmi/camera/stack.tif: found 20 frames
 --- filtering images from outliers
 --- image saved to run=20260602-133829_x=0_y=0_z=0_T=20_v=53.40_data=dark.018.tif
 --- acquire hot 
 --- switching Keithley output: ON 
set exposure: 5000.0 ms
armed
triggered
acquired 30 frames: /run/emmi/camera/stack.tif
disarmed
 --- reading images from /run/emmi/camera/stack.tif: found 30 frames
 --- filtering images from outliers
 --- image saved to run=20260602-133829_x=0_y=0_z=0_T=20_v=53.40_data=hot.018.tif
 --- switching Keithley output: OFF 
 --- subtract 
Subtracted image saved to run=20260602-133829_x=0_y=0_z=0_T=20_v=53.40_data=diff.018.tif
 --- acquire dark 
 --- switching Keithley output: OFF 
set exposure: 5000.0 ms
armed
triggered
acquired 20 frames: /run/emmi/camera/stack.tif
disarmed
 --- reading images from /run/emmi/camera/stack.tif: found 20 frames
 --- filtering images from outliers
 --- image saved to run=20260602-133829_x=0_y=0_z=0_T=20_v=53.40_data=dark.019.tif
 --- acquire hot 
 --- switching Keithley output: ON 
set exposure: 5000.0 ms
armed
triggered
acquired 30 frames: /run/emmi/camera/stack.tif
disarmed
 --- reading images from /run/emmi/camera/stack.tif: found 30 frames
 --- filtering images from outliers
 --- image saved to run=20260602-133829_x=0_y=0_z=0_T=20_v=53.40_data=hot.019.tif
 --- switching Keithley output: OFF 
 --- subtract 
Subtracted image saved to run=20260602-133829_x=0_y=0_z=0_T=20_v=53.40_data=diff.019.tif
 --- acquire dark 
 --- switching Keithley output: OFF 
set exposure: 5000.0 ms
armed
triggered
acquired 20 frames: /run/emmi/camera/stack.tif
disarmed
 --- reading images from /run/emmi/camera/stack.tif: found 20 frames
 --- filtering images from outliers
 --- image saved to run=20260602-133829_x=0_y=0_z=0_T=20_v=53.40_data=dark.020.tif
 --- acquire hot 
 --- switching Keithley output: ON 
set exposure: 5000.0 ms
armed
triggered
acquired 30 frames: /run/emmi/camera/stack.tif
disarmed
 --- reading images from /run/emmi/camera/stack.tif: found 30 frames
 --- filtering images from outliers
 --- image saved to run=20260602-133829_x=0_y=0_z=0_T=20_v=53.40_data=hot.020.tif
 --- switching Keithley output: OFF 
 --- subtract 
Subtracted image saved to run=20260602-133829_x=0_y=0_z=0_T=20_v=53.40_data=diff.020.tif
 --- acquire dark 
 --- switching Keithley output: OFF 
set exposure: 5000.0 ms
armed
triggered
acquired 20 frames: /run/emmi/camera/stack.tif
disarmed
 --- reading images from /run/emmi/camera/stack.tif: found 20 frames
 --- filtering images from outliers
 --- image saved to run=20260602-133829_x=0_y=0_z=0_T=20_v=53.40_data=dark.021.tif
 --- acquire hot 
 --- switching Keithley output: ON 
set exposure: 5000.0 ms
armed
triggered
acquired 30 frames: /run/emmi/camera/stack.tif
disarmed
 --- reading images from /run/emmi/camera/stack.tif: found 30 frames
 --- filtering images from outliers
 --- image saved to run=20260602-133829_x=0_y=0_z=0_T=20_v=53.40_data=hot.021.tif
 --- switching Keithley output: OFF 
 --- subtract 
Subtracted image saved to run=20260602-133829_x=0_y=0_z=0_T=20_v=53.40_data=diff.021.tif
 --- acquire dark 
 --- switching Keithley output: OFF 
set exposure: 5000.0 ms
armed
triggered
acquired 20 frames: /run/emmi/camera/stack.tif
disarmed
 --- reading images from /run/emmi/camera/stack.tif: found 20 frames
 --- filtering images from outliers
 --- image saved to run=20260602-133829_x=0_y=0_z=0_T=20_v=53.40_data=dark.022.tif
 --- acquire hot 
 --- switching Keithley output: ON 
set exposure: 5000.0 ms
armed
triggered
acquired 30 frames: /run/emmi/camera/stack.tif
disarmed
 --- reading images from /run/emmi/camera/stack.tif: found 30 frames
 --- filtering images from outliers
 --- image saved to run=20260602-133829_x=0_y=0_z=0_T=20_v=53.40_data=hot.022.tif
 --- switching Keithley output: OFF 
 --- subtract 
Subtracted image saved to run=20260602-133829_x=0_y=0_z=0_T=20_v=53.40_data=diff.022.tif
 --- acquire dark 
 --- switching Keithley output: OFF 
set exposure: 5000.0 ms
armed
triggered
acquired 20 frames: /run/emmi/camera/stack.tif
disarmed
 --- reading images from /run/emmi/camera/stack.tif: found 20 frames
 --- filtering images from outliers
 --- image saved to run=20260602-133829_x=0_y=0_z=0_T=20_v=53.40_data=dark.023.tif
 --- acquire hot 
 --- switching Keithley output: ON 
set exposure: 5000.0 ms
armed
triggered
acquired 30 frames: /run/emmi/camera/stack.tif
disarmed
 --- reading images from /run/emmi/camera/stack.tif: found 30 frames
 --- filtering images from outliers
 --- image saved to run=20260602-133829_x=0_y=0_z=0_T=20_v=53.40_data=hot.023.tif
 --- switching Keithley output: OFF 
 --- subtract 
Subtracted image saved to run=20260602-133829_x=0_y=0_z=0_T=20_v=53.40_data=diff.023.tif
 --- acquire dark 
 --- switching Keithley output: OFF 
set exposure: 5000.0 ms
armed
triggered
acquired 20 frames: /run/emmi/camera/stack.tif
disarmed
 --- reading images from /run/emmi/camera/stack.tif: found 20 frames
 --- filtering images from outliers
 --- image saved to run=20260602-133829_x=0_y=0_z=0_T=20_v=53.40_data=dark.024.tif
 --- acquire hot 
 --- switching Keithley output: ON 
set exposure: 5000.0 ms
armed
triggered
acquired 30 frames: /run/emmi/camera/stack.tif
disarmed
 --- reading images from /run/emmi/camera/stack.tif: found 30 frames
 --- filtering images from outliers
 --- image saved to run=20260602-133829_x=0_y=0_z=0_T=20_v=53.40_data=hot.024.tif
 --- switching Keithley output: OFF 
 --- subtract 
Subtracted image saved to run=20260602-133829_x=0_y=0_z=0_T=20_v=53.40_data=diff.024.tif
 --- reading images from run=20260602-133829_x=0_y=0_z=0_T=20_v=53.40_data=diff.stack.tif: found 25 frames
 --- filtering images from outliers
 --- image saved to run=20260602-133829_x=0_y=0_z=0_T=20_v=53.40_data=diff.tif
 --- image saved to run=20260602-133829_x=0_y=0_z=0_T=20_v=53.40_data=diffe.tif
 --- opening input image: run=20260602-133829_x=0_y=0_z=0_T=20_v=53.40_data=diff.tif
 --- contrast_stretching
 --- done acquiring picture: 1h 59m 36s 
 --- acquiring picture: exposure=5000ms nframes=40 nrepeat=25 
 --- prefix=run=20260602-133829_x=0_y=0_z=0_T=20_v=52.90 
 --- acquire dark 
 --- switching Keithley output: OFF 
set exposure: 5000.0 ms
armed
triggered
acquired 20 frames: /run/emmi/camera/stack.tif
disarmed
 --- reading images from /run/emmi/camera/stack.tif: found 20 frames
 --- filtering images from outliers
 --- image saved to run=20260602-133829_x=0_y=0_z=0_T=20_v=52.90_data=dark.000.tif
 --- acquire hot 
 --- switching Keithley output: ON 
set exposure: 5000.0 ms
armed
triggered
acquired 40 frames: /run/emmi/camera/stack.tif
disarmed
 --- reading images from /run/emmi/camera/stack.tif: found 40 frames
 --- filtering images from outliers
 --- image saved to run=20260602-133829_x=0_y=0_z=0_T=20_v=52.90_data=hot.000.tif
 --- switching Keithley output: OFF 
 --- subtract 
Subtracted image saved to run=20260602-133829_x=0_y=0_z=0_T=20_v=52.90_data=diff.000.tif
 --- acquire dark 
 --- switching Keithley output: OFF 
set exposure: 5000.0 ms
armed
triggered
acquired 20 frames: /run/emmi/camera/stack.tif
disarmed
 --- reading images from /run/emmi/camera/stack.tif: found 20 frames
 --- filtering images from outliers
 --- image saved to run=20260602-133829_x=0_y=0_z=0_T=20_v=52.90_data=dark.001.tif
 --- acquire hot 
 --- switching Keithley output: ON 
set exposure: 5000.0 ms
armed
triggered
acquired 40 frames: /run/emmi/camera/stack.tif
disarmed
 --- reading images from /run/emmi/camera/stack.tif: found 40 frames
 --- filtering images from outliers
 --- image saved to run=20260602-133829_x=0_y=0_z=0_T=20_v=52.90_data=hot.001.tif
 --- switching Keithley output: OFF 
 --- subtract 
Subtracted image saved to run=20260602-133829_x=0_y=0_z=0_T=20_v=52.90_data=diff.001.tif
 --- acquire dark 
 --- switching Keithley output: OFF 
set exposure: 5000.0 ms
armed
triggered
acquired 20 frames: /run/emmi/camera/stack.tif
disarmed
 --- reading images from /run/emmi/camera/stack.tif: found 20 frames
 --- filtering images from outliers
 --- image saved to run=20260602-133829_x=0_y=0_z=0_T=20_v=52.90_data=dark.002.tif
 --- acquire hot 
 --- switching Keithley output: ON 
set exposure: 5000.0 ms
armed
triggered
acquired 40 frames: /run/emmi/camera/stack.tif
disarmed
 --- reading images from /run/emmi/camera/stack.tif: found 40 frames
 --- filtering images from outliers
 --- image saved to run=20260602-133829_x=0_y=0_z=0_T=20_v=52.90_data=hot.002.tif
 --- switching Keithley output: OFF 
 --- subtract 
Subtracted image saved to run=20260602-133829_x=0_y=0_z=0_T=20_v=52.90_data=diff.002.tif
 --- acquire dark 
 --- switching Keithley output: OFF 
set exposure: 5000.0 ms
armed
triggered
acquired 20 frames: /run/emmi/camera/stack.tif
disarmed
 --- reading images from /run/emmi/camera/stack.tif: found 20 frames
 --- filtering images from outliers
 --- image saved to run=20260602-133829_x=0_y=0_z=0_T=20_v=52.90_data=dark.003.tif
 --- acquire hot 
 --- switching Keithley output: ON 
set exposure: 5000.0 ms
armed
triggered
acquired 40 frames: /run/emmi/camera/stack.tif
disarmed
 --- reading images from /run/emmi/camera/stack.tif: found 40 frames
 --- filtering images from outliers
 --- image saved to run=20260602-133829_x=0_y=0_z=0_T=20_v=52.90_data=hot.003.tif
 --- switching Keithley output: OFF 
 --- subtract 
Subtracted image saved to run=20260602-133829_x=0_y=0_z=0_T=20_v=52.90_data=diff.003.tif
 --- acquire dark 
 --- switching Keithley output: OFF 
set exposure: 5000.0 ms
armed
triggered
acquired 20 frames: /run/emmi/camera/stack.tif
disarmed
 --- reading images from /run/emmi/camera/stack.tif: found 20 frames
 --- filtering images from outliers
 --- image saved to run=20260602-133829_x=0_y=0_z=0_T=20_v=52.90_data=dark.004.tif
 --- acquire hot 
 --- switching Keithley output: ON 
set exposure: 5000.0 ms
armed
triggered
acquired 40 frames: /run/emmi/camera/stack.tif
disarmed
 --- reading images from /run/emmi/camera/stack.tif: found 40 frames
 --- filtering images from outliers
 --- image saved to run=20260602-133829_x=0_y=0_z=0_T=20_v=52.90_data=hot.004.tif
 --- switching Keithley output: OFF 
 --- subtract 
Subtracted image saved to run=20260602-133829_x=0_y=0_z=0_T=20_v=52.90_data=diff.004.tif
 --- acquire dark 
 --- switching Keithley output: OFF 
set exposure: 5000.0 ms
armed
triggered
acquired 20 frames: /run/emmi/camera/stack.tif
disarmed
 --- reading images from /run/emmi/camera/stack.tif: found 20 frames
 --- filtering images from outliers
 --- image saved to run=20260602-133829_x=0_y=0_z=0_T=20_v=52.90_data=dark.005.tif
 --- acquire hot 
 --- switching Keithley output: ON 
set exposure: 5000.0 ms
armed
triggered
acquired 40 frames: /run/emmi/camera/stack.tif
disarmed
 --- reading images from /run/emmi/camera/stack.tif: found 40 frames
 --- filtering images from outliers
 --- image saved to run=20260602-133829_x=0_y=0_z=0_T=20_v=52.90_data=hot.005.tif
 --- switching Keithley output: OFF 
 --- subtract 
Subtracted image saved to run=20260602-133829_x=0_y=0_z=0_T=20_v=52.90_data=diff.005.tif
 --- acquire dark 
 --- switching Keithley output: OFF 
set exposure: 5000.0 ms
armed
triggered
acquired 20 frames: /run/emmi/camera/stack.tif
disarmed
 --- reading images from /run/emmi/camera/stack.tif: found 20 frames
 --- filtering images from outliers
 --- image saved to run=20260602-133829_x=0_y=0_z=0_T=20_v=52.90_data=dark.006.tif
 --- acquire hot 
 --- switching Keithley output: ON 
set exposure: 5000.0 ms
armed
triggered
acquired 40 frames: /run/emmi/camera/stack.tif
disarmed
 --- reading images from /run/emmi/camera/stack.tif: found 40 frames
 --- filtering images from outliers
 --- image saved to run=20260602-133829_x=0_y=0_z=0_T=20_v=52.90_data=hot.006.tif
 --- switching Keithley output: OFF 
 --- subtract 
Subtracted image saved to run=20260602-133829_x=0_y=0_z=0_T=20_v=52.90_data=diff.006.tif
 --- acquire dark 
 --- switching Keithley output: OFF 
set exposure: 5000.0 ms
armed
triggered
acquired 20 frames: /run/emmi/camera/stack.tif
disarmed
 --- reading images from /run/emmi/camera/stack.tif: found 20 frames
 --- filtering images from outliers
 --- image saved to run=20260602-133829_x=0_y=0_z=0_T=20_v=52.90_data=dark.007.tif
 --- acquire hot 
 --- switching Keithley output: ON 
set exposure: 5000.0 ms
armed
triggered
acquired 40 frames: /run/emmi/camera/stack.tif
disarmed
 --- reading images from /run/emmi/camera/stack.tif: found 40 frames
 --- filtering images from outliers
 --- image saved to run=20260602-133829_x=0_y=0_z=0_T=20_v=52.90_data=hot.007.tif
 --- switching Keithley output: OFF 
 --- subtract 
Subtracted image saved to run=20260602-133829_x=0_y=0_z=0_T=20_v=52.90_data=diff.007.tif
 --- acquire dark 
 --- switching Keithley output: OFF 
set exposure: 5000.0 ms
armed
triggered
acquired 20 frames: /run/emmi/camera/stack.tif
disarmed
 --- reading images from /run/emmi/camera/stack.tif: found 20 frames
 --- filtering images from outliers
 --- image saved to run=20260602-133829_x=0_y=0_z=0_T=20_v=52.90_data=dark.008.tif
 --- acquire hot 
 --- switching Keithley output: ON 
set exposure: 5000.0 ms
armed
triggered
acquired 40 frames: /run/emmi/camera/stack.tif
disarmed
 --- reading images from /run/emmi/camera/stack.tif: found 40 frames
 --- filtering images from outliers
 --- image saved to run=20260602-133829_x=0_y=0_z=0_T=20_v=52.90_data=hot.008.tif
 --- switching Keithley output: OFF 
 --- subtract 
Subtracted image saved to run=20260602-133829_x=0_y=0_z=0_T=20_v=52.90_data=diff.008.tif
 --- acquire dark 
 --- switching Keithley output: OFF 
set exposure: 5000.0 ms
armed
triggered
acquired 20 frames: /run/emmi/camera/stack.tif
disarmed
 --- reading images from /run/emmi/camera/stack.tif: found 20 frames
 --- filtering images from outliers
 --- image saved to run=20260602-133829_x=0_y=0_z=0_T=20_v=52.90_data=dark.009.tif
 --- acquire hot 
 --- switching Keithley output: ON 
set exposure: 5000.0 ms
armed
triggered
acquired 40 frames: /run/emmi/camera/stack.tif
disarmed
 --- reading images from /run/emmi/camera/stack.tif: found 40 frames
 --- filtering images from outliers
 --- image saved to run=20260602-133829_x=0_y=0_z=0_T=20_v=52.90_data=hot.009.tif
 --- switching Keithley output: OFF 
 --- subtract 
Subtracted image saved to run=20260602-133829_x=0_y=0_z=0_T=20_v=52.90_data=diff.009.tif
 --- acquire dark 
 --- switching Keithley output: OFF 
set exposure: 5000.0 ms
armed
triggered
acquired 20 frames: /run/emmi/camera/stack.tif
disarmed
 --- reading images from /run/emmi/camera/stack.tif: found 20 frames
 --- filtering images from outliers
 --- image saved to run=20260602-133829_x=0_y=0_z=0_T=20_v=52.90_data=dark.010.tif
 --- acquire hot 
 --- switching Keithley output: ON 
set exposure: 5000.0 ms
armed
triggered
acquired 40 frames: /run/emmi/camera/stack.tif
disarmed
 --- reading images from /run/emmi/camera/stack.tif: found 40 frames
 --- filtering images from outliers
 --- image saved to run=20260602-133829_x=0_y=0_z=0_T=20_v=52.90_data=hot.010.tif
 --- switching Keithley output: OFF 
 --- subtract 
Subtracted image saved to run=20260602-133829_x=0_y=0_z=0_T=20_v=52.90_data=diff.010.tif
 --- acquire dark 
 --- switching Keithley output: OFF 
set exposure: 5000.0 ms
armed
triggered
acquired 20 frames: /run/emmi/camera/stack.tif
disarmed
 --- reading images from /run/emmi/camera/stack.tif: found 20 frames
 --- filtering images from outliers
 --- image saved to run=20260602-133829_x=0_y=0_z=0_T=20_v=52.90_data=dark.011.tif
 --- acquire hot 
 --- switching Keithley output: ON 
set exposure: 5000.0 ms
armed
triggered
acquired 40 frames: /run/emmi/camera/stack.tif
disarmed
 --- reading images from /run/emmi/camera/stack.tif: found 40 frames
 --- filtering images from outliers
 --- image saved to run=20260602-133829_x=0_y=0_z=0_T=20_v=52.90_data=hot.011.tif
 --- switching Keithley output: OFF 
 --- subtract 
Subtracted image saved to run=20260602-133829_x=0_y=0_z=0_T=20_v=52.90_data=diff.011.tif
 --- acquire dark 
 --- switching Keithley output: OFF 
set exposure: 5000.0 ms
armed
triggered
acquired 20 frames: /run/emmi/camera/stack.tif
disarmed
 --- reading images from /run/emmi/camera/stack.tif: found 20 frames
 --- filtering images from outliers
 --- image saved to run=20260602-133829_x=0_y=0_z=0_T=20_v=52.90_data=dark.012.tif
 --- acquire hot 
 --- switching Keithley output: ON 
set exposure: 5000.0 ms
armed
triggered
acquired 40 frames: /run/emmi/camera/stack.tif
disarmed
 --- reading images from /run/emmi/camera/stack.tif: found 40 frames
 --- filtering images from outliers
 --- image saved to run=20260602-133829_x=0_y=0_z=0_T=20_v=52.90_data=hot.012.tif
 --- switching Keithley output: OFF 
 --- subtract 
Subtracted image saved to run=20260602-133829_x=0_y=0_z=0_T=20_v=52.90_data=diff.012.tif
 --- acquire dark 
 --- switching Keithley output: OFF 
set exposure: 5000.0 ms
armed
triggered
acquired 20 frames: /run/emmi/camera/stack.tif
disarmed
 --- reading images from /run/emmi/camera/stack.tif: found 20 frames
 --- filtering images from outliers
 --- image saved to run=20260602-133829_x=0_y=0_z=0_T=20_v=52.90_data=dark.013.tif
 --- acquire hot 
 --- switching Keithley output: ON 
set exposure: 5000.0 ms
armed
triggered
acquired 40 frames: /run/emmi/camera/stack.tif
disarmed
 --- reading images from /run/emmi/camera/stack.tif: found 40 frames
 --- filtering images from outliers
 --- image saved to run=20260602-133829_x=0_y=0_z=0_T=20_v=52.90_data=hot.013.tif
 --- switching Keithley output: OFF 
 --- subtract 
Subtracted image saved to run=20260602-133829_x=0_y=0_z=0_T=20_v=52.90_data=diff.013.tif
 --- acquire dark 
 --- switching Keithley output: OFF 
set exposure: 5000.0 ms
armed
triggered
acquired 20 frames: /run/emmi/camera/stack.tif
disarmed
 --- reading images from /run/emmi/camera/stack.tif: found 20 frames
 --- filtering images from outliers
 --- image saved to run=20260602-133829_x=0_y=0_z=0_T=20_v=52.90_data=dark.014.tif
 --- acquire hot 
 --- switching Keithley output: ON 
set exposure: 5000.0 ms
armed
triggered
acquired 40 frames: /run/emmi/camera/stack.tif
disarmed
 --- reading images from /run/emmi/camera/stack.tif: found 40 frames
 --- filtering images from outliers
 --- image saved to run=20260602-133829_x=0_y=0_z=0_T=20_v=52.90_data=hot.014.tif
 --- switching Keithley output: OFF 
 --- subtract 
Subtracted image saved to run=20260602-133829_x=0_y=0_z=0_T=20_v=52.90_data=diff.014.tif
 --- acquire dark 
 --- switching Keithley output: OFF 
set exposure: 5000.0 ms
armed
triggered
acquired 20 frames: /run/emmi/camera/stack.tif
disarmed
 --- reading images from /run/emmi/camera/stack.tif: found 20 frames
 --- filtering images from outliers
 --- image saved to run=20260602-133829_x=0_y=0_z=0_T=20_v=52.90_data=dark.015.tif
 --- acquire hot 
 --- switching Keithley output: ON 
set exposure: 5000.0 ms
armed
triggered
acquired 40 frames: /run/emmi/camera/stack.tif
disarmed
 --- reading images from /run/emmi/camera/stack.tif: found 40 frames
 --- filtering images from outliers
 --- image saved to run=20260602-133829_x=0_y=0_z=0_T=20_v=52.90_data=hot.015.tif
 --- switching Keithley output: OFF 
 --- subtract 
Subtracted image saved to run=20260602-133829_x=0_y=0_z=0_T=20_v=52.90_data=diff.015.tif
 --- acquire dark 
 --- switching Keithley output: OFF 
set exposure: 5000.0 ms
armed
triggered
acquired 20 frames: /run/emmi/camera/stack.tif
disarmed
 --- reading images from /run/emmi/camera/stack.tif: found 20 frames
 --- filtering images from outliers
 --- image saved to run=20260602-133829_x=0_y=0_z=0_T=20_v=52.90_data=dark.016.tif
 --- acquire hot 
 --- switching Keithley output: ON 
set exposure: 5000.0 ms
armed
triggered
acquired 40 frames: /run/emmi/camera/stack.tif
disarmed
 --- reading images from /run/emmi/camera/stack.tif: found 40 frames
 --- filtering images from outliers
 --- image saved to run=20260602-133829_x=0_y=0_z=0_T=20_v=52.90_data=hot.016.tif
 --- switching Keithley output: OFF 
 --- subtract 
Subtracted image saved to run=20260602-133829_x=0_y=0_z=0_T=20_v=52.90_data=diff.016.tif
 --- acquire dark 
 --- switching Keithley output: OFF 
set exposure: 5000.0 ms
armed
triggered
acquired 20 frames: /run/emmi/camera/stack.tif
disarmed
 --- reading images from /run/emmi/camera/stack.tif: found 20 frames
 --- filtering images from outliers
 --- image saved to run=20260602-133829_x=0_y=0_z=0_T=20_v=52.90_data=dark.017.tif
 --- acquire hot 
 --- switching Keithley output: ON 
set exposure: 5000.0 ms
armed
triggered
acquired 40 frames: /run/emmi/camera/stack.tif
disarmed
 --- reading images from /run/emmi/camera/stack.tif: found 40 frames
 --- filtering images from outliers
 --- image saved to run=20260602-133829_x=0_y=0_z=0_T=20_v=52.90_data=hot.017.tif
 --- switching Keithley output: OFF 
 --- subtract 
Subtracted image saved to run=20260602-133829_x=0_y=0_z=0_T=20_v=52.90_data=diff.017.tif
 --- acquire dark 
 --- switching Keithley output: OFF 
set exposure: 5000.0 ms
armed
triggered
acquired 20 frames: /run/emmi/camera/stack.tif
disarmed
 --- reading images from /run/emmi/camera/stack.tif: found 20 frames
 --- filtering images from outliers
 --- image saved to run=20260602-133829_x=0_y=0_z=0_T=20_v=52.90_data=dark.018.tif
 --- acquire hot 
 --- switching Keithley output: ON 
set exposure: 5000.0 ms
armed
triggered
acquired 40 frames: /run/emmi/camera/stack.tif
disarmed
 --- reading images from /run/emmi/camera/stack.tif: found 40 frames
 --- filtering images from outliers
 --- image saved to run=20260602-133829_x=0_y=0_z=0_T=20_v=52.90_data=hot.018.tif
 --- switching Keithley output: OFF 
 --- subtract 
Subtracted image saved to run=20260602-133829_x=0_y=0_z=0_T=20_v=52.90_data=diff.018.tif
 --- acquire dark 
 --- switching Keithley output: OFF 
set exposure: 5000.0 ms
armed
triggered
acquired 20 frames: /run/emmi/camera/stack.tif
disarmed
 --- reading images from /run/emmi/camera/stack.tif: found 20 frames
 --- filtering images from outliers
 --- image saved to run=20260602-133829_x=0_y=0_z=0_T=20_v=52.90_data=dark.019.tif
 --- acquire hot 
 --- switching Keithley output: ON 
set exposure: 5000.0 ms
armed
triggered
acquired 40 frames: /run/emmi/camera/stack.tif
disarmed
 --- reading images from /run/emmi/camera/stack.tif: found 40 frames
 --- filtering images from outliers
 --- image saved to run=20260602-133829_x=0_y=0_z=0_T=20_v=52.90_data=hot.019.tif
 --- switching Keithley output: OFF 
 --- subtract 
Subtracted image saved to run=20260602-133829_x=0_y=0_z=0_T=20_v=52.90_data=diff.019.tif
 --- acquire dark 
 --- switching Keithley output: OFF 
set exposure: 5000.0 ms
armed
triggered
acquired 20 frames: /run/emmi/camera/stack.tif
disarmed
 --- reading images from /run/emmi/camera/stack.tif: found 20 frames
 --- filtering images from outliers
 --- image saved to run=20260602-133829_x=0_y=0_z=0_T=20_v=52.90_data=dark.020.tif
 --- acquire hot 
 --- switching Keithley output: ON 
set exposure: 5000.0 ms
armed
triggered
acquired 40 frames: /run/emmi/camera/stack.tif
disarmed
 --- reading images from /run/emmi/camera/stack.tif: found 40 frames
 --- filtering images from outliers
 --- image saved to run=20260602-133829_x=0_y=0_z=0_T=20_v=52.90_data=hot.020.tif
 --- switching Keithley output: OFF 
 --- subtract 
Subtracted image saved to run=20260602-133829_x=0_y=0_z=0_T=20_v=52.90_data=diff.020.tif
 --- acquire dark 
 --- switching Keithley output: OFF 
set exposure: 5000.0 ms
armed
triggered
acquired 20 frames: /run/emmi/camera/stack.tif
disarmed
 --- reading images from /run/emmi/camera/stack.tif: found 20 frames
 --- filtering images from outliers
 --- image saved to run=20260602-133829_x=0_y=0_z=0_T=20_v=52.90_data=dark.021.tif
 --- acquire hot 
 --- switching Keithley output: ON 
set exposure: 5000.0 ms
armed
triggered
acquired 40 frames: /run/emmi/camera/stack.tif
disarmed
 --- reading images from /run/emmi/camera/stack.tif: found 40 frames
 --- filtering images from outliers
 --- image saved to run=20260602-133829_x=0_y=0_z=0_T=20_v=52.90_data=hot.021.tif
 --- switching Keithley output: OFF 
 --- subtract 
Subtracted image saved to run=20260602-133829_x=0_y=0_z=0_T=20_v=52.90_data=diff.021.tif
 --- acquire dark 
 --- switching Keithley output: OFF 
set exposure: 5000.0 ms
armed
triggered
acquired 20 frames: /run/emmi/camera/stack.tif
disarmed
 --- reading images from /run/emmi/camera/stack.tif: found 20 frames
 --- filtering images from outliers
 --- image saved to run=20260602-133829_x=0_y=0_z=0_T=20_v=52.90_data=dark.022.tif
 --- acquire hot 
 --- switching Keithley output: ON 
set exposure: 5000.0 ms
armed
triggered
acquired 40 frames: /run/emmi/camera/stack.tif
disarmed
 --- reading images from /run/emmi/camera/stack.tif: found 40 frames
 --- filtering images from outliers
 --- image saved to run=20260602-133829_x=0_y=0_z=0_T=20_v=52.90_data=hot.022.tif
 --- switching Keithley output: OFF 
 --- subtract 
Subtracted image saved to run=20260602-133829_x=0_y=0_z=0_T=20_v=52.90_data=diff.022.tif
 --- acquire dark 
 --- switching Keithley output: OFF 
set exposure: 5000.0 ms
armed
triggered
acquired 20 frames: /run/emmi/camera/stack.tif
disarmed
 --- reading images from /run/emmi/camera/stack.tif: found 20 frames
 --- filtering images from outliers
 --- image saved to run=20260602-133829_x=0_y=0_z=0_T=20_v=52.90_data=dark.023.tif
 --- acquire hot 
 --- switching Keithley output: ON 
set exposure: 5000.0 ms
armed
triggered
acquired 40 frames: /run/emmi/camera/stack.tif
disarmed
 --- reading images from /run/emmi/camera/stack.tif: found 40 frames
 --- filtering images from outliers
 --- image saved to run=20260602-133829_x=0_y=0_z=0_T=20_v=52.90_data=hot.023.tif
 --- switching Keithley output: OFF 
 --- subtract 
Subtracted image saved to run=20260602-133829_x=0_y=0_z=0_T=20_v=52.90_data=diff.023.tif
 --- acquire dark 
 --- switching Keithley output: OFF 
set exposure: 5000.0 ms
armed
triggered
acquired 20 frames: /run/emmi/camera/stack.tif
disarmed
 --- reading images from /run/emmi/camera/stack.tif: found 20 frames
 --- filtering images from outliers
 --- image saved to run=20260602-133829_x=0_y=0_z=0_T=20_v=52.90_data=dark.024.tif
 --- acquire hot 
 --- switching Keithley output: ON 
set exposure: 5000.0 ms
armed
triggered
acquired 40 frames: /run/emmi/camera/stack.tif
disarmed
 --- reading images from /run/emmi/camera/stack.tif: found 40 frames
 --- filtering images from outliers
 --- image saved to run=20260602-133829_x=0_y=0_z=0_T=20_v=52.90_data=hot.024.tif
 --- switching Keithley output: OFF 
 --- subtract 
Subtracted image saved to run=20260602-133829_x=0_y=0_z=0_T=20_v=52.90_data=diff.024.tif
 --- reading images from run=20260602-133829_x=0_y=0_z=0_T=20_v=52.90_data=diff.stack.tif: found 25 frames
 --- filtering images from outliers
 --- image saved to run=20260602-133829_x=0_y=0_z=0_T=20_v=52.90_data=diff.tif
 --- image saved to run=20260602-133829_x=0_y=0_z=0_T=20_v=52.90_data=diffe.tif
 --- opening input image: run=20260602-133829_x=0_y=0_z=0_T=20_v=52.90_data=diff.tif
 --- contrast_stretching
 --- done acquiring picture: 2h 20m 45s 
 --- acquiring picture: exposure=5000ms nframes=80 nrepeat=25 
 --- prefix=run=20260602-133829_x=0_y=0_z=0_T=20_v=52.40 
 --- acquire dark 
 --- switching Keithley output: OFF 
set exposure: 5000.0 ms
armed
triggered
acquired 20 frames: /run/emmi/camera/stack.tif
disarmed
 --- reading images from /run/emmi/camera/stack.tif: found 20 frames
 --- filtering images from outliers
 --- image saved to run=20260602-133829_x=0_y=0_z=0_T=20_v=52.40_data=dark.000.tif
 --- acquire hot 
 --- switching Keithley output: ON 
set exposure: 5000.0 ms
armed
triggered
acquired 80 frames: /run/emmi/camera/stack.tif
disarmed
 --- reading images from /run/emmi/camera/stack.tif: found 80 frames
 --- filtering images from outliers
 --- image saved to run=20260602-133829_x=0_y=0_z=0_T=20_v=52.40_data=hot.000.tif
 --- switching Keithley output: OFF 
 --- subtract 
Subtracted image saved to run=20260602-133829_x=0_y=0_z=0_T=20_v=52.40_data=diff.000.tif
 --- acquire dark 
 --- switching Keithley output: OFF 
set exposure: 5000.0 ms
armed
triggered
acquired 20 frames: /run/emmi/camera/stack.tif
disarmed
 --- reading images from /run/emmi/camera/stack.tif: found 20 frames
 --- filtering images from outliers
 --- image saved to run=20260602-133829_x=0_y=0_z=0_T=20_v=52.40_data=dark.001.tif
 --- acquire hot 
 --- switching Keithley output: ON 
set exposure: 5000.0 ms
armed
triggered
acquired 80 frames: /run/emmi/camera/stack.tif
disarmed
 --- reading images from /run/emmi/camera/stack.tif: found 80 frames
 --- filtering images from outliers
 --- image saved to run=20260602-133829_x=0_y=0_z=0_T=20_v=52.40_data=hot.001.tif
 --- switching Keithley output: OFF 
 --- subtract 
Subtracted image saved to run=20260602-133829_x=0_y=0_z=0_T=20_v=52.40_data=diff.001.tif
 --- acquire dark 
 --- switching Keithley output: OFF 
set exposure: 5000.0 ms
armed
triggered
acquired 20 frames: /run/emmi/camera/stack.tif
disarmed
 --- reading images from /run/emmi/camera/stack.tif: found 20 frames
 --- filtering images from outliers
 --- image saved to run=20260602-133829_x=0_y=0_z=0_T=20_v=52.40_data=dark.002.tif
 --- acquire hot 
 --- switching Keithley output: ON 
set exposure: 5000.0 ms
armed
triggered
acquired 80 frames: /run/emmi/camera/stack.tif
disarmed
 --- reading images from /run/emmi/camera/stack.tif: found 80 frames
 --- filtering images from outliers
 --- image saved to run=20260602-133829_x=0_y=0_z=0_T=20_v=52.40_data=hot.002.tif
 --- switching Keithley output: OFF 
 --- subtract 
Subtracted image saved to run=20260602-133829_x=0_y=0_z=0_T=20_v=52.40_data=diff.002.tif
 --- acquire dark 
 --- switching Keithley output: OFF 
set exposure: 5000.0 ms
armed
triggered
acquired 20 frames: /run/emmi/camera/stack.tif
disarmed
 --- reading images from /run/emmi/camera/stack.tif: found 20 frames
 --- filtering images from outliers
 --- image saved to run=20260602-133829_x=0_y=0_z=0_T=20_v=52.40_data=dark.003.tif
 --- acquire hot 
 --- switching Keithley output: ON 
set exposure: 5000.0 ms
armed
triggered
acquired 80 frames: /run/emmi/camera/stack.tif
disarmed
 --- reading images from /run/emmi/camera/stack.tif: found 80 frames
 --- filtering images from outliers
 --- image saved to run=20260602-133829_x=0_y=0_z=0_T=20_v=52.40_data=hot.003.tif
 --- switching Keithley output: OFF 
 --- subtract 
Subtracted image saved to run=20260602-133829_x=0_y=0_z=0_T=20_v=52.40_data=diff.003.tif
 --- acquire dark 
 --- switching Keithley output: OFF 
set exposure: 5000.0 ms
armed
triggered
acquired 20 frames: /run/emmi/camera/stack.tif
disarmed
 --- reading images from /run/emmi/camera/stack.tif: found 20 frames
 --- filtering images from outliers
 --- image saved to run=20260602-133829_x=0_y=0_z=0_T=20_v=52.40_data=dark.004.tif
 --- acquire hot 
 --- switching Keithley output: ON 
set exposure: 5000.0 ms
armed
triggered
acquired 80 frames: /run/emmi/camera/stack.tif
disarmed
 --- reading images from /run/emmi/camera/stack.tif: found 80 frames
 --- filtering images from outliers
 --- image saved to run=20260602-133829_x=0_y=0_z=0_T=20_v=52.40_data=hot.004.tif
 --- switching Keithley output: OFF 
 --- subtract 
Subtracted image saved to run=20260602-133829_x=0_y=0_z=0_T=20_v=52.40_data=diff.004.tif
 --- acquire dark 
 --- switching Keithley output: OFF 
set exposure: 5000.0 ms
armed
triggered
acquired 20 frames: /run/emmi/camera/stack.tif
disarmed
 --- reading images from /run/emmi/camera/stack.tif: found 20 frames
 --- filtering images from outliers
 --- image saved to run=20260602-133829_x=0_y=0_z=0_T=20_v=52.40_data=dark.005.tif
 --- acquire hot 
 --- switching Keithley output: ON 
set exposure: 5000.0 ms
armed
triggered
acquired 80 frames: /run/emmi/camera/stack.tif
disarmed
 --- reading images from /run/emmi/camera/stack.tif: found 80 frames
 --- filtering images from outliers
 --- image saved to run=20260602-133829_x=0_y=0_z=0_T=20_v=52.40_data=hot.005.tif
 --- switching Keithley output: OFF 
 --- subtract 
Subtracted image saved to run=20260602-133829_x=0_y=0_z=0_T=20_v=52.40_data=diff.005.tif
 --- acquire dark 
 --- switching Keithley output: OFF 
set exposure: 5000.0 ms
armed
triggered
acquired 20 frames: /run/emmi/camera/stack.tif
disarmed
 --- reading images from /run/emmi/camera/stack.tif: found 20 frames
 --- filtering images from outliers
 --- image saved to run=20260602-133829_x=0_y=0_z=0_T=20_v=52.40_data=dark.006.tif
 --- acquire hot 
 --- switching Keithley output: ON 
set exposure: 5000.0 ms
armed
triggered
acquired 80 frames: /run/emmi/camera/stack.tif
disarmed
 --- reading images from /run/emmi/camera/stack.tif: found 80 frames
 --- filtering images from outliers
 --- image saved to run=20260602-133829_x=0_y=0_z=0_T=20_v=52.40_data=hot.006.tif
 --- switching Keithley output: OFF 
 --- subtract 
Subtracted image saved to run=20260602-133829_x=0_y=0_z=0_T=20_v=52.40_data=diff.006.tif
 --- acquire dark 
 --- switching Keithley output: OFF 
set exposure: 5000.0 ms
armed
triggered
acquired 20 frames: /run/emmi/camera/stack.tif
disarmed
 --- reading images from /run/emmi/camera/stack.tif: found 20 frames
 --- filtering images from outliers
 --- image saved to run=20260602-133829_x=0_y=0_z=0_T=20_v=52.40_data=dark.007.tif
 --- acquire hot 
 --- switching Keithley output: ON 
set exposure: 5000.0 ms
armed
triggered
acquired 80 frames: /run/emmi/camera/stack.tif
disarmed
 --- reading images from /run/emmi/camera/stack.tif: found 80 frames
 --- filtering images from outliers
 --- image saved to run=20260602-133829_x=0_y=0_z=0_T=20_v=52.40_data=hot.007.tif
 --- switching Keithley output: OFF 
 --- subtract 
Subtracted image saved to run=20260602-133829_x=0_y=0_z=0_T=20_v=52.40_data=diff.007.tif
 --- acquire dark 
 --- switching Keithley output: OFF 
set exposure: 5000.0 ms
armed
triggered
acquired 20 frames: /run/emmi/camera/stack.tif
disarmed
 --- reading images from /run/emmi/camera/stack.tif: found 20 frames
 --- filtering images from outliers
 --- image saved to run=20260602-133829_x=0_y=0_z=0_T=20_v=52.40_data=dark.008.tif
 --- acquire hot 
 --- switching Keithley output: ON 
set exposure: 5000.0 ms
armed
triggered
acquired 80 frames: /run/emmi/camera/stack.tif
disarmed
 --- reading images from /run/emmi/camera/stack.tif: found 80 frames
 --- filtering images from outliers
 --- image saved to run=20260602-133829_x=0_y=0_z=0_T=20_v=52.40_data=hot.008.tif
 --- switching Keithley output: OFF 
 --- subtract 
Subtracted image saved to run=20260602-133829_x=0_y=0_z=0_T=20_v=52.40_data=diff.008.tif
 --- acquire dark 
 --- switching Keithley output: OFF 
set exposure: 5000.0 ms
armed
triggered
acquired 20 frames: /run/emmi/camera/stack.tif
disarmed
 --- reading images from /run/emmi/camera/stack.tif: found 20 frames
 --- filtering images from outliers
 --- image saved to run=20260602-133829_x=0_y=0_z=0_T=20_v=52.40_data=dark.009.tif
 --- acquire hot 
 --- switching Keithley output: ON 
set exposure: 5000.0 ms
armed
triggered
acquired 80 frames: /run/emmi/camera/stack.tif
disarmed
 --- reading images from /run/emmi/camera/stack.tif: found 80 frames
 --- filtering images from outliers
 --- image saved to run=20260602-133829_x=0_y=0_z=0_T=20_v=52.40_data=hot.009.tif
 --- switching Keithley output: OFF 
 --- subtract 
Subtracted image saved to run=20260602-133829_x=0_y=0_z=0_T=20_v=52.40_data=diff.009.tif
 --- acquire dark 
 --- switching Keithley output: OFF 
set exposure: 5000.0 ms
armed
triggered
acquired 20 frames: /run/emmi/camera/stack.tif
disarmed
 --- reading images from /run/emmi/camera/stack.tif: found 20 frames
 --- filtering images from outliers
 --- image saved to run=20260602-133829_x=0_y=0_z=0_T=20_v=52.40_data=dark.010.tif
 --- acquire hot 
 --- switching Keithley output: ON 
set exposure: 5000.0 ms
armed
triggered
acquired 80 frames: /run/emmi/camera/stack.tif
disarmed
 --- reading images from /run/emmi/camera/stack.tif: found 80 frames
 --- filtering images from outliers
 --- image saved to run=20260602-133829_x=0_y=0_z=0_T=20_v=52.40_data=hot.010.tif
 --- switching Keithley output: OFF 
 --- subtract 
Subtracted image saved to run=20260602-133829_x=0_y=0_z=0_T=20_v=52.40_data=diff.010.tif
 --- acquire dark 
 --- switching Keithley output: OFF 
set exposure: 5000.0 ms
armed
triggered
acquired 20 frames: /run/emmi/camera/stack.tif
disarmed
 --- reading images from /run/emmi/camera/stack.tif: found 20 frames
 --- filtering images from outliers
 --- image saved to run=20260602-133829_x=0_y=0_z=0_T=20_v=52.40_data=dark.011.tif
 --- acquire hot 
 --- switching Keithley output: ON 
set exposure: 5000.0 ms
armed
triggered
acquired 80 frames: /run/emmi/camera/stack.tif
disarmed
 --- reading images from /run/emmi/camera/stack.tif: found 80 frames
 --- filtering images from outliers
 --- image saved to run=20260602-133829_x=0_y=0_z=0_T=20_v=52.40_data=hot.011.tif
 --- switching Keithley output: OFF 
 --- subtract 
Subtracted image saved to run=20260602-133829_x=0_y=0_z=0_T=20_v=52.40_data=diff.011.tif
 --- acquire dark 
 --- switching Keithley output: OFF 
set exposure: 5000.0 ms
armed
triggered
acquired 20 frames: /run/emmi/camera/stack.tif
disarmed
 --- reading images from /run/emmi/camera/stack.tif: found 20 frames
 --- filtering images from outliers
 --- image saved to run=20260602-133829_x=0_y=0_z=0_T=20_v=52.40_data=dark.012.tif
 --- acquire hot 
 --- switching Keithley output: ON 
set exposure: 5000.0 ms
armed
triggered
acquired 80 frames: /run/emmi/camera/stack.tif
disarmed
 --- reading images from /run/emmi/camera/stack.tif: found 80 frames
 --- filtering images from outliers
 --- image saved to run=20260602-133829_x=0_y=0_z=0_T=20_v=52.40_data=hot.012.tif
 --- switching Keithley output: OFF 
 --- subtract 
Subtracted image saved to run=20260602-133829_x=0_y=0_z=0_T=20_v=52.40_data=diff.012.tif
 --- acquire dark 
 --- switching Keithley output: OFF 
set exposure: 5000.0 ms
armed
triggered
acquired 20 frames: /run/emmi/camera/stack.tif
disarmed
 --- reading images from /run/emmi/camera/stack.tif: found 20 frames
 --- filtering images from outliers
 --- image saved to run=20260602-133829_x=0_y=0_z=0_T=20_v=52.40_data=dark.013.tif
 --- acquire hot 
 --- switching Keithley output: ON 
set exposure: 5000.0 ms
armed
triggered
acquired 80 frames: /run/emmi/camera/stack.tif
disarmed
 --- reading images from /run/emmi/camera/stack.tif: found 80 frames
 --- filtering images from outliers
 --- image saved to run=20260602-133829_x=0_y=0_z=0_T=20_v=52.40_data=hot.013.tif
 --- switching Keithley output: OFF 
 --- subtract 
Subtracted image saved to run=20260602-133829_x=0_y=0_z=0_T=20_v=52.40_data=diff.013.tif
 --- acquire dark 
 --- switching Keithley output: OFF 
set exposure: 5000.0 ms
armed
triggered
acquired 20 frames: /run/emmi/camera/stack.tif
disarmed
 --- reading images from /run/emmi/camera/stack.tif: found 20 frames
 --- filtering images from outliers
 --- image saved to run=20260602-133829_x=0_y=0_z=0_T=20_v=52.40_data=dark.014.tif
 --- acquire hot 
 --- switching Keithley output: ON 
set exposure: 5000.0 ms
armed
triggered
acquired 80 frames: /run/emmi/camera/stack.tif
disarmed
 --- reading images from /run/emmi/camera/stack.tif: found 80 frames
 --- filtering images from outliers
 --- image saved to run=20260602-133829_x=0_y=0_z=0_T=20_v=52.40_data=hot.014.tif
 --- switching Keithley output: OFF 
 --- subtract 
Subtracted image saved to run=20260602-133829_x=0_y=0_z=0_T=20_v=52.40_data=diff.014.tif
 --- acquire dark 
 --- switching Keithley output: OFF 
set exposure: 5000.0 ms
armed
triggered
acquired 20 frames: /run/emmi/camera/stack.tif
disarmed
 --- reading images from /run/emmi/camera/stack.tif: found 20 frames
 --- filtering images from outliers
 --- image saved to run=20260602-133829_x=0_y=0_z=0_T=20_v=52.40_data=dark.015.tif
 --- acquire hot 
 --- switching Keithley output: ON 
set exposure: 5000.0 ms
armed
triggered
acquired 80 frames: /run/emmi/camera/stack.tif
disarmed
 --- reading images from /run/emmi/camera/stack.tif: found 80 frames
 --- filtering images from outliers
 --- image saved to run=20260602-133829_x=0_y=0_z=0_T=20_v=52.40_data=hot.015.tif
 --- switching Keithley output: OFF 
 --- subtract 
Subtracted image saved to run=20260602-133829_x=0_y=0_z=0_T=20_v=52.40_data=diff.015.tif
 --- acquire dark 
 --- switching Keithley output: OFF 
set exposure: 5000.0 ms
armed
triggered
acquired 20 frames: /run/emmi/camera/stack.tif
disarmed
 --- reading images from /run/emmi/camera/stack.tif: found 20 frames
 --- filtering images from outliers
 --- image saved to run=20260602-133829_x=0_y=0_z=0_T=20_v=52.40_data=dark.016.tif
 --- acquire hot 
 --- switching Keithley output: ON 
set exposure: 5000.0 ms
armed
triggered
acquired 80 frames: /run/emmi/camera/stack.tif
disarmed
 --- reading images from /run/emmi/camera/stack.tif: found 80 frames
 --- filtering images from outliers
 --- image saved to run=20260602-133829_x=0_y=0_z=0_T=20_v=52.40_data=hot.016.tif
 --- switching Keithley output: OFF 
 --- subtract 
Subtracted image saved to run=20260602-133829_x=0_y=0_z=0_T=20_v=52.40_data=diff.016.tif
 --- acquire dark 
 --- switching Keithley output: OFF 
set exposure: 5000.0 ms
armed
triggered
acquired 20 frames: /run/emmi/camera/stack.tif
disarmed
 --- reading images from /run/emmi/camera/stack.tif: found 20 frames
 --- filtering images from outliers
 --- image saved to run=20260602-133829_x=0_y=0_z=0_T=20_v=52.40_data=dark.017.tif
 --- acquire hot 
 --- switching Keithley output: ON 
set exposure: 5000.0 ms
armed
triggered
acquired 80 frames: /run/emmi/camera/stack.tif
disarmed
 --- reading images from /run/emmi/camera/stack.tif: found 80 frames
 --- filtering images from outliers
 --- image saved to run=20260602-133829_x=0_y=0_z=0_T=20_v=52.40_data=hot.017.tif
 --- switching Keithley output: OFF 
 --- subtract 
Subtracted image saved to run=20260602-133829_x=0_y=0_z=0_T=20_v=52.40_data=diff.017.tif
 --- acquire dark 
 --- switching Keithley output: OFF 
set exposure: 5000.0 ms
armed
triggered
acquired 20 frames: /run/emmi/camera/stack.tif
disarmed
 --- reading images from /run/emmi/camera/stack.tif: found 20 frames
 --- filtering images from outliers
 --- image saved to run=20260602-133829_x=0_y=0_z=0_T=20_v=52.40_data=dark.018.tif
 --- acquire hot 
 --- switching Keithley output: ON 
set exposure: 5000.0 ms
armed
triggered
acquired 80 frames: /run/emmi/camera/stack.tif
disarmed
 --- reading images from /run/emmi/camera/stack.tif: found 80 frames
 --- filtering images from outliers
 --- image saved to run=20260602-133829_x=0_y=0_z=0_T=20_v=52.40_data=hot.018.tif
 --- switching Keithley output: OFF 
 --- subtract 
Subtracted image saved to run=20260602-133829_x=0_y=0_z=0_T=20_v=52.40_data=diff.018.tif
 --- acquire dark 
 --- switching Keithley output: OFF 
set exposure: 5000.0 ms
armed
triggered
acquired 20 frames: /run/emmi/camera/stack.tif
disarmed
 --- reading images from /run/emmi/camera/stack.tif: found 20 frames
 --- filtering images from outliers
 --- image saved to run=20260602-133829_x=0_y=0_z=0_T=20_v=52.40_data=dark.019.tif
 --- acquire hot 
 --- switching Keithley output: ON 
set exposure: 5000.0 ms
armed
triggered
acquired 80 frames: /run/emmi/camera/stack.tif
disarmed
 --- reading images from /run/emmi/camera/stack.tif: found 80 frames
 --- filtering images from outliers
 --- image saved to run=20260602-133829_x=0_y=0_z=0_T=20_v=52.40_data=hot.019.tif
 --- switching Keithley output: OFF 
 --- subtract 
Subtracted image saved to run=20260602-133829_x=0_y=0_z=0_T=20_v=52.40_data=diff.019.tif
 --- acquire dark 
 --- switching Keithley output: OFF 
set exposure: 5000.0 ms
armed
triggered
acquired 20 frames: /run/emmi/camera/stack.tif
disarmed
 --- reading images from /run/emmi/camera/stack.tif: found 20 frames
 --- filtering images from outliers
 --- image saved to run=20260602-133829_x=0_y=0_z=0_T=20_v=52.40_data=dark.020.tif
 --- acquire hot 
 --- switching Keithley output: ON 
set exposure: 5000.0 ms
armed
triggered
acquired 80 frames: /run/emmi/camera/stack.tif
disarmed
 --- reading images from /run/emmi/camera/stack.tif: found 80 frames
 --- filtering images from outliers
 --- image saved to run=20260602-133829_x=0_y=0_z=0_T=20_v=52.40_data=hot.020.tif
 --- switching Keithley output: OFF 
 --- subtract 
Subtracted image saved to run=20260602-133829_x=0_y=0_z=0_T=20_v=52.40_data=diff.020.tif
 --- acquire dark 
 --- switching Keithley output: OFF 
set exposure: 5000.0 ms
armed
triggered
acquired 20 frames: /run/emmi/camera/stack.tif
disarmed
 --- reading images from /run/emmi/camera/stack.tif: found 20 frames
 --- filtering images from outliers
 --- image saved to run=20260602-133829_x=0_y=0_z=0_T=20_v=52.40_data=dark.021.tif
 --- acquire hot 
 --- switching Keithley output: ON 
set exposure: 5000.0 ms
armed
triggered
acquired 80 frames: /run/emmi/camera/stack.tif
disarmed
 --- reading images from /run/emmi/camera/stack.tif: found 80 frames
 --- filtering images from outliers
 --- image saved to run=20260602-133829_x=0_y=0_z=0_T=20_v=52.40_data=hot.021.tif
 --- switching Keithley output: OFF 
 --- subtract 
Subtracted image saved to run=20260602-133829_x=0_y=0_z=0_T=20_v=52.40_data=diff.021.tif
 --- acquire dark 
 --- switching Keithley output: OFF 
set exposure: 5000.0 ms
armed
triggered
acquired 20 frames: /run/emmi/camera/stack.tif
disarmed
 --- reading images from /run/emmi/camera/stack.tif: found 20 frames
 --- filtering images from outliers
 --- image saved to run=20260602-133829_x=0_y=0_z=0_T=20_v=52.40_data=dark.022.tif
 --- acquire hot 
 --- switching Keithley output: ON 
set exposure: 5000.0 ms
armed
triggered
acquired 80 frames: /run/emmi/camera/stack.tif
disarmed
 --- reading images from /run/emmi/camera/stack.tif: found 80 frames
 --- filtering images from outliers
 --- image saved to run=20260602-133829_x=0_y=0_z=0_T=20_v=52.40_data=hot.022.tif
 --- switching Keithley output: OFF 
 --- subtract 
Subtracted image saved to run=20260602-133829_x=0_y=0_z=0_T=20_v=52.40_data=diff.022.tif
 --- acquire dark 
 --- switching Keithley output: OFF 
set exposure: 5000.0 ms
armed
triggered
acquired 20 frames: /run/emmi/camera/stack.tif
disarmed
 --- reading images from /run/emmi/camera/stack.tif: found 20 frames
 --- filtering images from outliers
 --- image saved to run=20260602-133829_x=0_y=0_z=0_T=20_v=52.40_data=dark.023.tif
 --- acquire hot 
 --- switching Keithley output: ON 
set exposure: 5000.0 ms
armed
triggered
acquired 80 frames: /run/emmi/camera/stack.tif
disarmed
 --- reading images from /run/emmi/camera/stack.tif: found 80 frames
 --- filtering images from outliers
 --- image saved to run=20260602-133829_x=0_y=0_z=0_T=20_v=52.40_data=hot.023.tif
 --- switching Keithley output: OFF 
 --- subtract 
Subtracted image saved to run=20260602-133829_x=0_y=0_z=0_T=20_v=52.40_data=diff.023.tif
 --- acquire dark 
 --- switching Keithley output: OFF 
set exposure: 5000.0 ms
armed
triggered
acquired 20 frames: /run/emmi/camera/stack.tif
disarmed
 --- reading images from /run/emmi/camera/stack.tif: found 20 frames
 --- filtering images from outliers
 --- image saved to run=20260602-133829_x=0_y=0_z=0_T=20_v=52.40_data=dark.024.tif
 --- acquire hot 
 --- switching Keithley output: ON 
set exposure: 5000.0 ms
armed
triggered
acquired 80 frames: /run/emmi/camera/stack.tif
disarmed
 --- reading images from /run/emmi/camera/stack.tif: found 80 frames
 --- filtering images from outliers
 --- image saved to run=20260602-133829_x=0_y=0_z=0_T=20_v=52.40_data=hot.024.tif
 --- switching Keithley output: OFF 
 --- subtract 
Subtracted image saved to run=20260602-133829_x=0_y=0_z=0_T=20_v=52.40_data=diff.024.tif
 --- reading images from run=20260602-133829_x=0_y=0_z=0_T=20_v=52.40_data=diff.stack.tif: found 25 frames
 --- filtering images from outliers
 --- image saved to run=20260602-133829_x=0_y=0_z=0_T=20_v=52.40_data=diff.tif
 --- image saved to run=20260602-133829_x=0_y=0_z=0_T=20_v=52.40_data=diffe.tif
 --- opening input image: run=20260602-133829_x=0_y=0_z=0_T=20_v=52.40_data=diff.tif
 --- contrast_stretching
 --- done acquiring picture: 3h 49m 41s 
 --- acquiring picture: exposure=5000ms nframes=300 nrepeat=25 
 --- prefix=run=20260602-133829_x=0_y=0_z=0_T=20_v=51.65 
 --- acquire dark 
 --- switching Keithley output: OFF 
set exposure: 5000.0 ms
armed
triggered
acquired 20 frames: /run/emmi/camera/stack.tif
disarmed
 --- reading images from /run/emmi/camera/stack.tif: found 20 frames
 --- filtering images from outliers
 --- image saved to run=20260602-133829_x=0_y=0_z=0_T=20_v=51.65_data=dark.000.tif
 --- acquire hot 
 --- switching Keithley output: ON 
set exposure: 5000.0 ms
armed
triggered
acquired 300 frames: /run/emmi/camera/stack.tif
disarmed
 --- reading images from /run/emmi/camera/stack.tif: found 300 frames
 --- filtering images from outliers
 --- image saved to run=20260602-133829_x=0_y=0_z=0_T=20_v=51.65_data=hot.000.tif
 --- switching Keithley output: OFF 
 --- subtract 
Subtracted image saved to run=20260602-133829_x=0_y=0_z=0_T=20_v=51.65_data=diff.000.tif
 --- acquire dark 
 --- switching Keithley output: OFF 
set exposure: 5000.0 ms
armed
triggered
acquired 20 frames: /run/emmi/camera/stack.tif
disarmed
 --- reading images from /run/emmi/camera/stack.tif: found 20 frames
 --- filtering images from outliers
 --- image saved to run=20260602-133829_x=0_y=0_z=0_T=20_v=51.65_data=dark.001.tif
 --- acquire hot 
 --- switching Keithley output: ON 
set exposure: 5000.0 ms
armed
triggered
acquired 300 frames: /run/emmi/camera/stack.tif
disarmed
 --- reading images from /run/emmi/camera/stack.tif: found 300 frames
 --- filtering images from outliers
 --- image saved to run=20260602-133829_x=0_y=0_z=0_T=20_v=51.65_data=hot.001.tif
 --- switching Keithley output: OFF 
 --- subtract 
Subtracted image saved to run=20260602-133829_x=0_y=0_z=0_T=20_v=51.65_data=diff.001.tif
 --- acquire dark 
 --- switching Keithley output: OFF 
set exposure: 5000.0 ms
armed
triggered
acquired 20 frames: /run/emmi/camera/stack.tif
disarmed
 --- reading images from /run/emmi/camera/stack.tif: found 20 frames
 --- filtering images from outliers
 --- image saved to run=20260602-133829_x=0_y=0_z=0_T=20_v=51.65_data=dark.002.tif
 --- acquire hot 
 --- switching Keithley output: ON 
set exposure: 5000.0 ms
armed
triggered
acquired 300 frames: /run/emmi/camera/stack.tif
disarmed
 --- reading images from /run/emmi/camera/stack.tif: found 300 frames
 --- filtering images from outliers
 --- image saved to run=20260602-133829_x=0_y=0_z=0_T=20_v=51.65_data=hot.002.tif
 --- switching Keithley output: OFF 
 --- subtract 
Subtracted image saved to run=20260602-133829_x=0_y=0_z=0_T=20_v=51.65_data=diff.002.tif
 --- acquire dark 
 --- switching Keithley output: OFF 
set exposure: 5000.0 ms
armed
triggered
acquired 20 frames: /run/emmi/camera/stack.tif
disarmed
 --- reading images from /run/emmi/camera/stack.tif: found 20 frames
 --- filtering images from outliers
 --- image saved to run=20260602-133829_x=0_y=0_z=0_T=20_v=51.65_data=dark.003.tif
 --- acquire hot 
 --- switching Keithley output: ON 
set exposure: 5000.0 ms
armed
triggered
acquired 300 frames: /run/emmi/camera/stack.tif
disarmed
 --- reading images from /run/emmi/camera/stack.tif: found 300 frames
 --- filtering images from outliers
 --- image saved to run=20260602-133829_x=0_y=0_z=0_T=20_v=51.65_data=hot.003.tif
 --- switching Keithley output: OFF 
 --- subtract 
Subtracted image saved to run=20260602-133829_x=0_y=0_z=0_T=20_v=51.65_data=diff.003.tif
 --- acquire dark 
 --- switching Keithley output: OFF 
set exposure: 5000.0 ms
armed
triggered
acquired 20 frames: /run/emmi/camera/stack.tif
disarmed
 --- reading images from /run/emmi/camera/stack.tif: found 20 frames
 --- filtering images from outliers
 --- image saved to run=20260602-133829_x=0_y=0_z=0_T=20_v=51.65_data=dark.004.tif
 --- acquire hot 
 --- switching Keithley output: ON 
set exposure: 5000.0 ms
armed
triggered
acquired 300 frames: /run/emmi/camera/stack.tif
disarmed
 --- reading images from /run/emmi/camera/stack.tif: found 300 frames
 --- filtering images from outliers
 --- image saved to run=20260602-133829_x=0_y=0_z=0_T=20_v=51.65_data=hot.004.tif
 --- switching Keithley output: OFF 
 --- subtract 
Subtracted image saved to run=20260602-133829_x=0_y=0_z=0_T=20_v=51.65_data=diff.004.tif
 --- acquire dark 
 --- switching Keithley output: OFF 
set exposure: 5000.0 ms
armed
triggered
acquired 20 frames: /run/emmi/camera/stack.tif
disarmed
 --- reading images from /run/emmi/camera/stack.tif: found 20 frames
 --- filtering images from outliers
 --- image saved to run=20260602-133829_x=0_y=0_z=0_T=20_v=51.65_data=dark.005.tif
 --- acquire hot 
 --- switching Keithley output: ON 
set exposure: 5000.0 ms
armed
triggered
acquired 300 frames: /run/emmi/camera/stack.tif
disarmed
 --- reading images from /run/emmi/camera/stack.tif: found 300 frames
 --- filtering images from outliers
 --- image saved to run=20260602-133829_x=0_y=0_z=0_T=20_v=51.65_data=hot.005.tif
 --- switching Keithley output: OFF 
 --- subtract 
Subtracted image saved to run=20260602-133829_x=0_y=0_z=0_T=20_v=51.65_data=diff.005.tif
 --- acquire dark 
 --- switching Keithley output: OFF 
set exposure: 5000.0 ms
armed
triggered
acquired 20 frames: /run/emmi/camera/stack.tif
disarmed
 --- reading images from /run/emmi/camera/stack.tif: found 20 frames
 --- filtering images from outliers
 --- image saved to run=20260602-133829_x=0_y=0_z=0_T=20_v=51.65_data=dark.006.tif
 --- acquire hot 
 --- switching Keithley output: ON 
set exposure: 5000.0 ms
armed
triggered
acquired 300 frames: /run/emmi/camera/stack.tif
disarmed
 --- reading images from /run/emmi/camera/stack.tif: found 300 frames
 --- filtering images from outliers
 --- image saved to run=20260602-133829_x=0_y=0_z=0_T=20_v=51.65_data=hot.006.tif
 --- switching Keithley output: OFF 
 --- subtract 
Subtracted image saved to run=20260602-133829_x=0_y=0_z=0_T=20_v=51.65_data=diff.006.tif
 --- acquire dark 
 --- switching Keithley output: OFF 
set exposure: 5000.0 ms
armed
triggered
acquired 20 frames: /run/emmi/camera/stack.tif
disarmed
 --- reading images from /run/emmi/camera/stack.tif: found 20 frames
 --- filtering images from outliers
 --- image saved to run=20260602-133829_x=0_y=0_z=0_T=20_v=51.65_data=dark.007.tif
 --- acquire hot 
 --- switching Keithley output: ON 
set exposure: 5000.0 ms
armed
triggered
acquired 300 frames: /run/emmi/camera/stack.tif
disarmed
 --- reading images from /run/emmi/camera/stack.tif: found 300 frames
 --- filtering images from outliers
 --- image saved to run=20260602-133829_x=0_y=0_z=0_T=20_v=51.65_data=hot.007.tif
 --- switching Keithley output: OFF 
 --- subtract 
Subtracted image saved to run=20260602-133829_x=0_y=0_z=0_T=20_v=51.65_data=diff.007.tif
 --- acquire dark 
 --- switching Keithley output: OFF 
set exposure: 5000.0 ms
armed
triggered
acquired 20 frames: /run/emmi/camera/stack.tif
disarmed
 --- reading images from /run/emmi/camera/stack.tif: found 20 frames
 --- filtering images from outliers
 --- image saved to run=20260602-133829_x=0_y=0_z=0_T=20_v=51.65_data=dark.008.tif
 --- acquire hot 
 --- switching Keithley output: ON 
set exposure: 5000.0 ms
armed
triggered
acquired 300 frames: /run/emmi/camera/stack.tif
disarmed
 --- reading images from /run/emmi/camera/stack.tif: found 300 frames
 --- filtering images from outliers
 --- image saved to run=20260602-133829_x=0_y=0_z=0_T=20_v=51.65_data=hot.008.tif
 --- switching Keithley output: OFF 
 --- subtract 
Subtracted image saved to run=20260602-133829_x=0_y=0_z=0_T=20_v=51.65_data=diff.008.tif
 --- acquire dark 
 --- switching Keithley output: OFF 
set exposure: 5000.0 ms
armed
triggered
acquired 20 frames: /run/emmi/camera/stack.tif
disarmed
 --- reading images from /run/emmi/camera/stack.tif: found 20 frames
 --- filtering images from outliers
 --- image saved to run=20260602-133829_x=0_y=0_z=0_T=20_v=51.65_data=dark.009.tif
 --- acquire hot 
 --- switching Keithley output: ON 
set exposure: 5000.0 ms
armed
triggered
acquired 300 frames: /run/emmi/camera/stack.tif
disarmed
 --- reading images from /run/emmi/camera/stack.tif: found 300 frames
 --- filtering images from outliers
 --- image saved to run=20260602-133829_x=0_y=0_z=0_T=20_v=51.65_data=hot.009.tif
 --- switching Keithley output: OFF 
 --- subtract 
Subtracted image saved to run=20260602-133829_x=0_y=0_z=0_T=20_v=51.65_data=diff.009.tif
 --- acquire dark 
 --- switching Keithley output: OFF 
set exposure: 5000.0 ms
armed
triggered
acquired 20 frames: /run/emmi/camera/stack.tif
disarmed
 --- reading images from /run/emmi/camera/stack.tif: found 20 frames
 --- filtering images from outliers
 --- image saved to run=20260602-133829_x=0_y=0_z=0_T=20_v=51.65_data=dark.010.tif
 --- acquire hot 
 --- switching Keithley output: ON 
set exposure: 5000.0 ms
armed
triggered
acquired 300 frames: /run/emmi/camera/stack.tif
disarmed
 --- reading images from /run/emmi/camera/stack.tif: found 300 frames
 --- filtering images from outliers
 --- image saved to run=20260602-133829_x=0_y=0_z=0_T=20_v=51.65_data=hot.010.tif
 --- switching Keithley output: OFF 
 --- subtract 
Subtracted image saved to run=20260602-133829_x=0_y=0_z=0_T=20_v=51.65_data=diff.010.tif
 --- acquire dark 
 --- switching Keithley output: OFF 
set exposure: 5000.0 ms
armed
triggered
acquired 20 frames: /run/emmi/camera/stack.tif
disarmed
 --- reading images from /run/emmi/camera/stack.tif: found 20 frames
 --- filtering images from outliers
 --- image saved to run=20260602-133829_x=0_y=0_z=0_T=20_v=51.65_data=dark.011.tif
 --- acquire hot 
 --- switching Keithley output: ON 
set exposure: 5000.0 ms
armed
triggered
acquired 300 frames: /run/emmi/camera/stack.tif
disarmed
 --- reading images from /run/emmi/camera/stack.tif: found 300 frames
 --- filtering images from outliers
 --- image saved to run=20260602-133829_x=0_y=0_z=0_T=20_v=51.65_data=hot.011.tif
 --- switching Keithley output: OFF 
 --- subtract 
Subtracted image saved to run=20260602-133829_x=0_y=0_z=0_T=20_v=51.65_data=diff.011.tif
 --- acquire dark 
 --- switching Keithley output: OFF 
set exposure: 5000.0 ms
armed
triggered
acquired 20 frames: /run/emmi/camera/stack.tif
disarmed
 --- reading images from /run/emmi/camera/stack.tif: found 20 frames
 --- filtering images from outliers
 --- image saved to run=20260602-133829_x=0_y=0_z=0_T=20_v=51.65_data=dark.012.tif
 --- acquire hot 
 --- switching Keithley output: ON 
set exposure: 5000.0 ms
armed
triggered
acquired 300 frames: /run/emmi/camera/stack.tif
disarmed
 --- reading images from /run/emmi/camera/stack.tif: found 300 frames
 --- filtering images from outliers
 --- image saved to run=20260602-133829_x=0_y=0_z=0_T=20_v=51.65_data=hot.012.tif
 --- switching Keithley output: OFF 
 --- subtract 
Subtracted image saved to run=20260602-133829_x=0_y=0_z=0_T=20_v=51.65_data=diff.012.tif
 --- acquire dark 
 --- switching Keithley output: OFF 
set exposure: 5000.0 ms
armed
triggered
acquired 20 frames: /run/emmi/camera/stack.tif
disarmed
 --- reading images from /run/emmi/camera/stack.tif: found 20 frames
 --- filtering images from outliers
 --- image saved to run=20260602-133829_x=0_y=0_z=0_T=20_v=51.65_data=dark.013.tif
 --- acquire hot 
 --- switching Keithley output: ON 
set exposure: 5000.0 ms
armed
triggered
acquired 300 frames: /run/emmi/camera/stack.tif
disarmed
 --- reading images from /run/emmi/camera/stack.tif: found 300 frames
 --- filtering images from outliers
 --- image saved to run=20260602-133829_x=0_y=0_z=0_T=20_v=51.65_data=hot.013.tif
 --- switching Keithley output: OFF 
 --- subtract 
Subtracted image saved to run=20260602-133829_x=0_y=0_z=0_T=20_v=51.65_data=diff.013.tif
 --- acquire dark 
 --- switching Keithley output: OFF 
set exposure: 5000.0 ms
armed
triggered
acquired 20 frames: /run/emmi/camera/stack.tif
disarmed
 --- reading images from /run/emmi/camera/stack.tif: found 20 frames
 --- filtering images from outliers
 --- image saved to run=20260602-133829_x=0_y=0_z=0_T=20_v=51.65_data=dark.014.tif
 --- acquire hot 
 --- switching Keithley output: ON 
set exposure: 5000.0 ms
armed
triggered
acquired 300 frames: /run/emmi/camera/stack.tif
disarmed
 --- reading images from /run/emmi/camera/stack.tif: found 300 frames
 --- filtering images from outliers
 --- image saved to run=20260602-133829_x=0_y=0_z=0_T=20_v=51.65_data=hot.014.tif
 --- switching Keithley output: OFF 
 --- subtract 
Subtracted image saved to run=20260602-133829_x=0_y=0_z=0_T=20_v=51.65_data=diff.014.tif
 --- acquire dark 
 --- switching Keithley output: OFF 
set exposure: 5000.0 ms
armed
triggered
acquired 20 frames: /run/emmi/camera/stack.tif
disarmed
 --- reading images from /run/emmi/camera/stack.tif: found 20 frames
 --- filtering images from outliers
 --- image saved to run=20260602-133829_x=0_y=0_z=0_T=20_v=51.65_data=dark.015.tif
 --- acquire hot 
 --- switching Keithley output: ON 
set exposure: 5000.0 ms
armed
triggered
acquired 300 frames: /run/emmi/camera/stack.tif
disarmed
 --- reading images from /run/emmi/camera/stack.tif: found 300 frames
 --- filtering images from outliers
 --- image saved to run=20260602-133829_x=0_y=0_z=0_T=20_v=51.65_data=hot.015.tif
 --- switching Keithley output: OFF 
 --- subtract 
Subtracted image saved to run=20260602-133829_x=0_y=0_z=0_T=20_v=51.65_data=diff.015.tif
 --- acquire dark 
 --- switching Keithley output: OFF 
set exposure: 5000.0 ms
armed
triggered
acquired 20 frames: /run/emmi/camera/stack.tif
disarmed
 --- reading images from /run/emmi/camera/stack.tif: found 20 frames
 --- filtering images from outliers
 --- image saved to run=20260602-133829_x=0_y=0_z=0_T=20_v=51.65_data=dark.016.tif
 --- acquire hot 
 --- switching Keithley output: ON 
set exposure: 5000.0 ms
armed
triggered
acquired 300 frames: /run/emmi/camera/stack.tif
disarmed
 --- reading images from /run/emmi/camera/stack.tif: found 300 frames
 --- filtering images from outliers
 --- image saved to run=20260602-133829_x=0_y=0_z=0_T=20_v=51.65_data=hot.016.tif
 --- switching Keithley output: OFF 
 --- subtract 
Subtracted image saved to run=20260602-133829_x=0_y=0_z=0_T=20_v=51.65_data=diff.016.tif
 --- acquire dark 
 --- switching Keithley output: OFF 
set exposure: 5000.0 ms
armed
triggered
acquired 20 frames: /run/emmi/camera/stack.tif
disarmed
 --- reading images from /run/emmi/camera/stack.tif: found 20 frames
 --- filtering images from outliers
 --- image saved to run=20260602-133829_x=0_y=0_z=0_T=20_v=51.65_data=dark.017.tif
 --- acquire hot 
 --- switching Keithley output: ON 
set exposure: 5000.0 ms
armed
triggered
acquired 300 frames: /run/emmi/camera/stack.tif
disarmed
 --- reading images from /run/emmi/camera/stack.tif: found 300 frames
 --- filtering images from outliers
 --- image saved to run=20260602-133829_x=0_y=0_z=0_T=20_v=51.65_data=hot.017.tif
 --- switching Keithley output: OFF 
 --- subtract 
Subtracted image saved to run=20260602-133829_x=0_y=0_z=0_T=20_v=51.65_data=diff.017.tif
 --- acquire dark 
 --- switching Keithley output: OFF 
set exposure: 5000.0 ms
armed
triggered
acquired 20 frames: /run/emmi/camera/stack.tif
disarmed
 --- reading images from /run/emmi/camera/stack.tif: found 20 frames
 --- filtering images from outliers
 --- image saved to run=20260602-133829_x=0_y=0_z=0_T=20_v=51.65_data=dark.018.tif
 --- acquire hot 
 --- switching Keithley output: ON 
set exposure: 5000.0 ms
armed
triggered
acquired 300 frames: /run/emmi/camera/stack.tif
disarmed
 --- reading images from /run/emmi/camera/stack.tif: found 300 frames
 --- filtering images from outliers
 --- image saved to run=20260602-133829_x=0_y=0_z=0_T=20_v=51.65_data=hot.018.tif
 --- switching Keithley output: OFF 
 --- subtract 
Subtracted image saved to run=20260602-133829_x=0_y=0_z=0_T=20_v=51.65_data=diff.018.tif
 --- acquire dark 
 --- switching Keithley output: OFF 
set exposure: 5000.0 ms
armed
triggered
acquired 20 frames: /run/emmi/camera/stack.tif
disarmed
 --- reading images from /run/emmi/camera/stack.tif: found 20 frames
 --- filtering images from outliers
 --- image saved to run=20260602-133829_x=0_y=0_z=0_T=20_v=51.65_data=dark.019.tif
 --- acquire hot 
 --- switching Keithley output: ON 
set exposure: 5000.0 ms
armed
triggered
acquired 300 frames: /run/emmi/camera/stack.tif
disarmed
 --- reading images from /run/emmi/camera/stack.tif: found 300 frames
 --- filtering images from outliers
 --- image saved to run=20260602-133829_x=0_y=0_z=0_T=20_v=51.65_data=hot.019.tif
 --- switching Keithley output: OFF 
 --- subtract 
Subtracted image saved to run=20260602-133829_x=0_y=0_z=0_T=20_v=51.65_data=diff.019.tif
 --- acquire dark 
 --- switching Keithley output: OFF 
set exposure: 5000.0 ms
armed
triggered
acquired 20 frames: /run/emmi/camera/stack.tif
disarmed
 --- reading images from /run/emmi/camera/stack.tif: found 20 frames
 --- filtering images from outliers
 --- image saved to run=20260602-133829_x=0_y=0_z=0_T=20_v=51.65_data=dark.020.tif
 --- acquire hot 
 --- switching Keithley output: ON 
set exposure: 5000.0 ms
armed
triggered
acquired 300 frames: /run/emmi/camera/stack.tif
disarmed
 --- reading images from /run/emmi/camera/stack.tif: found 300 frames
 --- filtering images from outliers
 --- image saved to run=20260602-133829_x=0_y=0_z=0_T=20_v=51.65_data=hot.020.tif
 --- switching Keithley output: OFF 
 --- subtract 
Subtracted image saved to run=20260602-133829_x=0_y=0_z=0_T=20_v=51.65_data=diff.020.tif
 --- acquire dark 
 --- switching Keithley output: OFF 
set exposure: 5000.0 ms
armed
triggered
acquired 20 frames: /run/emmi/camera/stack.tif
disarmed
 --- reading images from /run/emmi/camera/stack.tif: found 20 frames
 --- filtering images from outliers
 --- image saved to run=20260602-133829_x=0_y=0_z=0_T=20_v=51.65_data=dark.021.tif
 --- acquire hot 
 --- switching Keithley output: ON 
set exposure: 5000.0 ms
armed
triggered
acquired 300 frames: /run/emmi/camera/stack.tif
disarmed
 --- reading images from /run/emmi/camera/stack.tif: found 300 frames
 --- filtering images from outliers
 --- image saved to run=20260602-133829_x=0_y=0_z=0_T=20_v=51.65_data=hot.021.tif
 --- switching Keithley output: OFF 
 --- subtract 
Subtracted image saved to run=20260602-133829_x=0_y=0_z=0_T=20_v=51.65_data=diff.021.tif
 --- acquire dark 
 --- switching Keithley output: OFF 
set exposure: 5000.0 ms
armed
triggered
acquired 20 frames: /run/emmi/camera/stack.tif
disarmed
 --- reading images from /run/emmi/camera/stack.tif: found 20 frames
 --- filtering images from outliers
 --- image saved to run=20260602-133829_x=0_y=0_z=0_T=20_v=51.65_data=dark.022.tif
 --- acquire hot 
 --- switching Keithley output: ON 
set exposure: 5000.0 ms
armed
triggered
acquired 300 frames: /run/emmi/camera/stack.tif
disarmed
 --- reading images from /run/emmi/camera/stack.tif: found 300 frames
 --- filtering images from outliers
 --- image saved to run=20260602-133829_x=0_y=0_z=0_T=20_v=51.65_data=hot.022.tif
 --- switching Keithley output: OFF 
 --- subtract 
Subtracted image saved to run=20260602-133829_x=0_y=0_z=0_T=20_v=51.65_data=diff.022.tif
 --- acquire dark 
 --- switching Keithley output: OFF 
set exposure: 5000.0 ms
armed
triggered
acquired 20 frames: /run/emmi/camera/stack.tif
disarmed
 --- reading images from /run/emmi/camera/stack.tif: found 20 frames
 --- filtering images from outliers
 --- image saved to run=20260602-133829_x=0_y=0_z=0_T=20_v=51.65_data=dark.023.tif
 --- acquire hot 
 --- switching Keithley output: ON 
set exposure: 5000.0 ms
armed
triggered
acquired 300 frames: /run/emmi/camera/stack.tif
disarmed
 --- reading images from /run/emmi/camera/stack.tif: found 300 frames
 --- filtering images from outliers
 --- image saved to run=20260602-133829_x=0_y=0_z=0_T=20_v=51.65_data=hot.023.tif
 --- switching Keithley output: OFF 
 --- subtract 
Subtracted image saved to run=20260602-133829_x=0_y=0_z=0_T=20_v=51.65_data=diff.023.tif
 --- acquire dark 
 --- switching Keithley output: OFF 
set exposure: 5000.0 ms
armed
triggered
acquired 20 frames: /run/emmi/camera/stack.tif
disarmed
 --- reading images from /run/emmi/camera/stack.tif: found 20 frames
 --- filtering images from outliers
 --- image saved to run=20260602-133829_x=0_y=0_z=0_T=20_v=51.65_data=dark.024.tif
 --- acquire hot 
 --- switching Keithley output: ON 
set exposure: 5000.0 ms
armed
triggered
acquired 300 frames: /run/emmi/camera/stack.tif
disarmed
 --- reading images from /run/emmi/camera/stack.tif: found 300 frames
 --- filtering images from outliers
 --- image saved to run=20260602-133829_x=0_y=0_z=0_T=20_v=51.65_data=hot.024.tif
 --- switching Keithley output: OFF 
 --- subtract 
Subtracted image saved to run=20260602-133829_x=0_y=0_z=0_T=20_v=51.65_data=diff.024.tif
 --- reading images from run=20260602-133829_x=0_y=0_z=0_T=20_v=51.65_data=diff.stack.tif: found 25 frames
 --- filtering images from outliers
 --- image saved to run=20260602-133829_x=0_y=0_z=0_T=20_v=51.65_data=diff.tif
 --- image saved to run=20260602-133829_x=0_y=0_z=0_T=20_v=51.65_data=diffe.tif
 --- opening input image: run=20260602-133829_x=0_y=0_z=0_T=20_v=51.65_data=diff.tif
 --- contrast_stretching
 --- done acquiring picture: 11h 30m 33s 
