sensor,phase,run_number,local_spot,spot,x,y,integration_area,integration_radius,x_ref,y_ref,match_distance,match_type,candidate_count
B1,annealing_100_25,20260629-082957,0,0,1451.57,746.62,93.0,5.44,1455.37,752.37,6.892205742721241,matched,1
B1,annealing_100_5,20260612-110336,0,0,1449.6,746.28,86.0,5.23,1455.37,752.37,8.389338472132364,matched,1
B1,annealing_125_5,20260724-111942,0,0,1455.53,752.48,70.0,4.72,1455.37,752.37,0.19416487838955118,matched,1
B1,annealing_75_5,20260522-153514,0,0,1456.53,752.13,127.0,6.36,1455.37,752.37,1.1845674315969497,matched,1
B1,before_annealing,20260515-160114,0,0,1455.37,752.37,149.0,6.89,1455.37,752.37,0.0,reference,1
B1,annealing_100_25,20260629-082957,1,1,1507.97,742.28,158.0,7.09,1511.52,747.05,5.946040699490671,matched,1
B1,annealing_100_5,20260612-110336,1,1,1505.23,741.49,164.0,7.23,1511.52,747.05,8.39509976117014,matched,1
B1,annealing_125_5,20260724-111942,1,1,1511.16,746.63,103.0,5.73,1511.52,747.05,0.5531726674374771,matched,1
B1,annealing_75_5,20260522-153514,1,1,1512.52,746.77,164.0,7.23,1511.52,747.05,1.0384603988597663,matched,1
B1,before_annealing,20260515-160114,1,1,1511.52,747.05,148.0,6.86,1511.52,747.05,0.0,reference,1
B1,annealing_100_25,20260629-082957,3,2,2061.36,744.09,37.0,3.43,2065.45,747.23,5.156326211557739,matched,2
B1,annealing_125_5,20260724-111942,3,2,2065.63,746.03,58.0,4.3,2065.45,747.23,1.2134249049694892,matched,1
B1,annealing_75_5,20260522-153514,2,2,2065.93,747.44,86.0,5.23,2065.45,747.23,0.5239274758972207,matched,1
B1,before_annealing,20260515-160114,2,2,2065.45,747.23,106.0,5.81,2065.45,747.23,0.0,reference,1
B1,annealing_100_25,20260629-082957,2,3,2040.83,738.47,292.0,9.64,2044.23,742.07,4.951767361256058,matched,1
B1,annealing_100_5,20260612-110336,446,3,2038.19,738.89,544.0,13.16,2044.23,742.07,6.82597978315201,matched,1
B1,annealing_125_5,20260724-111942,2,3,2044.56,741.12,291.0,9.62,2044.23,742.07,1.0056838469419893,matched,1
B1,annealing_150_5,20260911-101035,0,3,2041.63,739.45,390.0,11.14,2044.23,742.07,3.69112448990813,matched,2
B1,annealing_75_5,20260522-153514,3,3,2044.88,741.8,341.0,10.42,2044.23,742.07,0.7038465741908316,matched,1
B1,before_annealing,20260515-160114,3,3,2044.23,742.07,399.0,11.27,2044.23,742.07,0.0,reference,1
B1,annealing_100_25,20260629-082957,4,4,722.9,730.35,97.0,5.56,725.29,737.18,7.236090104469329,matched,1
B1,before_annealing,20260515-160114,4,4,725.29,737.18,50.0,3.99,725.29,737.18,0.0,reference,1
B1,annealing_75_5,20260522-153514,470,5,1187.82,734.26,69.0,4.69,1185.6,736.59,3.2182759359632778,matched,1
B1,before_annealing,20260515-160114,5,5,1185.6,736.59,59.0,4.33,1185.6,736.59,0.0,reference,1
B1,annealing_100_5,20260612-110336,2,6,1184.72,713.76,159.0,7.11,1191.24,720.63,9.471393772829838,matched,1
B1,annealing_75_5,20260522-153514,471,6,1191.97,720.15,194.0,7.86,1191.24,720.63,0.8736704184073328,matched,1
B1,before_annealing,20260515-160114,6,6,1191.24,720.63,169.0,7.33,1191.24,720.63,0.0,reference,1
B1,annealing_125_5,20260724-111942,6,7,761.28,691.43,736.0,15.31,761.3,691.7,0.27073972741371155,matched,1
B1,annealing_150_25,20260918-095250,1,7,759.65,687.58,300.0,9.77,761.3,691.7,4.43811897091549,matched,2
B1,annealing_75_5,20260522-153514,7,7,761.95,691.58,1489.0,21.77,761.3,691.7,0.6609841147865199,matched,1
B1,before_annealing,20260515-160114,7,7,761.3,691.7,1703.0,23.28,761.3,691.7,0.0,reference,1
B1,annealing_100_5,20260612-110336,3,8,1907.99,702.93,599.0,13.81,1914.33,706.53,7.290788709049188,matched,1
B1,annealing_75_5,20260522-153514,6,8,1914.96,706.39,537.0,13.07,1914.33,706.53,0.6453681120106057,matched,1
B1,before_annealing,20260515-160114,8,8,1914.33,706.53,543.0,13.15,1914.33,706.53,0.0,reference,1
B1,annealing_100_25,20260629-082957,6,9,1335.28,706.6,112.0,5.97,1337.86,711.44,5.48470600852953,matched,1
B1,annealing_100_5,20260612-110336,4,9,1331.29,704.67,140.0,6.68,1337.86,711.44,9.433864531569258,matched,1
B1,annealing_125_5,20260724-111942,5,9,1337.68,711.32,86.0,5.23,1337.86,711.44,0.21633307652770567,matched,1
B1,annealing_150_25,20260918-095250,0,9,1336.89,707.29,66.0,4.58,1337.86,711.44,4.261854056628449,matched,1
B1,annealing_150_5,20260911-101035,1,9,1335.63,707.85,91.0,5.38,1337.86,711.44,4.226227632298016,matched,1
B1,annealing_75_5,20260522-153514,5,9,1338.62,711.19,191.0,7.8,1337.86,711.44,0.8000624975587758,matched,1
B1,before_annealing,20260515-160114,9,9,1337.86,711.44,159.0,7.11,1337.86,711.44,0.0,reference,1
B1,annealing_100_25,20260629-082957,8,10,2549.08,686.48,423.0,11.6,2552.35,688.92,4.080012254883506,matched,1
B1,annealing_100_5,20260612-110336,6,10,2546.38,688.02,461.0,12.11,2552.35,688.92,6.0374580743883905,matched,1
B1,annealing_125_5,20260724-111942,7,10,2552.3,688.1,485.0,12.42,2552.35,688.92,0.8215229759415548,matched,1
B1,annealing_150_25,20260918-095250,2,10,2551.19,688.76,135.0,6.56,2552.35,688.92,1.1709824934642072,matched,2
B1,annealing_150_5,20260911-101035,3,10,2549.8,687.65,116.0,6.08,2552.35,688.92,2.8487541136431136,matched,2
B1,annealing_75_5,20260522-153514,8,10,2553.01,688.72,501.0,12.63,2552.35,688.92,0.6896375859829429,matched,1
B1,before_annealing,20260515-160114,10,10,2552.35,688.92,454.0,12.02,2552.35,688.92,0.0,reference,1
B1,annealing_125_5,20260724-111942,352,11,972.5,676.74,201.0,8.0,970.79,677.73,1.9759048560090495,matched,1
B1,annealing_75_5,20260522-153514,9,11,971.59,677.2,655.0,14.44,970.79,677.73,0.9596353474107132,matched,1
B1,before_annealing,20260515-160114,11,11,970.79,677.73,490.0,12.49,970.79,677.73,0.0,reference,1
B1,annealing_100_25,20260629-082957,11,12,2014.09,678.62,181.0,7.59,2017.13,682.28,4.7578566603041885,matched,1
B1,annealing_100_5,20260612-110336,9,12,2011.23,679.24,259.0,9.08,2017.13,682.28,6.637137937394465,matched,1
B1,annealing_125_5,20260724-111942,10,12,2017.07,681.24,183.0,7.63,2017.13,682.28,1.041729331448407,matched,1
B1,annealing_150_5,20260911-101035,4,12,2014.66,679.72,356.0,10.65,2017.13,682.28,3.5573164042575485,matched,2
B1,annealing_75_5,20260522-153514,11,12,2017.9,681.88,411.0,11.44,2017.13,682.28,0.8676981041813758,matched,1
B1,before_annealing,20260515-160114,12,12,2017.13,682.28,425.0,11.63,2017.13,682.28,0.0,reference,1
B1,annealing_100_25,20260629-082957,13,13,1369.87,676.87,145.0,6.79,1373.52,682.12,6.3941379403325875,matched,1
B1,annealing_100_5,20260612-110336,10,13,1367.15,676.4,263.0,9.15,1373.52,682.12,8.561267429533954,matched,1
B1,annealing_125_5,20260724-111942,9,13,1373.27,681.54,158.0,7.09,1373.52,682.12,0.6315853069855627,matched,1
B1,annealing_150_25,20260918-095250,3,13,1372.11,679.76,163.0,7.2,1373.52,682.12,2.7491271342010166,matched,1
B1,annealing_150_5,20260911-101035,6,13,1370.49,678.5,220.0,8.37,1373.52,682.12,4.720730875616599,matched,2
B1,annealing_75_5,20260522-153514,12,13,1374.15,682.05,277.0,9.39,1373.52,682.12,0.6338769596697331,matched,1
B1,before_annealing,20260515-160114,13,13,1373.52,682.12,319.0,10.08,1373.52,682.12,0.0,reference,1
B1,annealing_100_25,20260629-082957,12,14,1780.55,681.92,69.0,4.69,1783.99,686.29,5.561519576518671,matched,1
B1,annealing_100_5,20260612-110336,7,14,1776.88,684.07,54.0,4.15,1783.99,686.29,7.448523343589533,matched,1
B1,annealing_75_5,20260522-153514,10,14,1784.27,686.45,139.0,6.65,1783.99,686.29,0.32249030993195893,matched,1
B1,before_annealing,20260515-160114,14,14,1783.99,686.29,141.0,6.7,1783.99,686.29,0.0,reference,1
B1,annealing_100_5,20260612-110336,11,15,1115.75,673.76,221.0,8.39,1122.35,680.34,9.319678106029164,matched,1
B1,annealing_150_5,20260911-101035,5,15,1119.48,676.1,325.0,10.17,1122.35,680.34,5.120009765615634,matched,1
B1,annealing_75_5,20260522-153514,13,15,1123.01,680.42,239.0,8.72,1122.35,680.34,0.664830805543859,matched,1
B1,before_annealing,20260515-160114,15,15,1122.35,680.34,206.0,8.1,1122.35,680.34,0.0,reference,1
B1,annealing_100_25,20260629-082957,14,16,1061.13,670.02,131.0,6.46,1065.14,675.28,6.614204411718754,matched,1
B1,annealing_100_5,20260612-110336,12,16,1058.54,668.13,243.0,8.79,1065.14,675.28,9.73049330712485,matched,1
B1,annealing_125_5,20260724-111942,11,16,1064.88,675.05,158.0,7.09,1065.14,675.28,0.3471310991542009,matched,1
B1,annealing_150_25,20260918-095250,4,16,1063.78,672.45,83.0,5.14,1065.14,675.28,3.1398248358785774,matched,1
B1,annealing_150_5,20260911-101035,7,16,1061.5,671.03,126.0,6.33,1065.14,675.28,5.59572157992164,matched,2
B1,annealing_75_5,20260522-153514,14,16,1065.74,675.09,442.0,11.86,1065.14,675.28,0.629364759102278,matched,1
B1,before_annealing,20260515-160114,16,16,1065.14,675.28,403.0,11.33,1065.14,675.28,0.0,reference,1
B1,annealing_100_25,20260629-082957,15,17,1865.0,662.15,448.0,11.94,1868.43,666.74,5.7300087259969095,matched,1
B1,annealing_100_5,20260612-110336,14,17,1862.05,662.06,420.0,11.56,1868.43,666.74,7.912445892390164,matched,1
B1,annealing_125_5,20260724-111942,12,17,1868.35,665.58,351.0,10.57,1868.43,666.74,1.1627553482998696,matched,1
B1,annealing_150_25,20260918-095250,5,17,1867.41,665.41,169.0,7.33,1868.43,666.74,1.6760966559241361,matched,1
B1,annealing_150_5,20260911-101035,8,17,1865.77,664.03,253.0,8.97,1868.43,666.74,3.7973280079551506,matched,2
B1,annealing_75_5,20260522-153514,16,17,1869.16,666.61,595.0,13.76,1868.43,666.74,0.7414849964766822,matched,1
B1,before_annealing,20260515-160114,17,17,1868.43,666.74,646.0,14.34,1868.43,666.74,0.0,reference,1
B1,annealing_100_25,20260629-082957,17,18,1985.35,658.38,364.0,10.76,1988.43,662.06,4.798833191516516,matched,1
B1,annealing_100_5,20260612-110336,15,18,1982.68,658.74,402.0,11.31,1988.43,662.06,6.6396460749048645,matched,1
B1,annealing_125_5,20260724-111942,13,18,1988.45,660.85,273.0,9.32,1988.43,662.06,1.210165277968184,matched,1
B1,annealing_150_25,20260918-095250,6,18,1988.05,660.53,98.0,5.59,1988.43,662.06,1.5764834283937144,matched,2
B1,annealing_150_5,20260911-101035,10,18,1986.16,659.0,149.0,6.89,1988.43,662.06,3.810052493076648,matched,2
B1,annealing_75_5,20260522-153514,17,18,1989.25,661.68,345.0,10.48,1988.43,662.06,0.9037698822155406,matched,1
B1,before_annealing,20260515-160114,18,18,1988.43,662.06,388.0,11.11,1988.43,662.06,0.0,reference,1
B1,annealing_100_25,20260629-082957,16,19,997.93,660.06,292.0,9.64,1001.44,664.95,6.019318898347363,matched,1
B1,annealing_100_5,20260612-110336,13,19,995.2,658.02,554.0,13.28,1001.44,664.95,9.325368625421785,matched,1
B1,annealing_125_5,20260724-111942,353,19,1002.2,665.69,1030.0,18.11,1001.44,664.95,1.0607544484940894,matched,1
B1,annealing_150_5,20260911-101035,9,19,997.2,658.51,165.0,7.25,1001.44,664.95,7.710460427237843,matched,1
B1,annealing_75_5,20260522-153514,15,19,1002.83,665.51,719.0,15.13,1001.44,664.95,1.4985659811966576,matched,1
B1,before_annealing,20260515-160114,19,19,1001.44,664.95,352.0,10.59,1001.44,664.95,0.0,reference,1
B1,annealing_100_25,20260629-082957,18,20,2517.43,655.69,332.0,10.28,2520.51,657.96,3.826133818883269,matched,1
B1,annealing_100_5,20260612-110336,16,20,2514.93,656.76,333.0,10.3,2520.51,657.96,5.70757391542189,matched,1
B1,annealing_125_25,20260901-102349,13,20,2511.12,657.05,204.0,8.06,2520.51,657.96,9.433991732029783,matched,1
B1,annealing_125_5,20260724-111942,14,20,2520.72,657.12,371.0,10.87,2520.51,657.96,0.8658521813796382,matched,1
B1,annealing_150_25,20260918-095250,7,20,2519.76,657.48,233.0,8.61,2520.51,657.96,0.8904493247793596,matched,1
B1,annealing_150_5,20260911-101035,11,20,2517.98,656.48,218.0,8.33,2520.51,657.96,2.9310919466985452,matched,1
B1,annealing_75_5,20260522-153514,18,20,2521.37,657.84,316.0,10.03,2520.51,657.96,0.8683317338433727,matched,1
B1,before_annealing,20260515-160114,20,20,2520.51,657.96,257.0,9.04,2520.51,657.96,0.0,reference,1
B1,annealing_100_25,20260629-082957,19,21,2129.96,650.99,207.0,8.12,2133.12,654.17,4.483079298874688,matched,1
B1,annealing_100_5,20260612-110336,18,21,2127.38,651.36,239.0,8.72,2133.12,654.17,6.390907603775632,matched,1
B1,annealing_125_25,20260901-102349,15,21,2124.18,650.06,109.0,5.89,2133.12,654.17,9.839496938360268,matched,1
B1,annealing_125_5,20260724-111942,15,21,2133.12,653.58,135.0,6.56,2133.12,654.17,0.5899999999999181,matched,1
B1,annealing_150_25,20260918-095250,8,21,2131.91,653.98,68.0,4.65,2133.12,654.17,1.2248265183282347,matched,1
B1,annealing_150_5,20260911-101035,12,21,2130.77,651.99,155.0,7.02,2133.12,654.17,3.205448486561491,matched,1
B1,annealing_75_5,20260522-153514,19,21,2133.84,653.86,436.0,11.78,2133.12,654.17,0.7839005038908528,matched,1
B1,before_annealing,20260515-160114,21,21,2133.12,654.17,377.0,10.95,2133.12,654.17,0.0,reference,1
B1,annealing_100_25,20260629-082957,20,22,1719.53,615.97,254.0,8.99,1722.71,619.69,4.893955455457335,matched,1
B1,annealing_100_5,20260612-110336,19,22,1716.65,615.49,404.0,11.34,1722.71,619.69,7.373167568962455,matched,1
B1,annealing_125_5,20260724-111942,16,22,1722.84,619.2,229.0,8.54,1722.71,619.69,0.5069516742254415,matched,1
B1,annealing_150_25,20260918-095250,9,22,1721.83,617.71,170.0,7.36,1722.71,619.69,2.166748716395204,matched,1
B1,annealing_150_5,20260911-101035,14,22,1719.86,616.6,104.0,5.75,1722.71,619.69,4.203641278701237,matched,2
B1,annealing_75_5,20260522-153514,20,22,1723.48,619.82,271.0,9.29,1722.71,619.69,0.7808969202141668,matched,1
B1,before_annealing,20260515-160114,22,22,1722.71,619.69,255.0,9.01,1722.71,619.69,0.0,reference,1
B1,annealing_100_25,20260629-082957,21,23,2222.93,610.28,231.0,8.57,2225.91,613.52,4.402044979324969,matched,1
B1,annealing_100_5,20260612-110336,20,23,2220.42,611.09,250.0,8.92,2225.91,613.52,6.00374882885663,matched,1
B1,annealing_125_25,20260901-102349,18,23,2216.83,609.78,83.0,5.14,2225.91,613.52,9.820081466057129,matched,1
B1,annealing_125_5,20260724-111942,17,23,2226.3,612.67,138.0,6.63,2225.91,613.52,0.9352005132592123,matched,1
B1,annealing_150_25,20260918-095250,10,23,2225.28,612.92,63.0,4.48,2225.91,613.52,0.8699999999997654,matched,1
B1,annealing_150_5,20260911-101035,15,23,2223.66,611.55,75.0,4.89,2225.91,613.52,2.9905517885500843,matched,1
B1,annealing_75_5,20260522-153514,22,23,2226.65,613.02,222.0,8.41,2225.91,613.52,0.8930845424708402,matched,1
B1,before_annealing,20260515-160114,23,23,2225.91,613.52,261.0,9.11,2225.91,613.52,0.0,reference,1
B1,annealing_125_5,20260724-111942,18,24,647.01,611.21,146.0,6.82,646.38,611.15,0.6328506932918707,matched,1
B1,annealing_150_25,20260918-095250,12,24,644.93,606.54,161.0,7.16,646.38,611.15,4.832659723175247,matched,2
B1,annealing_75_5,20260522-153514,21,24,647.01,610.93,368.0,10.82,646.38,611.15,0.6673080248281196,matched,1
B1,before_annealing,20260515-160114,24,24,646.38,611.15,368.0,10.82,646.38,611.15,0.0,reference,1
B1,annealing_75_5,20260522-153514,23,25,711.17,612.16,173.0,7.42,709.89,611.99,1.2912397143830097,matched,1
B1,before_annealing,20260515-160114,25,25,709.89,611.99,181.0,7.59,709.89,611.99,0.0,reference,1
B1,annealing_75_5,20260522-153514,24,26,1947.13,610.73,77.0,4.95,1945.88,610.55,1.2628935030318365,matched,1
B1,before_annealing,20260515-160114,26,26,1945.88,610.55,81.0,5.08,1945.88,610.55,0.0,reference,1
B1,annealing_100_25,20260629-082957,24,27,1981.34,599.3,187.0,7.72,1984.34,602.76,4.579475952551804,matched,1
B1,annealing_100_5,20260612-110336,25,27,1978.88,599.64,206.0,8.1,1984.34,602.76,6.288561043672705,matched,1
B1,annealing_125_5,20260724-111942,20,27,1984.54,601.54,126.0,6.33,1984.34,602.76,1.2362847568420816,matched,1
B1,annealing_150_5,20260911-101035,17,27,1982.07,600.96,149.0,6.89,1984.34,602.76,2.897050223934641,matched,2
B1,annealing_75_5,20260522-153514,26,27,1985.19,602.48,387.0,11.1,1984.34,602.76,0.8949301648733362,matched,1
B1,before_annealing,20260515-160114,27,27,1984.34,602.76,357.0,10.66,1984.34,602.76,0.0,reference,1
B1,annealing_100_5,20260612-110336,22,28,2442.37,605.73,146.0,6.82,2447.99,607.41,5.8657309859896065,matched,1
B1,annealing_125_25,20260901-102349,19,28,2438.66,605.54,101.0,5.67,2447.99,607.41,9.515555685297556,matched,1
B1,annealing_75_25,20260601-225211,30,28,2457.51,610.02,174.0,7.44,2447.99,607.41,9.871296773981035,matched,1
B1,annealing_75_5,20260522-153514,25,28,2448.4,607.04,149.0,6.89,2447.99,607.41,0.5522680508595956,matched,1
B1,before_annealing,20260515-160114,28,28,2447.99,607.41,152.0,6.96,2447.99,607.41,0.0,reference,1
B1,annealing_100_25,20260629-082957,25,29,1499.0,598.74,152.0,6.96,1502.15,603.42,5.641356219917344,matched,1
B1,annealing_100_5,20260612-110336,27,29,1496.07,598.34,162.0,7.18,1502.15,603.42,7.92292875141517,matched,1
B1,annealing_125_5,20260724-111942,19,29,1502.3,602.92,164.0,7.23,1502.15,603.42,0.5220153254454883,matched,1
B1,annealing_150_5,20260911-101035,18,29,1500.35,599.47,45.0,3.78,1502.15,603.42,4.3407948580876425,matched,2
B1,annealing_75_5,20260522-153514,28,29,1502.91,603.22,226.0,8.48,1502.15,603.42,0.7858753081755139,matched,1
B1,before_annealing,20260515-160114,29,29,1502.15,603.42,232.0,8.59,1502.15,603.42,0.0,reference,1
B1,annealing_100_25,20260629-082957,26,30,2015.68,600.78,52.0,4.07,2019.1,604.94,5.385350499271113,matched,1
B1,annealing_100_5,20260612-110336,26,30,2013.31,601.37,70.0,4.72,2019.1,604.94,6.8021320187129515,matched,1
B1,annealing_75_5,20260522-153514,29,30,2019.73,603.24,37.0,3.43,2019.1,604.94,1.8129809706668993,matched,1
B1,before_annealing,20260515-160114,30,30,2019.1,604.94,74.0,4.85,2019.1,604.94,0.0,reference,1
B1,annealing_100_25,20260629-082957,23,31,2401.08,602.93,181.0,7.59,2403.9,605.44,3.7752483362027256,matched,1
B1,annealing_100_5,20260612-110336,21,31,2398.49,604.09,241.0,8.76,2403.9,605.44,5.575894547066274,matched,1
B1,annealing_150_25,20260918-095250,11,31,2403.27,605.02,166.0,7.27,2403.9,605.44,0.757165767847569,matched,1
B1,annealing_75_5,20260522-153514,27,31,2404.76,605.12,186.0,7.69,2403.9,605.44,0.9176055797564937,matched,1
B1,before_annealing,20260515-160114,31,31,2403.9,605.44,208.0,8.14,2403.9,605.44,0.0,reference,1
B1,annealing_75_5,20260522-153514,30,32,1094.59,589.53,162.0,7.18,1093.88,589.75,0.7433034373657509,matched,1
B1,before_annealing,20260515-160114,32,32,1093.88,589.75,150.0,6.91,1093.88,589.75,0.0,reference,1
B1,annealing_100_25,20260629-082957,27,33,1772.07,567.83,189.0,7.76,1775.87,571.52,5.296800921310826,matched,1
B1,annealing_100_5,20260612-110336,28,33,1769.58,567.31,225.0,8.46,1775.87,571.52,7.5688968813163156,matched,1
B1,annealing_125_5,20260724-111942,21,33,1775.28,571.13,181.0,7.59,1775.87,571.52,0.7072481884034011,matched,1
B1,annealing_150_25,20260918-095250,14,33,1774.5,569.84,119.0,6.15,1775.87,571.52,2.1677868898947454,matched,2
B1,annealing_150_5,20260911-101035,19,33,1772.85,568.54,262.0,9.13,1775.87,571.52,4.242734966975901,matched,2
B1,annealing_75_5,20260522-153514,31,33,1776.62,571.42,640.0,14.27,1775.87,571.52,0.7566372975210808,matched,1
B1,before_annealing,20260515-160114,33,33,1775.87,571.52,832.0,16.27,1775.87,571.52,0.0,reference,1
B1,annealing_125_5,20260724-111942,22,34,597.63,569.1,209.0,8.16,598.01,569.48,0.5374011537017697,matched,1
B1,annealing_150_25,20260918-095250,15,34,596.55,565.04,126.0,6.33,598.01,569.48,4.673884893747448,matched,2
B1,annealing_75_5,20260522-153514,32,34,598.72,569.17,386.0,11.08,598.01,569.48,0.7747257579299196,matched,1
B1,before_annealing,20260515-160114,34,34,598.01,569.48,339.0,10.39,598.01,569.48,0.0,reference,1
B1,annealing_100_25,20260629-082957,30,35,1424.55,564.79,65.0,4.55,1427.69,569.67,5.802930294256565,matched,1
B1,annealing_100_5,20260612-110336,33,35,1421.81,564.21,99.0,5.61,1427.69,569.67,8.024088733308004,matched,1
B1,annealing_125_5,20260724-111942,23,35,1428.06,569.05,56.0,4.22,1427.69,569.67,0.7220110802473358,matched,1
B1,annealing_150_25,20260918-095250,13,35,1426.7,567.14,248.0,8.88,1427.69,569.67,2.716799587750241,matched,2
B1,annealing_75_5,20260522-153514,33,35,1428.35,569.38,302.0,9.8,1427.69,569.67,0.7209022125085945,matched,1
B1,before_annealing,20260515-160114,35,35,1427.69,569.67,203.0,8.04,1427.69,569.67,0.0,reference,1
B1,annealing_125_5,20260724-111942,24,36,735.72,565.0,46.0,3.83,736.49,565.3,0.8263776376451294,matched,2
B1,annealing_75_5,20260522-153514,35,36,737.4,565.37,277.0,9.39,736.49,565.3,0.9126883367283429,matched,1
B1,before_annealing,20260515-160114,36,36,736.49,565.3,270.0,9.27,736.49,565.3,0.0,reference,1
B1,annealing_100_25,20260629-082957,29,37,1852.57,565.09,84.0,5.17,1856.21,569.12,5.430515629293457,matched,1
B1,annealing_100_5,20260612-110336,31,37,1849.85,565.87,112.0,5.97,1856.21,569.12,7.142275547750984,matched,1
B1,annealing_75_5,20260522-153514,34,37,1856.56,570.33,96.0,5.53,1856.21,569.12,1.2596031120952442,matched,1
B1,before_annealing,20260515-160114,37,37,1856.21,569.12,111.0,5.94,1856.21,569.12,0.0,reference,1
B1,annealing_100_5,20260612-110336,29,38,2368.29,566.85,76.0,4.92,2373.52,568.53,5.493204893320476,matched,1
B1,annealing_75_5,20260522-153514,36,38,2374.05,568.02,139.0,6.65,2373.52,568.53,0.7355270219374695,matched,1
B1,before_annealing,20260515-160114,38,38,2373.52,568.53,120.0,6.18,2373.52,568.53,0.0,reference,1
B1,annealing_100_25,20260629-082957,32,39,1479.94,554.38,342.0,10.43,1483.06,558.9,5.4922490839363025,matched,1
B1,annealing_100_5,20260612-110336,35,39,1477.29,553.57,397.0,11.24,1483.06,558.9,7.855049331480931,matched,1
B1,annealing_125_5,20260724-111942,25,39,1483.14,558.23,269.0,9.25,1483.06,558.9,0.6747592163134712,matched,1
B1,annealing_150_25,20260918-095250,16,39,1481.97,556.3,177.0,7.51,1483.06,558.9,2.819237485562353,matched,2
B1,annealing_150_5,20260911-101035,22,39,1480.43,555.25,302.0,9.8,1483.06,558.9,4.498822068052838,matched,2
B1,annealing_75_5,20260522-153514,38,39,1483.78,558.76,410.0,11.42,1483.06,558.9,0.7334848328357141,matched,1
B1,before_annealing,20260515-160114,39,39,1483.06,558.9,421.0,11.58,1483.06,558.9,0.0,reference,1
B1,annealing_100_5,20260612-110336,32,40,1964.3,562.83,130.0,6.43,1968.61,566.38,5.583780081629219,matched,1
B1,annealing_75_5,20260522-153514,37,40,1970.3,565.29,136.0,6.58,1968.61,566.38,2.0110196418733093,matched,1
B1,before_annealing,20260515-160114,40,40,1968.61,566.38,114.0,6.02,1968.61,566.38,0.0,reference,1
B1,annealing_100_25,20260629-082957,33,41,1707.25,555.21,42.0,3.66,1709.73,559.48,4.9379449166631995,matched,1
B1,annealing_100_5,20260612-110336,36,41,1704.43,556.02,88.0,5.29,1709.73,559.48,6.329423354461271,matched,1
B1,annealing_125_5,20260724-111942,26,41,1710.18,561.67,45.0,3.78,1709.73,559.48,2.235754906066356,matched,1
B1,annealing_150_5,20260911-101035,23,41,1708.37,556.79,50.0,3.99,1709.73,559.48,3.014249491996414,matched,1
B1,annealing_75_5,20260522-153514,40,41,1710.54,560.21,63.0,4.48,1709.73,559.48,1.09041276588269,matched,1
B1,before_annealing,20260515-160114,41,41,1709.73,559.48,132.0,6.48,1709.73,559.48,0.0,reference,1
B1,annealing_125_5,20260724-111942,27,42,372.35,552.54,378.0,10.97,372.24,552.93,0.4052159917870868,matched,1
B1,annealing_150_25,20260918-095250,17,42,371.65,548.99,55.0,4.18,372.24,552.93,3.9839302202723847,matched,2
B1,annealing_75_5,20260522-153514,39,42,373.0,552.68,490.0,12.49,372.24,552.93,0.8000624975587758,matched,1
B1,before_annealing,20260515-160114,42,42,372.24,552.93,439.0,11.82,372.24,552.93,0.0,reference,1
B1,annealing_100_5,20260612-110336,37,43,2616.62,555.19,110.0,5.92,2621.87,555.15,5.250152378741022,matched,1
B1,annealing_75_5,20260522-153514,41,43,2622.86,554.94,106.0,5.81,2621.87,555.15,1.0120276676061952,matched,1
B1,before_annealing,20260515-160114,43,43,2621.87,555.15,102.0,5.7,2621.87,555.15,0.0,reference,1
B1,annealing_75_5,20260522-153514,42,44,612.18,544.99,177.0,7.51,611.27,545.09,0.9154780172128365,matched,1
B1,before_annealing,20260515-160114,44,44,611.27,545.09,150.0,6.91,611.27,545.09,0.0,reference,1
B1,annealing_100_25,20260629-082957,36,45,2184.63,533.59,250.0,8.92,2187.16,536.99,4.238030202818115,matched,1
B1,annealing_100_5,20260612-110336,40,45,2182.37,534.52,139.0,6.65,2187.16,536.99,5.389341332667637,matched,1
B1,annealing_125_25,20260901-102349,28,45,2178.63,533.02,93.0,5.44,2187.16,536.99,9.408602446697165,matched,1
B1,annealing_125_5,20260724-111942,28,45,2187.36,536.33,151.0,6.93,2187.16,536.99,0.6896375859827154,matched,1
B1,annealing_75_5,20260522-153514,44,45,2187.99,536.63,156.0,7.05,2187.16,536.99,0.9047098982546223,matched,1
B1,before_annealing,20260515-160114,45,45,2187.16,536.99,166.0,7.27,2187.16,536.99,0.0,reference,1
B1,annealing_75_5,20260522-153514,43,46,738.64,534.66,112.0,5.97,737.21,535.59,1.705813588877746,matched,1
B1,before_annealing,20260515-160114,46,46,737.21,535.59,86.0,5.23,737.21,535.59,0.0,reference,1
B1,annealing_125_5,20260724-111942,30,47,554.57,531.82,103.0,5.73,555.36,531.19,1.010445446325499,matched,1
B1,annealing_150_5,20260911-101035,25,47,552.36,526.88,111.0,5.94,555.36,531.19,5.25129507835929,matched,2
B1,annealing_75_5,20260522-153514,46,47,554.66,531.59,81.0,5.08,555.36,531.19,0.8062257748298831,matched,1
B1,before_annealing,20260515-160114,47,47,555.36,531.19,62.0,4.44,555.36,531.19,0.0,reference,1
B1,annealing_100_25,20260629-082957,40,48,1145.65,509.54,209.0,8.16,1148.5,515.14,6.283510165504556,matched,1
B1,annealing_100_5,20260612-110336,43,48,1142.88,508.18,333.0,10.3,1148.5,515.14,8.945725236111295,matched,1
B1,annealing_125_5,20260724-111942,32,48,1148.56,514.33,174.0,7.44,1148.5,515.14,0.8122191822407946,matched,1
B1,annealing_150_25,20260918-095250,18,48,1146.97,511.83,105.0,5.78,1148.5,515.14,3.6465051761926697,matched,1
B1,annealing_150_5,20260911-101035,27,48,1145.71,510.42,106.0,5.81,1148.5,515.14,5.482928049865283,matched,2
B1,annealing_75_5,20260522-153514,47,48,1149.31,514.84,317.0,10.05,1148.5,515.14,0.8637708029332112,matched,1
B1,before_annealing,20260515-160114,48,48,1148.5,515.14,312.0,9.97,1148.5,515.14,0.0,reference,1
B1,annealing_125_5,20260724-111942,31,49,908.94,516.93,74.0,4.85,910.23,516.43,1.383510028875796,matched,1
B1,annealing_75_5,20260522-153514,48,49,910.4,516.04,193.0,7.84,910.23,516.43,0.42544094772362406,matched,1
B1,before_annealing,20260515-160114,49,49,910.23,516.43,210.0,8.18,910.23,516.43,0.0,reference,1
B1,annealing_100_25,20260629-082957,41,50,1239.84,505.54,259.0,9.08,1242.94,510.41,5.772945522001822,matched,1
B1,annealing_100_5,20260612-110336,44,50,1237.44,504.16,459.0,12.09,1242.94,510.41,8.325412902673357,matched,1
B1,annealing_125_5,20260724-111942,33,50,1242.84,510.15,256.0,9.03,1242.94,510.41,0.27856776554377594,matched,1
B1,annealing_150_25,20260918-095250,20,50,1242.19,507.39,49.0,3.95,1242.94,510.41,3.1117358499718826,matched,1
B1,annealing_150_5,20260911-101035,28,50,1240.13,506.85,170.0,7.36,1242.94,510.41,4.5353831150190285,matched,2
B1,annealing_75_5,20260522-153514,49,50,1243.65,510.24,457.0,12.06,1242.94,510.41,0.7300684899377983,matched,1
B1,before_annealing,20260515-160114,50,50,1242.94,510.41,369.0,10.84,1242.94,510.41,0.0,reference,1
B1,annealing_100_25,20260629-082957,43,51,950.49,498.3,109.0,5.89,953.55,504.04,6.504705988743824,matched,1
B1,annealing_100_5,20260612-110336,47,51,947.84,496.61,217.0,8.31,953.55,504.04,9.370645655449747,matched,1
B1,annealing_75_5,20260522-153514,50,51,954.69,503.88,210.0,8.18,953.55,504.04,1.1511733144927554,matched,1
B1,before_annealing,20260515-160114,51,51,953.55,504.04,134.0,6.53,953.55,504.04,0.0,reference,1
B1,annealing_100_25,20260629-082957,42,52,2008.87,498.81,128.0,6.38,2010.94,502.54,4.265887949770928,matched,1
B1,annealing_100_5,20260612-110336,46,52,2006.02,499.18,191.0,7.8,2010.94,502.54,5.957851961907144,matched,1
B1,annealing_125_25,20260901-102349,34,52,2002.21,498.02,108.0,5.86,2010.94,502.54,9.83073242439243,matched,1
B1,annealing_125_5,20260724-111942,35,52,2010.62,501.2,99.0,5.61,2010.94,502.54,1.3776792079436309,matched,1
B1,annealing_150_25,20260918-095250,19,52,2010.7,501.13,442.0,11.86,2010.94,502.54,1.4302796929272523,matched,1
B1,annealing_75_5,20260522-153514,51,52,2012.06,502.22,220.0,8.37,2010.94,502.54,1.1648175822847762,matched,1
B1,before_annealing,20260515-160114,52,52,2010.94,502.54,206.0,8.1,2010.94,502.54,0.0,reference,1
B1,annealing_100_25,20260629-082957,45,53,2658.89,497.92,151.0,6.93,2661.48,499.82,3.2121799451463904,matched,1
B1,annealing_100_5,20260612-110336,45,53,2656.21,499.26,205.0,8.08,2661.48,499.82,5.29966980103476,matched,1
B1,annealing_125_25,20260901-102349,33,53,2653.12,499.24,106.0,5.81,2661.48,499.82,8.380095464850154,matched,1
B1,annealing_125_5,20260724-111942,36,53,2661.4,499.01,132.0,6.48,2661.48,499.82,0.8139410298049804,matched,1
B1,annealing_150_25,20260918-095250,21,53,2660.7,499.62,84.0,5.17,2661.48,499.82,0.8052328855680868,matched,1
B1,annealing_150_5,20260911-101035,30,53,2659.59,498.48,97.0,5.56,2661.48,499.82,2.316829730472106,matched,1
B1,annealing_75_25,20260601-225211,56,53,2670.74,501.25,229.0,8.54,2661.48,499.82,9.369765205168997,matched,1
B1,annealing_75_5,20260522-153514,52,53,2662.29,499.69,252.0,8.96,2661.48,499.82,0.8203657720796927,matched,1
B1,before_annealing,20260515-160114,53,53,2661.48,499.82,247.0,8.87,2661.48,499.82,0.0,reference,1
B1,annealing_100_25,20260629-082957,46,54,1299.59,490.12,168.0,7.31,1302.69,495.88,6.54122312721411,matched,1
B1,annealing_100_5,20260612-110336,48,54,1297.28,489.31,222.0,8.41,1302.69,495.88,8.510757898095845,matched,1
B1,annealing_125_5,20260724-111942,37,54,1303.06,494.63,198.0,7.94,1302.69,495.88,1.3036103712382467,matched,1
B1,annealing_150_25,20260918-095250,23,54,1302.23,493.08,56.0,4.22,1302.69,495.88,2.8375341407637893,matched,1
B1,annealing_150_5,20260911-101035,31,54,1299.9,491.71,55.0,4.18,1302.69,495.88,5.017270174108619,matched,2
B1,annealing_75_5,20260522-153514,53,54,1303.73,495.64,243.0,8.79,1302.69,495.88,1.0673331251300733,matched,1
B1,before_annealing,20260515-160114,54,54,1302.69,495.88,199.0,7.96,1302.69,495.88,0.0,reference,1
B1,annealing_100_25,20260629-082957,47,55,1366.41,492.33,116.0,6.08,1369.64,496.58,5.338108279156589,matched,1
B1,annealing_100_5,20260612-110336,49,55,1363.91,491.24,165.0,7.25,1369.64,496.58,7.832528327430418,matched,1
B1,annealing_125_5,20260724-111942,38,55,1369.22,496.18,122.0,6.23,1369.64,496.58,0.580000000000037,matched,1
B1,annealing_75_5,20260522-153514,54,55,1369.78,496.46,78.0,4.98,1369.64,496.58,0.18439088914576404,matched,1
B1,before_annealing,20260515-160114,55,55,1369.64,496.58,71.0,4.75,1369.64,496.58,0.0,reference,1
B1,annealing_75_25,20260601-225211,60,56,2556.26,496.04,60.0,4.37,2549.49,493.39,7.270171937444539,matched,1
B1,before_annealing,20260515-160114,56,56,2549.49,493.39,75.0,4.89,2549.49,493.39,0.0,reference,1
B1,annealing_100_25,20260629-082957,48,57,1859.6,482.73,67.0,4.62,1862.09,487.18,5.099274458195003,matched,1
B1,annealing_100_5,20260612-110336,50,57,1856.43,483.37,173.0,7.42,1862.09,487.18,6.822880623314346,matched,1
B1,annealing_125_5,20260724-111942,39,57,1861.8,486.96,79.0,5.01,1862.09,487.18,0.3640054944640134,matched,1
B1,annealing_150_5,20260911-101035,32,57,1857.88,483.53,44.0,3.74,1862.09,487.18,5.57194759487189,matched,1
B1,annealing_75_5,20260522-153514,55,57,1862.72,487.25,168.0,7.31,1862.09,487.18,0.6338769596697269,matched,1
B1,before_annealing,20260515-160114,57,57,1862.09,487.18,161.0,7.16,1862.09,487.18,0.0,reference,1
B1,annealing_100_25,20260629-082957,49,58,1319.73,478.73,94.0,5.47,1322.65,483.51,5.6013212726998765,matched,1
B1,annealing_100_5,20260612-110336,51,58,1317.09,477.7,133.0,6.51,1322.65,483.51,8.04174732256628,matched,1
B1,annealing_125_5,20260724-111942,40,58,1322.59,483.85,89.0,5.32,1322.65,483.51,0.34525353003270276,matched,1
B1,annealing_150_25,20260918-095250,24,58,1322.75,481.32,65.0,4.55,1322.65,483.51,2.1922819161777465,matched,1
B1,annealing_150_5,20260911-101035,33,58,1319.89,479.26,102.0,5.7,1322.65,483.51,5.067553650431335,matched,2
B1,annealing_75_5,20260522-153514,56,58,1323.23,483.38,235.0,8.65,1322.65,483.51,0.5943904440684712,matched,1
B1,before_annealing,20260515-160114,58,58,1322.65,483.51,241.0,8.76,1322.65,483.51,0.0,reference,1
B1,annealing_100_25,20260629-082957,50,59,1025.23,473.3,199.0,7.96,1028.7,478.61,6.343264143956187,matched,1
B1,annealing_100_5,20260612-110336,52,59,1022.74,471.33,277.0,9.39,1028.7,478.61,9.408506789071307,matched,1
B1,annealing_125_5,20260724-111942,41,59,1028.79,478.2,201.0,8.0,1028.7,478.61,0.419761837236314,matched,1
B1,annealing_150_25,20260918-095250,25,59,1027.61,475.04,104.0,5.75,1028.7,478.61,3.732693397534851,matched,1
B1,annealing_150_5,20260911-101035,34,59,1025.47,473.96,94.0,5.47,1028.7,478.61,5.661748846425496,matched,2
B1,annealing_75_5,20260522-153514,57,59,1029.23,478.47,290.0,9.61,1028.7,478.61,0.5481788029465999,matched,1
B1,before_annealing,20260515-160114,59,59,1028.7,478.61,272.0,9.3,1028.7,478.61,0.0,reference,1
B1,annealing_125_5,20260724-111942,42,60,913.54,475.69,140.0,6.68,913.43,476.99,1.3046455457326456,matched,2
B1,annealing_150_25,20260918-095250,26,60,912.93,471.58,42.0,3.66,913.43,476.99,5.433056230152626,matched,2
B1,annealing_75_5,20260522-153514,59,60,914.7,476.39,146.0,6.82,913.43,476.99,1.4045995870710877,matched,1
B1,before_annealing,20260515-160114,60,60,913.43,476.99,167.0,7.29,913.43,476.99,0.0,reference,1
B1,annealing_75_5,20260522-153514,58,61,551.53,478.64,100.0,5.64,551.23,478.17,0.5575840743779766,matched,1
B1,before_annealing,20260515-160114,61,61,551.23,478.17,80.0,5.05,551.23,478.17,0.0,reference,1
B1,annealing_100_25,20260629-082957,54,62,2484.0,463.79,69.0,4.69,2486.32,466.84,3.832088203577846,matched,1
B1,annealing_100_5,20260612-110336,55,62,2481.09,465.64,201.0,8.0,2486.32,466.84,5.365901601781397,matched,1
B1,annealing_125_25,20260901-102349,40,62,2477.99,465.21,312.0,9.97,2486.32,466.84,8.487979736074205,matched,1
B1,annealing_125_5,20260724-111942,44,62,2486.12,466.07,119.0,6.15,2486.32,466.84,0.7955501241280031,matched,1
B1,annealing_75_25,20260601-225211,63,62,2495.05,469.38,264.0,9.17,2486.32,466.84,9.092001979762236,matched,1
B1,annealing_75_5,20260522-153514,60,62,2487.07,466.65,383.0,11.04,2486.32,466.84,0.7736924453553874,matched,1
B1,before_annealing,20260515-160114,62,62,2486.32,466.84,404.0,11.34,2486.32,466.84,0.0,reference,1
B1,annealing_100_25,20260629-082957,53,63,2091.7,464.55,243.0,8.79,2094.09,468.04,4.229917256874137,matched,1
B1,annealing_100_5,20260612-110336,53,63,2089.27,465.21,288.0,9.57,2094.09,468.04,5.5893917379265705,matched,1
B1,annealing_125_25,20260901-102349,43,63,2085.98,463.48,63.0,4.48,2094.09,468.04,9.304069002323773,matched,1
B1,annealing_125_5,20260724-111942,43,63,2094.13,467.21,316.0,10.03,2094.09,468.04,0.8309632964217283,matched,1
B1,annealing_150_5,20260911-101035,35,63,2092.79,464.9,54.0,4.15,2094.09,468.04,3.3984702440952375,matched,1
B1,annealing_75_5,20260522-153514,61,63,2094.94,467.8,354.0,10.62,2094.09,468.04,0.8832326986699767,matched,1
B1,before_annealing,20260515-160114,63,63,2094.09,468.04,284.0,9.51,2094.09,468.04,0.0,reference,1
B1,annealing_100_25,20260629-082957,55,64,2445.43,449.41,119.0,6.15,2448.17,451.94,3.729410141027822,matched,1
B1,annealing_100_5,20260612-110336,56,64,2443.63,451.18,169.0,7.33,2448.17,451.94,4.603172818828297,matched,1
B1,annealing_125_25,20260901-102349,44,64,2440.16,450.05,68.0,4.65,2448.17,451.94,8.229957472551328,matched,1
B1,annealing_125_5,20260724-111942,45,64,2448.07,451.24,70.0,4.72,2448.17,451.94,0.7071067811865234,matched,1
B1,annealing_150_5,20260911-101035,37,64,2445.92,450.88,41.0,3.61,2448.17,451.94,2.4871871662583023,matched,1
B1,annealing_75_25,20260601-225211,64,64,2457.11,454.82,139.0,6.65,2448.17,451.94,9.39244377145804,matched,1
B1,annealing_75_5,20260522-153514,62,64,2448.94,451.83,151.0,6.93,2448.17,451.94,0.7778174593051862,matched,1
B1,before_annealing,20260515-160114,64,64,2448.17,451.94,144.0,6.77,2448.17,451.94,0.0,reference,1
B1,annealing_75_5,20260522-153514,63,65,2125.48,448.39,49.0,3.95,2124.37,448.94,1.2387897319562733,matched,1
B1,before_annealing,20260515-160114,65,65,2124.37,448.94,73.0,4.82,2124.37,448.94,0.0,reference,1
B1,annealing_100_25,20260629-082957,56,66,1723.68,425.86,555.0,13.29,1726.49,429.92,4.937580379092548,matched,1
B1,annealing_100_5,20260612-110336,58,66,1720.94,424.9,330.0,10.25,1726.49,429.92,7.4835085354397695,matched,1
B1,annealing_125_5,20260724-111942,46,66,1726.48,429.58,466.0,12.18,1726.49,429.92,0.3401470270339305,matched,1
B1,annealing_75_5,20260522-153514,64,66,1727.19,430.04,652.0,14.41,1726.49,429.92,0.7102112361826337,matched,1
B1,before_annealing,20260515-160114,66,66,1726.49,429.92,491.0,12.5,1726.49,429.92,0.0,reference,1
B1,annealing_100_25,20260629-082957,57,67,2580.84,429.46,60.0,4.37,2583.46,431.58,3.370281887320324,matched,1
B1,annealing_100_5,20260612-110336,57,67,2578.67,431.04,122.0,6.23,2583.46,431.58,4.820342311496105,matched,1
B1,annealing_125_5,20260724-111942,47,67,2583.3,430.41,42.0,3.66,2583.46,431.58,1.1808894952534117,matched,1
B1,annealing_75_25,20260601-225211,70,67,2591.71,434.6,91.0,5.38,2583.46,431.58,8.785379900721438,matched,1
B1,annealing_75_5,20260522-153514,65,67,2584.73,431.53,105.0,5.78,2583.46,431.58,1.270983870865384,matched,1
B1,before_annealing,20260515-160114,67,67,2583.46,431.58,112.0,5.97,2583.46,431.58,0.0,reference,1
B1,annealing_100_25,20260629-082957,58,68,1230.8,412.94,330.0,10.25,1234.08,417.98,6.013318551349165,matched,1
B1,annealing_100_5,20260612-110336,59,68,1228.3,411.46,371.0,10.87,1234.08,417.98,8.713139503072368,matched,1
B1,annealing_125_5,20260724-111942,49,68,1234.06,417.94,336.0,10.34,1234.08,417.98,0.04472135955000596,matched,1
B1,annealing_150_5,20260911-101035,38,68,1231.36,413.71,184.0,7.65,1234.08,417.98,5.062736414232967,matched,2
B1,annealing_75_5,20260522-153514,67,68,1234.73,417.7,364.0,10.76,1234.08,417.98,0.7077428911689151,matched,1
B1,before_annealing,20260515-160114,68,68,1234.08,417.98,560.0,13.35,1234.08,417.98,0.0,reference,1
B1,annealing_125_5,20260724-111942,48,69,1650.23,427.12,44.0,3.74,1650.75,426.24,1.0221545871344377,matched,1
B1,annealing_75_5,20260522-153514,66,69,1651.85,427.24,58.0,4.3,1650.75,426.24,1.4866068747317833,matched,1
B1,before_annealing,20260515-160114,69,69,1650.75,426.24,47.0,3.87,1650.75,426.24,0.0,reference,1
B1,annealing_100_25,20260629-082957,59,70,1535.24,415.06,187.0,7.72,1538.13,419.53,5.322875162917153,matched,1
B1,annealing_100_5,20260612-110336,60,70,1532.65,414.0,211.0,8.2,1538.13,419.53,7.785325940511412,matched,1
B1,annealing_125_5,20260724-111942,50,70,1538.31,419.7,188.0,7.74,1538.13,419.53,0.24758836806269086,matched,1
B1,annealing_150_25,20260918-095250,27,70,1537.59,417.31,184.0,7.65,1538.13,419.53,2.2847319317591888,matched,2
B1,annealing_150_5,20260911-101035,39,70,1536.0,416.24,176.0,7.48,1538.13,419.53,3.919311163967493,matched,2
B1,annealing_75_5,20260522-153514,68,70,1538.83,419.45,194.0,7.86,1538.13,419.53,0.704556598152159,matched,1
B1,before_annealing,20260515-160114,70,70,1538.13,419.53,187.0,7.72,1538.13,419.53,0.0,reference,1
B1,annealing_75_5,20260522-153514,69,71,1392.42,416.43,123.0,6.26,1391.42,416.79,1.0628264204469184,matched,1
B1,before_annealing,20260515-160114,71,71,1391.42,416.79,106.0,5.81,1391.42,416.79,0.0,reference,1
B1,annealing_100_25,20260629-082957,60,72,1198.8,407.95,148.0,6.86,1201.83,412.47,5.441626595054109,matched,1
B1,annealing_100_5,20260612-110336,61,72,1195.38,406.25,117.0,6.1,1201.83,412.47,8.96051895818529,matched,1
B1,annealing_125_5,20260724-111942,52,72,1202.26,413.05,190.0,7.78,1201.83,412.47,0.722011080247413,matched,1
B1,annealing_150_5,20260911-101035,40,72,1199.21,408.7,133.0,6.51,1201.83,412.47,4.591002069265458,matched,2
B1,annealing_75_5,20260522-153514,70,72,1202.36,412.78,152.0,6.96,1201.83,412.47,0.6140032573202989,matched,1
B1,before_annealing,20260515-160114,72,72,1201.83,412.47,152.0,6.96,1201.83,412.47,0.0,reference,1
B1,annealing_100_25,20260629-082957,62,73,1528.17,391.03,52.0,4.07,1531.36,395.21,5.258184097195433,matched,1
B1,annealing_75_5,20260522-153514,71,73,1531.03,395.83,55.0,4.18,1531.36,395.21,0.7023531875060849,matched,1
B1,before_annealing,20260515-160114,73,73,1531.36,395.21,175.0,7.46,1531.36,395.21,0.0,reference,1
B1,annealing_100_25,20260629-082957,61,74,2085.21,388.02,273.0,9.32,2088.07,390.89,4.051728026410553,matched,1
B1,annealing_100_5,20260612-110336,62,74,2082.78,388.1,253.0,8.97,2088.07,390.89,5.980652138354095,matched,1
B1,annealing_125_25,20260901-102349,49,74,2080.03,386.74,189.0,7.76,2088.07,390.89,9.047878204308413,matched,1
B1,annealing_125_5,20260724-111942,53,74,2088.52,391.16,245.0,8.83,2088.07,390.89,0.5247856705359409,matched,1
B1,annealing_150_25,20260918-095250,28,74,2087.68,390.16,81.0,5.08,2088.07,390.89,0.8276472678624626,matched,1
B1,annealing_150_5,20260911-101035,41,74,2085.92,388.77,85.0,5.2,2088.07,390.89,3.019420474197062,matched,1
B1,annealing_75_25,20260601-225211,75,74,2095.92,396.7,253.0,8.97,2088.07,390.89,9.766196803259628,matched,1
B1,annealing_75_5,20260522-153514,72,74,2088.96,391.22,226.0,8.48,2088.07,390.89,0.9492101980066378,matched,1
B1,before_annealing,20260515-160114,74,74,2088.07,390.89,255.0,9.01,2088.07,390.89,0.0,reference,1
B1,annealing_100_5,20260612-110336,63,75,2017.4,372.46,315.0,10.01,2022.63,375.53,6.064470298385519,matched,1
B1,annealing_75_5,20260522-153514,73,75,2023.41,375.69,274.0,9.34,2022.63,375.53,0.7962411694957536,matched,1
B1,before_annealing,20260515-160114,75,75,2022.63,375.53,242.0,8.78,2022.63,375.53,0.0,reference,1
B1,annealing_125_5,20260724-111942,54,76,798.69,372.31,337.0,10.36,798.52,372.21,0.19723082923323443,matched,1
B1,annealing_75_5,20260522-153514,74,76,798.39,371.43,132.0,6.48,798.52,372.21,0.7907591289387409,matched,1
B1,before_annealing,20260515-160114,76,76,798.52,372.21,303.0,9.82,798.52,372.21,0.0,reference,1
B1,annealing_125_5,20260724-111942,58,77,1394.77,361.69,41.0,3.61,1396.55,368.65,7.184010022264697,matched,2
B1,annealing_75_25,20260601-225211,79,77,1402.73,372.7,96.0,5.53,1396.55,368.65,7.388836173579766,matched,1
B1,annealing_75_5,20260522-153514,78,77,1395.51,360.49,37.0,3.43,1396.55,368.65,8.22600753707407,matched,1
B1,before_annealing,20260515-160114,77,77,1396.55,368.65,203.0,8.04,1396.55,368.65,0.0,reference,1
B1,annealing_125_5,20260724-111942,55,78,898.24,370.07,93.0,5.44,898.26,370.55,0.48041648597859,matched,1
B1,annealing_150_5,20260911-101035,43,78,896.47,365.78,44.0,3.74,898.26,370.55,5.094801271884924,matched,2
B1,annealing_75_5,20260522-153514,75,78,898.97,369.79,115.0,6.05,898.26,370.55,1.040048075811901,matched,1
B1,before_annealing,20260515-160114,78,78,898.26,370.55,119.0,6.15,898.26,370.55,0.0,reference,1
B1,annealing_100_25,20260629-082957,65,79,1418.29,358.01,131.0,6.46,1420.97,362.24,5.007524338433164,matched,1
B1,annealing_100_5,20260612-110336,67,79,1415.16,356.65,150.0,6.91,1420.97,362.24,8.062518217033666,matched,1
B1,annealing_125_5,20260724-111942,56,79,1420.78,362.24,112.0,5.97,1420.97,362.24,0.19000000000005457,matched,1
B1,annealing_150_25,20260918-095250,29,79,1421.36,360.09,68.0,4.65,1420.97,362.24,2.1850858106719855,matched,1
B1,annealing_150_5,20260911-101035,44,79,1419.31,359.27,87.0,5.26,1420.97,362.24,3.402425605358688,matched,2
B1,annealing_75_5,20260522-153514,76,79,1421.66,362.49,296.0,9.71,1420.97,362.24,0.7338937252764022,matched,1
B1,before_annealing,20260515-160114,79,79,1420.97,362.24,236.0,8.67,1420.97,362.24,0.0,reference,1
B1,before_annealing,20260515-160114,80,80,2579.45,363.27,163.0,7.2,2579.45,363.27,0.0,reference,1
B1,annealing_100_25,20260629-082957,67,81,854.13,350.85,154.0,7.0,857.01,356.6,6.43093305827389,matched,1
B1,annealing_100_5,20260612-110336,69,81,851.15,348.64,280.0,9.44,857.01,356.6,9.884391736470219,matched,1
B1,annealing_125_5,20260724-111942,57,81,857.14,357.21,153.0,6.98,857.01,356.6,0.6236986451804638,matched,1
B1,annealing_150_25,20260918-095250,31,81,856.05,352.81,88.0,5.29,857.01,356.6,3.9096930825833662,matched,1
B1,annealing_75_5,20260522-153514,77,81,857.64,356.26,203.0,8.04,857.01,356.6,0.7158910531638287,matched,1
B1,before_annealing,20260515-160114,81,81,857.01,356.6,141.0,6.7,857.01,356.6,0.0,reference,1
B1,annealing_100_25,20260629-082957,68,82,2248.67,349.55,238.0,8.7,2251.38,352.18,3.7763739221639816,matched,1
B1,annealing_100_5,20260612-110336,70,82,2246.25,350.12,199.0,7.96,2251.38,352.18,5.528155207662058,matched,1
B1,annealing_125_25,20260901-102349,53,82,2243.66,349.0,187.0,7.72,2251.38,352.18,8.34929937180384,matched,1
B1,annealing_125_5,20260724-111942,59,82,2251.72,352.43,228.0,8.52,2251.38,352.18,0.42201895691993474,matched,1
B1,annealing_150_25,20260918-095250,30,82,2250.68,351.45,254.0,8.99,2251.38,352.18,1.011385188738894,matched,1
B1,annealing_150_5,20260911-101035,45,82,2249.92,350.83,119.0,6.15,2251.38,352.18,1.9884918908560245,matched,1
B1,annealing_75_25,20260601-225211,83,82,2258.66,357.23,260.0,9.1,2251.38,352.18,8.860073363127215,matched,1
B1,annealing_75_5,20260522-153514,79,82,2252.31,352.4,262.0,9.13,2251.38,352.18,0.9556673061268145,matched,1
B1,before_annealing,20260515-160114,82,82,2251.38,352.18,267.0,9.22,2251.38,352.18,0.0,reference,1
B1,annealing_100_25,20260629-082957,69,83,1119.6,349.02,103.0,5.73,1121.62,354.33,5.681241061599125,matched,1
B1,annealing_100_5,20260612-110336,72,83,1116.43,346.79,121.0,6.21,1121.62,354.33,9.153562148147444,matched,1
B1,annealing_75_5,20260522-153514,80,83,1123.13,353.59,109.0,5.89,1121.62,354.33,1.6815766411319684,matched,1
B1,before_annealing,20260515-160114,83,83,1121.62,354.33,168.0,7.31,1121.62,354.33,0.0,reference,1
B1,annealing_100_5,20260612-110336,71,84,1763.03,346.33,59.0,4.33,1768.32,350.76,6.89992753585135,matched,1
B1,annealing_75_5,20260522-153514,81,84,1769.22,350.71,71.0,4.75,1768.32,350.76,0.9013878188660888,matched,1
B1,before_annealing,20260515-160114,84,84,1768.32,350.76,61.0,4.41,1768.32,350.76,0.0,reference,1
B1,annealing_125_5,20260724-111942,60,85,586.65,335.42,417.0,11.52,586.67,335.27,0.15132745950424698,matched,1
B1,annealing_75_5,20260522-153514,82,85,587.12,334.87,449.0,11.95,586.67,335.27,0.6020797289396337,matched,1
B1,before_annealing,20260515-160114,85,85,586.67,335.27,368.0,10.82,586.67,335.27,0.0,reference,1
B1,annealing_150_25,20260918-095250,33,86,659.08,332.92,36.0,3.39,662.0,336.09,4.309907191576113,matched,2
B1,annealing_75_5,20260522-153514,83,86,662.49,335.37,150.0,6.91,662.0,336.09,0.8709190547921009,matched,1
B1,before_annealing,20260515-160114,86,86,662.0,336.09,146.0,6.82,662.0,336.09,0.0,reference,1
B1,annealing_100_5,20260612-110336,75,87,903.6,325.06,266.0,9.2,909.12,332.82,9.523024729569888,matched,1
B1,annealing_75_5,20260522-153514,84,87,909.77,332.42,306.0,9.87,909.12,332.82,0.7632168761236561,matched,1
B1,before_annealing,20260515-160114,87,87,909.12,332.82,267.0,9.22,909.12,332.82,0.0,reference,1
B1,annealing_100_25,20260629-082957,72,88,2241.75,325.74,212.0,8.21,2244.58,328.04,3.646765690306911,matched,1
B1,annealing_100_5,20260612-110336,76,88,2239.66,325.9,215.0,8.27,2244.58,328.04,5.3652586144566135,matched,1
B1,annealing_125_25,20260901-102349,55,88,2236.19,323.95,89.0,5.32,2244.58,328.04,9.333820225395288,matched,1
B1,annealing_125_5,20260724-111942,61,88,2245.14,328.6,248.0,8.88,2244.58,328.04,0.7919595949288962,matched,1
B1,annealing_150_25,20260918-095250,32,88,2244.4,327.57,415.0,11.49,2244.58,328.04,0.5032891812864317,matched,1
B1,annealing_75_25,20260601-225211,89,88,2251.78,333.39,212.0,8.21,2244.58,328.04,8.97008918573297,matched,1
B1,annealing_75_5,20260522-153514,85,88,2245.44,328.45,212.0,8.21,2244.58,328.04,0.9527329111562133,matched,1
B1,before_annealing,20260515-160114,88,88,2244.58,328.04,238.0,8.7,2244.58,328.04,0.0,reference,1
B1,annealing_100_25,20260629-082957,73,89,1078.83,320.58,57.0,4.26,1082.72,326.36,6.967101262361638,matched,1
B1,annealing_100_5,20260612-110336,77,89,1077.6,319.65,80.0,5.05,1082.72,326.36,8.440290279368458,matched,1
B1,annealing_75_5,20260522-153514,86,89,1084.29,326.74,148.0,6.86,1082.72,326.36,1.615332783051157,matched,1
B1,before_annealing,20260515-160114,89,89,1082.72,326.36,121.0,6.21,1082.72,326.36,0.0,reference,1
B1,annealing_100_25,20260629-082957,74,90,2099.46,312.44,90.0,5.35,2102.52,315.23,4.140978145317816,matched,1
B1,annealing_100_5,20260612-110336,78,90,2097.54,312.51,206.0,8.1,2102.52,315.23,5.674398646552807,matched,1
B1,annealing_125_25,20260901-102349,56,90,2095.5,310.31,57.0,4.26,2102.52,315.23,8.57244422554034,matched,1
B1,annealing_125_5,20260724-111942,64,90,2102.87,315.84,87.0,5.26,2102.52,315.23,0.7032780389006069,matched,1
B1,annealing_75_25,20260601-225211,91,90,2109.75,320.91,181.0,7.59,2102.52,315.23,9.194308021814384,matched,1
B1,annealing_75_5,20260522-153514,87,90,2103.29,315.39,636.0,14.23,2102.52,315.23,0.7864477096412461,matched,1
B1,before_annealing,20260515-160114,90,90,2102.52,315.23,540.0,13.11,2102.52,315.23,0.0,reference,1
B1,annealing_125_5,20260724-111942,63,91,743.38,303.55,695.0,14.87,743.28,303.33,0.2416609194719257,matched,1
B1,annealing_150_25,20260918-095250,36,91,742.4,299.93,152.0,6.96,743.28,303.33,3.5120364462801117,matched,2
B1,annealing_75_5,20260522-153514,88,91,743.85,303.04,870.0,16.64,743.28,303.33,0.6395310782128074,matched,1
B1,before_annealing,20260515-160114,91,91,743.28,303.33,931.0,17.21,743.28,303.33,0.0,reference,1
B1,annealing_100_25,20260629-082957,78,92,2275.56,304.96,183.0,7.63,2278.46,307.46,3.8288379438153983,matched,1
B1,annealing_100_5,20260612-110336,79,92,2273.48,305.34,345.0,10.48,2278.46,307.46,5.41246708996925,matched,1
B1,annealing_125_25,20260901-102349,57,92,2270.98,304.71,107.0,5.84,2278.46,307.46,7.969498102139197,matched,1
B1,annealing_125_5,20260724-111942,65,92,2278.25,307.67,134.0,6.53,2278.46,307.46,0.2969848480984014,matched,1
B1,annealing_150_25,20260918-095250,34,92,2277.93,307.51,136.0,6.58,2278.46,307.46,0.5323532661684469,matched,1
B1,annealing_150_5,20260911-101035,47,92,2276.4,306.01,138.0,6.63,2278.46,307.46,2.5191466809218834,matched,1
B1,annealing_75_25,20260601-225211,93,92,2285.39,312.24,481.0,12.37,2278.46,307.46,8.418628154277751,matched,1
B1,annealing_75_5,20260522-153514,89,92,2279.28,307.62,512.0,12.77,2278.46,307.46,0.8354639429683823,matched,1
B1,before_annealing,20260515-160114,92,92,2278.46,307.46,482.0,12.39,2278.46,307.46,0.0,reference,1
B1,annealing_75_25,20260601-225211,96,93,2499.78,311.11,62.0,4.44,2491.96,308.81,8.151220767468061,matched,1
B1,annealing_75_5,20260522-153514,90,93,2493.31,309.26,78.0,4.98,2491.96,308.81,1.4230249470756808,matched,1
B1,before_annealing,20260515-160114,93,93,2491.96,308.81,91.0,5.38,2491.96,308.81,0.0,reference,1
B1,annealing_100_25,20260629-082957,80,94,993.69,293.98,196.0,7.9,996.78,299.94,6.713397053653184,matched,1
B1,annealing_100_5,20260612-110336,82,94,990.7,292.23,174.0,7.44,996.78,299.94,9.818884865400898,matched,1
B1,annealing_125_5,20260724-111942,66,94,996.1,299.75,158.0,7.09,996.78,299.94,0.7060453243241054,matched,1
B1,annealing_150_5,20260911-101035,51,94,993.8,296.34,80.0,5.05,996.78,299.94,4.673371374072499,matched,1
B1,annealing_75_5,20260522-153514,91,94,997.12,299.45,192.0,7.82,996.78,299.94,0.5964059020499635,matched,1
B1,before_annealing,20260515-160114,94,94,996.78,299.94,184.0,7.65,996.78,299.94,0.0,reference,1
B1,annealing_100_25,20260629-082957,79,95,2690.65,296.92,198.0,7.94,2693.52,298.27,3.1716557190211048,matched,1
B1,annealing_100_5,20260612-110336,81,95,2688.51,297.98,211.0,8.2,2693.52,298.27,5.018386194783898,matched,1
B1,annealing_125_25,20260901-102349,59,95,2685.79,298.22,253.0,8.97,2693.52,298.27,7.730161705941233,matched,1
B1,annealing_125_5,20260724-111942,68,95,2693.76,298.35,170.0,7.36,2693.52,298.27,0.25298221281370764,matched,1
B1,annealing_150_25,20260918-095250,37,95,2694.1,297.5,67.0,4.62,2693.52,298.27,0.9640020746865059,matched,1
B1,annealing_150_5,20260911-101035,50,95,2691.5,297.25,88.0,5.29,2693.52,298.27,2.262918469587424,matched,1
B1,annealing_75_25,20260601-225211,98,95,2700.5,300.64,244.0,8.81,2693.52,298.27,7.371383859222112,matched,1
B1,annealing_75_5,20260522-153514,92,95,2694.51,298.53,214.0,8.25,2693.52,298.27,1.0235721762535672,matched,1
B1,before_annealing,20260515-160114,95,95,2693.52,298.27,291.0,9.62,2693.52,298.27,0.0,reference,1
B1,annealing_125_5,20260724-111942,69,96,612.72,295.17,236.0,8.67,612.56,295.18,0.1603121954188951,matched,1
B1,annealing_150_25,20260918-095250,38,96,610.29,290.54,57.0,4.26,612.56,295.18,5.1655106233556225,matched,2
B1,annealing_75_5,20260522-153514,94,96,613.3,294.72,357.0,10.66,612.56,295.18,0.8713208364316755,matched,1
B1,before_annealing,20260515-160114,96,96,612.56,295.18,463.0,12.14,612.56,295.18,0.0,reference,1
B1,annealing_100_25,20260629-082957,81,97,558.34,291.57,44.0,3.74,560.16,297.97,6.6537508219049055,matched,1
B1,annealing_100_5,20260612-110336,84,97,555.08,290.14,66.0,4.58,560.16,297.97,9.333557735397575,matched,1
B1,annealing_125_5,20260724-111942,67,97,560.42,299.89,91.0,5.38,560.16,297.97,1.9375241933972949,matched,1
B1,annealing_75_5,20260522-153514,93,97,559.74,297.5,116.0,6.08,560.16,297.97,0.6303173803727701,matched,1
B1,before_annealing,20260515-160114,97,97,560.16,297.97,116.0,6.08,560.16,297.97,0.0,reference,1
B1,annealing_100_25,20260629-082957,83,98,1624.92,287.42,73.0,4.82,1627.94,291.45,5.03600039714054,matched,1
B1,annealing_100_5,20260612-110336,85,98,1622.77,286.33,187.0,7.72,1627.94,291.45,7.276214675227828,matched,1
B1,annealing_125_5,20260724-111942,70,98,1627.76,291.51,76.0,4.92,1627.94,291.45,0.18973665961016387,matched,1
B1,annealing_150_5,20260911-101035,53,98,1625.36,288.71,46.0,3.83,1627.94,291.45,3.7635090009193344,matched,2
B1,annealing_75_5,20260522-153514,95,98,1628.55,291.65,270.0,9.27,1627.94,291.45,0.6419501538280628,matched,1
B1,before_annealing,20260515-160114,98,98,1627.94,291.45,263.0,9.15,1627.94,291.45,0.0,reference,1
B1,annealing_100_25,20260629-082957,85,99,1121.42,264.12,318.0,10.06,1124.0,269.15,5.653078807163345,matched,1
B1,annealing_100_5,20260612-110336,89,99,1118.91,262.38,316.0,10.03,1124.0,269.15,8.4700059031856,matched,1
B1,annealing_125_5,20260724-111942,73,99,1124.26,269.55,275.0,9.36,1124.0,269.15,0.4770744176750861,matched,1
B1,annealing_150_25,20260918-095250,41,99,1123.41,266.47,114.0,6.02,1124.0,269.15,2.744175650354699,matched,1
B1,annealing_150_5,20260911-101035,56,99,1122.11,265.36,209.0,8.16,1124.0,269.15,4.235115110596181,matched,2
B1,annealing_75_5,20260522-153514,96,99,1124.77,269.02,892.0,16.85,1124.0,269.15,0.7808969202141668,matched,1
B1,before_annealing,20260515-160114,99,99,1124.0,269.15,820.0,16.16,1124.0,269.15,0.0,reference,1
B1,annealing_100_25,20260629-082957,84,100,1571.59,267.56,524.0,12.91,1574.33,271.55,4.8402169372870185,matched,1
B1,annealing_100_5,20260612-110336,86,100,1569.15,266.56,536.0,13.06,1574.33,271.55,7.192530848039402,matched,1
B1,annealing_125_5,20260724-111942,72,100,1574.7,271.88,375.0,10.93,1574.33,271.55,0.49578221024969926,matched,1
B1,annealing_150_25,20260918-095250,40,100,1573.83,269.89,173.0,7.42,1574.33,271.55,1.7336666346215708,matched,2
B1,annealing_150_5,20260911-101035,55,100,1572.2,268.81,180.0,7.57,1574.33,271.55,3.470518693221454,matched,2
B1,annealing_75_5,20260522-153514,97,100,1575.08,271.54,700.0,14.93,1574.33,271.55,0.7500666637039669,matched,1
B1,before_annealing,20260515-160114,100,100,1574.33,271.55,780.0,15.76,1574.33,271.55,0.0,reference,1
B1,annealing_150_25,20260918-095250,39,101,681.07,275.6,99.0,5.61,682.05,279.49,4.011545836706806,matched,1
B1,before_annealing,20260515-160114,101,101,682.05,279.49,42.0,3.66,682.05,279.49,0.0,reference,1
B1,annealing_100_25,20260629-082957,87,102,816.16,266.65,38.0,3.48,819.13,271.93,6.057994717726359,matched,1
B1,annealing_75_5,20260522-153514,99,102,819.39,271.45,148.0,6.86,819.13,271.93,0.5458937625582588,matched,1
B1,before_annealing,20260515-160114,102,102,819.13,271.93,285.0,9.52,819.13,271.93,0.0,reference,1
B1,annealing_100_25,20260629-082957,88,103,1483.96,263.35,178.0,7.53,1486.33,268.01,5.228049349422706,matched,1
B1,annealing_100_5,20260612-110336,90,103,1481.13,262.36,170.0,7.36,1486.33,268.01,7.6787043177868135,matched,1
B1,annealing_125_5,20260724-111942,75,103,1486.7,268.19,198.0,7.94,1486.33,268.01,0.411460812228929,matched,1
B1,annealing_150_25,20260918-095250,42,103,1486.03,266.51,126.0,6.33,1486.33,268.01,1.5297058540778266,matched,2
B1,annealing_150_5,20260911-101035,57,103,1484.82,264.79,64.0,4.51,1486.33,268.01,3.556472971920324,matched,2
B1,annealing_75_5,20260522-153514,100,103,1487.08,267.84,211.0,8.2,1486.33,268.01,0.7690253571892187,matched,1
B1,before_annealing,20260515-160114,103,103,1486.33,268.01,201.0,8.0,1486.33,268.01,0.0,reference,1
B1,annealing_100_25,20260629-082957,86,104,2034.47,268.06,70.0,4.72,2036.94,271.01,3.847518680916321,matched,1
B1,annealing_100_5,20260612-110336,88,104,2033.48,267.6,71.0,4.75,2036.94,271.01,4.857952243486965,matched,1
B1,annealing_125_5,20260724-111942,74,104,2037.57,271.39,108.0,5.86,2036.94,271.01,0.7357309290765528,matched,1
B1,annealing_75_25,20260601-225211,103,104,2044.57,276.93,116.0,6.08,2036.94,271.01,9.65729258125684,matched,1
B1,annealing_75_5,20260522-153514,101,104,2038.31,270.64,95.0,5.5,2036.94,271.01,1.419084211736465,matched,1
B1,before_annealing,20260515-160114,104,104,2036.94,271.01,57.0,4.26,2036.94,271.01,0.0,reference,1
B1,annealing_75_25,20260601-225211,104,105,1878.26,272.35,104.0,5.75,1871.11,265.56,9.860354963184722,matched,1
B1,annealing_75_5,20260522-153514,102,105,1871.47,265.73,95.0,5.5,1871.11,265.56,0.3981205847480096,matched,1
B1,before_annealing,20260515-160114,105,105,1871.11,265.56,132.0,6.48,1871.11,265.56,0.0,reference,1
B1,annealing_100_25,20260629-082957,89,106,1237.74,253.99,192.0,7.82,1240.85,259.0,5.896795740060807,matched,2
B1,annealing_100_5,20260612-110336,91,106,1235.66,251.81,226.0,8.48,1240.85,259.0,8.867479912579345,matched,2
B1,annealing_125_5,20260724-111942,76,106,1241.02,258.95,77.0,4.95,1240.85,259.0,0.17720045146676652,matched,1
B1,annealing_150_5,20260911-101035,58,106,1237.23,254.37,36.0,3.39,1240.85,259.0,5.877184700177388,matched,1
B1,annealing_75_5,20260522-153514,103,106,1241.51,258.55,176.0,7.48,1240.85,259.0,0.7988116173417221,matched,1
B1,before_annealing,20260515-160114,106,106,1240.85,259.0,162.0,7.18,1240.85,259.0,0.0,reference,1
B1,annealing_75_25,20260601-225211,106,107,1921.22,255.22,230.0,8.56,1914.39,248.58,9.525675829042202,matched,1
B1,annealing_75_5,20260522-153514,104,107,1915.38,248.67,262.0,9.13,1914.39,248.58,0.9940824915468602,matched,1
B1,before_annealing,20260515-160114,107,107,1914.39,248.58,242.0,8.78,1914.39,248.58,0.0,reference,1
B1,annealing_100_25,20260629-082957,90,108,1231.89,229.13,221.0,8.39,1234.4,234.3,5.7470862182500895,matched,1
B1,annealing_100_5,20260612-110336,93,108,1229.69,227.63,190.0,7.78,1234.4,234.3,8.165353635942571,matched,1
B1,annealing_125_5,20260724-111942,77,108,1234.93,234.62,163.0,7.2,1234.4,234.3,0.6191122676865374,matched,1
B1,annealing_150_25,20260918-095250,43,108,1233.87,230.94,85.0,5.2,1234.4,234.3,3.4015437671740023,matched,2
B1,annealing_150_5,20260911-101035,59,108,1232.17,229.92,78.0,4.98,1234.4,234.3,4.915007629699092,matched,2
B1,annealing_75_5,20260522-153514,105,108,1235.36,234.21,296.0,9.71,1234.4,234.3,0.964209520799102,matched,1
B1,before_annealing,20260515-160114,108,108,1234.4,234.3,317.0,10.05,1234.4,234.3,0.0,reference,1
B1,before_annealing,20260515-160114,109,109,1446.83,242.11,36.0,3.39,1446.83,242.11,0.0,reference,1
B1,annealing_100_25,20260629-082957,92,110,1056.07,228.61,74.0,4.85,1058.53,234.27,6.171482803994526,matched,1
B1,annealing_100_5,20260612-110336,94,110,1053.07,227.0,154.0,7.0,1058.53,234.27,9.092001979762243,matched,1
B1,annealing_125_5,20260724-111942,79,110,1058.07,233.43,45.0,3.78,1058.53,234.27,0.9577055915050507,matched,1
B1,annealing_75_5,20260522-153514,106,110,1059.06,233.99,140.0,6.68,1058.53,234.27,0.5994163828258048,matched,1
B1,before_annealing,20260515-160114,110,110,1058.53,234.27,159.0,7.11,1058.53,234.27,0.0,reference,1
B1,annealing_100_25,20260629-082957,91,111,2600.37,228.51,232.0,8.59,2603.19,230.24,3.3083681778183314,matched,1
B1,annealing_100_5,20260612-110336,92,111,2598.44,229.69,241.0,8.76,2603.19,230.24,4.781736086402094,matched,1
B1,annealing_125_5,20260724-111942,78,111,2603.18,230.66,251.0,8.94,2603.19,230.24,0.4201190307519928,matched,1
B1,annealing_75_25,20260601-225211,110,111,2609.66,233.24,254.0,8.99,2603.19,230.24,7.131682830860989,matched,1
B1,annealing_75_5,20260522-153514,107,111,2603.83,230.46,243.0,8.79,2603.19,230.24,0.6767569726274244,matched,1
B1,before_annealing,20260515-160114,111,111,2603.19,230.24,242.0,8.78,2603.19,230.24,0.0,reference,1
B1,annealing_100_25,20260629-082957,94,112,946.91,212.93,195.0,7.88,949.33,218.83,6.377021248200481,matched,1
B1,annealing_100_5,20260612-110336,96,112,944.25,210.95,163.0,7.2,949.33,218.83,9.37554265096164,matched,1
B1,annealing_125_5,20260724-111942,81,112,949.47,218.87,268.0,9.24,949.33,218.83,0.14560219778559505,matched,1
B1,annealing_150_25,20260918-095250,45,112,948.62,215.56,120.0,6.18,949.33,218.83,3.3461918653896876,matched,1
B1,annealing_150_5,20260911-101035,60,112,947.33,214.55,314.0,10.0,949.33,218.83,4.724235387869661,matched,2
B1,annealing_75_5,20260522-153514,109,112,950.12,218.41,262.0,9.13,949.33,218.83,0.8947066558375185,matched,1
B1,before_annealing,20260515-160114,112,112,949.33,218.83,243.0,8.79,949.33,218.83,0.0,reference,1
B1,annealing_125_5,20260724-111942,80,113,738.09,218.55,389.0,11.13,738.21,218.53,0.12165525060597056,matched,1
B1,annealing_150_25,20260918-095250,44,113,737.54,214.71,286.0,9.54,738.21,218.53,3.8783114882639387,matched,2
B1,annealing_75_5,20260522-153514,108,113,738.58,218.09,270.0,9.27,738.21,218.53,0.5748912940721936,matched,1
B1,before_annealing,20260515-160114,113,113,738.21,218.53,228.0,8.52,738.21,218.53,0.0,reference,1
B1,annealing_100_25,20260629-082957,96,114,1370.72,215.12,69.0,4.69,1373.35,218.95,4.646052087525414,matched,1
B1,annealing_100_5,20260612-110336,98,114,1367.79,212.96,90.0,5.35,1373.35,218.95,8.172741278175835,matched,2
B1,annealing_125_5,20260724-111942,83,114,1372.28,219.91,46.0,3.83,1373.35,218.95,1.4375326083257656,matched,1
B1,annealing_150_5,20260911-101035,61,114,1372.08,216.26,72.0,4.79,1373.35,218.95,2.974726878219233,matched,1
B1,annealing_75_5,20260522-153514,110,114,1374.09,218.85,156.0,7.05,1373.35,218.95,0.746726188103787,matched,1
B1,before_annealing,20260515-160114,114,114,1373.35,218.95,174.0,7.44,1373.35,218.95,0.0,reference,1
B1,annealing_100_25,20260629-082957,98,115,2361.26,211.56,75.0,4.89,2363.84,214.38,3.8221459940718625,matched,1
B1,annealing_100_5,20260612-110336,95,115,2359.23,212.53,147.0,6.84,2363.84,214.38,4.967353420082081,matched,1
B1,annealing_125_5,20260724-111942,85,115,2364.01,214.51,77.0,4.95,2363.84,214.38,0.214009345590382,matched,1
B1,annealing_75_25,20260601-225211,116,115,2370.52,218.66,255.0,9.01,2363.84,214.38,7.933523807237099,matched,1
B1,annealing_75_5,20260522-153514,111,115,2365.05,214.51,341.0,10.42,2363.84,214.38,1.2169634341261395,matched,1
B1,before_annealing,20260515-160114,115,115,2363.84,214.38,260.0,9.1,2363.84,214.38,0.0,reference,1
B1,annealing_100_25,20260629-082957,97,116,1803.41,209.1,142.0,6.72,1806.14,213.89,5.5133474405301195,matched,1
B1,annealing_100_5,20260612-110336,100,116,1801.3,208.51,179.0,7.55,1806.14,213.89,7.236711960552345,matched,1
B1,annealing_125_5,20260724-111942,84,116,1806.06,214.13,107.0,5.84,1806.14,213.89,0.2529822128135279,matched,2
B1,annealing_150_25,20260918-095250,47,116,1804.41,211.66,59.0,4.33,1806.14,213.89,2.8223748865095892,matched,1
B1,annealing_150_5,20260911-101035,64,116,1804.64,211.13,76.0,4.92,1806.14,213.89,3.141273627050014,matched,1
B1,annealing_75_5,20260522-153514,113,116,1806.94,214.02,185.0,7.67,1806.14,213.89,0.8104936767180442,matched,1
B1,before_annealing,20260515-160114,116,116,1806.14,213.89,193.0,7.84,1806.14,213.89,0.0,reference,1
B1,annealing_100_25,20260629-082957,95,117,1890.77,210.33,212.0,8.21,1892.89,213.71,3.9898370894060915,matched,1
B1,annealing_100_5,20260612-110336,97,117,1888.24,209.84,215.0,8.27,1892.89,213.71,6.0497437962281415,matched,1
B1,annealing_125_25,20260901-102349,71,117,1886.0,207.93,208.0,8.14,1892.89,213.71,8.99335866070076,matched,1
B1,annealing_125_5,20260724-111942,82,117,1893.36,214.16,211.0,8.2,1892.89,213.71,0.6506919393997452,matched,1
B1,annealing_150_25,20260918-095250,46,117,1892.91,212.64,207.0,8.12,1892.89,213.71,1.0701868995647654,matched,1
B1,annealing_150_5,20260911-101035,63,117,1891.07,211.37,220.0,8.37,1892.89,213.71,2.9644561052578617,matched,1
B1,annealing_75_25,20260601-225211,115,117,1899.75,220.62,201.0,8.0,1892.89,213.71,9.736924565795844,matched,1
B1,annealing_75_5,20260522-153514,112,117,1893.9,213.7,203.0,8.04,1892.89,213.71,1.0100495037373078,matched,1
B1,before_annealing,20260515-160114,117,117,1892.89,213.71,205.0,8.08,1892.89,213.71,0.0,reference,1
B1,annealing_100_25,20260629-082957,100,118,1483.4,199.93,238.0,8.7,1486.17,204.2,5.089774061783071,matched,1
B1,annealing_100_5,20260612-110336,101,118,1481.19,198.59,262.0,9.13,1486.17,204.2,7.501499850029994,matched,1
B1,annealing_125_5,20260724-111942,87,118,1486.33,204.45,300.0,9.77,1486.17,204.2,0.29681644159303816,matched,1
B1,annealing_150_25,20260918-095250,48,118,1485.5,202.45,137.0,6.6,1486.17,204.2,1.8738729946290644,matched,2
B1,annealing_150_5,20260911-101035,65,118,1484.04,200.72,152.0,6.96,1486.17,204.2,4.080110292626952,matched,2
B1,annealing_75_5,20260522-153514,114,118,1486.87,204.17,703.0,14.96,1486.17,204.2,0.7006425622239527,matched,1
B1,before_annealing,20260515-160114,118,118,1486.17,204.2,672.0,14.63,1486.17,204.2,0.0,reference,1
B1,annealing_100_25,20260629-082957,99,119,1349.09,198.4,350.0,10.56,1351.99,202.85,5.311544031635286,matched,1
B1,annealing_100_5,20260612-110336,103,119,1346.81,196.55,163.0,7.2,1351.99,202.85,8.156126531632552,matched,1
B1,annealing_125_5,20260724-111942,86,119,1352.14,203.24,393.0,11.18,1351.99,202.85,0.41785164831557003,matched,1
B1,annealing_150_25,20260918-095250,49,119,1351.63,200.24,56.0,4.22,1351.99,202.85,2.634710610294772,matched,1
B1,annealing_75_5,20260522-153514,116,119,1352.55,202.51,212.0,8.21,1351.99,202.85,0.6551335741663231,matched,1
B1,before_annealing,20260515-160114,119,119,1351.99,202.85,221.0,8.39,1351.99,202.85,0.0,reference,1
B1,annealing_100_25,20260629-082957,101,120,2087.71,200.49,50.0,3.99,2089.92,203.28,3.5592414922283817,matched,1
B1,annealing_100_5,20260612-110336,102,120,2085.45,200.08,76.0,4.92,2089.92,203.28,5.497353908927658,matched,1
B1,annealing_75_25,20260601-225211,119,120,2096.47,208.24,66.0,4.58,2089.92,203.28,8.21608787684239,matched,1
B1,annealing_75_5,20260522-153514,117,120,2090.9,203.14,47.0,3.87,2089.92,203.28,0.9899494936611867,matched,1
B1,before_annealing,20260515-160114,120,120,2089.92,203.28,92.0,5.41,2089.92,203.28,0.0,reference,1
B1,annealing_100_25,20260629-082957,102,121,2386.89,184.02,290.0,9.61,2389.51,186.32,3.4863161072974624,matched,1
B1,annealing_100_5,20260612-110336,104,121,2385.08,184.84,396.0,11.23,2389.51,186.32,4.670685174575841,matched,1
B1,annealing_125_25,20260901-102349,77,121,2382.75,184.25,174.0,7.44,2389.51,186.32,7.069830266703927,matched,1
B1,annealing_125_5,20260724-111942,88,121,2389.78,186.42,390.0,11.14,2389.51,186.32,0.28792360097774033,matched,1
B1,annealing_150_25,20260918-095250,50,121,2389.58,186.67,125.0,6.31,2389.51,186.32,0.35693136595143227,matched,1
B1,annealing_150_5,20260911-101035,66,121,2387.81,185.3,175.0,7.46,2389.51,186.32,1.9825236442476268,matched,1
B1,annealing_75_25,20260601-225211,120,121,2395.96,190.37,471.0,12.24,2389.51,186.32,7.616101364871515,matched,1
B1,annealing_75_5,20260522-153514,118,121,2390.37,186.5,407.0,11.38,2389.51,186.32,0.8786353054592327,matched,1
B1,before_annealing,20260515-160114,121,121,2389.51,186.32,486.0,12.44,2389.51,186.32,0.0,reference,1
B1,annealing_100_25,20260629-082957,103,122,1394.17,175.14,163.0,7.2,1396.92,179.61,5.248180637135143,matched,1
B1,annealing_100_5,20260612-110336,107,122,1391.88,173.92,243.0,8.79,1396.92,179.61,7.601164384487414,matched,1
B1,annealing_125_5,20260724-111942,90,122,1397.91,179.76,85.0,5.2,1396.92,179.61,1.0012991560967237,matched,1
B1,annealing_150_25,20260918-095250,52,122,1396.8,175.42,54.0,4.15,1396.92,179.61,4.191718024867638,matched,2
B1,annealing_150_5,20260911-101035,69,122,1394.76,176.02,71.0,4.75,1396.92,179.61,4.189713594030072,matched,2
B1,annealing_75_5,20260522-153514,119,122,1397.57,179.5,330.0,10.25,1396.92,179.61,0.6592419889538481,matched,1
B1,before_annealing,20260515-160114,122,122,1396.92,179.61,282.0,9.47,1396.92,179.61,0.0,reference,1
B1,annealing_100_25,20260629-082957,104,123,1328.86,175.39,141.0,6.7,1331.56,179.94,5.290793891279488,matched,1
B1,annealing_100_5,20260612-110336,106,123,1326.62,173.85,206.0,8.1,1331.56,179.94,7.841664364151311,matched,1
B1,annealing_125_5,20260724-111942,89,123,1332.02,180.1,165.0,7.25,1331.56,179.94,0.48703182647547005,matched,1
B1,annealing_150_25,20260918-095250,51,123,1329.42,176.41,55.0,4.18,1331.56,179.94,4.12801405036362,matched,2
B1,annealing_150_5,20260911-101035,68,123,1329.31,176.2,81.0,5.08,1331.56,179.94,4.36464202426729,matched,2
B1,annealing_75_5,20260522-153514,120,123,1332.43,180.04,199.0,7.96,1331.56,179.94,0.8757282683573738,matched,1
B1,before_annealing,20260515-160114,123,123,1331.56,179.94,230.0,8.56,1331.56,179.94,0.0,reference,1
B1,annealing_100_25,20260629-082957,107,124,1502.71,172.55,47.0,3.87,1505.51,177.72,5.879532294324066,matched,1
B1,annealing_100_5,20260612-110336,108,124,1500.83,172.22,223.0,8.43,1505.51,177.72,7.221661858602949,matched,1
B1,annealing_75_5,20260522-153514,121,124,1506.19,177.7,238.0,8.7,1505.51,177.72,0.6802940540678619,matched,1
B1,before_annealing,20260515-160114,124,124,1505.51,177.72,232.0,8.59,1505.51,177.72,0.0,reference,1
B1,annealing_100_25,20260629-082957,105,125,2436.24,170.32,350.0,10.56,2439.48,172.53,3.9219510450796764,matched,1
B1,annealing_100_5,20260612-110336,105,125,2434.47,171.1,480.0,12.36,2439.48,172.53,5.21008637164512,matched,1
B1,annealing_125_25,20260901-102349,78,125,2432.24,170.48,282.0,9.47,2439.48,172.53,7.524632881410459,matched,1
B1,annealing_125_5,20260724-111942,91,125,2438.85,172.76,405.0,11.35,2439.48,172.53,0.6706713054843877,matched,1
B1,annealing_150_5,20260911-101035,70,125,2439.43,171.43,63.0,4.48,2439.48,172.53,1.1011357772772645,matched,1
B1,annealing_75_25,20260601-225211,124,125,2445.52,176.18,447.0,11.93,2439.48,172.53,7.057201995125236,matched,1
B1,annealing_75_5,20260522-153514,122,125,2440.22,172.79,455.0,12.03,2439.48,172.53,0.7843468620448941,matched,1
B1,before_annealing,20260515-160114,125,125,2439.48,172.53,484.0,12.41,2439.48,172.53,0.0,reference,1
B1,annealing_100_25,20260629-082957,106,126,2637.98,169.97,93.0,5.44,2637.88,172.8,2.831766233289756,matched,1
B1,annealing_100_5,20260612-110336,109,126,2635.64,171.05,122.0,6.23,2637.88,172.8,2.8425516705947595,matched,1
B1,annealing_125_5,20260724-111942,92,126,2640.46,172.62,56.0,4.22,2637.88,172.8,2.5862714474702044,matched,1
B1,annealing_75_25,20260601-225211,125,126,2646.02,174.54,151.0,6.93,2637.88,172.8,8.323893319835248,matched,1
B1,annealing_75_5,20260522-153514,123,126,2638.88,173.12,291.0,9.62,2637.88,172.8,1.049952379872533,matched,1
B1,before_annealing,20260515-160114,126,126,2637.88,172.8,194.0,7.86,2637.88,172.8,0.0,reference,1
B1,annealing_100_25,20260629-082957,109,127,2391.53,135.87,312.0,9.97,2394.16,137.92,3.3345764348711686,matched,1
B1,annealing_100_5,20260612-110336,110,127,2389.91,136.39,431.0,11.71,2394.16,137.92,4.5170122868993845,matched,1
B1,annealing_75_25,20260601-225211,127,127,2400.11,142.09,438.0,11.81,2394.16,137.92,7.26576905771188,matched,1
B1,annealing_75_5,20260522-153514,124,127,2395.19,138.35,447.0,11.93,2394.16,137.92,1.116154111223185,matched,1
B1,before_annealing,20260515-160114,127,127,2394.16,137.92,373.0,10.9,2394.16,137.92,0.0,reference,1
B1,annealing_100_25,20260629-082957,110,128,637.48,126.36,275.0,9.36,640.11,132.66,6.8269246370529055,matched,1
B1,annealing_100_5,20260612-110336,112,128,635.49,124.01,275.0,9.36,640.11,132.66,9.806472352482308,matched,1
B1,annealing_125_5,20260724-111942,94,128,640.41,132.85,308.0,9.9,640.11,132.66,0.35510561809125446,matched,1
B1,annealing_150_5,20260911-101035,71,128,637.96,127.59,252.0,8.96,640.11,132.66,5.507031868438736,matched,1
B1,annealing_75_5,20260522-153514,125,128,640.83,132.77,316.0,10.03,640.11,132.66,0.7283543093852348,matched,1
B1,before_annealing,20260515-160114,128,128,640.11,132.66,289.0,9.59,640.11,132.66,0.0,reference,1
B1,annealing_100_25,20260629-082957,111,129,1076.94,122.45,214.0,8.25,1079.67,127.9,6.09552294721299,matched,1
B1,annealing_100_5,20260612-110336,113,129,1074.5,120.72,185.0,7.67,1079.67,127.9,8.847672010195724,matched,1
B1,annealing_125_5,20260724-111942,95,129,1080.06,128.38,133.0,6.51,1079.67,127.9,0.6184658438425609,matched,1
B1,annealing_150_5,20260911-101035,72,129,1076.02,122.66,43.0,3.7,1079.67,127.9,6.385929846154024,matched,1
B1,annealing_75_5,20260522-153514,126,129,1079.87,127.65,221.0,8.39,1079.67,127.9,0.3201562118715288,matched,1
B1,before_annealing,20260515-160114,129,129,1079.67,127.9,211.0,8.2,1079.67,127.9,0.0,reference,1
B1,annealing_100_25,20260629-082957,112,130,1171.88,118.97,75.0,4.89,1175.08,123.12,5.24046753639395,matched,1
B1,annealing_100_5,20260612-110336,114,130,1170.15,116.77,99.0,5.61,1175.08,123.12,8.039116866920054,matched,1
B1,annealing_125_5,20260724-111942,96,130,1175.0,123.61,150.0,6.91,1175.08,123.12,0.4964876634922396,matched,1
B1,annealing_150_5,20260911-101035,73,130,1172.55,119.69,119.0,6.15,1175.08,123.12,4.262135614923569,matched,2
B1,annealing_75_5,20260522-153514,127,130,1174.97,123.08,68.0,4.65,1175.08,123.12,0.11704699910710437,matched,1
B1,before_annealing,20260515-160114,130,130,1175.08,123.12,81.0,5.08,1175.08,123.12,0.0,reference,1
B1,annealing_100_25,20260629-082957,113,131,1631.11,116.88,104.0,5.75,1633.3,120.64,4.351287165885547,matched,1
B1,annealing_100_5,20260612-110336,116,131,1629.14,116.03,82.0,5.11,1633.3,120.64,6.209484680712143,matched,1
B1,annealing_125_25,20260901-102349,83,131,1627.35,113.28,116.0,6.08,1633.3,120.64,9.464253800485304,matched,1
B1,annealing_125_5,20260724-111942,97,131,1634.2,121.41,93.0,5.44,1633.3,120.64,1.1844407963254886,matched,1
B1,annealing_75_5,20260522-153514,128,131,1634.98,121.34,72.0,4.79,1633.3,120.64,1.8200000000000598,matched,1
B1,before_annealing,20260515-160114,131,131,1633.3,120.64,99.0,5.61,1633.3,120.64,0.0,reference,1
B1,annealing_100_25,20260629-082957,114,132,2491.65,108.56,338.0,10.37,2494.09,110.33,3.0143821920918143,matched,1
B1,annealing_100_5,20260612-110336,117,132,2490.09,109.23,326.0,10.19,2494.09,110.33,4.148493702538307,matched,1
B1,annealing_125_5,20260724-111942,98,132,2494.18,110.88,338.0,10.37,2494.09,110.33,0.5573149917236582,matched,1
B1,annealing_75_25,20260601-225211,132,132,2499.69,113.95,312.0,9.97,2494.09,110.33,6.668163165370132,matched,1
B1,annealing_75_5,20260522-153514,129,132,2495.06,110.8,322.0,10.12,2494.09,110.33,1.077868266533351,matched,1
B1,before_annealing,20260515-160114,132,132,2494.09,110.33,290.0,9.61,2494.09,110.33,0.0,reference,1
B1,annealing_100_5,20260612-110336,118,133,2245.32,108.53,58.0,4.3,2249.45,111.53,5.104595968340408,matched,1
B1,annealing_75_25,20260601-225211,133,133,2255.5,116.07,57.0,4.26,2249.45,111.53,7.564000264410501,matched,1
B1,annealing_75_5,20260522-153514,130,133,2251.34,113.02,76.0,4.92,2249.45,111.53,2.4066989840861326,matched,1
B1,before_annealing,20260515-160114,133,133,2249.45,111.53,46.0,3.83,2249.45,111.53,0.0,reference,1
B1,annealing_75_5,20260522-153514,131,134,684.62,101.74,104.0,5.75,684.24,101.49,0.4548626166217626,matched,1
B1,before_annealing,20260515-160114,134,134,684.24,101.49,111.0,5.94,684.24,101.49,0.0,reference,1
B1,annealing_100_25,20260629-082957,117,135,1541.3,90.97,222.0,8.41,1543.72,94.86,4.581320770258328,matched,1
B1,annealing_100_5,20260612-110336,120,135,1539.35,89.79,349.0,10.54,1543.72,94.86,6.693414674140619,matched,1
B1,annealing_125_5,20260724-111942,100,135,1544.18,95.33,178.0,7.53,1543.72,94.86,0.6576473218983199,matched,1
B1,annealing_150_25,20260918-095250,54,135,1543.38,93.66,110.0,5.92,1543.72,94.86,1.2472369462134896,matched,2
B1,annealing_150_5,20260911-101035,75,135,1541.8,91.72,185.0,7.67,1543.72,94.86,3.68048909793254,matched,2
B1,annealing_75_5,20260522-153514,132,135,1544.41,94.9,515.0,12.8,1543.72,94.86,0.6911584478251538,matched,1
B1,before_annealing,20260515-160114,135,135,1543.72,94.86,543.0,13.15,1543.72,94.86,0.0,reference,1
B1,annealing_100_25,20260629-082957,115,136,2458.3,93.16,201.0,8.0,2460.58,95.12,3.006659275674394,matched,1
B1,annealing_100_5,20260612-110336,119,136,2456.52,93.92,286.0,9.54,2460.58,95.12,4.233627286382159,matched,1
B1,annealing_125_25,20260901-102349,84,136,2454.4,93.59,255.0,9.01,2460.58,95.12,6.366576788196148,matched,1
B1,annealing_125_5,20260724-111942,99,136,2460.93,95.48,454.0,12.02,2460.58,95.12,0.5020956084252639,matched,1
B1,annealing_150_25,20260918-095250,53,136,2461.09,95.13,126.0,6.33,2460.58,95.12,0.510098029794492,matched,1
B1,annealing_150_5,20260911-101035,74,136,2459.02,93.91,435.0,11.77,2460.58,95.12,1.9742593547960838,matched,1
B1,annealing_75_25,20260601-225211,136,136,2466.37,98.59,355.0,10.63,2460.58,95.12,6.75018518264496,matched,1
B1,annealing_75_5,20260522-153514,133,136,2461.43,95.38,366.0,10.79,2460.58,95.12,0.8888756943464259,matched,1
B1,before_annealing,20260515-160114,136,136,2460.58,95.12,370.0,10.85,2460.58,95.12,0.0,reference,1
B1,annealing_100_25,20260629-082957,116,137,874.85,91.24,105.0,5.78,877.3,96.72,6.002741040558031,matched,1
B1,annealing_100_5,20260612-110336,122,137,872.38,88.6,106.0,5.81,877.3,96.72,9.494250891987196,matched,1
B1,annealing_125_5,20260724-111942,101,137,877.47,97.68,87.0,5.26,877.3,96.72,0.9749358953285288,matched,1
B1,annealing_150_5,20260911-101035,76,137,874.73,91.77,88.0,5.29,877.3,96.72,5.577400828342867,matched,2
B1,annealing_75_5,20260522-153514,134,137,878.26,95.92,118.0,6.13,877.3,96.72,1.2496399481450908,matched,1
B1,before_annealing,20260515-160114,137,137,877.3,96.72,138.0,6.63,877.3,96.72,0.0,reference,1
B1,annealing_100_5,20260612-110336,121,138,2423.86,93.25,37.0,3.43,2429.57,95.25,6.050132229959972,matched,1
B1,before_annealing,20260515-160114,138,138,2429.57,95.25,36.0,3.39,2429.57,95.25,0.0,reference,1
B1,annealing_125_5,20260724-111942,102,139,602.23,82.48,223.0,8.43,602.15,82.41,0.10630145812738216,matched,1
B1,annealing_150_25,20260918-095250,55,139,601.65,78.57,190.0,7.78,602.15,82.41,3.8724152669877783,matched,2
B1,annealing_75_5,20260522-153514,135,139,602.98,82.4,298.0,9.74,602.15,82.41,0.8300602387779261,matched,1
B1,before_annealing,20260515-160114,139,139,602.15,82.41,288.0,9.57,602.15,82.41,0.0,reference,1
B1,annealing_100_25,20260629-082957,118,140,1510.25,71.67,487.0,12.45,1512.65,75.48,4.502899066157319,matched,1
B1,annealing_100_5,20260612-110336,123,140,1508.31,70.02,538.0,13.09,1512.65,75.48,6.9747544759655415,matched,1
B1,annealing_125_5,20260724-111942,103,140,1513.67,73.32,353.0,10.6,1512.65,75.48,2.388723508487328,matched,1
B1,annealing_150_25,20260918-095250,56,140,1513.14,71.86,149.0,6.89,1512.65,75.48,3.6530124554947854,matched,2
B1,annealing_150_5,20260911-101035,79,140,1511.26,70.67,200.0,7.98,1512.65,75.48,5.006815355093525,matched,2
B1,annealing_75_5,20260522-153514,137,140,1513.52,75.09,537.0,13.07,1512.65,75.48,0.9534149149241429,matched,1
B1,before_annealing,20260515-160114,140,140,1512.65,75.48,535.0,13.05,1512.65,75.48,0.0,reference,1
B1,annealing_75_25,20260601-225211,137,141,2288.43,91.55,41.0,3.61,2284.07,85.8,7.2161000547385115,matched,1
B1,annealing_75_5,20260522-153514,136,141,2283.92,86.38,78.0,4.98,2284.07,85.8,0.5990826320300274,matched,1
B1,before_annealing,20260515-160114,141,141,2284.07,85.8,65.0,4.55,2284.07,85.8,0.0,reference,1
B1,annealing_75_5,20260522-153514,138,142,1200.72,72.2,117.0,6.1,1200.04,72.05,0.6963476143422107,matched,1
B1,before_annealing,20260515-160114,142,142,1200.04,72.05,138.0,6.63,1200.04,72.05,0.0,reference,1
B1,annealing_100_25,20260629-082957,121,143,1944.66,62.96,135.0,6.56,1946.88,65.61,3.457007376330012,matched,1
B1,annealing_100_5,20260612-110336,125,143,1942.84,62.31,175.0,7.46,1946.88,65.61,5.216473904851966,matched,1
B1,annealing_125_25,20260901-102349,91,143,1941.93,60.84,83.0,5.14,1946.88,65.61,6.8742563234142215,matched,1
B1,annealing_125_5,20260724-111942,104,143,1947.0,66.47,108.0,5.86,1946.88,65.61,0.8683317338436808,matched,1
B1,annealing_150_25,20260918-095250,57,143,1946.98,64.14,46.0,3.83,1946.88,65.61,1.4733974345029852,matched,1
B1,annealing_150_5,20260911-101035,80,143,1944.92,62.95,57.0,4.26,1946.88,65.61,3.304118641937684,matched,1
B1,annealing_75_25,20260601-225211,138,143,1952.61,72.67,268.0,9.24,1946.88,65.61,9.092661876480266,matched,1
B1,annealing_75_5,20260522-153514,139,143,1947.79,65.98,264.0,9.17,1946.88,65.61,0.982344135219292,matched,1
B1,before_annealing,20260515-160114,143,143,1946.88,65.61,272.0,9.3,1946.88,65.61,0.0,reference,1
B1,annealing_125_25,20260901-102349,90,144,2499.43,65.15,82.0,5.11,2494.88,67.48,5.111888105191419,matched,2
B1,before_annealing,20260515-160114,144,144,2494.88,67.48,44.0,3.74,2494.88,67.48,0.0,reference,1
B1,annealing_100_25,20260629-082957,120,145,2504.11,64.85,74.0,4.85,2505.4,66.55,2.134033739189687,matched,2
B1,annealing_100_5,20260612-110336,126,145,2501.95,65.83,63.0,4.48,2505.4,66.55,3.5243297235079867,matched,2
B1,annealing_125_5,20260724-111942,105,145,2506.49,67.14,58.0,4.3,2505.4,66.55,1.239435355312785,matched,1
B1,annealing_75_25,20260601-225211,139,145,2512.23,70.81,93.0,5.44,2505.4,66.55,8.049627320565781,matched,1
B1,annealing_75_5,20260522-153514,140,145,2506.22,67.7,111.0,5.94,2505.4,66.55,1.4124092891225035,matched,1
B1,before_annealing,20260515-160114,145,145,2505.4,66.55,58.0,4.3,2505.4,66.55,0.0,reference,1
B1,annealing_100_25,20260629-082957,122,146,2197.43,52.62,254.0,8.99,2199.8,55.1,3.430349836387195,matched,1
B1,annealing_100_5,20260612-110336,127,146,2195.97,52.67,292.0,9.64,2199.8,55.1,4.535835094004512,matched,1
B1,annealing_125_25,20260901-102349,92,146,2194.31,51.59,149.0,6.89,2199.8,55.1,6.516149169563461,matched,1
B1,annealing_125_5,20260724-111942,106,146,2200.21,55.56,325.0,10.17,2199.8,55.1,0.6161980201200596,matched,1
B1,annealing_150_25,20260918-095250,58,146,2200.15,54.82,82.0,5.11,2199.8,55.1,0.4482186966202291,matched,1
B1,annealing_150_5,20260911-101035,81,146,2198.71,53.4,159.0,7.11,2199.8,55.1,2.0194306128214277,matched,1
B1,annealing_75_25,20260601-225211,140,146,2205.26,60.44,324.0,10.16,2199.8,55.1,7.637224626786904,matched,1
B1,annealing_75_5,20260522-153514,141,146,2200.85,55.4,360.0,10.7,2199.8,55.1,1.0920164833918147,matched,1
B1,before_annealing,20260515-160114,146,146,2199.8,55.1,356.0,10.65,2199.8,55.1,0.0,reference,1
B1,annealing_100_25,20260629-082957,123,147,934.98,33.66,112.0,5.97,937.31,39.58,6.362020119427451,matched,1
B1,annealing_100_5,20260612-110336,129,147,932.7,31.11,148.0,6.86,937.31,39.58,9.643287821070107,matched,1
B1,annealing_125_5,20260724-111942,107,147,937.51,38.91,75.0,4.89,937.31,39.58,0.6992138442565482,matched,1
B1,annealing_150_25,20260918-095250,59,147,936.75,35.94,133.0,6.51,937.31,39.58,3.682825002630446,matched,1
B1,annealing_150_5,20260911-101035,82,147,934.13,35.34,55.0,4.18,937.31,39.58,5.299999999999966,matched,1
B1,annealing_75_5,20260522-153514,142,147,937.59,39.16,192.0,7.82,937.31,39.58,0.5047771785650078,matched,1
B1,before_annealing,20260515-160114,147,147,937.31,39.58,173.0,7.42,937.31,39.58,0.0,reference,1
B1,annealing_100_25,20260629-082957,124,148,2622.38,32.23,75.0,4.89,2626.18,32.93,3.8639358172720635,matched,1
B1,annealing_100_5,20260612-110336,128,148,2622.18,32.14,226.0,8.48,2626.18,32.93,4.077266241000212,matched,1
B1,annealing_75_25,20260601-225211,143,148,2631.52,35.7,209.0,8.16,2626.18,32.93,6.015687824347402,matched,1
B1,annealing_75_5,20260522-153514,143,148,2626.9,33.1,221.0,8.39,2626.18,32.93,0.7397972695275155,matched,1
B1,before_annealing,20260515-160114,148,148,2626.18,32.93,226.0,8.48,2626.18,32.93,0.0,reference,1
B1,annealing_100_25,20260629-082957,125,149,1351.86,18.71,257.0,9.04,1354.17,23.16,5.01384084310629,matched,1
B1,annealing_100_5,20260612-110336,135,149,1349.51,16.96,203.0,8.04,1354.17,23.16,7.756004125837012,matched,1
B1,annealing_125_5,20260724-111942,108,149,1354.33,23.45,257.0,9.04,1354.17,23.16,0.33120990323351285,matched,1
B1,annealing_150_25,20260918-095250,60,149,1353.56,21.22,94.0,5.47,1354.17,23.16,2.0336420530664094,matched,2
B1,annealing_150_5,20260911-101035,83,149,1352.31,19.65,196.0,7.9,1354.17,23.16,3.9723670525268036,matched,2
B1,annealing_75_5,20260522-153514,144,149,1354.79,23.24,294.0,9.67,1354.17,23.16,0.6251399843234029,matched,1
B1,before_annealing,20260515-160114,149,149,1354.17,23.16,304.0,9.84,1354.17,23.16,0.0,reference,1
B1,annealing_100_25,20260629-082957,128,150,1496.6,7.79,654.0,14.43,1498.74,12.04,4.758371570190838,matched,1
B1,annealing_100_5,20260612-110336,133,150,1494.66,6.64,939.0,17.29,1498.74,12.04,6.768042553057671,matched,1
B1,annealing_125_5,20260724-111942,112,150,1498.96,12.22,392.0,11.17,1498.74,12.04,0.28425340807106,matched,1
B1,annealing_150_25,20260918-095250,62,150,1498.7,9.74,264.0,9.17,1498.74,12.04,2.3003477997902824,matched,2
B1,annealing_150_5,20260911-101035,84,150,1497.16,8.82,253.0,8.97,1498.74,12.04,3.586753406633883,matched,2
B1,annealing_75_5,20260522-153514,147,150,1499.55,11.91,993.0,17.78,1498.74,12.04,0.8203657720796933,matched,1
B1,before_annealing,20260515-160114,150,150,1498.74,12.04,1208.0,19.61,1498.74,12.04,0.0,reference,1
B1,annealing_100_25,20260629-082957,127,151,2380.09,19.3,144.0,6.77,2382.75,21.77,3.6299449031630244,matched,1
B1,annealing_100_5,20260612-110336,130,151,2379.01,20.23,255.0,9.01,2382.75,21.77,4.04465078838685,matched,1
B1,annealing_125_25,20260901-102349,93,151,2376.96,19.5,48.0,3.91,2382.75,21.77,6.21908353376923,matched,1
B1,annealing_125_5,20260724-111942,111,151,2384.06,22.25,52.0,4.07,2382.75,21.77,1.3951702405082533,matched,1
B1,annealing_75_25,20260601-225211,145,151,2388.0,25.9,531.0,13.0,2382.75,21.77,6.6797754453274845,matched,1
B1,annealing_75_5,20260522-153514,145,151,2383.72,21.96,423.0,11.6,2382.75,21.77,0.9884331034519293,matched,1
B1,before_annealing,20260515-160114,151,151,2382.75,21.77,381.0,11.01,2382.75,21.77,0.0,reference,1
B1,annealing_100_25,20260629-082957,126,152,1251.49,19.56,172.0,7.4,1253.9,23.85,4.920589395590778,matched,1
B1,annealing_100_5,20260612-110336,131,152,1249.86,18.01,228.0,8.52,1253.9,23.85,7.10121116430159,matched,1
B1,annealing_125_5,20260724-111942,109,152,1254.31,24.83,140.0,6.68,1253.9,23.85,1.06230880632699,matched,1
B1,annealing_75_5,20260522-153514,146,152,1254.8,24.11,200.0,7.98,1253.9,23.85,0.9368030742902979,matched,1
B1,before_annealing,20260515-160114,152,152,1253.9,23.85,198.0,7.94,1253.9,23.85,0.0,reference,1
B1,annealing_100_25,20260629-082957,129,153,1927.91,12.57,301.0,9.79,1929.92,15.63,3.661106390150383,matched,1
B1,annealing_100_5,20260612-110336,132,153,1926.19,12.09,401.0,11.3,1929.92,15.63,5.142421608542044,matched,1
B1,annealing_125_25,20260901-102349,95,153,1924.65,10.3,193.0,7.84,1929.92,15.63,7.495451954352039,matched,1
B1,annealing_125_5,20260724-111942,110,153,1930.2,15.78,294.0,9.67,1929.92,15.63,0.3176476034853471,matched,1
B1,annealing_150_25,20260918-095250,61,153,1930.65,15.13,72.0,4.79,1929.92,15.63,0.8848163651289609,matched,1
B1,annealing_150_5,20260911-101035,85,153,1929.24,14.57,82.0,5.11,1929.92,15.63,1.259364919314528,matched,1
B1,annealing_75_25,20260601-225211,149,153,1935.19,22.42,412.0,11.45,1929.92,15.63,8.595173063993524,matched,1
B1,annealing_75_5,20260522-153514,148,153,1930.91,15.92,394.0,11.2,1929.92,15.63,1.0316006979447123,matched,1
B1,before_annealing,20260515-160114,153,153,1929.92,15.63,468.0,12.21,1929.92,15.63,0.0,reference,1
B1,annealing_100_5,20260612-110336,139,154,893.63,10.3,41.0,3.61,899.3,17.33,9.031600079720066,matched,1
B1,annealing_75_5,20260522-153514,149,154,900.38,17.85,150.0,6.91,899.3,17.33,1.198665925101774,matched,1
B1,before_annealing,20260515-160114,154,154,899.3,17.33,141.0,6.7,899.3,17.33,0.0,reference,1
B1,annealing_125_5,20260724-111942,113,155,446.8,11.95,220.0,8.37,446.47,11.77,0.3758989225842359,matched,1
B1,annealing_75_5,20260522-153514,150,155,446.96,11.3,431.0,11.71,446.47,11.77,0.678969807870683,matched,1
B1,before_annealing,20260515-160114,155,155,446.47,11.77,305.0,9.85,446.47,11.77,0.0,reference,1
B1,annealing_100_5,20260612-110336,140,156,1828.04,10.93,36.0,3.39,1832.06,15.8,6.314847583275456,matched,1
B1,annealing_75_25,20260601-225211,150,156,1837.23,22.19,116.0,6.08,1832.06,15.8,8.21954986602069,matched,1
B1,annealing_75_5,20260522-153514,151,156,1832.62,16.17,131.0,6.46,1832.06,15.8,0.6711929677819484,matched,1
B1,before_annealing,20260515-160114,156,156,1832.06,15.8,99.0,5.61,1832.06,15.8,0.0,reference,1
B1,annealing_100_25,20260629-082957,131,157,2518.97,12.02,60.0,4.37,2520.03,13.45,1.780028089666241,matched,1
B1,annealing_100_5,20260612-110336,137,157,2515.86,12.86,56.0,4.22,2520.03,13.45,4.211531787841641,matched,1
B1,annealing_125_5,20260724-111942,115,157,2520.95,13.88,59.0,4.33,2520.03,13.45,1.0155294185789492,matched,1
B1,annealing_75_25,20260601-225211,153,157,2526.56,16.01,66.0,4.58,2520.03,13.45,7.013879097902721,matched,1
B1,annealing_75_5,20260522-153514,152,157,2521.47,13.71,113.0,6.0,2520.03,13.45,1.463283977906834,matched,1
B1,before_annealing,20260515-160114,157,157,2520.03,13.45,121.0,6.21,2520.03,13.45,0.0,reference,1
B1,annealing_100_5,20260612-110336,136,158,2185.65,12.75,106.0,5.81,2189.53,14.46,4.240106130747301,matched,1
B1,annealing_75_25,20260601-225211,152,158,2194.55,21.38,75.0,4.89,2189.53,14.46,8.549081822043803,matched,1
B1,annealing_75_5,20260522-153514,153,158,2190.19,15.75,76.0,4.92,2189.53,14.46,1.4490341610879316,matched,1
B1,before_annealing,20260515-160114,158,158,2189.53,14.46,93.0,5.44,2189.53,14.46,0.0,reference,1
B1,annealing_100_25,20260629-082957,130,159,2063.49,9.06,166.0,7.27,2065.13,12.17,3.51592093198938,matched,1
B1,annealing_100_5,20260612-110336,138,159,2062.2,8.55,149.0,6.89,2065.13,12.17,4.657177256665426,matched,1
B1,annealing_125_5,20260724-111942,114,159,2065.9,12.06,147.0,6.84,2065.13,12.17,0.7778174593051842,matched,1
B1,annealing_75_25,20260601-225211,151,159,2070.55,18.13,115.0,6.05,2065.13,12.17,8.055929493236691,matched,1
B1,annealing_75_5,20260522-153514,154,159,2066.52,11.63,110.0,5.92,2065.13,12.17,1.4912075643583778,matched,1
B1,before_annealing,20260515-160114,159,159,2065.13,12.17,110.0,5.92,2065.13,12.17,0.0,reference,1
B1,annealing_75_5,20260522-153514,155,160,2427.79,4.65,57.0,4.26,2427.69,5.3,0.6576473218982809,matched,1
B1,before_annealing,20260515-160114,160,160,2427.69,5.3,56.0,4.22,2427.69,5.3,0.0,reference,1
B1,annealing_75_5,20260522-153514,156,161,610.99,-0.49,151.0,6.93,610.39,0.12,0.855628424025305,matched,1
B1,before_annealing,20260515-160114,161,161,610.39,0.12,122.0,6.23,610.39,0.12,0.0,reference,1
B1,annealing_100_5,20260612-110336,145,162,839.34,-31.23,58.0,4.3,843.52,-23.15,9.097186378216048,matched,1
B1,annealing_75_5,20260522-153514,159,162,844.7,-23.24,60.0,4.37,843.52,-23.15,1.1834272263219865,matched,1
B1,before_annealing,20260515-160114,162,162,843.52,-23.15,75.0,4.89,843.52,-23.15,0.0,reference,1
B1,annealing_100_25,20260629-082957,133,163,1413.44,-26.72,88.0,5.29,1415.25,-22.12,4.9432883792066775,matched,1
B1,annealing_100_5,20260612-110336,142,163,1411.05,-27.48,186.0,7.69,1415.25,-22.12,6.809522743922688,matched,1
B1,annealing_125_25,20260901-102349,99,163,1410.57,-30.81,47.0,3.87,1415.25,-22.12,9.870081053365293,matched,1
B1,annealing_125_5,20260724-111942,116,163,1415.45,-21.51,159.0,7.11,1415.25,-22.12,0.641950153828175,matched,1
B1,annealing_150_5,20260911-101035,87,163,1413.4,-25.37,77.0,4.95,1415.25,-22.12,3.739652390262986,matched,1
B1,annealing_75_5,20260522-153514,157,163,1415.89,-22.22,134.0,6.53,1415.25,-22.12,0.6477653896281644,matched,1
B1,before_annealing,20260515-160114,163,163,1415.25,-22.12,141.0,6.7,1415.25,-22.12,0.0,reference,1
B1,annealing_100_25,20260629-082957,135,164,2134.1,-31.61,88.0,5.29,2136.88,-29.03,3.7927298875613467,matched,1
B1,annealing_100_5,20260612-110336,143,164,2132.86,-31.43,193.0,7.84,2136.88,-29.03,4.68192268197584,matched,1
B1,annealing_75_25,20260601-225211,156,164,2141.69,-23.04,374.0,10.91,2136.88,-29.03,7.682200205670215,matched,1
B1,annealing_75_5,20260522-153514,158,164,2137.63,-28.77,340.0,10.4,2136.88,-29.03,0.7937883848986459,matched,1
B1,before_annealing,20260515-160114,164,164,2136.88,-29.03,326.0,10.19,2136.88,-29.03,0.0,reference,1
B1,annealing_100_25,20260629-082957,134,165,1333.59,-33.2,88.0,5.29,1336.07,-29.44,4.504220243282971,matched,1
B1,annealing_100_5,20260612-110336,146,165,1332.45,-35.92,81.0,5.08,1336.07,-29.44,7.422587150044061,matched,1
B1,annealing_125_5,20260724-111942,117,165,1337.01,-28.8,49.0,3.95,1336.07,-29.44,1.1371895180664053,matched,1
B1,annealing_150_5,20260911-101035,88,165,1335.13,-32.58,45.0,3.78,1336.07,-29.44,3.277682107831639,matched,2
B1,annealing_75_5,20260522-153514,160,165,1337.0,-29.76,107.0,5.84,1336.07,-29.44,0.9835141076772201,matched,1
B1,before_annealing,20260515-160114,165,165,1336.07,-29.44,177.0,7.51,1336.07,-29.44,0.0,reference,1
B1,annealing_100_25,20260629-082957,138,166,1082.85,-51.76,334.0,10.31,1084.79,-46.42,5.6814786807661415,matched,1
B1,annealing_100_5,20260612-110336,149,166,1080.44,-53.4,294.0,9.67,1084.79,-46.42,8.224530381729961,matched,1
B1,annealing_125_5,20260724-111942,118,166,1084.96,-46.19,252.0,8.96,1084.79,-46.42,0.2860069929215483,matched,1
B1,annealing_150_25,20260918-095250,64,166,1084.58,-49.18,294.0,9.67,1084.79,-46.42,2.767977601065443,matched,1
B1,annealing_150_5,20260911-101035,90,166,1082.18,-51.2,62.0,4.44,1084.79,-46.42,5.446145425895225,matched,1
B1,annealing_75_5,20260522-153514,161,166,1085.4,-46.58,658.0,14.47,1084.79,-46.42,0.6306346010172248,matched,1
B1,before_annealing,20260515-160114,166,166,1084.79,-46.42,561.0,13.36,1084.79,-46.42,0.0,reference,1
B1,annealing_100_25,20260629-082957,136,167,1546.77,-42.81,140.0,6.68,1549.21,-39.9,3.7975913418903158,matched,1
B1,annealing_100_5,20260612-110336,147,167,1544.35,-43.83,106.0,5.81,1549.21,-39.9,6.250159997952151,matched,1
B1,annealing_75_5,20260522-153514,162,167,1549.76,-38.95,99.0,5.61,1549.21,-39.9,1.097724920004981,matched,1
B1,before_annealing,20260515-160114,167,167,1549.21,-39.9,83.0,5.14,1549.21,-39.9,0.0,reference,1
B1,annealing_100_25,20260629-082957,137,168,2453.79,-47.53,149.0,6.89,2455.99,-45.62,2.9134343994672705,matched,1
B1,annealing_100_5,20260612-110336,148,168,2452.34,-47.0,211.0,8.2,2455.99,-45.62,3.9021660651486054,matched,1
B1,annealing_150_5,20260911-101035,89,168,2455.92,-46.69,63.0,4.48,2455.99,-45.62,1.0722872749407968,matched,1
B1,annealing_75_25,20260601-225211,162,168,2460.95,-42.15,184.0,7.65,2455.99,-45.62,6.053304882458867,matched,1
B1,annealing_75_5,20260522-153514,163,168,2457.28,-45.53,180.0,7.57,2455.99,-45.62,1.2931357237355554,matched,1
B1,before_annealing,20260515-160114,168,168,2455.99,-45.62,157.0,7.07,2455.99,-45.62,0.0,reference,1
B1,annealing_100_25,20260629-082957,141,169,1118.83,-55.21,109.0,5.89,1120.59,-50.22,5.291285288093999,matched,1
B1,annealing_100_5,20260612-110336,151,169,1116.57,-57.25,161.0,7.16,1120.59,-50.22,8.098228201279579,matched,1
B1,annealing_125_5,20260724-111942,121,169,1121.3,-50.04,75.0,4.89,1120.59,-50.22,0.7324616030892347,matched,1
B1,annealing_150_25,20260918-095250,65,169,1119.78,-52.4,85.0,5.2,1120.59,-50.22,2.3256181973832057,matched,2
B1,annealing_75_5,20260522-153514,165,169,1121.25,-50.3,223.0,8.43,1120.59,-50.22,0.6648308055438675,matched,1
B1,before_annealing,20260515-160114,169,169,1120.59,-50.22,286.0,9.54,1120.59,-50.22,0.0,reference,1
B1,annealing_100_25,20260629-082957,139,170,1681.42,-52.37,284.0,9.51,1683.47,-48.5,4.3794291865492925,matched,1
B1,annealing_125_5,20260724-111942,120,170,1683.81,-48.8,50.0,3.99,1683.47,-48.5,0.4534313619501221,matched,1
B1,annealing_75_25,20260601-225211,161,170,1688.47,-40.37,139.0,6.65,1683.47,-48.5,9.54446960286427,matched,1
B1,annealing_75_5,20260522-153514,164,170,1684.29,-48.67,203.0,8.04,1683.47,-48.5,0.8374365647617115,matched,1
B1,before_annealing,20260515-160114,170,170,1683.47,-48.5,264.0,9.17,1683.47,-48.5,0.0,reference,1
B1,annealing_100_25,20260629-082957,140,171,2245.69,-54.05,257.0,9.04,2247.55,-51.75,2.9579722784367775,matched,1
B1,annealing_100_5,20260612-110336,150,171,2244.05,-53.93,229.0,8.54,2247.55,-51.75,4.123396658096332,matched,1
B1,annealing_125_25,20260901-102349,102,171,2242.78,-55.59,126.0,6.33,2247.55,-51.75,6.1236018812460244,matched,1
B1,annealing_125_5,20260724-111942,119,171,2247.8,-51.1,211.0,8.2,2247.55,-51.75,0.6964194138592047,matched,1
B1,annealing_150_25,20260918-095250,66,171,2248.51,-51.93,77.0,4.95,2247.55,-51.75,0.9767292357660181,matched,1
B1,annealing_150_5,20260911-101035,91,171,2246.85,-53.7,112.0,5.97,2247.55,-51.75,2.071834935510161,matched,1
B1,annealing_75_25,20260601-225211,164,171,2252.73,-46.55,214.0,8.25,2247.55,-51.75,7.33978201311172,matched,1
B1,annealing_75_5,20260522-153514,166,171,2248.72,-51.53,232.0,8.59,2247.55,-51.75,1.1905040949106835,matched,1
B1,before_annealing,20260515-160114,171,171,2247.55,-51.75,278.0,9.41,2247.55,-51.75,0.0,reference,1
B1,annealing_100_25,20260629-082957,143,172,1746.37,-61.15,89.0,5.32,1748.66,-57.11,4.643888456886198,matched,1
B1,annealing_100_5,20260612-110336,152,172,1745.17,-61.68,159.0,7.11,1748.66,-57.11,5.750217387195033,matched,1
B1,annealing_125_25,20260901-102349,105,172,1743.91,-64.25,65.0,4.55,1748.66,-57.11,8.575669070107592,matched,1
B1,annealing_125_5,20260724-111942,123,172,1749.15,-56.77,87.0,5.26,1748.66,-57.11,0.5964059020499431,matched,1
B1,annealing_150_25,20260918-095250,67,172,1749.33,-58.72,53.0,4.11,1748.66,-57.11,1.7438463235043937,matched,1
B1,annealing_150_5,20260911-101035,93,172,1746.24,-60.77,53.0,4.11,1748.66,-57.11,4.387710108929301,matched,1
B1,annealing_75_25,20260601-225211,165,172,1753.88,-49.9,134.0,6.53,1748.66,-57.11,8.901263955191999,matched,1
B1,annealing_75_5,20260522-153514,168,172,1749.37,-57.44,140.0,6.68,1748.66,-57.11,0.7829431652423614,matched,1
B1,before_annealing,20260515-160114,172,172,1748.66,-57.11,185.0,7.67,1748.66,-57.11,0.0,reference,1
B1,annealing_100_25,20260629-082957,145,173,1798.0,-68.56,152.0,6.96,1800.21,-64.76,4.395918561575059,matched,1
B1,annealing_100_5,20260612-110336,154,173,1796.43,-68.93,253.0,8.97,1800.21,-64.76,5.628259055871523,matched,1
B1,annealing_125_25,20260901-102349,107,173,1794.89,-71.14,194.0,7.86,1800.21,-64.76,8.307033164734523,matched,1
B1,annealing_125_5,20260724-111942,124,173,1800.4,-64.5,198.0,7.94,1800.21,-64.76,0.3220248437621287,matched,1
B1,annealing_150_25,20260918-095250,69,173,1800.13,-66.21,83.0,5.14,1800.21,-64.76,1.4522052196573167,matched,1
B1,annealing_150_5,20260911-101035,94,173,1798.87,-67.43,165.0,7.25,1800.21,-64.76,2.9873901653450625,matched,1
B1,annealing_75_25,20260601-225211,167,173,1805.01,-57.41,266.0,9.2,1800.21,-64.76,8.778524933039701,matched,1
B1,annealing_75_5,20260522-153514,169,173,1801.08,-64.72,379.0,10.98,1800.21,-64.76,0.8709190547920114,matched,1
B1,before_annealing,20260515-160114,173,173,1800.21,-64.76,313.0,9.98,1800.21,-64.76,0.0,reference,1
B1,annealing_100_25,20260629-082957,144,174,2385.06,-68.24,297.0,9.72,2387.28,-66.42,2.870679362102481,matched,1
B1,annealing_100_5,20260612-110336,155,174,2383.68,-67.94,262.0,9.13,2387.28,-66.42,3.907735917382674,matched,1
B1,annealing_125_25,20260901-102349,106,174,2382.02,-68.54,168.0,7.31,2387.28,-66.42,5.671155085165836,matched,1
B1,annealing_125_5,20260724-111942,125,174,2387.5,-65.79,236.0,8.67,2387.28,-66.42,0.6673080248280446,matched,1
B1,annealing_75_25,20260601-225211,168,174,2391.97,-61.91,225.0,8.46,2387.28,-66.42,6.506627390591557,matched,1
B1,annealing_75_5,20260522-153514,171,174,2388.25,-66.05,252.0,8.96,2387.28,-66.42,1.0381714694594604,matched,1
B1,before_annealing,20260515-160114,174,174,2387.28,-66.42,240.0,8.74,2387.28,-66.42,0.0,reference,1
B1,annealing_125_5,20260724-111942,126,175,769.26,-75.33,78.0,4.98,769.6,-75.42,0.3517101079014111,matched,1
B1,annealing_75_5,20260522-153514,173,175,770.09,-76.3,158.0,7.09,769.6,-75.42,1.0072239075796408,matched,1
B1,before_annealing,20260515-160114,175,175,769.6,-75.42,191.0,7.8,769.6,-75.42,0.0,reference,1
B1,annealing_100_25,20260629-082957,147,176,1021.46,-84.92,177.0,7.51,1022.93,-79.66,5.4615473997759825,matched,1
B1,annealing_100_5,20260612-110336,160,176,1018.74,-87.01,198.0,7.94,1022.93,-79.66,8.460413701468719,matched,1
B1,annealing_125_5,20260724-111942,127,176,1023.37,-79.41,104.0,5.75,1022.93,-79.66,0.5060632371552473,matched,1
B1,annealing_75_5,20260522-153514,172,176,1023.83,-79.8,305.0,9.85,1022.93,-79.66,0.9108238029389459,matched,1
B1,before_annealing,20260515-160114,176,176,1022.93,-79.66,259.0,9.08,1022.93,-79.66,0.0,reference,1
B1,annealing_100_25,20260629-082957,148,177,2124.8,-84.35,202.0,8.02,2126.76,-82.0,3.0600816982558023,matched,1
B1,annealing_100_5,20260612-110336,158,177,2123.31,-84.73,214.0,8.25,2126.76,-82.0,4.399477241673368,matched,1
B1,annealing_125_25,20260901-102349,108,177,2122.61,-85.48,94.0,5.47,2126.76,-82.0,5.415985598208398,matched,1
B1,annealing_125_5,20260724-111942,128,177,2127.18,-81.28,216.0,8.29,2126.76,-82.0,0.8335466393667949,matched,1
B1,annealing_150_25,20260918-095250,70,177,2127.38,-81.83,125.0,6.31,2126.76,-82.0,0.6428841264177124,matched,1
B1,annealing_150_5,20260911-101035,95,177,2124.87,-83.34,116.0,6.08,2126.76,-82.0,2.3168297304724934,matched,1
B1,annealing_75_25,20260601-225211,172,177,2131.56,-75.91,307.0,9.89,2126.76,-82.0,7.754231103081557,matched,1
B1,annealing_75_5,20260522-153514,174,177,2127.98,-81.61,330.0,10.25,2126.76,-82.0,1.280820049811648,matched,1
B1,before_annealing,20260515-160114,177,177,2126.76,-82.0,354.0,10.62,2126.76,-82.0,0.0,reference,1
B1,annealing_100_25,20260629-082957,149,178,2566.06,-83.53,45.0,3.78,2567.68,-82.82,1.7687566254291904,matched,1
B1,annealing_100_5,20260612-110336,159,178,2563.93,-83.03,98.0,5.59,2567.68,-82.82,3.7558753972942185,matched,1
B1,annealing_125_5,20260724-111942,129,178,2567.65,-81.46,40.0,3.57,2567.68,-82.82,1.3603308421115736,matched,1
B1,annealing_150_5,20260911-101035,96,178,2566.68,-83.5,49.0,3.95,2567.68,-82.82,1.2092973166264818,matched,1
B1,annealing_75_25,20260601-225211,174,178,2572.31,-79.34,139.0,6.65,2567.68,-82.82,5.792003107734054,matched,1
B1,annealing_75_5,20260522-153514,176,178,2568.97,-82.25,131.0,6.46,2567.68,-82.82,1.4103191128251429,matched,1
B1,before_annealing,20260515-160114,178,178,2567.68,-82.82,144.0,6.77,2567.68,-82.82,0.0,reference,1
B1,annealing_125_5,20260724-111942,130,179,424.49,-86.28,152.0,6.96,424.55,-86.49,0.21840329667841016,matched,1
B1,annealing_75_5,20260522-153514,177,179,424.91,-87.13,142.0,6.72,424.55,-86.49,0.7343023900274399,matched,1
B1,before_annealing,20260515-160114,179,179,424.55,-86.49,139.0,6.65,424.55,-86.49,0.0,reference,1
B1,annealing_100_25,20260629-082957,150,180,877.32,-95.87,444.0,11.89,879.22,-89.94,6.226949493933606,matched,1
B1,annealing_100_5,20260612-110336,163,180,875.23,-98.03,259.0,9.08,879.22,-89.94,9.020432362143188,matched,1
B1,annealing_125_5,20260724-111942,132,180,879.36,-89.7,164.0,7.23,879.22,-89.94,0.2778488797889848,matched,1
B1,annealing_150_25,20260918-095250,71,180,879.03,-93.23,59.0,4.33,879.22,-89.94,3.295481755373569,matched,1
B1,annealing_150_5,20260911-101035,97,180,876.54,-94.38,69.0,4.69,879.22,-89.94,5.186135362676173,matched,2
B1,annealing_75_5,20260522-153514,175,180,879.79,-90.24,485.0,12.42,879.22,-89.94,0.644127316607459,matched,1
B1,before_annealing,20260515-160114,180,180,879.22,-89.94,302.0,9.8,879.22,-89.94,0.0,reference,1
B1,annealing_100_25,20260629-082957,151,181,2401.77,-90.1,52.0,4.07,2403.71,-89.2,2.1385976713725743,matched,1
B1,annealing_100_5,20260612-110336,162,181,2400.32,-91.4,45.0,3.78,2403.71,-89.2,4.041299296018441,matched,1
B1,annealing_125_5,20260724-111942,134,181,2404.57,-88.34,37.0,3.43,2403.71,-89.2,1.2162236636409514,matched,1
B1,annealing_75_25,20260601-225211,175,181,2408.28,-85.12,97.0,5.56,2403.71,-89.2,6.1262794582031175,matched,1
B1,annealing_75_5,20260522-153514,178,181,2404.46,-88.76,104.0,5.75,2403.71,-89.2,0.8695401083331338,matched,1
B1,before_annealing,20260515-160114,181,181,2403.71,-89.2,104.0,5.75,2403.71,-89.2,0.0,reference,1
B1,annealing_100_25,20260629-082957,153,182,2026.55,-95.41,103.0,5.73,2028.21,-92.29,3.534119409414488,matched,1
B1,annealing_100_5,20260612-110336,164,182,2025.41,-95.31,101.0,5.67,2028.21,-92.29,4.118300620401541,matched,1
B1,annealing_125_25,20260901-102349,109,182,2024.15,-94.39,36.0,3.39,2028.21,-92.29,4.570951760848011,matched,1
B1,annealing_125_5,20260724-111942,133,182,2029.18,-91.23,101.0,5.67,2028.21,-92.29,1.4368368035375687,matched,1
B1,annealing_75_25,20260601-225211,176,182,2033.81,-84.88,60.0,4.37,2028.21,-92.29,9.288062230626965,matched,1
B1,annealing_75_5,20260522-153514,179,182,2029.37,-92.46,78.0,4.98,2028.21,-92.29,1.1723907198539478,matched,1
B1,before_annealing,20260515-160114,182,182,2028.21,-92.29,102.0,5.7,2028.21,-92.29,0.0,reference,1
B1,annealing_100_5,20260612-110336,166,183,1445.15,-103.73,213.0,8.23,1448.44,-97.96,6.642062932553401,matched,1
B1,annealing_125_5,20260724-111942,135,183,1448.86,-97.48,187.0,7.72,1448.44,-97.96,0.6378087487639694,matched,2
B1,annealing_75_5,20260522-153514,181,183,1449.87,-97.36,165.0,7.25,1448.44,-97.96,1.5507740002977626,matched,1
B1,before_annealing,20260515-160114,183,183,1448.44,-97.96,132.0,6.48,1448.44,-97.96,0.0,reference,1
B1,annealing_100_25,20260629-082957,154,184,1630.91,-116.44,436.0,11.78,1632.84,-112.61,4.288799365789843,matched,1
B1,annealing_100_5,20260612-110336,167,184,1629.25,-117.54,530.0,12.99,1632.84,-112.61,6.09860639818635,matched,1
B1,annealing_125_25,20260901-102349,113,184,1628.1,-120.05,409.0,11.41,1632.84,-112.61,8.821632501980575,matched,1
B1,annealing_125_5,20260724-111942,136,184,1633.07,-112.07,446.0,11.91,1632.84,-112.61,0.5869412236331805,matched,1
B1,annealing_150_25,20260918-095250,72,184,1632.74,-114.62,166.0,7.27,1632.84,-112.61,2.012486024796198,matched,1
B1,annealing_150_5,20260911-101035,98,184,1631.63,-115.44,252.0,8.96,1632.84,-112.61,3.077823906593671,matched,1
B1,annealing_75_25,20260601-225211,179,184,1637.43,-104.13,523.0,12.9,1632.84,-112.61,9.642535973487545,matched,1
B1,annealing_75_5,20260522-153514,180,184,1633.77,-112.62,605.0,13.88,1632.84,-112.61,0.9300537618869774,matched,1
B1,before_annealing,20260515-160114,184,184,1632.84,-112.61,548.0,13.21,1632.84,-112.61,0.0,reference,1
B1,annealing_100_5,20260612-110336,169,185,2154.15,-109.92,117.0,6.1,2157.83,-106.61,4.949595943104731,matched,1
B1,annealing_75_25,20260601-225211,180,185,2162.31,-101.25,124.0,6.28,2157.83,-106.61,6.985699678629204,matched,1
B1,annealing_75_5,20260522-153514,182,185,2158.43,-106.6,138.0,6.63,2157.83,-106.61,0.6000833275470091,matched,1
B1,before_annealing,20260515-160114,185,185,2157.83,-106.61,136.0,6.58,2157.83,-106.61,0.0,reference,1
B1,annealing_125_25,20260901-102349,112,186,1984.18,-112.8,56.0,4.22,1989.51,-106.54,8.22170906807089,matched,1
B1,before_annealing,20260515-160114,186,186,1989.51,-106.54,36.0,3.39,1989.51,-106.54,0.0,reference,1
B1,annealing_75_5,20260522-153514,183,187,404.13,-109.47,169.0,7.33,403.04,-108.9,1.2300406497347711,matched,1
B1,before_annealing,20260515-160114,187,187,403.04,-108.9,129.0,6.41,403.04,-108.9,0.0,reference,1
B1,annealing_125_25,20260901-102349,115,188,2495.02,-119.73,55.0,4.18,2499.83,-118.03,5.101578187188695,matched,1
B1,annealing_75_25,20260601-225211,184,188,2504.0,-114.29,121.0,6.21,2499.83,-118.03,5.601473020554555,matched,1
B1,annealing_75_5,20260522-153514,186,188,2500.77,-118.03,247.0,8.87,2499.83,-118.03,0.9400000000000546,matched,1
B1,before_annealing,20260515-160114,188,188,2499.83,-118.03,255.0,9.01,2499.83,-118.03,0.0,reference,1
B1,annealing_100_25,20260629-082957,155,189,2319.62,-123.19,768.0,15.64,2321.62,-121.2,2.821364917907639,matched,1
B1,annealing_100_5,20260612-110336,168,189,2318.43,-122.97,839.0,16.34,2321.62,-121.2,3.6481502162055133,matched,1
B1,annealing_125_25,20260901-102349,114,189,2316.99,-123.62,183.0,7.63,2321.62,-121.2,5.2242989960377475,matched,1
B1,annealing_125_5,20260724-111942,137,189,2322.2,-120.52,193.0,7.84,2321.62,-121.2,0.8937561188601312,matched,1
B1,annealing_150_25,20260918-095250,73,189,2322.5,-121.15,128.0,6.38,2321.62,-121.2,0.8814193099769212,matched,1
B1,annealing_150_5,20260911-101035,99,189,2320.31,-122.5,189.0,7.76,2321.62,-121.2,1.8455622449540545,matched,1
B1,annealing_75_25,20260601-225211,181,189,2326.06,-116.42,868.0,16.62,2321.62,-121.2,6.523955855154179,matched,1
B1,annealing_75_5,20260522-153514,184,189,2322.66,-120.91,728.0,15.22,2321.62,-121.2,1.0796758772890722,matched,1
B1,before_annealing,20260515-160114,189,189,2321.62,-121.2,605.0,13.88,2321.62,-121.2,0.0,reference,1
B1,annealing_100_25,20260629-082957,156,190,1802.38,-121.82,222.0,8.41,1804.3,-118.09,4.1951519638744115,matched,1
B1,annealing_100_5,20260612-110336,171,190,1801.03,-122.28,176.0,7.48,1804.3,-118.09,5.314978833447962,matched,1
B1,annealing_75_25,20260601-225211,183,190,1809.24,-110.99,155.0,7.02,1804.3,-118.09,8.649485533833827,matched,1
B1,annealing_75_5,20260522-153514,185,190,1805.19,-117.95,181.0,7.59,1804.3,-118.09,0.9009439494220371,matched,1
B1,before_annealing,20260515-160114,190,190,1804.3,-118.09,134.0,6.53,1804.3,-118.09,0.0,reference,1
B1,annealing_100_25,20260629-082957,158,191,951.72,-142.93,396.0,11.23,953.5,-137.3,5.904684580906913,matched,1
B1,annealing_100_5,20260612-110336,173,191,949.62,-145.09,564.0,13.4,953.5,-137.3,8.70278690995016,matched,1
B1,annealing_125_5,20260724-111942,140,191,953.74,-137.06,376.0,10.94,953.5,-137.3,0.33941125496955565,matched,1
B1,annealing_150_25,20260918-095250,74,191,953.9,-140.07,96.0,5.53,953.5,-137.3,2.7987318556803333,matched,1
B1,annealing_150_5,20260911-101035,100,191,951.81,-141.64,420.0,11.56,953.5,-137.3,4.6574349163461175,matched,2
B1,annealing_75_5,20260522-153514,187,191,954.25,-137.47,1321.0,20.51,953.5,-137.3,0.7690253571892124,matched,1
B1,before_annealing,20260515-160114,191,191,953.5,-137.3,1238.0,19.85,953.5,-137.3,0.0,reference,1
B1,annealing_100_25,20260629-082957,157,192,2681.26,-122.53,124.0,6.28,2682.4,-121.08,1.844478246008805,matched,1
B1,annealing_100_5,20260612-110336,172,192,2679.46,-121.81,126.0,6.33,2682.4,-121.08,3.0292738403783055,matched,1
B1,annealing_125_5,20260724-111942,138,192,2683.62,-120.31,111.0,5.94,2682.4,-121.08,1.442671133695932,matched,1
B1,annealing_75_25,20260601-225211,185,192,2687.66,-118.82,107.0,5.84,2682.4,-121.08,5.724962881975527,matched,1
B1,annealing_75_5,20260522-153514,188,192,2683.84,-120.76,118.0,6.13,2682.4,-121.08,1.4751271131669137,matched,1
B1,before_annealing,20260515-160114,192,192,2682.4,-121.08,97.0,5.56,2682.4,-121.08,0.0,reference,1
B1,annealing_100_25,20260629-082957,159,193,1019.91,-145.3,284.0,9.51,1021.56,-139.91,5.636896309140349,matched,1
B1,annealing_100_5,20260612-110336,175,193,1017.97,-147.09,283.0,9.49,1021.56,-139.91,8.027484039224214,matched,1
B1,annealing_125_5,20260724-111942,139,193,1021.84,-139.38,584.0,13.63,1021.56,-139.91,0.5994163828258697,matched,1
B1,annealing_150_5,20260911-101035,101,193,1019.92,-143.85,234.0,8.63,1021.56,-139.91,4.2676925849924965,matched,2
B1,annealing_75_5,20260522-153514,189,193,1022.35,-139.87,268.0,9.24,1021.56,-139.91,0.7910120100226807,matched,1
B1,before_annealing,20260515-160114,193,193,1021.56,-139.91,254.0,8.99,1021.56,-139.91,0.0,reference,1
B1,annealing_100_25,20260629-082957,161,194,2268.87,-142.62,106.0,5.81,2270.65,-140.4,2.8454876559213376,matched,1
B1,annealing_100_5,20260612-110336,174,194,2266.82,-142.41,138.0,6.63,2270.65,-140.4,4.325390155812468,matched,1
B1,annealing_125_25,20260901-102349,116,194,2265.96,-143.65,94.0,5.47,2270.65,-140.4,5.706014370819663,matched,1
B1,annealing_125_5,20260724-111942,141,194,2270.59,-139.63,126.0,6.33,2270.65,-140.4,0.772334124585991,matched,1
B1,annealing_150_25,20260918-095250,75,194,2271.1,-140.09,67.0,4.62,2270.65,-140.4,0.5464430436924215,matched,1
B1,annealing_150_5,20260911-101035,102,194,2268.95,-142.18,111.0,5.94,2270.65,-140.4,2.4613817257794315,matched,1
B1,annealing_75_25,20260601-225211,189,194,2274.2,-135.79,190.0,7.78,2270.65,-140.4,5.818470589424526,matched,1
B1,annealing_75_5,20260522-153514,190,194,2271.3,-140.2,197.0,7.92,2270.65,-140.4,0.6800735254368641,matched,1
B1,before_annealing,20260515-160114,194,194,2270.65,-140.4,174.0,7.44,2270.65,-140.4,0.0,reference,1
B1,annealing_100_25,20260629-082957,160,195,468.04,-149.54,416.0,11.51,469.75,-143.07,6.692159591641544,matched,1
B1,annealing_100_5,20260612-110336,176,195,465.95,-152.3,186.0,7.69,469.75,-143.07,9.981628123708097,matched,1
B1,annealing_150_25,20260918-095250,76,195,469.86,-147.02,276.0,9.37,469.75,-143.07,3.951531348730532,matched,1
B1,annealing_75_5,20260522-153514,192,195,470.29,-143.26,134.0,6.53,469.75,-143.07,0.572450871254487,matched,1
B1,before_annealing,20260515-160114,195,195,469.75,-143.07,152.0,6.96,469.75,-143.07,0.0,reference,1
B1,annealing_100_25,20260629-082957,162,196,594.53,-153.75,227.0,8.5,596.71,-147.27,6.83687062916947,matched,1
B1,annealing_100_5,20260612-110336,178,196,592.71,-156.29,286.0,9.54,596.71,-147.27,9.867137376159292,matched,1
B1,annealing_125_5,20260724-111942,142,196,597.16,-147.22,229.0,8.54,596.71,-147.27,0.4527692569068043,matched,1
B1,annealing_150_25,20260918-095250,77,196,596.66,-151.15,181.0,7.59,596.71,-147.27,3.8803221515745276,matched,1
B1,annealing_150_5,20260911-101035,103,196,595.32,-152.15,190.0,7.78,596.71,-147.27,5.074100905579225,matched,1
B1,annealing_75_5,20260522-153514,193,196,597.15,-147.57,286.0,9.54,596.71,-147.27,0.5325410782277155,matched,1
B1,before_annealing,20260515-160114,196,196,596.71,-147.27,316.0,10.03,596.71,-147.27,0.0,reference,1
B1,annealing_100_25,20260629-082957,163,197,2164.82,-159.18,335.0,10.33,2166.71,-156.65,3.158005699804787,matched,1
B1,annealing_100_5,20260612-110336,177,197,2163.55,-159.13,370.0,10.85,2166.71,-156.65,4.0169640277203165,matched,1
B1,annealing_125_25,20260901-102349,119,197,2162.29,-160.22,366.0,10.79,2166.71,-156.65,5.681663488803309,matched,1
B1,annealing_125_5,20260724-111942,143,197,2167.17,-156.03,347.0,10.51,2166.71,-156.65,0.7720103626247766,matched,1
B1,annealing_150_25,20260918-095250,78,197,2167.55,-157.12,192.0,7.82,2166.71,-156.65,0.9625487000667776,matched,1
B1,annealing_150_5,20260911-101035,104,197,2165.73,-158.29,296.0,9.71,2166.71,-156.65,1.9104973174542776,matched,1
B1,annealing_75_25,20260601-225211,191,197,2170.77,-151.02,416.0,11.51,2166.71,-156.65,6.941217472461117,matched,1
B1,annealing_75_5,20260522-153514,194,197,2167.74,-156.45,403.0,11.33,2166.71,-156.65,1.049237818609052,matched,1
B1,before_annealing,20260515-160114,197,197,2166.71,-156.65,432.0,11.73,2166.71,-156.65,0.0,reference,1
B1,annealing_100_25,20260629-082957,164,198,2401.73,-156.67,102.0,5.7,2403.76,-154.59,2.906423919527354,matched,1
B1,annealing_100_5,20260612-110336,179,198,2400.65,-156.01,142.0,6.72,2403.76,-154.59,3.4188448341509674,matched,1
B1,annealing_125_25,20260901-102349,120,198,2399.52,-156.35,115.0,6.05,2403.76,-154.59,4.590773355329358,matched,1
B1,annealing_125_5,20260724-111942,144,198,2403.75,-153.64,78.0,4.98,2403.76,-154.59,0.950052630121109,matched,1
B1,annealing_150_25,20260918-095250,79,198,2404.78,-155.22,56.0,4.22,2403.76,-154.59,1.1988744721612672,matched,1
B1,annealing_150_5,20260911-101035,105,198,2402.72,-155.69,117.0,6.1,2403.76,-154.59,1.5138031576135842,matched,1
B1,annealing_75_25,20260601-225211,195,198,2407.84,-150.8,160.0,7.14,2403.76,-154.59,5.568707210834427,matched,1
B1,annealing_75_5,20260522-153514,195,198,2404.83,-154.26,146.0,6.82,2403.76,-154.59,1.1197321108190947,matched,1
B1,before_annealing,20260515-160114,198,198,2403.76,-154.59,206.0,8.1,2403.76,-154.59,0.0,reference,1
B1,before_annealing,20260515-160114,199,199,768.61,-152.62,49.0,3.95,768.61,-152.62,0.0,reference,1
B1,annealing_100_5,20260612-110336,181,200,651.99,-161.45,48.0,3.91,655.61,-152.31,9.830768026965126,matched,1
B1,annealing_75_5,20260522-153514,196,200,655.69,-151.54,58.0,4.3,655.61,-152.31,0.7741446893184906,matched,1
B1,before_annealing,20260515-160114,200,200,655.61,-152.31,48.0,3.91,655.61,-152.31,0.0,reference,1
B1,annealing_100_25,20260629-082957,166,201,1393.64,-170.96,410.0,11.42,1395.42,-166.46,4.839256141185327,matched,1
B1,annealing_100_5,20260612-110336,182,201,1392.12,-172.17,473.0,12.27,1395.42,-166.46,6.595005686123475,matched,1
B1,annealing_125_5,20260724-111942,145,201,1395.59,-166.09,509.0,12.73,1395.42,-166.46,0.40718546142998624,matched,1
B1,annealing_75_5,20260522-153514,197,201,1396.18,-166.46,719.0,15.13,1395.42,-166.46,0.7599999999999909,matched,1
B1,before_annealing,20260515-160114,201,201,1395.42,-166.46,869.0,16.63,1395.42,-166.46,0.0,reference,1
B1,annealing_100_25,20260629-082957,165,202,2261.44,-163.4,77.0,4.95,2264.58,-160.65,4.173978917052553,matched,1
B1,annealing_100_5,20260612-110336,180,202,2262.95,-161.62,56.0,4.22,2264.58,-160.65,1.8967867565966274,matched,1
B1,annealing_125_25,20260901-102349,122,202,2259.35,-164.23,59.0,4.33,2264.58,-160.65,6.337925528120386,matched,1
B1,annealing_125_5,20260724-111942,146,202,2268.15,-157.56,105.0,5.78,2264.58,-160.65,4.721546356862462,matched,1
B1,annealing_150_25,20260918-095250,80,202,2263.43,-161.94,110.0,5.92,2264.58,-160.65,1.728178231549104,matched,1
B1,annealing_150_5,20260911-101035,106,202,2270.26,-157.13,50.0,3.99,2264.58,-160.65,6.682275061683961,matched,1
B1,annealing_75_25,20260601-225211,196,202,2270.78,-154.42,93.0,5.44,2264.58,-160.65,8.789362889311352,matched,1
B1,annealing_75_5,20260522-153514,198,202,2266.53,-160.05,139.0,6.65,2264.58,-160.65,2.0402205763105754,matched,1
B1,before_annealing,20260515-160114,202,202,2264.58,-160.65,187.0,7.72,2264.58,-160.65,0.0,reference,1
B1,annealing_100_25,20260629-082957,167,203,1672.92,-176.73,454.0,12.02,1674.7,-172.91,4.214356415871806,matched,1
B1,annealing_100_5,20260612-110336,183,203,1671.2,-177.53,428.0,11.67,1674.7,-172.91,5.7960676324556495,matched,1
B1,annealing_125_25,20260901-102349,125,203,1670.45,-180.07,200.0,7.98,1674.7,-172.91,8.326349740432475,matched,1
B1,annealing_125_5,20260724-111942,147,203,1675.22,-172.34,484.0,12.41,1674.7,-172.91,0.771556867638396,matched,1
B1,annealing_150_25,20260918-095250,81,203,1675.05,-174.61,150.0,6.91,1674.7,-172.91,1.7356554957709764,matched,1
B1,annealing_150_5,20260911-101035,107,203,1673.79,-176.18,83.0,5.14,1674.7,-172.91,3.3942598604114296,matched,1
B1,annealing_75_25,20260601-225211,198,203,1679.04,-164.73,495.0,12.55,1674.7,-172.91,9.260021598246917,matched,1
B1,annealing_75_5,20260522-153514,199,203,1675.51,-172.77,549.0,13.22,1674.7,-172.91,0.822009732302427,matched,1
B1,before_annealing,20260515-160114,203,203,1674.7,-172.91,592.0,13.73,1674.7,-172.91,0.0,reference,1
B1,annealing_100_25,20260629-082957,170,204,1175.73,-178.56,260.0,9.1,1177.46,-173.71,5.149310633473185,matched,1
B1,annealing_100_5,20260612-110336,185,204,1174.42,-180.4,410.0,11.42,1177.46,-173.71,7.348312731505087,matched,1
B1,annealing_125_5,20260724-111942,148,204,1177.6,-173.26,110.0,5.92,1177.46,-173.71,0.4712748667179056,matched,1
B1,annealing_150_25,20260918-095250,82,204,1178.2,-176.73,88.0,5.29,1177.46,-173.71,3.1093407661431876,matched,2
B1,annealing_150_5,20260911-101035,108,204,1176.0,-177.71,60.0,4.37,1177.46,-173.71,4.258121651620595,matched,2
B1,annealing_75_5,20260522-153514,201,204,1178.44,-173.69,373.0,10.9,1177.46,-173.71,0.9802040603874461,matched,1
B1,before_annealing,20260515-160114,204,204,1177.46,-173.71,373.0,10.9,1177.46,-173.71,0.0,reference,1
B1,annealing_100_25,20260629-082957,168,205,476.92,-174.62,53.0,4.11,476.27,-169.25,5.4091958736951,matched,2
B1,annealing_75_5,20260522-153514,200,205,477.74,-169.34,182.0,7.61,476.27,-169.25,1.4727525250360567,matched,1
B1,before_annealing,20260515-160114,205,205,476.27,-169.25,172.0,7.4,476.27,-169.25,0.0,reference,1
B1,annealing_100_25,20260629-082957,171,206,1907.9,-177.29,109.0,5.89,1907.48,-173.16,4.151301000891169,matched,1
B1,annealing_100_5,20260612-110336,186,206,1906.38,-178.5,74.0,4.85,1907.48,-173.16,5.452118854170353,matched,1
B1,annealing_125_25,20260901-102349,126,206,1906.1,-180.72,66.0,4.58,1907.48,-173.16,7.684920298871051,matched,1
B1,annealing_125_5,20260724-111942,149,206,1909.8,-173.9,72.0,4.79,1907.48,-173.16,2.4351591323771262,matched,1
B1,annealing_150_5,20260911-101035,109,206,1907.97,-177.21,39.0,3.52,1907.48,-173.16,4.079534287146034,matched,1
B1,annealing_75_25,20260601-225211,201,206,1914.35,-167.32,88.0,5.29,1907.48,-173.16,9.016789894413563,matched,1
B1,annealing_75_5,20260522-153514,203,206,1910.75,-174.77,94.0,5.47,1907.48,-173.16,3.644859393721509,matched,1
B1,before_annealing,20260515-160114,206,206,1907.48,-173.16,212.0,8.21,1907.48,-173.16,0.0,reference,1
B1,annealing_100_25,20260629-082957,169,207,2064.21,-172.23,39.0,3.52,2066.94,-169.97,3.544079570212844,matched,1
B1,annealing_75_25,20260601-225211,200,207,2070.18,-164.42,91.0,5.38,2066.94,-169.97,6.426515385494593,matched,1
B1,annealing_75_5,20260522-153514,202,207,2067.65,-169.89,96.0,5.53,2066.94,-169.97,0.7144928271158876,matched,1
B1,before_annealing,20260515-160114,207,207,2066.94,-169.97,101.0,5.67,2066.94,-169.97,0.0,reference,1
B1,annealing_100_5,20260612-110336,188,208,442.92,-185.04,41.0,3.61,437.39,-177.4,9.431357272418436,matched,1
B1,annealing_75_5,20260522-153514,205,208,436.26,-178.41,145.0,6.79,437.39,-177.4,1.5155856953666367,matched,1
B1,before_annealing,20260515-160114,208,208,437.39,-177.4,146.0,6.82,437.39,-177.4,0.0,reference,1
B1,annealing_100_25,20260629-082957,172,209,2045.16,-184.44,94.0,5.47,2046.59,-181.24,3.504982168285519,matched,1
B1,annealing_100_5,20260612-110336,187,209,2043.98,-184.03,189.0,7.76,2046.59,-181.24,3.820497349822328,matched,1
B1,annealing_125_25,20260901-102349,127,209,2043.05,-185.66,76.0,4.92,2046.59,-181.24,5.662861467491469,matched,1
B1,annealing_125_5,20260724-111942,150,209,2047.33,-180.8,66.0,4.58,2046.59,-181.24,0.860929730001242,matched,1
B1,annealing_150_25,20260918-095250,83,209,2047.15,-182.22,130.0,6.43,2046.59,-181.24,1.1287160847618738,matched,1
B1,annealing_150_5,20260911-101035,110,209,2046.13,-183.29,50.0,3.99,2046.59,-181.24,2.100975963689198,matched,1
B1,annealing_75_25,20260601-225211,203,209,2050.68,-174.76,213.0,8.23,2046.59,-181.24,7.662799749438815,matched,1
B1,annealing_75_5,20260522-153514,204,209,2047.71,-180.83,223.0,8.43,2046.59,-181.24,1.1926860441877662,matched,1
B1,before_annealing,20260515-160114,209,209,2046.59,-181.24,197.0,7.92,2046.59,-181.24,0.0,reference,1
B1,annealing_100_25,20260629-082957,173,210,468.57,-201.71,390.0,11.14,470.62,-196.06,6.010407640085663,matched,1
B1,annealing_100_5,20260612-110336,189,210,466.89,-205.19,532.0,13.01,470.62,-196.06,9.862545310415564,matched,1
B1,annealing_125_5,20260724-111942,151,210,470.91,-194.12,306.0,9.87,470.62,-196.06,1.9615555052049898,matched,1
B1,annealing_150_25,20260918-095250,84,210,468.88,-200.14,53.0,4.11,470.62,-196.06,4.435538298786281,matched,2
B1,annealing_150_5,20260911-101035,111,210,468.65,-199.48,226.0,8.48,470.62,-196.06,3.946808837529381,matched,1
B1,annealing_75_5,20260522-153514,206,210,471.18,-196.66,575.0,13.53,470.62,-196.06,0.820731381147325,matched,1
B1,before_annealing,20260515-160114,210,210,470.62,-196.06,551.0,13.24,470.62,-196.06,0.0,reference,1
B1,annealing_100_25,20260629-082957,174,211,1962.32,-202.95,218.0,8.33,1964.08,-200.24,3.231361941968101,matched,1
B1,annealing_100_5,20260612-110336,191,211,1960.77,-203.63,369.0,10.84,1964.08,-200.24,4.737953144555099,matched,1
B1,annealing_125_25,20260901-102349,128,211,1959.77,-205.37,332.0,10.28,1964.08,-200.24,6.700223876856614,matched,1
B1,annealing_125_5,20260724-111942,154,211,1964.38,-199.5,170.0,7.36,1964.08,-200.24,0.7984985911071619,matched,1
B1,annealing_150_5,20260911-101035,113,211,1963.01,-202.17,187.0,7.72,1964.08,-200.24,2.2067623342806493,matched,1
B1,annealing_75_25,20260601-225211,205,211,1967.84,-193.46,355.0,10.63,1964.08,-200.24,7.752805943656783,matched,1
B1,annealing_75_5,20260522-153514,207,211,1964.98,-200.08,348.0,10.52,1964.08,-200.24,0.914111590562204,matched,1
B1,before_annealing,20260515-160114,211,211,1964.08,-200.24,373.0,10.9,1964.08,-200.24,0.0,reference,1
B1,annealing_100_25,20260629-082957,177,212,1214.81,-209.93,296.0,9.71,1216.36,-205.43,4.7594642555648905,matched,1
B1,annealing_100_5,20260612-110336,192,212,1213.1,-211.79,394.0,11.2,1216.36,-205.43,7.146831465761576,matched,1
B1,annealing_125_5,20260724-111942,155,212,1216.59,-204.98,259.0,9.08,1216.36,-205.43,0.5053711507397546,matched,1
B1,annealing_150_25,20260918-095250,86,212,1216.87,-207.56,258.0,9.06,1216.36,-205.43,2.190205469813271,matched,2
B1,annealing_150_5,20260911-101035,114,212,1215.14,-208.92,346.0,10.49,1216.36,-205.43,3.697093452970776,matched,2
B1,annealing_75_5,20260522-153514,208,212,1217.19,-205.55,392.0,11.17,1216.36,-205.43,0.8386298349094539,matched,1
B1,before_annealing,20260515-160114,212,212,1216.36,-205.43,323.0,10.14,1216.36,-205.43,0.0,reference,1
B1,annealing_100_25,20260629-082957,178,213,1750.17,-212.88,180.0,7.57,1751.74,-209.31,3.8999743588900366,matched,1
B1,annealing_100_5,20260612-110336,194,213,1748.75,-213.4,184.0,7.65,1751.74,-209.31,5.066379377820031,matched,1
B1,annealing_125_5,20260724-111942,156,213,1752.09,-208.39,214.0,8.25,1751.74,-209.31,0.984327181378207,matched,1
B1,annealing_75_25,20260601-225211,206,213,1755.62,-200.94,182.0,7.61,1751.74,-209.31,9.225578572642432,matched,1
B1,annealing_75_5,20260522-153514,209,213,1752.61,-208.82,214.0,8.25,1751.74,-209.31,0.9984988733092387,matched,1
B1,before_annealing,20260515-160114,213,213,1751.74,-209.31,210.0,8.18,1751.74,-209.31,0.0,reference,1
B1,annealing_75_5,20260522-153514,210,214,852.74,-212.96,40.0,3.57,853.14,-210.79,2.2065584062063825,matched,1
B1,before_annealing,20260515-160114,214,214,853.14,-210.79,87.0,5.26,853.14,-210.79,0.0,reference,1
B1,annealing_100_25,20260629-082957,179,215,2489.78,-219.95,66.0,4.58,2490.87,-218.81,1.5772444325466153,matched,1
B1,annealing_100_5,20260612-110336,195,215,2487.65,-220.47,97.0,5.56,2490.87,-218.81,3.6227061708063903,matched,1
B1,annealing_125_5,20260724-111942,158,215,2490.74,-218.51,43.0,3.7,2490.87,-218.81,0.32695565448549013,matched,1
B1,annealing_75_25,20260601-225211,209,215,2494.31,-215.34,83.0,5.14,2490.87,-218.81,4.886153906704164,matched,1
B1,annealing_75_5,20260522-153514,212,215,2492.32,-218.19,88.0,5.29,2490.87,-218.81,1.5769908053000172,matched,1
B1,before_annealing,20260515-160114,215,215,2490.87,-218.81,91.0,5.38,2490.87,-218.81,0.0,reference,1
B1,annealing_100_25,20260629-082957,181,216,1488.53,-229.93,268.0,9.24,1490.39,-225.65,4.66669047612979,matched,1
B1,annealing_100_5,20260612-110336,197,216,1487.07,-231.21,287.0,9.56,1490.39,-225.65,6.475801108743312,matched,1
B1,annealing_125_25,20260901-102349,132,216,1485.53,-234.02,186.0,7.69,1490.39,-225.65,9.678662097624924,matched,1
B1,annealing_125_5,20260724-111942,157,216,1490.47,-225.53,499.0,12.6,1490.39,-225.65,0.144222051018523,matched,2
B1,annealing_150_25,20260918-095250,88,216,1490.38,-227.25,132.0,6.48,1490.39,-225.65,1.6000312496948244,matched,1
B1,annealing_150_5,20260911-101035,116,216,1489.2,-228.83,340.0,10.4,1490.39,-225.65,3.3953644870617605,matched,1
B1,annealing_75_5,20260522-153514,211,216,1490.83,-225.51,457.0,12.06,1490.39,-225.65,0.46173585522444766,matched,1
B1,before_annealing,20260515-160114,216,216,1490.39,-225.65,335.0,10.33,1490.39,-225.65,0.0,reference,1
B1,annealing_100_25,20260629-082957,180,217,2429.43,-226.75,70.0,4.72,2429.46,-226.09,0.6606814663663629,matched,1
B1,annealing_100_5,20260612-110336,196,217,2427.53,-226.22,114.0,6.02,2429.46,-226.09,1.9343732835208842,matched,1
B1,annealing_125_25,20260901-102349,131,217,2424.44,-228.72,254.0,8.99,2429.46,-226.09,5.667212718788646,matched,1
B1,annealing_125_5,20260724-111942,159,217,2429.21,-226.32,184.0,7.65,2429.46,-226.09,0.33970575502925365,matched,1
B1,annealing_75_25,20260601-225211,210,217,2434.24,-221.75,137.0,6.6,2429.46,-226.09,6.456314738300604,matched,1
B1,annealing_75_5,20260522-153514,213,217,2429.75,-226.58,240.0,8.74,2429.46,-226.09,0.5693856338194596,matched,1
B1,before_annealing,20260515-160114,217,217,2429.46,-226.09,244.0,8.81,2429.46,-226.09,0.0,reference,1
B1,annealing_100_25,20260629-082957,184,218,1186.64,-242.55,50.0,3.99,1188.16,-237.55,5.225935322982858,matched,1
B1,annealing_75_5,20260522-153514,214,218,1187.53,-235.08,56.0,4.22,1188.16,-237.55,2.549078264785162,matched,1
B1,before_annealing,20260515-160114,218,218,1188.16,-237.55,55.0,4.18,1188.16,-237.55,0.0,reference,1
B1,annealing_75_5,20260522-153514,215,219,916.34,-257.82,180.0,7.57,915.74,-257.73,0.6067124524847193,matched,1
B1,before_annealing,20260515-160114,219,219,915.74,-257.73,222.0,8.41,915.74,-257.73,0.0,reference,1
B1,annealing_125_5,20260724-111942,163,220,655.0,-264.92,134.0,6.53,654.82,-264.31,0.6360031446463128,matched,2
B1,annealing_75_5,20260522-153514,216,220,655.38,-264.62,292.0,9.64,654.82,-264.31,0.6400781202321638,matched,1
B1,before_annealing,20260515-160114,220,220,654.82,-264.31,227.0,8.5,654.82,-264.31,0.0,reference,1
B1,annealing_100_25,20260629-082957,186,221,1540.8,-267.53,105.0,5.78,1542.08,-264.08,3.679796190008334,matched,1
B1,annealing_100_5,20260612-110336,200,221,1539.28,-269.08,122.0,6.23,1542.08,-264.08,5.730619512757739,matched,1
B1,annealing_125_5,20260724-111942,164,221,1541.5,-264.24,84.0,5.17,1542.08,-264.08,0.6016643582595894,matched,1
B1,annealing_75_25,20260601-225211,215,221,1545.5,-255.28,116.0,6.08,1542.08,-264.08,9.441207549884718,matched,1
B1,annealing_75_5,20260522-153514,217,221,1542.49,-264.31,190.0,7.78,1542.08,-264.08,0.47010637094180663,matched,1
B1,before_annealing,20260515-160114,221,221,1542.08,-264.08,215.0,8.27,1542.08,-264.08,0.0,reference,1
B1,annealing_75_25,20260601-225211,474,222,2268.08,-258.8,141.0,6.7,2265.64,-263.41,5.215908358090697,matched,1
B1,annealing_75_5,20260522-153514,480,222,2265.45,-263.07,147.0,6.84,2265.64,-263.41,0.3894868418830633,matched,1
B1,before_annealing,20260515-160114,222,222,2265.64,-263.41,141.0,6.7,2265.64,-263.41,0.0,reference,1
B1,annealing_75_5,20260522-153514,218,223,1673.11,-262.91,61.0,4.41,1671.89,-263.15,1.2433824833893588,matched,1
B1,before_annealing,20260515-160114,223,223,1671.89,-263.15,75.0,4.89,1671.89,-263.15,0.0,reference,1
B1,annealing_75_5,20260522-153514,219,224,1382.67,-267.84,137.0,6.6,1382.09,-267.82,0.5803447251420303,matched,1
B1,before_annealing,20260515-160114,224,224,1382.09,-267.82,150.0,6.91,1382.09,-267.82,0.0,reference,1
B1,annealing_100_25,20260629-082957,189,225,1780.14,-276.72,122.0,6.23,1781.2,-272.98,3.88731269645239,matched,1
B1,annealing_100_5,20260612-110336,203,225,1778.14,-277.37,123.0,6.26,1781.2,-272.98,5.351233502660816,matched,1
B1,annealing_125_25,20260901-102349,137,225,1776.82,-280.19,78.0,4.98,1781.2,-272.98,8.436142483386625,matched,1
B1,annealing_125_5,20260724-111942,165,225,1781.65,-273.06,118.0,6.13,1781.2,-272.98,0.4570557952810996,matched,1
B1,annealing_150_25,20260918-095250,92,225,1781.54,-274.41,82.0,5.11,1781.2,-272.98,1.4698639392814439,matched,1
B1,annealing_150_5,20260911-101035,120,225,1780.03,-275.8,131.0,6.46,1781.2,-272.98,3.053080411649869,matched,1
B1,annealing_75_25,20260601-225211,218,225,1785.04,-265.52,213.0,8.23,1781.2,-272.98,8.390303927748977,matched,1
B1,annealing_75_5,20260522-153514,220,225,1781.98,-273.32,234.0,8.63,1781.2,-272.98,0.8508818954472709,matched,1
B1,before_annealing,20260515-160114,225,225,1781.2,-272.98,293.0,9.66,1781.2,-272.98,0.0,reference,1
B1,annealing_100_25,20260629-082957,188,226,2249.22,-274.15,74.0,4.85,2251.71,-271.61,3.556922827389005,matched,1
B1,annealing_100_5,20260612-110336,202,226,2248.87,-274.1,139.0,6.65,2251.71,-271.61,3.7769961609724825,matched,1
B1,annealing_125_25,20260901-102349,136,226,2247.47,-274.91,129.0,6.41,2251.71,-271.61,5.372857712614589,matched,1
B1,annealing_125_5,20260724-111942,166,226,2251.56,-271.7,50.0,3.99,2251.71,-271.61,0.17492855684542413,matched,1
B1,annealing_150_25,20260918-095250,91,226,2252.78,-272.26,53.0,4.11,2251.71,-271.61,1.2519584657648675,matched,1
B1,annealing_150_5,20260911-101035,119,226,2250.67,-273.4,187.0,7.72,2251.71,-271.61,2.070193227696341,matched,1
B1,annealing_75_25,20260601-225211,475,226,2254.73,-266.65,130.0,6.43,2251.71,-271.61,5.807064662977351,matched,1
B1,annealing_75_5,20260522-153514,481,226,2252.21,-271.27,124.0,6.28,2251.71,-271.61,0.6046486583132569,matched,1
B1,before_annealing,20260515-160114,226,226,2251.71,-271.61,124.0,6.28,2251.71,-271.61,0.0,reference,1
B1,annealing_100_25,20260629-082957,190,227,1622.02,-287.34,237.0,8.69,1624.21,-283.18,4.701244516082946,matched,1
B1,annealing_100_5,20260612-110336,204,227,1620.41,-288.55,228.0,8.52,1624.21,-283.18,6.578518070203935,matched,1
B1,annealing_125_25,20260901-102349,138,227,1616.72,-288.49,191.0,7.8,1624.21,-283.18,9.181296204785038,matched,1
B1,annealing_125_5,20260724-111942,167,227,1623.49,-283.61,77.0,4.95,1624.21,-283.18,0.8386298349093271,matched,1
B1,annealing_150_5,20260911-101035,121,227,1622.43,-286.3,100.0,5.64,1624.21,-283.18,3.592046770296836,matched,1
B1,annealing_75_25,20260601-225211,220,227,1627.28,-274.84,217.0,8.31,1624.21,-283.18,8.887097388911643,matched,1
B1,annealing_75_5,20260522-153514,221,227,1624.58,-283.09,224.0,8.44,1624.21,-283.18,0.3807886552930969,matched,1
B1,before_annealing,20260515-160114,227,227,1624.21,-283.18,203.0,8.04,1624.21,-283.18,0.0,reference,1
B1,annealing_100_5,20260612-110336,206,228,1173.99,-290.58,74.0,4.85,1176.53,-281.54,9.39005857276722,matched,1
B1,annealing_75_5,20260522-153514,223,228,1177.74,-283.73,79.0,5.01,1176.53,-281.54,2.502039168358497,matched,1
B1,before_annealing,20260515-160114,228,228,1176.53,-281.54,53.0,4.11,1176.53,-281.54,0.0,reference,1
B1,annealing_100_25,20260629-082957,191,229,2209.02,-289.59,230.0,8.56,2211.18,-287.12,3.2812345237729086,matched,1
B1,annealing_100_5,20260612-110336,205,229,2208.18,-289.61,237.0,8.69,2211.18,-287.12,3.8987305626318993,matched,1
B1,annealing_125_5,20260724-111942,168,229,2210.14,-286.17,61.0,4.41,2211.18,-287.12,1.4085808461000393,matched,1
B1,annealing_150_25,20260918-095250,93,229,2210.93,-287.98,41.0,3.61,2211.18,-287.12,0.8956003573023089,matched,1
B1,annealing_75_25,20260601-225211,221,229,2213.88,-281.81,221.0,8.39,2211.18,-287.12,5.957021067614374,matched,1
B1,annealing_75_5,20260522-153514,222,229,2211.66,-286.94,224.0,8.44,2211.18,-287.12,0.5126402247190713,matched,1
B1,before_annealing,20260515-160114,229,229,2211.18,-287.12,249.0,8.9,2211.18,-287.12,0.0,reference,1
B1,annealing_75_25,20260601-225211,224,230,2244.93,-292.49,42.0,3.66,2242.46,-298.1,6.12968188407842,matched,1
B1,annealing_75_5,20260522-153514,224,230,2242.22,-296.56,36.0,3.39,2242.46,-298.1,1.5585891055695777,matched,1
B1,before_annealing,20260515-160114,230,230,2242.46,-298.1,60.0,4.37,2242.46,-298.1,0.0,reference,1
B1,annealing_100_25,20260629-082957,192,231,1053.12,-304.92,129.0,6.41,1054.67,-299.34,5.7912779246036035,matched,1
B1,annealing_100_5,20260612-110336,209,231,1052.14,-306.81,90.0,5.35,1054.67,-299.34,7.8868117766306725,matched,1
B1,annealing_75_5,20260522-153514,225,231,1055.79,-299.24,123.0,6.26,1054.67,-299.34,1.124455423749536,matched,1
B1,before_annealing,20260515-160114,231,231,1054.67,-299.34,80.0,5.05,1054.67,-299.34,0.0,reference,1
B1,annealing_100_5,20260612-110336,208,232,2186.11,-305.06,112.0,5.97,2188.1,-302.29,3.4107183993990224,matched,1
B1,annealing_125_5,20260724-111942,169,232,2188.57,-302.47,116.0,6.08,2188.1,-302.29,0.5032891812867051,matched,1
B1,annealing_150_5,20260911-101035,123,232,2187.32,-303.94,57.0,4.26,2188.1,-302.29,1.8250753409104863,matched,1
B1,annealing_75_25,20260601-225211,226,232,2190.51,-297.23,49.0,3.95,2188.1,-302.29,5.604614170485022,matched,1
B1,annealing_75_5,20260522-153514,227,232,2188.12,-302.58,49.0,3.95,2188.1,-302.29,0.2906888370749351,matched,1
B1,before_annealing,20260515-160114,232,232,2188.1,-302.29,96.0,5.53,2188.1,-302.29,0.0,reference,1
B1,annealing_100_25,20260629-082957,193,233,2305.63,-306.33,165.0,7.25,2307.66,-304.09,3.0229952034363214,matched,1
B1,annealing_100_5,20260612-110336,207,233,2304.91,-306.2,184.0,7.65,2307.66,-304.09,3.4662083030308577,matched,1
B1,annealing_125_25,20260901-102349,139,233,2303.56,-306.51,168.0,7.31,2307.66,-304.09,4.760924280011112,matched,1
B1,annealing_125_5,20260724-111942,170,233,2307.82,-303.76,175.0,7.46,2307.66,-304.09,0.36674241641796557,matched,1
B1,annealing_150_25,20260918-095250,94,233,2307.81,-304.35,47.0,3.87,2307.66,-304.09,0.3001666203961595,matched,1
B1,annealing_150_5,20260911-101035,124,233,2306.59,-305.56,143.0,6.75,2307.66,-304.09,1.8181859090861576,matched,1
B1,annealing_75_25,20260601-225211,227,233,2310.37,-299.26,167.0,7.29,2307.66,-304.09,5.538321045226617,matched,1
B1,annealing_75_5,20260522-153514,226,233,2308.08,-303.68,178.0,7.53,2307.66,-304.09,0.5869412236331973,matched,1
B1,before_annealing,20260515-160114,233,233,2307.66,-304.09,121.0,6.21,2307.66,-304.09,0.0,reference,1
B1,annealing_75_25,20260601-225211,225,234,1653.86,-293.28,44.0,3.74,1649.96,-302.17,9.707837040247416,matched,1
B1,annealing_75_5,20260522-153514,228,234,1650.59,-301.92,51.0,4.03,1649.96,-302.17,0.6777905281131118,matched,1
B1,before_annealing,20260515-160114,234,234,1649.96,-302.17,46.0,3.83,1649.96,-302.17,0.0,reference,1
B1,annealing_125_5,20260724-111942,171,235,405.98,-312.47,129.0,6.41,406.8,-312.3,0.83743656476177,matched,1
B1,annealing_75_5,20260522-153514,229,235,407.2,-313.02,279.0,9.42,406.8,-312.3,0.8236504112789231,matched,1
B1,before_annealing,20260515-160114,235,235,406.8,-312.3,295.0,9.69,406.8,-312.3,0.0,reference,1
B1,annealing_100_25,20260629-082957,196,236,2371.41,-320.93,44.0,3.74,2374.27,-318.84,3.5422732813831375,matched,1
B1,annealing_100_5,20260612-110336,212,236,2371.92,-319.49,57.0,4.26,2374.27,-318.84,2.4382370680472434,matched,1
B1,annealing_75_5,20260522-153514,232,236,2374.69,-319.32,53.0,4.11,2374.27,-318.84,0.6378087487641406,matched,1
B1,before_annealing,20260515-160114,236,236,2374.27,-318.84,152.0,6.96,2374.27,-318.84,0.0,reference,1
B1,annealing_100_25,20260629-082957,195,237,1789.54,-320.07,94.0,5.47,1792.05,-317.49,3.599513856064437,matched,1
B1,annealing_100_5,20260612-110336,211,237,1788.96,-321.17,81.0,5.08,1792.05,-317.49,4.805257537323004,matched,1
B1,annealing_75_25,20260601-225211,228,237,1794.75,-309.45,75.0,4.89,1792.05,-317.49,8.481249907885074,matched,1
B1,annealing_75_5,20260522-153514,230,237,1791.77,-316.36,54.0,4.15,1792.05,-317.49,1.1641735265844069,matched,1
B1,before_annealing,20260515-160114,237,237,1792.05,-317.49,61.0,4.41,1792.05,-317.49,0.0,reference,1
B1,annealing_100_25,20260629-082957,197,238,2475.57,-323.81,126.0,6.33,2477.25,-322.01,2.4621941434418795,matched,1
B1,annealing_100_5,20260612-110336,213,238,2474.84,-323.52,117.0,6.1,2477.25,-322.01,2.843976089913428,matched,1
B1,annealing_125_25,20260901-102349,141,238,2473.12,-323.0,83.0,5.14,2477.25,-322.01,4.246998940428514,matched,1
B1,annealing_125_5,20260724-111942,172,238,2477.22,-321.1,95.0,5.5,2477.25,-322.01,0.9104943712071778,matched,1
B1,annealing_150_25,20260918-095250,95,238,2476.68,-321.8,49.0,3.95,2477.25,-322.01,0.6074537019396441,matched,1
B1,annealing_150_5,20260911-101035,125,238,2476.12,-322.33,69.0,4.69,2477.25,-322.01,1.174436034869606,matched,1
B1,annealing_75_25,20260601-225211,229,238,2480.01,-318.36,213.0,8.23,2477.25,-322.01,4.576035401961073,matched,1
B1,annealing_75_5,20260522-153514,231,238,2478.11,-321.34,203.0,8.04,2477.25,-322.01,1.090183470797572,matched,1
B1,before_annealing,20260515-160114,238,238,2477.25,-322.01,199.0,7.96,2477.25,-322.01,0.0,reference,1
B1,annealing_100_25,20260629-082957,198,239,1063.09,-333.0,74.0,4.85,1063.82,-326.9,6.1435250467463955,matched,1
B1,annealing_100_5,20260612-110336,215,239,1058.57,-334.54,61.0,4.41,1063.82,-326.9,9.269956849953546,matched,1
B1,annealing_125_5,20260724-111942,173,239,1063.07,-327.55,109.0,5.89,1063.82,-326.9,0.9924716620639827,matched,1
B1,annealing_75_5,20260522-153514,233,239,1064.02,-327.49,76.0,4.92,1063.82,-326.9,0.6229767250869456,matched,1
B1,before_annealing,20260515-160114,239,239,1063.82,-326.9,69.0,4.69,1063.82,-326.9,0.0,reference,1
B1,annealing_100_25,20260629-082957,200,240,2186.86,-339.14,257.0,9.04,2188.97,-336.41,3.4503622998169927,matched,1
B1,annealing_100_5,20260612-110336,214,240,2186.17,-339.46,363.0,10.75,2188.97,-336.41,4.140350226731815,matched,1
B1,annealing_125_25,20260901-102349,143,240,2184.99,-340.67,205.0,8.08,2188.97,-336.41,5.829922812525057,matched,1
B1,annealing_125_5,20260724-111942,174,240,2188.96,-336.38,219.0,8.35,2188.97,-336.41,0.03162277660163706,matched,1
B1,annealing_150_25,20260918-095250,96,240,2188.65,-336.87,99.0,5.61,2188.97,-336.41,0.560357029044693,matched,1
B1,annealing_150_5,20260911-101035,126,240,2187.67,-338.14,240.0,8.74,2188.97,-336.41,2.1640009242140255,matched,1
B1,annealing_75_25,20260601-225211,234,240,2191.54,-331.1,351.0,10.57,2188.97,-336.41,5.8992372388301915,matched,1
B1,annealing_75_5,20260522-153514,234,240,2189.28,-336.29,359.0,10.69,2188.97,-336.41,0.33241540277226805,matched,1
B1,before_annealing,20260515-160114,240,240,2188.97,-336.41,498.0,12.59,2188.97,-336.41,0.0,reference,1
B1,annealing_125_5,20260724-111942,177,241,439.72,-342.86,181.0,7.59,439.92,-342.13,0.756901578806665,matched,2
B1,annealing_150_25,20260918-095250,98,241,440.05,-346.29,179.0,7.55,439.92,-342.13,4.162030754331377,matched,2
B1,annealing_75_5,20260522-153514,237,241,440.32,-343.08,377.0,10.95,439.92,-342.13,1.0307764064043958,matched,1
B1,before_annealing,20260515-160114,241,241,439.92,-342.13,315.0,10.01,439.92,-342.13,0.0,reference,1
B1,annealing_100_25,20260629-082957,201,242,2000.55,-343.37,101.0,5.67,2002.68,-339.72,4.226038333948273,matched,1
B1,annealing_100_5,20260612-110336,217,242,1999.99,-343.19,113.0,6.0,2002.68,-339.72,4.39055805109101,matched,1
B1,annealing_125_25,20260901-102349,145,242,1998.76,-344.5,71.0,4.75,2002.68,-339.72,6.181812032082528,matched,1
B1,annealing_125_5,20260724-111942,175,242,2002.39,-339.27,59.0,4.33,2002.68,-339.72,0.5353503525729855,matched,1
B1,annealing_150_25,20260918-095250,97,242,2002.53,-339.56,113.0,6.0,2002.68,-339.72,0.21931712199469353,matched,1
B1,annealing_75_25,20260601-225211,235,242,2005.19,-333.53,268.0,9.24,2002.68,-339.72,6.679535912022678,matched,1
B1,annealing_75_5,20260522-153514,236,242,2003.17,-339.74,257.0,9.04,2002.68,-339.72,0.49040799340957747,matched,1
B1,before_annealing,20260515-160114,242,242,2002.68,-339.72,272.0,9.3,2002.68,-339.72,0.0,reference,1
B1,annealing_100_25,20260629-082957,204,243,2301.03,-346.15,55.0,4.18,2301.5,-344.07,2.1324399170902204,matched,1
B1,annealing_100_5,20260612-110336,220,243,2298.66,-345.6,66.0,4.58,2301.5,-344.07,3.2259107241213165,matched,1
B1,annealing_125_25,20260901-102349,146,243,2298.25,-347.19,49.0,3.95,2301.5,-344.07,4.505208097302502,matched,1
B1,annealing_125_5,20260724-111942,179,243,2301.74,-343.7,57.0,4.26,2301.5,-344.07,0.44102154142388394,matched,1
B1,annealing_150_25,20260918-095250,99,243,2303.0,-344.03,54.0,4.15,2301.5,-344.07,1.500533238552216,matched,1
B1,annealing_150_5,20260911-101035,128,243,2301.53,-345.03,46.0,3.83,2301.5,-344.07,0.9604686356149131,matched,1
B1,annealing_75_25,20260601-225211,239,243,2304.76,-339.86,59.0,4.33,2301.5,-344.07,5.324631442644763,matched,1
B1,annealing_75_5,20260522-153514,238,243,2303.28,-343.64,48.0,3.91,2301.5,-344.07,1.8312017911745058,matched,1
B1,before_annealing,20260515-160114,243,243,2301.5,-344.07,66.0,4.58,2301.5,-344.07,0.0,reference,1
B1,annealing_100_5,20260612-110336,222,244,1746.04,-353.54,60.0,4.37,1749.46,-348.7,5.926381695436163,matched,1
B1,annealing_75_25,20260601-225211,238,244,1752.46,-340.85,58.0,4.3,1749.46,-348.7,8.40371941464013,matched,1
B1,annealing_75_5,20260522-153514,240,244,1749.97,-349.03,57.0,4.26,1749.46,-348.7,0.6074537019394813,matched,1
B1,before_annealing,20260515-160114,244,244,1749.46,-348.7,69.0,4.69,1749.46,-348.7,0.0,reference,1
B1,annealing_100_25,20260629-082957,207,245,711.21,-364.41,206.0,8.1,712.67,-357.61,6.954969446374292,matched,1
B1,annealing_100_5,20260612-110336,223,245,709.81,-366.54,382.0,11.03,712.67,-357.61,9.376806492617847,matched,1
B1,annealing_125_5,20260724-111942,180,245,712.81,-357.62,351.0,10.57,712.67,-357.61,0.14035668847616775,matched,1
B1,annealing_150_5,20260911-101035,131,245,712.37,-362.8,195.0,7.88,712.67,-357.61,5.198663289731308,matched,2
B1,annealing_75_5,20260522-153514,241,245,713.35,-358.18,427.0,11.66,712.67,-357.61,0.8872992730753693,matched,1
B1,before_annealing,20260515-160114,245,245,712.67,-357.61,525.0,12.93,712.67,-357.61,0.0,reference,1
B1,annealing_100_25,20260629-082957,205,246,2243.11,-363.45,667.0,14.57,2244.88,-360.72,3.2535826407207984,matched,1
B1,annealing_100_5,20260612-110336,221,246,2242.23,-363.48,641.0,14.28,2244.88,-360.72,3.8262383616288766,matched,1
B1,annealing_125_25,20260901-102349,149,246,2241.28,-364.17,562.0,13.37,2244.88,-360.72,4.986231041578325,matched,1
B1,annealing_125_5,20260724-111942,178,246,2244.98,-360.79,680.0,14.71,2244.88,-360.72,0.12206555615725861,matched,1
B1,annealing_150_25,20260918-095250,101,246,2244.91,-361.51,130.0,6.43,2244.88,-360.72,0.7905694150420488,matched,1
B1,annealing_150_5,20260911-101035,130,246,2243.86,-362.55,303.0,9.82,2244.88,-360.72,2.0950656314301717,matched,1
B1,annealing_75_25,20260601-225211,240,246,2247.28,-355.98,715.0,15.09,2244.88,-360.72,5.31296527374314,matched,1
B1,annealing_75_5,20260522-153514,239,246,2245.36,-360.52,500.0,12.62,2244.88,-360.72,0.5200000000000343,matched,1
B1,before_annealing,20260515-160114,246,246,2244.88,-360.72,512.0,12.77,2244.88,-360.72,0.0,reference,1
B1,annealing_125_5,20260724-111942,181,247,405.68,-373.51,1465.0,21.59,405.53,-373.19,0.3534119409414541,matched,1
B1,annealing_150_25,20260918-095250,102,247,405.66,-377.34,601.0,13.83,405.53,-373.19,4.152035645319032,matched,2
B1,annealing_75_5,20260522-153514,482,247,406.03,-373.6,1635.0,22.81,405.53,-373.19,0.6466065264131042,matched,1
B1,before_annealing,20260515-160114,247,247,405.53,-373.19,1434.0,21.36,405.53,-373.19,0.0,reference,1
B1,annealing_100_25,20260629-082957,206,248,2119.82,-358.99,53.0,4.11,2121.68,-355.58,3.8842888667037823,matched,1
B1,annealing_100_5,20260612-110336,224,248,2118.52,-360.0,56.0,4.22,2121.68,-355.58,5.433415132308521,matched,1
B1,annealing_75_25,20260601-225211,241,248,2123.75,-350.42,110.0,5.92,2121.68,-355.58,5.559721216032361,matched,1
B1,annealing_75_5,20260522-153514,243,248,2121.72,-356.28,107.0,5.84,2121.68,-355.58,0.7011419257183107,matched,1
B1,before_annealing,20260515-160114,248,248,2121.68,-355.58,125.0,6.31,2121.68,-355.58,0.0,reference,1
B1,annealing_75_5,20260522-153514,242,249,2343.51,-354.4,72.0,4.79,2342.55,-353.94,1.064518670573725,matched,1
B1,before_annealing,20260515-160114,249,249,2342.55,-353.94,87.0,5.26,2342.55,-353.94,0.0,reference,1
B1,annealing_100_5,20260612-110336,226,250,2009.88,-384.99,141.0,6.7,2011.77,-381.85,3.6649283758348448,matched,1
B1,annealing_75_25,20260601-225211,243,250,2014.38,-375.38,140.0,6.68,2011.77,-381.85,6.976603758276732,matched,1
B1,annealing_75_5,20260522-153514,244,250,2012.61,-381.6,145.0,6.79,2011.77,-381.85,0.876413144584141,matched,1
B1,before_annealing,20260515-160114,250,250,2011.77,-381.85,133.0,6.51,2011.77,-381.85,0.0,reference,1
B1,annealing_100_5,20260612-110336,227,251,1854.59,-385.03,81.0,5.08,1857.87,-380.8,5.352690912055309,matched,1
B1,annealing_75_25,20260601-225211,242,251,1859.33,-373.24,60.0,4.37,1857.87,-380.8,7.69968830537965,matched,1
B1,before_annealing,20260515-160114,251,251,1857.87,-380.8,47.0,3.87,1857.87,-380.8,0.0,reference,1
B1,annealing_100_25,20260629-082957,208,252,2277.59,-392.31,275.0,9.36,2279.21,-390.2,2.6601691675530157,matched,1
B1,annealing_100_5,20260612-110336,228,252,2276.85,-392.26,330.0,10.25,2279.21,-390.2,3.1326027517067354,matched,1
B1,annealing_125_25,20260901-102349,152,252,2275.89,-393.16,65.0,4.55,2279.21,-390.2,4.447920862605505,matched,1
B1,annealing_125_5,20260724-111942,183,252,2279.37,-389.78,402.0,11.31,2279.21,-390.2,0.4494441010848477,matched,1
B1,annealing_150_25,20260918-095250,103,252,2279.86,-390.01,139.0,6.65,2279.21,-390.2,0.6772001181335672,matched,1
B1,annealing_150_5,20260911-101035,133,252,2278.66,-391.02,81.0,5.08,2279.21,-390.2,0.987370244639866,matched,1
B1,annealing_75_25,20260601-225211,245,252,2281.51,-385.12,361.0,10.72,2279.21,-390.2,5.576414618731347,matched,1
B1,annealing_75_5,20260522-153514,245,252,2279.86,-389.8,289.0,9.59,2279.21,-390.2,0.763216876123753,matched,1
B1,before_annealing,20260515-160114,252,252,2279.21,-390.2,332.0,10.28,2279.21,-390.2,0.0,reference,1
B1,annealing_75_5,20260522-153514,248,253,761.8,-392.79,192.0,7.82,760.93,-391.87,1.2662148316932784,matched,1
B1,before_annealing,20260515-160114,253,253,760.93,-391.87,168.0,7.31,760.93,-391.87,0.0,reference,1
B1,annealing_100_25,20260629-082957,209,254,1927.22,-394.23,216.0,8.29,1928.96,-391.05,3.624913792078382,matched,1
B1,annealing_100_5,20260612-110336,229,254,1926.09,-395.87,86.0,5.23,1928.96,-391.05,5.6097504400820375,matched,1
B1,annealing_125_5,20260724-111942,184,254,1928.9,-390.94,199.0,7.96,1928.96,-391.05,0.12529964086140252,matched,1
B1,annealing_75_25,20260601-225211,247,254,1931.01,-384.52,173.0,7.42,1928.96,-391.05,6.844223842043757,matched,1
B1,annealing_75_5,20260522-153514,246,254,1929.17,-391.66,172.0,7.4,1928.96,-391.05,0.6451356446515972,matched,1
B1,before_annealing,20260515-160114,254,254,1928.96,-391.05,126.0,6.33,1928.96,-391.05,0.0,reference,1
B1,annealing_100_25,20260629-082957,210,255,1238.35,-394.71,72.0,4.79,1239.79,-390.05,4.8774173493766,matched,1
B1,annealing_100_5,20260612-110336,230,255,1237.55,-396.33,67.0,4.62,1239.79,-390.05,6.6675332770072995,matched,1
B1,annealing_125_5,20260724-111942,185,255,1238.59,-390.03,61.0,4.41,1239.79,-390.05,1.200166655094246,matched,1
B1,annealing_75_5,20260522-153514,247,255,1240.38,-388.83,64.0,4.51,1239.79,-390.05,1.3551752654178124,matched,1
B1,before_annealing,20260515-160114,255,255,1239.79,-390.05,93.0,5.44,1239.79,-390.05,0.0,reference,1
B1,annealing_100_25,20260629-082957,211,256,909.87,-419.71,1340.0,20.65,911.15,-413.94,5.910270721379836,matched,1
B1,annealing_100_5,20260612-110336,231,256,908.76,-421.73,866.0,16.6,911.15,-413.94,8.148386343319778,matched,1
B1,annealing_125_5,20260724-111942,186,256,911.55,-413.96,464.0,12.15,911.15,-413.94,0.4004996878899921,matched,1
B1,annealing_150_25,20260918-095250,104,256,912.07,-417.48,145.0,6.79,911.15,-413.94,3.6575948381416277,matched,2
B1,annealing_150_5,20260911-101035,136,256,911.05,-418.47,179.0,7.55,911.15,-413.94,4.531103618325261,matched,2
B1,annealing_75_5,20260522-153514,249,256,911.85,-414.15,1018.0,18.0,911.15,-413.94,0.7308214556237762,matched,1
B1,before_annealing,20260515-160114,256,256,911.15,-413.94,1137.0,19.02,911.15,-413.94,0.0,reference,1
B1,annealing_100_25,20260629-082957,212,257,1840.54,-413.23,371.0,10.87,1842.62,-409.45,4.314487223297795,matched,1
B1,annealing_100_5,20260612-110336,233,257,1840.59,-413.48,433.0,11.74,1842.62,-409.45,4.512405123656356,matched,1
B1,annealing_125_25,20260901-102349,154,257,1838.94,-416.0,211.0,8.2,1842.62,-409.45,7.512982097675925,matched,1
B1,annealing_125_5,20260724-111942,187,257,1842.14,-409.37,186.0,7.69,1842.62,-409.45,0.48662100242364864,matched,1
B1,annealing_150_5,20260911-101035,134,257,1840.91,-413.68,77.0,4.95,1842.62,-409.45,4.562565068029112,matched,1
B1,annealing_75_25,20260601-225211,250,257,1846.8,-402.08,527.0,12.95,1842.62,-409.45,8.472856661126789,matched,1
B1,annealing_75_5,20260522-153514,250,257,1843.22,-409.55,469.0,12.22,1842.62,-409.45,0.6082762530299602,matched,1
B1,before_annealing,20260515-160114,257,257,1842.62,-409.45,486.0,12.44,1842.62,-409.45,0.0,reference,1
B1,annealing_75_5,20260522-153514,483,258,411.6,-408.5,312.0,9.97,410.81,-407.39,1.3624243098242421,matched,1
B1,before_annealing,20260515-160114,258,258,410.81,-407.39,117.0,6.1,410.81,-407.39,0.0,reference,1
B1,annealing_100_25,20260629-082957,213,259,2273.6,-417.82,136.0,6.58,2275.52,-415.16,3.280548734586961,matched,1
B1,annealing_100_5,20260612-110336,235,259,2273.02,-418.44,134.0,6.53,2275.52,-415.16,4.124124149440681,matched,1
B1,annealing_125_25,20260901-102349,153,259,2272.01,-418.09,313.0,9.98,2275.52,-415.16,4.572198595861519,matched,1
B1,annealing_125_5,20260724-111942,189,259,2275.88,-414.89,87.0,5.26,2275.52,-415.16,0.4500000000001251,matched,1
B1,annealing_150_25,20260918-095250,105,259,2275.17,-416.23,87.0,5.26,2275.52,-415.16,1.1257886124845649,matched,1
B1,annealing_150_5,20260911-101035,135,259,2274.57,-417.33,126.0,6.33,2275.52,-415.16,2.3688393782608976,matched,1
B1,annealing_75_25,20260601-225211,251,259,2277.46,-410.3,160.0,7.14,2275.52,-415.16,5.2328959477521,matched,1
B1,annealing_75_5,20260522-153514,251,259,2275.76,-415.09,155.0,7.02,2275.52,-415.16,0.25000000000024103,matched,1
B1,before_annealing,20260515-160114,259,259,2275.52,-415.16,169.0,7.33,2275.52,-415.16,0.0,reference,1
B1,before_annealing,20260515-160114,260,260,1067.81,-415.73,53.0,4.11,1067.81,-415.73,0.0,reference,1
B1,annealing_100_25,20260629-082957,214,261,1907.14,-423.92,327.0,10.2,1908.8,-420.57,3.7387297308042564,matched,1
B1,annealing_100_5,20260612-110336,236,261,1906.33,-424.4,262.0,9.13,1908.8,-420.57,4.557389603709564,matched,1
B1,annealing_125_25,20260901-102349,156,261,1905.31,-426.25,192.0,7.82,1908.8,-420.57,6.666520831738257,matched,1
B1,annealing_125_5,20260724-111942,188,261,1908.74,-420.17,233.0,8.61,1908.8,-420.57,0.4044749683231031,matched,1
B1,annealing_150_25,20260918-095250,106,261,1909.18,-421.71,129.0,6.41,1908.8,-420.57,1.2016655108640057,matched,1
B1,annealing_150_5,20260911-101035,137,261,1907.88,-423.02,150.0,6.91,1908.8,-420.57,2.617040313025319,matched,1
B1,annealing_75_25,20260601-225211,252,261,1911.26,-413.81,256.0,9.03,1908.8,-420.57,7.1936916809104385,matched,1
B1,annealing_75_5,20260522-153514,252,261,1909.09,-420.83,186.0,7.69,1908.8,-420.57,0.3894868418829758,matched,1
B1,before_annealing,20260515-160114,261,261,1908.8,-420.57,201.0,8.0,1908.8,-420.57,0.0,reference,1
B1,annealing_100_25,20260629-082957,219,262,1065.48,-448.52,408.0,11.4,1067.02,-443.39,5.356164672599213,matched,1
B1,annealing_100_5,20260612-110336,239,262,1064.54,-450.54,694.0,14.86,1067.02,-443.39,7.567886098508657,matched,1
B1,annealing_125_5,20260724-111942,190,262,1067.06,-443.28,536.0,13.06,1067.02,-443.39,0.11704699910719664,matched,1
B1,annealing_150_25,20260918-095250,108,262,1067.67,-446.1,171.0,7.38,1067.02,-443.39,2.7868620346189217,matched,2
B1,annealing_150_5,20260911-101035,139,262,1066.01,-447.56,393.0,11.18,1067.02,-443.39,4.29057105756333,matched,2
B1,annealing_75_5,20260522-153514,254,262,1067.61,-443.53,743.0,15.38,1067.02,-443.39,0.6063827174317384,matched,1
B1,before_annealing,20260515-160114,262,262,1067.02,-443.39,1381.0,20.97,1067.02,-443.39,0.0,reference,1
B1,annealing_100_5,20260612-110336,237,263,1207.76,-440.88,382.0,11.03,1209.92,-434.04,7.17294918426166,matched,1
B1,annealing_75_5,20260522-153514,253,263,1210.53,-434.36,301.0,9.79,1209.92,-434.04,0.6888396039716892,matched,1
B1,before_annealing,20260515-160114,263,263,1209.92,-434.04,277.0,9.39,1209.92,-434.04,0.0,reference,1
B1,annealing_100_25,20260629-082957,216,264,1799.04,-440.58,188.0,7.74,1801.28,-436.54,4.6194371951569755,matched,1
B1,annealing_100_5,20260612-110336,240,264,1797.47,-440.84,97.0,5.56,1801.28,-436.54,5.745093558855173,matched,1
B1,annealing_125_25,20260901-102349,158,264,1795.75,-443.92,39.0,3.52,1801.28,-436.54,9.222000867490722,matched,1
B1,annealing_125_5,20260724-111942,194,264,1802.12,-435.84,37.0,3.43,1801.28,-436.54,1.0934349546268978,matched,1
B1,annealing_150_5,20260911-101035,138,264,1800.41,-439.01,82.0,5.11,1801.28,-436.54,2.6187401551126954,matched,1
B1,annealing_75_25,20260601-225211,258,264,1802.99,-429.65,208.0,8.14,1801.28,-436.54,7.099028102494081,matched,1
B1,annealing_75_5,20260522-153514,255,264,1801.03,-436.94,199.0,7.96,1801.28,-436.54,0.4716990566028109,matched,1
B1,before_annealing,20260515-160114,264,264,1801.28,-436.54,119.0,6.15,1801.28,-436.54,0.0,reference,1
B1,annealing_100_25,20260629-082957,217,265,2268.35,-439.38,108.0,5.86,2269.8,-436.8,2.9595438837768073,matched,1
B1,annealing_100_5,20260612-110336,238,265,2266.61,-438.95,107.0,5.84,2269.8,-436.8,3.846894851695358,matched,1
B1,annealing_125_25,20260901-102349,157,265,2266.42,-439.41,76.0,4.92,2269.8,-436.8,4.270421524861546,matched,1
B1,annealing_125_5,20260724-111942,191,265,2269.47,-436.62,94.0,5.47,2269.8,-436.8,0.3758989225845886,matched,1
B1,annealing_75_25,20260601-225211,259,265,2271.28,-431.87,126.0,6.33,2269.8,-436.8,5.147358545895178,matched,1
B1,annealing_75_5,20260522-153514,256,265,2270.46,-436.59,143.0,6.75,2269.8,-436.8,0.6926037828367841,matched,1
B1,before_annealing,20260515-160114,265,265,2269.8,-436.8,161.0,7.16,2269.8,-436.8,0.0,reference,1
B1,annealing_125_5,20260724-111942,192,266,496.23,-444.66,352.0,10.59,496.06,-444.15,0.5375872022286748,matched,2
B1,annealing_150_25,20260918-095250,109,266,496.36,-448.19,156.0,7.05,496.06,-444.15,4.05112330101173,matched,2
B1,annealing_75_5,20260522-153514,257,266,496.49,-444.57,459.0,12.09,496.06,-444.15,0.6010823570859648,matched,1
B1,before_annealing,20260515-160114,266,266,496.06,-444.15,448.0,11.94,496.06,-444.15,0.0,reference,1
B1,annealing_100_25,20260629-082957,218,267,967.95,-443.86,114.0,6.02,968.92,-438.06,5.880552695112931,matched,1
B1,annealing_100_5,20260612-110336,241,267,966.49,-446.27,126.0,6.33,968.92,-438.06,8.56206750732552,matched,1
B1,annealing_125_5,20260724-111942,193,267,969.22,-438.79,104.0,5.75,968.92,-438.06,0.7892401408950684,matched,1
B1,annealing_150_25,20260918-095250,107,267,969.59,-440.04,45.0,3.78,968.92,-438.06,2.0902870616257876,matched,1
B1,annealing_75_5,20260522-153514,258,267,969.72,-438.6,106.0,5.81,968.92,-438.06,0.9651942809611603,matched,1
B1,before_annealing,20260515-160114,267,267,968.92,-438.06,116.0,6.08,968.92,-438.06,0.0,reference,1
B1,annealing_100_25,20260629-082957,221,268,2016.16,-473.57,121.0,6.21,2017.51,-470.66,3.207896507058725,matched,1
B1,annealing_100_5,20260612-110336,243,268,2015.55,-474.12,164.0,7.23,2017.51,-470.66,3.976581446418519,matched,1
B1,annealing_125_5,20260724-111942,195,268,2018.19,-471.06,86.0,5.23,2017.51,-470.66,0.7889233169326841,matched,1
B1,annealing_75_25,20260601-225211,260,268,2019.45,-464.41,127.0,6.36,2017.51,-470.66,6.544165340209568,matched,1
B1,annealing_75_5,20260522-153514,259,268,2018.32,-470.08,149.0,6.89,2017.51,-470.66,0.9962429422585433,matched,1
B1,before_annealing,20260515-160114,268,268,2017.51,-470.66,168.0,7.31,2017.51,-470.66,0.0,reference,1
B1,annealing_100_25,20260629-082957,223,269,2091.67,-483.96,387.0,11.1,2093.16,-481.11,3.2159912935204216,matched,1
B1,annealing_100_5,20260612-110336,245,269,2091.06,-484.22,304.0,9.84,2093.16,-481.11,3.752612423365848,matched,1
B1,annealing_125_25,20260901-102349,163,269,2090.29,-485.03,195.0,7.88,2093.16,-481.11,4.85832275584888,matched,1
B1,annealing_125_5,20260724-111942,197,269,2093.4,-480.9,277.0,9.39,2093.16,-481.11,0.3189043743822414,matched,1
B1,annealing_150_25,20260918-095250,111,269,2094.14,-481.93,174.0,7.44,2093.16,-481.11,1.2778106275970726,matched,1
B1,annealing_150_5,20260911-101035,142,269,2092.38,-483.3,114.0,6.02,2093.16,-481.11,2.324758051927037,matched,1
B1,annealing_75_25,20260601-225211,262,269,2094.94,-475.48,303.0,9.82,2093.16,-481.11,5.904684580906982,matched,1
B1,annealing_75_5,20260522-153514,260,269,2093.84,-480.96,546.0,13.18,2093.16,-481.11,0.696347614342439,matched,1
B1,before_annealing,20260515-160114,269,269,2093.16,-481.11,523.0,12.9,2093.16,-481.11,0.0,reference,1
B1,annealing_100_25,20260629-082957,224,270,1646.72,-482.01,160.0,7.14,1647.95,-478.06,4.137076262289584,matched,1
B1,before_annealing,20260515-160114,270,270,1647.95,-478.06,216.0,8.29,1647.95,-478.06,0.0,reference,1
B1,annealing_100_25,20260629-082957,222,271,2689.5,-477.15,187.0,7.72,2690.75,-475.63,1.96796849568278,matched,1
B1,annealing_100_5,20260612-110336,244,271,2689.37,-475.91,130.0,6.43,2690.75,-475.63,1.4081193131266674,matched,1
B1,annealing_125_25,20260901-102349,162,271,2688.33,-475.64,96.0,5.53,2690.75,-475.63,2.4200206610688992,matched,1
B1,annealing_125_5,20260724-111942,196,271,2691.0,-475.15,117.0,6.1,2690.75,-475.63,0.5412023651094084,matched,1
B1,annealing_150_25,20260918-095250,110,271,2691.57,-475.17,51.0,4.03,2690.75,-475.63,0.9402127418835854,matched,1
B1,annealing_150_5,20260911-101035,141,271,2689.64,-476.43,46.0,3.83,2690.75,-475.63,1.368247053715191,matched,1
B1,annealing_75_25,20260601-225211,263,271,2692.95,-473.18,132.0,6.48,2690.75,-475.63,3.2927951652052614,matched,1
B1,annealing_75_5,20260522-153514,261,271,2691.84,-475.29,139.0,6.65,2690.75,-475.63,1.1417968295630796,matched,1
B1,before_annealing,20260515-160114,271,271,2690.75,-475.63,125.0,6.31,2690.75,-475.63,0.0,reference,1
B1,annealing_100_25,20260629-082957,225,272,1389.18,-484.39,36.0,3.39,1391.26,-478.78,5.983184770671874,matched,1
B1,annealing_100_5,20260612-110336,246,272,1389.09,-485.9,51.0,4.03,1391.26,-478.78,7.443339304371418,matched,1
B1,annealing_150_5,20260911-101035,143,272,1392.01,-481.78,37.0,3.43,1391.26,-478.78,3.092329219213245,matched,1
B1,annealing_75_25,20260601-225211,261,272,1393.34,-469.46,53.0,4.11,1391.26,-478.78,9.54928269557455,matched,1
B1,annealing_75_5,20260522-153514,262,272,1391.59,-478.84,104.0,5.75,1391.26,-478.78,0.3354101966248973,matched,1
B1,before_annealing,20260515-160114,272,272,1391.26,-478.78,136.0,6.58,1391.26,-478.78,0.0,reference,1
B1,before_annealing,20260515-160114,273,273,612.5,-491.09,117.0,6.1,612.5,-491.09,0.0,reference,1
B1,annealing_100_25,20260629-082957,226,274,797.03,-497.94,169.0,7.33,798.09,-491.6,6.428001244554936,matched,1
B1,annealing_100_5,20260612-110336,247,274,795.9,-500.11,235.0,8.65,798.09,-491.6,8.787274890431053,matched,1
B1,annealing_125_5,20260724-111942,198,274,798.36,-491.53,205.0,8.08,798.09,-491.6,0.278926513619622,matched,1
B1,annealing_150_25,20260918-095250,112,274,798.62,-495.05,140.0,6.68,798.09,-491.6,3.4904727473509793,matched,1
B1,annealing_150_5,20260911-101035,144,274,796.71,-496.01,62.0,4.44,798.09,-491.6,4.620876540224777,matched,2
B1,annealing_75_5,20260522-153514,263,274,799.03,-491.98,235.0,8.65,798.09,-491.6,1.0139033484508695,matched,1
B1,before_annealing,20260515-160114,274,274,798.09,-491.6,229.0,8.54,798.09,-491.6,0.0,reference,1
B1,annealing_75_5,20260522-153514,264,275,2043.38,-497.31,335.0,10.33,2042.99,-497.46,0.4178516483156088,matched,1
B1,before_annealing,20260515-160114,275,275,2042.99,-497.46,414.0,11.48,2042.99,-497.46,0.0,reference,1
B1,annealing_100_5,20260612-110336,248,276,2073.54,-499.22,105.0,5.78,2076.85,-495.74,4.802759623383182,matched,1
B1,annealing_75_5,20260522-153514,266,276,2074.68,-495.59,59.0,4.33,2076.85,-495.74,2.175178153623359,matched,1
B1,before_annealing,20260515-160114,276,276,2076.85,-495.74,81.0,5.08,2076.85,-495.74,0.0,reference,1
B1,annealing_100_25,20260629-082957,227,277,1088.18,-497.07,75.0,4.89,1088.73,-492.36,4.742003795865178,matched,1
B1,annealing_100_5,20260612-110336,249,277,1086.74,-499.76,52.0,4.07,1088.73,-492.36,7.662904149211296,matched,1
B1,annealing_75_5,20260522-153514,265,277,1089.79,-493.05,54.0,4.15,1088.73,-492.36,1.264792473095836,matched,1
B1,before_annealing,20260515-160114,277,277,1088.73,-492.36,45.0,3.78,1088.73,-492.36,0.0,reference,1
B1,annealing_100_25,20260629-082957,228,278,1353.59,-510.02,236.0,8.67,1354.69,-505.29,4.856222812021699,matched,1
B1,annealing_100_5,20260612-110336,250,278,1352.78,-511.13,301.0,9.79,1354.69,-505.29,6.144403958074373,matched,1
B1,annealing_125_25,20260901-102349,165,278,1352.35,-514.38,139.0,6.65,1354.69,-505.29,9.386357120843007,matched,1
B1,annealing_125_5,20260724-111942,199,278,1354.83,-505.13,236.0,8.67,1354.69,-505.29,0.21260291625462796,matched,2
B1,annealing_150_25,20260918-095250,113,278,1355.0,-507.43,135.0,6.56,1354.69,-505.29,2.162336699036463,matched,1
B1,annealing_150_5,20260911-101035,145,278,1354.47,-509.17,180.0,7.57,1354.69,-505.29,3.886232108353794,matched,1
B1,annealing_75_5,20260522-153514,267,278,1355.34,-505.44,298.0,9.74,1354.69,-505.29,0.6670832032061786,matched,1
B1,before_annealing,20260515-160114,278,278,1354.69,-505.29,327.0,10.2,1354.69,-505.29,0.0,reference,1
B1,annealing_100_25,20260629-082957,229,279,2270.54,-520.44,104.0,5.75,2272.41,-518.71,2.5475085868353133,matched,1
B1,annealing_100_5,20260612-110336,251,279,2270.66,-520.89,111.0,5.94,2272.41,-518.71,2.795514263959278,matched,1
B1,annealing_125_5,20260724-111942,200,279,2272.44,-518.2,68.0,4.65,2272.41,-518.71,0.5108815909777947,matched,1
B1,annealing_150_25,20260918-095250,114,279,2272.75,-518.67,42.0,3.66,2272.41,-518.71,0.3423448553726274,matched,1
B1,annealing_75_25,20260601-225211,268,279,2273.66,-513.5,124.0,6.28,2272.41,-518.71,5.357854048030832,matched,1
B1,annealing_75_5,20260522-153514,268,279,2273.17,-517.77,99.0,5.61,2272.41,-518.71,1.2088010589011058,matched,1
B1,before_annealing,20260515-160114,279,279,2272.41,-518.71,93.0,5.44,2272.41,-518.71,0.0,reference,1
B1,annealing_100_25,20260629-082957,231,280,596.89,-535.19,287.0,9.56,597.82,-528.35,6.9029341587473185,matched,1
B1,annealing_100_5,20260612-110336,253,280,595.79,-537.87,366.0,10.79,597.82,-528.35,9.734027943251448,matched,1
B1,annealing_125_5,20260724-111942,201,280,597.99,-528.76,292.0,9.64,597.82,-528.35,0.44384682042339785,matched,1
B1,annealing_150_25,20260918-095250,116,280,598.94,-532.59,97.0,5.56,597.82,-528.35,4.385430423573048,matched,1
B1,annealing_150_5,20260911-101035,147,280,597.31,-534.02,162.0,7.18,597.82,-528.35,5.692890302825063,matched,2
B1,annealing_75_5,20260522-153514,269,280,598.38,-528.85,424.0,11.62,597.82,-528.35,0.7507329751648977,matched,1
B1,before_annealing,20260515-160114,280,280,597.82,-528.35,550.0,13.23,597.82,-528.35,0.0,reference,1
B1,annealing_100_25,20260629-082957,230,281,2019.45,-532.45,143.0,6.75,2020.79,-529.54,3.203700984798715,matched,1
B1,annealing_100_5,20260612-110336,252,281,2018.98,-533.28,136.0,6.58,2020.79,-529.54,4.154960890309303,matched,1
B1,annealing_125_5,20260724-111942,202,281,2021.38,-528.96,66.0,4.58,2020.79,-529.54,0.8273451516749749,matched,1
B1,annealing_150_25,20260918-095250,115,281,2021.23,-531.22,66.0,4.58,2020.79,-529.54,1.7366634676874682,matched,1
B1,annealing_75_25,20260601-225211,271,281,2022.04,-523.81,130.0,6.43,2020.79,-529.54,5.864759159590461,matched,1
B1,annealing_75_5,20260522-153514,271,281,2021.38,-529.69,141.0,6.7,2020.79,-529.54,0.6087692502091404,matched,1
B1,before_annealing,20260515-160114,281,281,2020.79,-529.54,138.0,6.63,2020.79,-529.54,0.0,reference,1
B1,annealing_100_25,20260629-082957,232,282,722.7,-538.29,107.0,5.84,724.05,-531.15,7.2665053498913466,matched,1
B1,annealing_100_5,20260612-110336,254,282,722.1,-540.61,156.0,7.05,724.05,-531.15,9.658887099454079,matched,1
B1,annealing_125_5,20260724-111942,203,282,724.19,-531.61,65.0,4.55,724.05,-531.15,0.4808326112069162,matched,1
B1,annealing_75_5,20260522-153514,270,282,724.41,-531.48,174.0,7.44,724.05,-531.15,0.48836461788302893,matched,1
B1,before_annealing,20260515-160114,282,282,724.05,-531.15,167.0,7.29,724.05,-531.15,0.0,reference,1
B1,before_annealing,20260515-160114,283,283,1069.01,-529.77,83.0,5.14,1069.01,-529.77,0.0,reference,1
B1,annealing_100_25,20260629-082957,234,284,1230.36,-542.02,141.0,6.7,1231.49,-537.22,4.931216888355228,matched,1
B1,annealing_100_5,20260612-110336,255,284,1229.93,-543.58,178.0,7.53,1231.49,-537.22,6.548526551828282,matched,1
B1,annealing_125_5,20260724-111942,204,284,1231.97,-537.05,154.0,7.0,1231.49,-537.22,0.509215082259002,matched,1
B1,annealing_150_25,20260918-095250,118,284,1232.39,-540.05,172.0,7.4,1231.49,-537.22,2.9696632805757206,matched,2
B1,annealing_150_5,20260911-101035,148,284,1231.2,-541.06,176.0,7.48,1231.49,-537.22,3.850934951411066,matched,2
B1,annealing_75_5,20260522-153514,272,284,1231.62,-537.64,147.0,6.84,1231.49,-537.22,0.43965895873953814,matched,1
B1,before_annealing,20260515-160114,284,284,1231.49,-537.22,153.0,6.98,1231.49,-537.22,0.0,reference,1
B1,annealing_100_25,20260629-082957,233,285,1729.78,-538.99,47.0,3.87,1731.02,-534.92,4.254703279901012,matched,1
B1,annealing_100_5,20260612-110336,256,285,1727.78,-539.95,65.0,4.55,1731.02,-534.92,5.983184770671964,matched,1
B1,annealing_125_25,20260901-102349,167,285,1727.07,-540.88,61.0,4.41,1731.02,-534.92,7.150111887236506,matched,1
B1,annealing_125_5,20260724-111942,205,285,1729.66,-535.54,51.0,4.03,1731.02,-534.92,1.4946571513225813,matched,1
B1,annealing_150_25,20260918-095250,117,285,1730.26,-535.11,56.0,4.22,1731.02,-534.92,0.78339006886736,matched,1
B1,annealing_150_5,20260911-101035,149,285,1729.81,-538.02,57.0,4.26,1731.02,-534.92,3.3277770358003598,matched,1
B1,annealing_75_25,20260601-225211,273,285,1732.47,-525.77,59.0,4.33,1731.02,-534.92,9.264178322981467,matched,1
B1,annealing_75_5,20260522-153514,273,285,1731.21,-535.01,53.0,4.11,1731.02,-534.92,0.21023796041634932,matched,1
B1,before_annealing,20260515-160114,285,285,1731.02,-534.92,65.0,4.55,1731.02,-534.92,0.0,reference,1
B1,annealing_125_5,20260724-111942,206,286,432.9,-551.38,113.0,6.0,431.65,-550.56,1.4949581933954146,matched,1
B1,annealing_75_5,20260522-153514,274,286,432.52,-551.45,169.0,7.33,431.65,-550.56,1.2445882853378405,matched,1
B1,before_annealing,20260515-160114,286,286,431.65,-550.56,199.0,7.96,431.65,-550.56,0.0,reference,1
B1,annealing_100_25,20260629-082957,235,287,1062.82,-556.68,80.0,5.05,1063.86,-551.43,5.352018310880478,matched,1
B1,annealing_100_5,20260612-110336,257,287,1061.84,-559.07,90.0,5.35,1063.86,-551.43,7.902531240052231,matched,1
B1,annealing_125_5,20260724-111942,207,287,1064.85,-551.86,88.0,5.29,1063.86,-551.43,1.0793516572461788,matched,1
B1,annealing_150_25,20260918-095250,120,287,1064.85,-553.72,61.0,4.41,1063.86,-551.43,2.494834663860588,matched,2
B1,annealing_150_5,20260911-101035,150,287,1063.57,-556.16,80.0,5.05,1063.86,-551.43,4.738881724626618,matched,2
B1,annealing_75_5,20260522-153514,275,287,1064.58,-551.85,84.0,5.17,1063.86,-551.43,0.8335466393670485,matched,1
B1,before_annealing,20260515-160114,287,287,1063.86,-551.43,109.0,5.89,1063.86,-551.43,0.0,reference,1
B1,annealing_100_25,20260629-082957,237,288,1026.29,-565.68,148.0,6.86,1027.36,-560.65,5.142548006581912,matched,1
B1,annealing_100_5,20260612-110336,259,288,1025.07,-567.57,210.0,8.18,1027.36,-560.65,7.289067155679171,matched,1
B1,annealing_125_5,20260724-111942,208,288,1026.72,-561.39,114.0,6.02,1027.36,-560.65,0.9783659846907242,matched,1
B1,annealing_150_25,20260918-095250,121,288,1027.36,-564.77,101.0,5.67,1027.36,-560.65,4.1200000000000045,matched,2
B1,annealing_150_5,20260911-101035,151,288,1025.76,-566.0,124.0,6.28,1027.36,-560.65,5.584129296497347,matched,2
B1,annealing_75_5,20260522-153514,276,288,1027.68,-560.82,265.0,9.18,1027.36,-560.65,0.3623534186400475,matched,1
B1,before_annealing,20260515-160114,288,288,1027.36,-560.65,219.0,8.35,1027.36,-560.65,0.0,reference,1
B1,annealing_100_25,20260629-082957,238,289,910.51,-581.99,225.0,8.46,911.67,-576.02,6.081652735893448,matched,1
B1,annealing_100_5,20260612-110336,260,289,909.63,-584.09,235.0,8.65,911.67,-576.02,8.32385127209759,matched,1
B1,annealing_125_5,20260724-111942,209,289,911.8,-576.43,163.0,7.2,911.67,-576.02,0.4301162633520996,matched,1
B1,annealing_150_25,20260918-095250,122,289,912.75,-579.72,103.0,5.73,911.67,-576.02,3.854400083022055,matched,2
B1,annealing_150_5,20260911-101035,152,289,910.06,-580.0,120.0,6.18,911.67,-576.02,4.293308747341634,matched,2
B1,annealing_75_5,20260522-153514,277,289,912.31,-576.21,256.0,9.03,911.67,-576.02,0.6676076692189832,matched,1
B1,before_annealing,20260515-160114,289,289,911.67,-576.02,237.0,8.69,911.67,-576.02,0.0,reference,1
B1,annealing_100_25,20260629-082957,239,290,1291.73,-590.9,241.0,8.76,1292.74,-586.0,5.003009094534984,matched,1
B1,annealing_100_5,20260612-110336,261,290,1290.95,-592.77,388.0,11.11,1292.74,-586.0,7.002642358424398,matched,1
B1,annealing_125_5,20260724-111942,210,290,1292.9,-586.21,235.0,8.65,1292.74,-586.0,0.26400757564896027,matched,1
B1,annealing_150_25,20260918-095250,123,290,1293.08,-588.53,181.0,7.59,1292.74,-586.0,2.5527436220662283,matched,2
B1,annealing_150_5,20260911-101035,153,290,1292.01,-590.04,199.0,7.96,1292.74,-586.0,4.105423242492756,matched,2
B1,annealing_75_5,20260522-153514,280,290,1293.22,-586.77,519.0,12.85,1292.74,-586.0,0.9073588044428673,matched,1
B1,before_annealing,20260515-160114,290,290,1292.74,-586.0,726.0,15.2,1292.74,-586.0,0.0,reference,1
B1,annealing_125_5,20260724-111942,211,291,402.67,-594.21,203.0,8.04,402.68,-593.4,0.8100617260432045,matched,2
B1,annealing_75_5,20260522-153514,278,291,403.42,-593.78,993.0,17.78,402.68,-593.4,0.8318653737234228,matched,1
B1,before_annealing,20260515-160114,291,291,402.68,-593.4,703.0,14.96,402.68,-593.4,0.0,reference,1
B1,annealing_75_25,20260601-225211,283,292,2657.2,-578.73,83.0,5.14,2655.52,-581.33,3.095545186231267,matched,1
B1,annealing_75_5,20260522-153514,279,292,2656.86,-580.89,92.0,5.41,2655.52,-581.33,1.410390016981274,matched,1
B1,before_annealing,20260515-160114,292,292,2655.52,-581.33,45.0,3.78,2655.52,-581.33,0.0,reference,1
B1,annealing_100_25,20260629-082957,240,293,2566.67,-602.78,827.0,16.22,2567.93,-601.03,2.1564090521047725,matched,1
B1,annealing_100_5,20260612-110336,262,293,2566.35,-602.18,1004.0,17.88,2567.93,-601.03,1.9542006038274877,matched,1
B1,annealing_125_25,20260901-102349,176,293,2565.9,-601.89,692.0,14.84,2567.93,-601.03,2.2046541678909617,matched,1
B1,annealing_125_5,20260724-111942,212,293,2568.1,-600.74,631.0,14.17,2567.93,-601.03,0.33615472627943765,matched,1
B1,annealing_150_25,20260918-095250,125,293,2569.0,-600.75,303.0,9.82,2567.93,-601.03,1.106028932713939,matched,1
B1,annealing_150_5,20260911-101035,154,293,2567.5,-602.08,344.0,10.46,2567.93,-601.03,1.1346365056704295,matched,1
B1,annealing_75_25,20260601-225211,284,293,2568.87,-598.02,1066.0,18.42,2567.93,-601.03,3.1533632838605907,matched,1
B1,annealing_75_5,20260522-153514,282,293,2568.58,-600.81,1025.0,18.06,2567.93,-601.03,0.6862215385720054,matched,1
B1,before_annealing,20260515-160114,293,293,2567.93,-601.03,1026.0,18.07,2567.93,-601.03,0.0,reference,1
B1,annealing_100_5,20260612-110336,263,294,1669.77,-590.05,133.0,6.51,1671.2,-585.2,5.056421659632363,matched,1
B1,annealing_75_25,20260601-225211,282,294,1672.73,-576.8,122.0,6.23,1671.2,-585.2,8.53820238691971,matched,1
B1,annealing_75_5,20260522-153514,281,294,1671.99,-584.82,125.0,6.31,1671.2,-585.2,0.8766413177576899,matched,1
B1,before_annealing,20260515-160114,294,294,1671.2,-585.2,144.0,6.77,1671.2,-585.2,0.0,reference,1
B1,annealing_100_25,20260629-082957,243,295,2273.44,-594.62,51.0,4.03,2274.78,-591.74,3.1764760348537755,matched,1
B1,annealing_100_5,20260612-110336,264,295,2272.9,-593.82,150.0,6.91,2274.78,-591.74,2.8037118254201125,matched,1
B1,annealing_125_5,20260724-111942,213,295,2275.37,-591.51,62.0,4.44,2274.78,-591.74,0.633245607959221,matched,1
B1,annealing_75_25,20260601-225211,285,295,2275.69,-586.92,182.0,7.61,2274.78,-591.74,4.905150354474388,matched,1
B1,annealing_75_5,20260522-153514,283,295,2275.01,-591.65,201.0,8.0,2274.78,-591.74,0.24698178070459792,matched,1
B1,before_annealing,20260515-160114,295,295,2274.78,-591.74,205.0,8.08,2274.78,-591.74,0.0,reference,1
B1,annealing_125_5,20260724-111942,214,296,441.84,-594.51,74.0,4.85,440.81,-593.95,1.1723907198540438,matched,2
B1,annealing_75_5,20260522-153514,286,296,441.4,-594.51,225.0,8.46,440.81,-593.95,0.8134494452637542,matched,1
B1,before_annealing,20260515-160114,296,296,440.81,-593.95,212.0,8.21,440.81,-593.95,0.0,reference,1
B1,annealing_100_25,20260629-082957,241,297,2449.72,-595.45,94.0,5.47,2451.4,-594.1,2.1552030066796584,matched,1
B1,annealing_100_5,20260612-110336,265,297,2448.85,-595.69,94.0,5.47,2451.4,-594.1,3.0050956723540483,matched,1
B1,annealing_125_25,20260901-102349,178,297,2448.9,-595.14,82.0,5.11,2451.4,-594.1,2.7076927447551955,matched,1
B1,annealing_125_5,20260724-111942,215,297,2451.44,-593.36,61.0,4.41,2451.4,-594.1,0.7410802925459633,matched,1
B1,annealing_150_5,20260911-101035,155,297,2450.33,-595.1,36.0,3.39,2451.4,-594.1,1.4645477117527959,matched,1
B1,annealing_75_25,20260601-225211,287,297,2452.21,-590.35,105.0,5.78,2451.4,-594.1,3.8364827641995096,matched,1
B1,annealing_75_5,20260522-153514,285,297,2452.33,-593.4,112.0,5.97,2451.4,-594.1,1.1640017182116869,matched,1
B1,before_annealing,20260515-160114,297,297,2451.4,-594.1,139.0,6.65,2451.4,-594.1,0.0,reference,1
B1,annealing_100_25,20260629-082957,245,298,2061.4,-602.71,66.0,4.58,2062.39,-599.83,3.045406376823878,matched,1
B1,annealing_100_5,20260612-110336,267,298,2060.86,-603.08,106.0,5.81,2062.39,-599.83,3.592130287169331,matched,1
B1,annealing_75_25,20260601-225211,288,298,2063.31,-593.49,109.0,5.89,2062.39,-599.83,6.406403046952365,matched,1
B1,annealing_75_5,20260522-153514,288,298,2062.83,-599.67,99.0,5.61,2062.39,-599.83,0.4681879964288643,matched,1
B1,before_annealing,20260515-160114,298,298,2062.39,-599.83,107.0,5.84,2062.39,-599.83,0.0,reference,1
B1,annealing_100_25,20260629-082957,246,299,2203.05,-620.42,49.0,3.95,2204.41,-618.32,2.501919263285434,matched,1
B1,annealing_100_5,20260612-110336,269,299,2202.66,-621.05,66.0,4.58,2204.41,-618.32,3.242745750132051,matched,1
B1,annealing_75_25,20260601-225211,291,299,2204.64,-613.89,76.0,4.92,2204.41,-618.32,4.4359666364841575,matched,1
B1,annealing_75_5,20260522-153514,289,299,2204.31,-618.61,66.0,4.58,2204.41,-618.32,0.30675723300349533,matched,1
B1,before_annealing,20260515-160114,299,299,2204.41,-618.32,75.0,4.89,2204.41,-618.32,0.0,reference,1
B1,annealing_100_25,20260629-082957,248,300,1036.06,-633.04,241.0,8.76,1036.81,-627.42,5.669823630413918,matched,1
B1,annealing_100_5,20260612-110336,271,300,1035.14,-634.88,300.0,9.77,1036.81,-627.42,7.6446386441741,matched,1
B1,annealing_125_5,20260724-111942,216,300,1037.2,-627.83,216.0,8.29,1036.81,-627.42,0.5658621740319326,matched,1
B1,annealing_150_25,20260918-095250,126,300,1038.48,-630.15,94.0,5.47,1036.81,-627.42,3.2002812376415206,matched,2
B1,annealing_150_5,20260911-101035,158,300,1036.99,-632.68,80.0,5.05,1036.81,-627.42,5.2630789467763,matched,2
B1,annealing_75_5,20260522-153514,290,300,1037.54,-627.93,347.0,10.51,1036.81,-627.42,0.8905054744357371,matched,1
B1,before_annealing,20260515-160114,300,300,1036.81,-627.42,354.0,10.62,1036.81,-627.42,0.0,reference,1
B1,annealing_100_25,20260629-082957,249,301,643.3,-636.88,265.0,9.18,644.03,-630.27,6.650187967268309,matched,1
B1,annealing_100_5,20260612-110336,273,301,642.37,-639.39,437.0,11.79,644.03,-630.27,9.269843580125825,matched,1
B1,annealing_125_5,20260724-111942,217,301,643.99,-630.27,187.0,7.72,644.03,-630.27,0.03999999999996362,matched,1
B1,annealing_150_25,20260918-095250,128,301,645.89,-633.49,38.0,3.48,644.03,-630.27,3.7186018878067904,matched,1
B1,annealing_150_5,20260911-101035,159,301,642.88,-635.7,83.0,5.14,644.03,-630.27,5.550441423886991,matched,2
B1,annealing_75_5,20260522-153514,291,301,644.9,-630.82,436.0,11.78,644.03,-630.27,1.0292715870945253,matched,1
B1,before_annealing,20260515-160114,301,301,644.03,-630.27,354.0,10.62,644.03,-630.27,0.0,reference,1
B1,annealing_100_25,20260629-082957,250,302,2483.92,-633.9,140.0,6.68,2484.91,-632.36,1.8307648674801076,matched,1
B1,annealing_100_5,20260612-110336,272,302,2483.3,-633.71,196.0,7.9,2484.91,-632.36,2.1010949526375544,matched,1
B1,annealing_125_25,20260901-102349,182,302,2483.06,-633.88,152.0,6.96,2484.91,-632.36,2.3943475102832523,matched,1
B1,annealing_125_5,20260724-111942,218,302,2485.01,-631.69,172.0,7.4,2484.91,-632.36,0.6774215821776111,matched,1
B1,annealing_150_25,20260918-095250,127,302,2485.54,-631.75,74.0,4.85,2484.91,-632.36,0.8769264507358381,matched,1
B1,annealing_75_25,20260601-225211,293,302,2485.63,-628.79,175.0,7.46,2484.91,-632.36,3.6418813819234592,matched,1
B1,annealing_75_5,20260522-153514,292,302,2485.44,-632.11,165.0,7.25,2484.91,-632.36,0.5860034129595254,matched,1
B1,before_annealing,20260515-160114,302,302,2484.91,-632.36,187.0,7.72,2484.91,-632.36,0.0,reference,1
B1,annealing_100_5,20260612-110336,274,303,1154.91,-645.14,101.0,5.67,1156.24,-638.59,6.68366665835447,matched,1
B1,annealing_75_5,20260522-153514,293,303,1156.78,-638.68,155.0,7.02,1156.24,-638.59,0.5474486277267905,matched,1
B1,before_annealing,20260515-160114,303,303,1156.24,-638.59,140.0,6.68,1156.24,-638.59,0.0,reference,1
B1,annealing_100_25,20260629-082957,251,304,1655.58,-646.97,175.0,7.46,1656.62,-642.9,4.200773738253505,matched,1
B1,annealing_100_5,20260612-110336,275,304,1655.42,-647.7,189.0,7.76,1656.62,-642.9,4.947726750741214,matched,1
B1,annealing_125_25,20260901-102349,185,304,1655.05,-650.22,152.0,6.96,1656.62,-642.9,7.486474470670459,matched,1
B1,annealing_125_5,20260724-111942,219,304,1656.71,-643.03,174.0,7.44,1656.62,-642.9,0.15811388300849805,matched,1
B1,annealing_150_25,20260918-095250,129,304,1658.21,-644.82,77.0,4.95,1656.62,-642.9,2.492889889265216,matched,1
B1,annealing_150_5,20260911-101035,160,304,1656.07,-646.16,150.0,6.91,1656.62,-642.9,3.3060701746937995,matched,1
B1,annealing_75_25,20260601-225211,294,304,1657.91,-634.74,213.0,8.23,1656.62,-642.9,8.261337664083218,matched,1
B1,annealing_75_5,20260522-153514,294,304,1657.26,-643.14,274.0,9.34,1656.62,-642.9,0.6835202996254993,matched,1
B1,before_annealing,20260515-160114,304,304,1656.62,-642.9,261.0,9.11,1656.62,-642.9,0.0,reference,1
B1,annealing_100_5,20260612-110336,278,305,1356.79,-654.42,186.0,7.69,1358.28,-649.06,5.563245455667058,matched,1
B1,annealing_75_25,20260601-225211,296,305,1358.65,-640.38,127.0,6.36,1358.28,-649.06,8.687882365686084,matched,1
B1,annealing_75_5,20260522-153514,295,305,1357.26,-650.15,121.0,6.21,1358.28,-649.06,1.4928161306738457,matched,1
B1,before_annealing,20260515-160114,305,305,1358.28,-649.06,170.0,7.36,1358.28,-649.06,0.0,reference,1
B1,annealing_100_25,20260629-082957,252,306,2002.8,-649.5,44.0,3.74,2004.28,-646.21,3.6075615032872017,matched,1
B1,annealing_100_5,20260612-110336,277,306,2003.14,-649.6,66.0,4.58,2004.28,-646.21,3.5765486156348576,matched,1
B1,before_annealing,20260515-160114,306,306,2004.28,-646.21,43.0,3.7,2004.28,-646.21,0.0,reference,1
B1,annealing_100_25,20260629-082957,254,307,781.3,-660.22,189.0,7.76,782.1,-653.7,6.568896406551094,matched,1
B1,annealing_100_5,20260612-110336,281,307,780.88,-662.51,309.0,9.92,782.1,-653.7,8.89407105885708,matched,1
B1,annealing_125_5,20260724-111942,220,307,782.02,-654.88,146.0,6.82,782.1,-653.7,1.1827087553577544,matched,1
B1,annealing_75_5,20260522-153514,296,307,782.8,-654.44,314.0,10.0,782.1,-653.7,1.0186265262597072,matched,1
B1,before_annealing,20260515-160114,307,307,782.1,-653.7,242.0,8.78,782.1,-653.7,0.0,reference,1
B1,annealing_100_5,20260612-110336,282,308,1408.38,-662.2,56.0,4.22,1410.96,-656.18,6.54956487104302,matched,1
B1,annealing_75_25,20260601-225211,298,308,1411.1,-646.92,87.0,5.26,1410.96,-656.18,9.26105825486482,matched,1
B1,annealing_75_5,20260522-153514,297,308,1410.25,-656.45,105.0,5.78,1410.96,-656.18,0.7596051605933857,matched,1
B1,before_annealing,20260515-160114,308,308,1410.96,-656.18,167.0,7.29,1410.96,-656.18,0.0,reference,1
B1,annealing_100_25,20260629-082957,255,309,2593.93,-662.13,56.0,4.22,2595.54,-660.12,2.575305807083961,matched,1
B1,annealing_100_5,20260612-110336,280,309,2594.19,-661.2,244.0,8.81,2595.54,-660.12,1.7288435441068237,matched,1
B1,annealing_125_25,20260901-102349,186,309,2593.36,-659.21,65.0,4.55,2595.54,-660.12,2.3623081932718324,matched,1
B1,annealing_125_5,20260724-111942,221,309,2595.8,-659.75,130.0,6.43,2595.54,-660.12,0.45221676218392975,matched,1
B1,annealing_75_25,20260601-225211,300,309,2595.68,-657.22,145.0,6.79,2595.54,-660.12,2.90337734371539,matched,1
B1,annealing_75_5,20260522-153514,299,309,2595.53,-659.69,114.0,6.02,2595.54,-660.12,0.4301162633520758,matched,1
B1,before_annealing,20260515-160114,309,309,2595.54,-660.12,131.0,6.46,2595.54,-660.12,0.0,reference,1
B1,annealing_100_25,20260629-082957,253,310,2566.37,-659.84,215.0,8.27,2567.46,-657.96,2.1731313812101423,matched,1
B1,annealing_100_5,20260612-110336,279,310,2566.3,-659.43,171.0,7.38,2567.46,-657.96,1.8725650856510725,matched,1
B1,annealing_75_25,20260601-225211,299,310,2567.81,-655.11,137.0,6.6,2567.46,-657.96,2.871410803072257,matched,1
B1,annealing_75_5,20260522-153514,298,310,2567.97,-657.64,152.0,6.96,2567.46,-657.96,0.6020797289394411,matched,1
B1,before_annealing,20260515-160114,310,310,2567.46,-657.96,138.0,6.63,2567.46,-657.96,0.0,reference,1
B1,annealing_75_25,20260601-225211,302,311,1674.37,-677.18,39.0,3.52,1673.41,-685.39,8.265936123634166,matched,1
B1,annealing_75_5,20260522-153514,301,311,1673.87,-685.83,272.0,9.3,1673.41,-685.39,0.6365532185134817,matched,1
B1,before_annealing,20260515-160114,311,311,1673.41,-685.39,264.0,9.17,1673.41,-685.39,0.0,reference,1
B1,annealing_100_25,20260629-082957,257,312,2150.64,-689.6,73.0,4.82,2152.2,-687.01,3.0235244335047127,matched,1
B1,annealing_100_5,20260612-110336,284,312,2150.36,-689.28,84.0,5.17,2152.2,-687.01,2.922071183253204,matched,1
B1,annealing_125_25,20260901-102349,189,312,2149.9,-690.94,61.0,4.41,2152.2,-687.01,4.553559047602133,matched,1
B1,annealing_125_5,20260724-111942,224,312,2151.66,-686.47,72.0,4.79,2152.2,-687.01,0.7636753236814199,matched,1
B1,annealing_150_5,20260911-101035,163,312,2151.72,-689.34,43.0,3.7,2152.2,-687.01,2.3789283301520894,matched,1
B1,annealing_75_25,20260601-225211,303,312,2151.55,-681.93,86.0,5.23,2152.2,-687.01,5.121415819868559,matched,1
B1,annealing_75_5,20260522-153514,304,312,2151.76,-686.81,54.0,4.15,2152.2,-687.01,0.4833218389434374,matched,1
B1,before_annealing,20260515-160114,312,312,2152.2,-687.01,119.0,6.15,2152.2,-687.01,0.0,reference,1
B1,annealing_75_5,20260522-153514,303,313,663.06,-692.93,210.0,8.18,662.67,-692.21,0.8188406438372884,matched,1
B1,before_annealing,20260515-160114,313,313,662.67,-692.21,148.0,6.86,662.67,-692.21,0.0,reference,1
B1,annealing_100_25,20260629-082957,260,314,2394.4,-695.31,244.0,8.81,2395.93,-693.25,2.5660280590825573,matched,1
B1,annealing_100_5,20260612-110336,286,314,2394.36,-695.26,210.0,8.18,2395.93,-693.25,2.5504901489711833,matched,1
B1,annealing_125_25,20260901-102349,190,314,2394.05,-695.06,186.0,7.69,2395.93,-693.25,2.6096934685894633,matched,1
B1,annealing_125_5,20260724-111942,225,314,2395.64,-692.97,238.0,8.7,2395.93,-693.25,0.4031128874148824,matched,1
B1,annealing_150_25,20260918-095250,133,314,2396.37,-693.51,111.0,5.94,2395.93,-693.25,0.5110772935672678,matched,1
B1,annealing_150_5,20260911-101035,165,314,2396.5,-694.51,80.0,5.05,2395.93,-693.25,1.3829316685939923,matched,1
B1,annealing_75_25,20260601-225211,304,314,2395.58,-689.2,215.0,8.27,2395.93,-693.25,4.065095324835516,matched,1
B1,annealing_75_5,20260522-153514,302,314,2396.04,-692.93,342.0,10.43,2395.93,-693.25,0.3383784863138613,matched,1
B1,before_annealing,20260515-160114,314,314,2395.93,-693.25,279.0,9.42,2395.93,-693.25,0.0,reference,1
B1,annealing_100_25,20260629-082957,261,315,2537.79,-701.15,172.0,7.4,2537.4,-699.73,1.472582765076308,matched,1
B1,annealing_100_5,20260612-110336,288,315,2536.51,-701.1,255.0,9.01,2537.4,-699.73,1.6337074401494858,matched,1
B1,annealing_125_25,20260901-102349,193,315,2535.39,-700.76,153.0,6.98,2537.4,-699.73,2.25853935099675,matched,1
B1,annealing_125_5,20260724-111942,227,315,2537.33,-700.33,116.0,6.08,2537.4,-699.73,0.6040695324215998,matched,1
B1,annealing_150_5,20260911-101035,166,315,2536.86,-700.76,253.0,8.97,2537.4,-699.73,1.1629703349612597,matched,1
B1,annealing_75_25,20260601-225211,307,315,2537.85,-696.72,288.0,9.57,2537.4,-699.73,3.043451987464199,matched,1
B1,annealing_75_5,20260522-153514,305,315,2537.58,-699.66,183.0,7.63,2537.4,-699.73,0.1931320791581452,matched,1
B1,before_annealing,20260515-160114,315,315,2537.4,-699.73,186.0,7.69,2537.4,-699.73,0.0,reference,1
B1,annealing_100_5,20260612-110336,289,316,1948.24,-703.29,76.0,4.92,1949.91,-699.5,4.141618041297383,matched,1
B1,annealing_125_5,20260724-111942,228,316,1949.87,-700.22,49.0,3.95,1949.91,-699.5,0.7211102550928357,matched,1
B1,annealing_75_25,20260601-225211,306,316,1950.35,-692.52,63.0,4.48,1949.91,-699.5,6.993854445153981,matched,1
B1,annealing_75_5,20260522-153514,306,316,1948.89,-699.41,45.0,3.78,1949.91,-699.5,1.0239628899525455,matched,1
B1,before_annealing,20260515-160114,316,316,1949.91,-699.5,64.0,4.51,1949.91,-699.5,0.0,reference,1
B1,annealing_125_5,20260724-111942,231,317,434.83,-713.13,286.0,9.54,435.13,-712.3,0.8825531145489629,matched,2
B1,annealing_150_25,20260918-095250,136,317,435.08,-717.42,51.0,4.03,435.13,-712.3,5.1202441348045165,matched,2
B1,annealing_75_5,20260522-153514,307,317,435.8,-712.86,432.0,11.73,435.13,-712.3,0.8732124598286991,matched,1
B1,before_annealing,20260515-160114,317,317,435.13,-712.3,418.0,11.53,435.13,-712.3,0.0,reference,1
B1,annealing_100_25,20260629-082957,262,318,2455.26,-707.33,48.0,3.91,2456.16,-704.45,3.017349830563125,matched,1
B1,annealing_100_5,20260612-110336,290,318,2453.95,-706.48,73.0,4.82,2456.16,-704.45,3.00083321762474,matched,1
B1,annealing_125_25,20260901-102349,194,318,2453.95,-706.76,57.0,4.26,2456.16,-704.45,3.1969047530384618,matched,1
B1,annealing_125_5,20260724-111942,229,318,2455.51,-704.66,56.0,4.22,2456.16,-704.45,0.6830812543171526,matched,1
B1,annealing_150_5,20260911-101035,167,318,2455.07,-705.22,67.0,4.62,2456.16,-704.45,1.334541119635996,matched,1
B1,annealing_75_25,20260601-225211,310,318,2455.83,-700.92,49.0,3.95,2456.16,-704.45,3.545391374728686,matched,1
B1,annealing_75_5,20260522-153514,308,318,2456.5,-705.36,51.0,4.03,2456.16,-704.45,0.9714422267948007,matched,1
B1,before_annealing,20260515-160114,318,318,2456.16,-704.45,44.0,3.74,2456.16,-704.45,0.0,reference,1
B1,annealing_100_25,20260629-082957,263,319,1865.15,-715.78,247.0,8.87,1866.13,-712.16,3.7503066541284418,matched,1
B1,annealing_100_5,20260612-110336,291,319,1865.13,-716.43,287.0,9.56,1866.13,-712.16,4.3855330348772705,matched,1
B1,annealing_125_25,20260901-102349,195,319,1864.72,-717.94,145.0,6.79,1866.13,-712.16,5.9494957769546515,matched,1
B1,annealing_125_5,20260724-111942,230,319,1866.23,-712.27,305.0,9.85,1866.13,-712.16,0.14866068747313396,matched,1
B1,annealing_150_25,20260918-095250,134,319,1866.64,-713.23,229.0,8.54,1866.13,-712.16,1.1853269591130111,matched,1
B1,annealing_150_5,20260911-101035,168,319,1865.73,-714.53,265.0,9.18,1866.13,-712.16,2.4035182545593647,matched,1
B1,annealing_75_25,20260601-225211,308,319,1866.87,-705.22,276.0,9.37,1866.13,-712.16,6.979340943097625,matched,1
B1,annealing_75_5,20260522-153514,309,319,1866.6,-712.38,276.0,9.37,1866.13,-712.16,0.5189412298129952,matched,1
B1,before_annealing,20260515-160114,319,319,1866.13,-712.16,270.0,9.27,1866.13,-712.16,0.0,reference,1
B1,annealing_100_5,20260612-110336,293,320,1657.75,-717.1,102.0,5.7,1659.64,-711.15,6.242964039620997,matched,1
B1,annealing_75_25,20260601-225211,309,320,1659.82,-702.62,88.0,5.29,1659.64,-711.15,8.531898967990625,matched,1
B1,annealing_75_5,20260522-153514,310,320,1660.61,-711.28,55.0,4.18,1659.64,-711.15,0.9786725703725484,matched,1
B1,before_annealing,20260515-160114,320,320,1659.64,-711.15,70.0,4.72,1659.64,-711.15,0.0,reference,1
B1,annealing_100_25,20260629-082957,264,321,1913.8,-716.51,81.0,5.08,1915.16,-714.43,2.4851559307215547,matched,1
B1,annealing_100_5,20260612-110336,294,321,1913.89,-718.78,149.0,6.89,1915.16,-714.43,4.531600158884293,matched,1
B1,annealing_125_25,20260901-102349,196,321,1912.94,-719.16,102.0,5.7,1915.16,-714.43,5.225064592902206,matched,1
B1,annealing_125_5,20260724-111942,232,321,1914.81,-714.96,89.0,5.32,1915.16,-714.43,0.6351377803281639,matched,1
B1,annealing_150_25,20260918-095250,135,321,1915.01,-715.55,72.0,4.79,1915.16,-714.43,1.1300000000000165,matched,1
B1,annealing_150_5,20260911-101035,169,321,1914.41,-717.51,75.0,4.89,1915.16,-714.43,3.17000000000004,matched,1
B1,annealing_75_25,20260601-225211,311,321,1915.25,-707.96,161.0,7.16,1915.16,-714.43,6.47062593571896,matched,1
B1,annealing_75_5,20260522-153514,311,321,1914.92,-714.36,132.0,6.48,1915.16,-714.43,0.2499999999999909,matched,1
B1,before_annealing,20260515-160114,321,321,1915.16,-714.43,161.0,7.16,1915.16,-714.43,0.0,reference,1
B1,annealing_100_25,20260629-082957,267,322,1229.43,-736.88,157.0,7.07,1230.56,-732.12,4.892289852410592,matched,1
B1,annealing_100_5,20260612-110336,296,322,1229.12,-738.7,169.0,7.33,1230.56,-732.12,6.735725647619616,matched,1
B1,annealing_125_5,20260724-111942,233,322,1230.67,-732.09,139.0,6.65,1230.56,-732.12,0.11401754251002946,matched,1
B1,annealing_75_5,20260522-153514,312,322,1231.36,-732.65,179.0,7.55,1230.56,-732.12,0.9596353474106184,matched,1
B1,before_annealing,20260515-160114,322,322,1230.56,-732.12,163.0,7.2,1230.56,-732.12,0.0,reference,1
B1,annealing_75_5,20260522-153514,313,323,1153.32,-731.47,95.0,5.5,1151.72,-730.06,2.132627487396695,matched,1
B1,before_annealing,20260515-160114,323,323,1151.72,-730.06,42.0,3.66,1151.72,-730.06,0.0,reference,1
B1,annealing_100_5,20260612-110336,297,324,2068.88,-738.77,71.0,4.75,2070.57,-735.55,3.6365505633773827,matched,1
B1,annealing_75_25,20260601-225211,314,324,2070.19,-729.89,109.0,5.89,2070.57,-735.55,5.672741841473109,matched,1
B1,annealing_75_5,20260522-153514,316,324,2070.48,-735.68,109.0,5.89,2070.57,-735.55,0.15811388300849805,matched,1
B1,before_annealing,20260515-160114,324,324,2070.57,-735.55,115.0,6.05,2070.57,-735.55,0.0,reference,1
B1,annealing_100_25,20260629-082957,268,325,2498.78,-742.5,161.0,7.16,2500.23,-740.35,2.5932604959778676,matched,1
B1,annealing_100_5,20260612-110336,295,325,2498.78,-741.88,347.0,10.51,2500.23,-740.35,2.1079373804739525,matched,1
B1,annealing_125_25,20260901-102349,198,325,2498.74,-741.92,185.0,7.67,2500.23,-740.35,2.164486082191453,matched,1
B1,annealing_125_5,20260724-111942,234,325,2499.71,-740.16,166.0,7.27,2500.23,-740.35,0.553624421426658,matched,1
B1,annealing_150_25,20260918-095250,137,325,2500.57,-740.22,83.0,5.14,2500.23,-740.35,0.3640054944641602,matched,1
B1,annealing_150_5,20260911-101035,171,325,2499.84,-741.18,130.0,6.43,2500.23,-740.35,0.91706052144871,matched,1
B1,annealing_75_25,20260601-225211,315,325,2499.76,-736.98,319.0,10.08,2500.23,-740.35,3.402616640175593,matched,1
B1,annealing_75_5,20260522-153514,315,325,2500.24,-740.11,340.0,10.4,2500.23,-740.35,0.24020824298928553,matched,1
B1,before_annealing,20260515-160114,325,325,2500.23,-740.35,409.0,11.41,2500.23,-740.35,0.0,reference,1
B1,annealing_100_25,20260629-082957,270,326,611.23,-766.36,191.0,7.8,612.27,-759.73,6.711072939552949,matched,1
B1,annealing_100_5,20260612-110336,298,326,611.38,-768.99,391.0,11.16,612.27,-759.73,9.302671659260033,matched,1
B1,annealing_125_5,20260724-111942,236,326,612.65,-761.06,79.0,5.01,612.27,-759.73,1.3832208789632272,matched,1
B1,annealing_150_25,20260918-095250,139,326,613.6,-764.04,97.0,5.56,612.27,-759.73,4.510543204537524,matched,1
B1,annealing_150_5,20260911-101035,174,326,613.0,-764.91,44.0,3.74,612.27,-759.73,5.231185334128347,matched,2
B1,annealing_75_5,20260522-153514,317,326,612.93,-760.31,427.0,11.66,612.27,-759.73,0.8786353054594799,matched,1
B1,before_annealing,20260515-160114,326,326,612.27,-759.73,386.0,11.08,612.27,-759.73,0.0,reference,1
B1,annealing_100_25,20260629-082957,269,327,1263.57,-762.8,139.0,6.65,1265.18,-758.01,5.053335532101551,matched,1
B1,annealing_100_5,20260612-110336,299,327,1263.74,-764.59,188.0,7.74,1265.18,-758.01,6.735725647619616,matched,1
B1,annealing_75_5,20260522-153514,318,327,1265.27,-757.83,171.0,7.38,1265.18,-758.01,0.20124611797489972,matched,1
B1,before_annealing,20260515-160114,327,327,1265.18,-758.01,184.0,7.65,1265.18,-758.01,0.0,reference,1
B1,annealing_100_5,20260612-110336,300,328,2316.73,-765.39,158.0,7.09,2317.92,-762.83,2.8230657094725675,matched,1
B1,annealing_75_25,20260601-225211,320,328,2317.13,-758.79,160.0,7.14,2317.92,-762.83,4.116515516793368,matched,1
B1,annealing_75_5,20260522-153514,320,328,2317.91,-762.93,143.0,6.75,2317.92,-762.83,0.10049875621114013,matched,1
B1,before_annealing,20260515-160114,328,328,2317.92,-762.83,146.0,6.82,2317.92,-762.83,0.0,reference,1
B1,annealing_100_25,20260629-082957,271,329,493.98,-769.58,158.0,7.09,494.64,-762.53,7.080826222977155,matched,1
B1,annealing_100_5,20260612-110336,302,329,493.79,-772.11,202.0,8.02,494.64,-762.53,9.617634844388755,matched,1
B1,annealing_75_5,20260522-153514,319,329,495.76,-762.69,131.0,6.46,494.64,-762.53,1.131370849898492,matched,1
B1,before_annealing,20260515-160114,329,329,494.64,-762.53,121.0,6.21,494.64,-762.53,0.0,reference,1
B1,annealing_100_25,20260629-082957,272,330,1763.48,-767.32,88.0,5.29,1764.22,-763.08,4.304091077103282,matched,1
B1,annealing_100_5,20260612-110336,301,330,1763.4,-769.52,116.0,6.08,1764.22,-763.08,6.491995070854501,matched,1
B1,annealing_125_25,20260901-102349,202,330,1763.48,-770.67,82.0,5.11,1764.22,-763.08,7.625988460520955,matched,1
B1,annealing_125_5,20260724-111942,237,330,1764.83,-764.48,86.0,5.23,1764.22,-763.08,1.5271214751943651,matched,1
B1,annealing_150_5,20260911-101035,175,330,1764.93,-766.52,50.0,3.99,1764.22,-763.08,3.5125062277524357,matched,1
B1,annealing_75_25,20260601-225211,319,330,1765.14,-756.78,84.0,5.17,1764.22,-763.08,6.366820242475909,matched,1
B1,annealing_75_5,20260522-153514,321,330,1765.31,-764.74,92.0,5.41,1764.22,-763.08,1.9858751219549824,matched,1
B1,before_annealing,20260515-160114,330,330,1764.22,-763.08,90.0,5.35,1764.22,-763.08,0.0,reference,1
B1,annealing_75_5,20260522-153514,322,331,1901.9,-768.49,178.0,7.53,1901.65,-768.08,0.4802082881416916,matched,1
B1,before_annealing,20260515-160114,331,331,1901.65,-768.08,132.0,6.48,1901.65,-768.08,0.0,reference,1
B1,annealing_100_5,20260612-110336,304,332,2023.04,-779.98,40.0,3.57,2023.46,-775.92,4.081666326391777,matched,1
B1,annealing_75_25,20260601-225211,321,332,2021.45,-770.78,72.0,4.79,2023.46,-775.92,5.519030712000054,matched,1
B1,annealing_75_5,20260522-153514,323,332,2023.39,-777.13,67.0,4.62,2023.46,-775.92,1.2120231020900878,matched,1
B1,before_annealing,20260515-160114,332,332,2023.46,-775.92,89.0,5.32,2023.46,-775.92,0.0,reference,1
B1,annealing_100_25,20260629-082957,274,333,1410.03,-800.85,571.0,13.48,1410.82,-796.27,4.647633806573009,matched,1
B1,annealing_100_5,20260612-110336,305,333,1410.01,-802.44,587.0,13.67,1410.82,-796.27,6.2229414266888945,matched,1
B1,annealing_125_25,20260901-102349,204,333,1409.75,-805.24,625.0,14.1,1410.82,-796.27,9.03359286220053,matched,1
B1,annealing_125_5,20260724-111942,240,333,1410.87,-796.54,549.0,13.22,1410.82,-796.27,0.27459060435489346,matched,1
B1,annealing_150_25,20260918-095250,140,333,1411.59,-798.5,212.0,8.21,1410.82,-796.27,2.359194777885042,matched,1
B1,annealing_150_5,20260911-101035,176,333,1410.84,-799.92,565.0,13.41,1410.82,-796.27,3.6500547941092383,matched,1
B1,annealing_75_25,20260601-225211,322,333,1411.13,-786.72,618.0,14.03,1410.82,-796.27,9.555030088911245,matched,1
B1,annealing_75_5,20260522-153514,324,333,1411.34,-796.39,574.0,13.52,1410.82,-796.27,0.5336665625650366,matched,1
B1,before_annealing,20260515-160114,333,333,1410.82,-796.27,626.0,14.12,1410.82,-796.27,0.0,reference,1
B1,annealing_100_25,20260629-082957,276,334,2026.09,-818.54,130.0,6.43,2027.3,-815.08,3.665474048468977,matched,1
B1,annealing_100_5,20260612-110336,306,334,2026.17,-818.61,215.0,8.27,2027.3,-815.08,3.7064538308199038,matched,1
B1,annealing_125_25,20260901-102349,206,334,2025.91,-820.07,128.0,6.38,2027.3,-815.08,5.179980694944696,matched,1
B1,annealing_150_25,20260918-095250,141,334,2027.21,-815.98,80.0,5.05,2027.3,-815.08,0.9044888059008493,matched,1
B1,annealing_150_5,20260911-101035,179,334,2027.0,-817.14,158.0,7.09,2027.3,-815.08,2.0817300497422204,matched,1
B1,annealing_75_25,20260601-225211,324,334,2026.32,-809.29,206.0,8.1,2027.3,-815.08,5.872350466380641,matched,1
B1,annealing_75_5,20260522-153514,325,334,2027.37,-815.21,207.0,8.12,2027.3,-815.08,0.1476482306022998,matched,1
B1,before_annealing,20260515-160114,334,334,2027.3,-815.08,219.0,8.35,2027.3,-815.08,0.0,reference,1
B1,annealing_100_25,20260629-082957,277,335,901.6,-826.24,203.0,8.04,902.3,-820.28,6.0009665888088675,matched,1
B1,annealing_100_5,20260612-110336,308,335,901.65,-828.52,207.0,8.12,902.3,-820.28,8.265597377080505,matched,1
B1,annealing_125_5,20260724-111942,241,335,902.44,-820.16,90.0,5.35,902.3,-820.28,0.18439088914593665,matched,1
B1,annealing_75_5,20260522-153514,326,335,902.92,-820.98,215.0,8.27,902.3,-820.28,0.9350935782049138,matched,1
B1,before_annealing,20260515-160114,335,335,902.3,-820.28,213.0,8.23,902.3,-820.28,0.0,reference,1
B1,annealing_100_25,20260629-082957,278,336,756.31,-834.48,286.0,9.54,757.19,-828.06,6.4800308641241156,matched,1
B1,annealing_100_5,20260612-110336,309,336,756.37,-836.98,362.0,10.73,757.19,-828.06,8.957611288731018,matched,1
B1,annealing_125_5,20260724-111942,242,336,757.06,-828.46,235.0,8.65,757.19,-828.06,0.42059481689638206,matched,1
B1,annealing_150_25,20260918-095250,143,336,757.79,-831.53,226.0,8.48,757.19,-828.06,3.521491161425807,matched,1
B1,annealing_150_5,20260911-101035,181,336,757.2,-833.88,148.0,6.86,757.19,-828.06,5.820008591059001,matched,2
B1,annealing_75_5,20260522-153514,330,336,757.83,-828.63,408.0,11.4,757.19,-828.06,0.8570297544426562,matched,1
B1,before_annealing,20260515-160114,336,336,757.19,-828.06,574.0,13.52,757.19,-828.06,0.0,reference,1
B1,annealing_100_25,20260629-082957,279,337,1535.54,-831.47,230.0,8.56,1536.54,-827.03,4.551219616762136,matched,1
B1,annealing_100_5,20260612-110336,307,337,1535.67,-832.54,393.0,11.18,1536.54,-827.03,5.578261377884664,matched,1
B1,annealing_125_25,20260901-102349,207,337,1535.52,-835.01,295.0,9.69,1536.54,-827.03,8.044923865394889,matched,1
B1,annealing_125_5,20260724-111942,244,337,1536.66,-827.42,219.0,8.35,1536.54,-827.03,0.408044115262085,matched,1
B1,annealing_150_25,20260918-095250,142,337,1537.51,-828.74,302.0,9.8,1536.54,-827.03,1.9659603251337952,matched,1
B1,annealing_150_5,20260911-101035,180,337,1536.64,-830.36,222.0,8.41,1536.54,-827.03,3.331501163139569,matched,1
B1,annealing_75_25,20260601-225211,328,337,1536.39,-818.24,314.0,10.0,1536.54,-827.03,8.79127977031782,matched,1
B1,annealing_75_5,20260522-153514,328,337,1536.92,-827.24,391.0,11.16,1536.54,-827.03,0.4341658669219613,matched,1
B1,before_annealing,20260515-160114,337,337,1536.54,-827.03,401.0,11.3,1536.54,-827.03,0.0,reference,1
B1,annealing_75_5,20260522-153514,329,338,551.39,-823.05,118.0,6.13,550.42,-823.64,1.1353413583588376,matched,1
B1,before_annealing,20260515-160114,338,338,550.42,-823.64,62.0,4.44,550.42,-823.64,0.0,reference,1
B1,annealing_100_25,20260629-082957,280,339,820.38,-835.07,316.0,10.03,821.01,-828.64,6.460789425449557,matched,1
B1,annealing_100_5,20260612-110336,311,339,820.26,-836.9,206.0,8.1,821.01,-828.64,8.293979744368794,matched,1
B1,annealing_125_5,20260724-111942,243,339,821.29,-829.5,281.0,9.46,821.01,-828.64,0.9044335243676056,matched,1
B1,annealing_150_25,20260918-095250,144,339,821.39,-832.67,88.0,5.29,821.01,-828.64,4.047875986242634,matched,2
B1,annealing_150_5,20260911-101035,182,339,821.11,-833.96,193.0,7.84,821.01,-828.64,5.320939766620229,matched,2
B1,annealing_75_5,20260522-153514,327,339,821.5,-829.13,358.0,10.67,821.01,-828.64,0.6929646455628294,matched,1
B1,before_annealing,20260515-160114,339,339,821.01,-828.64,324.0,10.16,821.01,-828.64,0.0,reference,1
B1,annealing_100_25,20260629-082957,281,340,2376.49,-833.12,113.0,6.0,2377.4,-831.34,1.9991248085100803,matched,1
B1,annealing_100_5,20260612-110336,310,340,2376.43,-833.47,170.0,7.36,2377.4,-831.34,2.340470038261647,matched,1
B1,annealing_125_5,20260724-111942,245,340,2377.1,-831.22,120.0,6.18,2377.4,-831.34,0.32310988842824084,matched,1
B1,annealing_150_5,20260911-101035,183,340,2377.08,-832.79,38.0,3.48,2377.4,-831.34,1.4848905683584588,matched,1
B1,annealing_75_25,20260601-225211,330,340,2376.44,-827.38,145.0,6.79,2377.4,-831.34,4.074702443123959,matched,1
B1,annealing_75_5,20260522-153514,331,340,2377.73,-830.94,156.0,7.05,2377.4,-831.34,0.518555686498503,matched,1
B1,before_annealing,20260515-160114,340,340,2377.4,-831.34,177.0,7.51,2377.4,-831.34,0.0,reference,1
B1,annealing_100_25,20260629-082957,282,341,1908.45,-837.24,264.0,9.17,1909.63,-833.54,3.88360657121708,matched,1
B1,annealing_100_5,20260612-110336,312,341,1908.32,-837.67,240.0,8.74,1909.63,-833.54,4.33278201621088,matched,1
B1,annealing_125_5,20260724-111942,246,341,1909.16,-833.96,214.0,8.25,1909.63,-833.54,0.6303173803728458,matched,1
B1,annealing_75_25,20260601-225211,329,341,1910.28,-827.24,184.0,7.65,1909.63,-833.54,6.333442981506919,matched,1
B1,annealing_75_5,20260522-153514,332,341,1910.13,-833.65,247.0,8.87,1909.63,-833.54,0.5119570294468111,matched,1
B1,before_annealing,20260515-160114,341,341,1909.63,-833.54,184.0,7.65,1909.63,-833.54,0.0,reference,1
B1,annealing_100_5,20260612-110336,314,342,799.0,-862.34,173.0,7.42,799.43,-853.04,9.309935552945639,matched,1
B1,annealing_75_5,20260522-153514,334,342,800.07,-853.79,166.0,7.27,799.43,-853.04,0.9859513172566524,matched,1
B1,before_annealing,20260515-160114,342,342,799.43,-853.04,182.0,7.61,799.43,-853.04,0.0,reference,1
B1,annealing_100_25,20260629-082957,283,343,1274.6,-861.46,181.0,7.59,1275.59,-856.77,4.793349559546073,matched,1
B1,annealing_100_5,20260612-110336,313,343,1274.77,-862.95,229.0,8.54,1275.59,-856.77,6.234163937530091,matched,1
B1,annealing_125_25,20260901-102349,212,343,1274.63,-866.22,75.0,4.89,1275.59,-856.77,9.498636744291282,matched,1
B1,annealing_75_5,20260522-153514,333,343,1275.72,-856.8,229.0,8.54,1275.59,-856.77,0.13341664064136355,matched,1
B1,before_annealing,20260515-160114,343,343,1275.59,-856.77,191.0,7.8,1275.59,-856.77,0.0,reference,1
B1,before_annealing,20260515-160114,344,344,444.68,-864.99,61.0,4.41,444.68,-864.99,0.0,reference,1
B1,annealing_100_5,20260612-110336,316,345,682.54,-872.79,47.0,3.87,682.46,-864.73,8.0603970125546,matched,1
B1,annealing_75_5,20260522-153514,335,345,682.92,-865.72,66.0,4.58,682.46,-864.73,1.0916501271011454,matched,1
B1,before_annealing,20260515-160114,345,345,682.46,-864.73,82.0,5.11,682.46,-864.73,0.0,reference,1
B1,annealing_100_25,20260629-082957,287,346,1308.47,-881.68,52.0,4.07,1309.74,-876.79,5.052227231627634,matched,1
B1,annealing_100_5,20260612-110336,319,346,1308.52,-883.35,91.0,5.38,1309.74,-876.79,6.6724807980241385,matched,1
B1,annealing_125_5,20260724-111942,247,346,1309.67,-876.65,137.0,6.6,1309.74,-876.79,0.1565247584249446,matched,2
B1,annealing_75_5,20260522-153514,336,346,1309.25,-877.2,167.0,7.29,1309.74,-876.79,0.638905313798591,matched,1
B1,before_annealing,20260515-160114,346,346,1309.74,-876.79,181.0,7.59,1309.74,-876.79,0.0,reference,1
B1,annealing_100_25,20260629-082957,286,347,1790.41,-889.19,357.0,10.66,1791.25,-885.55,3.7356659379554524,matched,1
B1,annealing_100_5,20260612-110336,320,347,1790.65,-890.07,158.0,7.09,1791.25,-885.55,4.559649109306631,matched,1
B1,annealing_125_25,20260901-102349,215,347,1790.65,-892.43,111.0,5.94,1791.25,-885.55,6.906113233939901,matched,1
B1,annealing_125_5,20260724-111942,249,347,1790.98,-885.94,269.0,9.25,1791.25,-885.55,0.4743416490253288,matched,1
B1,annealing_150_5,20260911-101035,185,347,1790.54,-889.85,36.0,3.39,1791.25,-885.55,4.358222114578448,matched,1
B1,annealing_75_25,20260601-225211,335,347,1790.63,-878.22,309.0,9.92,1791.25,-885.55,7.356174277435167,matched,1
B1,annealing_75_5,20260522-153514,339,347,1791.52,-885.53,207.0,8.12,1791.25,-885.55,0.2707397274135982,matched,1
B1,before_annealing,20260515-160114,347,347,1791.25,-885.55,343.0,10.45,1791.25,-885.55,0.0,reference,1
B1,annealing_100_25,20260629-082957,285,348,2191.53,-881.75,209.0,8.16,2192.39,-879.66,2.260022123785422,matched,1
B1,annealing_100_5,20260612-110336,318,348,2191.53,-881.89,216.0,8.29,2192.39,-879.66,2.390083680543323,matched,1
B1,annealing_125_25,20260901-102349,214,348,2191.68,-882.31,172.0,7.4,2192.39,-879.66,2.7434649624152176,matched,1
B1,annealing_125_5,20260724-111942,248,348,2192.37,-879.02,208.0,8.14,2192.39,-879.66,0.6403124237432707,matched,1
B1,annealing_75_25,20260601-225211,336,348,2191.34,-873.62,86.0,5.23,2192.39,-879.66,6.130587247564379,matched,1
B1,annealing_75_5,20260522-153514,338,348,2192.62,-879.06,85.0,5.2,2192.39,-879.66,0.6425729530567216,matched,1
B1,before_annealing,20260515-160114,348,348,2192.39,-879.66,90.0,5.35,2192.39,-879.66,0.0,reference,1
B1,annealing_100_5,20260612-110336,321,349,1881.7,-892.67,58.0,4.3,1882.77,-888.21,4.5865564424739365,matched,1
B1,annealing_75_25,20260601-225211,338,349,1881.88,-881.69,57.0,4.26,1882.77,-888.21,6.580463509510522,matched,1
B1,annealing_75_5,20260522-153514,340,349,1882.76,-888.93,52.0,4.07,1882.77,-888.21,0.7200694410957011,matched,1
B1,before_annealing,20260515-160114,349,349,1882.77,-888.21,62.0,4.44,1882.77,-888.21,0.0,reference,1
B1,annealing_100_25,20260629-082957,288,350,2040.14,-898.06,211.0,8.2,2040.96,-895.09,3.0811199262604796,matched,1
B1,annealing_100_5,20260612-110336,322,350,2040.48,-898.3,226.0,8.48,2040.96,-895.09,3.245689449100071,matched,1
B1,annealing_125_25,20260901-102349,216,350,2040.28,-899.42,198.0,7.94,2040.96,-895.09,4.383069700563688,matched,1
B1,annealing_125_5,20260724-111942,251,350,2041.1,-895.06,143.0,6.75,2040.96,-895.09,0.14317821063265712,matched,1
B1,annealing_150_5,20260911-101035,186,350,2040.71,-897.11,230.0,8.56,2040.96,-895.09,2.0354115063052793,matched,1
B1,annealing_75_25,20260601-225211,339,350,2039.5,-889.0,217.0,8.31,2040.96,-895.09,6.262563372932884,matched,1
B1,annealing_75_5,20260522-153514,341,350,2041.12,-894.9,224.0,8.44,2040.96,-895.09,0.24839484696743241,matched,1
B1,before_annealing,20260515-160114,350,350,2040.96,-895.09,195.0,7.88,2040.96,-895.09,0.0,reference,1
B1,annealing_100_25,20260629-082957,289,351,2067.71,-913.95,296.0,9.71,2068.78,-911.1,3.04424046356402,matched,1
B1,annealing_100_5,20260612-110336,323,351,2068.15,-914.32,289.0,9.59,2068.78,-911.1,3.281051660672278,matched,1
B1,annealing_125_25,20260901-102349,217,351,2068.18,-915.39,119.0,6.15,2068.78,-911.1,4.331754840708339,matched,1
B1,annealing_125_5,20260724-111942,253,351,2068.56,-911.03,268.0,9.24,2068.78,-911.1,0.23086792761256175,matched,1
B1,annealing_150_25,20260918-095250,145,351,2069.28,-912.32,76.0,4.92,2068.78,-911.1,1.318483977907986,matched,1
B1,annealing_150_5,20260911-101035,187,351,2068.85,-912.65,71.0,4.75,2068.78,-911.1,1.551579840033963,matched,1
B1,annealing_75_25,20260601-225211,340,351,2067.24,-905.26,499.0,12.6,2068.78,-911.1,6.039635750606295,matched,1
B1,annealing_75_5,20260522-153514,342,351,2068.89,-911.25,539.0,13.1,2068.78,-911.1,0.1860107523771708,matched,1
B1,before_annealing,20260515-160114,351,351,2068.78,-911.1,539.0,13.1,2068.78,-911.1,0.0,reference,1
B1,annealing_100_25,20260629-082957,291,352,1010.44,-919.19,202.0,8.02,1011.19,-914.14,5.105389309347593,matched,1
B1,annealing_100_5,20260612-110336,324,352,1010.78,-921.92,315.0,10.01,1011.19,-914.14,7.790795851516046,matched,1
B1,annealing_125_5,20260724-111942,254,352,1010.97,-914.92,295.0,9.69,1011.19,-914.14,0.8104319835741736,matched,1
B1,annealing_150_5,20260911-101035,188,352,1011.75,-918.98,160.0,7.14,1011.19,-914.14,4.872288989787064,matched,2
B1,annealing_75_5,20260522-153514,344,352,1011.64,-914.21,293.0,9.66,1011.19,-914.14,0.4554119014693683,matched,1
B1,before_annealing,20260515-160114,352,352,1011.19,-914.14,322.0,10.12,1011.19,-914.14,0.0,reference,1
B1,annealing_100_25,20260629-082957,290,353,2282.13,-917.75,107.0,5.84,2282.71,-917.72,0.58077534382919,matched,1
B1,annealing_100_5,20260612-110336,325,353,2282.44,-920.05,124.0,6.28,2282.71,-917.72,2.3455916098075664,matched,1
B1,annealing_75_25,20260601-225211,480,353,2280.83,-913.56,447.0,11.93,2282.71,-917.72,4.565084884205451,matched,1
B1,annealing_75_5,20260522-153514,345,353,2282.82,-917.75,225.0,8.46,2282.71,-917.72,0.11401754251002946,matched,1
B1,before_annealing,20260515-160114,353,353,2282.71,-917.72,195.0,7.88,2282.71,-917.72,0.0,reference,1
B1,annealing_100_25,20260629-082957,293,354,1922.29,-928.42,342.0,10.43,1923.36,-925.22,3.3741517452538243,matched,1
B1,annealing_100_5,20260612-110336,327,354,1922.81,-929.15,471.0,12.24,1923.36,-925.22,3.9682993838670435,matched,1
B1,annealing_125_25,20260901-102349,219,354,1922.68,-929.82,110.0,5.92,1923.36,-925.22,4.649989247299394,matched,1
B1,annealing_125_5,20260724-111942,257,354,1923.31,-925.21,328.0,10.22,1923.36,-925.22,0.050990195135881475,matched,1
B1,annealing_150_25,20260918-095250,146,354,1924.22,-925.82,74.0,4.85,1923.36,-925.22,1.0486181383135837,matched,1
B1,annealing_150_5,20260911-101035,189,354,1923.52,-927.3,218.0,8.33,1923.36,-925.22,2.0861447696647812,matched,1
B1,annealing_75_25,20260601-225211,343,354,1922.2,-918.42,377.0,10.95,1923.36,-925.22,6.898231657461251,matched,1
B1,annealing_75_5,20260522-153514,347,354,1923.55,-925.16,396.0,11.23,1923.36,-925.22,0.1992485884517826,matched,1
B1,before_annealing,20260515-160114,354,354,1923.36,-925.22,511.0,12.75,1923.36,-925.22,0.0,reference,1
B1,annealing_100_25,20260629-082957,292,355,531.42,-924.0,280.0,9.44,531.19,-918.65,5.354941643006037,matched,1
B1,annealing_100_5,20260612-110336,328,355,531.42,-927.63,89.0,5.32,531.19,-918.65,8.982944951406543,matched,1
B1,annealing_125_5,20260724-111942,256,355,532.26,-918.16,188.0,7.74,531.19,-918.65,1.1768602295939279,matched,1
B1,annealing_75_5,20260522-153514,346,355,531.53,-919.59,65.0,4.55,531.19,-918.65,0.9995999199680075,matched,1
B1,before_annealing,20260515-160114,355,355,531.19,-918.65,89.0,5.32,531.19,-918.65,0.0,reference,1
B1,annealing_100_25,20260629-082957,294,356,1746.98,-936.85,493.0,12.53,1746.47,-932.34,4.538744319743062,matched,1
B1,annealing_100_5,20260612-110336,330,356,1746.47,-937.37,404.0,11.34,1746.47,-932.34,5.029999999999973,matched,1
B1,annealing_125_25,20260901-102349,222,356,1745.27,-938.54,167.0,7.29,1746.47,-932.34,6.315061361538719,matched,1
B1,annealing_125_5,20260724-111942,258,356,1746.98,-933.18,366.0,10.79,1746.47,-932.34,0.9827003612494773,matched,1
B1,annealing_150_25,20260918-095250,147,356,1743.3,-930.81,57.0,4.26,1746.47,-932.34,3.5199147716955768,matched,1
B1,annealing_150_5,20260911-101035,191,356,1742.74,-932.11,120.0,6.18,1746.47,-932.34,3.7370844250565365,matched,1
B1,annealing_75_25,20260601-225211,344,356,1745.67,-924.79,379.0,10.98,1746.47,-932.34,7.592265801458808,matched,1
B1,annealing_75_5,20260522-153514,348,356,1747.0,-932.61,350.0,10.56,1746.47,-932.34,0.5948108943184894,matched,1
B1,before_annealing,20260515-160114,356,356,1746.47,-932.34,358.0,10.67,1746.47,-932.34,0.0,reference,1
B1,annealing_100_25,20260629-082957,296,357,1963.86,-936.87,147.0,6.84,1964.87,-933.68,3.3460723243827726,matched,1
B1,annealing_100_5,20260612-110336,331,357,1964.79,-936.96,135.0,6.56,1964.87,-933.68,3.2809754647056653,matched,1
B1,annealing_125_25,20260901-102349,223,357,1964.56,-939.19,58.0,4.3,1964.87,-933.68,5.518713618226726,matched,1
B1,annealing_125_5,20260724-111942,261,357,1964.1,-933.38,108.0,5.86,1964.87,-933.68,0.8263776376451294,matched,1
B1,annealing_75_25,20260601-225211,346,357,1963.34,-927.19,148.0,6.86,1964.87,-933.68,6.667908217724548,matched,1
B1,annealing_75_5,20260522-153514,349,357,1965.11,-934.08,161.0,7.16,1964.87,-933.68,0.4664761515877067,matched,1
B1,before_annealing,20260515-160114,357,357,1964.87,-933.68,265.0,9.18,1964.87,-933.68,0.0,reference,1
B1,annealing_75_5,20260522-153514,350,358,1171.43,-946.33,93.0,5.44,1170.9,-946.04,0.6041522986797417,matched,1
B1,before_annealing,20260515-160114,358,358,1170.9,-946.04,109.0,5.89,1170.9,-946.04,0.0,reference,1
B1,annealing_150_5,20260911-101035,192,359,623.51,-955.42,83.0,5.14,622.22,-950.14,5.435301279597996,matched,2
B1,annealing_75_25,20260601-225211,352,359,621.63,-950.89,66.0,4.58,622.22,-950.14,0.9542536350468033,matched,1
B1,annealing_75_5,20260522-153514,351,359,622.29,-954.0,184.0,7.65,622.22,-950.14,3.8606346628501504,matched,1
B1,before_annealing,20260515-160114,359,359,622.22,-950.14,241.0,8.76,622.22,-950.14,0.0,reference,1
B1,annealing_100_25,20260629-082957,301,360,531.25,-974.87,564.0,13.4,531.61,-968.2,6.679708077453644,matched,1
B1,annealing_100_5,20260612-110336,337,360,531.37,-977.98,588.0,13.68,531.61,-968.2,9.782944342067958,matched,1
B1,annealing_125_5,20260724-111942,263,360,531.52,-968.78,410.0,11.42,531.61,-968.2,0.5869412236331005,matched,1
B1,annealing_150_25,20260918-095250,148,360,532.65,-972.04,513.0,12.78,531.61,-968.2,3.9783413629299456,matched,1
B1,annealing_150_5,20260911-101035,194,360,531.98,-973.54,395.0,11.21,531.61,-968.2,5.352803004034347,matched,2
B1,annealing_75_5,20260522-153514,352,360,532.23,-968.63,733.0,15.27,531.61,-968.2,0.7545197147854803,matched,1
B1,before_annealing,20260515-160114,360,360,531.61,-968.2,749.0,15.44,531.61,-968.2,0.0,reference,1
B1,annealing_100_25,20260629-082957,299,361,1790.66,-958.0,106.0,5.81,1791.26,-953.81,4.232741428436227,matched,1
B1,annealing_125_5,20260724-111942,262,361,1790.66,-954.86,45.0,3.78,1791.26,-953.81,1.2093386622447966,matched,1
B1,annealing_75_25,20260601-225211,350,361,1789.5,-947.33,81.0,5.08,1791.26,-953.81,6.71475986167776,matched,1
B1,before_annealing,20260515-160114,361,361,1791.26,-953.81,75.0,4.89,1791.26,-953.81,0.0,reference,1
B1,annealing_75_5,20260522-153514,353,362,443.47,-967.68,388.0,11.11,442.89,-966.96,0.924553946506056,matched,1
B1,before_annealing,20260515-160114,362,362,442.89,-966.96,368.0,10.82,442.89,-966.96,0.0,reference,1
B1,annealing_125_5,20260724-111942,265,363,762.78,-966.16,40.0,3.57,763.14,-966.74,0.6826419266350825,matched,1
B1,annealing_75_5,20260522-153514,354,363,763.75,-967.04,314.0,10.0,763.14,-966.74,0.6797793759742857,matched,1
B1,before_annealing,20260515-160114,363,363,763.14,-966.74,123.0,6.26,763.14,-966.74,0.0,reference,1
B1,annealing_100_5,20260612-110336,335,364,621.88,-958.98,144.0,6.77,623.81,-965.08,6.398038761995748,matched,2
B1,annealing_125_5,20260724-111942,264,364,622.55,-966.67,104.0,5.75,623.81,-965.08,2.0287188075235356,matched,2
B1,before_annealing,20260515-160114,364,364,623.81,-965.08,42.0,3.66,623.81,-965.08,0.0,reference,1
B1,annealing_100_25,20260629-082957,303,365,1076.29,-980.86,659.0,14.48,1076.54,-975.43,5.435752017890504,matched,1
B1,annealing_100_5,20260612-110336,339,365,1076.32,-982.84,321.0,10.11,1076.54,-975.43,7.4132651375761025,matched,1
B1,annealing_125_5,20260724-111942,266,365,1076.57,-975.82,465.0,12.17,1076.54,-975.43,0.3911521443122566,matched,1
B1,annealing_150_5,20260911-101035,195,365,1076.98,-980.08,507.0,12.7,1076.54,-975.43,4.6707708143304245,matched,2
B1,annealing_75_5,20260522-153514,355,365,1077.21,-975.71,380.0,11.0,1076.54,-975.43,0.7261542535853838,matched,1
B1,before_annealing,20260515-160114,365,365,1076.54,-975.43,402.0,11.31,1076.54,-975.43,0.0,reference,1
B1,annealing_100_25,20260629-082957,305,366,1349.16,-985.63,259.0,9.08,1349.88,-981.25,4.438783617163603,matched,1
B1,annealing_100_5,20260612-110336,340,366,1349.5,-987.47,463.0,12.14,1349.88,-981.25,6.231596906090799,matched,1
B1,annealing_125_25,20260901-102349,229,366,1349.68,-990.32,188.0,7.74,1349.88,-981.25,9.072204803684764,matched,1
B1,annealing_125_5,20260724-111942,267,366,1349.72,-981.29,332.0,10.28,1349.88,-981.25,0.16492422502477702,matched,1
B1,annealing_150_25,20260918-095250,149,366,1350.75,-983.17,160.0,7.14,1349.88,-981.25,2.1079136604708584,matched,1
B1,annealing_150_5,20260911-101035,196,366,1349.91,-984.96,175.0,7.46,1349.88,-981.25,3.710121291817866,matched,1
B1,annealing_75_5,20260522-153514,356,366,1350.0,-981.38,537.0,13.07,1349.88,-981.25,0.17691806012946396,matched,1
B1,before_annealing,20260515-160114,366,366,1349.88,-981.25,606.0,13.89,1349.88,-981.25,0.0,reference,1
B1,annealing_100_25,20260629-082957,306,367,2520.06,-989.1,59.0,4.33,2520.22,-988.66,0.46818799642878656,matched,1
B1,annealing_100_5,20260612-110336,343,367,2519.98,-990.39,110.0,5.92,2520.22,-988.66,1.7465680633745593,matched,1
B1,annealing_125_5,20260724-111942,270,367,2520.87,-989.47,49.0,3.95,2520.22,-988.66,1.0385566907974808,matched,1
B1,annealing_75_25,20260601-225211,357,367,2518.79,-985.0,202.0,8.02,2520.22,-988.66,3.929440163687354,matched,1
B1,annealing_75_5,20260522-153514,359,367,2520.77,-988.08,201.0,8.0,2520.22,-988.66,0.799312204335775,matched,1
B1,before_annealing,20260515-160114,367,367,2520.22,-988.66,153.0,6.98,2520.22,-988.66,0.0,reference,1
B1,annealing_100_25,20260629-082957,309,368,1706.84,-1016.32,480.0,12.36,1707.37,-1012.49,3.8664971227197733,matched,1
B1,annealing_100_5,20260612-110336,344,368,1707.24,-1017.26,843.0,16.38,1707.37,-1012.49,4.771771159642905,matched,1
B1,annealing_125_25,20260901-102349,233,368,1707.64,-1019.49,382.0,11.03,1707.37,-1012.49,7.005205207558171,matched,1
B1,annealing_125_5,20260724-111942,272,368,1707.36,-1012.63,768.0,15.64,1707.37,-1012.49,0.14035668847616775,matched,1
B1,annealing_150_25,20260918-095250,152,368,1708.2,-1014.38,102.0,5.7,1707.37,-1012.49,2.0642189806317073,matched,1
B1,annealing_150_5,20260911-101035,198,368,1707.66,-1015.46,220.0,8.37,1707.37,-1012.49,2.9841246622754003,matched,1
B1,annealing_75_25,20260601-225211,359,368,1706.1,-1004.69,966.0,17.54,1707.37,-1012.49,7.902714723435184,matched,1
B1,annealing_75_5,20260522-153514,361,368,1707.76,-1012.6,817.0,16.13,1707.37,-1012.49,0.4052159917871962,matched,1
B1,before_annealing,20260515-160114,368,368,1707.37,-1012.49,916.0,17.08,1707.37,-1012.49,0.0,reference,1
B1,annealing_75_25,20260601-225211,360,369,2574.2,-989.3,77.0,4.95,2576.12,-992.99,4.159627387158697,matched,1
B1,annealing_75_5,20260522-153514,360,369,2576.25,-992.58,85.0,5.2,2576.12,-992.99,0.430116263352134,matched,1
B1,before_annealing,20260515-160114,369,369,2576.12,-992.99,95.0,5.5,2576.12,-992.99,0.0,reference,1
B1,annealing_100_25,20260629-082957,307,370,879.37,-1003.24,116.0,6.08,879.24,-996.02,7.22117026526867,matched,1
B1,annealing_100_5,20260612-110336,345,370,880.16,-1004.79,98.0,5.59,879.24,-996.02,8.818123383124076,matched,1
B1,annealing_125_5,20260724-111942,271,370,880.11,-996.43,92.0,5.41,879.24,-996.02,0.9617692030835577,matched,1
B1,annealing_75_5,20260522-153514,362,370,880.72,-996.28,118.0,6.13,879.24,-996.02,1.5026643005009632,matched,1
B1,before_annealing,20260515-160114,370,370,879.24,-996.02,115.0,6.05,879.24,-996.02,0.0,reference,1
B1,annealing_100_25,20260629-082957,308,371,2655.82,-1006.94,155.0,7.02,2656.67,-1005.53,1.6463899902514216,matched,1
B1,annealing_100_5,20260612-110336,346,371,2656.28,-1006.24,163.0,7.2,2656.67,-1005.53,0.810061726043116,matched,1
B1,annealing_125_25,20260901-102349,232,371,2656.66,-1005.13,69.0,4.69,2656.67,-1005.53,0.40012498047483386,matched,1
B1,annealing_125_5,20260724-111942,273,371,2656.3,-1005.2,54.0,4.15,2656.67,-1005.53,0.4957822102494917,matched,1
B1,annealing_150_25,20260918-095250,151,371,2657.65,-1005.72,80.0,5.05,2656.67,-1005.53,0.9982484660644645,matched,1
B1,annealing_75_25,20260601-225211,361,371,2654.64,-1002.92,189.0,7.76,2656.67,-1005.53,3.3065087327876337,matched,1
B1,annealing_75_5,20260522-153514,363,371,2656.6,-1005.35,158.0,7.09,2656.67,-1005.53,0.19313207915829236,matched,1
B1,before_annealing,20260515-160114,371,371,2656.67,-1005.53,181.0,7.59,2656.67,-1005.53,0.0,reference,1
B1,annealing_100_5,20260612-110336,347,372,789.09,-1037.09,122.0,6.23,788.21,-1028.29,8.843890546586337,matched,1
B1,annealing_75_5,20260522-153514,364,372,789.35,-1028.85,85.0,5.2,788.21,-1028.29,1.270118104744558,matched,1
B1,before_annealing,20260515-160114,372,372,788.21,-1028.29,115.0,6.05,788.21,-1028.29,0.0,reference,1
B1,annealing_100_25,20260629-082957,310,373,1005.43,-1034.76,82.0,5.11,1005.92,-1029.32,5.462023434589109,matched,1
B1,annealing_100_5,20260612-110336,349,373,1005.39,-1038.06,52.0,4.07,1005.92,-1029.32,8.756055047794076,matched,1
B1,annealing_75_5,20260522-153514,365,373,1006.61,-1029.45,82.0,5.11,1005.92,-1029.32,0.7021395872617522,matched,1
B1,before_annealing,20260515-160114,373,373,1005.92,-1029.32,61.0,4.41,1005.92,-1029.32,0.0,reference,1
B1,annealing_100_25,20260629-082957,311,374,1540.84,-1046.88,427.0,11.66,1540.99,-1042.5,4.3825677404919805,matched,1
B1,annealing_100_5,20260612-110336,348,374,1541.12,-1048.22,438.0,11.81,1540.99,-1042.5,5.721477082013025,matched,1
B1,annealing_125_25,20260901-102349,235,374,1541.67,-1050.57,232.0,8.59,1540.99,-1042.5,8.09859864420994,matched,1
B1,annealing_125_5,20260724-111942,274,374,1541.09,-1042.62,301.0,9.79,1540.99,-1042.5,0.15620499351799103,matched,1
B1,annealing_150_25,20260918-095250,153,374,1542.15,-1044.75,122.0,6.23,1540.99,-1042.5,2.5314225249847544,matched,1
B1,annealing_150_5,20260911-101035,199,374,1541.55,-1045.66,212.0,8.21,1540.99,-1042.5,3.209236669365545,matched,1
B1,annealing_75_25,20260601-225211,364,374,1539.54,-1033.84,362.0,10.73,1540.99,-1042.5,8.780552374423921,matched,1
B1,annealing_75_5,20260522-153514,366,374,1541.45,-1042.78,412.0,11.45,1540.99,-1042.5,0.5385164807134672,matched,1
B1,before_annealing,20260515-160114,374,374,1540.99,-1042.5,553.0,13.27,1540.99,-1042.5,0.0,reference,1
B1,before_annealing,20260515-160114,375,375,2132.88,-1038.72,40.0,3.57,2132.88,-1038.72,0.0,reference,1
B1,annealing_100_25,20260629-082957,312,376,2264.58,-1049.81,277.0,9.39,2265.2,-1047.64,2.256834065676782,matched,1
B1,annealing_100_5,20260612-110336,350,376,2265.05,-1050.11,432.0,11.73,2265.2,-1047.64,2.4745504642255534,matched,1
B1,annealing_125_25,20260901-102349,234,376,2265.4,-1050.24,249.0,8.9,2265.2,-1047.64,2.6076809620809898,matched,1
B1,annealing_125_5,20260724-111942,275,376,2264.87,-1047.38,322.0,10.12,2265.2,-1047.64,0.4201190307519373,matched,1
B1,annealing_150_25,20260918-095250,154,376,2265.71,-1047.45,48.0,3.91,2265.2,-1047.64,0.5442425929677347,matched,1
B1,annealing_150_5,20260911-101035,200,376,2265.48,-1049.18,71.0,4.75,2265.2,-1047.64,1.5652475842498528,matched,1
B1,annealing_75_25,20260601-225211,366,376,2262.96,-1042.74,428.0,11.67,2265.2,-1047.64,5.387726793370272,matched,1
B1,annealing_75_5,20260522-153514,367,376,2265.27,-1047.51,461.0,12.11,2265.2,-1047.64,0.1476482306025077,matched,1
B1,before_annealing,20260515-160114,376,376,2265.2,-1047.64,453.0,12.01,2265.2,-1047.64,0.0,reference,1
B1,annealing_125_5,20260724-111942,277,377,369.06,-1053.68,218.0,8.33,369.21,-1053.15,0.550817574156784,matched,1
B1,annealing_150_25,20260918-095250,155,377,370.94,-1057.49,240.0,8.74,369.21,-1053.15,4.672098029793398,matched,2
B1,annealing_75_5,20260522-153514,368,377,369.7,-1053.25,341.0,10.42,369.21,-1053.15,0.5000999900019902,matched,1
B1,before_annealing,20260515-160114,377,377,369.21,-1053.15,523.0,12.9,369.21,-1053.15,0.0,reference,1
B1,before_annealing,20260515-160114,378,378,1734.79,-1048.27,36.0,3.39,1734.79,-1048.27,0.0,reference,1
B1,annealing_100_25,20260629-082957,314,379,1095.68,-1059.0,59.0,4.33,1095.6,-1053.65,5.350598097409209,matched,1
B1,annealing_100_5,20260612-110336,352,379,1097.32,-1061.18,83.0,5.14,1095.6,-1053.65,7.723943293422064,matched,1
B1,annealing_125_5,20260724-111942,276,379,1090.88,-1051.66,172.0,7.4,1095.6,-1053.65,5.122352974951858,matched,2
B1,annealing_75_5,20260522-153514,369,379,1096.28,-1053.64,145.0,6.79,1095.6,-1053.65,0.6800735254368357,matched,1
B1,before_annealing,20260515-160114,379,379,1095.6,-1053.65,107.0,5.84,1095.6,-1053.65,0.0,reference,1
B1,annealing_125_5,20260724-111942,278,380,410.11,-1067.89,290.0,9.61,409.9,-1067.42,0.5147815070493897,matched,2
B1,annealing_150_25,20260918-095250,156,380,412.0,-1071.98,71.0,4.75,409.9,-1067.42,5.020318714982108,matched,2
B1,annealing_75_5,20260522-153514,370,380,410.57,-1067.79,560.0,13.35,409.9,-1067.42,0.7653757247260593,matched,1
B1,before_annealing,20260515-160114,380,380,409.9,-1067.42,530.0,12.99,409.9,-1067.42,0.0,reference,1
B1,annealing_100_25,20260629-082957,316,381,820.24,-1090.88,521.0,12.88,820.06,-1084.8,6.082663890106201,matched,1
B1,annealing_100_5,20260612-110336,354,381,820.38,-1093.28,355.0,10.63,820.06,-1084.8,8.486035587952736,matched,1
B1,annealing_125_5,20260724-111942,279,381,820.43,-1084.53,86.0,5.23,820.06,-1084.8,0.4580392996239444,matched,1
B1,annealing_75_5,20260522-153514,371,381,820.62,-1085.06,369.0,10.84,820.06,-1084.8,0.617413961617375,matched,1
B1,before_annealing,20260515-160114,381,381,820.06,-1084.8,355.0,10.63,820.06,-1084.8,0.0,reference,1
B1,annealing_100_25,20260629-082957,317,382,1621.86,-1094.55,339.0,10.39,1622.17,-1090.78,3.7827238863020347,matched,1
B1,annealing_100_5,20260612-110336,355,382,1622.5,-1095.67,367.0,10.81,1622.17,-1090.78,4.901122320448749,matched,1
B1,annealing_125_25,20260901-102349,240,382,1622.82,-1098.2,219.0,8.35,1622.17,-1090.78,7.448415938976616,matched,1
B1,annealing_125_5,20260724-111942,280,382,1622.03,-1090.78,318.0,10.06,1622.17,-1090.78,0.14000000000010004,matched,1
B1,annealing_150_25,20260918-095250,157,382,1623.72,-1091.79,149.0,6.89,1622.17,-1090.78,1.850027026829565,matched,1
B1,annealing_150_5,20260911-101035,203,382,1622.54,-1093.68,590.0,13.7,1622.17,-1090.78,2.923508166569823,matched,1
B1,annealing_75_25,20260601-225211,370,382,1620.34,-1082.27,383.0,11.04,1622.17,-1090.78,8.70453904580825,matched,1
B1,annealing_75_5,20260522-153514,372,382,1622.51,-1090.79,522.0,12.89,1622.17,-1090.78,0.3401470270338169,matched,1
B1,before_annealing,20260515-160114,382,382,1622.17,-1090.78,563.0,13.39,1622.17,-1090.78,0.0,reference,1
B1,before_annealing,20260515-160114,383,383,1229.39,-1085.16,44.0,3.74,1229.39,-1085.16,0.0,reference,1
B1,annealing_100_25,20260629-082957,318,384,1776.05,-1098.73,199.0,7.96,1776.12,-1094.97,3.7606515392947433,matched,1
B1,annealing_100_5,20260612-110336,356,384,1776.49,-1100.03,188.0,7.74,1776.12,-1094.97,5.073509633379987,matched,1
B1,annealing_125_25,20260901-102349,242,384,1777.67,-1101.77,53.0,4.11,1776.12,-1094.97,6.974417538404189,matched,1
B1,annealing_125_5,20260724-111942,281,384,1776.43,-1095.53,136.0,6.58,1776.12,-1094.97,0.6400781202322463,matched,1
B1,annealing_150_25,20260918-095250,158,384,1777.45,-1096.22,157.0,7.07,1776.12,-1094.97,1.8252123164170275,matched,1
B1,annealing_150_5,20260911-101035,205,384,1776.56,-1097.71,122.0,6.23,1776.12,-1094.97,2.7751036016696924,matched,1
B1,annealing_75_25,20260601-225211,371,384,1774.34,-1087.55,296.0,9.71,1776.12,-1094.97,7.630517675754443,matched,1
B1,annealing_75_5,20260522-153514,373,384,1776.68,-1095.22,342.0,10.43,1776.12,-1094.97,0.6132699242586364,matched,1
B1,before_annealing,20260515-160114,384,384,1776.12,-1094.97,265.0,9.18,1776.12,-1094.97,0.0,reference,1
B1,annealing_100_5,20260612-110336,357,385,1689.7,-1099.83,106.0,5.81,1689.63,-1094.41,5.420452010672017,matched,1
B1,annealing_75_25,20260601-225211,372,385,1687.58,-1086.49,98.0,5.59,1689.63,-1094.41,8.18100849528968,matched,1
B1,annealing_75_5,20260522-153514,374,385,1689.12,-1094.68,131.0,6.46,1689.63,-1094.41,0.5770615218503248,matched,1
B1,before_annealing,20260515-160114,385,385,1689.63,-1094.41,117.0,6.1,1689.63,-1094.41,0.0,reference,1
B1,annealing_75_5,20260522-153514,375,386,535.76,-1098.36,73.0,4.82,534.45,-1098.26,1.3138112497614864,matched,1
B1,before_annealing,20260515-160114,386,386,534.45,-1098.26,53.0,4.11,534.45,-1098.26,0.0,reference,1
B1,annealing_100_25,20260629-082957,319,387,2280.85,-1113.83,587.0,13.67,2281.44,-1111.52,2.3841560351621114,matched,1
B1,annealing_100_5,20260612-110336,358,387,2281.6,-1113.89,657.0,14.46,2281.44,-1111.52,2.375394704044049,matched,1
B1,annealing_125_25,20260901-102349,243,387,2282.27,-1114.18,290.0,9.61,2281.44,-1111.52,2.7864852413031573,matched,1
B1,annealing_125_5,20260724-111942,282,387,2281.26,-1111.28,835.0,16.3,2281.44,-1111.52,0.29999999999990906,matched,1
B1,annealing_150_5,20260911-101035,206,387,2281.77,-1112.94,396.0,11.23,2281.44,-1111.52,1.4578408692309865,matched,1
B1,annealing_75_25,20260601-225211,376,387,2278.77,-1106.84,604.0,13.87,2281.44,-1111.52,5.38807015544536,matched,1
B1,annealing_75_5,20260522-153514,376,387,2281.57,-1111.43,528.0,12.96,2281.44,-1111.52,0.1581138830084621,matched,1
B1,before_annealing,20260515-160114,387,387,2281.44,-1111.52,572.0,13.49,2281.44,-1111.52,0.0,reference,1
B1,annealing_100_25,20260629-082957,320,388,1032.54,-1112.52,130.0,6.43,1032.35,-1106.85,5.673182528352216,matched,1
B1,annealing_100_5,20260612-110336,360,388,1033.08,-1114.3,144.0,6.77,1032.35,-1106.85,7.485679661861086,matched,1
B1,annealing_125_5,20260724-111942,283,388,1033.01,-1107.37,139.0,6.65,1032.35,-1106.85,0.8402380615040532,matched,1
B1,annealing_150_25,20260918-095250,159,388,1033.71,-1109.98,149.0,6.89,1032.35,-1106.85,3.412696880767618,matched,2
B1,annealing_75_5,20260522-153514,377,388,1032.95,-1107.12,249.0,8.9,1032.35,-1106.85,0.6579513659839562,matched,1
B1,before_annealing,20260515-160114,388,388,1032.35,-1106.85,235.0,8.65,1032.35,-1106.85,0.0,reference,1
B1,annealing_100_25,20260629-082957,321,389,1135.24,-1134.33,500.0,12.62,1135.29,-1129.09,5.240238544188622,matched,1
B1,annealing_100_5,20260612-110336,361,389,1135.88,-1136.35,514.0,12.79,1135.29,-1129.09,7.283934376420483,matched,1
B1,annealing_125_5,20260724-111942,284,389,1135.37,-1129.49,520.0,12.87,1135.29,-1129.09,0.4079215610874977,matched,1
B1,annealing_150_25,20260918-095250,160,389,1136.63,-1132.32,112.0,5.97,1135.29,-1129.09,3.4969272225770593,matched,2
B1,annealing_150_5,20260911-101035,207,389,1135.99,-1133.18,1496.0,21.82,1135.29,-1129.09,4.149469845655135,matched,2
B1,annealing_75_5,20260522-153514,379,389,1135.7,-1129.42,533.0,13.03,1135.29,-1129.09,0.5263078946777914,matched,1
B1,before_annealing,20260515-160114,389,389,1135.29,-1129.09,581.0,13.6,1135.29,-1129.09,0.0,reference,1
B1,annealing_75_25,20260601-225211,378,390,1627.07,-1122.17,100.0,5.64,1629.2,-1130.16,8.269038638197346,matched,1
B1,annealing_75_5,20260522-153514,380,390,1629.73,-1130.43,65.0,4.55,1629.2,-1130.16,0.5948108943184894,matched,1
B1,before_annealing,20260515-160114,390,390,1629.2,-1130.16,53.0,4.11,1629.2,-1130.16,0.0,reference,1
B1,annealing_100_25,20260629-082957,322,391,1203.48,-1153.64,216.0,8.29,1203.72,-1148.6,5.0457110499910645,matched,1
B1,annealing_100_5,20260612-110336,362,391,1204.2,-1155.42,313.0,9.98,1203.72,-1148.6,6.836870629169624,matched,1
B1,annealing_125_5,20260724-111942,285,391,1202.93,-1149.09,72.0,4.79,1203.72,-1148.6,0.9296235797353418,matched,1
B1,annealing_150_25,20260918-095250,161,391,1205.04,-1151.42,161.0,7.16,1203.72,-1148.6,3.1136473788791106,matched,2
B1,annealing_150_5,20260911-101035,209,391,1204.54,-1152.24,53.0,4.11,1203.72,-1148.6,3.731219639742563,matched,2
B1,annealing_75_5,20260522-153514,381,391,1204.06,-1148.87,254.0,8.99,1203.72,-1148.6,0.4341658669217728,matched,1
B1,before_annealing,20260515-160114,391,391,1203.72,-1148.6,236.0,8.67,1203.72,-1148.6,0.0,reference,1
B1,annealing_100_25,20260629-082957,323,392,2302.98,-1158.17,221.0,8.39,2303.41,-1155.93,2.2808989455913866,matched,1
B1,annealing_100_5,20260612-110336,363,392,2303.95,-1158.18,240.0,8.74,2303.41,-1155.93,2.313892823792831,matched,1
B1,annealing_125_25,20260901-102349,247,392,2304.4,-1158.33,180.0,7.57,2303.41,-1155.93,2.596170256358356,matched,1
B1,annealing_125_5,20260724-111942,286,392,2303.49,-1155.58,279.0,9.42,2303.41,-1155.93,0.35902646142044164,matched,1
B1,annealing_150_25,20260918-095250,162,392,2304.4,-1156.26,121.0,6.21,2303.41,-1155.93,1.0435516278557666,matched,1
B1,annealing_150_5,20260911-101035,210,392,2304.03,-1157.21,185.0,7.67,2303.41,-1155.93,1.4222517358050082,matched,1
B1,annealing_75_25,20260601-225211,381,392,2300.46,-1151.18,254.0,8.99,2303.41,-1155.93,5.591511423577612,matched,1
B1,annealing_75_5,20260522-153514,382,392,2303.39,-1155.92,346.0,10.49,2303.41,-1155.93,0.02236067977497756,matched,1
B1,before_annealing,20260515-160114,392,392,2303.41,-1155.93,403.0,11.33,2303.41,-1155.93,0.0,reference,1
B1,annealing_125_5,20260724-111942,287,393,458.51,-1161.88,382.0,11.03,458.57,-1161.31,0.573149195236447,matched,2
B1,annealing_75_5,20260522-153514,383,393,459.31,-1161.62,513.0,12.78,458.57,-1161.31,0.8023091673413558,matched,1
B1,before_annealing,20260515-160114,393,393,458.57,-1161.31,532.0,13.01,458.57,-1161.31,0.0,reference,1
B1,before_annealing,20260515-160114,394,394,850.69,-1159.88,53.0,4.11,850.69,-1159.88,0.0,reference,1
B1,annealing_100_25,20260629-082957,326,395,2598.1,-1170.54,60.0,4.37,2597.75,-1168.38,2.188172753691835,matched,1
B1,annealing_100_5,20260612-110336,365,395,2597.73,-1169.13,77.0,4.95,2597.75,-1168.38,0.7502666192761073,matched,1
B1,annealing_125_5,20260724-111942,290,395,2597.25,-1168.21,65.0,4.55,2597.75,-1168.38,0.5281098370604592,matched,1
B1,annealing_75_25,20260601-225211,384,395,2593.75,-1164.52,38.0,3.48,2597.75,-1168.38,5.558740864620421,matched,1
B1,annealing_75_5,20260522-153514,385,395,2598.37,-1167.56,61.0,4.41,2597.75,-1168.38,1.0280077820717766,matched,1
B1,before_annealing,20260515-160114,395,395,2597.75,-1168.38,55.0,4.18,2597.75,-1168.38,0.0,reference,1
B1,annealing_100_25,20260629-082957,327,396,1509.52,-1186.05,296.0,9.71,1509.54,-1181.61,4.440045044816604,matched,1
B1,annealing_100_5,20260612-110336,367,396,1510.28,-1187.33,388.0,11.11,1509.54,-1181.61,5.76766850642444,matched,1
B1,annealing_125_25,20260901-102349,251,396,1510.67,-1190.3,136.0,6.58,1509.54,-1181.61,8.763161529950318,matched,1
B1,annealing_125_5,20260724-111942,291,396,1509.58,-1181.89,349.0,10.54,1509.54,-1181.61,0.28284271247481196,matched,1
B1,annealing_150_25,20260918-095250,164,396,1511.34,-1183.76,120.0,6.18,1509.54,-1181.61,2.804014978562031,matched,1
B1,annealing_150_5,20260911-101035,212,396,1510.88,-1185.22,132.0,6.48,1509.54,-1181.61,3.8506752654568666,matched,1
B1,annealing_75_25,20260601-225211,383,396,1507.19,-1172.76,364.0,10.76,1509.54,-1181.61,9.156691542254658,matched,1
B1,annealing_75_5,20260522-153514,386,396,1510.08,-1182.11,370.0,10.85,1509.54,-1181.61,0.7359347797189373,matched,1
B1,before_annealing,20260515-160114,396,396,1509.54,-1181.61,324.0,10.16,1509.54,-1181.61,0.0,reference,1
B1,annealing_100_25,20260629-082957,328,397,1364.03,-1192.35,383.0,11.04,1364.06,-1187.73,4.620097401570555,matched,1
B1,annealing_100_5,20260612-110336,368,397,1364.57,-1193.89,496.0,12.57,1364.06,-1187.73,6.181075958116111,matched,1
B1,annealing_125_25,20260901-102349,252,397,1365.4,-1197.21,224.0,8.44,1364.06,-1187.73,9.574236261968927,matched,1
B1,annealing_125_5,20260724-111942,292,397,1364.03,-1188.04,548.0,13.21,1364.06,-1187.73,0.3114482300478918,matched,1
B1,annealing_150_25,20260918-095250,165,397,1365.39,-1189.67,141.0,6.7,1364.06,-1187.73,2.3521266972679475,matched,1
B1,annealing_150_5,20260911-101035,213,397,1365.34,-1191.66,127.0,6.36,1364.06,-1187.73,4.13319489015464,matched,1
B1,annealing_75_5,20260522-153514,387,397,1364.36,-1187.95,526.0,12.94,1364.06,-1187.73,0.37202150475474494,matched,1
B1,before_annealing,20260515-160114,397,397,1364.06,-1187.73,569.0,13.46,1364.06,-1187.73,0.0,reference,1
B1,annealing_100_25,20260629-082957,329,398,2571.17,-1195.97,231.0,8.57,2571.41,-1194.01,1.9746392075516068,matched,1
B1,annealing_100_5,20260612-110336,369,398,2571.91,-1195.17,287.0,9.56,2571.41,-1194.01,1.2631706139711254,matched,1
B1,annealing_125_25,20260901-102349,253,398,2572.87,-1194.83,178.0,7.53,2571.41,-1194.01,1.6745148551147588,matched,1
B1,annealing_125_5,20260724-111942,294,398,2571.31,-1193.64,236.0,8.67,2571.41,-1194.01,0.38327535793460693,matched,1
B1,annealing_150_5,20260911-101035,214,398,2571.99,-1195.08,166.0,7.27,2571.41,-1194.01,1.2170866854911278,matched,1
B1,annealing_75_25,20260601-225211,387,398,2568.35,-1191.17,250.0,8.92,2571.41,-1194.01,4.174829337829177,matched,1
B1,annealing_75_5,20260522-153514,388,398,2571.64,-1194.01,294.0,9.67,2571.41,-1194.01,0.2300000000000182,matched,1
B1,before_annealing,20260515-160114,398,398,2571.41,-1194.01,412.0,11.45,2571.41,-1194.01,0.0,reference,1
B1,annealing_125_25,20260901-102349,254,399,1722.09,-1198.77,38.0,3.48,1721.32,-1191.66,7.151573253487554,matched,1
B1,annealing_125_5,20260724-111942,293,399,1721.61,-1191.35,291.0,9.62,1721.32,-1191.66,0.4244997055359238,matched,1
B1,annealing_75_25,20260601-225211,386,399,1719.38,-1184.43,36.0,3.39,1721.32,-1191.66,7.485753135122717,matched,1
B1,before_annealing,20260515-160114,399,399,1721.32,-1191.66,50.0,3.99,1721.32,-1191.66,0.0,reference,1
B1,annealing_100_25,20260629-082957,330,400,587.56,-1212.64,280.0,9.44,587.38,-1206.16,6.4824995179328955,matched,1
B1,annealing_100_5,20260612-110336,370,400,588.28,-1215.32,206.0,8.1,587.38,-1206.16,9.204107778595233,matched,1
B1,annealing_125_5,20260724-111942,295,400,587.55,-1206.85,190.0,7.78,587.38,-1206.16,0.7106335201774172,matched,1
B1,annealing_150_5,20260911-101035,215,400,587.45,-1211.33,57.0,4.26,587.38,-1206.16,5.170473866097614,matched,2
B1,annealing_75_5,20260522-153514,389,400,587.57,-1206.4,168.0,7.31,587.38,-1206.16,0.3061045573003203,matched,1
B1,before_annealing,20260515-160114,400,400,587.38,-1206.16,174.0,7.44,587.38,-1206.16,0.0,reference,1
B1,annealing_100_25,20260629-082957,331,401,1492.66,-1211.27,68.0,4.65,1492.04,-1207.05,4.26530186505016,matched,1
B1,annealing_100_5,20260612-110336,371,401,1493.43,-1212.05,53.0,4.11,1492.04,-1207.05,5.189614629237925,matched,1
B1,annealing_125_5,20260724-111942,296,401,1492.18,-1207.45,83.0,5.14,1492.04,-1207.05,0.4237924020084607,matched,1
B1,annealing_75_25,20260601-225211,389,401,1490.29,-1198.24,78.0,4.98,1492.04,-1207.05,8.9821266969465,matched,1
B1,annealing_75_5,20260522-153514,390,401,1493.27,-1206.81,78.0,4.98,1492.04,-1207.05,1.253195914452345,matched,1
B1,before_annealing,20260515-160114,401,401,1492.04,-1207.05,88.0,5.29,1492.04,-1207.05,0.0,reference,1
B1,annealing_100_25,20260629-082957,334,402,1295.34,-1238.75,170.0,7.36,1294.99,-1233.66,5.10201920811742,matched,1
B1,annealing_100_5,20260612-110336,374,402,1295.99,-1240.15,162.0,7.18,1294.99,-1233.66,6.566589678059694,matched,1
B1,annealing_125_5,20260724-111942,299,402,1295.23,-1233.84,181.0,7.59,1294.99,-1233.66,0.29999999999990906,matched,1
B1,annealing_150_25,20260918-095250,170,402,1296.71,-1236.54,192.0,7.82,1294.99,-1233.66,3.354519339637113,matched,2
B1,annealing_150_5,20260911-101035,218,402,1295.62,-1237.23,215.0,8.27,1294.99,-1233.66,3.6251620653426513,matched,2
B1,annealing_75_5,20260522-153514,392,402,1295.68,-1233.92,237.0,8.69,1294.99,-1233.66,0.7373601562330789,matched,1
B1,before_annealing,20260515-160114,402,402,1294.99,-1233.66,516.0,12.82,1294.99,-1233.66,0.0,reference,1
B1,annealing_100_25,20260629-082957,335,403,1233.72,-1247.82,516.0,12.82,1233.57,-1243.0,4.822333460058461,matched,1
B1,annealing_100_5,20260612-110336,375,403,1234.31,-1249.76,366.0,10.79,1233.57,-1243.0,6.800382342192231,matched,1
B1,annealing_125_5,20260724-111942,300,403,1233.81,-1243.22,395.0,11.21,1233.57,-1243.0,0.32557641192201925,matched,1
B1,annealing_150_25,20260918-095250,173,403,1234.93,-1245.51,159.0,7.11,1233.57,-1243.0,2.8547679415322538,matched,2
B1,annealing_150_5,20260911-101035,219,403,1234.43,-1247.11,176.0,7.48,1233.57,-1243.0,4.199011788504457,matched,2
B1,annealing_75_5,20260522-153514,393,403,1234.01,-1243.21,532.0,13.01,1233.57,-1243.0,0.48754486973002115,matched,1
B1,before_annealing,20260515-160114,403,403,1233.57,-1243.0,532.0,13.01,1233.57,-1243.0,0.0,reference,1
B1,annealing_100_25,20260629-082957,337,404,1731.54,-1252.64,499.0,12.6,1731.33,-1248.9,3.7458910822393228,matched,1
B1,annealing_100_5,20260612-110336,377,404,1732.26,-1253.7,391.0,11.16,1731.33,-1248.9,4.889263748254913,matched,1
B1,annealing_125_25,20260901-102349,265,404,1733.54,-1255.54,65.0,4.55,1731.33,-1248.9,6.998121176430033,matched,1
B1,annealing_125_5,20260724-111942,302,404,1731.31,-1249.07,427.0,11.66,1731.33,-1248.9,0.1711724276860812,matched,1
B1,annealing_150_25,20260918-095250,175,404,1732.59,-1250.94,86.0,5.23,1731.33,-1248.9,2.3977489443225344,matched,1
B1,annealing_150_5,20260911-101035,220,404,1732.14,-1252.06,197.0,7.92,1731.33,-1248.9,3.2621618598713584,matched,1
B1,annealing_75_25,20260601-225211,394,404,1728.64,-1241.24,587.0,13.67,1731.33,-1248.9,8.118602096420314,matched,1
B1,annealing_75_5,20260522-153514,394,404,1731.83,-1249.03,584.0,13.63,1731.33,-1248.9,0.5166236541235498,matched,1
B1,before_annealing,20260515-160114,404,404,1731.33,-1248.9,597.0,13.79,1731.33,-1248.9,0.0,reference,1
B1,annealing_100_25,20260629-082957,336,405,2692.4,-1243.38,101.0,5.67,2692.44,-1242.04,1.3405968819896559,matched,1
B1,annealing_100_5,20260612-110336,376,405,2693.11,-1242.8,142.0,6.72,2692.44,-1242.04,1.0131633629381216,matched,1
B1,annealing_125_25,20260901-102349,261,405,2693.81,-1241.77,61.0,4.41,2692.44,-1242.04,1.3963523910530935,matched,1
B1,annealing_125_5,20260724-111942,301,405,2692.43,-1241.68,121.0,6.21,2692.44,-1242.04,0.3601388621072882,matched,1
B1,annealing_150_25,20260918-095250,172,405,2692.97,-1241.4,42.0,3.66,2692.44,-1242.04,0.8309632964214286,matched,1
B1,annealing_75_25,20260601-225211,397,405,2688.64,-1239.75,118.0,6.13,2692.44,-1242.04,4.436676684186173,matched,1
B1,annealing_75_5,20260522-153514,395,405,2692.73,-1241.74,203.0,8.04,2692.44,-1242.04,0.4172529209004433,matched,1
B1,before_annealing,20260515-160114,405,405,2692.44,-1242.04,290.0,9.61,2692.44,-1242.04,0.0,reference,1
B1,annealing_100_25,20260629-082957,338,406,2098.68,-1245.3,68.0,4.65,2098.79,-1242.24,3.0619764858665546,matched,1
B1,annealing_100_5,20260612-110336,378,406,2100.05,-1245.28,61.0,4.41,2098.79,-1242.24,3.2907749847110983,matched,1
B1,annealing_75_25,20260601-225211,395,406,2095.12,-1236.42,68.0,4.65,2098.79,-1242.24,6.880501435215299,matched,1
B1,annealing_75_5,20260522-153514,396,406,2099.28,-1242.57,71.0,4.75,2098.79,-1242.24,0.5907622195098327,matched,1
B1,before_annealing,20260515-160114,406,406,2098.79,-1242.24,62.0,4.44,2098.79,-1242.24,0.0,reference,1
B1,annealing_100_25,20260629-082957,339,407,1653.08,-1254.53,331.0,10.26,1653.23,-1250.46,4.07276318977663,matched,1
B1,annealing_100_5,20260612-110336,379,407,1654.03,-1255.43,346.0,10.49,1653.23,-1250.46,5.033974572840053,matched,1
B1,annealing_125_25,20260901-102349,264,407,1655.05,-1257.36,147.0,6.84,1653.23,-1250.46,7.135993273539283,matched,1
B1,annealing_125_5,20260724-111942,303,407,1653.17,-1250.67,324.0,10.16,1653.23,-1250.46,0.21840329667843553,matched,1
B1,annealing_150_25,20260918-095250,174,407,1654.78,-1252.38,178.0,7.53,1653.23,-1250.46,2.4675696545386794,matched,1
B1,annealing_150_5,20260911-101035,221,407,1655.07,-1253.33,96.0,5.53,1653.23,-1250.46,3.409178786746021,matched,1
B1,annealing_75_25,20260601-225211,396,407,1650.41,-1242.36,375.0,10.93,1653.23,-1250.46,8.576852569561975,matched,1
B1,annealing_75_5,20260522-153514,397,407,1653.6,-1250.63,389.0,11.13,1653.23,-1250.46,0.40718546142997786,matched,1
B1,before_annealing,20260515-160114,407,407,1653.23,-1250.46,403.0,11.33,1653.23,-1250.46,0.0,reference,1
B1,annealing_100_25,20260629-082957,340,408,1067.54,-1267.96,98.0,5.59,1067.53,-1263.22,4.740010548511479,matched,1
B1,annealing_100_5,20260612-110336,380,408,1068.65,-1270.57,277.0,9.39,1067.53,-1263.22,7.434843643278514,matched,1
B1,annealing_75_5,20260522-153514,398,408,1068.15,-1263.51,855.0,16.5,1067.53,-1263.22,0.6844705983459958,matched,1
B1,before_annealing,20260515-160114,408,408,1067.53,-1263.22,908.0,17.0,1067.53,-1263.22,0.0,reference,1
B1,annealing_100_25,20260629-082957,341,409,753.42,-1272.83,46.0,3.83,755.02,-1266.56,6.470927290582073,matched,1
B1,annealing_75_5,20260522-153514,399,409,755.15,-1266.55,77.0,4.95,755.02,-1266.56,0.13038404810404775,matched,1
B1,before_annealing,20260515-160114,409,409,755.02,-1266.56,98.0,5.59,755.02,-1266.56,0.0,reference,1
B1,annealing_100_5,20260612-110336,381,410,2032.38,-1269.29,65.0,4.55,2032.03,-1267.0,2.3165923249462623,matched,1
B1,annealing_75_5,20260522-153514,400,410,2031.17,-1266.22,72.0,4.79,2032.03,-1267.0,1.161034021895907,matched,1
B1,before_annealing,20260515-160114,410,410,2032.03,-1267.0,71.0,4.75,2032.03,-1267.0,0.0,reference,1
B1,annealing_125_25,20260901-102349,266,411,2695.16,-1268.51,50.0,3.99,2694.26,-1268.33,0.9178235124463571,matched,1
B1,annealing_150_25,20260918-095250,177,411,2694.35,-1267.94,56.0,4.22,2694.26,-1268.33,0.40024992192359643,matched,1
B1,annealing_75_25,20260601-225211,399,411,2688.57,-1265.35,46.0,3.83,2694.26,-1268.33,6.423122293713606,matched,1
B1,annealing_75_5,20260522-153514,401,411,2693.61,-1268.07,39.0,3.52,2694.26,-1268.33,0.7000714249275666,matched,1
B1,before_annealing,20260515-160114,411,411,2694.26,-1268.33,42.0,3.66,2694.26,-1268.33,0.0,reference,1
B1,annealing_100_25,20260629-082957,342,412,2357.99,-1292.64,721.0,15.15,2358.27,-1289.46,3.192303243741189,matched,1
B1,annealing_100_5,20260612-110336,383,412,2358.91,-1291.42,1009.0,17.92,2358.27,-1289.46,2.0618438350175747,matched,1
B1,annealing_125_25,20260901-102349,267,412,2360.12,-1291.96,596.0,13.77,2358.27,-1289.46,3.110064308016743,matched,1
B1,annealing_125_5,20260724-111942,304,412,2358.24,-1288.98,914.0,17.06,2358.27,-1289.46,0.48093658625647256,matched,1
B1,annealing_150_25,20260918-095250,179,412,2359.63,-1289.88,309.0,9.92,2358.27,-1289.46,1.42337626789279,matched,1
B1,annealing_150_5,20260911-101035,224,412,2358.73,-1290.95,305.0,9.85,2358.27,-1289.46,1.5593909067325167,matched,1
B1,annealing_75_25,20260601-225211,401,412,2354.78,-1285.62,941.0,17.31,2358.27,-1289.46,5.1889979764882925,matched,1
B1,annealing_75_5,20260522-153514,402,412,2358.14,-1289.73,871.0,16.65,2358.27,-1289.46,0.2996664812754649,matched,1
B1,before_annealing,20260515-160114,412,412,2358.27,-1289.46,919.0,17.1,2358.27,-1289.46,0.0,reference,1
B1,annealing_100_5,20260612-110336,385,413,1095.01,-1294.65,38.0,3.48,1094.13,-1285.94,8.75434177993985,matched,1
B1,annealing_75_5,20260522-153514,406,413,1095.14,-1286.76,59.0,4.33,1094.13,-1285.94,1.3009611831257215,matched,1
B1,before_annealing,20260515-160114,413,413,1094.13,-1285.94,231.0,8.57,1094.13,-1285.94,0.0,reference,1
B1,annealing_75_25,20260601-225211,402,414,2669.78,-1276.1,62.0,4.44,2673.58,-1278.6,4.548626166217436,matched,1
B1,annealing_75_5,20260522-153514,403,414,2673.47,-1279.03,70.0,4.72,2673.58,-1278.6,0.4438468204235362,matched,1
B1,before_annealing,20260515-160114,414,414,2673.58,-1278.6,76.0,4.92,2673.58,-1278.6,0.0,reference,1
B1,annealing_75_5,20260522-153514,405,415,1975.89,-1284.27,67.0,4.62,1975.65,-1283.79,0.5366563145999699,matched,1
B1,before_annealing,20260515-160114,415,415,1975.65,-1283.79,60.0,4.37,1975.65,-1283.79,0.0,reference,1
B1,annealing_100_5,20260612-110336,384,416,843.93,-1296.75,237.0,8.69,843.16,-1288.42,8.365512536599223,matched,1
B1,annealing_75_5,20260522-153514,404,416,843.66,-1288.67,243.0,8.79,843.16,-1288.42,0.5590169943749475,matched,1
B1,before_annealing,20260515-160114,416,416,843.16,-1288.42,243.0,8.79,843.16,-1288.42,0.0,reference,1
B1,annealing_100_25,20260629-082957,343,417,658.11,-1310.92,124.0,6.28,657.94,-1305.16,5.762508134484487,matched,1
B1,annealing_100_5,20260612-110336,386,417,658.77,-1314.34,180.0,7.57,657.94,-1305.16,9.217445416165852,matched,1
B1,annealing_125_5,20260724-111942,307,417,657.3,-1305.3,119.0,6.15,657.94,-1305.16,0.6551335741664385,matched,1
B1,annealing_150_5,20260911-101035,226,417,658.03,-1309.01,70.0,4.72,657.94,-1305.16,3.8510518043775113,matched,1
B1,annealing_75_5,20260522-153514,407,417,657.99,-1304.95,310.0,9.93,657.94,-1305.16,0.21587033144925388,matched,1
B1,before_annealing,20260515-160114,417,417,657.94,-1305.16,293.0,9.66,657.94,-1305.16,0.0,reference,1
B1,annealing_100_25,20260629-082957,344,418,2658.07,-1314.54,62.0,4.44,2658.54,-1313.22,1.4011780757632641,matched,1
B1,annealing_100_5,20260612-110336,387,418,2659.13,-1313.21,73.0,4.82,2658.54,-1313.22,0.5900847396774226,matched,1
B1,annealing_75_25,20260601-225211,404,418,2655.31,-1310.66,63.0,4.48,2658.54,-1313.22,4.12146818500396,matched,1
B1,annealing_75_5,20260522-153514,408,418,2658.37,-1313.62,69.0,4.69,2658.54,-1313.22,0.4346262762419175,matched,1
B1,before_annealing,20260515-160114,418,418,2658.54,-1313.22,78.0,4.98,2658.54,-1313.22,0.0,reference,1
B1,annealing_75_5,20260522-153514,409,419,916.25,-1322.3,82.0,5.11,917.09,-1323.07,1.1395174417269907,matched,1
B1,before_annealing,20260515-160114,419,419,917.09,-1323.07,57.0,4.26,917.09,-1323.07,0.0,reference,1
B1,annealing_100_25,20260629-082957,345,420,1827.09,-1344.06,76.0,4.92,1826.97,-1341.8,2.263183598385233,matched,1
B1,annealing_100_5,20260612-110336,388,420,1827.76,-1345.54,201.0,8.0,1826.97,-1341.8,3.8225253432776625,matched,1
B1,annealing_125_25,20260901-102349,269,420,1828.73,-1348.09,101.0,5.67,1826.97,-1341.8,6.531592455136765,matched,1
B1,annealing_125_5,20260724-111942,308,420,1826.29,-1341.25,151.0,6.93,1826.97,-1341.8,0.8745856161634701,matched,1
B1,annealing_150_5,20260911-101035,227,420,1827.85,-1343.6,167.0,7.29,1826.97,-1341.8,2.003596765818818,matched,1
B1,annealing_75_25,20260601-225211,407,420,1823.17,-1334.96,192.0,7.82,1826.97,-1341.8,7.824678907150027,matched,1
B1,annealing_75_5,20260522-153514,410,420,1827.14,-1342.32,206.0,8.1,1826.97,-1341.8,0.5470831746636026,matched,1
B1,before_annealing,20260515-160114,420,420,1826.97,-1341.8,194.0,7.86,1826.97,-1341.8,0.0,reference,1
B1,annealing_100_5,20260612-110336,389,421,2191.64,-1342.38,66.0,4.58,2191.99,-1340.09,2.316592324946453,matched,1
B1,annealing_75_25,20260601-225211,408,421,2186.98,-1335.11,88.0,5.29,2191.99,-1340.09,7.064028595638455,matched,1
B1,annealing_75_5,20260522-153514,413,421,2191.84,-1341.29,66.0,4.58,2191.99,-1340.09,1.2093386622447824,matched,1
B1,before_annealing,20260515-160114,421,421,2191.99,-1340.09,75.0,4.89,2191.99,-1340.09,0.0,reference,1
B1,annealing_100_25,20260629-082957,347,422,1168.97,-1348.72,40.0,3.57,1171.48,-1343.14,6.118537406929792,matched,1
B1,annealing_100_5,20260612-110336,390,422,1172.64,-1349.0,89.0,5.32,1171.48,-1343.14,5.97370906556379,matched,1
B1,annealing_125_25,20260901-102349,270,422,1172.98,-1352.33,59.0,4.33,1171.48,-1343.14,9.311611031394987,matched,1
B1,annealing_125_5,20260724-111942,309,422,1171.18,-1342.41,42.0,3.66,1171.48,-1343.14,0.7892401408950253,matched,1
B1,annealing_75_5,20260522-153514,411,422,1171.28,-1343.15,195.0,7.88,1171.48,-1343.14,0.20024984394505282,matched,1
B1,before_annealing,20260515-160114,422,422,1171.48,-1343.14,202.0,8.02,1171.48,-1343.14,0.0,reference,1
B1,annealing_100_25,20260629-082957,346,423,721.26,-1355.53,344.0,10.46,720.84,-1350.38,5.1670978314716045,matched,1
B1,annealing_100_5,20260612-110336,391,423,721.89,-1358.78,453.0,12.01,720.84,-1350.38,8.465370635713336,matched,1
B1,annealing_125_5,20260724-111942,310,423,720.75,-1350.76,158.0,7.09,720.84,-1350.38,0.390512483795225,matched,1
B1,annealing_150_5,20260911-101035,229,423,722.74,-1355.85,65.0,4.55,720.84,-1350.38,5.790587189568751,matched,2
B1,annealing_75_5,20260522-153514,412,423,720.9,-1350.08,463.0,12.14,720.84,-1350.38,0.30594117081573474,matched,1
B1,before_annealing,20260515-160114,423,423,720.84,-1350.38,436.0,11.78,720.84,-1350.38,0.0,reference,1
B1,annealing_100_25,20260629-082957,348,424,1087.66,-1353.89,138.0,6.63,1087.44,-1349.37,4.525350815130459,matched,1
B1,annealing_100_5,20260612-110336,392,424,1088.57,-1356.42,181.0,7.59,1087.44,-1349.37,7.139985994384183,matched,1
B1,annealing_75_5,20260522-153514,415,424,1087.56,-1349.37,142.0,6.72,1087.44,-1349.37,0.11999999999989086,matched,1
B1,before_annealing,20260515-160114,424,424,1087.44,-1349.37,176.0,7.48,1087.44,-1349.37,0.0,reference,1
B1,annealing_100_25,20260629-082957,349,425,2497.49,-1359.86,154.0,7.0,2497.57,-1357.95,1.9116746585126627,matched,1
B1,annealing_100_5,20260612-110336,393,425,2498.33,-1358.87,200.0,7.98,2497.57,-1357.95,1.193314711213834,matched,1
B1,annealing_125_25,20260901-102349,272,425,2499.07,-1359.44,115.0,6.05,2497.57,-1357.95,2.1142611002428313,matched,1
B1,annealing_125_5,20260724-111942,311,425,2497.75,-1357.4,130.0,6.43,2497.57,-1357.95,0.5787054518491174,matched,1
B1,annealing_150_25,20260918-095250,181,425,2498.69,-1358.29,108.0,5.86,2497.57,-1357.95,1.1704699910718344,matched,1
B1,annealing_150_5,20260911-101035,230,425,2497.51,-1358.67,80.0,5.05,2497.57,-1357.95,0.7224956747275604,matched,1
B1,annealing_75_25,20260601-225211,410,425,2493.93,-1354.63,289.0,9.59,2497.57,-1357.95,4.926662156064891,matched,1
B1,annealing_75_5,20260522-153514,416,425,2497.28,-1358.17,271.0,9.29,2497.57,-1357.95,0.3640054944640134,matched,1
B1,before_annealing,20260515-160114,425,425,2497.57,-1357.95,256.0,9.03,2497.57,-1357.95,0.0,reference,1
B1,annealing_100_25,20260629-082957,350,426,2267.42,-1372.69,389.0,11.13,2267.62,-1370.22,2.4780839372386203,matched,1
B1,annealing_100_5,20260612-110336,396,426,2268.52,-1372.02,316.0,10.03,2267.62,-1370.22,2.0124611797498106,matched,1
B1,annealing_125_25,20260901-102349,276,426,2269.5,-1372.82,170.0,7.36,2267.62,-1370.22,3.2084887408248663,matched,1
B1,annealing_125_5,20260724-111942,314,426,2267.78,-1369.52,202.0,8.02,2267.62,-1370.22,0.7180529228407629,matched,1
B1,annealing_150_25,20260918-095250,184,426,2268.67,-1371.69,62.0,4.44,2267.62,-1370.22,1.8064883060790795,matched,1
B1,annealing_150_5,20260911-101035,233,426,2268.59,-1371.88,129.0,6.41,2267.62,-1370.22,1.9226284092358477,matched,1
B1,annealing_75_25,20260601-225211,412,426,2263.47,-1365.75,521.0,12.88,2267.62,-1370.22,6.099458992402605,matched,1
B1,annealing_75_5,20260522-153514,417,426,2267.24,-1370.72,507.0,12.7,2267.62,-1370.22,0.6280127387243694,matched,1
B1,before_annealing,20260515-160114,426,426,2267.62,-1370.22,493.0,12.53,2267.62,-1370.22,0.0,reference,1
B1,annealing_100_25,20260629-082957,352,427,2330.63,-1372.62,297.0,9.72,2330.82,-1370.29,2.3377339455121238,matched,1
B1,annealing_100_5,20260612-110336,395,427,2331.6,-1371.72,311.0,9.95,2330.82,-1370.29,1.6288953311983507,matched,1
B1,annealing_125_25,20260901-102349,275,427,2332.94,-1372.91,162.0,7.18,2330.82,-1370.29,3.3702818873204294,matched,1
B1,annealing_125_5,20260724-111942,313,427,2330.83,-1369.66,315.0,10.01,2330.82,-1370.29,0.6300793600808126,matched,1
B1,annealing_150_5,20260911-101035,232,427,2331.32,-1370.01,79.0,5.01,2330.82,-1370.29,0.5730619512757628,matched,1
B1,annealing_75_25,20260601-225211,414,427,2326.67,-1366.22,267.0,9.22,2330.82,-1370.29,5.812693007548243,matched,1
B1,annealing_75_5,20260522-153514,419,427,2330.1,-1370.65,340.0,10.4,2330.82,-1370.29,0.804984471900209,matched,1
B1,before_annealing,20260515-160114,427,427,2330.82,-1370.29,395.0,11.21,2330.82,-1370.29,0.0,reference,1
B1,annealing_100_25,20260629-082957,351,428,2618.31,-1366.13,123.0,6.26,2618.4,-1364.62,1.5126797413863535,matched,1
B1,annealing_100_5,20260612-110336,394,428,2619.1,-1364.77,121.0,6.21,2618.4,-1364.62,0.7158910531636589,matched,1
B1,annealing_125_25,20260901-102349,274,428,2620.32,-1364.99,119.0,6.15,2618.4,-1364.62,1.955326059766086,matched,1
B1,annealing_125_5,20260724-111942,312,428,2618.3,-1363.56,111.0,5.94,2618.4,-1364.62,1.0647065323364302,matched,1
B1,annealing_150_25,20260918-095250,183,428,2620.06,-1364.26,118.0,6.13,2618.4,-1364.62,1.6985876486067608,matched,1
B1,annealing_150_5,20260911-101035,231,428,2619.65,-1365.08,117.0,6.1,2618.4,-1364.62,1.3319534526401564,matched,1
B1,annealing_75_25,20260601-225211,413,428,2614.34,-1362.11,123.0,6.26,2618.4,-1364.62,4.773227419681521,matched,1
B1,annealing_75_5,20260522-153514,420,428,2617.67,-1364.98,125.0,6.31,2618.4,-1364.62,0.813941029805058,matched,1
B1,before_annealing,20260515-160114,428,428,2618.4,-1364.62,139.0,6.65,2618.4,-1364.62,0.0,reference,1
B1,annealing_75_5,20260522-153514,418,429,547.31,-1365.31,111.0,5.94,547.19,-1365.12,0.2247220505424302,matched,1
B1,before_annealing,20260515-160114,429,429,547.19,-1365.12,114.0,6.02,547.19,-1365.12,0.0,reference,1
B1,annealing_125_5,20260724-111942,315,430,353.43,-1387.46,988.0,17.73,349.74,-1387.53,3.6906638969161056,matched,1
B1,annealing_150_25,20260918-095250,186,430,352.88,-1391.76,334.0,10.31,349.74,-1387.53,5.268064160581197,matched,2
B1,annealing_75_5,20260522-153514,499,430,347.8,-1387.23,2118.0,25.96,349.74,-1387.53,1.963058837630692,matched,1
B1,before_annealing,20260515-160114,430,430,349.74,-1387.53,1481.0,21.71,349.74,-1387.53,0.0,reference,1
B1,annealing_100_25,20260629-082957,353,431,2674.2,-1371.54,174.0,7.44,2674.47,-1369.86,1.701558109498528,matched,1
B1,annealing_100_5,20260612-110336,397,431,2674.88,-1369.93,183.0,7.63,2674.47,-1369.86,0.4159326868620408,matched,1
B1,annealing_150_25,20260918-095250,182,431,2675.98,-1369.4,499.0,12.6,2674.47,-1369.86,1.5785119575095032,matched,1
B1,annealing_150_5,20260911-101035,228,431,2675.66,-1370.17,621.0,14.06,2674.47,-1369.86,1.229715414232186,matched,1
B1,annealing_75_25,20260601-225211,415,431,2670.33,-1367.83,182.0,7.61,2674.47,-1369.86,4.61091097289883,matched,1
B1,annealing_75_5,20260522-153514,421,431,2674.06,-1369.99,174.0,7.44,2674.47,-1369.86,0.43011626335202563,matched,1
B1,before_annealing,20260515-160114,431,431,2674.47,-1369.86,190.0,7.78,2674.47,-1369.86,0.0,reference,1
B1,annealing_100_25,20260629-082957,355,432,956.57,-1386.53,224.0,8.44,956.11,-1381.62,4.931500785765002,matched,1
B1,annealing_100_5,20260612-110336,398,432,957.08,-1388.89,219.0,8.35,956.11,-1381.62,7.334425676220538,matched,1
B1,annealing_125_5,20260724-111942,317,432,956.11,-1380.72,92.0,5.41,956.11,-1381.62,0.8999999999998636,matched,1
B1,annealing_150_25,20260918-095250,185,432,957.91,-1384.25,52.0,4.07,956.11,-1381.62,3.1869891747541925,matched,2
B1,annealing_150_5,20260911-101035,235,432,956.45,-1383.98,98.0,5.59,956.11,-1381.62,2.3843657437567383,matched,1
B1,annealing_75_5,20260522-153514,423,432,956.38,-1381.44,209.0,8.16,956.11,-1381.62,0.32449961479165307,matched,1
B1,before_annealing,20260515-160114,432,432,956.11,-1381.62,258.0,9.06,956.11,-1381.62,0.0,reference,1
B1,annealing_100_25,20260629-082957,356,433,400.61,-1394.0,517.0,12.83,400.74,-1389.08,4.921717180009505,matched,1
B1,annealing_100_5,20260612-110336,461,433,401.17,-1398.03,657.0,14.46,400.74,-1389.08,8.96032365486877,matched,1
B1,annealing_125_5,20260724-111942,316,433,400.08,-1387.86,527.0,12.95,400.74,-1389.08,1.387083270752012,matched,1
B1,annealing_150_25,20260918-095250,187,433,402.18,-1392.06,171.0,7.38,400.74,-1389.08,3.3096827642540156,matched,1
B1,annealing_150_5,20260911-101035,236,433,401.26,-1392.42,398.0,11.26,400.74,-1389.08,3.3802366781042053,matched,1
B1,annealing_75_5,20260522-153514,500,433,400.72,-1389.26,917.0,17.08,400.74,-1389.08,0.1811077027628096,matched,1
B1,before_annealing,20260515-160114,433,433,400.74,-1389.08,771.0,15.67,400.74,-1389.08,0.0,reference,1
B1,annealing_75_5,20260522-153514,422,434,695.15,-1382.46,160.0,7.14,694.75,-1382.18,0.48826222462931385,matched,1
B1,before_annealing,20260515-160114,434,434,694.75,-1382.18,110.0,5.92,694.75,-1382.18,0.0,reference,1
B1,annealing_100_25,20260629-082957,357,435,1882.0,-1389.09,44.0,3.74,1881.2,-1386.98,2.2565681908596305,matched,1
B1,annealing_100_5,20260612-110336,399,435,1881.55,-1390.45,57.0,4.26,1881.2,-1386.98,3.487606629194314,matched,1
B1,annealing_125_25,20260901-102349,279,435,1883.35,-1392.94,80.0,5.05,1881.2,-1386.98,6.335937184032039,matched,1
B1,annealing_125_5,20260724-111942,318,435,1881.27,-1386.4,78.0,4.98,1881.2,-1386.98,0.5842088667590614,matched,1
B1,annealing_75_25,20260601-225211,419,435,1876.99,-1380.14,125.0,6.31,1881.2,-1386.98,8.031793075023733,matched,1
B1,annealing_75_5,20260522-153514,424,435,1881.08,-1386.67,71.0,4.75,1881.2,-1386.98,0.332415402771885,matched,1
B1,before_annealing,20260515-160114,435,435,1881.2,-1386.98,85.0,5.2,1881.2,-1386.98,0.0,reference,1
B1,annealing_100_25,20260629-082957,359,436,2041.74,-1401.94,217.0,8.31,2041.99,-1399.06,2.8908303305452967,matched,1
B1,annealing_100_5,20260612-110336,400,436,2042.65,-1401.79,250.0,8.92,2041.99,-1399.06,2.8086473612755674,matched,1
B1,annealing_125_25,20260901-102349,281,436,2044.9,-1402.84,62.0,4.44,2041.99,-1399.06,4.77037734356521,matched,1
B1,annealing_125_5,20260724-111942,319,436,2041.46,-1398.47,140.0,6.68,2041.99,-1399.06,0.793095202355855,matched,1
B1,annealing_75_25,20260601-225211,421,436,2037.33,-1393.03,253.0,8.97,2041.99,-1399.06,7.620793921895568,matched,1
B1,annealing_75_5,20260522-153514,425,436,2041.22,-1399.68,180.0,7.57,2041.99,-1399.06,0.9885848471426814,matched,1
B1,before_annealing,20260515-160114,436,436,2041.99,-1399.06,166.0,7.27,2041.99,-1399.06,0.0,reference,1
B1,annealing_100_25,20260629-082957,361,437,1504.04,-1413.41,178.0,7.53,1503.5,-1409.63,3.8183766184073247,matched,1
B1,annealing_100_5,20260612-110336,401,437,1504.65,-1414.72,558.0,13.33,1503.5,-1409.63,5.218294740621631,matched,1
B1,annealing_125_25,20260901-102349,282,437,1506.07,-1418.02,441.0,11.85,1503.5,-1409.63,8.77479344486225,matched,1
B1,annealing_125_5,20260724-111942,320,437,1503.57,-1409.24,238.0,8.7,1503.5,-1409.63,0.3962322551232662,matched,2
B1,annealing_150_25,20260918-095250,188,437,1505.2,-1411.33,123.0,6.26,1503.5,-1409.63,2.404163056034165,matched,1
B1,annealing_150_5,20260911-101035,237,437,1505.11,-1411.9,61.0,4.41,1503.5,-1409.63,2.7829840100150767,matched,1
B1,annealing_75_5,20260522-153514,426,437,1503.47,-1409.83,660.0,14.49,1503.5,-1409.63,0.2022374841613829,matched,1
B1,before_annealing,20260515-160114,437,437,1503.5,-1409.63,484.0,12.41,1503.5,-1409.63,0.0,reference,1
B1,annealing_100_25,20260629-082957,362,438,2125.07,-1422.51,118.0,6.13,2125.69,-1420.15,2.4400819658362694,matched,1
B1,annealing_100_5,20260612-110336,404,438,2126.62,-1422.23,139.0,6.65,2125.69,-1420.15,2.2784424504471015,matched,1
B1,annealing_125_25,20260901-102349,283,438,2127.94,-1422.95,76.0,4.92,2125.69,-1420.15,3.5920050111323265,matched,1
B1,annealing_125_5,20260724-111942,321,438,2125.46,-1419.15,203.0,8.04,2125.69,-1420.15,1.0261091559868318,matched,1
B1,annealing_150_5,20260911-101035,238,438,2127.98,-1420.59,38.0,3.48,2125.69,-1420.15,2.331887647379196,matched,1
B1,annealing_75_25,20260601-225211,424,438,2120.33,-1414.03,136.0,6.58,2125.69,-1420.15,8.135354940013546,matched,1
B1,annealing_75_5,20260522-153514,428,438,2124.81,-1420.46,156.0,7.05,2125.69,-1420.15,0.9330058949439485,matched,1
B1,before_annealing,20260515-160114,438,438,2125.69,-1420.15,141.0,6.7,2125.69,-1420.15,0.0,reference,1
B1,annealing_100_25,20260629-082957,363,439,2676.12,-1430.07,76.0,4.92,2675.62,-1426.95,3.159810120877411,matched,1
B1,annealing_100_5,20260612-110336,406,439,2676.49,-1428.13,71.0,4.75,2675.62,-1426.95,1.4660491124106179,matched,1
B1,annealing_75_25,20260601-225211,425,439,2671.06,-1424.91,62.0,4.44,2675.62,-1426.95,4.995517991159611,matched,1
B1,annealing_75_5,20260522-153514,429,439,2674.89,-1427.26,42.0,3.66,2675.62,-1426.95,0.7930952023559295,matched,1
B1,before_annealing,20260515-160114,439,439,2675.62,-1426.95,83.0,5.14,2675.62,-1426.95,0.0,reference,1
B1,annealing_100_25,20260629-082957,364,440,1794.77,-1446.3,148.0,6.86,1794.25,-1443.47,2.8773772780084936,matched,1
B1,annealing_100_5,20260612-110336,407,440,1795.83,-1447.46,184.0,7.65,1794.25,-1443.47,4.291444978093025,matched,1
B1,annealing_125_5,20260724-111942,322,440,1794.61,-1442.82,71.0,4.75,1794.25,-1443.47,0.743034319530428,matched,1
B1,annealing_150_25,20260918-095250,189,440,1795.92,-1444.59,56.0,4.22,1794.25,-1443.47,2.0107958623390885,matched,1
B1,annealing_75_25,20260601-225211,427,440,1789.97,-1436.08,188.0,7.74,1794.25,-1443.47,8.539935596946926,matched,1
B1,annealing_75_5,20260522-153514,430,440,1794.46,-1443.54,190.0,7.78,1794.25,-1443.47,0.22135943621180093,matched,1
B1,before_annealing,20260515-160114,440,440,1794.25,-1443.47,183.0,7.63,1794.25,-1443.47,0.0,reference,1
B1,annealing_75_25,20260601-225211,428,441,492.4,-1441.27,42.0,3.66,489.34,-1444.28,4.292283774402615,matched,1
B1,before_annealing,20260515-160114,441,441,489.34,-1444.28,50.0,3.99,489.34,-1444.28,0.0,reference,1
B1,annealing_100_25,20260629-082957,365,442,840.75,-1451.2,116.0,6.08,840.76,-1446.24,4.960010080634953,matched,2
B1,annealing_100_5,20260612-110336,408,442,844.28,-1454.2,56.0,4.22,840.76,-1446.24,8.703562489004169,matched,2
B1,annealing_75_5,20260522-153514,431,442,840.14,-1446.33,99.0,5.61,840.76,-1446.24,0.6264982043070761,matched,1
B1,before_annealing,20260515-160114,442,442,840.76,-1446.24,134.0,6.53,840.76,-1446.24,0.0,reference,1
B1,annealing_100_25,20260629-082957,366,443,735.86,-1469.84,483.0,12.4,735.28,-1464.69,5.182557283812562,matched,1
B1,annealing_100_5,20260612-110336,410,443,736.85,-1473.39,894.0,16.87,735.28,-1464.69,8.84052600245036,matched,1
B1,annealing_125_5,20260724-111942,324,443,735.3,-1464.52,336.0,10.34,735.28,-1464.69,0.17117242768630703,matched,1
B1,annealing_150_5,20260911-101035,240,443,737.2,-1468.71,149.0,6.89,735.28,-1464.69,4.454974747403192,matched,1
B1,annealing_75_5,20260522-153514,434,443,735.54,-1464.54,495.0,12.55,735.28,-1464.69,0.30016662039611025,matched,1
B1,before_annealing,20260515-160114,443,443,735.28,-1464.69,852.0,16.47,735.28,-1464.69,0.0,reference,1
B1,annealing_100_25,20260629-082957,368,444,814.75,-1462.73,54.0,4.15,814.8,-1457.94,4.790260953225789,matched,1
B1,before_annealing,20260515-160114,444,444,814.8,-1457.94,227.0,8.5,814.8,-1457.94,0.0,reference,1
B1,annealing_100_25,20260629-082957,367,445,1118.05,-1462.0,73.0,4.82,1117.09,-1457.67,4.43514374062436,matched,1
B1,annealing_100_5,20260612-110336,411,445,1118.57,-1463.39,127.0,6.36,1117.09,-1457.67,5.908366948658518,matched,1
B1,annealing_75_5,20260522-153514,433,445,1117.11,-1457.26,206.0,8.1,1117.09,-1457.67,0.4104875150355567,matched,1
B1,before_annealing,20260515-160114,445,445,1117.09,-1457.67,195.0,7.88,1117.09,-1457.67,0.0,reference,1
B1,annealing_100_5,20260612-110336,409,446,2484.3,-1455.54,43.0,3.7,2482.8,-1454.54,1.8027756377319946,matched,1
B1,before_annealing,20260515-160114,446,446,2482.8,-1454.54,83.0,5.14,2482.8,-1454.54,0.0,reference,1
B1,before_annealing,20260515-160114,447,447,494.67,-1457.1,45.0,3.78,494.67,-1457.1,0.0,reference,1
B1,annealing_100_25,20260629-082957,369,448,1466.34,-1470.66,124.0,6.28,1465.94,-1467.0,3.681793041440609,matched,1
B1,annealing_100_5,20260612-110336,412,448,1467.29,-1472.07,181.0,7.59,1465.94,-1467.0,5.246656077922309,matched,1
B1,annealing_125_25,20260901-102349,286,448,1468.57,-1475.65,89.0,5.32,1465.94,-1467.0,9.04098445967036,matched,1
B1,annealing_125_5,20260724-111942,325,448,1466.03,-1466.22,113.0,6.0,1465.94,-1467.0,0.7851751396981076,matched,2
B1,annealing_150_5,20260911-101035,241,448,1467.16,-1469.89,54.0,4.15,1465.94,-1467.0,3.1369571243484735,matched,1
B1,annealing_75_5,20260522-153514,435,448,1465.94,-1466.99,164.0,7.23,1465.94,-1467.0,0.009999999999990905,matched,1
B1,before_annealing,20260515-160114,448,448,1465.94,-1467.0,179.0,7.55,1465.94,-1467.0,0.0,reference,1
B1,annealing_100_25,20260629-082957,410,449,2138.7,-1471.84,96.0,5.53,2138.58,-1468.62,3.2222352490158364,matched,1
B1,annealing_100_5,20260612-110336,462,449,2140.03,-1471.04,101.0,5.67,2138.58,-1468.62,2.82115224686672,matched,1
B1,annealing_125_25,20260901-102349,321,449,2140.61,-1472.53,104.0,5.75,2138.58,-1468.62,4.40556466301443,matched,2
B1,annealing_125_5,20260724-111942,360,449,2138.19,-1467.63,110.0,5.92,2138.58,-1468.62,1.0640488710578422,matched,1
B1,annealing_150_25,20260918-095250,190,449,2140.14,-1469.51,113.0,6.0,2138.58,-1468.62,1.796023385148425,matched,1
B1,annealing_150_5,20260911-101035,269,449,2140.13,-1470.04,102.0,5.7,2138.58,-1468.62,2.1021179795627005,matched,1
B1,annealing_75_25,20260601-225211,493,449,2134.16,-1463.63,94.0,5.47,2138.58,-1468.62,6.6660708067045364,matched,1
B1,annealing_75_5,20260522-153514,503,449,2138.21,-1469.95,96.0,5.53,2138.58,-1468.62,1.3805071531869477,matched,1
B1,before_annealing,20260515-160114,449,449,2138.58,-1468.62,81.0,5.08,2138.58,-1468.62,0.0,reference,1
B1,annealing_100_25,20260629-082957,370,450,841.98,-1477.46,213.0,8.23,841.54,-1472.97,4.511507508582927,matched,1
B1,annealing_100_5,20260612-110336,415,450,844.22,-1481.97,54.0,4.15,841.54,-1472.97,9.39054843978776,matched,1
B1,annealing_125_5,20260724-111942,326,450,841.34,-1472.4,226.0,8.48,841.54,-1472.97,0.6040695324214755,matched,1
B1,annealing_150_5,20260911-101035,242,450,842.22,-1475.84,165.0,7.25,841.54,-1472.97,2.9494575772503424,matched,1
B1,annealing_75_5,20260522-153514,436,450,841.9,-1471.9,81.0,5.08,841.54,-1472.97,1.1289375536316761,matched,1
B1,before_annealing,20260515-160114,450,450,841.54,-1472.97,106.0,5.81,841.54,-1472.97,0.0,reference,1
B1,annealing_125_5,20260724-111942,327,451,410.28,-1479.09,120.0,6.18,411.18,-1480.17,1.4058449416633385,matched,1
B1,annealing_150_5,20260911-101035,245,451,411.72,-1484.31,55.0,4.18,411.18,-1480.17,4.175068861707429,matched,2
B1,annealing_75_5,20260522-153514,437,451,411.15,-1480.22,368.0,10.82,411.18,-1480.17,0.058309518948429215,matched,1
B1,before_annealing,20260515-160114,451,451,411.18,-1480.17,347.0,10.51,411.18,-1480.17,0.0,reference,1
B1,annealing_100_25,20260629-082957,374,452,2655.44,-1490.79,143.0,6.75,2655.43,-1488.96,1.8300273222003376,matched,1
B1,annealing_100_5,20260612-110336,417,452,2656.64,-1489.16,174.0,7.44,2655.43,-1488.96,1.2264175471674017,matched,1
B1,annealing_125_25,20260901-102349,289,452,2658.34,-1489.09,104.0,5.75,2655.43,-1488.96,2.9129023327262056,matched,1
B1,annealing_125_5,20260724-111942,330,452,2655.74,-1488.34,159.0,7.11,2655.43,-1488.96,0.6931810730250162,matched,1
B1,annealing_150_25,20260918-095250,192,452,2657.15,-1488.64,116.0,6.08,2655.43,-1488.96,1.7495142182905616,matched,1
B1,annealing_150_5,20260911-101035,247,452,2657.26,-1489.29,78.0,4.98,2655.43,-1488.96,1.8595160660777712,matched,1
B1,annealing_75_25,20260601-225211,437,452,2650.63,-1486.82,338.0,10.37,2655.43,-1488.96,5.255435281686743,matched,1
B1,annealing_75_5,20260522-153514,438,452,2655.12,-1489.27,521.0,12.88,2655.43,-1488.96,0.4384062043355823,matched,1
B1,before_annealing,20260515-160114,452,452,2655.43,-1488.96,511.0,12.75,2655.43,-1488.96,0.0,reference,1
B1,annealing_100_25,20260629-082957,373,453,1647.05,-1489.7,210.0,8.18,1646.58,-1486.11,3.620635303368881,matched,1
B1,annealing_100_5,20260612-110336,416,453,1648.08,-1490.76,207.0,8.12,1646.58,-1486.11,4.885949242470786,matched,1
B1,annealing_125_25,20260901-102349,290,453,1649.55,-1493.6,157.0,7.07,1646.58,-1486.11,8.05735688672162,matched,1
B1,annealing_125_5,20260724-111942,329,453,1646.52,-1485.74,121.0,6.21,1646.58,-1486.11,0.3748332962797098,matched,1
B1,annealing_150_5,20260911-101035,243,453,1648.02,-1488.18,216.0,8.29,1646.58,-1486.11,2.5216066307021077,matched,1
B1,annealing_75_25,20260601-225211,435,453,1641.8,-1477.74,232.0,8.59,1646.58,-1486.11,9.638739544151917,matched,1
B1,annealing_75_5,20260522-153514,439,453,1646.58,-1486.33,240.0,8.74,1646.58,-1486.11,0.22000000000002728,matched,1
B1,before_annealing,20260515-160114,453,453,1646.58,-1486.11,243.0,8.79,1646.58,-1486.11,0.0,reference,1
B1,annealing_100_25,20260629-082957,411,454,2137.97,-1484.74,140.0,6.68,2138.19,-1481.97,2.77872272816127,matched,1
B1,annealing_100_5,20260612-110336,463,454,2139.92,-1483.91,165.0,7.25,2138.19,-1481.97,2.599326835932772,matched,1
B1,annealing_125_25,20260901-102349,322,454,2140.77,-1485.05,102.0,5.7,2138.19,-1481.97,4.017810348933755,matched,1
B1,annealing_125_5,20260724-111942,361,454,2138.19,-1481.38,106.0,5.81,2138.19,-1481.97,0.5899999999999181,matched,1
B1,annealing_150_25,20260918-095250,191,454,2140.4,-1482.46,43.0,3.7,2138.19,-1481.97,2.263669587196897,matched,1
B1,annealing_150_5,20260911-101035,270,454,2140.05,-1483.22,122.0,6.23,2138.19,-1481.97,2.241004239175034,matched,1
B1,annealing_75_25,20260601-225211,494,454,2133.4,-1477.04,152.0,6.96,2138.19,-1481.97,6.873790802752167,matched,2
B1,annealing_75_5,20260522-153514,504,454,2137.39,-1482.16,176.0,7.48,2138.19,-1481.97,0.8222530024270582,matched,1
B1,before_annealing,20260515-160114,454,454,2138.19,-1481.97,128.0,6.38,2138.19,-1481.97,0.0,reference,1
B1,annealing_100_25,20260629-082957,375,455,1672.85,-1491.35,81.0,5.08,1672.2,-1487.76,3.6483694988308457,matched,1
B1,annealing_100_5,20260612-110336,418,455,1674.11,-1492.33,134.0,6.53,1672.2,-1487.76,4.953079849951832,matched,1
B1,annealing_125_25,20260901-102349,292,455,1675.13,-1495.63,60.0,4.37,1672.2,-1487.76,8.39772588264241,matched,1
B1,annealing_125_5,20260724-111942,331,455,1671.61,-1487.95,47.0,3.87,1672.2,-1487.76,0.6198386886926246,matched,1
B1,annealing_150_5,20260911-101035,244,455,1673.86,-1489.68,253.0,8.97,1672.2,-1487.76,2.5381095327033854,matched,1
B1,annealing_75_25,20260601-225211,436,455,1667.71,-1480.0,163.0,7.2,1672.2,-1487.76,8.965361119330327,matched,1
B1,annealing_75_5,20260522-153514,440,455,1672.5,-1487.98,253.0,8.97,1672.2,-1487.76,0.37202150475474494,matched,1
B1,before_annealing,20260515-160114,455,455,1672.2,-1487.76,249.0,8.9,1672.2,-1487.76,0.0,reference,1
B1,annealing_100_25,20260629-082957,376,456,1429.43,-1505.7,175.0,7.46,1429.18,-1501.71,3.9978244083501306,matched,1
B1,annealing_100_5,20260612-110336,419,456,1430.55,-1507.28,196.0,7.9,1429.18,-1501.71,5.736009065543655,matched,1
B1,annealing_125_25,20260901-102349,293,456,1431.9,-1510.66,166.0,7.27,1429.18,-1501.71,9.354191573834745,matched,1
B1,annealing_125_5,20260724-111942,332,456,1428.82,-1501.28,132.0,6.48,1429.18,-1501.71,0.5608029957125287,matched,1
B1,annealing_150_25,20260918-095250,193,456,1430.92,-1503.32,142.0,6.72,1429.18,-1501.71,2.3705906437003645,matched,1
B1,annealing_150_5,20260911-101035,248,456,1430.6,-1503.74,114.0,6.02,1429.18,-1501.71,2.477357463104477,matched,1
B1,annealing_75_5,20260522-153514,441,456,1429.04,-1502.08,231.0,8.57,1429.18,-1501.71,0.39560080889698296,matched,1
B1,before_annealing,20260515-160114,456,456,1429.18,-1501.71,223.0,8.43,1429.18,-1501.71,0.0,reference,1
B1,annealing_100_25,20260629-082957,377,457,756.69,-1509.49,68.0,4.65,755.63,-1504.47,5.130691961129604,matched,1
B1,annealing_100_5,20260612-110336,421,457,757.74,-1512.74,203.0,8.04,755.63,-1504.47,8.53492823637081,matched,1
B1,annealing_125_5,20260724-111942,333,457,755.72,-1504.13,139.0,6.65,755.63,-1504.47,0.3517101079013085,matched,1
B1,annealing_150_5,20260911-101035,249,457,757.25,-1507.68,67.0,4.62,755.63,-1504.47,3.5956223383442607,matched,1
B1,annealing_75_5,20260522-153514,442,457,755.96,-1504.35,193.0,7.84,755.63,-1504.47,0.35114099732166765,matched,1
B1,before_annealing,20260515-160114,457,457,755.63,-1504.47,205.0,8.08,755.63,-1504.47,0.0,reference,1
B1,annealing_100_5,20260612-110336,422,458,1150.63,-1515.15,121.0,6.21,1149.33,-1508.34,6.932971945710067,matched,1
B1,annealing_75_5,20260522-153514,443,458,1149.38,-1509.23,103.0,5.73,1149.33,-1508.34,0.8914033879227722,matched,1
B1,before_annealing,20260515-160114,458,458,1149.33,-1508.34,137.0,6.6,1149.33,-1508.34,0.0,reference,1
B1,annealing_100_25,20260629-082957,379,459,2577.78,-1526.09,354.0,10.62,2577.67,-1524.32,1.7734147850968096,matched,1
B1,annealing_100_5,20260612-110336,423,459,2579.05,-1524.76,344.0,10.46,2577.67,-1524.32,1.448447444680113,matched,1
B1,annealing_125_25,20260901-102349,296,459,2580.7,-1525.05,239.0,8.72,2577.67,-1524.32,3.116696969549411,matched,1
B1,annealing_125_5,20260724-111942,335,459,2577.82,-1523.56,242.0,8.78,2577.67,-1524.32,0.7746612162745812,matched,1
B1,annealing_150_25,20260918-095250,195,459,2579.16,-1524.16,161.0,7.16,2577.67,-1524.32,1.498565981196458,matched,1
B1,annealing_150_5,20260911-101035,252,459,2579.75,-1524.84,167.0,7.29,2577.67,-1524.32,2.1440149253211085,matched,1
B1,annealing_75_25,20260601-225211,443,459,2572.56,-1521.53,484.0,12.41,2577.67,-1524.32,5.822044314499942,matched,1
B1,annealing_75_5,20260522-153514,444,459,2577.35,-1524.67,418.0,11.53,2577.67,-1524.32,0.4742362280553862,matched,1
B1,before_annealing,20260515-160114,459,459,2577.67,-1524.32,428.0,11.67,2577.67,-1524.32,0.0,reference,1
B1,annealing_100_25,20260629-082957,380,460,902.46,-1537.52,288.0,9.57,901.71,-1532.74,4.83848116664721,matched,1
B1,annealing_100_5,20260612-110336,424,460,903.62,-1540.83,355.0,10.63,901.71,-1532.74,8.31241240555343,matched,1
B1,annealing_125_5,20260724-111942,336,460,901.84,-1532.42,299.0,9.76,901.71,-1532.74,0.3453983207833502,matched,1
B1,annealing_150_25,20260918-095250,196,460,904.32,-1535.69,90.0,5.35,901.71,-1532.74,3.938857702431041,matched,2
B1,annealing_150_5,20260911-101035,253,460,903.17,-1536.19,159.0,7.11,901.71,-1532.74,3.7462114195544394,matched,2
B1,annealing_75_5,20260522-153514,445,460,901.94,-1532.43,834.0,16.29,901.71,-1532.74,0.3860051813123427,matched,1
B1,before_annealing,20260515-160114,460,460,901.71,-1532.74,683.0,14.74,901.71,-1532.74,0.0,reference,1
B1,annealing_125_5,20260724-111942,337,461,413.94,-1538.17,135.0,6.56,413.56,-1537.62,0.6685057965344778,matched,2
B1,annealing_75_5,20260522-153514,448,461,414.0,-1537.79,114.0,6.02,413.56,-1537.62,0.47169905660285427,matched,1
B1,before_annealing,20260515-160114,461,461,413.56,-1537.62,131.0,6.46,413.56,-1537.62,0.0,reference,1
B1,annealing_100_5,20260612-110336,425,462,1233.28,-1544.81,155.0,7.02,1231.75,-1538.11,6.872474081435341,matched,1
B1,annealing_75_5,20260522-153514,446,462,1231.91,-1537.96,135.0,6.56,1231.75,-1538.11,0.2193171219945795,matched,1
B1,before_annealing,20260515-160114,462,462,1231.75,-1538.11,143.0,6.75,1231.75,-1538.11,0.0,reference,1
B1,annealing_100_25,20260629-082957,382,463,1851.56,-1543.93,141.0,6.7,1851.53,-1540.34,3.5901253460013125,matched,1
B1,annealing_100_5,20260612-110336,426,463,1852.91,-1543.96,133.0,6.51,1851.53,-1540.34,3.874119254746962,matched,1
B1,annealing_125_25,20260901-102349,299,463,1854.39,-1546.66,67.0,4.62,1851.53,-1540.34,6.937002234395114,matched,1
B1,annealing_125_5,20260724-111942,338,463,1851.3,-1540.33,136.0,6.58,1851.53,-1540.34,0.23021728866444455,matched,1
B1,annealing_75_25,20260601-225211,449,463,1845.69,-1533.91,85.0,5.2,1851.53,-1540.34,8.68622472654242,matched,1
B1,annealing_75_5,20260522-153514,447,463,1851.03,-1540.33,214.0,8.25,1851.53,-1540.34,0.5000999900019993,matched,1
B1,before_annealing,20260515-160114,463,463,1851.53,-1540.34,179.0,7.55,1851.53,-1540.34,0.0,reference,1
B1,annealing_100_25,20260629-082957,384,464,828.1,-1545.02,63.0,4.48,827.57,-1540.76,4.2928428808890615,matched,1
B1,annealing_100_5,20260612-110336,428,464,828.5,-1548.18,62.0,4.44,827.57,-1540.76,7.478054559843822,matched,2
B1,annealing_75_5,20260522-153514,449,464,826.77,-1539.94,77.0,4.95,827.57,-1540.76,1.145600279329577,matched,1
B1,before_annealing,20260515-160114,464,464,827.57,-1540.76,69.0,4.69,827.57,-1540.76,0.0,reference,1
B1,annealing_100_25,20260629-082957,385,465,1709.98,-1568.93,455.0,12.03,1709.48,-1565.67,3.2981206769916622,matched,1
B1,annealing_100_5,20260612-110336,430,465,1711.18,-1569.85,499.0,12.6,1709.48,-1565.67,4.512471606558736,matched,1
B1,annealing_125_25,20260901-102349,302,465,1712.15,-1572.96,150.0,6.91,1709.48,-1565.67,7.76356876700399,matched,1
B1,annealing_125_5,20260724-111942,339,465,1709.44,-1564.97,403.0,11.33,1709.48,-1565.67,0.7011419257183675,matched,1
B1,annealing_150_25,20260918-095250,198,465,1712.15,-1566.52,82.0,5.11,1709.48,-1565.67,2.8020349747996067,matched,1
B1,annealing_75_25,20260601-225211,451,465,1704.16,-1557.68,427.0,11.66,1709.48,-1565.67,9.599088498393973,matched,1
B1,annealing_75_5,20260522-153514,450,465,1709.49,-1565.71,521.0,12.88,1709.48,-1565.67,0.041231056256139105,matched,1
B1,before_annealing,20260515-160114,465,465,1709.48,-1565.67,475.0,12.3,1709.48,-1565.67,0.0,reference,1
B1,before_annealing,20260515-160114,466,466,876.24,-1559.72,71.0,4.75,876.24,-1559.72,0.0,reference,1
B1,annealing_100_25,20260629-082957,386,467,2279.45,-1569.74,362.0,10.73,2279.06,-1567.32,2.4512241839538573,matched,1
B1,annealing_100_5,20260612-110336,429,467,2280.65,-1569.04,521.0,12.88,2279.06,-1567.32,2.3423279018960086,matched,1
B1,annealing_125_25,20260901-102349,301,467,2282.9,-1569.43,118.0,6.13,2279.06,-1567.32,4.3815180017890665,matched,1
B1,annealing_125_5,20260724-111942,340,467,2279.31,-1566.69,326.0,10.19,2279.06,-1567.32,0.6777905281131118,matched,1
B1,annealing_150_25,20260918-095250,197,467,2281.1,-1567.69,796.0,15.92,2279.06,-1567.32,2.0732824216685817,matched,1
B1,annealing_150_5,20260911-101035,254,467,2280.7,-1568.14,99.0,5.61,2279.06,-1567.32,1.8335757415497869,matched,1
B1,annealing_75_25,20260601-225211,454,467,2273.93,-1562.76,352.0,10.59,2279.06,-1567.32,6.8637089099116535,matched,1
B1,annealing_75_5,20260522-153514,451,467,2278.82,-1567.76,395.0,11.21,2279.06,-1567.32,0.5011985634456101,matched,1
B1,before_annealing,20260515-160114,467,467,2279.06,-1567.32,376.0,10.94,2279.06,-1567.32,0.0,reference,1
B1,annealing_100_5,20260612-110336,431,468,841.41,-1574.67,189.0,7.76,839.48,-1567.2,7.7152964946267755,matched,1
B1,annealing_125_5,20260724-111942,341,468,839.04,-1565.3,124.0,6.28,839.48,-1567.2,1.950282030886916,matched,1
B1,annealing_75_5,20260522-153514,452,468,839.68,-1566.48,192.0,7.82,839.48,-1567.2,0.7472616676907842,matched,1
B1,before_annealing,20260515-160114,468,468,839.48,-1567.2,175.0,7.46,839.48,-1567.2,0.0,reference,1
B1,annealing_100_25,20260629-082957,387,469,707.26,-1582.25,517.0,12.83,706.62,-1577.13,5.159844958910962,matched,1
B1,annealing_100_5,20260612-110336,432,469,708.51,-1585.83,609.0,13.92,706.62,-1577.13,8.902926485150642,matched,1
B1,annealing_125_5,20260724-111942,342,469,706.4,-1576.85,294.0,9.67,706.62,-1577.13,0.3560898762954713,matched,1
B1,annealing_150_25,20260918-095250,199,469,708.43,-1580.98,194.0,7.86,706.62,-1577.13,4.254244938881529,matched,1
B1,annealing_150_5,20260911-101035,257,469,707.83,-1581.13,184.0,7.65,706.62,-1577.13,4.1790070590990975,matched,1
B1,annealing_75_5,20260522-153514,454,469,706.85,-1576.85,678.0,14.69,706.62,-1577.13,0.36235341864003495,matched,1
B1,before_annealing,20260515-160114,469,469,706.62,-1577.13,616.0,14.0,706.62,-1577.13,0.0,reference,1
B1,annealing_100_5,20260612-110336,433,470,594.64,-1578.46,89.0,5.32,592.71,-1568.65,9.998049809837854,matched,1
B1,annealing_75_5,20260522-153514,453,470,592.91,-1569.27,131.0,6.46,592.71,-1568.65,0.6514598989959685,matched,1
B1,before_annealing,20260515-160114,470,470,592.71,-1568.65,133.0,6.51,592.71,-1568.65,0.0,reference,1
B1,annealing_100_25,20260629-082957,389,471,1564.31,-1582.69,208.0,8.14,1563.66,-1579.28,3.471397413146524,matched,1
B1,annealing_100_5,20260612-110336,434,471,1565.69,-1584.4,360.0,10.7,1563.66,-1579.28,5.507749086514481,matched,1
B1,annealing_125_25,20260901-102349,305,471,1567.08,-1587.15,215.0,8.27,1563.66,-1579.28,8.580984791968858,matched,1
B1,annealing_125_5,20260724-111942,344,471,1563.56,-1578.59,154.0,7.0,1563.66,-1579.28,0.697208720542208,matched,2
B1,annealing_150_25,20260918-095250,201,471,1566.93,-1580.83,82.0,5.11,1563.66,-1579.28,3.6187566925671777,matched,1
B1,annealing_150_5,20260911-101035,255,471,1565.1,-1580.99,217.0,8.31,1563.66,-1579.28,2.2355536227072763,matched,1
B1,annealing_75_5,20260522-153514,455,471,1563.84,-1579.64,245.0,8.83,1563.66,-1579.28,0.40249223595000283,matched,1
B1,before_annealing,20260515-160114,471,471,1563.66,-1579.28,318.0,10.06,1563.66,-1579.28,0.0,reference,1
B1,annealing_100_25,20260629-082957,393,472,1916.89,-1585.86,83.0,5.14,1912.31,-1580.86,6.780589944835288,matched,1
B1,annealing_100_5,20260612-110336,438,472,1917.19,-1585.66,90.0,5.35,1912.31,-1580.86,6.845027392202518,matched,1
B1,annealing_125_5,20260724-111942,346,472,1916.4,-1582.49,51.0,4.03,1912.31,-1580.86,4.4028399925504385,matched,1
B1,annealing_75_5,20260522-153514,508,472,1915.34,-1583.7,85.0,5.2,1912.31,-1580.86,4.152890559598298,matched,1
B1,before_annealing,20260515-160114,472,472,1912.31,-1580.86,183.0,7.63,1912.31,-1580.86,0.0,reference,1
B1,annealing_100_25,20260629-082957,390,473,1380.57,-1583.08,71.0,4.75,1380.05,-1580.43,2.700536983638487,matched,1
B1,annealing_100_5,20260612-110336,439,473,1381.11,-1585.86,78.0,4.98,1380.05,-1580.43,5.532494916400566,matched,1
B1,annealing_125_25,20260901-102349,307,473,1384.59,-1588.25,75.0,4.89,1380.05,-1580.43,9.042344828638127,matched,1
B1,annealing_125_5,20260724-111942,345,473,1380.55,-1578.8,55.0,4.18,1380.05,-1580.43,1.7049633427145452,matched,1
B1,annealing_75_5,20260522-153514,458,473,1378.89,-1579.34,72.0,4.79,1380.05,-1580.43,1.5917600321656464,matched,1
B1,before_annealing,20260515-160114,473,473,1380.05,-1580.43,56.0,4.22,1380.05,-1580.43,0.0,reference,1
B1,annealing_100_25,20260629-082957,388,474,646.27,-1585.32,323.0,10.14,646.22,-1580.79,4.530275929786148,matched,1
B1,annealing_100_5,20260612-110336,437,474,647.64,-1589.18,368.0,10.82,646.22,-1580.79,8.50931842158945,matched,1
B1,annealing_125_5,20260724-111942,343,474,645.48,-1579.76,346.0,10.49,646.22,-1580.79,1.268266533501518,matched,1
B1,annealing_150_25,20260918-095250,203,474,647.61,-1584.18,145.0,6.79,646.22,-1580.79,3.663905020603105,matched,1
B1,annealing_150_5,20260911-101035,256,474,647.02,-1583.78,249.0,8.9,646.22,-1580.79,3.0951736623330173,matched,1
B1,annealing_75_5,20260522-153514,456,474,645.9,-1580.43,135.0,6.56,646.22,-1580.79,0.48166378315165026,matched,1
B1,before_annealing,20260515-160114,474,474,646.22,-1580.79,119.0,6.15,646.22,-1580.79,0.0,reference,1
B1,annealing_100_25,20260629-082957,391,475,2600.0,-1586.48,192.0,7.82,2599.15,-1584.67,1.9996499693695513,matched,1
B1,annealing_100_5,20260612-110336,435,475,2600.99,-1584.84,251.0,8.94,2599.15,-1584.67,1.847836572859951,matched,1
B1,annealing_125_25,20260901-102349,304,475,2602.79,-1585.04,145.0,6.79,2599.15,-1584.67,3.658756619399409,matched,1
B1,annealing_125_5,20260724-111942,347,475,2600.37,-1584.15,84.0,5.17,2599.15,-1584.67,1.3261975720078412,matched,1
B1,annealing_150_5,20260911-101035,259,475,2600.82,-1585.63,136.0,6.58,2599.15,-1584.67,1.9262658175860135,matched,1
B1,annealing_75_25,20260601-225211,460,475,2593.76,-1581.89,191.0,7.8,2599.15,-1584.67,6.06469290236517,matched,1
B1,annealing_75_5,20260522-153514,457,475,2599.25,-1584.83,182.0,7.61,2599.15,-1584.67,0.18867962264096047,matched,1
B1,before_annealing,20260515-160114,475,475,2599.15,-1584.67,168.0,7.31,2599.15,-1584.67,0.0,reference,1
B1,annealing_100_5,20260612-110336,440,476,2105.77,-1584.76,52.0,4.07,2104.46,-1581.75,3.28271229321118,matched,1
B1,annealing_75_5,20260522-153514,459,476,2103.95,-1581.86,108.0,5.86,2104.46,-1581.75,0.5217278984300155,matched,1
B1,before_annealing,20260515-160114,476,476,2104.46,-1581.75,110.0,5.92,2104.46,-1581.75,0.0,reference,1
B1,annealing_100_25,20260629-082957,392,477,2684.65,-1584.17,60.0,4.37,2684.1,-1582.12,2.122498527679335,matched,1
B1,annealing_100_5,20260612-110336,436,477,2685.63,-1581.96,65.0,4.55,2684.1,-1582.12,1.53834326468463,matched,1
B1,annealing_125_25,20260901-102349,323,477,2687.19,-1582.31,71.0,4.75,2684.1,-1582.12,3.0958359129645294,matched,1
B1,annealing_150_25,20260918-095250,202,477,2686.29,-1581.69,169.0,7.33,2684.1,-1582.12,2.231815404553006,matched,2
B1,annealing_150_5,20260911-101035,258,477,2685.5,-1582.63,49.0,3.95,2684.1,-1582.12,1.49000000000016,matched,2
B1,annealing_75_25,20260601-225211,461,477,2679.12,-1579.56,88.0,5.29,2684.1,-1582.12,5.5994642600877365,matched,1
B1,annealing_75_5,20260522-153514,460,477,2684.41,-1582.38,72.0,4.79,2684.1,-1582.12,0.40459856648297665,matched,1
B1,before_annealing,20260515-160114,477,477,2684.1,-1582.12,103.0,5.73,2684.1,-1582.12,0.0,reference,1
B1,annealing_75_5,20260522-153514,461,478,1095.51,-1583.0,68.0,4.65,1095.46,-1584.97,1.9706344156134346,matched,1
B1,before_annealing,20260515-160114,478,478,1095.46,-1584.97,71.0,4.75,1095.46,-1584.97,0.0,reference,1
B1,annealing_100_25,20260629-082957,394,479,679.31,-1594.94,145.0,6.79,678.55,-1590.23,4.770922342692273,matched,1
B1,annealing_100_5,20260612-110336,444,479,680.29,-1598.74,189.0,7.76,678.55,-1590.23,8.686063550308614,matched,1
B1,annealing_125_5,20260724-111942,348,479,678.23,-1589.3,144.0,6.77,678.55,-1590.23,0.9835141076771994,matched,1
B1,annealing_75_5,20260522-153514,462,479,678.34,-1589.8,203.0,8.04,678.55,-1590.23,0.4785394445602392,matched,1
B1,before_annealing,20260515-160114,479,479,678.55,-1590.23,183.0,7.63,678.55,-1590.23,0.0,reference,1
B1,annealing_100_25,20260629-082957,396,480,2627.89,-1600.05,314.0,10.0,2627.67,-1598.38,1.6844286865282827,matched,1
B1,annealing_100_5,20260612-110336,442,480,2629.52,-1598.64,328.0,10.22,2627.67,-1598.38,1.8681809334215085,matched,1
B1,annealing_125_25,20260901-102349,309,480,2631.22,-1598.95,306.0,9.87,2627.67,-1598.38,3.5954693713057813,matched,1
B1,annealing_125_5,20260724-111942,351,480,2627.8,-1597.84,261.0,9.11,2627.67,-1598.38,0.5554277630801638,matched,1
B1,annealing_150_25,20260918-095250,200,480,2629.54,-1598.36,1275.0,20.15,2627.67,-1598.38,1.8701069488132491,matched,1
B1,annealing_150_5,20260911-101035,261,480,2629.34,-1599.29,198.0,7.94,2627.67,-1598.38,1.9018412131405655,matched,1
B1,annealing_75_25,20260601-225211,465,480,2622.26,-1596.04,329.0,10.23,2627.67,-1598.38,5.894378678028678,matched,1
B1,annealing_75_5,20260522-153514,464,480,2627.49,-1598.88,316.0,10.03,2627.67,-1598.38,0.5314132102235555,matched,1
B1,before_annealing,20260515-160114,480,480,2627.67,-1598.38,470.0,12.23,2627.67,-1598.38,0.0,reference,1
B1,annealing_100_25,20260629-082957,395,481,2037.3,-1593.2,122.0,6.23,2036.61,-1590.44,2.8449428816761904,matched,1
B1,annealing_100_5,20260612-110336,441,481,2038.48,-1592.65,169.0,7.33,2036.61,-1590.44,2.8949956822075924,matched,1
B1,annealing_125_25,20260901-102349,310,481,2040.78,-1596.32,44.0,3.74,2036.61,-1590.44,7.208557414628756,matched,1
B1,annealing_125_5,20260724-111942,349,481,2037.3,-1589.5,97.0,5.56,2036.61,-1590.44,1.1660617479362652,matched,1
B1,annealing_150_25,20260918-095250,204,481,2038.92,-1591.65,53.0,4.11,2036.61,-1590.44,2.6077193100487035,matched,1
B1,annealing_75_25,20260601-225211,462,481,2031.42,-1584.17,165.0,7.25,2036.61,-1590.44,8.139348868306234,matched,1
B1,annealing_75_5,20260522-153514,463,481,2036.49,-1590.7,137.0,6.6,2036.61,-1590.44,0.28635642126547306,matched,1
B1,before_annealing,20260515-160114,481,481,2036.61,-1590.44,139.0,6.65,2036.61,-1590.44,0.0,reference,1
B1,annealing_100_25,20260629-082957,397,482,1706.66,-1602.18,471.0,12.24,1706.08,-1598.79,3.439258641044732,matched,1
B1,annealing_100_5,20260612-110336,443,482,1707.84,-1602.97,304.0,9.84,1706.08,-1598.79,4.5354161881794814,matched,1
B1,annealing_125_25,20260901-102349,311,482,1709.72,-1605.99,242.0,8.78,1706.08,-1598.79,8.06781259078329,matched,1
B1,annealing_125_5,20260724-111942,350,482,1706.07,-1598.46,460.0,12.1,1706.08,-1598.79,0.3301514803843106,matched,1
B1,annealing_150_25,20260918-095250,205,482,1708.69,-1600.24,66.0,4.58,1706.08,-1598.79,2.9857327408863634,matched,1
B1,annealing_150_5,20260911-101035,260,482,1707.52,-1601.15,246.0,8.85,1706.08,-1598.79,2.764633791300533,matched,1
B1,annealing_75_25,20260601-225211,463,482,1700.5,-1590.98,279.0,9.42,1706.08,-1598.79,9.598567601470458,matched,1
B1,annealing_75_5,20260522-153514,465,482,1705.81,-1598.87,279.0,9.42,1706.08,-1598.79,0.28160255680653634,matched,1
B1,before_annealing,20260515-160114,482,482,1706.08,-1598.79,297.0,9.72,1706.08,-1598.79,0.0,reference,1
B1,annealing_75_5,20260522-153514,466,483,1213.48,-1602.09,231.0,8.57,1213.26,-1601.88,0.3041381265147988,matched,1
B1,before_annealing,20260515-160114,483,483,1213.26,-1601.88,226.0,8.48,1213.26,-1601.88,0.0,reference,1
B1,annealing_100_5,20260612-110336,445,484,894.85,-1609.67,48.0,3.91,893.16,-1600.59,9.235935253129647,matched,1
B1,annealing_150_25,20260918-095250,206,484,895.04,-1603.3,43.0,3.7,893.16,-1600.59,3.298257115508156,matched,1
B1,annealing_150_5,20260911-101035,264,484,894.05,-1605.95,59.0,4.33,893.16,-1600.59,5.433387525292241,matched,1
B1,annealing_75_5,20260522-153514,467,484,892.82,-1600.71,85.0,5.2,893.16,-1600.59,0.3605551275463611,matched,1
B1,before_annealing,20260515-160114,484,484,893.16,-1600.59,72.0,4.79,893.16,-1600.59,0.0,reference,1
B1,annealing_75_5,20260522-153514,468,485,1074.73,-1604.27,99.0,5.61,1075.13,-1604.79,0.65604877867431,matched,1
B1,before_annealing,20260515-160114,485,485,1075.13,-1604.79,103.0,5.73,1075.13,-1604.79,0.0,reference,1
B1,annealing_100_25,20260629-082957,38,486,2084.12,524.55,351.0,10.57,2086.9,528.08,4.493250493796414,matched,1
B1,annealing_100_5,20260612-110336,448,486,2081.7,525.25,668.0,14.58,2086.9,528.08,5.920211144883522,matched,1
B1,annealing_125_25,20260901-102349,29,486,2078.11,523.71,330.0,10.25,2086.9,528.08,9.816363888935628,matched,1
B1,annealing_125_5,20260724-111942,29,486,2087.09,527.27,346.0,10.49,2086.9,528.08,0.8319855767981297,matched,1
B1,annealing_150_5,20260911-101035,26,486,2084.69,525.53,237.0,8.69,2086.9,528.08,3.374403651017541,matched,1
B1,annealing_75_5,20260522-153514,472,486,2087.55,527.84,629.0,14.15,2086.9,528.08,0.6928924880528887,matched,1
B1,before_annealing,20260515-160114,486,486,2086.9,528.08,444.0,11.89,2086.9,528.08,0.0,reference,1
B1,annealing_100_25,20260629-082957,44,487,2090.62,497.36,178.0,7.53,2092.71,501.28,4.442352980122166,matched,1
B1,annealing_100_5,20260612-110336,449,487,2087.98,498.8,357.0,10.66,2092.71,501.28,5.340720925118629,matched,1
B1,annealing_125_25,20260901-102349,35,487,2084.79,496.77,176.0,7.48,2092.71,501.28,9.114082510050096,matched,1
B1,annealing_125_5,20260724-111942,34,487,2092.71,499.89,193.0,7.84,2092.71,501.28,1.3899999999999864,matched,1
B1,annealing_150_25,20260918-095250,22,487,2092.44,499.53,81.0,5.08,2092.71,501.28,1.7707060738586713,matched,1
B1,annealing_150_5,20260911-101035,29,487,2091.14,498.7,147.0,6.84,2092.71,501.28,3.0201490029467806,matched,1
B1,annealing_75_5,20260522-153514,473,487,2093.94,501.36,416.0,11.51,2092.71,501.28,1.2325988804148944,matched,1
B1,before_annealing,20260515-160114,487,487,2092.71,501.28,352.0,10.59,2092.71,501.28,0.0,reference,1
B1,annealing_100_25,20260629-082957,77,488,935.6,307.28,51.0,4.03,937.98,310.71,4.1748413143495675,matched,1
B1,annealing_100_5,20260612-110336,450,488,932.15,303.0,625.0,14.1,937.98,310.71,9.666074694517944,matched,1
B1,annealing_150_5,20260911-101035,48,488,936.85,306.84,44.0,3.74,937.98,310.71,4.031600178589145,matched,1
B1,annealing_75_5,20260522-153514,474,488,938.47,310.42,488.0,12.46,937.98,310.71,0.5693856338194596,matched,1
B1,before_annealing,20260515-160114,488,488,937.98,310.71,429.0,11.69,937.98,310.71,0.0,reference,1
B1,annealing_100_25,20260629-082957,75,489,964.85,301.39,788.0,15.84,967.59,306.87,6.126826258349444,matched,1
B1,annealing_100_5,20260612-110336,451,489,962.04,299.17,915.0,17.07,967.59,306.87,9.491706906557987,matched,1
B1,annealing_125_5,20260724-111942,62,489,967.67,307.27,810.0,16.06,967.59,306.87,0.4079215610873862,matched,1
B1,annealing_150_25,20260918-095250,35,489,966.59,303.98,245.0,8.83,967.59,306.87,3.058120337723799,matched,1
B1,annealing_150_5,20260911-101035,49,489,965.25,302.77,214.0,8.25,967.59,306.87,4.720762650250522,matched,2
B1,annealing_75_5,20260522-153514,475,489,968.19,306.67,767.0,15.63,967.59,306.87,0.6324555320336939,matched,1
B1,before_annealing,20260515-160114,489,489,967.59,306.87,811.0,16.07,967.59,306.87,0.0,reference,1
B1,annealing_100_25,20260629-082957,142,490,1307.76,-65.08,383.0,11.04,1309.66,-60.37,5.078789225789977,matched,1
B1,annealing_100_5,20260612-110336,153,490,1305.85,-66.7,420.0,11.56,1309.66,-60.37,7.388166213614944,matched,1
B1,annealing_125_5,20260724-111942,122,490,1309.92,-59.99,359.0,10.69,1309.66,-60.37,0.46043457732884463,matched,1
B1,annealing_150_25,20260918-095250,68,490,1310.48,-63.46,65.0,4.55,1309.66,-60.37,3.1969516730785776,matched,2
B1,annealing_150_5,20260911-101035,92,490,1307.76,-64.08,168.0,7.31,1309.66,-60.37,4.168225041909368,matched,2
B1,annealing_75_5,20260522-153514,167,490,1310.44,-60.5,439.0,11.82,1309.66,-60.37,0.7907591289387421,matched,1
B1,before_annealing,20260515-160114,490,490,1309.66,-60.37,437.0,11.79,1309.66,-60.37,0.0,reference,1
B1,annealing_100_5,20260612-110336,156,491,1330.84,-69.31,113.0,6.0,1334.09,-62.73,7.338862309649914,matched,1
B1,annealing_75_5,20260522-153514,170,491,1335.17,-62.65,100.0,5.64,1334.09,-62.73,1.0829589096546248,matched,1
B1,before_annealing,20260515-160114,491,491,1334.09,-62.73,108.0,5.86,1334.09,-62.73,0.0,reference,1
B1,annealing_100_25,20260629-082957,176,492,1567.35,-206.09,193.0,7.84,1569.15,-201.66,4.781725629937451,matched,1
B1,annealing_100_5,20260612-110336,193,492,1566.3,-206.77,260.0,9.1,1569.15,-201.66,5.85103409663633,matched,1
B1,annealing_125_25,20260901-102349,313,492,1564.75,-209.51,279.0,9.42,1569.15,-201.66,8.999027725260142,matched,1
B1,annealing_125_5,20260724-111942,152,492,1569.81,-201.36,278.0,9.41,1569.15,-201.66,0.7249827584155348,matched,1
B1,annealing_150_25,20260918-095250,85,492,1569.65,-202.69,94.0,5.47,1569.15,-201.66,1.1449454135459918,matched,1
B1,annealing_150_5,20260911-101035,112,492,1567.68,-204.72,303.0,9.82,1569.15,-201.66,3.394775397577886,matched,1
B1,annealing_75_25,20260601-225211,472,492,1573.12,-192.96,446.0,11.91,1569.15,-201.66,9.562996392344724,matched,1
B1,annealing_75_5,20260522-153514,476,492,1569.86,-201.66,426.0,11.64,1569.15,-201.66,0.709999999999809,matched,1
B1,before_annealing,20260515-160114,492,492,1569.15,-201.66,439.0,11.82,1569.15,-201.66,0.0,reference,1
B1,annealing_100_25,20260629-082957,175,493,1594.43,-209.12,456.0,12.05,1595.96,-205.05,4.348080036061877,matched,1
B1,annealing_100_5,20260612-110336,190,493,1592.83,-210.02,621.0,14.06,1595.96,-205.05,5.873482782812994,matched,1
B1,annealing_125_25,20260901-102349,314,493,1591.47,-212.61,473.0,12.27,1595.96,-205.05,8.792820935285793,matched,1
B1,annealing_125_5,20260724-111942,153,493,1596.3,-204.63,484.0,12.41,1595.96,-205.05,0.5403702434442127,matched,1
B1,annealing_150_25,20260918-095250,87,493,1596.35,-206.54,187.0,7.72,1595.96,-205.05,1.540194792875188,matched,1
B1,annealing_150_5,20260911-101035,115,493,1594.92,-207.93,266.0,9.2,1595.96,-205.05,3.0620254734407255,matched,1
B1,annealing_75_25,20260601-225211,473,493,1600.11,-196.49,503.0,12.65,1595.96,-205.05,9.512943813562599,matched,1
B1,annealing_75_5,20260522-153514,477,493,1596.7,-204.92,742.0,15.37,1595.96,-205.05,0.7513321502504865,matched,1
B1,before_annealing,20260515-160114,493,493,1595.96,-205.05,692.0,14.84,1595.96,-205.05,0.0,reference,1
B1,annealing_100_25,20260629-082957,183,494,2696.34,-242.97,489.0,12.48,2698.36,-241.86,2.3048861143231987,matched,1
B1,annealing_100_5,20260612-110336,198,494,2695.32,-242.16,683.0,14.74,2698.36,-241.86,3.0547667668743173,matched,1
B1,annealing_125_25,20260901-102349,133,494,2693.97,-241.67,243.0,8.79,2698.36,-241.86,4.394109693669797,matched,1
B1,annealing_125_5,20260724-111942,161,494,2698.33,-241.65,331.0,10.26,2698.36,-241.86,0.21213203435600042,matched,1
B1,annealing_150_25,20260918-095250,89,494,2698.5,-241.31,126.0,6.33,2698.36,-241.86,0.567538544946488,matched,1
B1,annealing_150_5,20260911-101035,117,494,2697.04,-243.35,161.0,7.16,2698.36,-241.86,1.9906029237395324,matched,1
B1,annealing_75_25,20260601-225211,211,494,2701.58,-239.4,771.0,15.67,2698.36,-241.86,4.052159917870807,matched,1
B1,annealing_75_5,20260522-153514,478,494,2698.89,-241.5,856.0,16.51,2698.36,-241.86,0.6407027391854508,matched,1
B1,before_annealing,20260515-160114,494,494,2698.36,-241.86,818.0,16.14,2698.36,-241.86,0.0,reference,1
B1,annealing_100_25,20260629-082957,185,495,2672.45,-269.48,309.0,9.92,2674.36,-268.3,2.245105788153689,matched,1
B1,annealing_100_5,20260612-110336,199,495,2671.37,-268.85,632.0,14.18,2674.36,-268.3,3.040164469235411,matched,1
B1,annealing_125_25,20260901-102349,134,495,2670.22,-268.19,339.0,10.39,2674.36,-268.3,4.141461094831475,matched,1
B1,annealing_125_5,20260724-111942,162,495,2674.53,-267.73,379.0,10.98,2674.36,-268.3,0.5948108943185363,matched,1
B1,annealing_150_25,20260918-095250,90,495,2675.25,-268.48,172.0,7.4,2674.36,-268.3,0.9080198235720274,matched,1
B1,annealing_150_5,20260911-101035,118,495,2673.44,-269.18,232.0,8.59,2674.36,-268.3,1.2731064370272134,matched,1
B1,annealing_75_25,20260601-225211,217,495,2677.36,-265.86,660.0,14.49,2674.36,-268.3,3.8669884923542233,matched,1
B1,annealing_75_5,20260522-153514,479,495,2674.89,-267.86,659.0,14.48,2674.36,-268.3,0.6888396039715835,matched,1
B1,before_annealing,20260515-160114,495,495,2674.36,-268.3,612.0,13.96,2674.36,-268.3,0.0,reference,1
B1,annealing_100_25,20260629-082957,202,496,1014.67,-360.86,1509.0,21.92,1016.08,-354.97,6.056418083322853,matched,1
B1,annealing_100_5,20260612-110336,218,496,1013.29,-362.89,1570.0,22.36,1016.08,-354.97,8.39705305449476,matched,1
B1,annealing_125_5,20260724-111942,176,496,1016.22,-355.41,1617.0,22.69,1016.08,-354.97,0.46173585522460153,matched,1
B1,annealing_150_25,20260918-095250,100,496,1016.32,-358.17,216.0,8.29,1016.08,-354.97,3.208987379221042,matched,1
B1,annealing_150_5,20260911-101035,129,496,1015.1,-359.58,356.0,10.65,1016.08,-354.97,4.713013897709154,matched,1
B1,annealing_75_5,20260522-153514,235,496,1016.72,-355.66,1564.0,22.31,1016.08,-354.97,0.9411163583744464,matched,1
B1,before_annealing,20260515-160114,496,496,1016.08,-354.97,1441.0,21.42,1016.08,-354.97,0.0,reference,1
B1,annealing_125_25,20260901-102349,147,497,1012.39,-367.28,1284.0,20.22,1015.48,-376.17,9.411705477754866,matched,1
B1,before_annealing,20260515-160114,497,497,1015.48,-376.17,376.0,10.94,1015.48,-376.17,0.0,reference,1
B1,annealing_100_25,20260629-082957,400,498,534.09,-511.38,214.0,8.25,534.96,-504.75,6.686837817683329,matched,2
B1,annealing_125_5,20260724-111942,354,498,534.97,-504.76,291.0,9.62,534.96,-504.75,0.014142135623718088,matched,1
B1,annealing_150_25,20260918-095250,207,498,535.84,-508.75,192.0,7.82,534.96,-504.75,4.095656235574464,matched,1
B1,annealing_150_5,20260911-101035,265,498,534.95,-510.66,212.0,8.21,534.96,-504.75,5.9100084602308565,matched,2
B1,annealing_75_25,20260601-225211,477,498,542.62,-503.65,396.0,11.23,534.96,-504.75,7.738578680868959,matched,1
B1,annealing_75_5,20260522-153514,484,498,535.37,-505.04,327.0,10.2,534.96,-504.75,0.5021951811795746,matched,1
B1,before_annealing,20260515-160114,498,498,534.96,-504.75,403.0,11.33,534.96,-504.75,0.0,reference,1
B1,annealing_100_5,20260612-110336,452,499,532.97,-514.31,246.0,8.85,540.14,-518.33,8.220054744343262,matched,2
B1,annealing_125_25,20260901-102349,315,499,531.71,-520.21,181.0,7.59,540.14,-518.33,8.637088629856656,matched,2
B1,annealing_125_5,20260724-111942,355,499,540.16,-518.33,452.0,11.99,540.14,-518.33,0.01999999999998181,matched,2
B1,annealing_150_25,20260918-095250,208,499,540.65,-521.23,150.0,6.91,540.14,-518.33,2.9445033537083733,matched,2
B1,annealing_75_5,20260522-153514,485,499,540.67,-518.65,477.0,12.32,540.14,-518.33,0.619112267686508,matched,1
B1,before_annealing,20260515-160114,499,499,540.14,-518.33,370.0,10.85,540.14,-518.33,0.0,reference,1
B1,annealing_75_25,20260601-225211,297,500,1126.18,-665.15,794.0,15.9,1124.56,-655.56,9.725867570556417,matched,1
B1,before_annealing,20260515-160114,500,500,1124.56,-655.56,99.0,5.61,1124.56,-655.56,0.0,reference,1
B1,annealing_100_25,20260629-082957,256,501,1123.61,-681.45,543.0,13.15,1125.03,-676.36,5.284363727072591,matched,1
B1,annealing_100_5,20260612-110336,283,501,1121.72,-683.16,429.0,11.69,1125.03,-676.36,7.562810324211432,matched,1
B1,annealing_125_5,20260724-111942,222,501,1124.54,-676.8,688.0,14.8,1125.03,-676.36,0.6585590330410456,matched,1
B1,annealing_150_25,20260918-095250,130,501,1125.4,-680.45,58.0,4.3,1125.03,-676.36,4.106701839676257,matched,2
B1,annealing_150_5,20260911-101035,161,501,1124.53,-680.54,236.0,8.67,1125.03,-676.36,4.2097980949208935,matched,2
B1,annealing_75_5,20260522-153514,300,501,1125.48,-676.76,1004.0,17.88,1125.03,-676.36,0.6020797289396337,matched,1
B1,before_annealing,20260515-160114,501,501,1125.03,-676.36,977.0,17.63,1125.03,-676.36,0.0,reference,1
B1,annealing_100_25,20260629-082957,258,502,1444.1,-696.7,364.0,10.76,1445.32,-692.09,4.768700032503637,matched,1
B1,annealing_100_5,20260612-110336,285,502,1443.83,-698.09,361.0,10.72,1445.32,-692.09,6.182240694117306,matched,1
B1,annealing_125_25,20260901-102349,191,502,1443.61,-700.85,407.0,11.38,1445.32,-692.09,8.925340329645698,matched,1
B1,annealing_125_5,20260724-111942,223,502,1445.31,-692.6,363.0,10.75,1445.32,-692.09,0.5100980297942647,matched,1
B1,annealing_150_25,20260918-095250,132,502,1445.25,-693.96,206.0,8.1,1445.32,-692.09,1.8713097017864275,matched,1
B1,annealing_150_5,20260911-101035,164,502,1444.48,-695.58,141.0,6.7,1445.32,-692.09,3.589665722598683,matched,1
B1,annealing_75_25,20260601-225211,478,502,1446.07,-682.81,907.0,16.99,1445.32,-692.09,9.310257783756667,matched,1
B1,annealing_75_5,20260522-153514,486,502,1445.85,-692.39,955.0,17.44,1445.32,-692.09,0.6090155991433583,matched,1
B1,before_annealing,20260515-160114,502,502,1445.32,-692.09,995.0,17.8,1445.32,-692.09,0.0,reference,1
B1,annealing_100_25,20260629-082957,259,503,1469.11,-694.08,142.0,6.72,1469.85,-689.57,4.57030633546592,matched,1
B1,annealing_100_5,20260612-110336,287,503,1468.97,-695.67,157.0,7.07,1469.85,-689.57,6.16314854599487,matched,1
B1,annealing_125_25,20260901-102349,192,503,1468.29,-697.83,145.0,6.79,1469.85,-689.57,8.40602165117362,matched,1
B1,annealing_125_5,20260724-111942,226,503,1470.2,-690.13,172.0,7.4,1469.85,-689.57,0.6603786792439883,matched,1
B1,annealing_150_25,20260918-095250,131,503,1470.91,-691.15,158.0,7.09,1469.85,-689.57,1.9026297590440806,matched,1
B1,annealing_150_5,20260911-101035,162,503,1469.85,-693.13,140.0,6.68,1469.85,-689.57,3.5599999999999454,matched,1
B1,annealing_75_25,20260601-225211,479,503,1470.13,-679.89,179.0,7.55,1469.85,-689.57,9.684048740067418,matched,1
B1,annealing_75_5,20260522-153514,487,503,1470.55,-689.9,199.0,7.96,1469.85,-689.57,0.7738862965578442,matched,1
B1,before_annealing,20260515-160114,503,503,1469.85,-689.57,199.0,7.96,1469.85,-689.57,0.0,reference,1
B1,annealing_100_25,20260629-082957,295,504,2251.92,-931.02,165.0,7.25,2253.45,-928.61,2.8546453369900555,matched,1
B1,annealing_100_5,20260612-110336,329,504,2252.75,-931.38,176.0,7.48,2253.45,-928.61,2.8570789278561493,matched,1
B1,annealing_125_25,20260901-102349,221,504,2252.8,-931.83,54.0,4.15,2253.45,-928.61,3.2849505323520023,matched,1
B1,annealing_125_5,20260724-111942,259,504,2252.9,-928.81,80.0,5.05,2253.45,-928.61,0.5852349955357016,matched,1
B1,annealing_150_5,20260911-101035,190,504,2253.5,-929.84,74.0,4.85,2253.45,-928.61,1.2310158406779592,matched,1
B1,annealing_75_25,20260601-225211,481,504,2252.43,-924.12,253.0,8.97,2253.45,-928.61,4.604400069498745,matched,1
B1,annealing_75_5,20260522-153514,488,504,2253.45,-929.08,242.0,8.78,2253.45,-928.61,0.4700000000000273,matched,1
B1,before_annealing,20260515-160114,504,504,2253.45,-928.61,278.0,9.41,2253.45,-928.61,0.0,reference,1
B1,annealing_100_25,20260629-082957,300,505,2278.44,-958.91,83.0,5.14,2278.62,-955.86,3.055306858565873,matched,1
B1,annealing_100_5,20260612-110336,334,505,2278.04,-958.32,900.0,16.93,2278.62,-955.86,2.5274493071078785,matched,1
B1,annealing_75_25,20260601-225211,482,505,2276.91,-951.11,1343.0,20.68,2278.62,-955.86,5.048425497122853,matched,1
B1,annealing_75_5,20260522-153514,489,505,2278.54,-955.76,1175.0,19.34,2278.62,-955.86,0.12806248474862927,matched,1
B1,before_annealing,20260515-160114,505,505,2278.62,-955.86,1269.0,20.1,2278.62,-955.86,0.0,reference,1
B1,annealing_100_25,20260629-082957,402,506,2426.55,-982.7,166.0,7.27,2427.53,-980.64,2.2812277396174805,matched,1
B1,annealing_100_5,20260612-110336,341,506,2426.87,-982.41,148.0,6.86,2427.53,-980.64,1.8890473789718307,matched,1
B1,annealing_125_25,20260901-102349,227,506,2427.09,-982.66,62.0,4.44,2427.53,-980.64,2.067365473253332,matched,1
B1,annealing_125_5,20260724-111942,268,506,2426.75,-980.64,198.0,7.94,2427.53,-980.64,0.7800000000002001,matched,1
B1,annealing_75_25,20260601-225211,355,506,2425.43,-977.17,213.0,8.23,2427.53,-980.64,4.055970907193704,matched,1
B1,annealing_75_5,20260522-153514,357,506,2427.75,-980.49,186.0,7.69,2427.53,-980.64,0.26627053911370885,matched,1
B1,before_annealing,20260515-160114,506,506,2427.53,-980.64,188.0,7.74,2427.53,-980.64,0.0,reference,1
B1,annealing_100_25,20260629-082957,403,507,2449.29,-991.45,625.0,14.1,2450.07,-989.48,2.1187968283911554,matched,1
B1,annealing_100_5,20260612-110336,342,507,2449.73,-991.22,445.0,11.9,2450.07,-989.48,1.7729072169744615,matched,1
B1,annealing_125_25,20260901-102349,230,507,2450.13,-990.99,196.0,7.9,2450.07,-989.48,1.5111915828246152,matched,1
B1,annealing_125_5,20260724-111942,269,507,2449.92,-989.26,309.0,9.92,2450.07,-989.48,0.2662705391139607,matched,1
B1,annealing_150_25,20260918-095250,150,507,2450.44,-989.1,95.0,5.5,2450.07,-989.48,0.5303772242469653,matched,1
B1,annealing_150_5,20260911-101035,197,507,2450.16,-991.05,59.0,4.33,2450.07,-989.48,1.5725775020646025,matched,1
B1,annealing_75_25,20260601-225211,356,507,2448.21,-985.96,511.0,12.75,2450.07,-989.48,3.98120584747892,matched,1
B1,annealing_75_5,20260522-153514,358,507,2450.2,-989.42,608.0,13.91,2450.07,-989.48,0.14317821063247452,matched,1
B1,before_annealing,20260515-160114,507,507,2450.07,-989.48,546.0,13.18,2450.07,-989.48,0.0,reference,1
B1,annealing_75_25,20260601-225211,382,508,1472.39,-1160.76,253.0,8.97,1467.21,-1157.3,6.229285673333734,matched,2
B1,before_annealing,20260515-160114,508,508,1467.21,-1157.3,675.0,14.66,1467.21,-1157.3,0.0,reference,1
B1,annealing_100_25,20260629-082957,325,509,1474.24,-1174.02,218.0,8.33,1474.81,-1169.99,4.070110563608771,matched,1
B1,annealing_100_5,20260612-110336,366,509,1475.08,-1175.77,205.0,8.08,1474.81,-1169.99,5.78630279193888,matched,1
B1,annealing_125_25,20260901-102349,250,509,1475.92,-1178.41,213.0,8.23,1474.81,-1169.99,8.492849933915087,matched,1
B1,annealing_125_5,20260724-111942,289,509,1474.59,-1169.93,198.0,7.94,1474.81,-1169.99,0.22803508501983957,matched,1
B1,annealing_150_25,20260918-095250,163,509,1476.22,-1171.54,215.0,8.27,1474.81,-1169.99,2.0953758612716933,matched,1
B1,annealing_150_5,20260911-101035,211,509,1475.28,-1173.18,435.0,11.77,1474.81,-1169.99,3.224437935516882,matched,1
B1,annealing_75_5,20260522-153514,384,509,1475.07,-1169.99,518.0,12.84,1474.81,-1169.99,0.2599999999999909,matched,1
B1,before_annealing,20260515-160114,509,509,1474.81,-1169.99,589.0,13.69,1474.81,-1169.99,0.0,reference,1
B1,annealing_100_25,20260629-082957,404,510,1018.82,-1217.15,236.0,8.67,1017.31,-1212.29,5.089174785758646,matched,1
B1,annealing_100_5,20260612-110336,456,510,1019.25,-1219.3,230.0,8.56,1017.31,-1212.29,7.273492971055934,matched,1
B1,annealing_125_5,20260724-111942,358,510,1018.3,-1212.42,215.0,8.27,1017.31,-1212.29,0.9984988733093525,matched,1
B1,annealing_150_25,20260918-095250,167,510,1020.64,-1214.27,90.0,5.35,1017.31,-1212.29,3.8741837850056036,matched,2
B1,annealing_150_5,20260911-101035,216,510,1018.84,-1215.91,98.0,5.59,1017.31,-1212.29,3.930050890255891,matched,2
B1,annealing_75_5,20260522-153514,493,510,1019.07,-1211.85,220.0,8.37,1017.31,-1212.29,1.8141664752718853,matched,1
B1,before_annealing,20260515-160114,510,510,1017.31,-1212.29,537.0,13.07,1017.31,-1212.29,0.0,reference,1
B1,annealing_100_25,20260629-082957,333,511,1037.87,-1223.21,94.0,5.47,1037.35,-1217.83,5.405071692401606,matched,1
B1,annealing_100_5,20260612-110336,373,511,1038.25,-1225.69,121.0,6.21,1037.35,-1217.83,7.91135892246093,matched,1
B1,annealing_125_5,20260724-111942,298,511,1037.34,-1218.29,116.0,6.08,1037.35,-1217.83,0.4601086828131298,matched,1
B1,annealing_75_5,20260522-153514,391,511,1037.97,-1218.09,201.0,8.0,1037.35,-1217.83,0.67230945255897,matched,1
B1,before_annealing,20260515-160114,511,511,1037.35,-1217.83,221.0,8.39,1037.35,-1217.83,0.0,reference,1
B1,annealing_100_25,20260629-082957,406,512,1775.91,-1213.46,142.0,6.72,1775.75,-1209.42,4.043167075449608,matched,1
B1,annealing_100_5,20260612-110336,454,512,1776.85,-1214.38,143.0,6.75,1775.75,-1209.42,5.080511785243703,matched,1
B1,annealing_125_25,20260901-102349,317,512,1777.56,-1216.15,110.0,5.92,1775.75,-1209.42,6.969146289180623,matched,1
B1,annealing_125_5,20260724-111942,356,512,1775.89,-1209.58,150.0,6.91,1775.75,-1209.42,0.21260291625464936,matched,1
B1,annealing_150_25,20260918-095250,166,512,1777.8,-1211.12,149.0,6.89,1775.75,-1209.42,2.663174797117004,matched,1
B1,annealing_150_5,20260911-101035,267,512,1775.85,-1212.12,134.0,6.53,1775.75,-1209.42,2.701851217221074,matched,1
B1,annealing_75_25,20260601-225211,485,512,1773.2,-1202.23,181.0,7.59,1775.75,-1209.42,7.6288006921140985,matched,1
B1,annealing_75_5,20260522-153514,491,512,1776.37,-1209.93,175.0,7.46,1775.75,-1209.42,0.802807573456962,matched,1
B1,before_annealing,20260515-160114,512,512,1775.75,-1209.42,172.0,7.4,1775.75,-1209.42,0.0,reference,1
B1,annealing_100_25,20260629-082957,407,513,1764.21,-1224.14,303.0,9.82,1764.25,-1220.6,3.540225981487813,matched,1
B1,annealing_100_5,20260612-110336,455,513,1764.97,-1225.08,350.0,10.56,1764.25,-1220.6,4.5374882919959365,matched,1
B1,annealing_125_25,20260901-102349,318,513,1765.86,-1227.15,245.0,8.83,1764.25,-1220.6,6.744968495108192,matched,1
B1,annealing_125_5,20260724-111942,357,513,1764.23,-1220.7,351.0,10.57,1764.25,-1220.6,0.10198039027198591,matched,1
B1,annealing_150_25,20260918-095250,168,513,1765.89,-1221.87,110.0,5.92,1764.25,-1220.6,2.074246851269222,matched,1
B1,annealing_150_5,20260911-101035,268,513,1765.13,-1223.3,173.0,7.42,1764.25,-1220.6,2.83978872453576,matched,1
B1,annealing_75_25,20260601-225211,486,513,1761.54,-1213.13,303.0,9.82,1764.25,-1220.6,7.946382824908275,matched,1
B1,annealing_75_5,20260522-153514,492,513,1764.68,-1220.91,323.0,10.14,1764.25,-1220.6,0.5300943312280956,matched,1
B1,before_annealing,20260515-160114,513,513,1764.25,-1220.6,329.0,10.23,1764.25,-1220.6,0.0,reference,1
B1,annealing_100_25,20260629-082957,332,514,1567.73,-1234.43,1153.0,19.16,1567.68,-1230.3,4.130302652348965,matched,1
B1,annealing_100_5,20260612-110336,372,514,1568.52,-1235.66,1399.0,21.1,1567.68,-1230.3,5.425421642600806,matched,1
B1,annealing_125_25,20260901-102349,258,514,1569.38,-1238.23,392.0,11.17,1567.68,-1230.3,8.110172624550056,matched,1
B1,annealing_125_5,20260724-111942,297,514,1567.69,-1230.52,1218.0,19.69,1567.68,-1230.3,0.22022715545547925,matched,1
B1,annealing_150_25,20260918-095250,171,514,1570.22,-1232.61,39.0,3.52,1567.68,-1230.3,3.433322006453744,matched,1
B1,annealing_150_5,20260911-101035,217,514,1568.31,-1233.27,384.0,11.06,1567.68,-1230.3,3.0360830028179424,matched,1
B1,annealing_75_25,20260601-225211,391,514,1565.07,-1221.65,1129.0,18.96,1567.68,-1230.3,9.035186771727428,matched,1
B1,annealing_75_5,20260522-153514,495,514,1568.08,-1230.4,1467.0,21.61,1567.68,-1230.3,0.4123105625616668,matched,1
B1,before_annealing,20260515-160114,514,514,1567.68,-1230.3,1600.0,22.57,1567.68,-1230.3,0.0,reference,1
B1,annealing_75_5,20260522-153514,496,515,1597.19,-1238.91,314.0,10.0,1598.45,-1238.83,1.262537128166931,matched,1
B1,before_annealing,20260515-160114,515,515,1598.45,-1238.83,243.0,8.79,1598.45,-1238.83,0.0,reference,1
B1,annealing_100_25,20260629-082957,408,516,1862.11,-1285.18,409.0,11.41,1861.81,-1281.42,3.7719490982779584,matched,1
B1,annealing_100_5,20260612-110336,458,516,1863.0,-1285.41,464.0,12.15,1861.81,-1281.42,4.163676260229678,matched,1
B1,annealing_125_25,20260901-102349,319,516,1863.96,-1287.36,256.0,9.03,1861.81,-1281.42,6.317127511772921,matched,1
B1,annealing_125_5,20260724-111942,305,516,1862.06,-1281.44,271.0,9.29,1861.81,-1281.42,0.2507987240796876,matched,1
B1,annealing_150_25,20260918-095250,178,516,1863.53,-1282.91,116.0,6.08,1861.81,-1281.42,2.275631780407393,matched,1
B1,annealing_150_5,20260911-101035,223,516,1863.01,-1284.36,276.0,9.37,1861.81,-1281.42,3.175468469375675,matched,1
B1,annealing_75_25,20260601-225211,487,516,1858.83,-1274.58,492.0,12.51,1861.81,-1281.42,7.46096508502768,matched,1
B1,annealing_75_5,20260522-153514,497,516,1862.29,-1281.62,526.0,12.94,1861.81,-1281.42,0.5199999999999468,matched,1
B1,before_annealing,20260515-160114,516,516,1861.81,-1281.42,592.0,13.73,1861.81,-1281.42,0.0,reference,1
B1,annealing_100_25,20260629-082957,409,517,1849.21,-1304.48,439.0,11.82,1849.43,-1301.59,2.8983616061493414,matched,1
B1,annealing_100_5,20260612-110336,459,517,1850.04,-1304.94,502.0,12.64,1849.43,-1301.59,3.4050844336081876,matched,1
B1,annealing_125_25,20260901-102349,320,517,1850.99,-1307.7,508.0,12.72,1849.43,-1301.59,6.30600507453026,matched,1
B1,annealing_125_5,20260724-111942,306,517,1849.38,-1301.01,415.0,11.49,1849.43,-1301.59,0.582151183113039,matched,1
B1,annealing_150_25,20260918-095250,180,517,1851.23,-1302.84,203.0,8.04,1849.43,-1301.59,2.191460700081075,matched,1
B1,annealing_150_5,20260911-101035,225,517,1850.22,-1303.22,361.0,10.72,1849.43,-1301.59,1.8113530854033673,matched,1
B1,annealing_75_25,20260601-225211,488,517,1845.92,-1294.47,563.0,13.39,1849.43,-1301.59,7.938167294785263,matched,1
B1,annealing_75_5,20260522-153514,498,517,1849.26,-1301.55,748.0,15.43,1849.43,-1301.59,0.1746424919657923,matched,1
B1,before_annealing,20260515-160114,517,517,1849.43,-1301.59,752.0,15.47,1849.43,-1301.59,0.0,reference,1
B1,annealing_100_25,20260629-082957,360,518,1361.16,-1413.86,257.0,9.04,1360.24,-1408.63,5.3103013097184935,matched,2
B1,annealing_75_25,20260601-225211,492,518,1362.83,-1408.34,180.0,7.57,1360.24,-1408.63,2.606184951226541,matched,1
B1,annealing_75_5,20260522-153514,501,518,1360.04,-1409.26,219.0,8.35,1360.24,-1408.63,0.6609841147863307,matched,1
B1,before_annealing,20260515-160114,518,518,1360.24,-1408.63,188.0,7.74,1360.24,-1408.63,0.0,reference,1
B1,annealing_100_5,20260612-110336,402,519,1362.77,-1416.58,390.0,11.14,1366.9,-1417.94,4.34816053061536,matched,2
B1,annealing_75_5,20260522-153514,502,519,1367.22,-1418.55,177.0,7.51,1366.9,-1417.94,0.6888396039716628,matched,1
B1,before_annealing,20260515-160114,519,519,1366.9,-1417.94,169.0,7.33,1366.9,-1417.94,0.0,reference,1
B1,annealing_100_25,20260629-082957,371,520,1970.73,-1485.1,253.0,8.97,1969.74,-1483.12,2.2137072977248122,matched,1
B1,annealing_100_5,20260612-110336,413,520,1971.91,-1484.93,274.0,9.34,1969.74,-1483.12,2.825774230189125,matched,1
B1,annealing_125_25,20260901-102349,288,520,1972.93,-1487.41,109.0,5.89,1969.74,-1483.12,5.346045267298247,matched,1
B1,annealing_125_5,20260724-111942,328,520,1970.88,-1481.29,157.0,7.07,1969.74,-1483.12,2.156038033059705,matched,1
B1,annealing_150_5,20260911-101035,246,520,1970.97,-1484.04,45.0,3.78,1969.74,-1483.12,1.5360013020828396,matched,1
B1,annealing_75_25,20260601-225211,434,520,1965.96,-1475.68,278.0,9.41,1969.74,-1483.12,8.345178248545517,matched,1
B1,annealing_75_5,20260522-153514,505,520,1969.29,-1483.61,509.0,12.73,1969.74,-1483.12,0.6652818951392333,matched,1
B1,before_annealing,20260515-160114,520,520,1969.74,-1483.12,469.0,12.22,1969.74,-1483.12,0.0,reference,1
B1,annealing_100_25,20260629-082957,378,521,1963.6,-1512.18,203.0,8.04,1963.8,-1509.03,3.1563428204174198,matched,1
B1,annealing_100_5,20260612-110336,420,521,1965.03,-1511.96,392.0,11.17,1963.8,-1509.03,3.177703573337264,matched,1
B1,annealing_125_25,20260901-102349,294,521,1966.76,-1513.75,218.0,8.33,1963.8,-1509.03,5.57135531087369,matched,1
B1,annealing_125_5,20260724-111942,334,521,1964.16,-1508.44,182.0,7.61,1963.8,-1509.03,0.6911584478250954,matched,1
B1,annealing_150_25,20260918-095250,194,521,1965.12,-1509.35,56.0,4.22,1963.8,-1509.03,1.3582341477078947,matched,1
B1,annealing_150_5,20260911-101035,251,521,1965.54,-1510.91,170.0,7.36,1963.8,-1509.03,2.5616400996237627,matched,1
B1,annealing_75_25,20260601-225211,441,521,1958.78,-1502.7,398.0,11.26,1963.8,-1509.03,8.078941762384408,matched,1
B1,annealing_75_5,20260522-153514,506,521,1963.53,-1509.57,1237.0,19.84,1963.8,-1509.03,0.6037383539249025,matched,1
B1,before_annealing,20260515-160114,521,521,1963.8,-1509.03,1338.0,20.64,1963.8,-1509.03,0.0,reference,1
B1,annealing_75_5,20260522-153514,4,522,865.85,736.8,62.0,4.44,865.85,736.8,,new,0
B1,annealing_75_5,20260522-153514,45,523,880.03,537.22,38.0,3.48,880.03,537.22,,new,0
B1,annealing_100_5,20260612-110336,87,524,1668.58,272.46,49.0,3.95,1674.42,277.23,7.540457545799331,matched,1
B1,annealing_75_5,20260522-153514,98,524,1674.42,277.23,125.0,6.31,1674.42,277.23,,new,0
B1,annealing_75_5,20260522-153514,115,525,2386.41,213.46,42.0,3.66,2386.41,213.46,,new,0
B1,annealing_75_5,20260522-153514,191,526,2342.56,-141.42,67.0,4.62,2342.56,-141.42,,new,0
B1,annealing_75_5,20260522-153514,284,527,2360.02,-587.21,44.0,3.74,2360.02,-587.21,,new,0
B1,annealing_75_25,20260601-225211,286,528,1470.08,-585.27,38.0,3.48,1469.39,-594.3,9.05632375746358,matched,1
B1,annealing_75_5,20260522-153514,287,528,1469.39,-594.3,49.0,3.95,1469.39,-594.3,,new,0
B1,annealing_75_5,20260522-153514,314,529,712.72,-737.81,213.0,8.23,712.72,-737.81,,new,0
B1,annealing_100_5,20260612-110336,317,530,2637.59,-875.81,64.0,4.51,2637.47,-874.52,1.2955693729013469,matched,1
B1,annealing_75_25,20260601-225211,337,530,2636.66,-872.82,59.0,4.33,2637.47,-874.52,1.8831091311975734,matched,1
B1,annealing_75_5,20260522-153514,337,530,2637.47,-874.52,76.0,4.92,2637.47,-874.52,,new,0
B1,annealing_100_5,20260612-110336,326,531,414.34,-914.45,36.0,3.39,416.48,-906.3,8.426274384329155,matched,1
B1,annealing_125_5,20260724-111942,252,531,415.21,-904.81,39.0,3.52,416.48,-906.3,1.9578048932414398,matched,1
B1,annealing_75_5,20260522-153514,343,531,416.48,-906.3,38.0,3.48,416.48,-906.3,,new,0
B1,annealing_75_5,20260522-153514,378,532,496.85,-1108.44,136.0,6.58,496.85,-1108.44,,new,0
B1,annealing_75_5,20260522-153514,414,533,1851.87,-1344.19,37.0,3.43,1851.87,-1344.19,,new,0
B1,annealing_100_5,20260612-110336,405,534,972.79,-1421.37,36.0,3.39,972.14,-1413.26,8.136006391344488,matched,1
B1,annealing_75_5,20260522-153514,427,534,972.14,-1413.26,52.0,4.07,972.14,-1413.26,,new,0
B1,annealing_125_5,20260724-111942,323,535,1318.66,-1444.8,49.0,3.95,1320.62,-1444.06,2.0950417656932916,matched,1
B1,annealing_150_5,20260911-101035,239,535,1322.18,-1447.46,37.0,3.43,1320.62,-1444.06,3.740802053036375,matched,1
B1,annealing_75_5,20260522-153514,432,535,1320.62,-1444.06,42.0,3.66,1320.62,-1444.06,,new,0
B1,annealing_75_5,20260522-153514,469,536,1311.43,-1605.32,101.0,5.67,1311.43,-1605.32,,new,0
B1,annealing_75_5,20260522-153514,490,537,2298.68,-951.86,92.0,5.41,2298.68,-951.86,,new,0
B1,annealing_100_25,20260629-082957,405,538,1007.44,-1225.21,95.0,5.5,1007.39,-1219.4,5.810215142316107,matched,1
B1,annealing_100_5,20260612-110336,457,538,1007.65,-1228.38,120.0,6.18,1007.39,-1219.4,8.983763131338689,matched,1
B1,annealing_125_5,20260724-111942,359,538,1007.3,-1220.35,122.0,6.23,1007.39,-1219.4,0.9542536350466054,matched,1
B1,annealing_75_5,20260522-153514,494,538,1007.39,-1219.4,141.0,6.7,1007.39,-1219.4,,new,0
B1,annealing_75_25,20260601-225211,459,539,1909.5,-1576.52,91.0,5.38,1907.11,-1577.14,2.4691091510908594,matched,2
B1,annealing_75_5,20260522-153514,507,539,1907.11,-1577.14,69.0,4.69,1907.11,-1577.14,,new,1
B1,annealing_75_25,20260601-225211,0,540,1465.33,761.09,119.0,6.15,1465.33,761.09,,new,0
B1,annealing_75_25,20260601-225211,1,541,1521.8,756.13,127.0,6.36,1521.8,756.13,,new,0
B1,annealing_100_5,20260612-110336,447,542,2058.82,744.25,181.0,7.59,2054.77,747.3,5.070009861923466,matched,2
B1,annealing_75_25,20260601-225211,2,542,2054.77,747.3,440.0,11.83,2054.77,747.3,,new,0
B1,annealing_75_25,20260601-225211,3,543,2076.31,751.98,132.0,6.48,2076.31,751.98,,new,0
B1,annealing_75_25,20260601-225211,4,544,875.12,749.94,71.0,4.75,875.12,749.94,,new,0
B1,annealing_75_25,20260601-225211,5,545,1201.16,732.82,273.0,9.32,1201.16,732.82,,new,0
B1,annealing_75_25,20260601-225211,6,546,545.19,732.19,44.0,3.74,545.19,732.19,,new,0
B1,annealing_75_25,20260601-225211,7,547,770.84,705.3,1394.0,21.06,770.84,705.3,,new,0
B1,annealing_75_25,20260601-225211,8,548,1348.23,721.59,159.0,7.11,1348.23,721.59,,new,0
B1,annealing_75_25,20260601-225211,9,549,1924.42,712.59,499.0,12.6,1924.42,712.59,,new,0
B1,annealing_75_25,20260601-225211,10,550,975.93,706.29,57.0,4.26,975.93,706.29,,new,0
B1,annealing_75_25,20260601-225211,11,551,1132.21,691.91,246.0,8.85,1132.21,691.91,,new,0
B1,annealing_75_25,20260601-225211,12,552,1383.38,691.93,255.0,9.01,1383.38,691.93,,new,0
B1,annealing_75_25,20260601-225211,13,553,2562.49,691.07,445.0,11.9,2562.49,691.07,,new,0
B1,annealing_75_25,20260601-225211,14,554,1793.47,693.57,122.0,6.23,1793.47,693.57,,new,0
B1,annealing_75_25,20260601-225211,15,555,2027.28,687.73,444.0,11.89,2027.28,687.73,,new,0
B1,annealing_75_25,20260601-225211,16,556,1074.69,687.14,246.0,8.85,1074.69,687.14,,new,0
B1,annealing_75_25,20260601-225211,17,557,980.3,689.34,60.0,4.37,980.3,689.34,,new,0
B1,annealing_75_25,20260601-225211,18,558,1011.2,676.92,336.0,10.34,1011.2,676.92,,new,0
B1,annealing_75_25,20260601-225211,19,559,1878.2,673.08,460.0,12.1,1878.2,673.08,,new,0
B1,annealing_75_25,20260601-225211,20,560,1998.41,667.75,313.0,9.98,1998.41,667.75,,new,0
B1,annealing_75_25,20260601-225211,21,561,2530.88,660.53,322.0,10.12,2530.88,660.53,,new,0
B1,annealing_75_25,20260601-225211,22,562,2143.12,658.92,374.0,10.91,2143.12,658.92,,new,0
B1,annealing_75_25,20260601-225211,23,563,1732.17,627.32,230.0,8.56,1732.17,627.32,,new,0
B1,annealing_75_25,20260601-225211,24,564,655.18,625.31,279.0,9.42,655.18,625.31,,new,0
B1,annealing_75_25,20260601-225211,25,565,718.92,625.53,174.0,7.44,718.92,625.53,,new,0
B1,annealing_75_25,20260601-225211,26,566,2235.81,617.39,289.0,9.59,2235.81,617.39,,new,0
B1,annealing_75_25,20260601-225211,27,567,1955.32,616.97,64.0,4.51,1955.32,616.97,,new,0
B1,annealing_75_25,20260601-225211,28,568,1511.52,612.21,203.0,8.04,1511.52,612.21,,new,0
B1,annealing_75_25,20260601-225211,29,569,1994.19,608.43,350.0,10.56,1994.19,608.43,,new,0
B1,annealing_75_25,20260601-225211,31,570,2413.91,608.57,207.0,8.12,2413.91,608.57,,new,0
B1,annealing_75_25,20260601-225211,32,571,2029.44,610.88,59.0,4.33,2029.44,610.88,,new,0
B1,annealing_75_25,20260601-225211,33,572,1785.05,578.68,675.0,14.66,1785.05,578.68,,new,0
B1,annealing_75_25,20260601-225211,34,573,606.78,583.9,266.0,9.2,606.78,583.9,,new,0
B1,annealing_75_25,20260601-225211,35,574,745.49,579.04,260.0,9.1,745.49,579.04,,new,0
B1,annealing_75_25,20260601-225211,36,575,1436.72,579.19,169.0,7.33,1436.72,579.19,,new,0
B1,annealing_75_25,20260601-225211,37,576,1492.08,567.89,424.0,11.62,1492.08,567.89,,new,0
B1,annealing_75_25,20260601-225211,38,577,1865.3,576.6,95.0,5.5,1865.3,576.6,,new,0
B1,annealing_75_25,20260601-225211,39,578,381.03,568.71,451.0,11.98,381.03,568.71,,new,0
B1,annealing_75_25,20260601-225211,40,579,1978.65,571.77,273.0,9.32,1978.65,571.77,,new,0
B1,annealing_75_25,20260601-225211,41,580,2383.08,572.39,127.0,6.36,2383.08,572.39,,new,0
B1,annealing_75_25,20260601-225211,42,581,1718.28,567.55,75.0,4.89,1718.28,567.55,,new,0
B1,annealing_75_25,20260601-225211,43,582,619.96,559.27,187.0,7.72,619.96,559.27,,new,0
B1,annealing_75_25,20260601-225211,44,583,2631.77,557.56,104.0,5.75,2631.77,557.56,,new,0
B1,annealing_75_25,20260601-225211,45,584,746.36,549.49,103.0,5.73,746.36,549.49,,new,0
B1,annealing_75_25,20260601-225211,46,585,888.15,548.14,56.0,4.22,888.15,548.14,,new,0
B1,annealing_75_25,20260601-225211,47,586,563.95,546.45,70.0,4.72,563.95,546.45,,new,0
B1,annealing_75_25,20260601-225211,48,587,2196.59,541.23,239.0,8.72,2196.59,541.23,,new,0
B1,annealing_75_25,20260601-225211,49,588,918.49,529.27,173.0,7.42,918.49,529.27,,new,0
B1,annealing_75_25,20260601-225211,50,589,1157.25,526.02,299.0,9.76,1157.25,526.02,,new,0
B1,annealing_75_25,20260601-225211,51,590,1251.71,521.0,367.0,10.81,1251.71,521.0,,new,0
B1,annealing_75_25,20260601-225211,52,591,962.78,516.6,145.0,6.79,962.78,516.6,,new,0
B1,annealing_75_25,20260601-225211,53,592,2020.02,508.3,221.0,8.39,2020.02,508.3,,new,0
B1,annealing_75_25,20260601-225211,54,593,1311.2,505.62,203.0,8.04,1311.2,505.62,,new,0
B1,annealing_75_25,20260601-225211,55,594,1377.91,506.33,61.0,4.41,1377.91,506.33,,new,0
B1,annealing_75_25,20260601-225211,57,595,1036.79,490.7,295.0,9.69,1036.79,490.7,,new,0
B1,annealing_75_25,20260601-225211,58,596,1331.24,493.79,153.0,6.98,1331.24,493.79,,new,0
B1,annealing_75_25,20260601-225211,59,597,1870.72,493.73,166.0,7.27,1870.72,493.73,,new,0
B1,annealing_75_25,20260601-225211,61,598,921.64,489.13,173.0,7.42,921.64,489.13,,new,0
B1,annealing_75_25,20260601-225211,62,599,2103.02,473.0,306.0,9.87,2103.02,473.0,,new,0
B1,annealing_75_25,20260601-225211,65,600,2134.16,453.42,81.0,5.08,2134.16,453.42,,new,0
B1,annealing_75_25,20260601-225211,66,601,1734.73,437.49,728.0,15.22,1734.73,437.49,,new,0
B1,annealing_75_25,20260601-225211,67,602,1658.9,434.8,52.0,4.07,1658.9,434.8,,new,0
B1,annealing_75_25,20260601-225211,68,603,1817.01,438.52,39.0,3.52,1817.01,438.52,,new,0
B1,annealing_75_25,20260601-225211,69,604,1242.0,428.59,356.0,10.65,1242.0,428.59,,new,0
B1,annealing_75_25,20260601-225211,71,605,1546.44,428.51,168.0,7.31,1546.44,428.51,,new,0
B1,annealing_75_25,20260601-225211,72,606,1209.78,423.76,180.0,7.57,1209.78,423.76,,new,0
B1,annealing_75_25,20260601-225211,73,607,1399.56,426.55,37.0,3.43,1399.56,426.55,,new,0
B1,annealing_75_25,20260601-225211,74,608,1538.7,404.14,65.0,4.55,1538.7,404.14,,new,0
B1,annealing_75_25,20260601-225211,76,609,806.59,385.09,391.0,11.16,806.59,385.09,,new,0
B1,annealing_75_25,20260601-225211,77,610,2030.22,382.07,234.0,8.63,2030.22,382.07,,new,0
B1,annealing_75_25,20260601-225211,78,611,905.91,382.2,109.0,5.89,905.91,382.2,,new,0
B1,annealing_75_25,20260601-225211,80,612,864.68,369.29,320.0,10.09,864.68,369.29,,new,0
B1,annealing_75_25,20260601-225211,81,613,1428.42,372.05,155.0,7.02,1428.42,372.05,,new,0
B1,annealing_75_25,20260601-225211,82,614,1129.64,365.05,119.0,6.15,1129.64,365.05,,new,0
B1,annealing_75_25,20260601-225211,84,615,1775.75,358.49,83.0,5.14,1775.75,358.49,,new,0
B1,annealing_75_25,20260601-225211,85,616,594.24,349.71,390.0,11.14,594.24,349.71,,new,0
B1,annealing_75_25,20260601-225211,86,617,669.28,350.0,126.0,6.33,669.28,350.0,,new,0
B1,annealing_75_25,20260601-225211,87,618,917.05,345.08,285.0,9.52,917.05,345.08,,new,0
B1,annealing_75_25,20260601-225211,88,619,1090.54,338.28,145.0,6.79,1090.54,338.28,,new,0
B1,annealing_75_25,20260601-225211,90,620,750.69,316.76,852.0,16.47,750.69,316.76,,new,0
B1,annealing_75_25,20260601-225211,92,621,619.94,309.39,385.0,11.07,619.94,309.39,,new,0
B1,annealing_75_25,20260601-225211,94,622,567.63,313.33,108.0,5.86,567.63,313.33,,new,0
B1,annealing_75_25,20260601-225211,95,623,1003.91,311.25,184.0,7.65,1003.91,311.25,,new,0
B1,annealing_75_25,20260601-225211,97,624,1635.26,299.8,262.0,9.13,1635.26,299.8,,new,0
B1,annealing_75_25,20260601-225211,99,625,1131.06,280.5,891.0,16.84,1131.06,280.5,,new,0
B1,annealing_75_25,20260601-225211,100,626,1581.4,280.35,563.0,13.39,1581.4,280.35,,new,0
B1,annealing_75_25,20260601-225211,101,627,1681.0,285.92,43.0,3.7,1681.0,285.92,,new,0
B1,annealing_75_25,20260601-225211,102,628,1493.45,277.25,223.0,8.43,1493.45,277.25,,new,0
B1,annealing_75_25,20260601-225211,105,629,1247.5,269.63,186.0,7.69,1247.5,269.63,,new,0
B1,annealing_75_25,20260601-225211,107,630,1452.21,252.66,43.0,3.7,1452.21,252.66,,new,0
B1,annealing_75_25,20260601-225211,108,631,1065.34,245.82,137.0,6.6,1065.34,245.82,,new,0
B1,annealing_125_25,20260901-102349,69,632,1233.3,248.31,75.0,4.89,1241.28,244.93,8.66630255645395,matched,1
B1,annealing_75_25,20260601-225211,109,632,1241.28,244.93,191.0,7.8,1241.28,244.93,,new,0
B1,annealing_75_25,20260601-225211,111,633,744.98,231.81,282.0,9.47,744.98,231.81,,new,0
B1,annealing_75_25,20260601-225211,112,634,956.58,231.04,208.0,8.14,956.58,231.04,,new,0
B1,annealing_75_25,20260601-225211,113,635,1380.3,229.06,102.0,5.7,1380.3,229.06,,new,0
B1,annealing_75_25,20260601-225211,114,636,1813.03,221.15,203.0,8.04,1813.03,221.15,,new,0
B1,annealing_75_25,20260601-225211,117,637,1492.8,213.25,273.0,9.32,1492.8,213.25,,new,0
B1,annealing_125_25,20260901-102349,74,638,1367.04,208.67,43.0,3.7,1358.21,212.98,9.825731524929772,matched,1
B1,annealing_75_25,20260601-225211,118,638,1358.21,212.98,188.0,7.74,1358.21,212.98,,new,0
B1,annealing_75_25,20260601-225211,121,639,1403.44,189.43,216.0,8.29,1403.44,189.43,,new,0
B1,annealing_125_25,20260901-102349,76,640,1344.39,193.23,181.0,7.59,1338.5,190.02,6.7079206912426335,matched,1
B1,annealing_75_25,20260601-225211,122,640,1338.5,190.02,145.0,6.79,1338.5,190.02,,new,0
B1,annealing_75_25,20260601-225211,123,641,1511.83,186.82,219.0,8.35,1511.83,186.82,,new,0
B1,annealing_75_25,20260601-225211,126,642,646.44,147.09,320.0,10.09,646.44,147.09,,new,0
B1,annealing_75_25,20260601-225211,128,643,1085.33,139.55,185.0,7.67,1085.33,139.55,,new,0
B1,annealing_75_25,20260601-225211,129,644,1180.65,134.54,54.0,4.15,1180.65,134.54,,new,0
B1,annealing_75_25,20260601-225211,130,645,1640.29,129.5,80.0,5.05,1640.29,129.5,,new,0
B1,annealing_75_25,20260601-225211,131,646,1921.93,127.86,88.0,5.29,1921.93,127.86,,new,0
B1,annealing_75_25,20260601-225211,134,647,883.17,109.1,123.0,6.26,883.17,109.1,,new,0
B1,annealing_75_25,20260601-225211,135,648,608.52,97.09,253.0,8.97,608.52,97.09,,new,0
B1,annealing_75_25,20260601-225211,141,649,942.9,51.76,182.0,7.61,942.9,51.76,,new,0
B1,annealing_75_25,20260601-225211,142,650,1359.73,33.38,260.0,9.1,1359.73,33.38,,new,0
B1,annealing_75_25,20260601-225211,144,651,1259.34,35.01,219.0,8.35,1259.34,35.01,,new,0
B1,annealing_75_25,20260601-225211,146,652,451.99,26.89,395.0,11.21,451.99,26.89,,new,0
B1,annealing_75_25,20260601-225211,147,653,1504.1,21.2,1025.0,18.06,1504.1,21.2,,new,0
B1,annealing_75_25,20260601-225211,148,654,904.66,30.68,73.0,4.82,904.66,30.68,,new,0
B1,annealing_75_25,20260601-225211,154,655,849.68,-9.99,51.0,4.03,849.68,-9.99,,new,0
B1,annealing_75_25,20260601-225211,155,656,1420.63,-12.34,154.0,7.0,1420.63,-12.34,,new,0
B1,annealing_75_25,20260601-225211,157,657,1340.92,-19.08,100.0,5.64,1340.92,-19.08,,new,0
B1,annealing_75_25,20260601-225211,158,658,1089.96,-35.04,490.0,12.49,1089.96,-35.04,,new,0
B1,annealing_75_25,20260601-225211,159,659,1554.41,-29.06,99.0,5.61,1554.41,-29.06,,new,0
B1,annealing_75_25,20260601-225211,160,660,1125.98,-38.66,190.0,7.78,1125.98,-38.66,,new,0
B1,annealing_75_25,20260601-225211,163,661,1314.55,-50.16,450.0,11.97,1314.55,-50.16,,new,0
B1,annealing_75_25,20260601-225211,166,662,1339.84,-52.51,90.0,5.35,1339.84,-52.51,,new,0
B1,annealing_75_25,20260601-225211,169,663,774.33,-63.26,196.0,7.9,774.33,-63.26,,new,0
B1,annealing_75_25,20260601-225211,170,664,1028.09,-67.86,178.0,7.53,1028.09,-67.86,,new,0
B1,annealing_75_25,20260601-225211,171,665,429.87,-71.04,178.0,7.53,429.87,-71.04,,new,0
B1,annealing_75_25,20260601-225211,173,666,884.43,-77.45,184.0,7.65,884.43,-77.45,,new,0
B1,annealing_75_25,20260601-225211,177,667,1453.78,-88.96,128.0,6.38,1453.78,-88.96,,new,0
B1,annealing_75_25,20260601-225211,178,668,408.37,-93.45,259.0,9.08,408.37,-93.45,,new,0
B1,annealing_75_25,20260601-225211,182,669,958.3,-125.06,985.0,17.71,958.3,-125.06,,new,0
B1,annealing_75_25,20260601-225211,186,670,1026.43,-127.98,258.0,9.06,1026.43,-127.98,,new,0
B1,annealing_75_25,20260601-225211,187,671,474.57,-127.84,149.0,6.89,474.57,-127.84,,new,0
B1,annealing_75_25,20260601-225211,188,672,601.24,-133.14,243.0,8.79,601.24,-133.14,,new,0
B1,annealing_75_25,20260601-225211,190,673,660.28,-138.06,51.0,4.03,660.28,-138.06,,new,0
B1,annealing_75_25,20260601-225211,192,674,773.99,-138.72,47.0,3.87,773.99,-138.72,,new,0
B1,annealing_75_25,20260601-225211,193,675,1399.61,-156.57,1008.0,17.91,1399.61,-156.57,,new,0
B1,annealing_75_25,20260601-225211,194,676,481.08,-153.59,196.0,7.9,481.08,-153.59,,new,0
B1,annealing_75_25,20260601-225211,197,677,1181.95,-162.46,399.0,11.27,1181.95,-162.46,,new,0
B1,annealing_75_25,20260601-225211,199,678,452.47,-157.22,60.0,4.37,452.47,-157.22,,new,0
B1,annealing_100_5,20260612-110336,184,679,473.77,-178.06,152.0,6.96,474.75,-180.37,2.509282766050898,matched,2
B1,annealing_75_25,20260601-225211,202,679,474.75,-180.37,549.0,13.22,474.75,-180.37,,new,0
B1,annealing_75_25,20260601-225211,204,680,1220.33,-194.37,308.0,9.9,1220.33,-194.37,,new,0
B1,annealing_75_25,20260601-225211,207,681,856.31,-197.59,47.0,3.87,856.31,-197.59,,new,0
B1,annealing_75_25,20260601-225211,208,682,1494.25,-216.37,296.0,9.71,1494.25,-216.37,,new,0
B1,annealing_75_25,20260601-225211,212,683,1191.38,-226.64,40.0,3.57,1191.38,-226.64,,new,0
B1,annealing_75_25,20260601-225211,213,684,919.77,-245.39,177.0,7.51,919.77,-245.39,,new,0
B1,annealing_75_25,20260601-225211,214,685,658.98,-250.2,206.0,8.1,658.98,-250.2,,new,0
B1,annealing_75_25,20260601-225211,216,686,1385.38,-258.03,86.0,5.23,1385.38,-258.03,,new,0
B1,annealing_75_25,20260601-225211,219,687,1180.32,-272.1,79.0,5.01,1180.32,-272.1,,new,0
B1,annealing_75_25,20260601-225211,222,688,1058.48,-287.82,89.0,5.32,1058.48,-287.82,,new,0
B1,annealing_75_25,20260601-225211,223,689,410.73,-296.97,313.0,9.98,410.73,-296.97,,new,0
B1,annealing_75_25,20260601-225211,230,690,1068.26,-315.73,50.0,3.99,1068.26,-315.73,,new,0
B1,annealing_75_25,20260601-225211,231,691,443.59,-326.93,271.0,9.29,443.59,-326.93,,new,0
B1,annealing_75_25,20260601-225211,232,692,1019.61,-343.56,1704.0,23.29,1019.61,-343.56,,new,0
B1,annealing_75_25,20260601-225211,233,693,1712.91,-326.91,211.0,8.2,1712.91,-326.91,,new,0
B1,annealing_75_25,20260601-225211,236,694,716.3,-344.15,351.0,10.57,716.3,-344.15,,new,0
B1,annealing_75_25,20260601-225211,237,695,408.96,-357.77,1053.0,18.31,408.96,-357.77,,new,0
B1,annealing_75_25,20260601-225211,244,696,764.57,-379.1,220.0,8.37,764.57,-379.1,,new,0
B1,annealing_75_25,20260601-225211,246,697,1242.05,-379.54,72.0,4.79,1242.05,-379.54,,new,0
B1,annealing_75_25,20260601-225211,248,698,914.47,-401.49,1032.0,18.12,914.47,-401.49,,new,0
B1,annealing_75_25,20260601-225211,249,699,414.75,-393.53,213.0,8.23,414.75,-393.53,,new,0
B1,annealing_100_25,20260629-082957,215,700,2147.07,-424.27,70.0,4.72,2151.86,-415.55,9.948994924111638,matched,1
B1,annealing_75_25,20260601-225211,253,700,2151.86,-415.55,77.0,4.95,2151.86,-415.55,,new,0
B1,annealing_75_25,20260601-225211,254,701,1212.63,-423.34,296.0,9.71,1212.63,-423.34,,new,0
B1,annealing_75_25,20260601-225211,255,702,1070.01,-431.74,640.0,14.27,1070.01,-431.74,,new,0
B1,annealing_75_25,20260601-225211,256,703,499.25,-429.36,357.0,10.66,499.25,-429.36,,new,0
B1,annealing_75_25,20260601-225211,257,704,972.06,-426.32,116.0,6.08,972.06,-426.32,,new,0
B1,annealing_75_25,20260601-225211,264,705,800.77,-478.48,204.0,8.06,800.77,-478.48,,new,0
B1,annealing_75_25,20260601-225211,265,706,1091.96,-481.18,64.0,4.51,1091.96,-481.18,,new,0
B1,annealing_75_25,20260601-225211,266,707,1356.85,-495.48,295.0,9.69,1356.85,-495.48,,new,0
B1,annealing_75_25,20260601-225211,267,708,600.33,-514.24,342.0,10.43,600.33,-514.24,,new,0
B1,annealing_75_25,20260601-225211,269,709,726.79,-517.48,145.0,6.79,726.79,-517.48,,new,0
B1,annealing_75_25,20260601-225211,270,710,1071.2,-518.19,45.0,3.78,1071.2,-518.19,,new,0
B1,annealing_75_25,20260601-225211,272,711,1233.69,-526.45,147.0,6.84,1233.69,-526.45,,new,0
B1,annealing_75_25,20260601-225211,274,712,1947.96,-533.52,113.0,6.0,1947.96,-533.52,,new,0
B1,annealing_75_25,20260601-225211,275,713,434.67,-535.15,176.0,7.48,434.67,-535.15,,new,0
B1,annealing_75_25,20260601-225211,276,714,1065.59,-539.83,65.0,4.55,1065.59,-539.83,,new,0
B1,annealing_75_25,20260601-225211,277,715,1029.2,-548.63,188.0,7.74,1029.2,-548.63,,new,0
B1,annealing_75_25,20260601-225211,278,716,2030.64,-551.05,44.0,3.74,2030.64,-551.05,,new,0
B1,annealing_75_25,20260601-225211,279,717,913.87,-563.8,217.0,8.31,913.87,-563.8,,new,0
B1,annealing_75_25,20260601-225211,280,718,404.7,-577.95,335.0,10.33,404.7,-577.95,,new,0
B1,annealing_75_25,20260601-225211,281,719,1294.25,-575.93,394.0,11.2,1294.25,-575.93,,new,0
B1,annealing_75_25,20260601-225211,289,720,1038.74,-615.9,332.0,10.28,1038.74,-615.9,,new,0
B1,annealing_75_25,20260601-225211,290,721,645.97,-616.36,404.0,11.34,645.97,-616.36,,new,0
B1,annealing_75_25,20260601-225211,292,722,1157.6,-627.24,167.0,7.29,1157.6,-627.24,,new,0
B1,annealing_75_25,20260601-225211,295,723,784.31,-640.95,256.0,9.03,784.31,-640.95,,new,0
B1,annealing_75_25,20260601-225211,301,724,664.42,-679.02,282.0,9.47,664.42,-679.02,,new,0
B1,annealing_75_25,20260601-225211,305,725,436.61,-697.04,449.0,11.95,436.61,-697.04,,new,0
B1,annealing_75_25,20260601-225211,312,726,1231.22,-721.23,148.0,6.86,1231.22,-721.23,,new,0
B1,annealing_75_25,20260601-225211,313,727,1153.72,-719.63,50.0,3.99,1153.72,-719.63,,new,0
B1,annealing_75_25,20260601-225211,316,728,613.46,-745.82,402.0,11.31,613.46,-745.82,,new,0
B1,annealing_75_25,20260601-225211,317,729,1265.25,-747.14,199.0,7.96,1265.25,-747.14,,new,0
B1,annealing_75_25,20260601-225211,318,730,496.09,-747.13,131.0,6.46,496.09,-747.13,,new,0
B1,annealing_100_25,20260629-082957,275,731,1485.08,-794.11,38.0,3.48,1488.79,-786.72,8.268990264838873,matched,1
B1,annealing_150_5,20260911-101035,178,731,1486.69,-792.83,36.0,3.39,1488.79,-786.72,6.46081264238484,matched,1
B1,annealing_75_25,20260601-225211,323,731,1488.79,-786.72,56.0,4.22,1488.79,-786.72,,new,0
B1,annealing_75_25,20260601-225211,325,732,903.02,-809.11,171.0,7.38,903.02,-809.11,,new,0
B1,annealing_75_25,20260601-225211,326,733,757.83,-814.78,353.0,10.6,757.83,-814.78,,new,0
B1,annealing_75_25,20260601-225211,327,734,821.6,-816.01,245.0,8.83,821.6,-816.01,,new,0
B1,annealing_75_25,20260601-225211,331,735,800.02,-840.79,128.0,6.38,800.02,-840.79,,new,0
B1,annealing_75_25,20260601-225211,332,736,1275.2,-846.3,222.0,8.41,1275.2,-846.3,,new,0
B1,annealing_75_25,20260601-225211,333,737,682.48,-850.6,100.0,5.64,682.48,-850.6,,new,0
B1,annealing_75_25,20260601-225211,334,738,1308.89,-866.78,172.0,7.4,1308.89,-866.78,,new,0
B1,annealing_75_25,20260601-225211,341,739,1011.18,-902.31,320.0,10.09,1011.18,-902.31,,new,0
B1,annealing_75_25,20260601-225211,342,740,531.44,-903.06,150.0,6.91,531.44,-903.06,,new,0
B1,annealing_75_25,20260601-225211,345,741,1349.65,-923.44,87.0,5.26,1349.65,-923.44,,new,0
B1,annealing_75_25,20260601-225211,347,742,622.38,-935.51,121.0,6.21,622.38,-935.51,,new,0
B1,annealing_75_25,20260601-225211,348,743,531.23,-953.41,670.0,14.6,531.23,-953.41,,new,0
B1,annealing_75_25,20260601-225211,349,744,442.51,-951.99,397.0,11.24,442.51,-951.99,,new,0
B1,annealing_75_25,20260601-225211,351,745,762.94,-953.28,274.0,9.34,762.94,-953.28,,new,0
B1,annealing_75_25,20260601-225211,353,746,1075.56,-964.22,216.0,8.29,1075.56,-964.22,,new,0
B1,annealing_75_25,20260601-225211,354,747,1348.63,-971.14,537.0,13.07,1348.63,-971.14,,new,0
B1,annealing_75_25,20260601-225211,358,748,878.9,-983.9,112.0,5.97,878.9,-983.9,,new,0
B1,annealing_75_25,20260601-225211,362,749,787.9,-1015.39,88.0,5.29,787.9,-1015.39,,new,0
B1,annealing_75_25,20260601-225211,363,750,1005.12,-1018.12,55.0,4.18,1005.12,-1018.12,,new,0
B1,annealing_75_25,20260601-225211,365,751,368.06,-1037.55,317.0,10.05,368.06,-1037.55,,new,0
B1,annealing_75_25,20260601-225211,367,752,408.99,-1051.84,473.0,12.27,408.99,-1051.84,,new,0
B1,annealing_75_25,20260601-225211,368,753,1095.41,-1043.0,85.0,5.2,1095.41,-1043.0,,new,0
B1,annealing_75_25,20260601-225211,369,754,819.44,-1071.75,335.0,10.33,819.44,-1071.75,,new,0
B1,annealing_75_25,20260601-225211,373,755,535.27,-1085.2,40.0,3.57,535.27,-1085.2,,new,0
B1,annealing_75_25,20260601-225211,374,756,496.23,-1092.45,123.0,6.26,496.23,-1092.45,,new,0
B1,annealing_75_25,20260601-225211,375,757,1031.24,-1094.96,217.0,8.31,1031.24,-1094.96,,new,0
B1,annealing_75_25,20260601-225211,377,758,1133.55,-1117.96,525.0,12.93,1133.55,-1117.96,,new,0
B1,annealing_75_25,20260601-225211,379,759,457.18,-1146.11,635.0,14.22,457.18,-1146.11,,new,0
B1,annealing_75_25,20260601-225211,380,760,1201.37,-1137.88,216.0,8.29,1201.37,-1137.88,,new,0
B1,annealing_75_25,20260601-225211,385,761,1361.66,-1177.87,502.0,12.64,1361.66,-1177.87,,new,0
B1,annealing_75_25,20260601-225211,388,762,585.62,-1191.51,206.0,8.1,585.62,-1191.51,,new,0
B1,annealing_75_25,20260601-225211,390,763,1035.27,-1206.48,170.0,7.36,1035.27,-1206.48,,new,0
B1,annealing_75_25,20260601-225211,392,764,1292.21,-1223.09,227.0,8.5,1292.21,-1223.09,,new,0
B1,annealing_75_25,20260601-225211,393,765,1231.12,-1232.35,472.0,12.26,1231.12,-1232.35,,new,0
B1,annealing_75_25,20260601-225211,398,766,1063.87,-1251.38,119.0,6.15,1063.87,-1251.38,,new,0
B1,annealing_75_25,20260601-225211,400,767,840.27,-1275.7,203.0,8.04,840.27,-1275.7,,new,0
B1,annealing_75_25,20260601-225211,403,768,654.37,-1290.85,245.0,8.83,654.37,-1290.85,,new,0
B1,annealing_75_25,20260601-225211,405,769,716.7,-1336.19,464.0,12.15,716.7,-1336.19,,new,0
B1,annealing_75_25,20260601-225211,406,770,1167.83,-1332.09,125.0,6.31,1167.83,-1332.09,,new,0
B1,annealing_75_25,20260601-225211,409,771,1083.82,-1337.82,168.0,7.31,1083.82,-1337.82,,new,0
B1,annealing_75_25,20260601-225211,411,772,544.13,-1349.96,126.0,6.33,544.13,-1349.96,,new,0
B1,annealing_75_25,20260601-225211,416,773,395.81,-1372.18,469.0,12.22,395.81,-1372.18,,new,0
B1,annealing_75_25,20260601-225211,417,774,952.06,-1369.28,217.0,8.31,952.06,-1369.28,,new,0
B1,annealing_75_25,20260601-225211,418,775,635.98,-1374.22,40.0,3.57,635.98,-1374.22,,new,0
B1,annealing_100_25,20260629-082957,358,776,2203.05,-1393.33,145.0,6.79,2198.65,-1385.41,9.06015452406847,matched,1
B1,annealing_75_25,20260601-225211,420,776,2198.65,-1385.41,118.0,6.13,2198.65,-1385.41,,new,0
B1,annealing_75_25,20260601-225211,422,777,1499.16,-1400.51,605.0,13.88,1499.16,-1400.51,,new,0
B1,annealing_75_25,20260601-225211,423,778,968.63,-1400.78,88.0,5.29,968.63,-1400.78,,new,0
B1,annealing_75_25,20260601-225211,426,779,836.42,-1433.83,112.0,5.97,836.42,-1433.83,,new,0
B1,annealing_75_25,20260601-225211,429,780,1112.1,-1446.19,151.0,6.93,1112.1,-1446.19,,new,0
B1,annealing_75_25,20260601-225211,430,781,730.78,-1451.1,475.0,12.3,730.78,-1451.1,,new,0
B1,annealing_75_25,20260601-225211,431,782,1461.05,-1457.56,171.0,7.38,1461.05,-1457.56,,new,0
B1,annealing_75_25,20260601-225211,432,783,406.41,-1464.72,319.0,10.08,406.41,-1464.72,,new,0
B1,annealing_75_25,20260601-225211,433,784,837.05,-1459.31,78.0,4.98,837.05,-1459.31,,new,0
B1,annealing_75_25,20260601-225211,438,785,750.74,-1490.62,192.0,7.82,750.74,-1490.62,,new,0
B1,annealing_75_25,20260601-225211,439,786,1424.35,-1492.33,183.0,7.63,1424.35,-1492.33,,new,0
B1,annealing_75_25,20260601-225211,440,787,1144.5,-1497.36,125.0,6.31,1144.5,-1497.36,,new,0
B1,annealing_75_25,20260601-225211,442,788,896.67,-1519.97,512.0,12.77,896.67,-1519.97,,new,0
B1,annealing_75_25,20260601-225211,444,789,409.24,-1522.18,135.0,6.56,409.24,-1522.18,,new,0
B1,annealing_75_25,20260601-225211,445,790,2651.15,-1523.38,96.0,5.53,2651.15,-1523.38,,new,0
B1,annealing_75_25,20260601-225211,446,791,464.46,-1522.21,59.0,4.33,464.46,-1522.21,,new,0
B1,annealing_75_25,20260601-225211,447,792,1226.38,-1527.85,112.0,5.97,1226.38,-1527.85,,new,0
B1,annealing_75_25,20260601-225211,448,793,821.85,-1526.85,83.0,5.14,821.85,-1526.85,,new,0
B1,annealing_75_25,20260601-225211,450,794,834.39,-1553.6,181.0,7.59,834.39,-1553.6,,new,0
B1,annealing_75_25,20260601-225211,452,795,588.22,-1554.41,80.0,5.05,588.22,-1554.41,,new,0
B1,annealing_75_25,20260601-225211,453,796,701.13,-1563.23,627.0,14.13,701.13,-1563.23,,new,0
B1,annealing_75_25,20260601-225211,455,797,640.26,-1565.94,329.0,10.23,640.26,-1565.94,,new,0
B1,annealing_75_25,20260601-225211,456,798,1558.47,-1570.51,301.0,9.79,1558.47,-1570.51,,new,0
B1,annealing_75_25,20260601-225211,457,799,1375.52,-1569.15,55.0,4.18,1375.52,-1569.15,,new,0
B1,annealing_75_25,20260601-225211,458,800,672.75,-1575.77,200.0,7.98,672.75,-1575.77,,new,0
B1,annealing_75_25,20260601-225211,464,801,887.81,-1589.32,53.0,4.11,887.81,-1589.32,,new,0
B1,annealing_75_25,20260601-225211,466,802,2096.21,533.11,568.0,13.45,2096.21,533.11,,new,0
B1,annealing_75_25,20260601-225211,467,803,2102.11,506.42,359.0,10.69,2102.11,506.42,,new,0
B1,annealing_75_25,20260601-225211,468,804,945.16,322.9,396.0,11.23,945.16,322.9,,new,0
B1,annealing_75_25,20260601-225211,469,805,974.98,318.93,777.0,15.73,974.98,318.93,,new,0
B1,annealing_75_25,20260601-225211,470,806,1549.68,103.76,807.0,16.03,1549.68,103.76,,new,0
B1,annealing_75_25,20260601-225211,471,807,1518.64,83.76,691.0,14.83,1518.64,83.76,,new,0
B1,annealing_75_25,20260601-225211,476,808,537.73,-490.15,335.0,10.33,537.73,-490.15,,new,0
B1,annealing_75_25,20260601-225211,483,809,1016.41,-1199.89,199.0,7.96,1016.41,-1199.89,,new,0
B1,annealing_75_25,20260601-225211,484,810,1004.52,-1207.3,149.0,6.89,1004.52,-1207.3,,new,0
B1,annealing_75_25,20260601-225211,489,811,336.24,-1370.86,664.0,14.54,336.24,-1370.86,,new,0
B1,annealing_75_25,20260601-225211,490,812,349.69,-1371.77,983.0,17.69,349.69,-1371.77,,new,0
B1,annealing_75_25,20260601-225211,491,813,1355.76,-1399.06,210.0,8.18,1355.76,-1399.06,,new,0
B1,annealing_100_25,20260629-082957,7,814,757.55,685.69,588.0,13.68,754.57,683.36,3.78276354005899,matched,2
B1,annealing_100_5,20260612-110336,5,814,754.57,683.36,1243.0,19.89,754.57,683.36,,new,0
B1,annealing_125_25,20260901-102349,7,814,750.37,678.06,283.0,9.49,754.57,683.36,6.7623960250787665,matched,1
B1,annealing_150_5,20260911-101035,2,814,757.96,686.55,357.0,10.66,754.57,683.36,4.654911384763359,matched,2
B1,annealing_100_25,20260629-082957,10,815,962.99,688.07,38.0,3.48,958.52,685.2,5.312042921513367,matched,1
B1,annealing_100_5,20260612-110336,8,815,958.52,685.2,54.0,4.15,958.52,685.2,,new,0
B1,annealing_125_25,20260901-102349,8,815,955.63,680.5,39.0,3.52,958.52,685.2,5.517435998722626,matched,1
B1,annealing_100_5,20260612-110336,17,816,2551.41,663.68,39.0,3.52,2551.41,663.68,,new,0
B1,annealing_100_25,20260629-082957,22,817,642.8,605.13,144.0,6.77,639.77,601.87,4.450674106245005,matched,2
B1,annealing_100_5,20260612-110336,23,817,639.77,601.87,175.0,7.46,639.77,601.87,,new,0
B1,annealing_125_25,20260901-102349,20,817,635.46,596.51,105.0,5.78,639.77,601.87,6.877913927928996,matched,1
B1,annealing_150_5,20260911-101035,16,817,643.42,605.42,106.0,5.81,639.77,601.87,5.091659847240339,matched,2
B1,annealing_100_5,20260612-110336,24,818,703.74,603.11,99.0,5.61,703.74,603.11,,new,0
B1,annealing_100_25,20260629-082957,28,819,594.59,563.06,209.0,8.16,591.83,560.27,3.924499968148776,matched,2
B1,annealing_100_5,20260612-110336,30,819,591.83,560.27,347.0,10.51,591.83,560.27,,new,0
B1,annealing_125_25,20260901-102349,24,819,588.22,554.89,248.0,8.88,591.83,560.27,6.478927380361664,matched,1
B1,annealing_150_5,20260911-101035,20,819,594.59,564.03,170.0,7.36,591.83,560.27,4.664246991744743,matched,2
B1,annealing_100_25,20260629-082957,31,820,733.52,558.99,234.0,8.63,730.37,556.69,3.9003204996512335,matched,2
B1,annealing_100_5,20260612-110336,34,820,730.37,556.69,230.0,8.56,730.37,556.69,,new,0
B1,annealing_100_25,20260629-082957,34,821,369.12,546.1,370.0,10.85,366.08,543.08,4.285090430784398,matched,2
B1,annealing_100_5,20260612-110336,38,821,366.08,543.08,501.0,12.63,366.08,543.08,,new,0
B1,annealing_125_25,20260901-102349,27,821,362.81,536.64,331.0,10.26,366.08,543.08,7.222638022218792,matched,1
B1,annealing_150_5,20260911-101035,24,821,368.84,547.37,84.0,5.17,366.08,543.08,5.101146929857994,matched,2
B1,annealing_100_25,20260629-082957,35,822,607.9,538.5,142.0,6.72,605.23,535.83,3.775950211536106,matched,2
B1,annealing_100_5,20260612-110336,39,822,605.23,535.83,167.0,7.29,605.23,535.83,,new,0
B1,annealing_100_25,20260629-082957,37,823,734.53,529.93,126.0,6.33,731.29,526.98,4.381791870913046,matched,2
B1,annealing_100_5,20260612-110336,41,823,731.29,526.98,83.0,5.14,731.29,526.98,,new,0
B1,annealing_100_25,20260629-082957,39,824,551.55,525.0,57.0,4.26,548.13,523.19,3.8694314827891088,matched,2
B1,annealing_100_5,20260612-110336,42,824,548.13,523.19,95.0,5.5,548.13,523.19,,new,0
B1,annealing_125_25,20260901-102349,30,824,545.64,516.09,41.0,3.61,548.13,523.19,7.523968367822952,matched,1
B1,annealing_100_25,20260629-082957,52,825,910.23,470.17,122.0,6.23,906.9,468.36,3.7901187316494824,matched,2
B1,annealing_100_5,20260612-110336,54,825,906.9,468.36,127.0,6.36,906.9,468.36,,new,0
B1,annealing_125_25,20260901-102349,42,825,904.72,463.03,48.0,3.91,906.9,468.36,5.7585848956145655,matched,1
B1,annealing_100_25,20260629-082957,63,826,795.77,366.26,238.0,8.7,792.89,363.8,3.7876113845007744,matched,2
B1,annealing_100_5,20260612-110336,64,826,792.89,363.8,282.0,9.47,792.89,363.8,,new,0
B1,annealing_125_25,20260901-102349,50,826,790.35,358.57,280.0,9.44,792.89,363.8,5.8141637403843385,matched,1
B1,annealing_150_5,20260911-101035,42,826,795.4,366.97,127.0,6.36,792.89,363.8,4.043389667098641,matched,2
B1,annealing_100_25,20260629-082957,64,827,895.18,364.97,70.0,4.72,891.83,361.83,4.591524801196185,matched,2
B1,annealing_100_5,20260612-110336,65,827,891.83,361.83,79.0,5.01,891.83,361.83,,new,0
B1,annealing_125_25,20260901-102349,51,827,890.34,357.09,86.0,5.23,891.83,361.83,4.968671854731414,matched,1
B1,annealing_100_5,20260612-110336,66,828,1436.73,361.99,72.0,4.79,1436.73,361.99,,new,0
B1,annealing_100_25,20260629-082957,66,829,1392.69,355.67,42.0,3.66,1389.05,355.32,3.656788208250615,matched,1
B1,annealing_100_5,20260612-110336,68,829,1389.05,355.32,99.0,5.61,1389.05,355.32,,new,0
B1,annealing_100_25,20260629-082957,70,830,583.76,328.85,360.0,10.7,580.92,326.22,3.870723446592401,matched,2
B1,annealing_100_5,20260612-110336,73,830,580.92,326.22,422.0,11.59,580.92,326.22,,new,0
B1,annealing_100_25,20260629-082957,71,831,659.73,329.71,70.0,4.72,656.22,327.22,4.30351019517785,matched,2
B1,annealing_100_5,20260612-110336,74,831,656.22,327.22,163.0,7.2,656.22,327.22,,new,0
B1,annealing_100_25,20260629-082957,76,832,740.53,297.17,643.0,14.31,737.7,294.78,3.7041868203425965,matched,2
B1,annealing_100_5,20260612-110336,80,832,737.7,294.78,859.0,16.54,737.7,294.78,,new,0
B1,annealing_125_25,20260901-102349,61,832,735.56,289.26,559.0,13.34,737.7,294.78,5.920304046246293,matched,1
B1,annealing_150_5,20260911-101035,46,832,740.71,298.56,723.0,15.17,737.7,294.78,4.832028559518266,matched,2
B1,annealing_100_25,20260629-082957,82,833,609.96,288.53,226.0,8.48,607.11,286.0,3.8109578848368284,matched,2
B1,annealing_100_5,20260612-110336,83,833,607.11,286.0,345.0,10.48,607.11,286.0,,new,0
B1,annealing_125_25,20260901-102349,64,833,605.15,280.23,153.0,6.98,607.11,286.0,6.093808333054128,matched,1
B1,annealing_150_5,20260911-101035,52,833,610.41,289.69,68.0,4.65,607.11,286.0,4.950363623007878,matched,2
B1,annealing_100_25,20260629-082957,93,834,735.51,212.41,287.0,9.56,733.0,209.74,3.6645600008732138,matched,2
B1,annealing_100_5,20260612-110336,99,834,733.0,209.74,174.0,7.44,733.0,209.74,,new,0
B1,annealing_125_25,20260901-102349,72,834,730.78,204.58,278.0,9.41,733.0,209.74,5.617294722551068,matched,1
B1,annealing_150_5,20260911-101035,62,834,735.9,213.7,170.0,7.36,733.0,209.74,4.9083194680052875,matched,2
B1,annealing_100_25,20260629-082957,108,835,431.93,144.27,64.0,4.51,429.99,141.07,3.742138426087429,matched,1
B1,annealing_100_5,20260612-110336,111,835,429.99,141.07,76.0,4.92,429.99,141.07,,new,0
B1,annealing_100_5,20260612-110336,115,836,1911.83,117.54,78.0,4.98,1911.83,117.54,,new,0
B1,annealing_100_25,20260629-082957,119,837,600.08,76.02,280.0,9.44,597.32,73.11,4.010698193581752,matched,2
B1,annealing_100_5,20260612-110336,124,837,597.32,73.11,262.0,9.13,597.32,73.11,,new,0
B1,annealing_125_25,20260901-102349,89,837,595.62,67.7,205.0,8.08,597.32,73.11,5.670811229445054,matched,1
B1,annealing_150_5,20260911-101035,78,837,600.1,77.15,189.0,7.76,597.32,73.11,4.904079934095681,matched,2
B1,annealing_100_5,20260612-110336,134,838,1232.23,20.38,36.0,3.39,1232.23,20.38,,new,0
B1,annealing_100_25,20260629-082957,132,839,444.13,5.08,290.0,9.61,442.03,1.77,3.9199617345071234,matched,2
B1,annealing_100_5,20260612-110336,141,839,442.03,1.77,255.0,9.01,442.03,1.77,,new,0
B1,annealing_125_25,20260901-102349,98,839,440.59,-4.02,186.0,7.69,442.03,1.77,5.966380812519428,matched,1
B1,annealing_150_5,20260911-101035,86,839,444.82,5.27,58.0,4.3,442.03,1.77,4.475946827208754,matched,2
B1,annealing_100_5,20260612-110336,144,840,933.92,-33.68,80.0,5.05,933.92,-33.68,,new,0
B1,annealing_100_5,20260612-110336,157,841,845.9,-69.56,40.0,3.57,845.9,-69.56,,new,0
B1,annealing_100_25,20260629-082957,146,842,768.59,-81.8,63.0,4.48,766.2,-85.13,4.098902292077712,matched,2
B1,annealing_100_5,20260612-110336,161,842,766.2,-85.13,50.0,3.99,766.2,-85.13,,new,0
B1,annealing_100_25,20260629-082957,152,843,421.84,-92.89,115.0,6.05,420.13,-96.16,3.690121949204376,matched,2
B1,annealing_100_5,20260612-110336,165,843,420.13,-96.16,166.0,7.27,420.13,-96.16,,new,0
B1,annealing_125_25,20260901-102349,110,843,418.99,-101.96,138.0,6.63,420.13,-96.16,5.9109728471716005,matched,1
B1,annealing_100_5,20260612-110336,170,844,399.64,-119.14,231.0,8.57,399.64,-119.14,,new,0
B1,annealing_100_25,20260629-082957,187,845,653.22,-271.21,114.0,6.02,651.66,-273.8,3.0235244335047713,matched,2
B1,annealing_100_5,20260612-110336,201,845,651.66,-273.8,150.0,6.91,651.66,-273.8,,new,0
B1,annealing_100_25,20260629-082957,194,846,405.19,-319.49,292.0,9.64,403.67,-322.43,3.30968276425399,matched,2
B1,annealing_100_5,20260612-110336,210,846,403.67,-322.43,271.0,9.29,403.67,-322.43,,new,0
B1,annealing_125_25,20260901-102349,142,846,402.81,-328.15,105.0,5.78,403.67,-322.43,5.784289066082338,matched,1
B1,annealing_100_25,20260629-082957,199,847,1708.15,-338.34,220.0,8.37,1707.21,-339.32,1.3579396157414874,matched,1
B1,annealing_100_5,20260612-110336,216,847,1707.21,-339.32,209.0,8.16,1707.21,-339.32,,new,0
B1,annealing_100_25,20260629-082957,203,848,438.34,-349.52,245.0,8.83,437.02,-352.38,3.1499206339208072,matched,2
B1,annealing_100_5,20260612-110336,219,848,437.02,-352.38,317.0,10.05,437.02,-352.38,,new,0
B1,annealing_125_25,20260901-102349,148,848,436.02,-357.99,391.0,11.16,437.02,-352.38,5.698429608234198,matched,1
B1,annealing_150_5,20260911-101035,127,848,439.05,-348.26,179.0,7.55,437.02,-352.38,4.5929620072454505,matched,2
B1,annealing_100_25,20260629-082957,398,849,404.13,-380.13,1779.0,23.8,402.69,-383.34,3.5181955602268418,matched,2
B1,annealing_100_5,20260612-110336,225,849,402.69,-383.34,1035.0,18.15,402.69,-383.34,,new,0
B1,annealing_125_25,20260901-102349,151,849,401.85,-389.32,378.0,10.97,402.69,-383.34,6.038708471188204,matched,1
B1,annealing_150_5,20260911-101035,132,849,404.79,-379.11,298.0,9.74,402.69,-383.34,4.722594625838615,matched,2
B1,annealing_100_5,20260612-110336,232,850,1986.95,-406.23,46.0,3.83,1986.95,-406.23,,new,0
B1,annealing_100_25,20260629-082957,399,851,409.65,-415.04,319.0,10.08,408.88,-417.88,2.9425329225005843,matched,2
B1,annealing_100_5,20260612-110336,234,851,408.88,-417.88,295.0,9.69,408.88,-417.88,,new,0
B1,annealing_100_25,20260629-082957,220,852,494.86,-450.95,381.0,11.01,493.5,-453.99,3.330345327439808,matched,2
B1,annealing_100_5,20260612-110336,242,852,493.5,-453.99,459.0,12.09,493.5,-453.99,,new,0
B1,annealing_125_25,20260901-102349,161,852,493.07,-460.04,411.0,11.44,493.5,-453.99,6.065261742085014,matched,1
B1,annealing_150_5,20260911-101035,140,852,495.58,-449.79,436.0,11.78,493.5,-453.99,4.686832619157616,matched,2
B1,annealing_100_25,20260629-082957,236,853,431.35,-558.1,89.0,5.32,429.88,-561.01,3.2602147168553017,matched,2
B1,annealing_100_5,20260612-110336,258,853,429.88,-561.01,148.0,6.86,429.88,-561.01,,new,0
B1,annealing_125_25,20260901-102349,173,853,429.74,-566.59,72.0,4.79,429.88,-561.01,5.581755996100193,matched,1
B1,annealing_100_25,20260629-082957,242,854,401.56,-600.72,241.0,8.76,400.74,-603.59,2.984845054605015,matched,2
B1,annealing_100_5,20260612-110336,266,854,400.74,-603.59,334.0,10.31,400.74,-603.59,,new,0
B1,annealing_125_25,20260901-102349,179,854,399.81,-609.2,104.0,5.75,400.74,-603.59,5.686563109647176,matched,1
B1,annealing_150_5,20260911-101035,156,854,401.8,-599.9,137.0,6.6,400.74,-603.59,3.8392316939721685,matched,2
B1,annealing_100_25,20260629-082957,244,855,440.42,-601.39,73.0,4.82,438.61,-603.77,2.990066888883924,matched,2
B1,annealing_100_5,20260612-110336,268,855,438.61,-603.77,75.0,4.89,438.61,-603.77,,new,0
B1,annealing_125_25,20260901-102349,180,855,439.88,-610.58,71.0,4.75,438.61,-603.77,6.927409328168848,matched,1
B1,annealing_100_25,20260629-082957,247,856,877.88,-621.98,41.0,3.61,875.83,-625.4,3.9873424733774163,matched,1
B1,annealing_100_5,20260612-110336,270,856,875.83,-625.4,37.0,3.43,875.83,-625.4,,new,0
B1,annealing_125_25,20260901-102349,181,856,875.25,-628.92,39.0,3.52,875.83,-625.4,3.567464085313252,matched,1
B1,annealing_150_5,20260911-101035,157,856,877.64,-622.03,41.0,3.61,875.83,-625.4,3.825310444918142,matched,1
B1,annealing_100_5,20260612-110336,276,857,1018.64,-649.03,37.0,3.43,1018.64,-649.03,,new,0
B1,annealing_100_25,20260629-082957,265,858,434.31,-719.77,274.0,9.34,433.96,-722.45,2.7027578507887746,matched,2
B1,annealing_100_5,20260612-110336,292,858,433.96,-722.45,380.0,11.0,433.96,-722.45,,new,0
B1,annealing_125_25,20260901-102349,197,858,433.87,-728.29,263.0,9.15,433.96,-722.45,5.840693451979742,matched,1
B1,annealing_150_5,20260911-101035,170,858,434.28,-718.33,85.0,5.2,433.96,-722.45,4.132408498684518,matched,2
B1,annealing_100_25,20260629-082957,273,859,2572.05,-776.78,96.0,5.53,2572.6,-776.5,0.6171709649681234,matched,1
B1,annealing_100_5,20260612-110336,303,859,2572.6,-776.5,107.0,5.84,2572.6,-776.5,,new,0
B1,annealing_100_25,20260629-082957,284,860,2657.83,-864.87,36.0,3.39,2658.88,-864.46,1.1272089424771061,matched,1
B1,annealing_100_5,20260612-110336,315,860,2658.88,-864.46,38.0,3.48,2658.88,-864.46,,new,0
B1,annealing_125_25,20260901-102349,211,860,2657.8,-863.78,72.0,4.79,2658.88,-864.46,1.2762444906834778,matched,1
B1,annealing_100_25,20260629-082957,297,861,1349.68,-937.68,85.0,5.2,1349.58,-940.87,3.1915670132397933,matched,1
B1,annealing_100_5,20260612-110336,332,861,1349.58,-940.87,114.0,6.02,1349.58,-940.87,,new,0
B1,annealing_125_5,20260724-111942,260,861,1349.68,-934.14,99.0,5.61,1349.58,-940.87,6.730742901047423,matched,1
B1,annealing_100_5,20260612-110336,333,862,1195.89,-944.07,62.0,4.44,1195.89,-944.07,,new,0
B1,annealing_100_25,20260629-082957,302,863,442.36,-973.98,434.0,11.75,442.8,-977.34,3.3886870613852924,matched,2
B1,annealing_100_5,20260612-110336,336,863,442.8,-977.34,446.0,11.91,442.8,-977.34,,new,0
B1,annealing_100_25,20260629-082957,304,864,622.43,-970.75,49.0,3.95,621.57,-975.15,4.483257744096321,matched,2
B1,annealing_100_5,20260612-110336,338,864,621.57,-975.15,65.0,4.55,621.57,-975.15,,new,0
B1,annealing_125_25,20260901-102349,226,864,622.56,-980.35,163.0,7.2,621.57,-975.15,5.293401552876965,matched,1
B1,annealing_150_5,20260911-101035,193,864,622.79,-971.13,224.0,8.44,621.57,-975.15,4.201047488424719,matched,2
B1,annealing_100_25,20260629-082957,313,865,368.79,-1060.33,336.0,10.34,369.44,-1063.86,3.58934534420969,matched,2
B1,annealing_100_5,20260612-110336,351,865,369.44,-1063.86,440.0,11.83,369.44,-1063.86,,new,0
B1,annealing_125_25,20260901-102349,237,865,369.78,-1069.5,208.0,8.14,369.44,-1063.86,5.650238933001074,matched,1
B1,annealing_150_5,20260911-101035,201,865,369.82,-1059.05,204.0,8.06,369.44,-1063.86,4.824987046614682,matched,2
B1,annealing_100_25,20260629-082957,315,866,409.99,-1074.32,394.0,11.2,410.09,-1077.71,3.3914746055367524,matched,2
B1,annealing_100_5,20260612-110336,353,866,410.09,-1077.71,498.0,12.59,410.09,-1077.71,,new,0
B1,annealing_125_25,20260901-102349,238,866,410.63,-1084.59,114.0,6.02,410.09,-1077.71,6.901159322896291,matched,1
B1,annealing_150_5,20260911-101035,202,866,410.56,-1073.45,106.0,5.81,410.09,-1077.71,4.285848807412593,matched,2
B1,annealing_100_5,20260612-110336,359,867,534.49,-1108.29,82.0,5.11,534.49,-1108.29,,new,0
B1,annealing_100_25,20260629-082957,324,868,458.54,-1168.66,239.0,8.72,459.34,-1171.35,2.8064390248140074,matched,2
B1,annealing_100_5,20260612-110336,364,868,459.34,-1171.35,693.0,14.85,459.34,-1171.35,,new,0
B1,annealing_125_25,20260901-102349,248,868,460.08,-1177.04,1927.0,24.77,459.34,-1171.35,5.737917740783727,matched,1
B1,annealing_150_5,20260911-101035,208,868,459.56,-1166.75,1321.0,20.51,459.34,-1171.35,4.6052578646585225,matched,2
B1,annealing_100_5,20260612-110336,382,869,2616.85,-1272.95,43.0,3.7,2616.85,-1272.95,,new,0
B1,annealing_100_5,20260612-110336,403,870,531.82,-1413.65,53.0,4.11,531.82,-1413.65,,new,0
B1,annealing_100_25,20260629-082957,372,871,411.55,-1486.32,257.0,9.04,412.82,-1490.6,4.464448454176587,matched,2
B1,annealing_100_5,20260612-110336,414,871,412.82,-1490.6,311.0,9.95,412.82,-1490.6,,new,0
B1,annealing_125_25,20260901-102349,291,871,414.98,-1495.9,64.0,4.51,412.82,-1490.6,5.723250824487954,matched,1
B1,annealing_100_25,20260629-082957,383,872,414.17,-1544.93,48.0,3.91,415.52,-1547.5,2.902998449878949,matched,2
B1,annealing_100_5,20260612-110336,427,872,415.52,-1547.5,89.0,5.32,415.52,-1547.5,,new,0
B1,annealing_125_25,20260901-102349,300,872,417.29,-1553.59,44.0,3.74,415.52,-1547.5,6.342002838220679,matched,1
B1,annealing_100_25,20260629-082957,401,873,538.72,-524.77,285.0,9.52,537.92,-527.63,2.9697811367170117,matched,2
B1,annealing_100_5,20260612-110336,453,873,537.92,-527.63,399.0,11.27,537.92,-527.63,,new,1
B1,annealing_125_25,20260901-102349,316,873,537.47,-532.79,270.0,9.27,537.92,-527.63,5.179584925454897,matched,1
B1,annealing_150_5,20260911-101035,266,873,539.26,-523.6,162.0,7.18,537.92,-527.63,4.246940074924518,matched,2
B1,annealing_100_25,20260629-082957,354,874,353.56,-1393.75,1094.0,18.66,351.91,-1397.79,4.363954628545034,matched,2
B1,annealing_100_5,20260612-110336,460,874,351.91,-1397.79,1996.0,25.21,351.91,-1397.79,,new,0
B1,annealing_125_25,20260901-102349,277,874,356.1,-1404.38,1164.0,19.25,351.91,-1397.79,7.8092381190486115,matched,1
B1,annealing_150_5,20260911-101035,234,874,354.41,-1392.16,664.0,14.54,351.91,-1397.79,6.160105518576664,matched,2
B1,annealing_100_25,20260629-082957,5,875,2622.68,716.12,84.0,5.17,2622.68,716.12,,new,0
B1,annealing_125_25,20260901-102349,3,875,2615.74,717.08,120.0,6.18,2622.68,716.12,7.006083071160434,matched,1
B1,annealing_125_5,20260724-111942,4,875,2626.03,717.53,67.0,4.62,2622.68,716.12,3.6346389091631024,matched,1
B1,annealing_100_25,20260629-082957,9,876,386.96,689.78,37.0,3.43,386.96,689.78,,new,0
B1,annealing_100_25,20260629-082957,51,877,2463.93,475.44,36.0,3.39,2463.93,475.44,,new,0
B1,annealing_100_25,20260629-082957,182,878,1373.02,-234.26,107.0,5.84,1373.02,-234.26,,new,0
B1,annealing_125_5,20260724-111942,160,878,1375.01,-229.49,141.0,6.7,1373.02,-234.26,5.168462053648054,matched,1
B1,annealing_100_25,20260629-082957,266,879,792.9,-718.47,124.0,6.28,792.9,-718.47,,new,0
B1,annealing_100_25,20260629-082957,298,880,1662.89,-949.93,167.0,7.29,1662.89,-949.93,,new,0
B1,annealing_100_25,20260629-082957,381,881,471.1,-1543.91,50.0,3.99,471.1,-1543.91,,new,0
B1,annealing_125_5,20260724-111942,8,882,965.37,693.18,40.0,3.57,965.37,693.18,,new,0
B1,annealing_125_5,20260724-111942,51,883,1295.45,418.21,42.0,3.66,1295.45,418.21,,new,0
B1,annealing_125_5,20260724-111942,71,884,863.53,278.0,123.0,6.26,863.53,278.0,,new,0
B1,annealing_150_5,20260911-101035,54,884,860.72,273.38,65.0,4.55,863.53,278.0,5.407448566560734,matched,2
B1,annealing_125_5,20260724-111942,93,885,436.0,150.54,57.0,4.26,436.0,150.54,,new,0
B1,annealing_125_5,20260724-111942,131,886,1039.44,-90.11,232.0,8.59,1039.44,-90.11,,new,0
B1,annealing_125_5,20260724-111942,182,887,1129.46,-373.39,36.0,3.39,1129.46,-373.39,,new,0
B1,annealing_125_25,20260901-102349,200,888,1490.59,-765.64,105.0,5.78,1491.9,-758.02,7.731785046158521,matched,1
B1,annealing_125_5,20260724-111942,235,888,1491.9,-758.02,110.0,5.92,1491.9,-758.02,,new,0
B1,annealing_150_25,20260918-095250,138,888,1493.09,-759.61,86.0,5.23,1491.9,-758.02,1.986001007049012,matched,1
B1,annealing_150_5,20260911-101035,173,888,1491.95,-761.28,143.0,6.75,1491.9,-758.02,3.2603834130359477,matched,1
B1,annealing_125_5,20260724-111942,238,889,1885.74,-766.59,39.0,3.52,1885.74,-766.59,,new,0
B1,annealing_125_5,20260724-111942,239,890,374.93,-786.51,129.0,6.41,374.93,-786.51,,new,0
B1,annealing_125_5,20260724-111942,250,891,473.31,-880.44,44.0,3.74,473.31,-880.44,,new,0
B1,annealing_150_5,20260911-101035,184,891,473.4,-882.44,87.0,5.26,473.31,-880.44,2.002023975880408,matched,1
B1,annealing_125_5,20260724-111942,255,892,2200.1,-914.19,112.0,5.97,2200.1,-914.19,,new,0
B1,annealing_125_5,20260724-111942,288,893,557.02,-1158.53,76.0,4.92,557.02,-1158.53,,new,0
B1,annealing_125_25,20260901-102349,0,894,2034.13,737.53,316.0,10.03,2034.13,737.53,,new,0
B1,annealing_125_25,20260901-102349,1,895,1444.41,742.98,68.0,4.65,1444.41,742.98,,new,0
B1,annealing_125_25,20260901-102349,2,896,1501.32,737.82,95.0,5.5,1501.32,737.82,,new,0
B1,annealing_125_25,20260901-102349,4,897,1327.78,701.49,82.0,5.11,1327.78,701.49,,new,0
B1,annealing_125_25,20260901-102349,5,898,2542.36,687.81,419.0,11.55,2542.36,687.81,,new,0
B1,annealing_125_25,20260901-102349,6,899,2007.5,677.51,378.0,10.97,2007.5,677.51,,new,0
B1,annealing_125_25,20260901-102349,9,900,1363.28,672.94,216.0,8.29,1363.28,672.94,,new,0
B1,annealing_125_25,20260901-102349,10,901,1858.35,660.54,371.0,10.87,1858.35,660.54,,new,0
B1,annealing_125_25,20260901-102349,11,902,1979.01,657.05,443.0,11.87,1979.01,657.05,,new,0
B1,annealing_125_25,20260901-102349,12,903,1055.06,664.04,194.0,7.86,1055.06,664.04,,new,0
B1,annealing_125_25,20260901-102349,14,904,988.5,648.38,205.0,8.08,988.5,648.38,,new,0
B1,annealing_125_25,20260901-102349,16,905,1712.93,612.96,538.0,13.09,1712.93,612.96,,new,0
B1,annealing_125_25,20260901-102349,17,906,1769.11,619.45,80.0,5.05,1769.11,619.45,,new,0
B1,annealing_150_5,20260911-101035,13,906,1775.98,622.23,103.0,5.73,1769.11,619.45,7.411160502917304,matched,1
B1,annealing_125_25,20260901-102349,21,907,1975.33,598.13,137.0,6.6,1975.33,598.13,,new,0
B1,annealing_125_25,20260901-102349,22,908,1493.08,595.0,58.0,4.3,1493.08,595.0,,new,0
B1,annealing_125_25,20260901-102349,23,909,1766.28,564.93,258.0,9.06,1766.28,564.93,,new,0
B1,annealing_125_25,20260901-102349,25,910,1419.16,560.95,36.0,3.39,1419.16,560.95,,new,0
B1,annealing_125_25,20260901-102349,26,911,1473.79,550.55,221.0,8.39,1473.79,550.55,,new,0
B1,annealing_125_25,20260901-102349,31,912,1139.72,504.57,212.0,8.21,1139.72,504.57,,new,0
B1,annealing_125_25,20260901-102349,32,913,1233.83,500.28,154.0,7.0,1233.83,500.28,,new,0
B1,annealing_125_25,20260901-102349,36,914,1360.41,488.14,78.0,4.98,1360.41,488.14,,new,0
B1,annealing_125_25,20260901-102349,37,915,1293.09,485.77,92.0,5.41,1293.09,485.77,,new,0
B1,annealing_125_25,20260901-102349,38,916,1313.57,473.94,119.0,6.15,1313.57,473.94,,new,0
B1,annealing_125_25,20260901-102349,39,917,480.77,472.76,51.0,4.03,480.77,472.76,,new,0
B1,annealing_125_25,20260901-102349,41,918,1019.6,465.96,107.0,5.84,1019.6,465.96,,new,0
B1,annealing_125_25,20260901-102349,45,919,1718.3,423.61,132.0,6.48,1718.3,423.61,,new,0
B1,annealing_125_25,20260901-102349,46,920,1225.46,407.47,294.0,9.67,1225.46,407.47,,new,0
B1,annealing_125_25,20260901-102349,47,921,1530.0,410.87,201.0,8.0,1530.0,410.87,,new,0
B1,annealing_125_25,20260901-102349,48,922,1192.87,402.24,179.0,7.55,1192.87,402.24,,new,0
B1,annealing_125_25,20260901-102349,52,923,1413.16,353.52,69.0,4.69,1413.16,353.52,,new,0
B1,annealing_125_25,20260901-102349,54,924,848.86,343.99,114.0,6.02,848.86,343.99,,new,0
B1,annealing_125_25,20260901-102349,58,925,959.72,294.56,672.0,14.63,959.72,294.56,,new,0
B1,annealing_125_25,20260901-102349,60,926,929.62,299.51,80.0,5.05,929.62,299.51,,new,0
B1,annealing_125_25,20260901-102349,62,927,988.53,286.79,105.0,5.78,988.53,286.79,,new,0
B1,annealing_125_25,20260901-102349,63,928,1619.91,283.97,49.0,3.95,1619.91,283.97,,new,0
B1,annealing_125_25,20260901-102349,65,929,1566.92,263.68,388.0,11.11,1566.92,263.68,,new,0
B1,annealing_125_25,20260901-102349,66,930,855.93,264.86,145.0,6.79,855.93,264.86,,new,0
B1,annealing_125_25,20260901-102349,67,931,1479.12,259.63,106.0,5.81,1479.12,259.63,,new,0
B1,annealing_125_25,20260901-102349,68,932,1116.68,257.74,217.0,8.31,1116.68,257.74,,new,0
B1,annealing_125_25,20260901-102349,70,933,1227.31,224.08,201.0,8.0,1227.31,224.08,,new,0
B1,annealing_125_25,20260901-102349,73,934,942.16,206.26,238.0,8.7,942.16,206.26,,new,0
B1,annealing_125_25,20260901-102349,75,935,1479.0,195.43,192.0,7.82,1479.0,195.43,,new,0
B1,annealing_125_25,20260901-102349,79,936,1324.55,169.98,116.0,6.08,1324.55,169.98,,new,0
B1,annealing_125_25,20260901-102349,80,937,1390.7,169.22,53.0,4.11,1390.7,169.22,,new,0
B1,annealing_125_25,20260901-102349,81,938,633.06,117.88,219.0,8.35,633.06,117.88,,new,0
B1,annealing_125_25,20260901-102349,82,939,1167.51,113.25,49.0,3.95,1167.51,113.25,,new,0
B1,annealing_125_25,20260901-102349,85,940,1537.56,86.9,228.0,8.52,1537.56,86.9,,new,0
B1,annealing_125_25,20260901-102349,86,941,871.07,83.85,109.0,5.89,871.07,83.85,,new,0
B1,annealing_125_25,20260901-102349,87,942,1145.39,84.17,51.0,4.03,1145.39,84.17,,new,0
B1,annealing_150_5,20260911-101035,77,942,1149.88,89.49,63.0,4.48,1145.39,84.17,6.961501274868806,matched,1
B1,annealing_125_25,20260901-102349,88,943,1507.18,64.87,410.0,11.42,1507.18,64.87,,new,0
B1,annealing_125_25,20260901-102349,94,944,1348.35,13.49,216.0,8.29,1348.35,13.49,,new,0
B1,annealing_125_25,20260901-102349,96,945,1493.06,3.38,300.0,9.77,1493.06,3.38,,new,0
B1,annealing_125_25,20260901-102349,97,946,1031.11,2.24,41.0,3.61,1031.11,2.24,,new,0
B1,annealing_125_25,20260901-102349,100,947,1331.29,-39.15,82.0,5.11,1331.29,-39.15,,new,0
B1,annealing_125_25,20260901-102349,101,948,838.09,-36.72,45.0,3.78,838.09,-36.72,,new,0
B1,annealing_125_25,20260901-102349,103,949,1115.44,-61.23,106.0,5.81,1115.44,-61.23,,new,0
B1,annealing_125_25,20260901-102349,104,950,1304.51,-70.24,309.0,9.92,1304.51,-70.24,,new,0
B1,annealing_125_25,20260901-102349,111,951,873.72,-103.21,121.0,6.21,873.72,-103.21,,new,0
B1,annealing_125_25,20260901-102349,117,952,948.62,-149.65,204.0,8.06,948.62,-149.65,,new,0
B1,annealing_125_25,20260901-102349,118,953,1016.63,-151.8,270.0,9.27,1016.63,-151.8,,new,0
B1,annealing_125_25,20260901-102349,121,954,592.31,-162.28,198.0,7.94,592.31,-162.28,,new,0
B1,annealing_125_25,20260901-102349,123,955,1392.05,-176.34,50.0,3.99,1392.05,-176.34,,new,0
B1,annealing_125_25,20260901-102349,124,956,1173.29,-184.42,529.0,12.98,1173.29,-184.42,,new,0
B1,annealing_125_25,20260901-102349,129,957,466.26,-209.74,359.0,10.69,466.26,-209.74,,new,0
B1,annealing_125_25,20260901-102349,130,958,1212.03,-215.61,264.0,9.17,1212.03,-215.61,,new,0
B1,annealing_125_25,20260901-102349,135,959,911.43,-269.84,38.0,3.48,911.43,-269.84,,new,0
B1,annealing_125_25,20260901-102349,140,960,1050.61,-311.05,91.0,5.38,1050.61,-311.05,,new,0
B1,annealing_125_25,20260901-102349,144,961,1060.06,-338.64,67.0,4.62,1060.06,-338.64,,new,0
B1,annealing_125_25,20260901-102349,150,962,709.26,-371.79,263.0,9.15,709.26,-371.79,,new,0
B1,annealing_125_25,20260901-102349,155,963,907.94,-426.55,447.0,11.93,907.94,-426.55,,new,0
B1,annealing_125_25,20260901-102349,159,964,1063.64,-454.8,495.0,12.55,1063.64,-454.8,,new,0
B1,annealing_125_25,20260901-102349,160,965,966.11,-450.21,104.0,5.75,966.11,-450.21,,new,0
B1,annealing_125_25,20260901-102349,164,966,795.41,-504.68,155.0,7.02,795.41,-504.68,,new,0
B1,annealing_125_25,20260901-102349,166,967,2035.39,-531.76,53.0,4.11,2035.39,-531.76,,new,0
B1,annealing_150_5,20260911-101035,146,967,2038.2,-529.09,66.0,4.58,2035.39,-531.76,3.8762094886627936,matched,1
B1,annealing_125_25,20260901-102349,168,968,595.45,-543.62,208.0,8.14,595.45,-543.62,,new,0
B1,annealing_125_25,20260901-102349,169,969,1228.99,-547.52,164.0,7.23,1228.99,-547.52,,new,0
B1,annealing_125_25,20260901-102349,170,970,788.65,-549.19,66.0,4.58,788.65,-549.19,,new,0
B1,annealing_125_25,20260901-102349,171,971,1061.75,-563.09,97.0,5.56,1061.75,-563.09,,new,0
B1,annealing_125_25,20260901-102349,172,972,2027.21,-562.87,49.0,3.95,2027.21,-562.87,,new,0
B1,annealing_150_25,20260918-095250,119,972,2029.46,-558.59,264.0,9.17,2027.21,-562.87,4.835380026430164,matched,2
B1,annealing_125_25,20260901-102349,174,973,1025.04,-572.78,96.0,5.53,1025.04,-572.78,,new,0
B1,annealing_125_25,20260901-102349,175,974,909.49,-589.06,135.0,6.56,909.49,-589.06,,new,0
B1,annealing_125_25,20260901-102349,177,975,1290.21,-595.83,220.0,8.37,1290.21,-595.83,,new,0
B1,annealing_125_25,20260901-102349,183,976,1035.63,-638.99,104.0,5.75,1035.63,-638.99,,new,0
B1,annealing_125_25,20260901-102349,184,977,642.36,-644.6,112.0,5.97,642.36,-644.6,,new,0
B1,annealing_125_25,20260901-102349,187,978,779.85,-667.8,72.0,4.79,779.85,-667.8,,new,0
B1,annealing_125_25,20260901-102349,188,979,1122.4,-687.29,420.0,11.56,1122.4,-687.29,,new,0
B1,annealing_125_25,20260901-102349,199,980,1227.99,-741.93,45.0,3.78,1227.99,-741.93,,new,0
B1,annealing_125_25,20260901-102349,201,981,973.02,-765.65,65.0,4.55,973.02,-765.65,,new,0
B1,annealing_125_25,20260901-102349,203,982,610.58,-774.36,116.0,6.08,610.58,-774.36,,new,0
B1,annealing_125_25,20260901-102349,205,983,1806.22,-815.62,56.0,4.22,1806.22,-815.62,,new,0
B1,annealing_125_25,20260901-102349,208,984,820.09,-841.96,431.0,11.71,820.09,-841.96,,new,0
B1,annealing_125_25,20260901-102349,209,985,901.64,-832.9,117.0,6.1,901.64,-832.9,,new,0
B1,annealing_125_25,20260901-102349,210,986,756.2,-842.08,146.0,6.82,756.2,-842.08,,new,0
B1,annealing_125_25,20260901-102349,213,987,798.92,-866.57,49.0,3.95,798.92,-866.57,,new,0
B1,annealing_125_25,20260901-102349,218,988,1010.37,-926.08,197.0,7.92,1010.37,-926.08,,new,0
B1,annealing_125_25,20260901-102349,220,989,532.69,-932.56,188.0,7.74,532.69,-932.56,,new,0
B1,annealing_125_25,20260901-102349,224,990,577.31,-946.85,73.0,4.82,577.31,-946.85,,new,0
B1,annealing_125_25,20260901-102349,225,991,531.59,-983.32,341.0,10.42,531.59,-983.32,,new,0
B1,annealing_125_25,20260901-102349,228,992,1075.94,-987.12,144.0,6.77,1075.94,-987.12,,new,0
B1,annealing_125_25,20260901-102349,231,993,879.51,-1008.74,93.0,5.44,879.51,-1008.74,,new,0
B1,annealing_125_25,20260901-102349,236,994,1096.33,-1065.92,59.0,4.33,1096.33,-1065.92,,new,0
B1,annealing_125_25,20260901-102349,239,995,2239.08,-1094.54,55.0,4.18,2239.08,-1094.54,,new,0
B1,annealing_150_5,20260911-101035,204,995,2239.58,-1093.33,67.0,4.62,2239.08,-1094.54,1.3092364186807852,matched,1
B1,annealing_125_25,20260901-102349,241,996,821.01,-1097.81,114.0,6.02,821.01,-1097.81,,new,0
B1,annealing_125_25,20260901-102349,244,997,1032.83,-1119.15,78.0,4.98,1032.83,-1119.15,,new,0
B1,annealing_125_25,20260901-102349,245,998,918.54,-1127.49,117.0,6.1,918.54,-1127.49,,new,0
B1,annealing_125_25,20260901-102349,246,999,1136.42,-1140.18,393.0,11.18,1136.42,-1140.18,,new,0
B1,annealing_125_25,20260901-102349,249,1000,1205.35,-1158.96,77.0,4.95,1205.35,-1158.96,,new,0
B1,annealing_125_25,20260901-102349,255,1001,588.88,-1220.6,107.0,5.84,588.88,-1220.6,,new,0
B1,annealing_125_25,20260901-102349,256,1002,1019.6,-1222.94,152.0,6.96,1019.6,-1222.94,,new,0
B1,annealing_125_25,20260901-102349,257,1003,1039.65,-1229.21,50.0,3.99,1039.65,-1229.21,,new,0
B1,annealing_125_25,20260901-102349,259,1004,1008.79,-1231.37,61.0,4.41,1008.79,-1231.37,,new,0
B1,annealing_125_25,20260901-102349,260,1005,1297.13,-1243.5,122.0,6.23,1297.13,-1243.5,,new,0
B1,annealing_125_25,20260901-102349,262,1006,1235.06,-1253.3,234.0,8.63,1235.06,-1253.3,,new,0
B1,annealing_125_25,20260901-102349,263,1007,2122.01,-1248.55,55.0,4.18,2122.01,-1248.55,,new,0
B1,annealing_125_25,20260901-102349,268,1008,659.89,-1319.72,271.0,9.29,659.89,-1319.72,,new,0
B1,annealing_125_25,20260901-102349,271,1009,1883.41,-1353.99,105.0,5.78,1883.41,-1353.99,,new,0
B1,annealing_125_25,20260901-102349,273,1010,722.7,-1364.2,190.0,7.78,722.7,-1364.2,,new,0
B1,annealing_125_25,20260901-102349,278,1011,958.9,-1393.83,240.0,8.74,958.9,-1393.83,,new,0
B1,annealing_125_25,20260901-102349,280,1012,402.66,-1403.76,280.0,9.44,402.66,-1403.76,,new,0
B1,annealing_125_25,20260901-102349,284,1013,1118.71,-1468.83,66.0,4.58,1118.71,-1468.83,,new,0
B1,annealing_125_25,20260901-102349,285,1014,738.48,-1478.79,148.0,6.86,738.48,-1478.79,,new,0
B1,annealing_125_25,20260901-102349,287,1015,844.53,-1485.74,230.0,8.56,844.53,-1485.74,,new,0
B1,annealing_125_25,20260901-102349,295,1016,759.01,-1517.98,96.0,5.53,759.01,-1517.98,,new,0
B1,annealing_125_25,20260901-102349,297,1017,905.34,-1545.5,214.0,8.25,905.34,-1545.5,,new,0
B1,annealing_125_25,20260901-102349,298,1018,1235.13,-1548.52,430.0,11.7,1235.13,-1548.52,,new,0
B1,annealing_125_25,20260901-102349,303,1019,843.67,-1578.84,76.0,4.92,843.67,-1578.84,,new,0
B1,annealing_125_25,20260901-102349,306,1020,710.34,-1591.09,246.0,8.85,710.34,-1591.09,,new,0
B1,annealing_125_25,20260901-102349,308,1021,649.31,-1594.76,311.0,9.95,649.31,-1594.76,,new,0
B1,annealing_125_25,20260901-102349,312,1022,1079.04,-1616.17,128.0,6.38,1079.04,-1616.17,,new,0
B1,annealing_125_25,20260901-102349,324,1023,2679.2,-1584.75,83.0,5.14,2679.2,-1584.75,,new,1
B1,annealing_150_5,20260911-101035,21,1024,2200.35,563.85,75.0,4.89,2200.35,563.85,,new,0
B1,annealing_150_5,20260911-101035,36,1025,1508.63,452.45,37.0,3.43,1508.63,452.45,,new,0
B1,annealing_150_5,20260911-101035,67,1026,661.44,179.24,122.0,6.23,661.44,179.24,,new,0
B1,annealing_150_5,20260911-101035,122,1027,2341.09,-286.2,86.0,5.23,2341.09,-286.2,,new,0
B1,annealing_150_5,20260911-101035,172,1028,1362.73,-740.98,66.0,4.58,1362.73,-740.98,,new,0
B1,annealing_150_5,20260911-101035,177,1029,2152.93,-793.28,73.0,4.82,2152.93,-793.28,,new,0
B1,annealing_150_25,20260918-095250,176,1030,683.09,-1266.97,143.0,6.75,681.88,-1268.54,1.982170527477363,matched,1
B1,annealing_150_5,20260911-101035,222,1030,681.88,-1268.54,139.0,6.65,681.88,-1268.54,,new,0
B1,annealing_150_5,20260911-101035,250,1031,1865.67,-1507.88,97.0,5.56,1865.67,-1507.88,,new,0
B1,annealing_150_5,20260911-101035,262,1032,2184.28,-1600.77,55.0,4.18,2184.28,-1600.77,,new,0
B1,annealing_150_5,20260911-101035,263,1033,770.46,-1604.91,118.0,6.13,770.46,-1604.91,,new,0
B1,annealing_150_25,20260918-095250,63,1034,345.07,-32.53,127.0,6.36,345.07,-32.53,,new,0
B1,annealing_150_25,20260918-095250,124,1035,547.88,-588.25,60.0,4.37,547.88,-588.25,,new,0
B1,annealing_150_25,20260918-095250,169,1036,2431.75,-1224.36,49.0,3.95,2431.75,-1224.36,,new,0
