phase,constant,run_number,local_spot,spot,x_mean,y_mean,x,y,integration_area,integration_radius,x_ref,y_ref,match_distance,match_type,candidate_count
annealing_T=100_h=25,T,20260629-230214,0.0,0,81.01,332.51,81.01,332.51,256.0,9.03,79.86,338.15,5.756048992147292,matched,1
annealing_T=100_h=5,T,20260613-015321,0.0,0,81.34,332.89,81.34,332.89,311.0,9.95,79.86,338.15,5.464247432172148,matched,1
annealing_T=125_h=25,T,20260902-011233,0.0,0,82.45,333.75,82.45,333.75,62.0,4.44,79.86,338.15,5.105692901066399,matched,1
annealing_T=125_h=25,v,20260903-002446,0.0,0,81.17,334.37,81.17,334.37,90.0,5.35,79.86,338.15,4.000562460454755,matched,1
annealing_T=125_h=5,T,20260725-020716,0.0,0,81.41,331.6,81.41,331.6,167.0,7.29,79.86,338.15,6.730898899849811,matched,1
annealing_T=125_h=5,v,20260726-091723,0.0,0,81.46,331.06,81.46,331.06,170.0,7.36,79.86,338.15,7.268294160255185,matched,1
annealing_T=150_h=5,T,20260912-010115,0.0,0,79.45,336.07,79.45,336.07,50.0,3.99,79.86,338.15,2.120023584774455,matched,1
annealing_T=150_h=5,v,20260913-001359,0.0,0,81.16,332.71,81.16,332.71,54.0,4.15,79.86,338.15,5.5931744117272055,matched,1
annealing_T=75_h=25,T,20260602-133829,0.0,0,81.38,331.66,81.38,331.66,342.0,10.43,79.86,338.15,6.665620751287863,matched,1
annealing_T=75_h=25,v,20260604-121216,0.0,0,81.84,332.12,81.84,332.12,377.0,10.95,79.86,338.15,6.346755076415009,matched,1
annealing_T=75_h=5,T,20260523-062735,0.0,0,81.48,332.82,81.48,332.82,352.0,10.59,79.86,338.15,5.5707539884651025,matched,1
annealing_T=75_h=5,v,20260524-053913,0.0,0,81.76,333.27,81.76,333.27,410.0,11.42,79.86,338.15,5.2368311028712755,matched,1
before_annealing,T,20260516-064844,0.0,0,79.86,338.15,79.86,338.15,316.0,10.03,79.86,338.15,0.0,primary_reference,1
before_annealing,v,20260517-060022,0.0,0,79.71,333.69,79.71,333.69,345.0,10.48,79.86,338.15,4.462521708630651,matched,1
annealing_T=100_h=25,T,20260629-230214,1.0,1,90.69,699.08,90.69,699.08,65.0,4.55,90.95,704.5,5.426232578870865,matched,1
annealing_T=100_h=5,T,20260613-015321,1.0,1,90.61,699.04,90.61,699.04,82.0,5.11,90.95,704.5,5.470575838063156,matched,1
annealing_T=125_h=5,T,20260725-020716,1.0,1,90.83999999999999,697.7800000000001,90.84,697.78,58.0,4.3,90.95,704.5,6.7209002373193165,matched,1
annealing_T=125_h=5,v,20260726-091723,1.0,1,90.36,697.37,90.36,697.37,47.0,3.87,90.95,704.5,7.1543692943543205,matched,1
annealing_T=75_h=25,T,20260602-133829,1.0,1,90.08,698.09,90.08,698.09,147.0,6.84,90.95,704.5,6.468771135231142,matched,1
annealing_T=75_h=25,v,20260604-121216,1.0,1,90.51,698.4,90.51,698.4,154.0,7.0,90.95,704.5,6.115848264958858,matched,1
annealing_T=75_h=5,T,20260523-062735,1.0,1,90.36,698.9699999999999,90.36,698.97,170.0,7.36,90.95,704.5,5.561384719653996,matched,1
annealing_T=75_h=5,v,20260524-053913,1.0,1,90.73,699.57,90.73,699.57,182.0,7.61,90.95,704.5,4.934906280771653,matched,1
before_annealing,T,20260516-064844,1.0,1,90.95,704.5,90.95,704.5,153.0,6.98,90.95,704.5,0.0,primary_reference,1
before_annealing,v,20260517-060022,1.0,1,89.15,699.39,89.15,699.39,144.0,6.77,90.95,704.5,5.417757838811193,matched,1
annealing_T=75_h=25,T,20260602-133829,2.0,2,99.95,268.96,99.95,268.96,272.0,9.3,98.0,275.5,6.824521961280532,matched,1
annealing_T=75_h=25,v,20260604-121216,2.0,2,100.2,269.07,100.2,269.07,278.0,9.41,98.0,275.5,6.795947321749934,matched,1
annealing_T=75_h=5,T,20260523-062735,2.0,2,99.95,270.07,99.95,270.07,173.0,7.42,98.0,275.5,5.769523377195042,matched,1
annealing_T=75_h=5,v,20260524-053913,2.0,2,99.87,270.81,99.87,270.81,176.0,7.48,98.0,275.5,5.0490593183285135,matched,1
before_annealing,T,20260516-064844,2.0,2,98.0,275.5,98.0,275.5,151.0,6.93,98.0,275.5,0.0,primary_reference,1
before_annealing,v,20260517-060022,2.0,2,98.2,270.65,98.2,270.65,160.0,7.14,98.0,275.5,4.854121959736923,matched,1
annealing_T=100_h=25,T,20260629-230214,2.0,3,159.49,432.12000000000006,159.49,432.12,53.0,4.11,159.62,436.98,4.861738372228557,matched,1
annealing_T=100_h=5,T,20260613-015321,4.0,3,161.13,431.93,161.13,431.93,68.0,4.65,159.62,436.98,5.270920223262736,matched,1
annealing_T=75_h=25,T,20260602-133829,3.0,3,160.17,430.59,160.17,430.59,75.0,4.89,159.62,436.98,6.4136261194429265,matched,1
annealing_T=75_h=25,v,20260604-121216,3.0,3,161.15,431.32,161.15,431.32,84.0,5.17,159.62,436.98,5.8631476188136595,matched,1
annealing_T=75_h=5,T,20260523-062735,5.0,3,160.32,431.96,160.32,431.96,95.0,5.5,159.62,436.98,5.068569818005901,matched,1
annealing_T=75_h=5,v,20260524-053913,5.0,3,160.69,432.84,160.69,432.84,112.0,5.97,159.62,436.98,4.276037885706854,matched,1
before_annealing,T,20260516-064844,3.0,3,159.62,436.98,159.62,436.98,74.0,4.85,159.62,436.98,0.0,primary_reference,1
before_annealing,v,20260517-060022,4.0,3,159.44,433.1,159.44,433.1,103.0,5.73,159.62,436.98,3.884173013654254,matched,1
annealing_T=100_h=25,T,20260629-230214,4.0,4,204.47,888.91,204.47,888.91,54.0,4.15,206.32,892.43,3.976543725397704,matched,1
annealing_T=100_h=5,T,20260613-015321,5.0,4,204.93999999999997,888.0499999999998,204.94,888.05,54.0,4.15,206.32,892.43,4.5922543483567,matched,1
annealing_T=125_h=5,T,20260725-020716,4.0,4,203.88,887.5,203.88,887.5,34.0,3.29,206.32,892.43,5.500772672997813,matched,1
annealing_T=75_h=25,T,20260602-133829,4.0,4,203.9,887.0499999999998,203.9,887.05,138.0,6.63,206.32,892.43,5.899220287461819,matched,1
annealing_T=75_h=25,v,20260604-121216,4.0,4,203.91,887.59,203.91,887.59,144.0,6.77,206.32,892.43,5.406819767663722,matched,1
annealing_T=75_h=5,T,20260523-062735,6.0,4,204.87,888.7199999999999,204.87,888.72,136.0,6.58,206.32,892.43,3.9832900973943937,matched,1
annealing_T=75_h=5,v,20260524-053913,6.0,4,204.78,888.3,204.78,888.3,145.0,6.79,206.32,892.43,4.407777217600719,matched,1
before_annealing,T,20260516-064844,4.0,4,206.32000000000002,892.43,206.32,892.43,151.0,6.93,206.32,892.43,0.0,primary_reference,1
before_annealing,v,20260517-060022,5.0,4,203.07,888.49,203.07,888.49,170.0,7.36,206.32,892.43,5.107455335095897,matched,1
annealing_T=100_h=25,T,20260629-230214,5.0,5,219.03,309.47,219.03,309.47,144.0,6.77,217.6,313.79,4.5505274419565875,matched,1
annealing_T=100_h=5,T,20260613-015321,6.0,5,219.52,309.15,219.52,309.15,247.0,8.87,217.6,313.79,5.021553544472115,matched,1
annealing_T=125_h=25,T,20260902-011233,2.0,5,220.6,309.53,220.6,309.53,33.0,3.24,217.6,313.79,5.210335881687515,matched,1
annealing_T=125_h=25,v,20260903-002446,3.0,5,218.83,310.8,218.83,310.8,53.0,4.11,217.6,313.79,3.233109957919789,matched,1
annealing_T=125_h=5,T,20260725-020716,5.0,5,219.35,308.34,219.35,308.34,92.0,5.41,217.6,313.79,5.724071977185515,matched,1
annealing_T=125_h=5,v,20260726-091723,3.0,5,219.33,308.12,219.33,308.12,133.0,6.51,217.6,313.79,5.928051956587446,matched,1
annealing_T=75_h=25,T,20260602-133829,5.0,5,219.69999999999996,308.54,219.7,308.54,118.0,6.13,217.6,313.79,5.654423047491217,matched,1
annealing_T=75_h=25,v,20260604-121216,5.0,5,220.08,309.05,220.08,309.05,144.0,6.77,217.6,313.79,5.349579422721021,matched,1
annealing_T=75_h=5,T,20260523-062735,7.0,5,219.48,309.61,219.48,309.61,201.0,8.0,217.6,313.79,4.583317575730493,matched,1
annealing_T=75_h=5,v,20260524-053913,7.0,5,220.03,310.03,220.03,310.03,266.0,9.2,217.6,313.79,4.476885077819219,matched,1
before_annealing,T,20260516-064844,5.0,5,217.6,313.79,217.6,313.79,225.0,8.46,217.6,313.79,0.0,primary_reference,1
before_annealing,v,20260517-060022,6.0,5,217.84,309.86,217.84,309.86,214.0,8.25,217.6,313.79,3.9373214245220134,matched,1
annealing_T=100_h=25,T,20260629-230214,7.0,6,234.80000000000004,472.8,234.8,472.8,94.0,5.47,234.25,476.95,4.186287137786879,matched,1
annealing_T=100_h=5,T,20260613-015321,7.0,6,234.99,472.34,234.99,472.34,133.0,6.51,234.25,476.95,4.669014885390722,matched,1
annealing_T=125_h=25,T,20260902-011233,3.0,6,235.57000000000002,473.43,235.57,473.43,92.0,5.41,234.25,476.95,3.7593616479397043,matched,1
annealing_T=125_h=25,v,20260903-002446,4.0,6,235.14,473.88,235.14,473.88,108.0,5.86,234.25,476.95,3.1964042297556694,matched,1
annealing_T=125_h=5,T,20260725-020716,6.0,6,234.83,471.41,234.83,471.41,121.0,6.21,234.25,476.95,5.5702782695301325,matched,1
annealing_T=125_h=5,v,20260726-091723,4.0,6,235.09,471.15,235.09,471.15,126.0,6.33,234.25,476.95,5.860511923031992,matched,1
annealing_T=150_h=25,T,20260919-004123,1.0,6,234.38,472.54,234.38,472.54,57.0,4.26,234.25,476.95,4.411915683691124,matched,1
annealing_T=150_h=25,v,20260919-235322,1.0,6,235.16,469.71,235.16,469.71,75.0,4.89,234.25,476.95,7.296965122569802,matched,1
annealing_T=75_h=25,T,20260602-133829,6.0,6,234.42,471.14000000000004,234.42,471.14,129.0,6.41,234.25,476.95,5.812486559124189,matched,1
annealing_T=75_h=25,v,20260604-121216,6.0,6,235.18,471.95,235.18,471.95,145.0,6.79,234.25,476.95,5.085754614607356,matched,1
annealing_T=75_h=5,T,20260523-062735,8.0,6,235.24,472.46,235.24,472.46,152.0,6.96,234.25,476.95,4.597847322389044,matched,1
annealing_T=75_h=5,v,20260524-053913,8.0,6,235.26,472.51,235.26,472.51,159.0,7.11,234.25,476.95,4.5534272806315865,matched,1
before_annealing,T,20260516-064844,6.0,6,234.25,476.95,234.25,476.95,162.0,7.18,234.25,476.95,0.0,primary_reference,1
before_annealing,v,20260517-060022,7.0,6,233.2,473.06,233.2,473.06,165.0,7.25,234.25,476.95,4.029218286466981,matched,1
annealing_T=125_h=25,T,20260902-011233,5.0,7,280.89,940.2000000000002,280.89,940.2,39.0,3.52,281.02,945.86,5.661492736019216,matched,1
annealing_T=125_h=25,v,20260903-002446,6.0,7,280.24,942.45,280.24,942.45,39.0,3.52,281.02,945.86,3.498070896937302,matched,1
annealing_T=75_h=5,T,20260523-062735,9.0,7,279.38,941.25,279.38,941.25,38.0,3.48,281.02,945.86,4.893025648818948,matched,1
annealing_T=75_h=5,v,20260524-053913,9.0,7,278.7,942.13,278.7,942.13,35.0,3.34,281.02,945.86,4.392641574269417,matched,1
before_annealing,T,20260516-064844,7.0,7,281.02,945.86,281.02,945.86,39.0,3.52,281.02,945.86,0.0,primary_reference,1
before_annealing,v,20260517-060022,8.0,7,276.65,942.02,276.65,942.02,51.0,4.03,281.02,945.86,5.817430704357404,matched,1
before_annealing,T,20260516-064844,8.0,8,289.57,757.65,289.57,757.65,45.0,3.78,289.57,757.65,0.0,primary_reference,1
before_annealing,v,20260517-060022,9.0,8,287.6,753.98,287.6,753.98,56.0,4.22,289.57,757.65,4.165309112178781,matched,1
annealing_T=100_h=25,T,20260629-230214,9.0,9,313.88,874.16,313.88,874.16,147.0,6.84,316.41,878.52,5.040882859182533,matched,1
annealing_T=100_h=5,T,20260613-015321,8.0,9,314.65,873.98,314.65,873.98,170.0,7.36,316.41,878.52,4.8692093814088375,matched,1
annealing_T=125_h=25,T,20260902-011233,6.0,9,316.14,874.44,316.14,874.44,96.0,5.53,316.41,878.52,4.088924063858294,matched,1
annealing_T=125_h=25,v,20260903-002446,7.0,9,315.79,875.55,315.79,875.55,124.0,6.28,316.41,878.52,3.034023730955341,matched,1
annealing_T=125_h=5,T,20260725-020716,8.0,9,314.15,873.64,314.15,873.64,129.0,6.41,316.41,878.52,5.377917812685516,matched,1
annealing_T=125_h=5,v,20260726-091723,6.0,9,314.53,872.74,314.53,872.74,167.0,7.29,316.41,878.52,6.078058900668855,matched,1
annealing_T=150_h=25,T,20260919-004123,3.0,9,315.11,872.67,315.11,872.67,47.0,3.87,316.41,878.52,5.992703897240402,matched,1
annealing_T=150_h=25,v,20260919-235322,3.0,9,313.79,872.01,313.79,872.01,49.0,3.95,316.41,878.52,7.017442554093329,matched,1
annealing_T=150_h=5,T,20260912-010115,3.0,9,316.26,876.7999999999998,316.26,876.8,49.0,3.95,316.41,878.52,1.7265283084851215,matched,1
annealing_T=150_h=5,v,20260913-001359,3.0,9,315.25,874.12,315.25,874.12,74.0,4.85,316.41,878.52,4.550340646588984,matched,1
annealing_T=75_h=25,T,20260602-133829,7.0,9,313.72,873.58,313.72,873.58,152.0,6.96,316.41,878.52,5.624917777176783,matched,1
annealing_T=75_h=25,v,20260604-121216,7.0,9,314.09,873.85,314.09,873.85,168.0,7.31,316.41,878.52,5.214527783030775,matched,1
annealing_T=75_h=5,T,20260523-062735,10.0,9,314.17,874.37,314.17,874.37,146.0,6.82,316.41,878.52,4.715941051370326,matched,1
annealing_T=75_h=5,v,20260524-053913,10.0,9,314.78,874.98,314.78,874.98,174.0,7.44,316.41,878.52,3.897242614977917,matched,1
before_annealing,T,20260516-064844,9.0,9,316.41,878.52,316.41,878.52,155.0,7.02,316.41,878.52,0.0,primary_reference,1
before_annealing,v,20260517-060022,10.0,9,312.98,875.04,312.98,875.04,175.0,7.46,316.41,878.52,4.886235769997205,matched,1
annealing_T=100_h=25,T,20260629-230214,10.0,10,340.09,143.59,340.09,143.59,181.0,7.59,338.06,147.53,4.432211637546189,matched,1
annealing_T=100_h=5,T,20260613-015321,9.0,10,340.43,143.68,340.43,143.68,135.0,6.56,338.06,147.53,4.520995465602678,matched,1
annealing_T=125_h=25,T,20260902-011233,7.0,10,340.58,144.73,340.58,144.73,58.0,4.3,338.06,147.53,3.767014733180635,matched,1
annealing_T=125_h=25,v,20260903-002446,8.0,10,338.62,144.39,338.62,144.39,59.0,4.33,338.06,147.53,3.1895454221565958,matched,1
annealing_T=125_h=5,T,20260725-020716,9.0,10,340.45,141.64,340.45,141.64,58.0,4.3,338.06,147.53,6.356429815548985,matched,1
annealing_T=125_h=5,v,20260726-091723,7.0,10,340.5,142.07,340.5,142.07,63.0,4.48,338.06,147.53,5.9804013243259915,matched,1
annealing_T=75_h=25,T,20260602-133829,8.0,10,340.33,142.81,340.33,142.81,117.0,6.1,338.06,147.53,5.237489856792078,matched,1
annealing_T=75_h=25,v,20260604-121216,8.0,10,341.16,143.57,341.16,143.57,108.0,5.86,338.06,147.53,5.0290754617524085,matched,1
annealing_T=75_h=5,T,20260523-062735,11.0,10,340.82,144.02,340.82,144.02,167.0,7.29,338.06,147.53,4.465165170517199,matched,1
annealing_T=75_h=5,v,20260524-053913,11.0,10,341.06,144.46,341.06,144.46,206.0,8.1,338.06,147.53,4.2924235578516665,matched,1
before_annealing,T,20260516-064844,10.0,10,338.06,147.53,338.06,147.53,178.0,7.53,338.06,147.53,0.0,primary_reference,1
before_annealing,v,20260517-060022,11.0,10,338.98,144.52,338.98,144.52,183.0,7.63,338.06,147.53,3.1474592928265133,matched,1
annealing_T=100_h=25,T,20260629-230214,11.0,11,347.57,550.2,347.57,550.2,361.0,10.72,347.53,554.01,3.8102099679675905,matched,1
annealing_T=100_h=5,T,20260613-015321,10.0,11,347.85999999999996,550.16,347.86,550.16,515.0,12.8,347.53,554.01,3.8641169754550866,matched,1
annealing_T=125_h=25,T,20260902-011233,8.0,11,349.25,550.36,349.25,550.36,237.0,8.69,347.53,554.01,4.03495972718439,matched,1
annealing_T=125_h=25,v,20260903-002446,9.0,11,348.48,551.23,348.48,551.23,203.0,8.04,347.53,554.01,2.9378393421015954,matched,1
annealing_T=125_h=5,T,20260725-020716,10.0,11,347.98,549.64,347.98,549.64,249.0,8.9,347.53,554.01,4.393108239048986,matched,1
annealing_T=125_h=5,v,20260726-091723,8.0,11,348.28,548.88,348.28,548.88,255.0,9.01,347.53,554.01,5.184534694647144,matched,1
annealing_T=150_h=25,T,20260919-004123,4.0,11,348.44,549.96,348.44,549.96,81.0,5.08,347.53,554.01,4.1509757888958685,matched,1
annealing_T=150_h=25,v,20260919-235322,4.0,11,347.94,547.69,347.94,547.69,89.0,5.32,347.53,554.01,6.333285087535474,matched,1
annealing_T=150_h=5,T,20260912-010115,5.0,11,349.06,553.02,349.06,553.02,81.0,5.08,347.53,554.01,1.8223611058185225,matched,1
annealing_T=150_h=5,v,20260913-001359,4.0,11,348.27,550.36,348.27,550.36,110.0,5.92,347.53,554.01,3.7242583154233335,matched,1
annealing_T=75_h=25,T,20260602-133829,9.0,11,347.67,549.56,347.67,549.56,389.0,11.13,347.53,554.01,4.452201702528808,matched,1
annealing_T=75_h=25,v,20260604-121216,9.0,11,348.1,549.87,348.1,549.87,410.0,11.42,347.53,554.01,4.17905491708352,matched,1
annealing_T=75_h=5,T,20260523-062735,12.0,11,347.98,550.43,347.98,550.43,382.0,11.03,347.53,554.01,3.6081712819654688,matched,1
annealing_T=75_h=5,v,20260524-053913,12.0,11,348.29,550.99,348.29,550.99,398.0,11.26,347.53,554.01,3.114161203277692,matched,1
before_annealing,T,20260516-064844,11.0,11,347.53,554.01,347.53,554.01,949.0,17.38,347.53,554.01,0.0,primary_reference,1
before_annealing,v,20260517-060022,12.0,11,346.3,551.07,346.3,551.07,410.0,11.42,347.53,554.01,3.186926418981078,matched,1
annealing_T=100_h=25,T,20260629-230214,12.0,12,348.41,388.26,348.41,388.26,116.0,6.08,347.61,391.79,3.619516542302332,matched,1
annealing_T=100_h=5,T,20260613-015321,11.0,12,349.33,387.69,349.33,387.69,167.0,7.29,347.61,391.79,4.4461668884557275,matched,1
annealing_T=125_h=25,T,20260902-011233,9.0,12,349.8500000000001,388.05,349.85,388.05,66.0,4.58,347.61,391.79,4.3594953836425105,matched,1
annealing_T=125_h=25,v,20260903-002446,10.0,12,349.12,388.87,349.12,388.87,77.0,4.95,347.61,391.79,3.2873241397830038,matched,1
annealing_T=125_h=5,T,20260725-020716,11.0,12,348.68,387.37999999999994,348.68,387.38,108.0,5.86,347.61,391.79,4.537951079507216,matched,1
annealing_T=125_h=5,v,20260726-091723,9.0,12,349.09,386.54,349.09,386.54,129.0,6.41,347.61,391.79,5.454621893403784,matched,1
annealing_T=150_h=5,T,20260912-010115,4.0,12,348.8,389.93,348.8,389.93,32.0,3.19,347.61,391.79,2.2080987296767427,matched,1
annealing_T=150_h=5,v,20260913-001359,5.0,12,349.16,388.03,349.16,388.03,38.0,3.48,347.61,391.79,4.066952175770007,matched,1
annealing_T=75_h=25,T,20260602-133829,10.0,12,348.99,387.09,348.99,387.09,167.0,7.29,347.61,391.79,4.898407904615582,matched,1
annealing_T=75_h=25,v,20260604-121216,10.0,12,349.54,387.88,349.54,387.88,181.0,7.59,347.61,391.79,4.36038989082401,matched,1
annealing_T=75_h=5,T,20260523-062735,13.0,12,349.2,388.17,349.2,388.17,173.0,7.42,347.61,391.79,3.953795644693837,matched,1
annealing_T=75_h=5,v,20260524-053913,13.0,12,349.37,388.61,349.37,388.61,174.0,7.44,347.61,391.79,3.6345563690772513,matched,1
before_annealing,T,20260516-064844,12.0,12,347.60999999999996,391.79,347.61,391.79,170.0,7.36,347.61,391.79,0.0,primary_reference,1
before_annealing,v,20260517-060022,13.0,12,347.17,388.83,347.17,388.83,180.0,7.57,347.61,391.79,2.99252401828293,matched,1
annealing_T=75_h=25,T,20260602-133829,11.0,13,351.22,705.7199999999999,351.22,705.72,128.0,6.38,352.13,710.13,4.502910170101183,matched,1
annealing_T=75_h=25,v,20260604-121216,11.0,13,351.71,705.82,351.71,705.82,127.0,6.36,352.13,710.13,4.330415684434873,matched,1
annealing_T=75_h=5,T,20260523-062735,14.0,13,351.60999999999996,706.6,351.61,706.6,118.0,6.13,352.13,710.13,3.5680947296841556,matched,1
annealing_T=75_h=5,v,20260524-053913,14.0,13,351.42,707.36,351.42,707.36,124.0,6.28,352.13,710.13,2.859545418418786,matched,1
before_annealing,T,20260516-064844,13.0,13,352.12999999999994,710.13,352.13,710.13,172.0,7.4,352.13,710.13,0.0,primary_reference,1
before_annealing,v,20260517-060022,14.0,13,349.81,707.16,349.81,707.16,166.0,7.27,352.13,710.13,3.7687265753832726,matched,1
annealing_T=100_h=25,T,20260629-230214,14.0,14,388.48,827.41,388.48,827.41,375.0,10.93,390.59,830.79,3.9845325949224946,matched,1
annealing_T=100_h=5,T,20260613-015321,12.0,14,389.21,827.06,389.21,827.06,499.0,12.6,390.59,830.79,3.977096931179843,matched,1
annealing_T=125_h=25,T,20260902-011233,10.0,14,390.46,827.87,390.46,827.87,213.0,8.23,390.59,830.79,2.9228924030829053,matched,1
annealing_T=125_h=25,v,20260903-002446,11.0,14,390.1,828.18,390.1,828.18,203.0,8.04,390.59,830.79,2.6555978611228066,matched,1
annealing_T=125_h=5,T,20260725-020716,13.0,14,388.85999999999996,826.59,388.86,826.59,314.0,10.0,390.59,830.79,4.542345209250337,matched,1
annealing_T=125_h=5,v,20260726-091723,11.0,14,388.89,826.01,388.89,826.01,325.0,10.17,390.59,830.79,5.073302671830225,matched,1
annealing_T=150_h=25,T,20260919-004123,6.0,14,389.47,826.64,389.47,826.64,78.0,4.98,390.59,830.79,4.298476474287104,matched,1
annealing_T=150_h=25,v,20260919-235322,6.0,14,388.89,825.22,388.89,825.22,83.0,5.14,390.59,830.79,5.823650058167923,matched,1
annealing_T=150_h=5,T,20260912-010115,7.0,14,390.8500000000001,829.4900000000001,390.85,829.49,345.0,10.48,390.59,830.79,1.3257450735339884,matched,1
annealing_T=150_h=5,v,20260913-001359,6.0,14,389.22,827.2,389.22,827.2,354.0,10.62,390.59,830.79,3.842525211368075,matched,1
annealing_T=75_h=25,T,20260602-133829,12.0,14,388.49,826.52,388.49,826.52,644.0,14.32,390.59,830.79,4.7584556318200235,matched,1
annealing_T=75_h=25,v,20260604-121216,12.0,14,388.91,826.98,388.91,826.98,653.0,14.42,390.59,830.79,4.1639524492961515,matched,1
before_annealing,T,20260516-064844,14.0,14,390.59,830.79,390.59,830.79,1169.0,19.29,390.59,830.79,0.0,primary_reference,1
before_annealing,v,20260517-060022,15.0,14,387.57,828.11,387.57,828.11,1200.0,19.54,390.59,830.79,4.037672596930022,matched,1
annealing_T=100_h=25,T,20260629-230214,15.0,15,404.62000000000006,526.48,404.62,526.48,57.0,4.26,405.55,529.79,3.4381681168900897,matched,1
annealing_T=100_h=5,T,20260613-015321,13.0,15,406.28,526.53,406.28,526.53,73.0,4.82,405.55,529.79,3.340733452402314,matched,1
annealing_T=125_h=25,T,20260902-011233,11.0,15,406.76,527.08,406.76,527.08,68.0,4.65,405.55,529.79,2.9678611827374155,matched,1
annealing_T=125_h=25,v,20260903-002446,12.0,15,405.79,528.21,405.79,528.21,67.0,4.62,405.55,529.79,1.5981239000777676,matched,1
annealing_T=125_h=5,T,20260725-020716,14.0,15,405.21,525.19,405.21,525.19,47.0,3.87,405.55,529.79,4.612548102730115,matched,1
annealing_T=125_h=5,v,20260726-091723,12.0,15,405.27,524.92,405.27,524.92,71.0,4.75,405.55,529.79,4.878042640240044,matched,1
annealing_T=75_h=25,T,20260602-133829,13.0,15,405.7,524.62,405.7,524.62,98.0,5.59,405.55,529.79,5.172175557731927,matched,1
annealing_T=75_h=25,v,20260604-121216,13.0,15,406.06,526.54,406.06,526.54,96.0,5.53,405.55,529.79,3.289772028575839,matched,1
annealing_T=75_h=5,T,20260523-062735,15.0,15,405.29,526.28,405.29,526.28,86.0,5.23,405.55,529.79,3.51961645637702,matched,1
annealing_T=75_h=5,v,20260524-053913,15.0,15,405.9,527.15,405.9,527.15,66.0,4.58,405.55,529.79,2.6630996977206665,matched,1
before_annealing,T,20260516-064844,15.0,15,405.55,529.79,405.55,529.79,87.0,5.26,405.55,529.79,0.0,primary_reference,1
before_annealing,v,20260517-060022,16.0,15,404.62,526.59,404.62,526.59,96.0,5.53,405.55,529.79,3.3324015364297828,matched,1
annealing_T=100_h=25,T,20260629-230214,17.0,16,456.8999999999999,825.1,456.9,825.1,250.0,8.92,458.66,828.16,3.5300424926620972,matched,1
annealing_T=100_h=5,T,20260613-015321,14.0,16,457.57,824.7400000000001,457.57,824.74,259.0,9.08,458.66,828.16,3.589498572224122,matched,1
annealing_T=125_h=25,T,20260902-011233,14.0,16,458.71,825.36,458.71,825.36,242.0,8.78,458.66,828.16,2.800446392988043,matched,1
annealing_T=125_h=25,v,20260903-002446,14.0,16,458.41,825.97,458.41,825.97,245.0,8.83,458.66,828.16,2.204223219186238,matched,1
annealing_T=125_h=5,v,20260726-091723,14.0,16,457.29,823.7,457.29,823.7,504.0,12.67,458.66,828.16,4.6656725131538455,matched,1
annealing_T=150_h=5,T,20260912-010115,9.0,16,459.18,827.13,459.18,827.13,188.0,7.74,458.66,828.16,1.1538197432874535,matched,1
annealing_T=150_h=5,v,20260913-001359,8.0,16,457.46,824.89,457.46,824.89,229.0,8.54,458.66,828.16,3.4832312584725105,matched,1
annealing_T=75_h=25,T,20260602-133829,14.0,16,456.81,824.38,456.81,824.38,233.0,8.61,458.66,828.16,4.208432012044376,matched,1
annealing_T=75_h=25,v,20260604-121216,14.0,16,457.34,824.7,457.34,824.7,257.0,9.04,458.66,828.16,3.703241823051743,matched,1
annealing_T=75_h=5,T,20260523-062735,16.0,16,457.10999999999996,825.2800000000001,457.11,825.28,279.0,9.42,458.66,828.16,3.270611563606955,matched,1
before_annealing,T,20260516-064844,16.0,16,458.66,828.16,458.66,828.16,245.0,8.83,458.66,828.16,0.0,primary_reference,1
before_annealing,v,20260517-060022,18.0,16,455.59,825.89,455.59,825.89,263.0,9.15,458.66,828.16,3.8180885269988467,matched,1
annealing_T=100_h=25,T,20260629-230214,18.0,17,457.82,885.23,457.82,885.23,145.0,6.79,460.3,888.33,3.9699370272083954,matched,1
annealing_T=100_h=5,T,20260613-015321,15.0,17,458.62000000000006,885.1,458.62,885.1,153.0,6.98,460.3,888.33,3.640782882842638,matched,1
annealing_T=125_h=5,v,20260726-091723,15.0,17,458.5,883.92,458.5,883.92,71.0,4.75,460.3,888.33,4.763202704063807,matched,1
annealing_T=75_h=25,T,20260602-133829,15.0,17,457.94,884.73,457.94,884.73,173.0,7.42,460.3,888.33,4.304602188356112,matched,1
annealing_T=75_h=25,v,20260604-121216,15.0,17,458.22,885.28,458.22,885.28,189.0,7.76,460.3,888.33,3.691734009920047,matched,1
annealing_T=75_h=5,T,20260523-062735,17.0,17,458.39000000000004,885.39,458.39,885.39,230.0,8.56,460.3,888.33,3.5059520818174623,matched,1
annealing_T=75_h=5,v,20260524-053913,16.0,17,458.5,885.91,458.5,885.91,245.0,8.83,460.3,888.33,3.016023872584631,matched,1
before_annealing,T,20260516-064844,17.0,17,460.3,888.33,460.3,888.33,221.0,8.39,460.3,888.33,0.0,primary_reference,1
before_annealing,v,20260517-060022,19.0,17,456.94,886.03,456.94,886.03,259.0,9.08,460.3,888.33,4.071805496337025,matched,1
annealing_T=100_h=25,T,20260629-230214,20.0,18,473.73,336.97,473.73,336.97,187.0,7.72,472.88,339.93,3.0796266007423556,matched,1
annealing_T=100_h=5,T,20260613-015321,16.0,18,474.25,336.56,474.25,336.56,251.0,8.94,472.88,339.93,3.637829022920132,matched,1
annealing_T=125_h=25,T,20260902-011233,15.0,18,474.35999999999996,336.42,474.36,336.42,52.0,4.07,472.88,339.93,3.80926502097187,matched,1
annealing_T=125_h=25,v,20260903-002446,15.0,18,473.41,337.91,473.41,337.91,80.0,5.05,472.88,339.93,2.088372572124035,matched,1
annealing_T=125_h=5,T,20260725-020716,16.0,18,474.42,336.18,474.42,336.18,170.0,7.36,472.88,339.93,4.053899357408872,matched,1
annealing_T=125_h=5,v,20260726-091723,16.0,18,474.69,335.77,474.69,335.77,171.0,7.38,472.88,339.93,4.536705853369845,matched,1
annealing_T=150_h=25,v,20260919-235322,8.0,18,475.16,334.48,475.16,334.48,39.0,3.52,472.88,339.93,5.907698367384714,matched,1
annealing_T=150_h=5,T,20260912-010115,10.0,18,474.3,338.14,474.3,338.14,35.0,3.34,472.88,339.93,2.2848413511664476,matched,1
annealing_T=150_h=5,v,20260913-001359,9.0,18,474.43,336.34,474.43,336.34,66.0,4.58,472.88,339.93,3.9103196800262077,matched,1
annealing_T=75_h=25,T,20260602-133829,16.0,18,474.34,336.57,474.34,336.57,287.0,9.56,472.88,339.93,3.663495598468767,matched,1
annealing_T=75_h=25,v,20260604-121216,16.0,18,474.79,337.06,474.79,337.06,315.0,10.01,472.88,339.93,3.4474628351876575,matched,1
annealing_T=75_h=5,T,20260523-062735,19.0,18,474.45,337.08,474.45,337.08,273.0,9.32,472.88,339.93,3.253828514227526,matched,1
annealing_T=75_h=5,v,20260524-053913,17.0,18,474.75,337.81,474.75,337.81,319.0,10.08,472.88,339.93,2.8268887491374746,matched,1
before_annealing,T,20260516-064844,18.0,18,472.87999999999994,339.93,472.88,339.93,314.0,10.0,472.88,339.93,0.0,primary_reference,1
before_annealing,v,20260517-060022,21.0,18,472.68,337.81,472.68,337.81,359.0,10.69,472.88,339.93,2.1294130646729896,matched,1
annealing_T=100_h=25,T,20260629-230214,21.0,19,490.03,665.48,490.03,665.48,74.0,4.85,490.85,668.01,2.6595676340337624,matched,1
annealing_T=100_h=5,T,20260613-015321,17.0,19,491.12999999999994,665.44,491.13,665.44,56.0,4.22,490.85,668.01,2.5852079220054285,matched,1
annealing_T=75_h=25,T,20260602-133829,17.0,19,489.99,665.81,489.99,665.81,38.0,3.48,490.85,668.01,2.3621176939348776,matched,1
annealing_T=75_h=25,v,20260604-121216,17.0,19,491.01,665.43,491.01,665.43,40.0,3.57,490.85,668.01,2.5849564793242075,matched,1
annealing_T=75_h=5,T,20260523-062735,20.0,19,490.64000000000004,665.83,490.64,665.83,81.0,5.08,490.85,668.01,2.1900913222968064,matched,1
annealing_T=75_h=5,v,20260524-053913,18.0,19,491.55,666.05,491.55,666.05,62.0,4.44,490.85,668.01,2.081249624624621,matched,1
before_annealing,T,20260516-064844,19.0,19,490.8500000000001,668.01,490.85,668.01,32.0,3.19,490.85,668.01,0.0,primary_reference,1
before_annealing,v,20260517-060022,22.0,19,489.19,666.03,489.19,666.03,38.0,3.48,490.85,668.01,2.5837956575550156,matched,1
annealing_T=100_h=5,T,20260613-015321,19.0,20,646.88,531.06,646.88,531.06,242.0,8.78,646.51,533.37,2.339444378479701,matched,1
annealing_T=75_h=25,T,20260602-133829,19.0,20,646.61,530.95,646.61,530.95,188.0,7.74,646.51,533.37,2.422065234464135,matched,1
annealing_T=75_h=25,v,20260604-121216,20.0,20,647.09,531.39,647.09,531.39,206.0,8.1,646.51,533.37,2.0632013958894366,matched,1
annealing_T=75_h=5,T,20260523-062735,23.0,20,647.04,531.73,647.04,531.73,236.0,8.67,646.51,533.37,1.7235138525697802,matched,1
annealing_T=75_h=5,v,20260524-053913,21.0,20,647.26,532.01,647.26,532.01,175.0,7.46,646.51,533.37,1.5530936868070893,matched,1
before_annealing,T,20260516-064844,20.0,20,646.51,533.37,646.51,533.37,213.0,8.23,646.51,533.37,0.0,primary_reference,1
before_annealing,v,20260517-060022,25.0,20,645.38,532.13,645.38,532.13,230.0,8.56,646.51,533.37,1.6776471619503346,matched,1
annealing_T=100_h=25,T,20260629-230214,23.0,21,668.26,428.34,668.26,428.34,75.0,4.89,667.7,429.48,1.2701181047446088,matched,1
annealing_T=100_h=5,T,20260613-015321,20.0,21,668.44,427.55,668.44,427.55,75.0,4.89,667.7,429.48,2.0670026608594485,matched,1
annealing_T=125_h=25,T,20260902-011233,19.0,21,669.18,428.24,669.18,428.24,75.0,4.89,667.7,429.48,1.9308029417834798,matched,1
annealing_T=125_h=25,v,20260903-002446,20.0,21,668.43,428.35,668.43,428.35,89.0,5.32,667.7,429.48,1.3452880732392785,matched,1
annealing_T=125_h=5,T,20260725-020716,20.0,21,668.47,427.3500000000001,668.47,427.35,78.0,4.98,667.7,429.48,2.2649061790722613,matched,1
annealing_T=125_h=5,v,20260726-091723,20.0,21,669.29,426.78,669.29,426.78,100.0,5.64,667.7,429.48,3.133384751351162,matched,1
annealing_T=150_h=25,T,20260919-004123,11.0,21,668.84,427.59,668.84,427.59,100.0,5.64,667.7,429.48,2.207192787229999,matched,1
annealing_T=150_h=25,v,20260919-235322,12.0,21,669.46,427.12,669.46,427.12,101.0,5.67,667.7,429.48,2.9440108695451572,matched,1
annealing_T=150_h=5,T,20260912-010115,14.0,21,668.49,428.74,668.49,428.74,75.0,4.89,667.7,429.48,1.0824509226749988,matched,1
annealing_T=150_h=5,v,20260913-001359,14.0,21,668.69,427.73,668.69,427.73,94.0,5.47,667.7,429.48,2.010621794371089,matched,1
annealing_T=75_h=25,T,20260602-133829,20.0,21,668.9,427.14000000000004,668.9,427.14,68.0,4.65,667.7,429.48,2.629752840097282,matched,1
annealing_T=75_h=25,v,20260604-121216,21.0,21,669.15,428.08,669.15,428.08,78.0,4.98,667.7,429.48,2.015564437074612,matched,1
annealing_T=75_h=5,T,20260523-062735,24.0,21,668.73,428.53,668.73,428.53,72.0,4.79,667.7,429.48,1.4012137595670513,matched,1
annealing_T=75_h=5,v,20260524-053913,22.0,21,668.43,428.78,668.43,428.78,76.0,4.92,667.7,429.48,1.0113851887386547,matched,1
before_annealing,T,20260516-064844,21.0,21,667.7,429.48,667.7,429.48,87.0,5.26,667.7,429.48,0.0,primary_reference,1
before_annealing,v,20260517-060022,26.0,21,667.19,428.7,667.19,428.7,77.0,4.95,667.7,429.48,0.9319334740205638,matched,1
annealing_T=100_h=25,T,20260629-230214,24.0,22,688.7000000000002,989.87,688.7,989.87,116.0,6.08,691.5,991.68,3.3340815826849397,matched,1
annealing_T=100_h=5,T,20260613-015321,21.0,22,689.46,989.59,689.46,989.59,154.0,7.0,691.5,991.68,2.920565013828576,matched,1
annealing_T=125_h=5,T,20260725-020716,21.0,22,689.27,989.87,689.27,989.87,83.0,5.14,691.5,991.68,2.872107240337638,matched,1
annealing_T=125_h=5,v,20260726-091723,21.0,22,689.68,988.25,689.68,988.25,92.0,5.41,691.5,991.68,3.8829499095404048,matched,1
annealing_T=75_h=25,T,20260602-133829,21.0,22,688.4500000000002,990.08,688.45,990.08,160.0,7.14,691.5,991.68,3.4441980198587214,matched,1
annealing_T=75_h=25,v,20260604-121216,22.0,22,688.63,990.28,688.63,990.28,144.0,6.77,691.5,991.68,3.1932585238279665,matched,1
annealing_T=75_h=5,T,20260523-062735,25.0,22,688.93,990.7999999999998,688.93,990.8,135.0,6.56,691.5,991.68,2.7164867016056693,matched,1
annealing_T=75_h=5,v,20260524-053913,23.0,22,689.27,991.29,689.27,991.29,119.0,6.15,691.5,991.68,2.26384628453437,matched,1
before_annealing,T,20260516-064844,22.0,22,691.5,991.68,691.5,991.68,139.0,6.65,691.5,991.68,0.0,primary_reference,1
before_annealing,v,20260517-060022,27.0,22,687.49,990.8,687.49,990.8,107.0,5.84,691.5,991.68,4.105423242492779,matched,1
annealing_T=100_h=25,T,20260629-230214,26.0,23,729.71,379.42,729.71,379.42,156.0,7.05,728.99,381.08,1.8094197965093488,matched,1
annealing_T=100_h=5,T,20260613-015321,23.0,23,729.93,379.10999999999996,729.93,379.11,255.0,9.01,728.99,381.08,2.1827734651126756,matched,1
annealing_T=125_h=25,T,20260902-011233,20.0,23,730.37,379.22,730.37,379.22,120.0,6.18,728.99,381.08,2.3160310878742165,matched,1
annealing_T=125_h=25,v,20260903-002446,21.0,23,729.52,379.25,729.52,379.25,125.0,6.31,728.99,381.08,1.905203401214661,matched,1
annealing_T=125_h=5,T,20260725-020716,22.0,23,729.96,378.97,729.96,378.97,233.0,8.61,728.99,381.08,2.322283359110139,matched,1
annealing_T=125_h=5,v,20260726-091723,22.0,23,729.99,378.12,729.99,378.12,227.0,8.5,728.99,381.08,3.124355933628542,matched,1
annealing_T=150_h=25,T,20260919-004123,12.0,23,730.11,378.57,730.11,378.57,64.0,4.51,728.99,381.08,2.7485450696686717,matched,1
annealing_T=150_h=25,v,20260919-235322,13.0,23,729.98,378.35,729.98,378.35,82.0,5.11,728.99,381.08,2.903962809679182,matched,1
annealing_T=150_h=5,T,20260912-010115,15.0,23,729.23,379.8500000000001,729.23,379.85,123.0,6.26,728.99,381.08,1.2531959144522333,matched,1
annealing_T=150_h=5,v,20260913-001359,15.0,23,729.94,379.48,729.94,379.48,120.0,6.18,728.99,381.08,1.8607794065928334,matched,1
annealing_T=75_h=25,T,20260602-133829,22.0,23,729.9900000000001,378.84,729.99,378.84,309.0,9.92,728.99,381.08,2.453079697033969,matched,1
annealing_T=75_h=25,v,20260604-121216,23.0,23,730.45,379.41,730.45,379.41,302.0,9.8,728.99,381.08,2.2182200071228215,matched,1
annealing_T=75_h=5,T,20260523-062735,26.0,23,730.17,379.45,730.17,379.45,366.0,10.79,728.99,381.08,2.012287255835972,matched,1
annealing_T=75_h=5,v,20260524-053913,24.0,23,730.6,380.02,730.6,380.02,378.0,10.97,728.99,381.08,1.9276151068094607,matched,1
before_annealing,T,20260516-064844,23.0,23,728.9900000000001,381.08,728.99,381.08,493.0,12.53,728.99,381.08,0.0,primary_reference,1
before_annealing,v,20260517-060022,28.0,23,728.64,380.45,728.64,380.45,496.0,12.57,728.99,381.08,0.7206941098690971,matched,1
annealing_T=75_h=5,v,20260524-053913,25.0,24,818.14,699.51,818.14,699.51,50.0,3.99,818.93,699.23,0.838152730711967,matched,1
before_annealing,T,20260516-064844,24.0,24,818.93,699.23,818.93,699.23,65.0,4.55,818.93,699.23,0.0,primary_reference,1
annealing_T=100_h=25,T,20260629-230214,30.0,25,830.84,799.9500000000002,830.84,799.95,310.0,9.93,832.63,800.65,1.9220041623262982,matched,1
annealing_T=100_h=5,T,20260613-015321,26.0,25,831.5099999999999,799.5,831.51,799.5,381.0,11.01,832.63,800.65,1.605272562526443,matched,1
annealing_T=125_h=5,T,20260725-020716,28.0,25,831.12,799.2400000000001,831.12,799.24,394.0,11.2,832.63,800.65,2.065962245540698,matched,1
annealing_T=125_h=5,v,20260726-091723,28.0,25,831.15,798.59,831.15,798.59,413.0,11.47,832.63,800.65,2.536533067003036,matched,1
annealing_T=75_h=25,T,20260602-133829,24.0,25,830.7199999999999,799.69,830.72,799.69,814.0,16.1,832.63,800.65,2.1376856644511992,matched,1
annealing_T=75_h=25,v,20260604-121216,25.0,25,831.24,800.14,831.24,800.14,788.0,15.84,832.63,800.65,1.4806079832284955,matched,1
annealing_T=75_h=5,T,20260523-062735,27.0,25,831.2000000000002,800.35,831.2,800.35,584.0,13.63,832.63,800.65,1.461129699923831,matched,1
annealing_T=75_h=5,v,20260524-053913,26.0,25,831.67,800.73,831.67,800.73,594.0,13.75,832.63,800.65,0.9633275663034233,matched,1
before_annealing,T,20260516-064844,25.0,25,832.63,800.65,832.63,800.65,635.0,14.22,832.63,800.65,0.0,primary_reference,1
before_annealing,v,20260517-060022,29.0,25,829.77,800.67,829.77,800.67,599.0,13.81,832.63,800.65,2.860069929215032,matched,1
annealing_T=100_h=25,T,20260629-230214,31.0,26,848.7199999999999,169.91,848.72,169.91,386.0,11.08,846.65,170.33,2.1121789696897726,matched,1
annealing_T=100_h=5,T,20260613-015321,27.0,26,849.0,169.32,849.0,169.32,415.0,11.49,846.65,170.33,2.5578506602223956,matched,1
annealing_T=125_h=25,T,20260902-011233,22.0,26,849.32,169.18,849.32,169.18,465.0,12.17,846.65,170.33,2.907129168097008,matched,1
annealing_T=125_h=25,v,20260903-002446,23.0,26,848.08,169.18,848.08,169.18,480.0,12.36,846.65,170.33,1.8350476833042229,matched,1
annealing_T=125_h=5,T,20260725-020716,29.0,26,849.11,169.07,849.11,169.07,430.0,11.7,846.65,170.33,2.763910273507486,matched,1
annealing_T=125_h=5,v,20260726-091723,29.0,26,849.28,168.58,849.28,168.58,391.0,11.16,846.65,170.33,3.1590188350182364,matched,1
annealing_T=150_h=25,T,20260919-004123,15.0,26,848.83,168.74,848.83,168.74,151.0,6.93,846.65,170.33,2.698240167220162,matched,1
annealing_T=150_h=25,v,20260919-235322,16.0,26,850.08,168.93,850.08,168.93,148.0,6.86,846.65,170.33,3.7047132142718486,matched,1
annealing_T=150_h=5,T,20260912-010115,19.0,26,847.5300000000001,169.61,847.53,169.61,413.0,11.47,846.65,170.33,1.1370136322842355,matched,1
annealing_T=150_h=5,v,20260913-001359,20.0,26,848.8,169.21,848.8,169.21,441.0,11.85,846.65,170.33,2.424231837098076,matched,1
annealing_T=75_h=25,T,20260602-133829,25.0,26,849.37,169.62,849.37,169.62,445.0,11.9,846.65,170.33,2.811138559374148,matched,1
annealing_T=75_h=25,v,20260604-121216,26.0,26,849.79,170.04,849.79,170.04,446.0,11.91,846.65,170.33,3.153363283860571,matched,1
annealing_T=75_h=5,T,20260523-062735,28.0,26,849.41,170.16,849.41,170.16,492.0,12.51,846.65,170.33,2.7652305509667645,matched,1
annealing_T=75_h=5,v,20260524-053913,27.0,26,849.63,170.55,849.63,170.55,509.0,12.73,846.65,170.33,2.988109770406721,matched,1
before_annealing,T,20260516-064844,26.0,26,846.65,170.33,846.65,170.33,469.0,12.22,846.65,170.33,0.0,primary_reference,1
before_annealing,v,20260517-060022,30.0,26,847.68,170.46,847.68,170.46,426.0,11.64,846.65,170.33,1.038171469459618,matched,1
annealing_T=100_h=25,T,20260629-230214,32.0,27,850.0099999999999,944.89,850.01,944.89,33.0,3.24,852.84,945.13,2.840158446284446,matched,1
annealing_T=100_h=5,T,20260613-015321,28.0,27,851.23,944.08,851.23,944.08,113.0,6.0,852.84,945.13,1.922134230484424,matched,1
annealing_T=125_h=5,T,20260725-020716,30.0,27,850.08,943.9900000000001,850.08,943.99,108.0,5.86,852.84,945.13,2.986168113150976,matched,1
annealing_T=125_h=5,v,20260726-091723,30.0,27,850.25,943.52,850.25,943.52,118.0,6.13,852.84,945.13,3.0496229275109092,matched,1
annealing_T=150_h=5,T,20260912-010115,20.0,27,853.2199999999999,944.29,853.22,944.29,38.0,3.48,852.84,945.13,0.921954445729269,matched,1
annealing_T=150_h=5,v,20260913-001359,21.0,27,851.43,944.17,851.43,944.17,43.0,3.7,852.84,945.13,1.705784277099628,matched,1
annealing_T=75_h=25,T,20260602-133829,26.0,27,849.7000000000002,944.5,849.7,944.5,97.0,5.56,852.84,945.13,3.2025770872844257,matched,1
annealing_T=75_h=25,v,20260604-121216,27.0,27,850.09,944.72,850.09,944.72,93.0,5.44,852.84,945.13,2.7803956552979963,matched,1
annealing_T=75_h=5,T,20260523-062735,29.0,27,850.7400000000001,945.17,850.74,945.17,77.0,4.95,852.84,945.13,2.1003809178336237,matched,1
annealing_T=75_h=5,v,20260524-053913,28.0,27,850.8,945.39,850.8,945.39,88.0,5.29,852.84,945.13,2.0565018842686023,matched,1
before_annealing,T,20260516-064844,27.0,27,852.84,945.13,852.84,945.13,93.0,5.44,852.84,945.13,0.0,primary_reference,1
before_annealing,v,20260517-060022,31.0,27,848.4,945.33,848.4,945.33,89.0,5.32,852.84,945.13,4.4445022218467285,matched,1
annealing_T=100_h=5,T,20260613-015321,29.0,28,884.5300000000001,868.02,884.53,868.02,145.0,6.79,885.85,868.93,1.6032778923192865,matched,1
annealing_T=125_h=5,T,20260725-020716,31.0,28,883.69,868.08,883.69,868.08,139.0,6.65,885.85,868.93,2.3212281232140257,matched,1
annealing_T=125_h=5,v,20260726-091723,31.0,28,884.21,867.39,884.21,867.39,149.0,6.89,885.85,868.93,2.2497110925627415,matched,1
annealing_T=75_h=25,T,20260602-133829,27.0,28,883.7800000000001,868.57,883.78,868.57,78.0,4.98,885.85,868.93,2.1010711553870953,matched,1
annealing_T=75_h=25,v,20260604-121216,28.0,28,884.49,868.87,884.49,868.87,94.0,5.47,885.85,868.93,1.361322886019342,matched,1
annealing_T=75_h=5,T,20260523-062735,30.0,28,884.27,869.44,884.27,869.44,68.0,4.65,885.85,868.93,1.6602710622064807,matched,1
annealing_T=75_h=5,v,20260524-053913,29.0,28,884.59,869.73,884.59,869.73,99.0,5.61,885.85,868.93,1.4925146565444798,matched,1
before_annealing,T,20260516-064844,28.0,28,885.85,868.93,885.85,868.93,83.0,5.14,885.85,868.93,0.0,primary_reference,1
before_annealing,v,20260517-060022,32.0,28,882.46,868.93,882.46,868.93,89.0,5.32,885.85,868.93,3.3899999999999864,matched,1
annealing_T=100_h=25,T,20260629-230214,33.0,29,925.87,741.41,925.87,741.41,176.0,7.48,927.37,741.36,1.500833101980362,matched,1
annealing_T=100_h=5,T,20260613-015321,30.0,29,926.4699999999999,740.5099999999999,926.47,740.51,211.0,8.2,927.37,741.36,1.2379418403141544,matched,1
annealing_T=125_h=25,T,20260902-011233,23.0,29,927.71,740.4,927.71,740.4,105.0,5.78,927.37,741.36,1.018430164517966,matched,1
annealing_T=125_h=25,v,20260903-002446,24.0,29,927.55,740.7,927.55,740.7,123.0,6.26,927.37,741.36,0.6841052550594389,matched,1
annealing_T=125_h=5,T,20260725-020716,32.0,29,926.15,740.46,926.15,740.46,369.0,10.84,927.37,741.36,1.5160474926597867,matched,1
annealing_T=125_h=5,v,20260726-091723,32.0,29,926.32,739.91,926.32,739.91,372.0,10.88,927.37,741.36,1.7902513789968257,matched,1
annealing_T=150_h=25,T,20260919-004123,16.0,29,927.2800000000001,740.39,927.28,740.39,59.0,4.33,927.37,741.36,0.9741663102366239,matched,1
annealing_T=150_h=25,v,20260919-235322,17.0,29,925.42,740.1,925.42,740.1,68.0,4.65,927.37,741.36,2.3216588896735355,matched,1
annealing_T=150_h=5,T,20260912-010115,21.0,29,927.66,740.7000000000002,927.66,740.7,228.0,8.52,927.37,741.36,0.7209022125085945,matched,1
annealing_T=150_h=5,v,20260913-001359,22.0,29,926.36,740.41,926.36,740.41,241.0,8.76,927.37,741.36,1.3865785228396075,matched,1
annealing_T=75_h=25,T,20260602-133829,28.0,29,925.81,741.09,925.81,741.09,223.0,8.43,927.37,741.36,1.5831929762351065,matched,1
annealing_T=75_h=25,v,20260604-121216,29.0,29,926.23,741.46,926.23,741.46,238.0,8.7,927.37,741.36,1.1443775600735857,matched,1
annealing_T=75_h=5,T,20260523-062735,31.0,29,926.25,741.48,926.25,741.48,323.0,10.14,927.37,741.36,1.1264102272263028,matched,1
annealing_T=75_h=5,v,20260524-053913,30.0,29,926.51,741.96,926.51,741.96,307.0,9.89,927.37,741.36,1.0486181383134905,matched,1
before_annealing,T,20260516-064844,29.0,29,927.37,741.36,927.37,741.36,260.0,9.1,927.37,741.36,0.0,primary_reference,1
before_annealing,v,20260517-060022,33.0,29,924.72,741.87,924.72,741.87,266.0,9.2,927.37,741.36,2.6986292816909607,matched,1
annealing_T=100_h=25,T,20260629-230214,34.0,30,933.52,978.84,933.52,978.84,464.0,12.15,936.47,978.99,2.95381109754843,matched,1
annealing_T=100_h=5,T,20260613-015321,31.0,30,934.33,978.38,934.33,978.38,652.0,14.41,936.47,978.99,2.2252415599210704,matched,1
annealing_T=125_h=25,T,20260902-011233,25.0,30,935.58,978.07,935.58,978.07,204.0,8.06,936.47,978.99,1.2800390619039328,matched,1
annealing_T=125_h=25,v,20260903-002446,26.0,30,935.41,977.83,935.41,977.83,209.0,8.16,936.47,978.99,1.5713688300332458,matched,1
annealing_T=125_h=5,T,20260725-020716,34.0,30,933.7999999999998,978.15,933.8,978.15,301.0,9.79,936.47,978.99,2.7990176848317785,matched,1
annealing_T=125_h=5,v,20260726-091723,34.0,30,933.98,977.6,933.98,977.6,318.0,10.06,936.47,978.99,2.851701246624549,matched,1
annealing_T=150_h=25,T,20260919-004123,17.0,30,935.0099999999999,977.5499999999998,935.01,977.55,200.0,7.98,936.47,978.99,2.050658430846279,matched,1
annealing_T=150_h=25,v,20260919-235322,18.0,30,932.88,977.66,932.88,977.66,224.0,8.44,936.47,978.99,3.828446159997596,matched,1
annealing_T=150_h=5,T,20260912-010115,23.0,30,936.71,977.89,936.71,977.89,192.0,7.82,936.47,978.99,1.1258774356030297,matched,1
annealing_T=150_h=5,v,20260913-001359,24.0,30,934.5,978.35,934.5,978.35,195.0,7.88,936.47,978.99,2.071352215341488,matched,1
annealing_T=75_h=25,T,20260602-133829,29.0,30,933.38,978.69,933.38,978.69,678.0,14.69,936.47,978.99,3.1045289497764665,matched,1
annealing_T=75_h=25,v,20260604-121216,30.0,30,933.83,979.16,933.83,979.16,735.0,15.3,936.47,978.99,2.6454678225221175,matched,1
annealing_T=75_h=5,T,20260523-062735,32.0,30,933.94,979.25,933.94,979.25,642.0,14.3,936.47,978.99,2.543324595878367,matched,1
annealing_T=75_h=5,v,20260524-053913,31.0,30,934.38,979.66,934.38,979.66,706.0,14.99,936.47,978.99,2.194766502387003,matched,1
before_annealing,T,20260516-064844,30.0,30,936.4699999999999,978.9900000000001,936.47,978.99,835.0,16.3,936.47,978.99,0.0,primary_reference,1
before_annealing,v,20260517-060022,34.0,30,932.58,979.6,932.58,979.6,868.0,16.62,936.47,978.99,3.937537301410605,matched,1
annealing_T=100_h=25,T,20260629-230214,35.0,31,974.57,139.5,974.57,139.5,148.0,6.86,971.82,139.53,2.7501636314954063,matched,1
annealing_T=100_h=5,T,20260613-015321,32.0,31,974.5499999999998,139.12,974.55,139.12,290.0,9.61,971.82,139.53,2.760615873315021,matched,1
annealing_T=125_h=25,T,20260902-011233,26.0,31,974.84,138.7,974.84,138.7,251.0,8.94,971.82,139.53,3.1319802042797,matched,1
annealing_T=125_h=25,v,20260903-002446,27.0,31,973.45,138.68,973.45,138.68,181.0,7.59,971.82,139.53,1.838314445354759,matched,1
annealing_T=125_h=5,T,20260725-020716,35.0,31,974.42,139.06,974.42,139.06,139.0,6.65,971.82,139.53,2.642139284746269,matched,1
annealing_T=125_h=5,v,20260726-091723,35.0,31,974.91,138.49,974.91,138.49,153.0,6.98,971.82,139.53,3.2603220699801234,matched,1
annealing_T=150_h=25,T,20260919-004123,18.0,31,974.5300000000001,138.61,974.53,138.61,203.0,8.04,971.82,139.53,2.8619049599873465,matched,1
annealing_T=150_h=25,v,20260919-235322,19.0,31,975.77,138.89,975.77,138.89,209.0,8.16,971.82,139.53,4.0015122141509805,matched,1
annealing_T=150_h=5,T,20260912-010115,24.0,31,972.98,138.93,972.98,138.93,166.0,7.27,971.82,139.53,1.3059862173851298,matched,1
annealing_T=150_h=5,v,20260913-001359,25.0,31,974.29,139.05,974.29,139.05,165.0,7.25,971.82,139.53,2.5162074636244847,matched,1
annealing_T=75_h=25,T,20260602-133829,30.0,31,974.7999999999998,139.63,974.8,139.63,240.0,8.74,971.82,139.53,2.9816773802674814,matched,1
annealing_T=75_h=25,v,20260604-121216,31.0,31,975.04,140.03,975.04,140.03,245.0,8.83,971.82,139.53,3.258588651548312,matched,1
annealing_T=75_h=5,T,20260523-062735,33.0,31,974.89,140.2,974.89,140.2,260.0,9.1,971.82,139.53,3.1422603329449954,matched,1
annealing_T=75_h=5,v,20260524-053913,32.0,31,975.24,140.6,975.24,140.6,250.0,8.92,971.82,139.53,3.5834759661534923,matched,1
before_annealing,T,20260516-064844,31.0,31,971.82,139.53,971.82,139.53,267.0,9.22,971.82,139.53,0.0,primary_reference,1
before_annealing,v,20260517-060022,35.0,31,973.13,140.28,973.13,140.28,246.0,8.85,971.82,139.53,1.5095032295427053,matched,1
annealing_T=100_h=5,T,20260613-015321,33.0,32,979.0300000000001,701.92,979.03,701.92,41.0,3.61,978.65,702.64,0.8141252974819799,matched,1
annealing_T=75_h=25,T,20260602-133829,31.0,32,977.81,702.85,977.81,702.85,39.0,3.52,978.65,702.64,0.8658521813797484,matched,1
annealing_T=75_h=25,v,20260604-121216,32.0,32,978.35,702.84,978.35,702.84,64.0,4.51,978.65,702.64,0.3605551275463863,matched,1
annealing_T=75_h=5,T,20260523-062735,34.0,32,977.9,703.0300000000001,977.9,703.03,125.0,6.31,978.65,702.64,0.8453401682163684,matched,1
annealing_T=75_h=5,v,20260524-053913,33.0,32,978.49,703.4,978.49,703.4,137.0,6.6,978.65,702.64,0.7766595135578885,matched,1
before_annealing,T,20260516-064844,32.0,32,978.65,702.64,978.65,702.64,125.0,6.31,978.65,702.64,0.0,primary_reference,1
before_annealing,v,20260517-060022,36.0,32,976.6,703.25,976.6,703.25,117.0,6.1,978.65,702.64,2.138831456660349,matched,1
annealing_T=100_h=25,T,20260629-230214,37.0,33,1059.43,683.5300000000001,1059.43,683.53,133.0,6.51,1060.74,683.07,1.3884163640637093,matched,1
annealing_T=100_h=5,T,20260613-015321,35.0,33,1059.71,683.06,1059.71,683.06,134.0,6.53,1060.74,683.07,1.0300485425454209,matched,1
annealing_T=125_h=25,T,20260902-011233,27.0,33,1060.73,682.57,1060.73,682.57,45.0,3.78,1060.74,683.07,0.5000999900019993,matched,1
annealing_T=125_h=25,v,20260903-002446,28.0,33,1060.77,682.48,1060.77,682.48,35.0,3.34,1060.74,683.07,0.5907622195097075,matched,1
annealing_T=150_h=5,v,20260913-001359,26.0,33,1059.24,683.2,1059.24,683.2,49.0,3.95,1060.74,683.07,1.5056227947264875,matched,1
annealing_T=75_h=25,T,20260602-133829,33.0,33,1059.5,683.58,1059.5,683.58,133.0,6.51,1060.74,683.07,1.3407833531186213,matched,1
annealing_T=75_h=25,v,20260604-121216,34.0,33,1060.25,684.07,1060.25,684.07,148.0,6.86,1060.74,683.07,1.113597772986283,matched,1
annealing_T=75_h=5,T,20260523-062735,36.0,33,1060.08,684.12,1060.08,684.12,146.0,6.82,1060.74,683.07,1.2402015965156683,matched,1
annealing_T=75_h=5,v,20260524-053913,35.0,33,1060.61,684.49,1060.61,684.49,155.0,7.02,1060.74,683.07,1.4259382875846738,matched,1
before_annealing,T,20260516-064844,33.0,33,1060.74,683.07,1060.74,683.07,135.0,6.56,1060.74,683.07,0.0,primary_reference,1
before_annealing,v,20260517-060022,38.0,33,1058.73,684.39,1058.73,684.39,145.0,6.79,1060.74,683.07,2.404682931282167,matched,1
annealing_T=100_h=25,T,20260629-230214,38.0,34,1068.18,854.86,1068.18,854.86,320.0,10.09,1070.21,854.15,2.150581316760643,matched,1
annealing_T=100_h=5,T,20260613-015321,36.0,34,1068.81,854.37,1068.81,854.37,378.0,10.97,1070.21,854.15,1.417180299044644,matched,1
annealing_T=125_h=25,T,20260902-011233,28.0,34,1070.05,853.9699999999999,1070.05,853.97,340.0,10.4,1070.21,854.15,0.24083189157594787,matched,1
annealing_T=125_h=25,v,20260903-002446,29.0,34,1069.81,853.74,1069.81,853.74,346.0,10.49,1070.21,854.15,0.5728001396648281,matched,1
annealing_T=125_h=5,T,20260725-020716,36.0,34,1068.43,854.36,1068.43,854.36,361.0,10.72,1070.21,854.15,1.7923448328934692,matched,1
annealing_T=125_h=5,v,20260726-091723,36.0,34,1068.48,853.91,1068.48,853.91,362.0,10.73,1070.21,854.15,1.7465680633745904,matched,1
annealing_T=150_h=25,T,20260919-004123,20.0,34,1069.81,853.2999999999998,1069.81,853.3,89.0,5.32,1070.21,854.15,0.939414711402959,matched,1
annealing_T=150_h=25,v,20260919-235322,20.0,34,1068.39,853.9,1068.39,853.9,88.0,5.29,1070.21,854.15,1.8370900903330158,matched,1
annealing_T=150_h=5,T,20260912-010115,25.0,34,1070.53,853.41,1070.53,853.41,190.0,7.78,1070.21,854.15,0.806225774829838,matched,1
annealing_T=150_h=5,v,20260913-001359,27.0,34,1068.93,854.05,1068.93,854.05,195.0,7.88,1070.21,854.15,1.2839003076562971,matched,1
annealing_T=75_h=25,T,20260602-133829,34.0,34,1068.0,854.89,1068.0,854.89,425.0,11.63,1070.21,854.15,2.3306007809146925,matched,1
annealing_T=75_h=25,v,20260604-121216,35.0,34,1068.42,855.39,1068.42,855.39,381.0,11.01,1070.21,854.15,2.177544488638497,matched,1
annealing_T=75_h=5,T,20260523-062735,37.0,34,1068.49,855.35,1068.49,855.35,429.0,11.69,1070.21,854.15,2.097236276626981,matched,1
annealing_T=75_h=5,v,20260524-053913,36.0,34,1068.92,855.66,1068.92,855.66,400.0,11.28,1070.21,854.15,1.9860010070490595,matched,1
before_annealing,T,20260516-064844,34.0,34,1070.21,854.15,1070.21,854.15,407.0,11.38,1070.21,854.15,0.0,primary_reference,1
before_annealing,v,20260517-060022,39.0,34,1067.07,855.6,1067.07,855.6,419.0,11.55,1070.21,854.15,3.4586268951710823,matched,1
annealing_T=100_h=25,T,20260629-230214,39.0,35,1084.42,489.12999999999994,1084.42,489.13,90.0,5.35,1084.07,488.41,0.8005623023849994,matched,1
before_annealing,T,20260516-064844,35.0,35,1084.07,488.41,1084.07,488.41,122.0,6.23,1084.07,488.41,0.0,primary_reference,1
before_annealing,v,20260517-060022,40.0,35,1083.39,489.7,1083.39,489.7,105.0,5.78,1084.07,488.41,1.458252378705306,matched,1
annealing_T=100_h=25,T,20260629-230214,41.0,36,1110.18,794.82,1110.18,794.82,328.0,10.22,1112.04,793.93,2.0619650821485327,matched,1
annealing_T=100_h=5,T,20260613-015321,38.0,36,1110.91,794.2800000000001,1110.91,794.28,294.0,9.67,1112.04,793.93,1.182962383171937,matched,1
annealing_T=125_h=25,T,20260902-011233,30.0,36,1111.98,793.83,1111.98,793.83,128.0,6.38,1112.04,793.93,0.11661903789679995,matched,1
annealing_T=125_h=25,v,20260903-002446,31.0,36,1111.64,793.61,1111.64,793.61,127.0,6.36,1112.04,793.93,0.5122499389944816,matched,1
annealing_T=125_h=5,T,20260725-020716,38.0,36,1110.44,794.23,1110.44,794.23,373.0,10.9,1112.04,793.93,1.6278820596098937,matched,1
annealing_T=125_h=5,v,20260726-091723,38.0,36,1110.63,793.74,1110.63,793.74,391.0,11.16,1112.04,793.93,1.4227438279604545,matched,1
annealing_T=150_h=25,T,20260919-004123,21.0,36,1111.06,794.04,1111.06,794.04,69.0,4.69,1112.04,793.93,0.9861541461658206,matched,1
annealing_T=150_h=25,v,20260919-235322,21.0,36,1109.89,794.74,1109.89,794.74,80.0,5.05,1112.04,793.93,2.297520402520837,matched,1
annealing_T=75_h=25,T,20260602-133829,36.0,36,1110.14,794.94,1110.14,794.94,414.0,11.48,1112.04,793.93,2.1517667159800786,matched,1
annealing_T=75_h=25,v,20260604-121216,37.0,36,1110.5,795.31,1110.5,795.31,417.0,11.52,1112.04,793.93,2.067849124090023,matched,1
annealing_T=75_h=5,T,20260523-062735,38.0,36,1110.65,795.38,1110.65,795.38,400.0,11.28,1112.04,793.93,2.0086313748420284,matched,1
annealing_T=75_h=5,v,20260524-053913,38.0,36,1111.01,795.82,1111.01,795.82,413.0,11.47,1112.04,793.93,2.1524404753675124,matched,1
before_annealing,T,20260516-064844,36.0,36,1112.04,793.93,1112.04,793.93,534.0,13.04,1112.04,793.93,0.0,primary_reference,1
before_annealing,v,20260517-060022,41.0,36,1109.21,795.61,1109.21,795.61,481.0,12.37,1112.04,793.93,3.291094043019707,matched,1
annealing_T=100_h=25,T,20260629-230214,42.0,37,1118.44,919.18,1118.44,919.18,214.0,8.25,1121.09,918.2,2.825402626175443,matched,1
annealing_T=125_h=5,v,20260726-091723,39.0,37,1119.25,917.98,1119.25,917.98,30.0,3.09,1121.09,918.2,1.8531055015836824,matched,1
annealing_T=75_h=25,T,20260602-133829,37.0,37,1118.23,919.29,1118.23,919.29,76.0,4.92,1121.09,918.2,3.060669861321088,matched,1
annealing_T=75_h=25,v,20260604-121216,38.0,37,1119.21,920.03,1119.21,920.03,100.0,5.64,1121.09,918.2,2.6236043909094393,matched,1
annealing_T=75_h=5,T,20260523-062735,39.0,37,1118.96,919.81,1118.96,919.81,167.0,7.29,1121.09,918.2,2.6700187265259347,matched,1
annealing_T=75_h=5,v,20260524-053913,39.0,37,1119.2,919.91,1119.2,919.91,120.0,6.18,1121.09,918.2,2.548764406530987,matched,1
before_annealing,T,20260516-064844,37.0,37,1121.09,918.2000000000002,1121.09,918.2,193.0,7.84,1121.09,918.2,0.0,primary_reference,1
before_annealing,v,20260517-060022,42.0,37,1117.42,919.81,1117.42,919.81,220.0,8.37,1121.09,918.2,4.007617746242591,matched,1
annealing_T=100_h=25,T,20260629-230214,44.0,38,1187.3,758.71,1187.3,758.71,95.0,5.5,1189.24,757.61,2.2301569451498837,matched,1
annealing_T=100_h=5,T,20260613-015321,40.0,38,1188.24,758.59,1188.24,758.59,98.0,5.59,1189.24,757.61,1.4001428498549837,matched,1
annealing_T=125_h=5,T,20260725-020716,39.0,38,1187.79,758.2199999999999,1187.79,758.22,131.0,6.46,1189.24,757.61,1.573086138773084,matched,1
annealing_T=125_h=5,v,20260726-091723,40.0,38,1187.92,757.78,1187.92,757.78,148.0,6.86,1189.24,757.61,1.3309019498069037,matched,1
annealing_T=75_h=25,T,20260602-133829,39.0,38,1187.5,759.19,1187.5,759.19,115.0,6.05,1189.24,757.61,2.3503191272676487,matched,1
annealing_T=75_h=25,v,20260604-121216,40.0,38,1187.9,759.97,1187.9,759.97,125.0,6.31,1189.24,757.61,2.713890196747069,matched,1
annealing_T=75_h=5,T,20260523-062735,40.0,38,1187.85,759.7599999999999,1187.85,759.76,153.0,6.98,1189.24,757.61,2.5601953050499273,matched,1
annealing_T=75_h=5,v,20260524-053913,40.0,38,1188.43,759.62,1188.43,759.62,142.0,6.72,1189.24,757.61,2.167071757002955,matched,1
before_annealing,T,20260516-064844,38.0,38,1189.24,757.61,1189.24,757.61,146.0,6.82,1189.24,757.61,0.0,primary_reference,1
before_annealing,v,20260517-060022,43.0,38,1186.58,759.8,1186.58,759.8,141.0,6.7,1189.24,757.61,3.4455333404278905,matched,1
annealing_T=100_h=25,T,20260629-230214,46.0,39,1216.59,695.02,1216.59,695.02,35.0,3.34,1218.02,693.08,2.4100829861230824,matched,1
annealing_T=100_h=5,T,20260613-015321,41.0,39,1218.05,693.96,1218.05,693.96,42.0,3.66,1218.02,693.08,0.8805112151471952,matched,1
annealing_T=75_h=25,T,20260602-133829,41.0,39,1216.78,695.32,1216.78,695.32,159.0,7.11,1218.02,693.08,2.5603124809288538,matched,1
annealing_T=75_h=25,v,20260604-121216,42.0,39,1217.42,695.48,1217.42,695.48,153.0,6.98,1218.02,693.08,2.473863375370552,matched,1
annealing_T=75_h=5,T,20260523-062735,42.0,39,1217.3,695.34,1217.3,695.34,159.0,7.11,1218.02,693.08,2.371919054268083,matched,1
annealing_T=75_h=5,v,20260524-053913,41.0,39,1217.68,695.69,1217.68,695.69,166.0,7.27,1218.02,693.08,2.6320524310887152,matched,1
before_annealing,T,20260516-064844,39.0,39,1218.02,693.08,1218.02,693.08,196.0,7.9,1218.02,693.08,0.0,primary_reference,1
before_annealing,v,20260517-060022,45.0,39,1215.67,695.38,1215.67,695.38,192.0,7.82,1218.02,693.08,3.2882366094913795,matched,1
annealing_T=100_h=25,T,20260629-230214,47.0,40,1229.01,82.14,1229.01,82.14,235.0,8.65,1226.31,80.11,3.3780023682644527,matched,1
annealing_T=100_h=5,T,20260613-015321,42.0,40,1228.96,80.94,1228.96,80.94,104.0,5.75,1226.31,80.11,2.7769407627820364,matched,1
annealing_T=125_h=25,v,20260903-002446,33.0,40,1229.1,79.21,1229.1,79.21,38.0,3.48,1226.31,80.11,2.9315695454823865,matched,1
annealing_T=125_h=5,T,20260725-020716,41.0,40,1229.62,81.32,1229.62,81.32,198.0,7.94,1226.31,80.11,3.5242304124446266,matched,1
annealing_T=125_h=5,v,20260726-091723,42.0,40,1229.56,81.24,1229.56,81.24,201.0,8.0,1226.31,80.11,3.4408429199834143,matched,1
annealing_T=75_h=25,T,20260602-133829,42.0,40,1229.89,82.54,1229.89,82.54,223.0,8.43,1226.31,80.11,4.326811759251972,matched,1
annealing_T=75_h=25,v,20260604-121216,43.0,40,1230.06,82.57,1230.06,82.57,227.0,8.5,1226.31,80.11,4.484874580186158,matched,1
annealing_T=75_h=5,T,20260523-062735,43.0,40,1229.44,82.1,1229.44,82.1,128.0,6.38,1226.31,80.11,3.709043003255781,matched,1
annealing_T=75_h=5,v,20260524-053913,42.0,40,1230.27,82.74,1230.27,82.74,132.0,6.48,1226.31,80.11,4.753787963298349,matched,1
before_annealing,T,20260516-064844,40.0,40,1226.31,80.11,1226.31,80.11,236.0,8.67,1226.31,80.11,0.0,primary_reference,1
before_annealing,v,20260517-060022,46.0,40,1227.86,82.63,1227.86,82.63,243.0,8.79,1226.31,80.11,2.958530040408554,matched,1
annealing_T=75_h=25,T,20260602-133829,43.0,41,1266.05,983.84,1266.05,983.84,47.0,3.87,1269.96,982.07,4.291969244997054,matched,1
annealing_T=75_h=25,v,20260604-121216,44.0,41,1266.26,984.45,1266.26,984.45,53.0,4.11,1269.96,982.07,4.399363590338984,matched,1
annealing_T=75_h=5,T,20260523-062735,44.0,41,1267.15,984.62,1267.15,984.62,54.0,4.15,1269.96,982.07,3.7945487215213696,matched,1
annealing_T=75_h=5,v,20260524-053913,43.0,41,1267.14,985.07,1267.14,985.07,61.0,4.41,1269.96,982.07,4.11732923143142,matched,1
before_annealing,T,20260516-064844,41.0,41,1269.96,982.07,1269.96,982.07,40.0,3.57,1269.96,982.07,0.0,primary_reference,1
before_annealing,v,20260517-060022,47.0,41,1265.0,984.91,1265.0,984.91,55.0,4.18,1269.96,982.07,5.715522723251119,matched,1
annealing_T=100_h=5,T,20260613-015321,43.0,42,1278.45,557.82,1278.45,557.82,250.0,8.92,1278.47,556.41,1.4101418368377807,matched,1
annealing_T=125_h=25,T,20260902-011233,33.0,42,1279.51,557.02,1279.51,557.02,144.0,6.77,1278.47,556.41,1.2056948204251112,matched,1
annealing_T=125_h=25,v,20260903-002446,35.0,42,1278.85,556.29,1278.85,556.29,166.0,7.27,1278.47,556.41,0.3984971769033141,matched,1
annealing_T=125_h=5,T,20260725-020716,42.0,42,1278.01,557.71,1278.01,557.71,122.0,6.23,1278.47,556.41,1.3789851340751325,matched,1
annealing_T=125_h=5,v,20260726-091723,43.0,42,1278.58,557.2,1278.58,557.2,133.0,6.51,1278.47,556.41,0.7976214641044336,matched,1
annealing_T=75_h=25,T,20260602-133829,44.0,42,1278.68,558.78,1278.68,558.78,266.0,9.2,1278.47,556.41,2.37928560706781,matched,1
annealing_T=75_h=25,v,20260604-121216,45.0,42,1280.52,559.62,1280.52,559.62,365.0,10.78,1278.47,556.41,3.808753076795613,matched,1
annealing_T=75_h=5,T,20260523-062735,45.0,42,1278.61,559.08,1278.61,559.08,290.0,9.61,1278.47,556.41,2.6736678926150033,matched,1
annealing_T=75_h=5,v,20260524-053913,44.0,42,1279.18,559.32,1279.18,559.32,303.0,9.82,1278.47,556.41,2.9953630831671356,matched,1
before_annealing,T,20260516-064844,42.0,42,1278.47,556.41,1278.47,556.41,336.0,10.34,1278.47,556.41,0.0,primary_reference,1
before_annealing,v,20260517-060022,48.0,42,1277.1,559.03,1277.1,559.03,320.0,10.09,1278.47,556.41,2.956568957423511,matched,1
annealing_T=100_h=25,T,20260629-230214,48.0,43,1347.09,134.62,1347.09,134.62,227.0,8.5,1344.99,131.83,3.4920051546353097,matched,1
annealing_T=100_h=5,T,20260613-015321,44.0,43,1347.63,133.63,1347.63,133.63,217.0,8.31,1344.99,131.83,3.1952464693667166,matched,1
annealing_T=125_h=5,T,20260725-020716,43.0,43,1347.73,133.84,1347.73,133.84,205.0,8.08,1344.99,131.83,3.398190695061125,matched,1
annealing_T=75_h=5,v,20260524-053913,46.0,43,1348.33,135.42,1348.33,135.42,164.0,7.23,1344.99,131.83,4.903437569705489,matched,1
before_annealing,T,20260516-064844,43.0,43,1344.99,131.83,1344.99,131.83,170.0,7.36,1344.99,131.83,0.0,primary_reference,1
annealing_T=75_h=5,T,20260523-062735,46.0,44,1345.59,794.82,1345.59,794.82,59.0,4.33,1347.05,791.35,3.7646380968162525,matched,1
annealing_T=75_h=5,v,20260524-053913,45.0,44,1346.67,796.06,1346.67,796.06,47.0,3.87,1347.05,791.35,4.725304223010322,matched,1
before_annealing,T,20260516-064844,44.0,44,1347.05,791.35,1347.05,791.35,87.0,5.26,1347.05,791.35,0.0,primary_reference,1
annealing_T=100_h=25,T,20260629-230214,49.0,45,1399.8100000000002,769.2199999999999,1399.81,769.22,150.0,6.91,1401.61,766.05,3.645394354524454,matched,1
annealing_T=100_h=5,T,20260613-015321,45.0,45,1400.59,768.13,1400.59,768.13,284.0,9.51,1401.61,766.05,2.3166354913969815,matched,1
annealing_T=125_h=25,T,20260902-011233,35.0,45,1401.5999999999997,767.2800000000001,1401.6,767.28,254.0,8.99,1401.61,766.05,1.23004064973493,matched,1
annealing_T=125_h=25,v,20260903-002446,37.0,45,1401.23,766.57,1401.23,766.57,253.0,8.97,1401.61,766.05,0.6440496875241921,matched,1
annealing_T=125_h=5,T,20260725-020716,44.0,45,1400.59,768.2800000000001,1400.59,768.28,118.0,6.13,1401.61,766.05,2.452203091100032,matched,1
annealing_T=125_h=5,v,20260726-091723,44.0,45,1400.37,767.79,1400.37,767.79,144.0,6.77,1401.61,766.05,2.136632865047258,matched,1
annealing_T=150_h=5,T,20260912-010115,31.0,45,1401.72,765.9500000000002,1401.72,765.95,148.0,6.86,1401.61,766.05,0.14866068747314162,matched,1
annealing_T=150_h=5,v,20260913-001359,31.0,45,1400.71,767.93,1400.71,767.93,174.0,7.44,1401.61,766.05,2.084322431870784,matched,1
annealing_T=75_h=25,T,20260602-133829,46.0,45,1400.04,769.21,1400.04,769.21,262.0,9.13,1401.61,766.05,3.5285266046893167,matched,1
annealing_T=75_h=25,v,20260604-121216,47.0,45,1400.42,769.7,1400.42,769.7,297.0,9.72,1401.61,766.05,3.839088433469624,matched,1
annealing_T=75_h=5,T,20260523-062735,47.0,45,1400.47,769.42,1400.47,769.42,304.0,9.84,1401.61,766.05,3.5575975039343253,matched,1
annealing_T=75_h=5,v,20260524-053913,47.0,45,1400.74,769.8,1400.74,769.8,294.0,9.67,1401.61,766.05,3.8495973815452196,matched,1
before_annealing,T,20260516-064844,45.0,45,1401.61,766.0499999999998,1401.61,766.05,321.0,10.11,1401.61,766.05,0.0,primary_reference,1
before_annealing,v,20260517-060022,49.0,45,1398.92,769.48,1398.92,769.48,350.0,10.56,1401.61,766.05,4.359013649898278,matched,1
annealing_T=100_h=25,T,20260629-230214,52.0,46,1464.0999999999997,876.84,1464.1,876.84,81.0,5.08,1466.69,874.64,3.3982495494007106,matched,1
annealing_T=100_h=5,T,20260613-015321,48.0,46,1465.74,877.36,1465.74,877.36,78.0,4.98,1466.69,874.64,2.881128251223856,matched,1
annealing_T=125_h=5,T,20260725-020716,46.0,46,1464.5999999999997,877.36,1464.6,877.36,76.0,4.92,1466.69,874.64,3.430233228222493,matched,1
annealing_T=125_h=5,v,20260726-091723,47.0,46,1464.46,877.64,1464.46,877.64,76.0,4.92,1466.69,874.64,3.7380342427538142,matched,1
annealing_T=75_h=25,T,20260602-133829,47.0,46,1464.41,879.81,1464.41,879.81,31.0,3.14,1466.69,874.64,5.650424762794338,matched,1
annealing_T=75_h=25,v,20260604-121216,48.0,46,1465.01,879.72,1465.01,879.72,56.0,4.22,1466.69,874.64,5.350588752651491,matched,1
annealing_T=75_h=5,T,20260523-062735,48.0,46,1464.13,878.83,1464.13,878.83,75.0,4.89,1466.69,874.64,4.910162930086962,matched,1
annealing_T=75_h=5,v,20260524-053913,48.0,46,1465.74,878.05,1465.74,878.05,66.0,4.58,1466.69,874.64,3.5398587542442805,matched,1
before_annealing,T,20260516-064844,46.0,46,1466.6899999999998,874.64,1466.69,874.64,86.0,5.23,1466.69,874.64,0.0,primary_reference,1
before_annealing,v,20260517-060022,50.0,46,1463.69,878.13,1463.69,878.13,106.0,5.81,1466.69,874.64,4.6021842640207336,matched,1
annealing_T=100_h=25,T,20260629-230214,55.0,47,1499.43,369.26,1499.43,369.26,42.0,3.66,1498.64,365.54,3.8029593739612473,matched,1
annealing_T=100_h=5,T,20260613-015321,49.0,47,1499.96,368.24,1499.96,368.24,76.0,4.92,1498.64,365.54,3.0053951487283284,matched,1
annealing_T=75_h=25,T,20260602-133829,48.0,47,1500.25,369.8500000000001,1500.25,369.85,101.0,5.67,1498.64,365.54,4.600891218014199,matched,1
annealing_T=75_h=25,v,20260604-121216,49.0,47,1500.28,370.35,1500.28,370.35,76.0,4.92,1498.64,365.54,5.081899251264197,matched,1
annealing_T=75_h=5,T,20260523-062735,49.0,47,1500.12,369.62000000000006,1500.12,369.62,72.0,4.79,1498.64,365.54,4.340138246646035,matched,1
annealing_T=75_h=5,v,20260524-053913,49.0,47,1500.37,370.13,1500.37,370.13,73.0,4.82,1498.64,365.54,4.905201321046777,matched,1
before_annealing,T,20260516-064844,47.0,47,1498.64,365.54,1498.64,365.54,68.0,4.65,1498.64,365.54,0.0,primary_reference,1
before_annealing,v,20260517-060022,51.0,47,1498.93,369.8,1498.93,369.8,77.0,4.95,1498.64,365.54,4.269859482465424,matched,1
annealing_T=100_h=25,T,20260629-230214,56.0,48,1500.8499999999997,981.21,1500.85,981.21,122.0,6.23,1503.43,978.17,3.987229614657581,matched,1
annealing_T=100_h=5,T,20260613-015321,50.0,48,1501.3100000000002,980.37,1501.31,980.37,125.0,6.31,1503.43,978.17,3.0552250326284867,matched,1
annealing_T=125_h=5,T,20260725-020716,48.0,48,1500.9800000000002,980.75,1500.98,980.75,107.0,5.84,1503.43,978.17,3.5579347942309623,matched,1
annealing_T=125_h=5,v,20260726-091723,49.0,48,1501.21,980.08,1501.21,980.08,117.0,6.1,1503.43,978.17,2.9285662020860026,matched,1
annealing_T=75_h=25,T,20260602-133829,49.0,48,1500.39,981.66,1500.39,981.66,93.0,5.44,1503.43,978.17,4.628358240240252,matched,1
annealing_T=75_h=25,v,20260604-121216,50.0,48,1500.63,981.83,1500.63,981.83,88.0,5.29,1503.43,978.17,4.608210064656379,matched,1
annealing_T=75_h=5,T,20260523-062735,50.0,48,1500.4399999999998,982.02,1500.44,982.02,75.0,4.89,1503.43,978.17,4.874689733716556,matched,1
annealing_T=75_h=5,v,20260524-053913,50.0,48,1501.13,982.31,1501.13,982.31,78.0,4.98,1503.43,978.17,4.735989864853986,matched,1
before_annealing,T,20260516-064844,48.0,48,1503.43,978.17,1503.43,978.17,88.0,5.29,1503.43,978.17,0.0,primary_reference,1
before_annealing,v,20260517-060022,52.0,48,1499.66,981.76,1499.66,981.76,96.0,5.53,1503.43,978.17,5.205862080385927,matched,1
annealing_T=100_h=5,T,20260613-015321,51.0,49,1508.03,232.66,1508.03,232.66,50.0,3.99,1506.19,229.87,3.342110111890339,matched,1
annealing_T=75_h=25,T,20260602-133829,50.0,49,1508.16,234.04,1508.16,234.04,112.0,5.97,1506.19,229.87,4.611919340144622,matched,1
annealing_T=75_h=25,v,20260604-121216,51.0,49,1508.97,234.42,1508.97,234.42,95.0,5.5,1506.19,229.87,5.332063390470869,matched,1
annealing_T=75_h=5,T,20260523-062735,51.0,49,1508.58,234.08,1508.58,234.08,83.0,5.14,1506.19,229.87,4.841094917474709,matched,1
annealing_T=75_h=5,v,20260524-053913,51.0,49,1508.34,234.34,1508.34,234.34,99.0,5.61,1506.19,229.87,4.960181448293944,matched,1
before_annealing,T,20260516-064844,49.0,49,1506.1899999999998,229.87,1506.19,229.87,104.0,5.75,1506.19,229.87,0.0,primary_reference,1
before_annealing,v,20260517-060022,53.0,49,1506.53,233.93,1506.53,233.93,99.0,5.61,1506.19,229.87,4.07421158017106,matched,1
annealing_T=75_h=25,T,20260602-133829,52.0,50,1557.43,614.09,1557.43,614.09,46.0,3.83,1558.35,609.07,5.103606567908574,matched,1
annealing_T=75_h=25,v,20260604-121216,53.0,50,1557.69,613.71,1557.69,613.71,57.0,4.26,1558.35,609.07,4.686704599182637,matched,1
annealing_T=75_h=5,T,20260523-062735,52.0,50,1558.5999999999997,613.8,1558.6,613.8,50.0,3.99,1558.35,609.07,4.736602157665238,matched,1
annealing_T=75_h=5,v,20260524-053913,52.0,50,1558.03,614.7,1558.03,614.7,65.0,4.55,1558.35,609.07,5.639086805503166,matched,1
before_annealing,T,20260516-064844,50.0,50,1558.3499999999997,609.07,1558.35,609.07,65.0,4.55,1558.35,609.07,0.0,primary_reference,1
before_annealing,v,20260517-060022,54.0,50,1556.56,613.72,1556.56,613.72,60.0,4.37,1558.35,609.07,4.982629827711432,matched,1
annealing_T=100_h=25,T,20260629-230214,58.0,51,1587.54,282.06,1587.54,282.06,35.0,3.34,1587.59,278.57,3.49035814781235,matched,1
annealing_T=125_h=25,T,20260902-011233,40.0,51,1588.93,279.75,1588.93,279.75,30.0,3.09,1587.59,278.57,1.7854971296533653,matched,1
annealing_T=125_h=25,v,20260903-002446,42.0,51,1587.25,279.13,1587.25,279.13,31.0,3.14,1587.59,278.57,0.6551335741663274,matched,1
annealing_T=125_h=5,v,20260726-091723,51.0,51,1589.29,281.95,1589.29,281.95,50.0,3.99,1587.59,278.57,3.783437590340314,matched,1
annealing_T=75_h=25,T,20260602-133829,54.0,51,1588.66,282.34,1588.66,282.34,67.0,4.62,1587.59,278.57,3.9189029077026407,matched,1
annealing_T=75_h=25,v,20260604-121216,54.0,51,1589.93,283.2,1589.93,283.2,63.0,4.48,1587.59,278.57,5.187725898695944,matched,1
annealing_T=75_h=5,T,20260523-062735,53.0,51,1589.2300000000002,283.29,1589.23,283.29,72.0,4.79,1587.59,278.57,4.996798975344248,matched,1
annealing_T=75_h=5,v,20260524-053913,53.0,51,1590.23,282.94,1590.23,282.94,81.0,5.08,1587.59,278.57,5.1055362108206195,matched,1
before_annealing,T,20260516-064844,51.0,51,1587.59,278.57,1587.59,278.57,88.0,5.29,1587.59,278.57,0.0,primary_reference,1
before_annealing,v,20260517-060022,55.0,51,1587.91,283.54,1587.91,283.54,86.0,5.23,1587.59,278.57,4.9802911561474374,matched,1
annealing_T=100_h=25,T,20260629-230214,59.0,52,1630.78,90.31,1630.78,90.31,212.0,8.21,1628.53,86.35,4.5545691343968056,matched,1
annealing_T=100_h=5,T,20260613-015321,52.0,52,1631.0,89.37,1631.0,89.37,185.0,7.67,1628.53,86.35,3.901448448973816,matched,1
annealing_T=125_h=25,T,20260902-011233,43.0,52,1631.58,87.89,1631.58,87.89,137.0,6.6,1628.53,86.35,3.4167382106330217,matched,1
annealing_T=125_h=25,v,20260903-002446,45.0,52,1629.94,86.81,1629.94,86.81,149.0,6.89,1628.53,86.35,1.4831385639919954,matched,1
annealing_T=75_h=25,T,20260602-133829,55.0,52,1630.96,91.15000000000002,1630.96,91.15,69.0,4.69,1628.53,86.35,5.38004646820086,matched,1
annealing_T=75_h=25,v,20260604-121216,55.0,52,1631.7,91.09,1631.7,91.09,70.0,4.72,1628.53,86.35,5.702324087598016,matched,1
annealing_T=75_h=5,T,20260523-062735,54.0,52,1631.3,91.01,1631.3,91.01,65.0,4.55,1628.53,86.35,5.421116121242931,matched,1
annealing_T=75_h=5,v,20260524-053913,54.0,52,1632.56,91.33,1632.56,91.33,49.0,3.95,1628.53,86.35,6.406348413878207,matched,1
before_annealing,T,20260516-064844,52.0,52,1628.53,86.34999999999998,1628.53,86.35,52.0,4.07,1628.53,86.35,0.0,primary_reference,1
before_annealing,v,20260517-060022,56.0,52,1629.72,90.99,1629.72,90.99,76.0,4.92,1628.53,86.35,4.7901670117022155,matched,1
annealing_T=100_h=25,T,20260629-230214,60.0,53,1682.96,918.73,1682.96,918.73,306.0,9.87,1685.63,913.87,5.54513300111012,matched,1
annealing_T=100_h=5,T,20260613-015321,53.0,53,1683.6500000000003,917.32,1683.65,917.32,377.0,10.95,1685.63,913.87,3.9778008999948056,matched,1
annealing_T=125_h=25,T,20260902-011233,44.0,53,1685.2300000000002,915.94,1685.23,915.94,98.0,5.59,1685.63,913.87,2.108293148497167,matched,1
annealing_T=125_h=25,v,20260903-002446,46.0,53,1684.96,915.09,1684.96,915.09,188.0,7.74,1685.63,913.87,1.3918692467326679,matched,1
annealing_T=125_h=5,T,20260725-020716,52.0,53,1683.2300000000002,918.19,1683.23,918.19,191.0,7.8,1685.63,913.87,4.941902467673738,matched,1
annealing_T=125_h=5,v,20260726-091723,52.0,53,1683.56,917.55,1683.56,917.55,190.0,7.78,1685.63,913.87,4.222238742657775,matched,1
annealing_T=150_h=25,T,20260919-004123,32.0,53,1684.26,916.61,1684.26,916.61,60.0,4.37,1685.63,913.87,3.063413129174773,matched,1
annealing_T=150_h=25,v,20260919-235322,31.0,53,1682.07,920.08,1682.07,920.08,67.0,4.62,1685.63,913.87,7.1580514108241555,matched,1
annealing_T=150_h=5,T,20260912-010115,40.0,53,1685.9000000000003,913.94,1685.9,913.94,104.0,5.75,1685.63,913.87,0.2789265136198421,matched,1
annealing_T=150_h=5,v,20260913-001359,39.0,53,1683.53,916.97,1683.53,916.97,115.0,6.05,1685.63,913.87,3.7443290453699065,matched,1
annealing_T=75_h=25,T,20260602-133829,57.0,53,1682.99,919.15,1682.99,919.15,187.0,7.72,1685.63,913.87,5.903219460599465,matched,1
annealing_T=75_h=25,v,20260604-121216,57.0,53,1683.16,919.63,1683.16,919.63,188.0,7.74,1685.63,913.87,6.267256177945819,matched,1
annealing_T=75_h=5,T,20260523-062735,55.0,53,1683.54,919.02,1683.54,919.02,207.0,8.12,1685.63,913.87,5.557931269816169,matched,1
annealing_T=75_h=5,v,20260524-053913,56.0,53,1684.1,919.48,1684.1,919.48,201.0,8.0,1685.63,913.87,5.814894668005669,matched,1
before_annealing,T,20260516-064844,53.0,53,1685.63,913.87,1685.63,913.87,246.0,8.85,1685.63,913.87,0.0,primary_reference,1
before_annealing,v,20260517-060022,58.0,53,1682.13,919.01,1682.13,919.01,229.0,8.54,1685.63,913.87,6.218488562343736,matched,1
annealing_T=100_h=25,T,20260629-230214,61.0,54,1709.16,451.32,1709.16,451.32,71.0,4.75,1709.11,446.55,4.770262047309335,matched,1
annealing_T=100_h=5,T,20260613-015321,54.0,54,1709.54,450.82,1709.54,450.82,79.0,5.01,1709.11,446.55,4.291596439554854,matched,1
annealing_T=125_h=5,T,20260725-020716,53.0,54,1709.5199999999998,451.79,1709.52,451.79,47.0,3.87,1709.11,446.55,5.256015601194499,matched,1
annealing_T=75_h=25,T,20260602-133829,58.0,54,1709.45,452.44,1709.45,452.44,79.0,5.01,1709.11,446.55,5.899805081525994,matched,1
annealing_T=75_h=25,v,20260604-121216,58.0,54,1709.5,453.08,1709.5,453.08,82.0,5.11,1709.11,446.55,6.5416358810315725,matched,1
annealing_T=75_h=5,T,20260523-062735,56.0,54,1709.75,452.71,1709.75,452.71,34.0,3.29,1709.11,446.55,6.193157514547788,matched,1
before_annealing,T,20260516-064844,54.0,54,1709.11,446.55,1709.11,446.55,58.0,4.3,1709.11,446.55,0.0,primary_reference,1
before_annealing,v,20260517-060022,59.0,54,1708.66,451.78,1708.66,451.78,38.0,3.48,1709.11,446.55,5.249323765972092,matched,1
annealing_T=100_h=5,T,20260613-015321,55.0,55,1712.54,377.52,1712.54,377.52,123.0,6.26,1711.52,373.64,4.01183249899593,matched,1
annealing_T=75_h=25,T,20260602-133829,59.0,55,1712.4000000000003,379.27,1712.4,379.27,123.0,6.26,1711.52,373.64,5.698359413024115,matched,1
annealing_T=75_h=25,v,20260604-121216,59.0,55,1712.99,379.52,1712.99,379.52,115.0,6.05,1711.52,373.64,6.060965269657963,matched,1
annealing_T=75_h=5,T,20260523-062735,57.0,55,1712.57,379.27,1712.57,379.27,137.0,6.6,1711.52,373.64,5.727076042798791,matched,1
annealing_T=75_h=5,v,20260524-053913,57.0,55,1712.81,379.4,1712.81,379.4,164.0,7.23,1711.52,373.64,5.9026858293491955,matched,1
before_annealing,T,20260516-064844,55.0,55,1711.5199999999998,373.64000000000004,1711.52,373.64,165.0,7.25,1711.52,373.64,0.0,primary_reference,1
before_annealing,v,20260517-060022,60.0,55,1710.94,378.73,1710.94,378.73,162.0,7.18,1711.52,373.64,5.122938609821539,matched,1
annealing_T=100_h=5,T,20260613-015321,57.0,56,1756.0999999999997,206.05000000000004,1756.1,206.05,143.0,6.75,1753.66,201.94,4.7797175648774886,matched,1
annealing_T=75_h=25,T,20260602-133829,60.0,56,1756.42,207.69999999999996,1756.42,207.7,133.0,6.51,1753.66,201.94,6.387112023442169,matched,1
annealing_T=75_h=25,v,20260604-121216,60.0,56,1756.58,208.02,1756.58,208.02,132.0,6.48,1753.66,201.94,6.744835060992911,matched,1
annealing_T=75_h=5,T,20260523-062735,58.0,56,1756.3499999999997,207.63,1756.35,207.63,129.0,6.41,1753.66,201.94,6.293822368004822,matched,1
annealing_T=75_h=5,v,20260524-053913,58.0,56,1756.62,207.84,1756.62,207.84,156.0,7.05,1753.66,201.94,6.600878729381334,matched,1
before_annealing,T,20260516-064844,56.0,56,1753.66,201.93999999999997,1753.66,201.94,143.0,6.75,1753.66,201.94,0.0,primary_reference,1
before_annealing,v,20260517-060022,61.0,56,1754.68,207.45,1754.68,207.45,162.0,7.18,1753.66,201.94,5.603614904684284,matched,1
before_annealing,T,20260516-064844,57.0,57,1811.5,646.29,1811.5,646.29,92.0,5.41,1811.5,646.29,0.0,primary_reference,1
annealing_T=100_h=25,T,20260629-230214,63.0,58,1815.6500000000003,139.05,1815.65,139.05,135.0,6.56,1813.22,133.49,6.067824980996192,matched,1
annealing_T=100_h=5,T,20260613-015321,58.0,58,1815.6899999999998,138.08,1815.69,138.08,180.0,7.57,1813.22,133.49,5.212389087548918,matched,1
annealing_T=125_h=5,T,20260725-020716,55.0,58,1816.07,138.64,1816.07,138.64,141.0,6.7,1813.22,133.49,5.886000339789257,matched,1
annealing_T=125_h=5,v,20260726-091723,54.0,58,1816.36,137.96,1816.36,137.96,138.0,6.63,1813.22,133.49,5.4626458790589005,matched,1
annealing_T=75_h=25,T,20260602-133829,61.0,58,1816.38,139.92,1816.38,139.92,141.0,6.7,1813.22,133.49,7.164530689445069,matched,1
annealing_T=75_h=25,v,20260604-121216,61.0,58,1816.71,140.4,1816.71,140.4,160.0,7.14,1813.22,133.49,7.741330634974844,matched,1
annealing_T=75_h=5,T,20260523-062735,60.0,58,1816.5999999999997,139.52,1816.6,139.52,156.0,7.05,1813.22,133.49,6.912691227011205,matched,1
annealing_T=75_h=5,v,20260524-053913,59.0,58,1816.56,140.04,1816.56,140.04,152.0,6.96,1813.22,133.49,7.352421369861716,matched,1
before_annealing,T,20260516-064844,58.0,58,1813.22,133.49,1813.22,133.49,147.0,6.84,1813.22,133.49,0.0,primary_reference,1
before_annealing,v,20260517-060022,62.0,58,1814.44,139.58,1814.44,139.58,169.0,7.33,1813.22,133.49,6.210998309450753,matched,1
annealing_T=100_h=25,T,20260629-230214,64.0,59,1817.54,992.63,1817.54,992.63,81.0,5.08,1820.96,987.39,6.257315718421166,matched,1
annealing_T=100_h=5,T,20260613-015321,59.0,59,1818.9399999999998,991.64,1818.94,991.64,197.0,7.92,1820.96,987.39,4.705624294395043,matched,1
annealing_T=75_h=25,T,20260602-133829,62.0,59,1817.71,993.52,1817.71,993.52,429.0,11.69,1820.96,987.39,6.938256265085626,matched,1
annealing_T=75_h=25,v,20260604-121216,62.0,59,1818.06,994.03,1818.06,994.03,455.0,12.03,1820.96,987.39,7.245660770419793,matched,1
annealing_T=75_h=5,v,20260524-053913,60.0,59,1818.75,993.69,1818.75,993.69,381.0,11.01,1820.96,987.39,6.67638375170279,matched,1
before_annealing,T,20260516-064844,59.0,59,1820.96,987.39,1820.96,987.39,349.0,10.54,1820.96,987.39,0.0,primary_reference,1
before_annealing,v,20260517-060022,63.0,59,1816.91,993.28,1816.91,993.28,362.0,10.73,1820.96,987.39,7.148048684781006,matched,1
annealing_T=100_h=25,T,20260629-230214,65.0,60,1833.75,277.17,1833.75,277.17,223.0,8.43,1832.27,271.51,5.850299137651026,matched,1
annealing_T=100_h=5,T,20260613-015321,60.0,60,1833.9399999999998,275.92,1833.94,275.92,201.0,8.0,1832.27,271.51,4.715612367444943,matched,1
annealing_T=125_h=25,T,20260902-011233,48.0,60,1834.61,275.0,1834.61,275.0,187.0,7.72,1832.27,271.51,4.201868631930284,matched,1
annealing_T=125_h=25,v,20260903-002446,50.0,60,1833.69,273.22,1833.69,273.22,169.0,7.33,1832.27,271.51,2.22272355456101,matched,1
annealing_T=125_h=5,T,20260725-020716,57.0,60,1834.14,276.3,1834.14,276.3,201.0,8.0,1832.27,271.51,5.142081290683826,matched,1
annealing_T=125_h=5,v,20260726-091723,56.0,60,1833.98,275.89,1833.98,275.89,198.0,7.94,1832.27,271.51,4.701967673219381,matched,1
annealing_T=150_h=25,T,20260919-004123,33.0,60,1834.47,275.01,1834.47,275.01,78.0,4.98,1832.27,271.51,4.1340053217189014,matched,1
annealing_T=150_h=25,v,20260919-235322,32.0,60,1834.65,278.71,1834.65,278.71,83.0,5.14,1832.27,271.51,7.583165565909817,matched,1
annealing_T=150_h=5,T,20260912-010115,42.0,60,1833.01,272.2,1833.01,272.2,293.0,9.66,1832.27,271.51,1.0117806086301566,matched,1
annealing_T=150_h=5,v,20260913-001359,41.0,60,1833.72,275.89,1833.72,275.89,298.0,9.74,1832.27,271.51,4.613772859602008,matched,1
annealing_T=75_h=25,T,20260602-133829,63.0,60,1834.21,277.89,1834.21,277.89,199.0,7.96,1832.27,271.51,6.668433099312023,matched,1
annealing_T=75_h=25,v,20260604-121216,63.0,60,1834.62,278.38,1834.62,278.38,293.0,9.66,1832.27,271.51,7.260812626696796,matched,1
annealing_T=75_h=5,T,20260523-062735,61.0,60,1834.36,277.7,1834.36,277.7,268.0,9.24,1832.27,271.51,6.533314625823528,matched,1
annealing_T=75_h=5,v,20260524-053913,61.0,60,1834.63,278.15,1834.63,278.15,273.0,9.32,1832.27,271.51,7.046928408888544,matched,1
before_annealing,T,20260516-064844,60.0,60,1832.2699999999998,271.51,1832.27,271.51,299.0,9.76,1832.27,271.51,0.0,primary_reference,1
before_annealing,v,20260517-060022,64.0,60,1832.49,277.64,1832.49,277.64,295.0,9.69,1832.27,271.51,6.133946527318278,matched,1
annealing_T=100_h=25,T,20260629-230214,66.0,61,1839.7300000000002,816.63,1839.73,816.63,90.0,5.35,1841.56,811.07,5.853417805009164,matched,1
annealing_T=100_h=5,T,20260613-015321,61.0,61,1840.2,815.5,1840.2,815.5,148.0,6.86,1841.56,811.07,4.634058696218606,matched,1
annealing_T=125_h=25,T,20260902-011233,49.0,61,1841.25,813.9500000000002,1841.25,813.95,88.0,5.29,1841.56,811.07,2.896635979891259,matched,1
annealing_T=125_h=25,v,20260903-002446,51.0,61,1841.29,812.51,1841.29,812.51,54.0,4.15,1841.56,811.07,1.4650938536489122,matched,1
annealing_T=125_h=5,T,20260725-020716,58.0,61,1839.92,816.86,1839.92,816.86,49.0,3.95,1841.56,811.07,6.017781983422061,matched,1
annealing_T=125_h=5,v,20260726-091723,57.0,61,1839.66,815.74,1839.66,815.74,49.0,3.95,1841.56,811.07,5.0417159777201945,matched,1
annealing_T=150_h=5,T,20260912-010115,43.0,61,1841.9000000000003,811.39,1841.9,811.39,77.0,4.95,1841.56,811.07,0.466904701197378,matched,1
annealing_T=150_h=5,v,20260913-001359,42.0,61,1840.47,815.23,1840.47,815.23,96.0,5.53,1841.56,811.07,4.300430211036979,matched,1
annealing_T=75_h=25,T,20260602-133829,64.0,61,1839.93,817.63,1839.93,817.63,146.0,6.82,1841.56,811.07,6.759474831671385,matched,1
annealing_T=75_h=25,v,20260604-121216,64.0,61,1840.08,818.11,1840.08,818.11,164.0,7.23,1841.56,811.07,7.193886293235357,matched,1
annealing_T=75_h=5,T,20260523-062735,62.0,61,1840.14,817.16,1840.14,817.16,143.0,6.75,1841.56,811.07,6.2533590973171025,matched,1
annealing_T=75_h=5,v,20260524-053913,62.0,61,1840.7,817.57,1840.7,817.57,150.0,6.91,1841.56,811.07,6.556645483782071,matched,1
before_annealing,T,20260516-064844,61.0,61,1841.5600000000002,811.07,1841.56,811.07,215.0,8.27,1841.56,811.07,0.0,primary_reference,1
before_annealing,v,20260517-060022,65.0,61,1838.55,817.22,1838.55,817.22,224.0,8.44,1841.56,811.07,6.84708697184428,matched,1
annealing_T=100_h=5,T,20260613-015321,2.0,62,118.41000000000001,99.55,118.41,99.55,30.0,3.09,118.21,98.99,0.5946427498927481,matched,1
before_annealing,v,20260517-060022,3.0,62,118.21,98.99,118.21,98.99,38.0,3.48,118.21,98.99,,new,0
annealing_T=100_h=25,T,20260629-230214,16.0,63,452.08,609.35,452.08,609.35,1050.0,18.28,450.89,609.98,1.34647688431699,matched,1
annealing_T=125_h=25,T,20260902-011233,13.0,63,453.55,609.61,453.55,609.61,1030.0,18.11,450.89,609.98,2.6856098003991824,matched,1
annealing_T=125_h=5,T,20260725-020716,15.0,63,452.33,608.61,452.33,608.61,1174.0,19.33,450.89,609.98,1.9875864761061357,matched,1
annealing_T=125_h=5,v,20260726-091723,13.0,63,452.53,608.01,452.53,608.01,989.0,17.74,450.89,609.98,2.563298656028997,matched,1
annealing_T=150_h=25,T,20260919-004123,7.0,63,452.94,608.86,452.94,608.86,176.0,7.48,450.89,609.98,2.336000856164239,matched,1
annealing_T=150_h=25,v,20260919-235322,7.0,63,452.25,607.11,452.25,607.11,170.0,7.36,450.89,609.98,3.17592506208822,matched,1
annealing_T=150_h=5,T,20260912-010115,8.0,63,453.10999999999996,611.5,453.11,611.5,249.0,8.9,450.89,609.98,2.690501811930223,matched,1
annealing_T=150_h=5,v,20260913-001359,7.0,63,452.57,609.04,452.57,609.04,216.0,8.29,450.89,609.98,1.925097400133335,matched,1
before_annealing,v,20260517-060022,17.0,63,450.89,609.98,450.89,609.98,1488.0,21.76,450.89,609.98,,new,0
annealing_T=100_h=25,T,20260629-230214,19.0,64,463.51,404.45,463.51,404.45,60.0,4.37,462.5,405.15,1.2288612614937318,matched,1
annealing_T=150_h=25,T,20260919-004123,8.0,64,464.85999999999996,403.6499999999999,464.86,403.65,62.0,4.44,462.5,405.15,2.796354770053322,matched,1
annealing_T=75_h=5,T,20260523-062735,18.0,64,464.27,404.0,464.27,404.0,203.0,8.04,462.5,405.15,2.1107818456675913,matched,1
before_annealing,v,20260517-060022,20.0,64,462.5,405.15,462.5,405.15,123.0,6.26,462.5,405.15,,new,0
annealing_T=100_h=5,T,20260613-015321,18.0,65,503.59,521.37,503.59,521.37,416.0,11.51,502.18,522.13,1.601780259586157,matched,1
annealing_T=125_h=25,T,20260902-011233,16.0,65,504.37999999999994,521.69,504.38,521.69,394.0,11.2,502.18,522.13,2.243568585980747,matched,1
annealing_T=125_h=25,v,20260903-002446,17.0,65,503.62,522.33,503.62,522.33,333.0,10.3,502.18,522.13,1.453822547630904,matched,1
annealing_T=125_h=5,T,20260725-020716,17.0,65,503.5,520.84,503.5,520.84,469.0,12.22,502.18,522.13,1.8456706098326126,matched,1
annealing_T=125_h=5,v,20260726-091723,17.0,65,503.41,520.27,503.41,520.27,319.0,10.08,502.18,522.13,2.229910312097797,matched,1
annealing_T=150_h=25,T,20260919-004123,9.0,65,503.96,520.43,503.96,520.43,88.0,5.29,502.18,522.13,2.461381725779254,matched,1
annealing_T=150_h=25,v,20260919-235322,9.0,65,503.09,519.28,503.09,519.28,90.0,5.35,502.18,522.13,2.9917553375903037,matched,1
annealing_T=150_h=5,T,20260912-010115,11.0,65,503.82,523.15,503.82,523.15,312.0,9.97,502.18,522.13,1.9313207915827755,matched,1
annealing_T=150_h=5,v,20260913-001359,10.0,65,503.65,521.45,503.65,521.45,301.0,9.79,502.18,522.13,1.6196604582442102,matched,1
annealing_T=75_h=25,T,20260602-133829,18.0,65,503.46,521.05,503.46,521.05,451.0,11.98,502.18,522.13,1.6747537132366712,matched,1
annealing_T=75_h=25,v,20260604-121216,18.0,65,503.83,521.46,503.83,521.46,503.0,12.65,502.18,522.13,1.780842497246702,matched,1
annealing_T=75_h=5,T,20260523-062735,21.0,65,503.75,521.81,503.75,521.81,514.0,12.79,502.18,522.13,1.6022796260328627,matched,1
annealing_T=75_h=5,v,20260524-053913,19.0,65,503.98,522.23,503.98,522.23,513.0,12.78,502.18,522.13,1.8027756377320072,matched,1
before_annealing,v,20260517-060022,23.0,65,502.18,522.13,502.18,522.13,1121.0,18.89,502.18,522.13,,new,0
annealing_T=75_h=25,v,20260604-121216,19.0,66,591.06,233.28,591.06,233.28,46.0,3.83,589.1,234.5,2.308679276122973,matched,1
annealing_T=75_h=5,T,20260523-062735,22.0,66,590.52,234.72,590.52,234.72,54.0,4.15,589.1,234.5,1.436941195734844,matched,1
annealing_T=75_h=5,v,20260524-053913,20.0,66,591.26,234.51,591.26,234.51,68.0,4.65,589.1,234.5,2.1600231480240812,matched,1
before_annealing,v,20260517-060022,24.0,66,589.1,234.5,589.1,234.5,35.0,3.34,589.1,234.5,,new,0
annealing_T=100_h=25,T,20260629-230214,36.0,67,984.2000000000002,927.79,984.2,927.79,99.0,5.61,982.63,929.17,2.090287061625867,matched,1
annealing_T=100_h=5,T,20260613-015321,34.0,67,983.9900000000001,927.38,983.99,927.38,47.0,3.87,982.63,929.17,2.248043593883405,matched,1
annealing_T=75_h=25,T,20260602-133829,32.0,67,983.82,928.38,983.82,928.38,47.0,3.87,982.63,929.17,1.4283556979968512,matched,1
annealing_T=75_h=25,v,20260604-121216,33.0,67,983.91,928.19,983.91,928.19,33.0,3.24,982.63,929.17,1.6120794025108511,matched,1
annealing_T=75_h=5,T,20260523-062735,35.0,67,983.87,928.54,983.87,928.54,45.0,3.78,982.63,929.17,1.3908630414242866,matched,1
annealing_T=75_h=5,v,20260524-053913,34.0,67,984.71,929.09,984.71,929.09,48.0,3.91,982.63,929.17,2.081537893001268,matched,1
before_annealing,v,20260517-060022,37.0,67,982.63,929.17,982.63,929.17,40.0,3.57,982.63,929.17,,new,0
annealing_T=100_h=25,T,20260629-230214,45.0,68,1201.94,203.42,1201.94,203.42,52.0,4.07,1200.84,203.86,1.1847362575697273,matched,1
annealing_T=125_h=25,T,20260902-011233,31.0,68,1202.62,201.25,1202.62,201.25,30.0,3.09,1200.84,203.86,3.159192934912329,matched,1
annealing_T=125_h=25,v,20260903-002446,32.0,68,1201.78,202.06,1201.78,202.06,36.0,3.39,1200.84,203.86,2.0306649157357657,matched,1
annealing_T=125_h=5,T,20260725-020716,40.0,68,1202.04,202.38,1202.04,202.38,51.0,4.03,1200.84,203.86,1.9053608582103714,matched,1
annealing_T=125_h=5,v,20260726-091723,41.0,68,1202.5,202.66,1202.5,202.66,49.0,3.95,1200.84,203.86,2.048316381812222,matched,1
annealing_T=75_h=25,T,20260602-133829,40.0,68,1203.15,204.72,1203.15,204.72,44.0,3.74,1200.84,203.86,2.4648935068275817,matched,1
annealing_T=75_h=25,v,20260604-121216,41.0,68,1203.39,203.56,1203.39,203.56,45.0,3.78,1200.84,203.86,2.5675864152937353,matched,1
annealing_T=75_h=5,T,20260523-062735,41.0,68,1202.73,204.43999999999997,1202.73,204.44,38.0,3.48,1200.84,203.86,1.9769926656415109,matched,1
before_annealing,v,20260517-060022,44.0,68,1200.84,203.86,1200.84,203.86,42.0,3.66,1200.84,203.86,,new,0
annealing_T=75_h=25,T,20260602-133829,56.0,69,1641.8,352.78,1641.8,352.78,34.0,3.29,1640.22,352.13,1.7084788555904753,matched,1
annealing_T=75_h=25,v,20260604-121216,56.0,69,1643.05,352.35,1643.05,352.35,44.0,3.74,1640.22,352.13,2.8385383562671125,matched,1
annealing_T=75_h=5,v,20260524-053913,55.0,69,1642.46,351.96,1642.46,351.96,50.0,3.99,1640.22,352.13,2.246441630668388,matched,1
before_annealing,v,20260517-060022,57.0,69,1640.22,352.13,1640.22,352.13,46.0,3.83,1640.22,352.13,,new,0
annealing_T=100_h=5,T,20260613-015321,3.0,70,149.11,605.64,149.11,605.64,410.0,11.42,148.83,605.35,0.4031128874149021,matched,1
annealing_T=125_h=25,v,20260903-002446,1.0,70,149.52,607.4,149.52,607.4,370.0,10.85,148.83,605.35,2.1630071659612713,matched,1
annealing_T=125_h=5,T,20260725-020716,2.0,70,148.74,604.77,148.74,604.77,326.0,10.19,148.83,605.35,0.5869412236332086,matched,1
annealing_T=75_h=5,T,20260523-062735,3.0,70,148.83,605.35,148.83,605.35,102.0,5.7,148.83,605.35,,new,0
annealing_T=75_h=5,v,20260524-053913,3.0,70,149.67,606.25,149.67,606.25,99.0,5.61,148.83,605.35,1.2310970717209577,matched,1
annealing_T=75_h=5,T,20260523-062735,4.0,71,149.96,225.92999999999998,149.96,225.93,189.0,7.76,149.96,225.93,,new,0
annealing_T=75_h=5,v,20260524-053913,4.0,71,150.27,226.61,150.27,226.61,197.0,7.92,149.96,225.93,0.7473285756613424,matched,1
annealing_T=75_h=5,T,20260523-062735,59.0,72,1779.75,616.3,1779.75,616.3,37.0,3.43,1779.75,616.3,,new,0
annealing_T=75_h=5,v,20260524-053913,37.0,73,1108.79,383.87,1108.79,383.87,61.0,4.41,1108.79,383.87,,new,0
annealing_T=100_h=25,T,20260629-230214,29.0,74,791.69,460.92,791.69,460.92,105.0,5.78,791.92,460.46,0.5142956348249414,matched,1
annealing_T=100_h=5,T,20260613-015321,24.0,74,792.02,460.3999999999999,792.02,460.4,166.0,7.27,791.92,460.46,0.11661903789695592,matched,1
annealing_T=125_h=25,T,20260902-011233,21.0,74,792.2000000000002,460.39000000000004,792.2,460.39,62.0,4.44,791.92,460.46,0.2886173937934149,matched,1
annealing_T=125_h=25,v,20260903-002446,22.0,74,791.89,459.69,791.89,459.69,76.0,4.92,791.92,460.46,0.7705841939723201,matched,1
annealing_T=125_h=5,T,20260725-020716,26.0,74,791.7400000000001,460.3999999999999,791.74,460.4,149.0,6.89,791.92,460.46,0.18973665960996614,matched,1
annealing_T=125_h=5,v,20260726-091723,26.0,74,791.81,459.97,791.81,459.97,94.0,5.47,791.92,460.46,0.5021951811795452,matched,1
annealing_T=150_h=25,T,20260919-004123,14.0,74,792.2999999999998,460.5,792.3,460.5,56.0,4.22,791.92,460.46,0.3820994634907406,matched,1
annealing_T=150_h=25,v,20260919-235322,15.0,74,792.23,459.5,792.23,459.5,59.0,4.33,791.92,460.46,1.0088111815399339,matched,1
annealing_T=150_h=5,T,20260912-010115,18.0,74,792.35,460.99,792.35,460.99,81.0,5.08,791.92,460.46,0.6824954212301252,matched,1
annealing_T=150_h=5,v,20260913-001359,18.0,74,791.87,460.78,791.87,460.78,84.0,5.17,791.92,460.46,0.32388269481401916,matched,1
annealing_T=75_h=25,T,20260602-133829,23.0,74,791.92,460.46,791.92,460.46,196.0,7.9,791.92,460.46,,new,0
annealing_T=75_h=25,v,20260604-121216,24.0,74,792.39,461.11,792.39,461.11,219.0,8.35,791.92,460.46,0.8021221852062627,matched,1
annealing_T=100_h=5,T,20260613-015321,37.0,75,1096.46,254.52,1096.46,254.52,44.0,3.74,1097.31,255.23,1.1075197515167918,matched,1
annealing_T=75_h=25,T,20260602-133829,35.0,75,1097.31,255.23,1097.31,255.23,32.0,3.19,1097.31,255.23,,new,0
annealing_T=75_h=25,v,20260604-121216,36.0,75,1097.82,255.82,1097.82,255.82,44.0,3.74,1097.31,255.23,0.7798717843338062,matched,1
annealing_T=100_h=25,T,20260629-230214,43.0,76,1145.53,633.05,1145.53,633.05,102.0,5.7,1145.7,632.82,0.2860069929214683,matched,1
annealing_T=100_h=5,T,20260613-015321,39.0,76,1146.22,632.32,1146.22,632.32,112.0,5.97,1145.7,632.82,0.7213875518748443,matched,1
annealing_T=75_h=25,T,20260602-133829,38.0,76,1145.7,632.82,1145.7,632.82,142.0,6.72,1145.7,632.82,,new,0
annealing_T=75_h=25,v,20260604-121216,39.0,76,1146.31,633.24,1146.31,633.24,156.0,7.05,1145.7,632.82,0.7406078584513154,matched,1
annealing_T=75_h=25,T,20260602-133829,45.0,77,1384.88,429.14000000000004,1384.88,429.14,80.0,5.05,1384.88,429.14,,new,0
annealing_T=75_h=25,v,20260604-121216,46.0,77,1384.67,429.56,1384.67,429.56,90.0,5.35,1384.88,429.14,0.46957427527498635,matched,1
annealing_T=100_h=25,T,20260629-230214,57.0,78,1529.72,487.95,1529.72,487.95,236.0,8.67,1530.19,488.54,0.7543208866258863,matched,1
annealing_T=125_h=25,T,20260902-011233,38.0,78,1531.33,485.32,1531.33,485.32,119.0,6.15,1530.19,488.54,3.415845429758186,matched,1
annealing_T=125_h=25,v,20260903-002446,40.0,78,1530.32,484.93,1530.32,484.93,132.0,6.48,1530.19,488.54,3.612339961852991,matched,1
annealing_T=125_h=5,T,20260725-020716,49.0,78,1530.2699999999998,487.26,1530.27,487.26,193.0,7.84,1530.19,488.54,1.2824975633505227,matched,1
annealing_T=125_h=5,v,20260726-091723,50.0,78,1530.3,486.83,1530.3,486.83,190.0,7.78,1530.19,488.54,1.7135343591536478,matched,1
annealing_T=150_h=25,T,20260919-004123,28.0,78,1530.72,486.17,1530.72,486.17,45.0,3.78,1530.19,488.54,2.428538655241047,matched,1
annealing_T=150_h=25,v,20260919-235322,27.0,78,1530.21,488.35,1530.21,488.35,41.0,3.61,1530.19,488.54,0.19104973174542383,matched,1
annealing_T=150_h=5,T,20260912-010115,34.0,78,1530.0600000000002,484.24,1530.06,484.24,73.0,4.82,1530.19,488.54,4.30196466745138,matched,1
annealing_T=150_h=5,v,20260913-001359,34.0,78,1530.02,486.42,1530.02,486.42,80.0,5.05,1530.19,488.54,2.1268051156605874,matched,1
annealing_T=75_h=25,T,20260602-133829,51.0,78,1530.1899999999998,488.54,1530.19,488.54,272.0,9.3,1530.19,488.54,,new,0
annealing_T=75_h=25,v,20260604-121216,52.0,78,1530.43,489.1,1530.43,489.1,257.0,9.04,1530.19,488.54,0.6092618484691184,matched,1
annealing_T=75_h=25,T,20260602-133829,53.0,79,1585.57,548.25,1585.57,548.25,37.0,3.43,1585.57,548.25,,new,0
annealing_T=100_h=25,T,20260629-230214,25.0,80,713.62,108.48,713.62,108.48,108.0,5.86,713.4,108.75,0.3482814953453741,matched,1
annealing_T=100_h=5,T,20260613-015321,22.0,80,713.4,108.75,713.4,108.75,156.0,7.05,713.4,108.75,,new,0
annealing_T=100_h=5,T,20260613-015321,25.0,81,796.6,317.5,796.6,317.5,101.0,5.67,796.6,317.5,,new,0
annealing_T=100_h=25,T,20260629-230214,51.0,82,1441.49,322.27,1441.49,322.27,36.0,3.39,1442.44,321.69,1.1130588483993413,matched,1
annealing_T=100_h=5,T,20260613-015321,46.0,82,1442.4399999999998,321.69,1442.44,321.69,37.0,3.43,1442.44,321.69,,new,0
annealing_T=100_h=25,T,20260629-230214,53.0,83,1464.87,153.42,1464.87,153.42,116.0,6.08,1465.19,152.51,0.9646242791885857,matched,1
annealing_T=100_h=5,T,20260613-015321,47.0,83,1465.1899999999998,152.51,1465.19,152.51,190.0,7.78,1465.19,152.51,,new,0
annealing_T=125_h=25,T,20260902-011233,36.0,83,1465.66,151.08,1465.66,151.08,96.0,5.53,1465.19,152.51,1.50525745306242,matched,1
annealing_T=125_h=25,v,20260903-002446,38.0,83,1464.48,150.73,1464.48,150.73,116.0,6.08,1465.19,152.51,1.9163767896736945,matched,1
annealing_T=125_h=5,v,20260726-091723,46.0,83,1464.37,152.01,1464.37,152.01,31.0,3.14,1465.19,152.51,0.9604165762835774,matched,1
annealing_T=150_h=25,T,20260919-004123,25.0,83,1465.71,151.29,1465.71,151.29,72.0,4.79,1465.19,152.51,1.3261975720080241,matched,1
annealing_T=150_h=25,v,20260919-235322,24.0,83,1466.35,153.53,1466.35,153.53,78.0,4.98,1465.19,152.51,1.5446682491718677,matched,1
annealing_T=150_h=5,T,20260912-010115,32.0,83,1463.83,150.32,1463.83,150.32,132.0,6.48,1465.19,152.51,2.577925522586007,matched,1
annealing_T=150_h=5,v,20260913-001359,32.0,83,1465.03,152.44,1465.03,152.44,58.0,4.3,1465.19,152.51,0.17464249196580206,matched,1
annealing_T=100_h=25,T,20260629-230214,62.0,84,1744.08,666.09,1744.08,666.09,98.0,5.59,1744.36,665.05,1.0770329614269685,matched,1
annealing_T=100_h=5,T,20260613-015321,56.0,84,1744.36,665.05,1744.36,665.05,119.0,6.15,1744.36,665.05,,new,0
annealing_T=125_h=25,T,20260902-011233,46.0,84,1745.63,663.68,1745.63,663.68,141.0,6.7,1744.36,665.05,1.868100639687419,matched,1
annealing_T=125_h=25,v,20260903-002446,48.0,84,1744.92,662.82,1744.92,662.82,141.0,6.7,1744.36,665.05,2.299239004540365,matched,1
annealing_T=125_h=5,T,20260725-020716,54.0,84,1743.79,665.96,1743.79,665.96,131.0,6.46,1744.36,665.05,1.073778375643725,matched,1
annealing_T=125_h=5,v,20260726-091723,53.0,84,1744.34,665.24,1744.34,665.24,131.0,6.46,1744.36,665.05,0.19104973174548037,matched,1
annealing_T=100_h=25,T,20260629-230214,3.0,85,194.64,135.03,194.64,135.03,267.0,9.22,194.64,135.03,,new,0
annealing_T=125_h=25,T,20260902-011233,1.0,85,195.12,135.82,195.12,135.82,163.0,7.2,194.64,135.03,0.9243916918709324,matched,1
annealing_T=125_h=25,v,20260903-002446,2.0,85,193.85,137.05,193.85,137.05,173.0,7.42,194.64,135.03,2.1689859381748025,matched,1
annealing_T=125_h=5,T,20260725-020716,3.0,85,195.16,134.2,195.16,134.2,222.0,8.41,194.64,135.03,0.9794386147176511,matched,1
annealing_T=125_h=5,v,20260726-091723,2.0,85,195.41,133.55,195.41,133.55,237.0,8.69,194.64,135.03,1.6683225107874033,matched,1
annealing_T=150_h=25,T,20260919-004123,0.0,85,194.9,135.03,194.9,135.03,169.0,7.33,194.64,135.03,0.2600000000000193,matched,1
annealing_T=150_h=25,v,20260919-235322,0.0,85,196.2,132.16,196.2,132.16,182.0,7.61,194.64,135.03,3.2665731279124968,matched,1
annealing_T=150_h=5,T,20260912-010115,1.0,85,193.48,138.46,193.48,138.46,130.0,6.43,194.64,135.03,3.620842443410102,matched,1
annealing_T=150_h=5,v,20260913-001359,1.0,85,194.7,136.0,194.7,136.0,145.0,6.79,194.64,135.03,0.9718538984847456,matched,1
annealing_T=100_h=25,T,20260629-230214,6.0,86,230.69999999999996,250.16,230.7,250.16,85.0,5.2,230.7,250.16,,new,0
annealing_T=100_h=25,T,20260629-230214,8.0,87,258.52,134.94,258.52,134.94,297.0,9.72,258.52,134.94,,new,0
annealing_T=125_h=25,T,20260902-011233,4.0,87,259.18,135.51,259.18,135.51,113.0,6.0,258.52,134.94,0.8720665112249325,matched,1
annealing_T=125_h=25,v,20260903-002446,5.0,87,257.52,136.15,257.52,136.15,147.0,6.84,258.52,134.94,1.569745202254181,matched,1
annealing_T=125_h=5,T,20260725-020716,7.0,87,258.84,134.0,258.84,134.0,248.0,8.88,258.52,134.94,0.9929753269845084,matched,1
annealing_T=125_h=5,v,20260726-091723,5.0,87,259.15,133.56,259.15,133.56,267.0,9.22,258.52,134.94,1.5170036255724577,matched,1
annealing_T=150_h=25,T,20260919-004123,2.0,87,257.53,135.11,257.53,135.11,51.0,4.03,258.52,134.94,1.0044899203078264,matched,1
annealing_T=150_h=25,v,20260919-235322,2.0,87,260.21,132.06,260.21,132.06,45.0,3.78,258.52,134.94,3.339236439667004,matched,1
annealing_T=150_h=5,T,20260912-010115,2.0,87,257.2,137.75,257.2,137.75,122.0,6.23,258.52,134.94,3.1045933711196376,matched,1
annealing_T=150_h=5,v,20260913-001359,2.0,87,258.56,134.54,258.56,134.54,125.0,6.31,258.52,134.94,0.4019950248448433,matched,1
annealing_T=100_h=25,T,20260629-230214,13.0,88,371.29,1003.93,371.29,1003.93,85.0,5.2,371.29,1003.93,,new,0
annealing_T=125_h=5,T,20260725-020716,12.0,88,372.18,1002.17,372.18,1002.17,34.0,3.29,371.29,1003.93,1.972232237846229,matched,1
annealing_T=125_h=5,v,20260726-091723,10.0,88,370.42,1002.26,370.42,1002.26,39.0,3.52,371.29,1003.93,1.8830294740125209,matched,1
annealing_T=150_h=25,T,20260919-004123,5.0,88,373.60999999999996,1003.5099999999999,373.61,1003.51,108.0,5.86,371.29,1003.93,2.3577107541002067,matched,1
annealing_T=150_h=25,v,20260919-235322,5.0,88,370.3,1001.24,370.3,1001.24,95.0,5.5,371.29,1003.93,2.866391459657892,matched,1
annealing_T=150_h=5,T,20260912-010115,6.0,88,375.03,1006.37,375.03,1006.37,37.0,3.43,371.29,1003.93,4.465557076110428,matched,1
annealing_T=100_h=25,T,20260629-230214,22.0,89,562.3,288.42,562.3,288.42,202.0,8.02,562.3,288.42,,new,0
annealing_T=125_h=25,T,20260902-011233,18.0,89,562.57,288.28,562.57,288.28,259.0,9.08,562.3,288.42,0.30413812651501565,matched,1
annealing_T=125_h=25,v,20260903-002446,19.0,89,561.16,288.96,561.16,288.96,266.0,9.2,562.3,288.42,1.2614277624976904,matched,1
annealing_T=125_h=5,T,20260725-020716,18.0,89,562.34,287.71,562.34,287.71,494.0,12.54,562.3,288.42,0.7111258679024817,matched,1
annealing_T=125_h=5,v,20260726-091723,18.0,89,562.34,287.07,562.34,287.07,315.0,10.01,562.3,288.42,1.3505924625882033,matched,1
annealing_T=150_h=25,v,20260919-235322,10.0,89,563.01,286.64,563.01,286.64,33.0,3.24,562.3,288.42,1.916376789673721,matched,1
annealing_T=150_h=5,T,20260912-010115,12.0,89,561.76,289.73,561.76,289.73,191.0,7.8,562.3,288.42,1.4169333082400055,matched,1
annealing_T=150_h=5,v,20260913-001359,12.0,89,562.34,288.32,562.34,288.32,193.0,7.84,562.3,288.42,0.10770329614273991,matched,1
annealing_T=100_h=25,T,20260629-230214,27.0,90,744.94,905.79,744.94,905.79,287.0,9.56,744.94,905.79,,new,0
annealing_T=125_h=5,T,20260725-020716,23.0,90,745.11,905.04,745.11,905.04,269.0,9.25,744.94,905.79,0.7690253571892062,matched,1
annealing_T=125_h=5,v,20260726-091723,23.0,90,745.33,904.37,745.33,904.37,281.0,9.46,744.94,905.79,1.472582765076338,matched,1
annealing_T=150_h=5,T,20260912-010115,16.0,90,747.58,906.29,747.58,906.29,106.0,5.81,744.94,905.79,2.686931335185164,matched,1
annealing_T=150_h=5,v,20260913-001359,16.0,90,745.82,905.1,745.82,905.1,116.0,6.08,744.94,905.79,1.118257573191396,matched,1
annealing_T=100_h=25,T,20260629-230214,28.0,91,788.9,989.4699999999999,788.9,989.47,177.0,7.51,788.9,989.47,,new,0
annealing_T=125_h=5,T,20260725-020716,25.0,91,789.12,988.7000000000002,789.12,988.7,189.0,7.76,788.9,989.47,0.8008120878207377,matched,1
annealing_T=125_h=5,v,20260726-091723,25.0,91,789.19,988.2,789.19,988.2,203.0,8.04,788.9,989.47,1.3026895255585649,matched,1
annealing_T=150_h=25,T,20260919-004123,13.0,91,789.96,988.5,789.96,988.5,54.0,4.15,788.9,989.47,1.4368368035376107,matched,1
annealing_T=150_h=25,v,20260919-235322,14.0,91,787.9,988.58,787.9,988.58,53.0,4.11,788.9,989.47,1.3386933928274898,matched,1
annealing_T=150_h=5,T,20260912-010115,17.0,91,791.9,989.4900000000001,791.9,989.49,160.0,7.14,788.9,989.47,3.000066665925943,matched,1
annealing_T=150_h=5,v,20260913-001359,17.0,91,789.54,988.85,789.54,988.85,163.0,7.2,788.9,989.47,0.891066776397812,matched,1
annealing_T=100_h=25,T,20260629-230214,40.0,92,1093.7,324.55,1093.7,324.55,87.0,5.26,1093.7,324.55,,new,0
annealing_T=125_h=25,T,20260902-011233,29.0,92,1094.93,323.44,1094.93,323.44,92.0,5.41,1093.7,324.55,1.6568041525781119,matched,1
annealing_T=125_h=25,v,20260903-002446,30.0,92,1093.52,323.02,1093.52,323.02,91.0,5.38,1093.7,324.55,1.540551849176169,matched,1
annealing_T=125_h=5,T,20260725-020716,37.0,92,1094.4,323.67,1094.4,323.67,134.0,6.53,1093.7,324.55,1.1244554237496724,matched,1
annealing_T=125_h=5,v,20260726-091723,37.0,92,1094.12,323.18,1094.12,323.18,161.0,7.16,1093.7,324.55,1.43293405291377,matched,1
annealing_T=150_h=5,T,20260912-010115,26.0,92,1093.64,322.88,1093.64,322.88,64.0,4.51,1093.7,324.55,1.6710774967068542,matched,1
annealing_T=150_h=5,v,20260913-001359,28.0,92,1094.06,324.0,1094.06,324.0,95.0,5.5,1093.7,324.55,0.6573431371817465,matched,1
annealing_T=100_h=25,T,20260629-230214,50.0,93,1438.1899999999998,629.43,1438.19,629.43,44.0,3.74,1438.19,629.43,,new,0
annealing_T=150_h=25,T,20260919-004123,24.0,93,1439.51,627.57,1439.51,627.57,136.0,6.58,1438.19,629.43,2.2807893370496672,matched,1
annealing_T=100_h=25,T,20260629-230214,54.0,94,1482.38,788.35,1482.38,788.35,64.0,4.51,1482.38,788.35,,new,0
annealing_T=125_h=25,T,20260902-011233,37.0,94,1484.3,786.17,1484.3,786.17,43.0,3.7,1482.38,788.35,2.904961273407906,matched,1
annealing_T=125_h=25,v,20260903-002446,39.0,94,1483.88,785.59,1483.88,785.59,48.0,3.91,1482.38,788.35,3.141273627050014,matched,1
annealing_T=125_h=5,T,20260725-020716,47.0,94,1482.7,788.18,1482.7,788.18,48.0,3.91,1482.38,788.35,0.3623534186398467,matched,1
annealing_T=125_h=5,v,20260726-091723,48.0,94,1482.43,787.85,1482.43,787.85,69.0,4.69,1482.38,788.35,0.50249378105604,matched,1
annealing_T=150_h=25,T,20260919-004123,27.0,94,1483.63,786.46,1483.63,786.46,111.0,5.94,1482.38,788.35,2.2659655778497494,matched,1
annealing_T=150_h=25,v,20260919-235322,26.0,94,1482.06,788.75,1482.06,788.75,102.0,5.7,1482.38,788.35,0.5122499389947124,matched,1
annealing_T=150_h=5,T,20260912-010115,33.0,94,1484.38,785.27,1484.38,785.27,31.0,3.14,1482.38,788.35,3.6723834222477714,matched,1
annealing_T=150_h=5,v,20260913-001359,33.0,94,1483.2,787.02,1483.2,787.02,42.0,3.66,1482.38,788.35,1.5624659996300734,matched,1
annealing_T=125_h=5,T,20260725-020716,19.0,95,667.76,232.43999999999997,667.76,232.44,73.0,4.82,667.76,232.44,,new,0
annealing_T=125_h=5,v,20260726-091723,19.0,95,668.42,231.96,668.42,231.96,85.0,5.2,667.76,232.44,0.8160882305240948,matched,1
annealing_T=125_h=5,T,20260725-020716,24.0,96,747.43,87.76,747.43,87.76,82.0,5.11,747.43,87.76,,new,0
annealing_T=125_h=5,v,20260726-091723,24.0,96,747.79,86.96,747.79,86.96,64.0,4.51,747.43,87.76,0.8772684879784683,matched,1
annealing_T=125_h=5,T,20260725-020716,27.0,97,811.13,736.44,811.13,736.44,77.0,4.95,811.13,736.44,,new,0
annealing_T=125_h=5,v,20260726-091723,27.0,97,810.92,735.32,810.92,735.32,77.0,4.95,811.13,736.44,1.1395174417269907,matched,1
annealing_T=125_h=25,T,20260902-011233,24.0,98,930.68,207.52,930.68,207.52,51.0,4.03,929.99,208.16,0.9411163583744047,matched,1
annealing_T=125_h=25,v,20260903-002446,25.0,98,929.0,208.4,929.0,208.4,51.0,4.03,929.99,208.16,1.0186756107809898,matched,1
annealing_T=125_h=5,T,20260725-020716,33.0,98,929.9900000000001,208.16,929.99,208.16,69.0,4.69,929.99,208.16,,new,0
annealing_T=125_h=5,v,20260726-091723,33.0,98,929.94,206.68,929.94,206.68,76.0,4.92,929.99,208.16,1.4808443537387599,matched,1
annealing_T=150_h=5,T,20260912-010115,22.0,98,928.88,207.71,928.88,207.71,100.0,5.64,929.99,208.16,1.1977478866606361,matched,1
annealing_T=150_h=5,v,20260913-001359,23.0,98,929.34,208.43,929.34,208.43,99.0,5.61,929.99,208.16,0.7038465741906939,matched,1
annealing_T=125_h=5,T,20260725-020716,45.0,99,1454.5999999999997,498.83,1454.6,498.83,33.0,3.24,1454.6,498.83,,new,0
annealing_T=125_h=5,v,20260726-091723,45.0,99,1453.59,497.59,1453.59,497.59,47.0,3.87,1454.6,498.83,1.5992810884894513,matched,1
annealing_T=125_h=25,T,20260902-011233,39.0,100,1564.4399999999998,885.81,1564.44,885.81,71.0,4.75,1562.36,887.48,2.6674519677025,matched,1
annealing_T=125_h=25,v,20260903-002446,41.0,100,1565.37,884.9,1565.37,884.9,68.0,4.65,1562.36,887.48,3.9644041166359614,matched,1
annealing_T=125_h=5,T,20260725-020716,50.0,100,1562.36,887.48,1562.36,887.48,171.0,7.38,1562.36,887.48,,new,0
annealing_T=150_h=25,T,20260919-004123,29.0,100,1563.39,886.27,1563.39,886.27,86.0,5.23,1562.36,887.48,1.5890248582072277,matched,1
annealing_T=150_h=25,v,20260919-235322,28.0,100,1562.11,889.56,1562.11,889.56,80.0,5.05,1562.36,887.48,2.0949701668519523,matched,1
annealing_T=150_h=5,T,20260912-010115,35.0,100,1564.8499999999997,884.44,1564.85,884.44,101.0,5.67,1562.36,887.48,3.929592854227864,matched,1
annealing_T=150_h=5,v,20260913-001359,35.0,100,1563.17,886.83,1563.17,886.83,101.0,5.67,1562.36,887.48,1.0385566907974983,matched,1
annealing_T=125_h=25,T,20260902-011233,41.0,101,1604.33,811.27,1604.33,811.27,339.0,10.39,1602.65,812.95,2.375878784786729,matched,1
annealing_T=125_h=25,v,20260903-002446,43.0,101,1603.93,810.31,1603.93,810.31,359.0,10.69,1602.65,812.95,2.9339393313428377,matched,1
annealing_T=125_h=5,T,20260725-020716,51.0,101,1602.6500000000003,812.9500000000002,1602.65,812.95,315.0,10.01,1602.65,812.95,,new,0
annealing_T=150_h=25,T,20260919-004123,30.0,101,1603.7300000000002,811.33,1603.73,811.33,175.0,7.46,1602.65,812.95,1.9469976887506437,matched,1
annealing_T=150_h=25,v,20260919-235322,29.0,101,1602.33,814.35,1602.33,814.35,176.0,7.48,1602.65,812.95,1.4361058456813136,matched,1
annealing_T=150_h=5,T,20260912-010115,37.0,101,1604.5199999999998,809.4,1604.52,809.4,271.0,9.29,1602.65,812.95,4.01240576213314,matched,1
annealing_T=150_h=5,v,20260913-001359,37.0,101,1603.08,812.3,1603.08,812.3,282.0,9.47,1602.65,812.95,0.7793587107359341,matched,1
annealing_T=125_h=25,T,20260902-011233,47.0,102,1824.83,901.88,1824.83,901.88,122.0,6.23,1822.99,904.01,2.814693589007457,matched,1
annealing_T=125_h=25,v,20260903-002446,49.0,102,1824.55,900.59,1824.55,900.59,148.0,6.86,1822.99,904.01,3.7589892258424404,matched,1
annealing_T=125_h=5,T,20260725-020716,56.0,102,1822.99,904.0099999999999,1822.99,904.01,202.0,8.02,1822.99,904.01,,new,0
annealing_T=125_h=5,v,20260726-091723,55.0,102,1823.02,903.52,1823.02,903.52,216.0,8.29,1822.99,904.01,0.4909175083453505,matched,1
annealing_T=125_h=25,T,20260902-011233,12.0,103,412.10999999999996,210.67,412.11,210.67,53.0,4.11,412.11,210.67,,new,0
annealing_T=125_h=25,v,20260903-002446,13.0,103,409.92,210.73,409.92,210.73,51.0,4.03,412.11,210.67,2.19082176363117,matched,1
annealing_T=125_h=25,T,20260902-011233,17.0,104,556.93,914.98,556.93,914.98,58.0,4.3,556.93,914.98,,new,0
annealing_T=125_h=25,v,20260903-002446,18.0,104,557.52,915.48,557.52,915.48,57.0,4.26,556.93,914.98,0.7733692520394365,matched,1
annealing_T=125_h=25,T,20260902-011233,32.0,105,1237.28,901.77,1237.28,901.77,121.0,6.21,1237.28,901.77,,new,0
annealing_T=125_h=25,v,20260903-002446,34.0,105,1237.02,901.26,1237.02,901.26,48.0,3.91,1237.28,901.77,0.5724508712544562,matched,1
annealing_T=150_h=25,v,20260919-235322,22.0,105,1234.08,902.97,1234.08,902.97,41.0,3.61,1237.28,901.77,3.417601498127071,matched,1
annealing_T=150_h=5,T,20260912-010115,27.0,105,1237.35,901.2199999999999,1237.35,901.22,59.0,4.33,1237.28,901.77,0.5544366510252241,matched,1
annealing_T=150_h=5,v,20260913-001359,29.0,105,1235.34,902.19,1235.34,902.19,72.0,4.79,1237.28,901.77,1.9849433241279895,matched,1
annealing_T=125_h=25,T,20260902-011233,34.0,106,1345.67,546.21,1345.67,546.21,137.0,6.6,1345.67,546.21,,new,0
annealing_T=125_h=25,v,20260903-002446,36.0,106,1345.2,545.46,1345.2,545.46,132.0,6.48,1345.67,546.21,0.8850988645343669,matched,1
annealing_T=150_h=25,T,20260919-004123,22.0,106,1345.52,545.72,1345.52,545.72,91.0,5.38,1345.67,546.21,0.5124451190127935,matched,1
annealing_T=150_h=25,v,20260919-235322,23.0,106,1345.5,547.81,1345.5,547.81,80.0,5.05,1345.67,546.21,1.6090059042774623,matched,1
annealing_T=150_h=5,T,20260912-010115,29.0,106,1345.47,545.05,1345.47,545.05,108.0,5.86,1345.67,546.21,1.1771151175650614,matched,1
annealing_T=150_h=5,v,20260913-001359,30.0,106,1345.54,546.63,1345.54,546.63,98.0,5.59,1345.67,546.21,0.43965895873960537,matched,1
annealing_T=125_h=25,T,20260902-011233,42.0,107,1626.26,630.86,1626.26,630.86,148.0,6.86,1626.26,630.86,,new,0
annealing_T=125_h=25,v,20260903-002446,44.0,107,1625.74,629.55,1625.74,629.55,170.0,7.36,1626.26,630.86,1.4094325099131693,matched,1
annealing_T=150_h=25,T,20260919-004123,31.0,107,1625.55,631.5,1625.55,631.5,64.0,4.51,1626.26,630.86,0.9558765610684438,matched,1
annealing_T=150_h=25,v,20260919-235322,30.0,107,1624.41,633.28,1624.41,633.28,63.0,4.48,1626.26,630.86,3.0461286906497342,matched,1
annealing_T=150_h=5,T,20260912-010115,38.0,107,1625.64,629.01,1625.64,629.01,145.0,6.79,1626.26,630.86,1.9511278789459057,matched,1
annealing_T=150_h=5,v,20260913-001359,38.0,107,1625.23,631.77,1625.23,631.77,156.0,7.05,1626.26,630.86,1.374408963882252,matched,1
annealing_T=125_h=25,T,20260902-011233,45.0,108,1689.5,695.9699999999999,1689.5,695.97,85.0,5.2,1689.5,695.97,,new,0
annealing_T=125_h=25,v,20260903-002446,47.0,108,1688.66,694.45,1688.66,694.45,94.0,5.47,1689.5,695.97,1.7366634676873374,matched,1
annealing_T=150_h=5,T,20260912-010115,41.0,108,1689.16,693.9900000000001,1689.16,693.99,139.0,6.65,1689.5,695.97,2.0089798406155217,matched,1
annealing_T=150_h=5,v,20260913-001359,40.0,108,1688.64,696.96,1688.64,696.96,139.0,6.65,1689.5,695.97,1.3113733259449218,matched,1
annealing_T=125_h=25,v,20260903-002446,16.0,109,499.75,414.55,499.75,414.55,40.0,3.57,499.75,414.55,,new,0
annealing_T=150_h=25,T,20260919-004123,10.0,110,653.28,759.58,653.28,759.58,187.0,7.72,654.01,761.34,1.9053870997778888,matched,1
annealing_T=150_h=25,v,20260919-235322,11.0,110,651.96,758.91,651.96,758.91,202.0,8.02,654.01,761.34,3.179213739275817,matched,1
annealing_T=150_h=5,T,20260912-010115,13.0,110,654.01,761.34,654.01,761.34,194.0,7.86,654.01,761.34,,new,0
annealing_T=150_h=5,v,20260913-001359,13.0,110,652.53,760.21,652.53,760.21,218.0,8.33,654.01,761.34,1.8620687420178783,matched,1
annealing_T=150_h=5,T,20260912-010115,28.0,111,1302.75,253.46,1302.75,253.46,220.0,8.37,1302.75,253.46,,new,0
annealing_T=150_h=25,T,20260919-004123,23.0,112,1366.71,983.93,1366.71,983.93,32.0,3.19,1369.05,982.27,2.869006796785172,matched,1
annealing_T=150_h=5,T,20260912-010115,30.0,112,1369.05,982.27,1369.05,982.27,36.0,3.39,1369.05,982.27,,new,0
annealing_T=150_h=5,T,20260912-010115,36.0,113,1589.92,173.43999999999997,1589.92,173.44,71.0,4.75,1589.92,173.44,,new,0
annealing_T=150_h=5,v,20260913-001359,36.0,113,1590.58,175.45,1590.58,175.45,67.0,4.62,1589.92,173.44,2.1155850254716237,matched,1
annealing_T=150_h=5,T,20260912-010115,39.0,114,1682.1899999999998,604.49,1682.19,604.49,240.0,8.74,1682.19,604.49,,new,0
annealing_T=150_h=5,v,20260913-001359,11.0,115,520.13,918.45,520.13,918.45,56.0,4.22,520.13,918.45,,new,0
annealing_T=150_h=5,v,20260913-001359,19.0,116,800.01,227.39,800.01,227.39,34.0,3.29,800.01,227.39,,new,0
annealing_T=150_h=25,T,20260919-004123,19.0,117,1032.05,760.77,1032.05,760.77,108.0,5.86,1032.05,760.77,,new,0
annealing_T=150_h=25,T,20260919-004123,26.0,118,1466.61,409.31,1466.61,409.31,233.0,8.61,1466.61,409.31,,new,0
annealing_T=150_h=25,v,20260919-235322,25.0,118,1466.71,411.8,1466.71,411.8,234.0,8.63,1466.61,409.31,2.4920072231035113,matched,1
