spot,x,y,luminosity,error,T,v,phase,detection,status,excluded_at_radius,integration_radius,integration_area,geometry_source_phase,geometry_source_constant,geometry_source_run,geometry_mode,integration_radius_source_phase,integration_radius_source_constant,integration_radius_source_run,run_number,match_distance,cross_constant_only,deltaL1,deltaL2,deltaL,lambda,lambda_stat_error,deltaLambda,A,A_stat_error,fit_chi2,fit_ndf,fit_chi2ndf,fit_status,covmatrix_status,edm,fit_converged
0,67.97,808.64,1475.27,19.6262,17.0,56.13,annealing_T=75_h=5,present,present,False,20.0,1256.6370614359173,annealing_T=75_h=5,v,20260521-080451,phase_detection,user_fixed_radius,user_fixed_radius,,20260521-080451,0.7725283166331445,False,8.71,17.93,17.93,0.00577626,0.00359518,0.0244719,746.507,55.7764,1581.18,2,790.588,0,3,3.44557e-07,1
0,67.97,808.64,663.288,8.38419,19.0,56.24,annealing_T=75_h=5,present,present,False,20.0,1256.6370614359173,annealing_T=75_h=5,v,20260521-080451,phase_detection,user_fixed_radius,user_fixed_radius,,20260521-080451,0.7725283166331445,False,8.824,3.109,8.824,0.00577626,0.00359518,0.0244719,746.507,55.7764,1581.18,2,790.588,0,3,3.44557e-07,1
0,67.97,808.64,827.999,8.96347,21.0,56.35,annealing_T=75_h=5,present,present,False,20.0,1256.6370614359173,annealing_T=75_h=5,v,20260521-080451,phase_detection,user_fixed_radius,user_fixed_radius,,20260521-080451,0.7725283166331445,False,5.846,13.364,13.364,0.00577626,0.00359518,0.0244719,746.507,55.7764,1581.18,2,790.588,0,3,3.44557e-07,1
0,67.97,808.64,924.69,8.91119,23.0,56.46,annealing_T=75_h=5,present,present,False,20.0,1256.6370614359173,annealing_T=75_h=5,v,20260521-080451,phase_detection,user_fixed_radius,user_fixed_radius,,20260521-080451,0.7725283166331445,False,5.687,9.896,9.896,0.00577626,0.00359518,0.0244719,746.507,55.7764,1581.18,2,790.588,0,3,3.44557e-07,1
1,81.31,95.46,58.0533,8.05722,17.0,56.13,annealing_T=75_h=5,present,present,False,20.0,1256.6370614359173,annealing_T=75_h=5,v,20260521-080451,phase_detection,user_fixed_radius,user_fixed_radius,,20260521-080451,1.2202458768625373,False,5.684,3.1046,5.684,0.0587493,0.0271588,0.00704317,21.316,11.9269,0.211277,2,0.105638,0,3,1.39509e-06,1
1,81.31,95.46,63.1814,8.22284,19.0,56.24,annealing_T=75_h=5,present,present,False,20.0,1256.6370614359173,annealing_T=75_h=5,v,20260521-080451,phase_detection,user_fixed_radius,user_fixed_radius,,20260521-080451,1.2202458768625373,False,3.1628,7.7713,7.7713,0.0587493,0.0271588,0.00704317,21.316,11.9269,0.211277,2,0.105638,0,3,1.39509e-06,1
1,81.31,95.46,76.2975,8.49055,21.0,56.35,annealing_T=75_h=5,present,present,False,20.0,1256.6370614359173,annealing_T=75_h=5,v,20260521-080451,phase_detection,user_fixed_radius,user_fixed_radius,,20260521-080451,1.2202458768625373,False,9.3975,3.6806,9.3975,0.0587493,0.0271588,0.00704317,21.316,11.9269,0.211277,2,0.105638,0,3,1.39509e-06,1
1,81.31,95.46,81.0016,8.54125,23.0,56.46,annealing_T=75_h=5,present,present,False,20.0,1256.6370614359173,annealing_T=75_h=5,v,20260521-080451,phase_detection,user_fixed_radius,user_fixed_radius,,20260521-080451,1.2202458768625373,False,4.2958,2.891,4.2958,0.0587493,0.0271588,0.00704317,21.316,11.9269,0.211277,2,0.105638,0,3,1.39509e-06,1
2,140.03,256.96,67.4455,7.73456,17.0,56.13,annealing_T=75_h=5,present,present,False,20.0,1256.6370614359173,annealing_T=75_h=5,v,20260521-080451,phase_detection,user_fixed_radius,user_fixed_radius,,20260521-080451,0.7566372975211019,False,1.7766,3.9906,3.9906,0.046442,0.0285941,0.00492326,26.009,15.2044,6.19428,2,3.09714,0,3,4.72662e-06,1
2,140.03,256.96,47.4126,7.61169,19.0,56.24,annealing_T=75_h=5,present,present,False,20.0,1256.6370614359173,annealing_T=75_h=5,v,20260521-080451,phase_detection,user_fixed_radius,user_fixed_radius,,20260521-080451,0.7566372975211019,False,10.3107,8.4487,10.3107,0.046442,0.0285941,0.00492326,26.009,15.2044,6.19428,2,3.09714,0,3,4.72662e-06,1
2,140.03,256.96,73.2009,8.25902,21.0,56.35,annealing_T=75_h=5,present,present,False,20.0,1256.6370614359173,annealing_T=75_h=5,v,20260521-080451,phase_detection,user_fixed_radius,user_fixed_radius,,20260521-080451,0.7566372975211019,False,4.6933,4.7521,4.7521,0.046442,0.0285941,0.00492326,26.009,15.2044,6.19428,2,3.09714,0,3,4.72662e-06,1
2,140.03,256.96,78.1309,8.20221,23.0,56.46,annealing_T=75_h=5,present,present,False,20.0,1256.6370614359173,annealing_T=75_h=5,v,20260521-080451,phase_detection,user_fixed_radius,user_fixed_radius,,20260521-080451,0.7566372975211019,False,1.9445,0.192,1.9445,0.046442,0.0285941,0.00492326,26.009,15.2044,6.19428,2,3.09714,0,3,4.72662e-06,1
3,183.51,171.31,4296.2,8.92087,17.0,56.13,annealing_T=75_h=5,present,present,False,20.0,1256.6370614359173,annealing_T=75_h=5,v,20260521-080451,phase_detection,user_fixed_radius,user_fixed_radius,,20260521-080451,1.245792920191788,False,47.48,64.93,64.93,0.0465351,0.00041952,5.46105e-05,1941.52,16.6831,7.5617,2,3.78085,0,3,1.06054e-09,1
3,183.51,171.31,4679.9,9.21317,19.0,56.24,annealing_T=75_h=5,present,present,False,20.0,1256.6370614359173,annealing_T=75_h=5,v,20260521-080451,phase_detection,user_fixed_radius,user_fixed_radius,,20260521-080451,1.245792920191788,False,55.68,72.86,72.86,0.0465351,0.00041952,5.46105e-05,1941.52,16.6831,7.5617,2,3.78085,0,3,1.06054e-09,1
3,183.51,171.31,5160.13,9.6192,21.0,56.35,annealing_T=75_h=5,present,present,False,20.0,1256.6370614359173,annealing_T=75_h=5,v,20260521-080451,phase_detection,user_fixed_radius,user_fixed_radius,,20260521-080451,1.245792920191788,False,58.79,80.38,80.38,0.0465351,0.00041952,5.46105e-05,1941.52,16.6831,7.5617,2,3.78085,0,3,1.06054e-09,1
3,183.51,171.31,5667.2,9.46774,23.0,56.46,annealing_T=75_h=5,present,present,False,20.0,1256.6370614359173,annealing_T=75_h=5,v,20260521-080451,phase_detection,user_fixed_radius,user_fixed_radius,,20260521-080451,1.245792920191788,False,66.08,87.85,87.85,0.0465351,0.00041952,5.46105e-05,1941.52,16.6831,7.5617,2,3.78085,0,3,1.06054e-09,1
4,194.29,519.3,227.501,8.19811,17.0,56.13,annealing_T=75_h=5,present,present,False,20.0,1256.6370614359173,annealing_T=75_h=5,v,20260521-080451,phase_detection,user_fixed_radius,user_fixed_radius,,20260521-080451,0.9720082304178892,False,4.403,2.296,4.403,0.0650746,0.00673411,0.00455075,77.1932,10.708,1.52629,2,0.763146,0,3,1.53955e-08,1
4,194.29,519.3,273.792,8.17222,19.0,56.24,annealing_T=75_h=5,present,present,False,20.0,1256.6370614359173,annealing_T=75_h=5,v,20260521-080451,phase_detection,user_fixed_radius,user_fixed_radius,,20260521-080451,0.9720082304178892,False,3.002,1.078,3.002,0.0650746,0.00673411,0.00455075,77.1932,10.708,1.52629,2,0.763146,0,3,1.53955e-08,1
4,194.29,519.3,302.095,8.65437,21.0,56.35,annealing_T=75_h=5,present,present,False,20.0,1256.6370614359173,annealing_T=75_h=5,v,20260521-080451,phase_detection,user_fixed_radius,user_fixed_radius,,20260521-080451,0.9720082304178892,False,2.676,2.729,2.729,0.0650746,0.00673411,0.00455075,77.1932,10.708,1.52629,2,0.763146,0,3,1.53955e-08,1
4,194.29,519.3,342.771,8.93189,23.0,56.46,annealing_T=75_h=5,present,present,False,20.0,1256.6370614359173,annealing_T=75_h=5,v,20260521-080451,phase_detection,user_fixed_radius,user_fixed_radius,,20260521-080451,0.9720082304178892,False,3.138,3.562,3.562,0.0650746,0.00673411,0.00455075,77.1932,10.708,1.52629,2,0.763146,0,3,1.53955e-08,1
5,231.79,755.43,18.7014,7.45963,17.0,56.13,annealing_T=75_h=5,absent,disappeared,False,20.0,1256.6370614359173,before_annealing,v,20260514-062228,previous_detection,user_fixed_radius,user_fixed_radius,,20260521-080451,2.070410587299121,False,4.0571,6.6686,6.6686,,,,,,,,,,,,0
5,231.79,755.43,10.2525,7.50133,19.0,56.24,annealing_T=75_h=5,absent,disappeared,False,20.0,1256.6370614359173,before_annealing,v,20260514-062228,previous_detection,user_fixed_radius,user_fixed_radius,,20260521-080451,2.070410587299121,False,3.35944,0.0911,3.35944,,,,,,,,,,,,0
5,231.79,755.43,10.3507,7.95885,21.0,56.35,annealing_T=75_h=5,absent,disappeared,False,20.0,1256.6370614359173,before_annealing,v,20260514-062228,previous_detection,user_fixed_radius,user_fixed_radius,,20260521-080451,2.070410587299121,False,1.898,1.8036,1.898,,,,,,,,,,,,0
5,231.79,755.43,20.0513,8.02704,23.0,56.46,annealing_T=75_h=5,absent,disappeared,False,20.0,1256.6370614359173,before_annealing,v,20260514-062228,previous_detection,user_fixed_radius,user_fixed_radius,,20260521-080451,2.070410587299121,False,6.589,3.6835,6.589,,,,,,,,,,,,0
6,237.92,243.39,750.5,7.78224,17.0,56.13,annealing_T=75_h=5,present,present,False,20.0,1256.6370614359173,annealing_T=75_h=5,v,20260521-080451,phase_detection,user_fixed_radius,user_fixed_radius,,20260521-080451,1.1317243480636046,False,1.507,12.812,12.812,0.0523827,0.00208204,0.00197133,311.268,13.2371,14.6218,2,7.31091,0,3,1.35306e-06,1
6,237.92,243.39,840.046,7.99015,19.0,56.24,annealing_T=75_h=5,present,present,False,20.0,1256.6370614359173,annealing_T=75_h=5,v,20260521-080451,phase_detection,user_fixed_radius,user_fixed_radius,,20260521-080451,1.1317243480636046,False,8.873,9.142,9.142,0.0523827,0.00208204,0.00197133,311.268,13.2371,14.6218,2,7.31091,0,3,1.35306e-06,1
6,237.92,243.39,961.616,8.41463,21.0,56.35,annealing_T=75_h=5,present,present,False,20.0,1256.6370614359173,annealing_T=75_h=5,v,20260521-080451,phase_detection,user_fixed_radius,user_fixed_radius,,20260521-080451,1.1317243480636046,False,6.273,13.484,13.484,0.0523827,0.00208204,0.00197133,311.268,13.2371,14.6218,2,7.31091,0,3,1.35306e-06,1
6,237.92,243.39,1021.59,8.83373,23.0,56.46,annealing_T=75_h=5,present,present,False,20.0,1256.6370614359173,annealing_T=75_h=5,v,20260521-080451,phase_detection,user_fixed_radius,user_fixed_radius,,20260521-080451,1.1317243480636046,False,14.18,17.31,17.31,0.0523827,0.00208204,0.00197133,311.268,13.2371,14.6218,2,7.31091,0,3,1.35306e-06,1
7,254.37,350.7,366.309,7.31903,17.0,56.13,annealing_T=75_h=5,present,present,False,20.0,1256.6370614359173,annealing_T=75_h=5,v,20260521-080451,phase_detection,user_fixed_radius,user_fixed_radius,,20260521-080451,0.9484724561103536,False,3.856,4.539,4.539,0.0554312,0.00395917,0.00226715,142.696,11.5792,1.1711,2,0.58555,0,3,3.47304e-08,1
7,254.37,350.7,405.536,7.30149,19.0,56.24,annealing_T=75_h=5,present,present,False,20.0,1256.6370614359173,annealing_T=75_h=5,v,20260521-080451,phase_detection,user_fixed_radius,user_fixed_radius,,20260521-080451,0.9484724561103536,False,2.191,14.065,14.065,0.0554312,0.00395917,0.00226715,142.696,11.5792,1.1711,2,0.58555,0,3,3.47304e-08,1
7,254.37,350.7,464.014,7.89211,21.0,56.35,annealing_T=75_h=5,present,present,False,20.0,1256.6370614359173,annealing_T=75_h=5,v,20260521-080451,phase_detection,user_fixed_radius,user_fixed_radius,,20260521-080451,0.9484724561103536,False,6.22,7.549,7.549,0.0554312,0.00395917,0.00226715,142.696,11.5792,1.1711,2,0.58555,0,3,3.47304e-08,1
7,254.37,350.7,507.479,8.00634,23.0,56.46,annealing_T=75_h=5,present,present,False,20.0,1256.6370614359173,annealing_T=75_h=5,v,20260521-080451,phase_detection,user_fixed_radius,user_fixed_radius,,20260521-080451,0.9484724561103536,False,6.524,17.363,17.363,0.0554312,0.00395917,0.00226715,142.696,11.5792,1.1711,2,0.58555,0,3,3.47304e-08,1
8,357.2,846.43,166.883,7.27337,17.0,56.13,annealing_T=75_h=5,present,present,False,20.0,1256.6370614359173,annealing_T=75_h=5,v,20260521-080451,phase_detection,user_fixed_radius,user_fixed_radius,,20260521-080451,0.7433034373659757,False,4.322,4.358,4.358,0.0752454,0.0075981,0.00259265,49.7077,7.81796,8.17478,2,4.08739,0,3,1.55097e-07,1
8,357.2,846.43,224.81,7.46461,19.0,56.24,annealing_T=75_h=5,present,present,False,20.0,1256.6370614359173,annealing_T=75_h=5,v,20260521-080451,phase_detection,user_fixed_radius,user_fixed_radius,,20260521-080451,0.7433034373659757,False,3.622,4.705,4.705,0.0752454,0.0075981,0.00259265,49.7077,7.81796,8.17478,2,4.08739,0,3,1.55097e-07,1
8,357.2,846.43,239.073,7.8923,21.0,56.35,annealing_T=75_h=5,present,present,False,20.0,1256.6370614359173,annealing_T=75_h=5,v,20260521-080451,phase_detection,user_fixed_radius,user_fixed_radius,,20260521-080451,0.7433034373659757,False,5.884,7.286,7.286,0.0752454,0.0075981,0.00259265,49.7077,7.81796,8.17478,2,4.08739,0,3,1.55097e-07,1
8,357.2,846.43,277.067,7.98187,23.0,56.46,annealing_T=75_h=5,present,present,False,20.0,1256.6370614359173,annealing_T=75_h=5,v,20260521-080451,phase_detection,user_fixed_radius,user_fixed_radius,,20260521-080451,0.7433034373659757,False,1.723,6.527,6.527,0.0752454,0.0075981,0.00259265,49.7077,7.81796,8.17478,2,4.08739,0,3,1.55097e-07,1
9,375.74,369.23,42.8657,7.07512,17.0,56.13,annealing_T=75_h=5,present,present,False,20.0,1256.6370614359173,annealing_T=75_h=5,v,20260521-080451,phase_detection,user_fixed_radius,user_fixed_radius,,20260521-080451,0.8261961026293704,False,1.5711,0.0323,1.5711,0.0714319,0.0320838,0.00624938,12.7794,8.46712,0.891132,2,0.445566,0,3,6.65383e-06,1
9,375.74,369.23,53.0178,7.35823,19.0,56.24,annealing_T=75_h=5,present,present,False,20.0,1256.6370614359173,annealing_T=75_h=5,v,20260521-080451,phase_detection,user_fixed_radius,user_fixed_radius,,20260521-080451,0.8261961026293704,False,4.2178,1.9371,4.2178,0.0714319,0.0320838,0.00624938,12.7794,8.46712,0.891132,2,0.445566,0,3,6.65383e-06,1
9,375.74,369.23,51.4738,7.65219,21.0,56.35,annealing_T=75_h=5,present,present,False,20.0,1256.6370614359173,annealing_T=75_h=5,v,20260521-080451,phase_detection,user_fixed_radius,user_fixed_radius,,20260521-080451,0.8261961026293704,False,9.5282,1.4663,9.5282,0.0714319,0.0320838,0.00624938,12.7794,8.46712,0.891132,2,0.445566,0,3,6.65383e-06,1
9,375.74,369.23,68.6295,7.84677,23.0,56.46,annealing_T=75_h=5,present,present,False,20.0,1256.6370614359173,annealing_T=75_h=5,v,20260521-080451,phase_detection,user_fixed_radius,user_fixed_radius,,20260521-080451,0.8261961026293704,False,0.1228,0.044,0.1228,0.0714319,0.0320838,0.00624938,12.7794,8.46712,0.891132,2,0.445566,0,3,6.65383e-06,1
10,415.82,947.75,172.607,7.28905,17.0,56.13,annealing_T=75_h=5,present,present,False,20.0,1256.6370614359173,annealing_T=75_h=5,v,20260521-080451,phase_detection,user_fixed_radius,user_fixed_radius,,20260521-080451,0.9618731725129204,False,3.109,2.07,3.109,0.0706341,0.00783075,0.00479305,53.0496,8.58127,1.12897,2,0.564483,0,3,4.55162e-07,1
10,415.82,947.75,209.312,7.32753,19.0,56.24,annealing_T=75_h=5,present,present,False,20.0,1256.6370614359173,annealing_T=75_h=5,v,20260521-080451,phase_detection,user_fixed_radius,user_fixed_radius,,20260521-080451,0.9618731725129204,False,1.617,4.26,4.26,0.0706341,0.00783075,0.00479305,53.0496,8.58127,1.12897,2,0.564483,0,3,4.55162e-07,1
10,415.82,947.75,230.947,7.73606,21.0,56.35,annealing_T=75_h=5,present,present,False,20.0,1256.6370614359173,annealing_T=75_h=5,v,20260521-080451,phase_detection,user_fixed_radius,user_fixed_radius,,20260521-080451,0.9618731725129204,False,4.436,10.276,10.276,0.0706341,0.00783075,0.00479305,53.0496,8.58127,1.12897,2,0.564483,0,3,4.55162e-07,1
10,415.82,947.75,269.183,7.93567,23.0,56.46,annealing_T=75_h=5,present,present,False,20.0,1256.6370614359173,annealing_T=75_h=5,v,20260521-080451,phase_detection,user_fixed_radius,user_fixed_radius,,20260521-080451,0.9618731725129204,False,3.984,1.263,3.984,0.0706341,0.00783075,0.00479305,53.0496,8.58127,1.12897,2,0.564483,0,3,4.55162e-07,1
11,417.85,548.91,14.1442,7.41492,17.0,56.13,annealing_T=75_h=5,present,present,False,20.0,1256.6370614359173,annealing_T=75_h=5,v,20260521-080451,phase_detection,user_fixed_radius,user_fixed_radius,,20260521-080451,1.250279968647035,False,8.67856,7.543,8.67856,0.193323,0.0674824,0.0681183,0.598766,0.874404,2.32344,2,1.16172,0,3,3.75363e-06,1
11,417.85,548.91,31.1208,7.48798,19.0,56.24,annealing_T=75_h=5,present,present,False,20.0,1256.6370614359173,annealing_T=75_h=5,v,20260521-080451,phase_detection,user_fixed_radius,user_fixed_radius,,20260521-080451,1.250279968647035,False,1.1247,2.0083,2.0083,0.193323,0.0674824,0.0681183,0.598766,0.874404,2.32344,2,1.16172,0,3,3.75363e-06,1
11,417.85,548.91,26.2949,7.88295,21.0,56.35,annealing_T=75_h=5,present,present,False,20.0,1256.6370614359173,annealing_T=75_h=5,v,20260521-080451,phase_detection,user_fixed_radius,user_fixed_radius,,20260521-080451,1.250279968647035,False,1.863,4.6251,4.6251,0.193323,0.0674824,0.0681183,0.598766,0.874404,2.32344,2,1.16172,0,3,3.75363e-06,1
11,417.85,548.91,53.7147,8.05907,23.0,56.46,annealing_T=75_h=5,present,present,False,20.0,1256.6370614359173,annealing_T=75_h=5,v,20260521-080451,phase_detection,user_fixed_radius,user_fixed_radius,,20260521-080451,1.250279968647035,False,2.1201,3.9638,3.9638,0.193323,0.0674824,0.0681183,0.598766,0.874404,2.32344,2,1.16172,0,3,3.75363e-06,1
12,426.21,72.47,122.635,7.44099,17.0,56.13,annealing_T=75_h=5,present,present,False,20.0,1256.6370614359173,annealing_T=75_h=5,v,20260521-080451,phase_detection,user_fixed_radius,user_fixed_radius,,20260521-080451,0.9406912352095222,False,3.417,2.571,3.417,0.0662623,0.0108878,0.00614857,41.897,9.41365,2.20217,2,1.10109,0,3,2.49865e-08,1
12,426.21,72.47,154.019,7.49502,19.0,56.24,annealing_T=75_h=5,present,present,False,20.0,1256.6370614359173,annealing_T=75_h=5,v,20260521-080451,phase_detection,user_fixed_radius,user_fixed_radius,,20260521-080451,0.9406912352095222,False,2.858,3.281,3.281,0.0662623,0.0108878,0.00614857,41.897,9.41365,2.20217,2,1.10109,0,3,2.49865e-08,1
12,426.21,72.47,173.072,7.94342,21.0,56.35,annealing_T=75_h=5,present,present,False,20.0,1256.6370614359173,annealing_T=75_h=5,v,20260521-080451,phase_detection,user_fixed_radius,user_fixed_radius,,20260521-080451,0.9406912352095222,False,2.791,6.891,6.891,0.0662623,0.0108878,0.00614857,41.897,9.41365,2.20217,2,1.10109,0,3,2.49865e-08,1
12,426.21,72.47,187.706,8.01527,23.0,56.46,annealing_T=75_h=5,present,present,False,20.0,1256.6370614359173,annealing_T=75_h=5,v,20260521-080451,phase_detection,user_fixed_radius,user_fixed_radius,,20260521-080451,0.9406912352095222,False,0.859,10.163,10.163,0.0662623,0.0108878,0.00614857,41.897,9.41365,2.20217,2,1.10109,0,3,2.49865e-08,1
13,430.18,486.35,686.168,7.64986,17.0,56.13,annealing_T=75_h=5,present,present,False,20.0,1256.6370614359173,annealing_T=75_h=5,v,20260521-080451,phase_detection,user_fixed_radius,user_fixed_radius,,20260521-080451,0.8450443775329155,False,9.643,9.325,9.643,0.0760793,0.0020423,0.00077821,190.409,8.05525,3.08763,2,1.54382,0,3,3.10387e-06,1
13,430.18,486.35,818.655,7.61043,19.0,56.24,annealing_T=75_h=5,present,present,False,20.0,1256.6370614359173,annealing_T=75_h=5,v,20260521-080451,phase_detection,user_fixed_radius,user_fixed_radius,,20260521-080451,0.8450443775329155,False,12.203,11.861,12.203,0.0760793,0.0020423,0.00077821,190.409,8.05525,3.08763,2,1.54382,0,3,3.10387e-06,1
13,430.18,486.35,939.824,8.23067,21.0,56.35,annealing_T=75_h=5,present,present,False,20.0,1256.6370614359173,annealing_T=75_h=5,v,20260521-080451,phase_detection,user_fixed_radius,user_fixed_radius,,20260521-080451,0.8450443775329155,False,6.933,8.211,8.211,0.0760793,0.0020423,0.00077821,190.409,8.05525,3.08763,2,1.54382,0,3,3.10387e-06,1
13,430.18,486.35,1093.09,8.24538,23.0,56.46,annealing_T=75_h=5,present,present,False,20.0,1256.6370614359173,annealing_T=75_h=5,v,20260521-080451,phase_detection,user_fixed_radius,user_fixed_radius,,20260521-080451,0.8450443775329155,False,20,20.89,20.89,0.0760793,0.0020423,0.00077821,190.409,8.05525,3.08763,2,1.54382,0,3,3.10387e-06,1
14,574.38,122.33,15.8533,8.25969,17.0,56.13,annealing_T=75_h=5,present,present,False,20.0,1256.6370614359173,annealing_T=75_h=5,v,20260521-080451,phase_detection,user_fixed_radius,user_fixed_radius,,20260521-080451,1.8478365728603052,False,1.5589,6.2914,6.2914,0.148079,0.0903177,0.0630322,1.19623,2.31193,0.404954,2,0.202477,0,3,1.1984e-07,1
14,574.38,122.33,21.7823,8.6123,19.0,56.24,annealing_T=75_h=5,present,present,False,20.0,1256.6370614359173,annealing_T=75_h=5,v,20260521-080451,phase_detection,user_fixed_radius,user_fixed_radius,,20260521-080451,1.8478365728603052,False,0.2717,3.4448,3.4448,0.148079,0.0903177,0.0630322,1.19623,2.31193,0.404954,2,0.202477,0,3,1.1984e-07,1
14,574.38,122.33,22.083,8.74273,21.0,56.35,annealing_T=75_h=5,present,present,False,20.0,1256.6370614359173,annealing_T=75_h=5,v,20260521-080451,phase_detection,user_fixed_radius,user_fixed_radius,,20260521-080451,1.8478365728603052,False,1.8103,1.4421,1.8103,0.148079,0.0903177,0.0630322,1.19623,2.31193,0.404954,2,0.202477,0,3,1.1984e-07,1
14,574.38,122.33,38.0121,8.65728,23.0,56.46,annealing_T=75_h=5,present,present,False,20.0,1256.6370614359173,annealing_T=75_h=5,v,20260521-080451,phase_detection,user_fixed_radius,user_fixed_radius,,20260521-080451,1.8478365728603052,False,4.0922,0.9801,4.0922,0.148079,0.0903177,0.0630322,1.19623,2.31193,0.404954,2,0.202477,0,3,1.1984e-07,1
15,596.29,526.31,34.8441,7.55346,17.0,56.13,annealing_T=75_h=5,absent,disappeared,False,20.0,1256.6370614359173,before_annealing,v,20260514-062228,previous_detection,user_fixed_radius,user_fixed_radius,,20260521-080451,1.6025292509031217,False,7.6864,4.0583,7.6864,,,,,,,,,,,,0
15,596.29,526.31,48.143,7.69995,19.0,56.24,annealing_T=75_h=5,absent,disappeared,False,20.0,1256.6370614359173,before_annealing,v,20260514-062228,previous_detection,user_fixed_radius,user_fixed_radius,,20260521-080451,1.6025292509031217,False,6.018,5.5873,6.018,,,,,,,,,,,,0
15,596.29,526.31,47.9282,8.08373,21.0,56.35,annealing_T=75_h=5,absent,disappeared,False,20.0,1256.6370614359173,before_annealing,v,20260514-062228,previous_detection,user_fixed_radius,user_fixed_radius,,20260521-080451,1.6025292509031217,False,3.9575,0.0582,3.9575,,,,,,,,,,,,0
15,596.29,526.31,68.6196,8.08841,23.0,56.46,annealing_T=75_h=5,absent,disappeared,False,20.0,1256.6370614359173,before_annealing,v,20260514-062228,previous_detection,user_fixed_radius,user_fixed_radius,,20260521-080451,1.6025292509031217,False,7.4638,7.7338,7.7338,,,,,,,,,,,,0
16,610.98,335.75,22.2838,7.23357,17.0,56.13,annealing_T=75_h=5,present,present,False,20.0,1256.6370614359173,annealing_T=75_h=5,v,20260521-080451,phase_detection,user_fixed_radius,user_fixed_radius,,20260521-080451,0.6484597134749611,False,5.2261,1.9096,5.2261,0.0726877,0.0492566,0.0304075,8.02589,8.15724,1.6391,2,0.819549,0,3,3.37627e-07,1
16,610.98,335.75,39.6265,7.59299,19.0,56.24,annealing_T=75_h=5,present,present,False,20.0,1256.6370614359173,annealing_T=75_h=5,v,20260521-080451,phase_detection,user_fixed_radius,user_fixed_radius,,20260521-080451,0.6484597134749611,False,0.956,4.2877,4.2877,0.0726877,0.0492566,0.0304075,8.02589,8.15724,1.6391,2,0.819549,0,3,3.37627e-07,1
16,610.98,335.75,36.8104,8.04651,21.0,56.35,annealing_T=75_h=5,present,present,False,20.0,1256.6370614359173,annealing_T=75_h=5,v,20260521-080451,phase_detection,user_fixed_radius,user_fixed_radius,,20260521-080451,0.6484597134749611,False,0.8856,0.0994,0.8856,0.0726877,0.0492566,0.0304075,8.02589,8.15724,1.6391,2,0.819549,0,3,3.37627e-07,1
16,610.98,335.75,40.5392,8.22262,23.0,56.46,annealing_T=75_h=5,present,present,False,20.0,1256.6370614359173,annealing_T=75_h=5,v,20260521-080451,phase_detection,user_fixed_radius,user_fixed_radius,,20260521-080451,0.6484597134749611,False,2.496,3.1791,3.1791,0.0726877,0.0492566,0.0304075,8.02589,8.15724,1.6391,2,0.819549,0,3,3.37627e-07,1
17,650.19,440.02,111.996,7.20496,17.0,56.13,annealing_T=75_h=5,present,present,False,20.0,1256.6370614359173,annealing_T=75_h=5,v,20260521-080451,phase_detection,user_fixed_radius,user_fixed_radius,,20260521-080451,0.7915806970865747,False,2.731,2.609,2.731,0.07758,0.0114556,0.00682474,30.7165,7.2883,2.18285,2,1.09143,0,3,7.95519e-09,1
17,650.19,440.02,132.957,7.17971,19.0,56.24,annealing_T=75_h=5,present,present,False,20.0,1256.6370614359173,annealing_T=75_h=5,v,20260521-080451,phase_detection,user_fixed_radius,user_fixed_radius,,20260521-080451,0.7915806970865747,False,3.692,6.286,6.286,0.07758,0.0114556,0.00682474,30.7165,7.2883,2.18285,2,1.09143,0,3,7.95519e-09,1
17,650.19,440.02,166.352,7.7866,21.0,56.35,annealing_T=75_h=5,present,present,False,20.0,1256.6370614359173,annealing_T=75_h=5,v,20260521-080451,phase_detection,user_fixed_radius,user_fixed_radius,,20260521-080451,0.7915806970865747,False,0.56,5.826,5.826,0.07758,0.0114556,0.00682474,30.7165,7.2883,2.18285,2,1.09143,0,3,7.95519e-09,1
17,650.19,440.02,177.756,7.76978,23.0,56.46,annealing_T=75_h=5,present,present,False,20.0,1256.6370614359173,annealing_T=75_h=5,v,20260521-080451,phase_detection,user_fixed_radius,user_fixed_radius,,20260521-080451,0.7915806970865747,False,2.05,5.244,5.244,0.07758,0.0114556,0.00682474,30.7165,7.2883,2.18285,2,1.09143,0,3,7.95519e-09,1
18,650.45,573.58,1374.37,7.46284,17.0,56.13,annealing_T=75_h=5,present,present,False,20.0,1256.6370614359173,annealing_T=75_h=5,v,20260521-080451,phase_detection,user_fixed_radius,user_fixed_radius,,20260521-080451,0.7381734213584124,False,12.98,28.93,28.93,0.0594212,0.00107121,0.000385906,500.516,11.0082,0.469294,2,0.234647,0,3,2.08079e-08,1
18,650.45,573.58,1545.69,7.65654,19.0,56.24,annealing_T=75_h=5,present,present,False,20.0,1256.6370614359173,annealing_T=75_h=5,v,20260521-080451,phase_detection,user_fixed_radius,user_fixed_radius,,20260521-080451,0.7381734213584124,False,25,36.19,36.19,0.0594212,0.00107121,0.000385906,500.516,11.0082,0.469294,2,0.234647,0,3,2.08079e-08,1
18,650.45,573.58,1747.85,8.18462,21.0,56.35,annealing_T=75_h=5,present,present,False,20.0,1256.6370614359173,annealing_T=75_h=5,v,20260521-080451,phase_detection,user_fixed_radius,user_fixed_radius,,20260521-080451,0.7381734213584124,False,21.74,37.66,37.66,0.0594212,0.00107121,0.000385906,500.516,11.0082,0.469294,2,0.234647,0,3,2.08079e-08,1
18,650.45,573.58,1961.07,8.24819,23.0,56.46,annealing_T=75_h=5,present,present,False,20.0,1256.6370614359173,annealing_T=75_h=5,v,20260521-080451,phase_detection,user_fixed_radius,user_fixed_radius,,20260521-080451,0.7381734213584124,False,26.96,38.54,38.54,0.0594212,0.00107121,0.000385906,500.516,11.0082,0.469294,2,0.234647,0,3,2.08079e-08,1
19,661.03,687.88,40.9943,7.30697,17.0,56.13,annealing_T=75_h=5,present,present,False,20.0,1256.6370614359173,annealing_T=75_h=5,v,20260521-080451,phase_detection,user_fixed_radius,user_fixed_radius,,20260521-080451,0.5887274411813309,False,3.0611,4.3561,4.3561,0.111753,0.0333203,0.0106666,5.60229,3.92954,0.596527,2,0.298263,0,3,1.91554e-06,1
19,661.03,687.88,42.5639,7.26057,19.0,56.24,annealing_T=75_h=5,present,present,False,20.0,1256.6370614359173,annealing_T=75_h=5,v,20260521-080451,phase_detection,user_fixed_radius,user_fixed_radius,,20260521-080451,0.5887274411813309,False,2.1194,8.5542,8.5542,0.111753,0.0333203,0.0106666,5.60229,3.92954,0.596527,2,0.298263,0,3,1.91554e-06,1
19,661.03,687.88,58.6989,7.83829,21.0,56.35,annealing_T=75_h=5,present,present,False,20.0,1256.6370614359173,annealing_T=75_h=5,v,20260521-080451,phase_detection,user_fixed_radius,user_fixed_radius,,20260521-080451,0.5887274411813309,False,7.1358,4.1433,7.1358,0.111753,0.0333203,0.0106666,5.60229,3.92954,0.596527,2,0.298263,0,3,1.91554e-06,1
19,661.03,687.88,74.2,7.77159,23.0,56.46,annealing_T=75_h=5,present,present,False,20.0,1256.6370614359173,annealing_T=75_h=5,v,20260521-080451,phase_detection,user_fixed_radius,user_fixed_radius,,20260521-080451,0.5887274411813309,False,1.1954,7.134,7.134,0.111753,0.0333203,0.0106666,5.60229,3.92954,0.596527,2,0.298263,0,3,1.91554e-06,1
20,701.21,365.86,30.4934,7.51552,17.0,56.13,annealing_T=75_h=5,present,present,False,20.0,1256.6370614359173,annealing_T=75_h=5,v,20260521-080451,phase_detection,user_fixed_radius,user_fixed_radius,,20260521-080451,0.8993886812719274,False,2.6665,1.1538,2.6665,0.0448415,0.0502244,0.00508424,14.5582,14.928,0.458378,2,0.229189,0,3,9.98482e-08,1
20,701.21,365.86,37.1825,7.7838,19.0,56.24,annealing_T=75_h=5,present,present,False,20.0,1256.6370614359173,annealing_T=75_h=5,v,20260521-080451,phase_detection,user_fixed_radius,user_fixed_radius,,20260521-080451,0.8993886812719274,False,1.2804,0.8047,1.2804,0.0448415,0.0502244,0.00508424,14.5582,14.928,0.458378,2,0.229189,0,3,9.98482e-08,1
20,701.21,365.86,33.0367,8.41218,21.0,56.35,annealing_T=75_h=5,present,present,False,20.0,1256.6370614359173,annealing_T=75_h=5,v,20260521-080451,phase_detection,user_fixed_radius,user_fixed_radius,,20260521-080451,0.8993886812719274,False,2.3546,1.7407,2.3546,0.0448415,0.0502244,0.00508424,14.5582,14.928,0.458378,2,0.229189,0,3,9.98482e-08,1
20,701.21,365.86,42.3615,8.16676,23.0,56.46,annealing_T=75_h=5,present,present,False,20.0,1256.6370614359173,annealing_T=75_h=5,v,20260521-080451,phase_detection,user_fixed_radius,user_fixed_radius,,20260521-080451,0.8993886812719274,False,4.1403,2.1063,4.1403,0.0448415,0.0502244,0.00508424,14.5582,14.928,0.458378,2,0.229189,0,3,9.98482e-08,1
21,739.62,314.14,5.37825,7.32377,17.0,56.13,annealing_T=75_h=5,present,present,False,20.0,1256.6370614359173,annealing_T=75_h=5,v,20260521-080451,phase_detection,user_fixed_radius,user_fixed_radius,,20260521-080451,0.2184032966784355,False,3.52545,9.60595,9.60595,0.127254,0.119733,0.0469341,1.11764,2.84142,1.09929,2,0.549644,0,3,7.50801e-08,1
21,739.62,314.14,18.906,7.59171,19.0,56.24,annealing_T=75_h=5,present,present,False,20.0,1256.6370614359173,annealing_T=75_h=5,v,20260521-080451,phase_detection,user_fixed_radius,user_fixed_radius,,20260521-080451,0.2184032966784355,False,3.5296,2.663,3.5296,0.127254,0.119733,0.0469341,1.11764,2.84142,1.09929,2,0.549644,0,3,7.50801e-08,1
21,739.62,314.14,14.6036,7.92198,21.0,56.35,annealing_T=75_h=5,present,present,False,20.0,1256.6370614359173,annealing_T=75_h=5,v,20260521-080451,phase_detection,user_fixed_radius,user_fixed_radius,,20260521-080451,0.2184032966784355,False,4.482,0.9349,4.482,0.127254,0.119733,0.0469341,1.11764,2.84142,1.09929,2,0.549644,0,3,7.50801e-08,1
21,739.62,314.14,20.3131,7.76472,23.0,56.46,annealing_T=75_h=5,present,present,False,20.0,1256.6370614359173,annealing_T=75_h=5,v,20260521-080451,phase_detection,user_fixed_radius,user_fixed_radius,,20260521-080451,0.2184032966784355,False,0.93,3.8534,3.8534,0.127254,0.119733,0.0469341,1.11764,2.84142,1.09929,2,0.549644,0,3,7.50801e-08,1
22,808.7,587.27,246.482,7.35167,17.0,56.13,annealing_T=75_h=5,present,present,False,20.0,1256.6370614359173,annealing_T=75_h=5,v,20260521-080451,phase_detection,user_fixed_radius,user_fixed_radius,,20260521-080451,0.6008327554320568,False,2.268,0.229,2.268,0.0864435,0.00540117,0.00421639,56.6816,6.37379,6.07122,2,3.03561,0,3,1.2909e-09,1
22,808.7,587.27,284.241,7.52037,19.0,56.24,annealing_T=75_h=5,present,present,False,20.0,1256.6370614359173,annealing_T=75_h=5,v,20260521-080451,phase_detection,user_fixed_radius,user_fixed_radius,,20260521-080451,0.6008327554320568,False,5.428,4.227,5.428,0.0864435,0.00540117,0.00421639,56.6816,6.37379,6.07122,2,3.03561,0,3,1.2909e-09,1
22,808.7,587.27,363.931,7.85454,21.0,56.35,annealing_T=75_h=5,present,present,False,20.0,1256.6370614359173,annealing_T=75_h=5,v,20260521-080451,phase_detection,user_fixed_radius,user_fixed_radius,,20260521-080451,0.6008327554320568,False,7.453,5.808,7.453,0.0864435,0.00540117,0.00421639,56.6816,6.37379,6.07122,2,3.03561,0,3,1.2909e-09,1
22,808.7,587.27,407.102,7.9814,23.0,56.46,annealing_T=75_h=5,present,present,False,20.0,1256.6370614359173,annealing_T=75_h=5,v,20260521-080451,phase_detection,user_fixed_radius,user_fixed_radius,,20260521-080451,0.6008327554320568,False,8.41,6.42,8.41,0.0864435,0.00540117,0.00421639,56.6816,6.37379,6.07122,2,3.03561,0,3,1.2909e-09,1
23,817.33,315.15,45.3799,8.11,17.0,56.13,annealing_T=75_h=5,present,present,False,20.0,1256.6370614359173,annealing_T=75_h=5,v,20260521-080451,phase_detection,user_fixed_radius,user_fixed_radius,,20260521-080451,0.8910667763978208,False,1.6848,2.7462,2.7462,0.0928086,0.028788,0.019485,10.1757,6.13501,0.943552,2,0.471776,0,3,8.13742e-09,1
23,817.33,315.15,65.8311,8.24099,19.0,56.24,annealing_T=75_h=5,present,present,False,20.0,1256.6370614359173,annealing_T=75_h=5,v,20260521-080451,phase_detection,user_fixed_radius,user_fixed_radius,,20260521-080451,0.8910667763978208,False,1.7222,0.6544,1.7222,0.0928086,0.028788,0.019485,10.1757,6.13501,0.943552,2,0.471776,0,3,8.13742e-09,1
23,817.33,315.15,68.8861,8.49123,21.0,56.35,annealing_T=75_h=5,present,present,False,20.0,1256.6370614359173,annealing_T=75_h=5,v,20260521-080451,phase_detection,user_fixed_radius,user_fixed_radius,,20260521-080451,0.8910667763978208,False,11.8749,5.2293,11.8749,0.0928086,0.028788,0.019485,10.1757,6.13501,0.943552,2,0.471776,0,3,8.13742e-09,1
23,817.33,315.15,85.86,8.45454,23.0,56.46,annealing_T=75_h=5,present,present,False,20.0,1256.6370614359173,annealing_T=75_h=5,v,20260521-080451,phase_detection,user_fixed_radius,user_fixed_radius,,20260521-080451,0.8910667763978208,False,8.534,4.6823,8.534,0.0928086,0.028788,0.019485,10.1757,6.13501,0.943552,2,0.471776,0,3,8.13742e-09,1
24,868.64,1007.25,399.4,7.8034,17.0,56.13,annealing_T=75_h=5,present,present,False,20.0,1256.6370614359173,annealing_T=75_h=5,v,20260521-080451,phase_detection,user_fixed_radius,user_fixed_radius,,20260521-080451,0.257099202643636,False,5.752,2.593,5.752,0.0572623,0.0037867,0.00122086,150.694,11.7441,1.02744,2,0.513722,0,3,7.95931e-10,1
24,868.64,1007.25,443.315,7.72558,19.0,56.24,annealing_T=75_h=5,present,present,False,20.0,1256.6370614359173,annealing_T=75_h=5,v,20260521-080451,phase_detection,user_fixed_radius,user_fixed_radius,,20260521-080451,0.257099202643636,False,3.012,6.265,6.265,0.0572623,0.0037867,0.00122086,150.694,11.7441,1.02744,2,0.513722,0,3,7.95931e-10,1
24,868.64,1007.25,508.01,8.03619,21.0,56.35,annealing_T=75_h=5,present,present,False,20.0,1256.6370614359173,annealing_T=75_h=5,v,20260521-080451,phase_detection,user_fixed_radius,user_fixed_radius,,20260521-080451,0.257099202643636,False,4.837,4.084,4.837,0.0572623,0.0037867,0.00122086,150.694,11.7441,1.02744,2,0.513722,0,3,7.95931e-10,1
24,868.64,1007.25,559.635,8.22191,23.0,56.46,annealing_T=75_h=5,present,present,False,20.0,1256.6370614359173,annealing_T=75_h=5,v,20260521-080451,phase_detection,user_fixed_radius,user_fixed_radius,,20260521-080451,0.257099202643636,False,3.124,9.296,9.296,0.0572623,0.0037867,0.00122086,150.694,11.7441,1.02744,2,0.513722,0,3,7.95931e-10,1
25,872.12,565.92,12.5884,8.03782,17.0,56.13,annealing_T=75_h=5,present,present,False,20.0,1256.6370614359173,annealing_T=75_h=5,v,20260521-080451,phase_detection,user_fixed_radius,user_fixed_radius,,20260521-080451,1.0523307464861749,False,4.57853,0.2674,4.57853,0.0807527,0.0903662,0.0506997,3.8201,7.22083,0.530398,2,0.265199,0,3,2.66957e-06,1
25,872.12,565.92,18.1825,7.96366,19.0,56.24,annealing_T=75_h=5,present,present,False,20.0,1256.6370614359173,annealing_T=75_h=5,v,20260521-080451,phase_detection,user_fixed_radius,user_fixed_radius,,20260521-080451,1.0523307464861749,False,8.25296,4.1955,8.25296,0.0807527,0.0903662,0.0506997,3.8201,7.22083,0.530398,2,0.265199,0,3,2.66957e-06,1
25,872.12,565.92,25.2554,7.85992,21.0,56.35,annealing_T=75_h=5,present,present,False,20.0,1256.6370614359173,annealing_T=75_h=5,v,20260521-080451,phase_detection,user_fixed_radius,user_fixed_radius,,20260521-080451,1.0523307464861749,False,8.257,4.8496,8.257,0.0807527,0.0903662,0.0506997,3.8201,7.22083,0.530398,2,0.265199,0,3,2.66957e-06,1
25,872.12,565.92,21.7973,7.95001,23.0,56.46,annealing_T=75_h=5,present,present,False,20.0,1256.6370614359173,annealing_T=75_h=5,v,20260521-080451,phase_detection,user_fixed_radius,user_fixed_radius,,20260521-080451,1.0523307464861749,False,4.2185,9.7691,9.7691,0.0807527,0.0903662,0.0506997,3.8201,7.22083,0.530398,2,0.265199,0,3,2.66957e-06,1
26,1007.42,122.37,33.2263,7.11213,17.0,56.13,annealing_T=75_h=5,present,present,False,20.0,1256.6370614359173,annealing_T=75_h=5,v,20260521-080451,phase_detection,user_fixed_radius,user_fixed_radius,,20260521-080451,1.0410091258005194,False,0.824,0.9915,0.9915,0.0693259,0.042819,0.00772694,9.977,8.81276,0.301418,2,0.150709,0,3,7.01572e-07,1
26,1007.42,122.37,37.9755,7.12998,19.0,56.24,annealing_T=75_h=5,present,present,False,20.0,1256.6370614359173,annealing_T=75_h=5,v,20260521-080451,phase_detection,user_fixed_radius,user_fixed_radius,,20260521-080451,1.0410091258005194,False,3.2446,0.7552,3.2446,0.0693259,0.042819,0.00772694,9.977,8.81276,0.301418,2,0.150709,0,3,7.01572e-07,1
26,1007.42,122.37,39.2161,7.65034,21.0,56.35,annealing_T=75_h=5,present,present,False,20.0,1256.6370614359173,annealing_T=75_h=5,v,20260521-080451,phase_detection,user_fixed_radius,user_fixed_radius,,20260521-080451,1.0410091258005194,False,4.6632,8.3943,8.3943,0.0693259,0.042819,0.00772694,9.977,8.81276,0.301418,2,0.150709,0,3,7.01572e-07,1
26,1007.42,122.37,51.0618,7.77522,23.0,56.46,annealing_T=75_h=5,present,present,False,20.0,1256.6370614359173,annealing_T=75_h=5,v,20260521-080451,phase_detection,user_fixed_radius,user_fixed_radius,,20260521-080451,1.0410091258005194,False,1.3748,3.1116,3.1116,0.0693259,0.042819,0.00772694,9.977,8.81276,0.301418,2,0.150709,0,3,7.01572e-07,1
27,1048.67,957.24,170.658,8.7949,17.0,56.13,annealing_T=75_h=5,present,present,False,20.0,1256.6370614359173,annealing_T=75_h=5,v,20260521-080451,phase_detection,user_fixed_radius,user_fixed_radius,,20260521-080451,0.2433105012119318,False,1.003,0.691,1.003,0.0997141,0.00838387,0.000552751,32.871,5.77979,2.1919,2,1.09595,0,3,1.64111e-07,1
27,1048.67,957.24,227.838,8.71118,19.0,56.24,annealing_T=75_h=5,present,present,False,20.0,1256.6370614359173,annealing_T=75_h=5,v,20260521-080451,phase_detection,user_fixed_radius,user_fixed_radius,,20260521-080451,0.2433105012119318,False,9.007,1.666,9.007,0.0997141,0.00838387,0.000552751,32.871,5.77979,2.1919,2,1.09595,0,3,1.64111e-07,1
27,1048.67,957.24,268.365,9.01901,21.0,56.35,annealing_T=75_h=5,present,present,False,20.0,1256.6370614359173,annealing_T=75_h=5,v,20260521-080451,phase_detection,user_fixed_radius,user_fixed_radius,,20260521-080451,0.2433105012119318,False,1.189,0.798,1.189,0.0997141,0.00838387,0.000552751,32.871,5.77979,2.1919,2,1.09595,0,3,1.64111e-07,1
27,1048.67,957.24,322.507,9.23315,23.0,56.46,annealing_T=75_h=5,present,present,False,20.0,1256.6370614359173,annealing_T=75_h=5,v,20260521-080451,phase_detection,user_fixed_radius,user_fixed_radius,,20260521-080451,0.2433105012119318,False,6.133,0.774,6.133,0.0997141,0.00838387,0.000552751,32.871,5.77979,2.1919,2,1.09595,0,3,1.64111e-07,1
28,1051.68,803.85,59.3506,7.59247,17.0,56.13,annealing_T=75_h=5,present,present,False,20.0,1256.6370614359173,annealing_T=75_h=5,v,20260521-080451,phase_detection,user_fixed_radius,user_fixed_radius,,20260521-080451,0.4535416188179162,False,5.5864,0.4481,5.5864,0.058971,0.0289338,0.0102202,19.403,11.5432,5.82415,2,2.91207,0,3,1.01697e-06,1
28,1051.68,803.85,45.1379,7.77885,19.0,56.24,annealing_T=75_h=5,present,present,False,20.0,1256.6370614359173,annealing_T=75_h=5,v,20260521-080451,phase_detection,user_fixed_radius,user_fixed_radius,,20260521-080451,0.4535416188179162,False,4.2565,9.3195,9.3195,0.058971,0.0289338,0.0102202,19.403,11.5432,5.82415,2,2.91207,0,3,1.01697e-06,1
28,1051.68,803.85,77.4505,8.22592,21.0,56.35,annealing_T=75_h=5,present,present,False,20.0,1256.6370614359173,annealing_T=75_h=5,v,20260521-080451,phase_detection,user_fixed_radius,user_fixed_radius,,20260521-080451,0.4535416188179162,False,3.2266,5.5773,5.5773,0.058971,0.0289338,0.0102202,19.403,11.5432,5.82415,2,2.91207,0,3,1.01697e-06,1
28,1051.68,803.85,73.3318,8.21716,23.0,56.46,annealing_T=75_h=5,present,present,False,20.0,1256.6370614359173,annealing_T=75_h=5,v,20260521-080451,phase_detection,user_fixed_radius,user_fixed_radius,,20260521-080451,0.4535416188179162,False,4.5774,0.5117,4.5774,0.058971,0.0289338,0.0102202,19.403,11.5432,5.82415,2,2.91207,0,3,1.01697e-06,1
29,1069.41,235.2,15.8421,6.72976,17.0,56.13,annealing_T=75_h=5,present,present,False,20.0,1256.6370614359173,annealing_T=75_h=5,v,20260521-080451,phase_detection,user_fixed_radius,user_fixed_radius,,20260521-080451,1.3423859355640748,False,10.47491,3.9086,10.47491,0.161847,0.0718818,0.158934,0.906145,1.39588,0.128352,2,0.0641761,0,3,8.50438e-06,1
29,1069.41,235.2,17.8636,6.9919,19.0,56.24,annealing_T=75_h=5,present,present,False,20.0,1256.6370614359173,annealing_T=75_h=5,v,20260521-080451,phase_detection,user_fixed_radius,user_fixed_radius,,20260521-080451,1.3423859355640748,False,7.93631,9.6151,9.6151,0.161847,0.0718818,0.158934,0.906145,1.39588,0.128352,2,0.0641761,0,3,8.50438e-06,1
29,1069.41,235.2,26.8758,7.3771,21.0,56.35,annealing_T=75_h=5,present,present,False,20.0,1256.6370614359173,annealing_T=75_h=5,v,20260521-080451,phase_detection,user_fixed_radius,user_fixed_radius,,20260521-080451,1.3423859355640748,False,9.068,2.6786,9.068,0.161847,0.0718818,0.158934,0.906145,1.39588,0.128352,2,0.0641761,0,3,8.50438e-06,1
29,1069.41,235.2,37.965,7.39,23.0,56.46,annealing_T=75_h=5,present,present,False,20.0,1256.6370614359173,annealing_T=75_h=5,v,20260521-080451,phase_detection,user_fixed_radius,user_fixed_radius,,20260521-080451,1.3423859355640748,False,2.8317,0.5801,2.8317,0.161847,0.0718818,0.158934,0.906145,1.39588,0.128352,2,0.0641761,0,3,8.50438e-06,1
30,1088.17,910.53,51.3348,7.32915,17.0,56.13,annealing_T=75_h=5,present,present,False,20.0,1256.6370614359173,annealing_T=75_h=5,v,20260521-080451,phase_detection,user_fixed_radius,user_fixed_radius,,20260521-080451,0.3138470965295304,False,1.0893,2.4955,2.4955,-0.0279002,0.0481136,0.0560687,68.2808,64.6674,12.0815,2,6.04076,0,3,4.40193e-07,1
30,1088.17,910.53,19.1147,7.62827,19.0,56.24,annealing_T=75_h=5,present,present,False,20.0,1256.6370614359173,annealing_T=75_h=5,v,20260521-080451,phase_detection,user_fixed_radius,user_fixed_radius,,20260521-080451,0.3138470965295304,False,0.5327,1.6125,1.6125,-0.0279002,0.0481136,0.0560687,68.2808,64.6674,12.0815,2,6.04076,0,3,4.40193e-07,1
30,1088.17,910.53,51.9425,8.07374,21.0,56.35,annealing_T=75_h=5,present,present,False,20.0,1256.6370614359173,annealing_T=75_h=5,v,20260521-080451,phase_detection,user_fixed_radius,user_fixed_radius,,20260521-080451,0.3138470965295304,False,6.028,10.323,10.323,-0.0279002,0.0481136,0.0560687,68.2808,64.6674,12.0815,2,6.04076,0,3,4.40193e-07,1
30,1088.17,910.53,34.9476,7.92775,23.0,56.46,annealing_T=75_h=5,present,present,False,20.0,1256.6370614359173,annealing_T=75_h=5,v,20260521-080451,phase_detection,user_fixed_radius,user_fixed_radius,,20260521-080451,0.3138470965295304,False,10.6861,1.0971,10.6861,-0.0279002,0.0481136,0.0560687,68.2808,64.6674,12.0815,2,6.04076,0,3,4.40193e-07,1
31,1089.48,687.61,88.0015,12.3788,17.0,56.13,annealing_T=75_h=5,present,present,False,20.0,1256.6370614359173,annealing_T=75_h=5,v,20260521-080451,phase_detection,user_fixed_radius,user_fixed_radius,,20260521-080451,0.4472135955000189,False,3.0252,1.1678,3.0252,0.06976,0.0256668,0.00290844,25.1815,13.5235,1.40691,2,0.703457,0,3,2.70131e-07,1
31,1089.48,687.61,85.6552,10.6572,19.0,56.24,annealing_T=75_h=5,present,present,False,20.0,1256.6370614359173,annealing_T=75_h=5,v,20260521-080451,phase_detection,user_fixed_radius,user_fixed_radius,,20260521-080451,0.4472135955000189,False,3.9764,3.4089,3.9764,0.06976,0.0256668,0.00290844,25.1815,13.5235,1.40691,2,0.703457,0,3,2.70131e-07,1
31,1089.48,687.61,116.874,11.7486,21.0,56.35,annealing_T=75_h=5,present,present,False,20.0,1256.6370614359173,annealing_T=75_h=5,v,20260521-080451,phase_detection,user_fixed_radius,user_fixed_radius,,20260521-080451,0.4472135955000189,False,5.215,3.817,5.215,0.06976,0.0256668,0.00290844,25.1815,13.5235,1.40691,2,0.703457,0,3,2.70131e-07,1
31,1089.48,687.61,123.796,10.7408,23.0,56.46,annealing_T=75_h=5,present,present,False,20.0,1256.6370614359173,annealing_T=75_h=5,v,20260521-080451,phase_detection,user_fixed_radius,user_fixed_radius,,20260521-080451,0.4472135955000189,False,6.484,2.223,6.484,0.06976,0.0256668,0.00290844,25.1815,13.5235,1.40691,2,0.703457,0,3,2.70131e-07,1
32,1149.67,429.01,68.7847,7.18049,17.0,56.13,annealing_T=75_h=5,present,present,False,20.0,1256.6370614359173,annealing_T=75_h=5,v,20260521-080451,phase_detection,user_fixed_radius,user_fixed_radius,,20260521-080451,0.8005623023852002,False,4.8722,4.4294,4.8722,0.051169,0.0225241,0.0229942,27.5579,12.6982,0.635942,2,0.317971,0,3,5.77319e-08,1
32,1149.67,429.01,70.2268,7.4058,19.0,56.24,annealing_T=75_h=5,present,present,False,20.0,1256.6370614359173,annealing_T=75_h=5,v,20260521-080451,phase_detection,user_fixed_radius,user_fixed_radius,,20260521-080451,0.8005623023852002,False,2.5703,2.0954,2.5703,0.051169,0.0225241,0.0229942,27.5579,12.6982,0.635942,2,0.317971,0,3,5.77319e-08,1
32,1149.67,429.01,77.2337,7.85478,21.0,56.35,annealing_T=75_h=5,present,present,False,20.0,1256.6370614359173,annealing_T=75_h=5,v,20260521-080451,phase_detection,user_fixed_radius,user_fixed_radius,,20260521-080451,0.8005623023852002,False,1.4034,2.0781,2.0781,0.051169,0.0225241,0.0229942,27.5579,12.6982,0.635942,2,0.317971,0,3,5.77319e-08,1
32,1149.67,429.01,92.3415,7.90877,23.0,56.46,annealing_T=75_h=5,present,present,False,20.0,1256.6370614359173,annealing_T=75_h=5,v,20260521-080451,phase_detection,user_fixed_radius,user_fixed_radius,,20260521-080451,0.8005623023852002,False,5.1868,7.6615,7.6615,0.051169,0.0225241,0.0229942,27.5579,12.6982,0.635942,2,0.317971,0,3,5.77319e-08,1
33,1170.45,239.89,2620.07,9.56177,17.0,56.13,annealing_T=75_h=5,present,present,False,20.0,1256.6370614359173,annealing_T=75_h=5,v,20260521-080451,phase_detection,user_fixed_radius,user_fixed_radius,,20260521-080451,0.9353608929178712,False,22.62,40.32,40.32,0.0689464,0.000695449,0.000219007,811.956,11.6348,0.11862,2,0.0593102,0,3,5.66357e-09,1
33,1170.45,239.89,3011.78,9.4382,19.0,56.24,annealing_T=75_h=5,present,present,False,20.0,1256.6370614359173,annealing_T=75_h=5,v,20260521-080451,phase_detection,user_fixed_radius,user_fixed_radius,,20260521-080451,0.9353608929178712,False,33.19,49.2,49.2,0.0689464,0.000695449,0.000219007,811.956,11.6348,0.11862,2,0.0593102,0,3,5.66357e-09,1
33,1170.45,239.89,3452.67,10.6189,21.0,56.35,annealing_T=75_h=5,present,present,False,20.0,1256.6370614359173,annealing_T=75_h=5,v,20260521-080451,phase_detection,user_fixed_radius,user_fixed_radius,,20260521-080451,0.9353608929178712,False,39.42,51.71,51.71,0.0689464,0.000695449,0.000219007,811.956,11.6348,0.11862,2,0.0593102,0,3,5.66357e-09,1
33,1170.45,239.89,3964.82,10.4951,23.0,56.46,annealing_T=75_h=5,present,present,False,20.0,1256.6370614359173,annealing_T=75_h=5,v,20260521-080451,phase_detection,user_fixed_radius,user_fixed_radius,,20260521-080451,0.9353608929178712,False,41.56,62.94,62.94,0.0689464,0.000695449,0.000219007,811.956,11.6348,0.11862,2,0.0593102,0,3,5.66357e-09,1
34,1181.15,593.92,34.6779,7.28753,17.0,56.13,annealing_T=75_h=5,present,present,False,20.0,1256.6370614359173,annealing_T=75_h=5,v,20260521-080451,phase_detection,user_fixed_radius,user_fixed_radius,,20260521-080451,0.7387827826906265,False,6.6426,4.8669,6.6426,0.0706772,0.0352163,0.024332,11.6495,8.48719,1.05801,2,0.529006,0,3,1.75079e-07,1
34,1181.15,593.92,50.8015,7.39088,19.0,56.24,annealing_T=75_h=5,present,present,False,20.0,1256.6370614359173,annealing_T=75_h=5,v,20260521-080451,phase_detection,user_fixed_radius,user_fixed_radius,,20260521-080451,0.7387827826906265,False,11.4478,5.4784,11.4478,0.0706772,0.0352163,0.024332,11.6495,8.48719,1.05801,2,0.529006,0,3,1.75079e-07,1
34,1181.15,593.92,49.9382,7.83061,21.0,56.35,annealing_T=75_h=5,present,present,False,20.0,1256.6370614359173,annealing_T=75_h=5,v,20260521-080451,phase_detection,user_fixed_radius,user_fixed_radius,,20260521-080451,0.7387827826906265,False,2.5042,0.7057,2.5042,0.0706772,0.0352163,0.024332,11.6495,8.48719,1.05801,2,0.529006,0,3,1.75079e-07,1
34,1181.15,593.92,58.2897,7.82886,23.0,56.46,annealing_T=75_h=5,present,present,False,20.0,1256.6370614359173,annealing_T=75_h=5,v,20260521-080451,phase_detection,user_fixed_radius,user_fixed_radius,,20260521-080451,0.7387827826906265,False,6.2075,4.5761,6.2075,0.0706772,0.0352163,0.024332,11.6495,8.48719,1.05801,2,0.529006,0,3,1.75079e-07,1
35,1228.41,671.04,143.046,9.35402,17.0,56.13,annealing_T=75_h=5,present,present,False,20.0,1256.6370614359173,annealing_T=75_h=5,v,20260521-080451,phase_detection,user_fixed_radius,user_fixed_radius,,20260521-080451,3.85024674533981,False,0.257,10.967,10.967,-0.182658,0.0350973,0.0322416,2834.39,1841.09,22.4493,2,11.2247,0,3,7.24743e-08,1
35,1228.41,671.04,53.0213,9.22538,19.0,56.24,annealing_T=75_h=5,present,present,False,20.0,1256.6370614359173,annealing_T=75_h=5,v,20260521-080451,phase_detection,user_fixed_radius,user_fixed_radius,,20260521-080451,3.85024674533981,False,4.0291,1.863,4.0291,-0.182658,0.0350973,0.0322416,2834.39,1841.09,22.4493,2,11.2247,0,3,7.24743e-08,1
35,1228.41,671.04,65.2376,9.06462,21.0,56.35,annealing_T=75_h=5,present,present,False,20.0,1256.6370614359173,annealing_T=75_h=5,v,20260521-080451,phase_detection,user_fixed_radius,user_fixed_radius,,20260521-080451,3.85024674533981,False,8.4206,4.0615,8.4206,-0.182658,0.0350973,0.0322416,2834.39,1841.09,22.4493,2,11.2247,0,3,7.24743e-08,1
35,1228.41,671.04,62.6563,9.20787,23.0,56.46,annealing_T=75_h=5,present,present,False,20.0,1256.6370614359173,annealing_T=75_h=5,v,20260521-080451,phase_detection,user_fixed_radius,user_fixed_radius,,20260521-080451,3.85024674533981,False,0.8806,1.9475,1.9475,-0.182658,0.0350973,0.0322416,2834.39,1841.09,22.4493,2,11.2247,0,3,7.24743e-08,1
36,1241.61,153.61,25.2754,8.92564,17.0,56.13,annealing_T=75_h=5,absent,not_yet_detected,False,20.0,1256.6370614359173,annealing_T=100_h=5,v,20260612-001017,first_future_detection,user_fixed_radius,user_fixed_radius,,20260521-080451,0.912414379544688,False,3.7421,5.9087,5.9087,,,,,,,,,,,,0
36,1241.61,153.61,50.061,7.99032,19.0,56.24,annealing_T=75_h=5,absent,not_yet_detected,False,20.0,1256.6370614359173,annealing_T=100_h=5,v,20260612-001017,first_future_detection,user_fixed_radius,user_fixed_radius,,20260521-080451,0.912414379544688,False,5.2689,0.8698,5.2689,,,,,,,,,,,,0
36,1241.61,153.61,53.6913,8.92639,21.0,56.35,annealing_T=75_h=5,absent,not_yet_detected,False,20.0,1256.6370614359173,annealing_T=100_h=5,v,20260612-001017,first_future_detection,user_fixed_radius,user_fixed_radius,,20260521-080451,0.912414379544688,False,0.6176,0.4087,0.6176,,,,,,,,,,,,0
36,1241.61,153.61,72.5092,9.23579,23.0,56.46,annealing_T=75_h=5,absent,not_yet_detected,False,20.0,1256.6370614359173,annealing_T=100_h=5,v,20260612-001017,first_future_detection,user_fixed_radius,user_fixed_radius,,20260521-080451,0.912414379544688,False,2.0588,0.9298,2.0588,,,,,,,,,,,,0
37,1245.16,484.32,313.397,7.23617,17.0,56.13,annealing_T=75_h=5,present,present,False,20.0,1256.6370614359173,annealing_T=75_h=5,v,20260521-080451,phase_detection,user_fixed_radius,user_fixed_radius,,20260521-080451,0.5700877125497326,False,1.619,2.454,2.454,0.0412283,0.00448585,0.000562985,163.121,14.9056,37.1378,2,18.5689,0,3,1.28288e-06,1
37,1245.16,484.32,361.198,7.35117,19.0,56.24,annealing_T=75_h=5,present,present,False,20.0,1256.6370614359173,annealing_T=75_h=5,v,20260521-080451,phase_detection,user_fixed_radius,user_fixed_radius,,20260521-080451,0.5700877125497326,False,1.036,5.073,5.073,0.0412283,0.00448585,0.000562985,163.121,14.9056,37.1378,2,18.5689,0,3,1.28288e-06,1
37,1245.16,484.32,425.071,7.85766,21.0,56.35,annealing_T=75_h=5,present,present,False,20.0,1256.6370614359173,annealing_T=75_h=5,v,20260521-080451,phase_detection,user_fixed_radius,user_fixed_radius,,20260521-080451,0.5700877125497326,False,7.239,3.798,7.239,0.0412283,0.00448585,0.000562985,163.121,14.9056,37.1378,2,18.5689,0,3,1.28288e-06,1
37,1245.16,484.32,396.349,7.92709,23.0,56.46,annealing_T=75_h=5,present,present,False,20.0,1256.6370614359173,annealing_T=75_h=5,v,20260521-080451,phase_detection,user_fixed_radius,user_fixed_radius,,20260521-080451,0.5700877125497326,False,3.091,5.3,5.3,0.0412283,0.00448585,0.000562985,163.121,14.9056,37.1378,2,18.5689,0,3,1.28288e-06,1
38,1254.72,595.14,-6.86407,7.55519,17.0,56.13,annealing_T=75_h=5,absent,disappeared,False,20.0,1256.6370614359173,before_annealing,v,20260514-062228,previous_detection,user_fixed_radius,user_fixed_radius,,20260521-080451,0.7000000000000455,False,1.5226,3.45044,3.45044,,,,,,,,,,,,0
38,1254.72,595.14,-3.96553,7.62799,19.0,56.24,annealing_T=75_h=5,absent,disappeared,False,20.0,1256.6370614359173,before_annealing,v,20260514-062228,previous_detection,user_fixed_radius,user_fixed_radius,,20260521-080451,0.7000000000000455,False,0.06526,7.63238,7.63238,,,,,,,,,,,,0
38,1254.72,595.14,-10.4297,8.07997,21.0,56.35,annealing_T=75_h=5,absent,disappeared,False,20.0,1256.6370614359173,before_annealing,v,20260514-062228,previous_detection,user_fixed_radius,user_fixed_radius,,20260521-080451,0.7000000000000455,False,1.1885,6.53318,6.53318,,,,,,,,,,,,0
38,1254.72,595.14,7.62179,8.16631,23.0,56.46,annealing_T=75_h=5,absent,disappeared,False,20.0,1256.6370614359173,before_annealing,v,20260514-062228,previous_detection,user_fixed_radius,user_fixed_radius,,20260521-080451,0.7000000000000455,False,8.91729,3.56591,8.91729,,,,,,,,,,,,0
39,1255.56,231.78,-8.33692,7.21971,17.0,56.13,annealing_T=75_h=5,absent,disappeared,False,20.0,1256.6370614359173,before_annealing,v,20260514-062228,previous_detection,user_fixed_radius,user_fixed_radius,,20260521-080451,1.3182184947875275,False,7.88808,7.976127,7.976127,,,,,,,,,,,,0
39,1255.56,231.78,-7.09738,7.16445,19.0,56.24,annealing_T=75_h=5,absent,disappeared,False,20.0,1256.6370614359173,before_annealing,v,20260514-062228,previous_detection,user_fixed_radius,user_fixed_radius,,20260521-080451,1.3182184947875275,False,8.98772,5.28786,8.98772,,,,,,,,,,,,0
39,1255.56,231.78,-17.77,7.78065,21.0,56.35,annealing_T=75_h=5,absent,disappeared,False,20.0,1256.6370614359173,before_annealing,v,20260514-062228,previous_detection,user_fixed_radius,user_fixed_radius,,20260521-080451,1.3182184947875275,False,7.6007,8.24392,8.24392,,,,,,,,,,,,0
39,1255.56,231.78,-2.71728,7.8221,23.0,56.46,annealing_T=75_h=5,absent,disappeared,False,20.0,1256.6370614359173,before_annealing,v,20260514-062228,previous_detection,user_fixed_radius,user_fixed_radius,,20260521-080451,1.3182184947875275,False,1.97245,0.55921,1.97245,,,,,,,,,,,,0
40,1267.17,412.93,23.9558,8.03261,17.0,56.13,annealing_T=75_h=5,present,present,False,20.0,1256.6370614359173,annealing_T=75_h=5,v,20260521-080451,phase_detection,user_fixed_radius,user_fixed_radius,,20260521-080451,0.3080584360149912,False,0.3003,3.731,3.731,0.106362,0.0585945,0.0134007,3.92034,4.80264,0.0931146,2,0.0465573,0,3,5.3798e-07,1
40,1267.17,412.93,28.431,7.97478,19.0,56.24,annealing_T=75_h=5,present,present,False,20.0,1256.6370614359173,annealing_T=75_h=5,v,20260521-080451,phase_detection,user_fixed_radius,user_fixed_radius,,20260521-080451,0.3080584360149912,False,3.6345,0.8622,3.6345,0.106362,0.0585945,0.0134007,3.92034,4.80264,0.0931146,2,0.0465573,0,3,5.3798e-07,1
40,1267.17,412.93,38.8075,8.89001,21.0,56.35,annealing_T=75_h=5,present,present,False,20.0,1256.6370614359173,annealing_T=75_h=5,v,20260521-080451,phase_detection,user_fixed_radius,user_fixed_radius,,20260521-080451,0.3080584360149912,False,2.718,3.5414,3.5414,0.106362,0.0585945,0.0134007,3.92034,4.80264,0.0931146,2,0.0465573,0,3,5.3798e-07,1
40,1267.17,412.93,44.3501,9.06258,23.0,56.46,annealing_T=75_h=5,present,present,False,20.0,1256.6370614359173,annealing_T=75_h=5,v,20260521-080451,phase_detection,user_fixed_radius,user_fixed_radius,,20260521-080451,0.3080584360149912,False,6.1894,2.9355,6.1894,0.106362,0.0585945,0.0134007,3.92034,4.80264,0.0931146,2,0.0465573,0,3,5.3798e-07,1
41,1287.81,874.46,42.4811,7.71727,17.0,56.13,annealing_T=75_h=5,present,present,False,20.0,1256.6370614359173,annealing_T=75_h=5,v,20260521-080451,phase_detection,user_fixed_radius,user_fixed_radius,,20260521-080451,0.2334523505985867,False,0.247,4.1903,4.1903,0.10071,0.0364979,0.00549618,6.94839,5.3247,0.917375,2,0.458687,0,3,1.50659e-06,1
41,1287.81,874.46,44.3139,8.38477,19.0,56.24,annealing_T=75_h=5,present,present,False,20.0,1256.6370614359173,annealing_T=75_h=5,v,20260521-080451,phase_detection,user_fixed_radius,user_fixed_radius,,20260521-080451,0.2334523505985867,False,1.0052,3.6687,3.6687,0.10071,0.0364979,0.00549618,6.94839,5.3247,0.917375,2,0.458687,0,3,1.50659e-06,1
41,1287.81,874.46,51.9585,9.0138,21.0,56.35,annealing_T=75_h=5,present,present,False,20.0,1256.6370614359173,annealing_T=75_h=5,v,20260521-080451,phase_detection,user_fixed_radius,user_fixed_radius,,20260521-080451,0.2334523505985867,False,10.4276,3.6887,10.4276,0.10071,0.0364979,0.00549618,6.94839,5.3247,0.917375,2,0.458687,0,3,1.50659e-06,1
41,1287.81,874.46,73.6677,8.30411,23.0,56.46,annealing_T=75_h=5,present,present,False,20.0,1256.6370614359173,annealing_T=75_h=5,v,20260521-080451,phase_detection,user_fixed_radius,user_fixed_radius,,20260521-080451,0.2334523505985867,False,2.2669,2.5474,2.5474,0.10071,0.0364979,0.00549618,6.94839,5.3247,0.917375,2,0.458687,0,3,1.50659e-06,1
42,1293.44,321.01,51.0606,8.43005,17.0,56.13,annealing_T=75_h=5,present,present,False,20.0,1256.6370614359173,annealing_T=75_h=5,v,20260521-080451,phase_detection,user_fixed_radius,user_fixed_radius,,20260521-080451,0.8273451516749324,False,9.7451,9.9505,9.9505,0.0801343,0.0310304,0.0279209,13.0695,8.44257,0.129199,2,0.0645993,0,3,5.22502e-07,1
42,1293.44,321.01,61.4422,9.33626,19.0,56.24,annealing_T=75_h=5,present,present,False,20.0,1256.6370614359173,annealing_T=75_h=5,v,20260521-080451,phase_detection,user_fixed_radius,user_fixed_radius,,20260521-080451,0.8273451516749324,False,6.6173,2.9186,6.6173,0.0801343,0.0310304,0.0279209,13.0695,8.44257,0.129199,2,0.0645993,0,3,5.22502e-07,1
42,1293.44,321.01,67.4703,9.63585,21.0,56.35,annealing_T=75_h=5,present,present,False,20.0,1256.6370614359173,annealing_T=75_h=5,v,20260521-080451,phase_detection,user_fixed_radius,user_fixed_radius,,20260521-080451,0.8273451516749324,False,7.3348,1.4927,7.3348,0.0801343,0.0310304,0.0279209,13.0695,8.44257,0.129199,2,0.0645993,0,3,5.22502e-07,1
42,1293.44,321.01,83.6454,9.09546,23.0,56.46,annealing_T=75_h=5,present,present,False,20.0,1256.6370614359173,annealing_T=75_h=5,v,20260521-080451,phase_detection,user_fixed_radius,user_fixed_radius,,20260521-080451,0.8273451516749324,False,2.4011,2.4855,2.4855,0.0801343,0.0310304,0.0279209,13.0695,8.44257,0.129199,2,0.0645993,0,3,5.22502e-07,1
43,1321.48,74.27,52.4452,7.82439,17.0,56.13,annealing_T=75_h=5,present,present,False,20.0,1256.6370614359173,annealing_T=75_h=5,v,20260521-080451,phase_detection,user_fixed_radius,user_fixed_radius,,20260521-080451,0.8188406438373175,False,2.2794,0.4066,2.2794,0.000928527,0.0379988,0.0192901,48.3633,36.8191,0.813375,2,0.406688,0,3,4.75579e-08,1
43,1321.48,74.27,46.0068,7.96584,19.0,56.24,annealing_T=75_h=5,present,present,False,20.0,1256.6370614359173,annealing_T=75_h=5,v,20260521-080451,phase_detection,user_fixed_radius,user_fixed_radius,,20260521-080451,0.8188406438373175,False,1.1137,3.4946,3.4946,0.000928527,0.0379988,0.0192901,48.3633,36.8191,0.813375,2,0.406688,0,3,4.75579e-08,1
43,1321.48,74.27,45.1868,8.25634,21.0,56.35,annealing_T=75_h=5,present,present,False,20.0,1256.6370614359173,annealing_T=75_h=5,v,20260521-080451,phase_detection,user_fixed_radius,user_fixed_radius,,20260521-080451,0.8188406438373175,False,4.2059,2.0875,4.2059,0.000928527,0.0379988,0.0192901,48.3633,36.8191,0.813375,2,0.406688,0,3,4.75579e-08,1
43,1321.48,74.27,53.2729,8.22378,23.0,56.46,annealing_T=75_h=5,present,present,False,20.0,1256.6370614359173,annealing_T=75_h=5,v,20260521-080451,phase_detection,user_fixed_radius,user_fixed_radius,,20260521-080451,0.8188406438373175,False,0.7458,5.6572,5.6572,0.000928527,0.0379988,0.0192901,48.3633,36.8191,0.813375,2,0.406688,0,3,4.75579e-08,1
44,1323.6,529.55,19.7021,7.70293,17.0,56.13,annealing_T=75_h=5,present,present,False,20.0,1256.6370614359173,annealing_T=75_h=5,v,20260521-080451,phase_detection,user_fixed_radius,user_fixed_radius,,20260521-080451,1.4508618128545114,False,0.6633,3.1778,3.1778,0.107819,0.0604478,0.0105359,3.35268,4.27284,1.39672,2,0.698362,0,3,3.23278e-08,1
44,1323.6,529.55,22.9112,7.73023,19.0,56.24,annealing_T=75_h=5,present,present,False,20.0,1256.6370614359173,annealing_T=75_h=5,v,20260521-080451,phase_detection,user_fixed_radius,user_fixed_radius,,20260521-080451,1.4508618128545114,False,3.0195,1.5771,3.0195,0.107819,0.0604478,0.0105359,3.35268,4.27284,1.39672,2,0.698362,0,3,3.23278e-08,1
44,1323.6,529.55,40.3673,8.0561,21.0,56.35,annealing_T=75_h=5,present,present,False,20.0,1256.6370614359173,annealing_T=75_h=5,v,20260521-080451,phase_detection,user_fixed_radius,user_fixed_radius,,20260521-080451,1.4508618128545114,False,3.8301,2.8778,3.8301,0.107819,0.0604478,0.0105359,3.35268,4.27284,1.39672,2,0.698362,0,3,3.23278e-08,1
44,1323.6,529.55,36.4831,7.96742,23.0,56.46,annealing_T=75_h=5,present,present,False,20.0,1256.6370614359173,annealing_T=75_h=5,v,20260521-080451,phase_detection,user_fixed_radius,user_fixed_radius,,20260521-080451,1.4508618128545114,False,0.7967,2.812,2.812,0.107819,0.0604478,0.0105359,3.35268,4.27284,1.39672,2,0.698362,0,3,3.23278e-08,1
45,1372.58,811.55,174.873,7.23088,17.0,56.13,annealing_T=75_h=5,present,present,False,20.0,1256.6370614359173,annealing_T=75_h=5,v,20260521-080451,phase_detection,user_fixed_radius,user_fixed_radius,,20260521-080451,0.3992492955534955,False,2.78,3.214,3.214,0.0826465,0.00764421,0.0039129,42.8368,6.79856,0.165204,2,0.0826022,0,3,3.05365e-06,1
45,1372.58,811.55,204.281,7.38667,19.0,56.24,annealing_T=75_h=5,present,present,False,20.0,1256.6370614359173,annealing_T=75_h=5,v,20260521-080451,phase_detection,user_fixed_radius,user_fixed_radius,,20260521-080451,0.3992492955534955,False,0.306,8.699,8.699,0.0826465,0.00764421,0.0039129,42.8368,6.79856,0.165204,2,0.0826022,0,3,3.05365e-06,1
45,1372.58,811.55,245.417,7.82814,21.0,56.35,annealing_T=75_h=5,present,present,False,20.0,1256.6370614359173,annealing_T=75_h=5,v,20260521-080451,phase_detection,user_fixed_radius,user_fixed_radius,,20260521-080451,0.3992492955534955,False,3.396,1.533,3.396,0.0826465,0.00764421,0.0039129,42.8368,6.79856,0.165204,2,0.0826022,0,3,3.05365e-06,1
45,1372.58,811.55,285.682,7.94103,23.0,56.46,annealing_T=75_h=5,present,present,False,20.0,1256.6370614359173,annealing_T=75_h=5,v,20260521-080451,phase_detection,user_fixed_radius,user_fixed_radius,,20260521-080451,0.3992492955534955,False,1.954,2.648,2.648,0.0826465,0.00764421,0.0039129,42.8368,6.79856,0.165204,2,0.0826022,0,3,3.05365e-06,1
46,1376.13,913.17,140.399,7.9398,17.0,56.13,annealing_T=75_h=5,present,present,False,20.0,1256.6370614359173,annealing_T=75_h=5,v,20260521-080451,phase_detection,user_fixed_radius,user_fixed_radius,,20260521-080451,0.2563201123595856,False,4.701,2.466,4.701,0.0472287,0.0121791,0.00117874,60.1061,14.954,3.99643,2,1.99822,0,3,1.50878e-06,1
46,1376.13,913.17,134.76,8.04022,19.0,56.24,annealing_T=75_h=5,present,present,False,20.0,1256.6370614359173,annealing_T=75_h=5,v,20260521-080451,phase_detection,user_fixed_radius,user_fixed_radius,,20260521-080451,0.2563201123595856,False,1.861,5.745,5.745,0.0472287,0.0121791,0.00117874,60.1061,14.954,3.99643,2,1.99822,0,3,1.50878e-06,1
46,1376.13,913.17,169.967,8.4562,21.0,56.35,annealing_T=75_h=5,present,present,False,20.0,1256.6370614359173,annealing_T=75_h=5,v,20260521-080451,phase_detection,user_fixed_radius,user_fixed_radius,,20260521-080451,0.2563201123595856,False,3.814,2.514,3.814,0.0472287,0.0121791,0.00117874,60.1061,14.954,3.99643,2,1.99822,0,3,1.50878e-06,1
46,1376.13,913.17,177.127,8.68835,23.0,56.46,annealing_T=75_h=5,present,present,False,20.0,1256.6370614359173,annealing_T=75_h=5,v,20260521-080451,phase_detection,user_fixed_radius,user_fixed_radius,,20260521-080451,0.2563201123595856,False,3.954,0.592,3.954,0.0472287,0.0121791,0.00117874,60.1061,14.954,3.99643,2,1.99822,0,3,1.50878e-06,1
47,1464.54,946.01,28.1987,7.87147,17.0,56.13,annealing_T=75_h=5,present,present,False,20.0,1256.6370614359173,annealing_T=75_h=5,v,20260521-080451,phase_detection,user_fixed_radius,user_fixed_radius,,20260521-080451,1.0960383204980408,False,1.8161,0.0687,1.8161,0.0701119,0.0642566,0.0118499,7.58342,10.0649,0.502925,2,0.251463,0,3,2.02726e-07,1
47,1464.54,946.01,25.1907,8.56821,19.0,56.24,annealing_T=75_h=5,present,present,False,20.0,1256.6370614359173,annealing_T=75_h=5,v,20260521-080451,phase_detection,user_fixed_radius,user_fixed_radius,,20260521-080451,1.0960383204980408,False,2.3058,0.9242,2.3058,0.0701119,0.0642566,0.0118499,7.58342,10.0649,0.502925,2,0.251463,0,3,2.02726e-07,1
47,1464.54,946.01,30.5091,8.67259,21.0,56.35,annealing_T=75_h=5,present,present,False,20.0,1256.6370614359173,annealing_T=75_h=5,v,20260521-080451,phase_detection,user_fixed_radius,user_fixed_radius,,20260521-080451,1.0960383204980408,False,1.7994,0.0441,1.7994,0.0701119,0.0642566,0.0118499,7.58342,10.0649,0.502925,2,0.251463,0,3,2.02726e-07,1
47,1464.54,946.01,40.4732,8.7459,23.0,56.46,annealing_T=75_h=5,present,present,False,20.0,1256.6370614359173,annealing_T=75_h=5,v,20260521-080451,phase_detection,user_fixed_radius,user_fixed_radius,,20260521-080451,1.0960383204980408,False,1.0558,0.9779,1.0558,0.0701119,0.0642566,0.0118499,7.58342,10.0649,0.502925,2,0.251463,0,3,2.02726e-07,1
48,1497.76,508.91,471.277,7.253,17.0,56.13,annealing_T=75_h=5,present,present,False,20.0,1256.6370614359173,annealing_T=75_h=5,v,20260521-080451,phase_detection,user_fixed_radius,user_fixed_radius,,20260521-080451,0.9558765610684816,False,4.24,15.876,15.876,0.067479,0.00286852,0.00132924,153.332,9.06773,7.15725,2,3.57862,0,3,3.53476e-07,1
48,1497.76,508.91,564.286,7.35238,19.0,56.24,annealing_T=75_h=5,present,present,False,20.0,1256.6370614359173,annealing_T=75_h=5,v,20260521-080451,phase_detection,user_fixed_radius,user_fixed_radius,,20260521-080451,0.9558765610684816,False,4.942,13.706,13.706,0.067479,0.00286852,0.00132924,153.332,9.06773,7.15725,2,3.57862,0,3,3.53476e-07,1
48,1497.76,508.91,640.514,7.90502,21.0,56.35,annealing_T=75_h=5,present,present,False,20.0,1256.6370614359173,annealing_T=75_h=5,v,20260521-080451,phase_detection,user_fixed_radius,user_fixed_radius,,20260521-080451,0.9558765610684816,False,7.395,17.234,17.234,0.067479,0.00286852,0.00132924,153.332,9.06773,7.15725,2,3.57862,0,3,3.53476e-07,1
48,1497.76,508.91,715.676,7.95548,23.0,56.46,annealing_T=75_h=5,present,present,False,20.0,1256.6370614359173,annealing_T=75_h=5,v,20260521-080451,phase_detection,user_fixed_radius,user_fixed_radius,,20260521-080451,0.9558765610684816,False,8.95,16.278,16.278,0.067479,0.00286852,0.00132924,153.332,9.06773,7.15725,2,3.57862,0,3,3.53476e-07,1
49,1503.09,864.23,142.906,7.09463,17.0,56.13,annealing_T=75_h=5,present,present,False,20.0,1256.6370614359173,annealing_T=75_h=5,v,20260521-080451,phase_detection,user_fixed_radius,user_fixed_radius,,20260521-080451,0.4244997055358408,False,10.1,10.123,10.123,0.0832578,0.00964887,0.00256,32.9579,6.60812,4.03537,2,2.01769,0,3,4.84389e-06,1
49,1503.09,864.23,148.802,7.09642,19.0,56.24,annealing_T=75_h=5,present,present,False,20.0,1256.6370614359173,annealing_T=75_h=5,v,20260521-080451,phase_detection,user_fixed_radius,user_fixed_radius,,20260521-080451,0.4244997055358408,False,0.644,1.764,1.764,0.0832578,0.00964887,0.00256,32.9579,6.60812,4.03537,2,2.01769,0,3,4.84389e-06,1
49,1503.09,864.23,194.066,7.70374,21.0,56.35,annealing_T=75_h=5,present,present,False,20.0,1256.6370614359173,annealing_T=75_h=5,v,20260521-080451,phase_detection,user_fixed_radius,user_fixed_radius,,20260521-080451,0.4244997055358408,False,3.954,6.011,6.011,0.0832578,0.00964887,0.00256,32.9579,6.60812,4.03537,2,2.01769,0,3,4.84389e-06,1
49,1503.09,864.23,224.243,7.65473,23.0,56.46,annealing_T=75_h=5,present,present,False,20.0,1256.6370614359173,annealing_T=75_h=5,v,20260521-080451,phase_detection,user_fixed_radius,user_fixed_radius,,20260521-080451,0.4244997055358408,False,9.006,7.772,9.006,0.0832578,0.00964887,0.00256,32.9579,6.60812,4.03537,2,2.01769,0,3,4.84389e-06,1
50,1537.27,405.91,35.0423,7.24246,17.0,56.13,annealing_T=75_h=5,present,present,False,20.0,1256.6370614359173,annealing_T=75_h=5,v,20260521-080451,phase_detection,user_fixed_radius,user_fixed_radius,,20260521-080451,0.8796590248498697,False,9.6634,6.8372,9.6634,0.0784568,0.0369409,0.0479256,9.67135,7.40463,0.279036,2,0.139518,0,3,4.78039e-07,1
50,1537.27,405.91,46.0414,7.36848,19.0,56.24,annealing_T=75_h=5,present,present,False,20.0,1256.6370614359173,annealing_T=75_h=5,v,20260521-080451,phase_detection,user_fixed_radius,user_fixed_radius,,20260521-080451,0.8796590248498697,False,9.7158,7.7216,9.7158,0.0784568,0.0369409,0.0479256,9.67135,7.40463,0.279036,2,0.139518,0,3,4.78039e-07,1
50,1537.27,405.91,48.5083,7.80909,21.0,56.35,annealing_T=75_h=5,present,present,False,20.0,1256.6370614359173,annealing_T=75_h=5,v,20260521-080451,phase_detection,user_fixed_radius,user_fixed_radius,,20260521-080451,0.8796590248498697,False,4.6176,3.5264,4.6176,0.0784568,0.0369409,0.0479256,9.67135,7.40463,0.279036,2,0.139518,0,3,4.78039e-07,1
50,1537.27,405.91,58.9117,7.93626,23.0,56.46,annealing_T=75_h=5,present,present,False,20.0,1256.6370614359173,annealing_T=75_h=5,v,20260521-080451,phase_detection,user_fixed_radius,user_fixed_radius,,20260521-080451,0.8796590248498697,False,2.0417,5.4532,5.4532,0.0784568,0.0369409,0.0479256,9.67135,7.40463,0.279036,2,0.139518,0,3,4.78039e-07,1
51,1585.49,810.8,25.6437,7.45583,17.0,56.13,annealing_T=75_h=5,present,present,False,20.0,1256.6370614359173,annealing_T=75_h=5,v,20260521-080451,phase_detection,user_fixed_radius,user_fixed_radius,,20260521-080451,1.0688779163215123,False,1.5497,4.0984,4.0984,0.0903207,0.0727617,0.0251521,4.29871,6.51814,1.53604,2,0.76802,0,3,6.84533e-07,1
51,1585.49,810.8,16.7821,7.592,19.0,56.24,annealing_T=75_h=5,present,present,False,20.0,1256.6370614359173,annealing_T=75_h=5,v,20260521-080451,phase_detection,user_fixed_radius,user_fixed_radius,,20260521-080451,1.0688779163215123,False,0.0312,2.783,2.783,0.0903207,0.0727617,0.0251521,4.29871,6.51814,1.53604,2,0.76802,0,3,6.84533e-07,1
51,1585.49,810.8,28.1891,8.11253,21.0,56.35,annealing_T=75_h=5,present,present,False,20.0,1256.6370614359173,annealing_T=75_h=5,v,20260521-080451,phase_detection,user_fixed_radius,user_fixed_radius,,20260521-080451,1.0688779163215123,False,11.3261,7.8682,11.3261,0.0903207,0.0727617,0.0251521,4.29871,6.51814,1.53604,2,0.76802,0,3,6.84533e-07,1
51,1585.49,810.8,36.4505,8.0723,23.0,56.46,annealing_T=75_h=5,present,present,False,20.0,1256.6370614359173,annealing_T=75_h=5,v,20260521-080451,phase_detection,user_fixed_radius,user_fixed_radius,,20260521-080451,1.0688779163215123,False,5.87,6.6902,6.6902,0.0903207,0.0727617,0.0251521,4.29871,6.51814,1.53604,2,0.76802,0,3,6.84533e-07,1
52,1596.81,321.02,3.24036,7.5171,17.0,56.13,annealing_T=75_h=5,absent,disappeared,False,20.0,1256.6370614359173,before_annealing,v,20260514-062228,previous_detection,user_fixed_radius,user_fixed_radius,,20260521-080451,0.0905538513814048,False,2.963416,2.86593,2.963416,,,,,,,,,,,,0
52,1596.81,321.02,5.33128,7.62892,19.0,56.24,annealing_T=75_h=5,absent,disappeared,False,20.0,1256.6370614359173,before_annealing,v,20260514-062228,previous_detection,user_fixed_radius,user_fixed_radius,,20260521-080451,0.0905538513814048,False,6.60668,3.82152,6.60668,,,,,,,,,,,,0
52,1596.81,321.02,5.67852,8.19033,21.0,56.35,annealing_T=75_h=5,absent,disappeared,False,20.0,1256.6370614359173,before_annealing,v,20260514-062228,previous_detection,user_fixed_radius,user_fixed_radius,,20260521-080451,0.0905538513814048,False,5.173561,9.21258,9.21258,,,,,,,,,,,,0
52,1596.81,321.02,18.1209,8.27053,23.0,56.46,annealing_T=75_h=5,absent,disappeared,False,20.0,1256.6370614359173,before_annealing,v,20260514-062228,previous_detection,user_fixed_radius,user_fixed_radius,,20260521-080451,0.0905538513814048,False,5.1507,2.9125,5.1507,,,,,,,,,,,,0
53,1654.39,630.11,19.3615,7.1498,17.0,56.13,annealing_T=75_h=5,present,present,False,20.0,1256.6370614359173,annealing_T=75_h=5,v,20260521-080451,phase_detection,user_fixed_radius,user_fixed_radius,,20260521-080451,1.3892443989451506,False,1.2596,4.9698,4.9698,0.0563194,0.048565,0.0119582,10.3907,10.3581,4.99988,2,2.49994,0,3,6.70636e-07,1
53,1654.39,630.11,35.0642,7.11053,19.0,56.24,annealing_T=75_h=5,present,present,False,20.0,1256.6370614359173,annealing_T=75_h=5,v,20260521-080451,phase_detection,user_fixed_radius,user_fixed_radius,,20260521-080451,1.3892443989451506,False,7.3424,0.1651,7.3424,0.0563194,0.048565,0.0119582,10.3907,10.3581,4.99988,2,2.49994,0,3,6.70636e-07,1
53,1654.39,630.11,45.285,7.68295,21.0,56.35,annealing_T=75_h=5,present,present,False,20.0,1256.6370614359173,annealing_T=75_h=5,v,20260521-080451,phase_detection,user_fixed_radius,user_fixed_radius,,20260521-080451,1.3892443989451506,False,3.104,6.8205,6.8205,0.0563194,0.048565,0.0119582,10.3907,10.3581,4.99988,2,2.49994,0,3,6.70636e-07,1
53,1654.39,630.11,29.4022,7.81869,23.0,56.46,annealing_T=75_h=5,present,present,False,20.0,1256.6370614359173,annealing_T=75_h=5,v,20260521-080451,phase_detection,user_fixed_radius,user_fixed_radius,,20260521-080451,1.3892443989451506,False,4.4003,3.8885,4.4003,0.0563194,0.048565,0.0119582,10.3907,10.3581,4.99988,2,2.49994,0,3,6.70636e-07,1
54,1733.26,723.59,3351.34,8.59281,17.0,56.13,annealing_T=75_h=5,present,appeared,False,20.0,1256.6370614359173,annealing_T=75_h=5,v,20260521-080451,phase_detection,user_fixed_radius,user_fixed_radius,,20260521-080451,0.7602631123499638,False,35.32,53.58,53.58,0.0553597,0.000516458,0.000208131,1311.36,13.8601,377.522,2,188.761,0,3,8.66523e-09,1
54,1733.26,723.59,3690.62,9.09286,19.0,56.24,annealing_T=75_h=5,present,appeared,False,20.0,1256.6370614359173,annealing_T=75_h=5,v,20260521-080451,phase_detection,user_fixed_radius,user_fixed_radius,,20260521-080451,0.7602631123499638,False,44.99,53.82,53.82,0.0553597,0.000516458,0.000208131,1311.36,13.8601,377.522,2,188.761,0,3,8.66523e-09,1
54,1733.26,723.59,4351.8,9.67633,21.0,56.35,annealing_T=75_h=5,present,appeared,False,20.0,1256.6370614359173,annealing_T=75_h=5,v,20260521-080451,phase_detection,user_fixed_radius,user_fixed_radius,,20260521-080451,0.7602631123499638,False,44.29,64.04,64.04,0.0553597,0.000516458,0.000208131,1311.36,13.8601,377.522,2,188.761,0,3,8.66523e-09,1
54,1733.26,723.59,4608.94,9.73615,23.0,56.46,annealing_T=75_h=5,present,appeared,False,20.0,1256.6370614359173,annealing_T=75_h=5,v,20260521-080451,phase_detection,user_fixed_radius,user_fixed_radius,,20260521-080451,0.7602631123499638,False,49.76,66.11,66.11,0.0553597,0.000516458,0.000208131,1311.36,13.8601,377.522,2,188.761,0,3,8.66523e-09,1
55,1773.4,479.48,375.45,7.52907,17.0,56.13,annealing_T=75_h=5,present,present,False,20.0,1256.6370614359173,annealing_T=75_h=5,v,20260521-080451,phase_detection,user_fixed_radius,user_fixed_radius,,20260521-080451,1.170042734262373,False,7.714,4.567,7.714,0.0587402,0.00389952,0.00252487,141.125,11.2893,2.97573,2,1.48786,0,3,8.3398e-09,1
55,1773.4,479.48,439.865,7.8649,19.0,56.24,annealing_T=75_h=5,present,present,False,20.0,1256.6370614359173,annealing_T=75_h=5,v,20260521-080451,phase_detection,user_fixed_radius,user_fixed_radius,,20260521-080451,1.170042734262373,False,3.785,0.921,3.785,0.0587402,0.00389952,0.00252487,141.125,11.2893,2.97573,2,1.48786,0,3,8.3398e-09,1
55,1773.4,479.48,488.657,8.33436,21.0,56.35,annealing_T=75_h=5,present,present,False,20.0,1256.6370614359173,annealing_T=75_h=5,v,20260521-080451,phase_detection,user_fixed_radius,user_fixed_radius,,20260521-080451,1.170042734262373,False,4.758,3.282,4.758,0.0587402,0.00389952,0.00252487,141.125,11.2893,2.97573,2,1.48786,0,3,8.3398e-09,1
55,1773.4,479.48,539.702,8.43195,23.0,56.46,annealing_T=75_h=5,present,present,False,20.0,1256.6370614359173,annealing_T=75_h=5,v,20260521-080451,phase_detection,user_fixed_radius,user_fixed_radius,,20260521-080451,1.170042734262373,False,0.526,5.137,5.137,0.0587402,0.00389952,0.00252487,141.125,11.2893,2.97573,2,1.48786,0,3,8.3398e-09,1
56,1783.14,556.76,171.18,7.66022,17.0,56.13,annealing_T=75_h=5,present,present,False,20.0,1256.6370614359173,annealing_T=75_h=5,v,20260521-080451,phase_detection,user_fixed_radius,user_fixed_radius,,20260521-080451,0.8188406438374425,False,7.558,4.286,7.558,0.0982512,0.00777278,0.00539684,32.781,5.32404,1.5068,2,0.7534,0,3,9.18297e-06,1
56,1783.14,556.76,219.088,7.83242,19.0,56.24,annealing_T=75_h=5,present,present,False,20.0,1256.6370614359173,annealing_T=75_h=5,v,20260521-080451,phase_detection,user_fixed_radius,user_fixed_radius,,20260521-080451,0.8188406438374425,False,2.736,4.749,4.749,0.0982512,0.00777278,0.00539684,32.781,5.32404,1.5068,2,0.7534,0,3,9.18297e-06,1
56,1783.14,556.76,252.147,8.30814,21.0,56.35,annealing_T=75_h=5,present,present,False,20.0,1256.6370614359173,annealing_T=75_h=5,v,20260521-080451,phase_detection,user_fixed_radius,user_fixed_radius,,20260521-080451,0.8188406438374425,False,1.585,0.462,1.585,0.0982512,0.00777278,0.00539684,32.781,5.32404,1.5068,2,0.7534,0,3,9.18297e-06,1
56,1783.14,556.76,315.589,8.45386,23.0,56.46,annealing_T=75_h=5,present,present,False,20.0,1256.6370614359173,annealing_T=75_h=5,v,20260521-080451,phase_detection,user_fixed_radius,user_fixed_radius,,20260521-080451,0.8188406438374425,False,2.432,2.951,2.951,0.0982512,0.00777278,0.00539684,32.781,5.32404,1.5068,2,0.7534,0,3,9.18297e-06,1
57,1821.52,357.96,351.428,7.51849,17.0,56.13,annealing_T=75_h=5,present,present,False,20.0,1256.6370614359173,annealing_T=75_h=5,v,20260521-080451,phase_detection,user_fixed_radius,user_fixed_radius,,20260521-080451,0.8980534505249848,False,2.881,14.062,14.062,0.0463229,0.0041663,0.0030461,166.1,14.1364,9.77021,2,4.88511,0,3,1.6639e-07,1
57,1821.52,357.96,416.626,7.7172,19.0,56.24,annealing_T=75_h=5,present,present,False,20.0,1256.6370614359173,annealing_T=75_h=5,v,20260521-080451,phase_detection,user_fixed_radius,user_fixed_radius,,20260521-080451,0.8980534505249848,False,6.204,6.318,6.318,0.0463229,0.0041663,0.0030461,166.1,14.1364,9.77021,2,4.88511,0,3,1.6639e-07,1
57,1821.52,357.96,446.578,8.15649,21.0,56.35,annealing_T=75_h=5,present,present,False,20.0,1256.6370614359173,annealing_T=75_h=5,v,20260521-080451,phase_detection,user_fixed_radius,user_fixed_radius,,20260521-080451,0.8980534505249848,False,3.033,2.5,3.033,0.0463229,0.0041663,0.0030461,166.1,14.1364,9.77021,2,4.88511,0,3,1.6639e-07,1
57,1821.52,357.96,472.527,8.2215,23.0,56.46,annealing_T=75_h=5,present,present,False,20.0,1256.6370614359173,annealing_T=75_h=5,v,20260521-080451,phase_detection,user_fixed_radius,user_fixed_radius,,20260521-080451,0.8980534505249848,False,7.181,8.986,8.986,0.0463229,0.0041663,0.0030461,166.1,14.1364,9.77021,2,4.88511,0,3,1.6639e-07,1
58,1821.74,994.48,162.04,8.58116,17.0,56.13,annealing_T=75_h=5,present,present,False,20.0,1256.6370614359173,annealing_T=75_h=5,v,20260521-080451,phase_detection,user_fixed_radius,user_fixed_radius,,20260521-080451,0.9847842403288538,False,2.674,1.124,2.674,-0.0979123,0.0237766,0.0259582,716.616,324.988,49.6615,2,24.8308,0,3,2.56389e-09,1
58,1821.74,994.48,66.8011,8.54248,19.0,56.24,annealing_T=75_h=5,present,present,False,20.0,1256.6370614359173,annealing_T=75_h=5,v,20260521-080451,phase_detection,user_fixed_radius,user_fixed_radius,,20260521-080451,0.9847842403288538,False,2.3907,4.5384,4.5384,-0.0979123,0.0237766,0.0259582,716.616,324.988,49.6615,2,24.8308,0,3,2.56389e-09,1
58,1821.74,994.48,83.8462,8.84588,21.0,56.35,annealing_T=75_h=5,present,present,False,20.0,1256.6370614359173,annealing_T=75_h=5,v,20260521-080451,phase_detection,user_fixed_radius,user_fixed_radius,,20260521-080451,0.9847842403288538,False,5.0683,6.2855,6.2855,-0.0979123,0.0237766,0.0259582,716.616,324.988,49.6615,2,24.8308,0,3,2.56389e-09,1
58,1821.74,994.48,106.699,9.03723,23.0,56.46,annealing_T=75_h=5,present,present,False,20.0,1256.6370614359173,annealing_T=75_h=5,v,20260521-080451,phase_detection,user_fixed_radius,user_fixed_radius,,20260521-080451,0.9847842403288538,False,6.397,1.423,6.397,-0.0979123,0.0237766,0.0259582,716.616,324.988,49.6615,2,24.8308,0,3,2.56389e-09,1
59,1852.11,559.19,543.796,8.25355,17.0,56.13,annealing_T=75_h=5,present,present,False,20.0,1256.6370614359173,annealing_T=75_h=5,v,20260521-080451,phase_detection,user_fixed_radius,user_fixed_radius,,20260521-080451,1.060047168761896,False,4.967,2.309,4.967,0.0532666,0.00298644,0.000575375,219.616,13.4586,5.16693,2,2.58347,0,3,1.72952e-06,1
59,1852.11,559.19,595.598,8.15083,19.0,56.24,annealing_T=75_h=5,present,present,False,20.0,1256.6370614359173,annealing_T=75_h=5,v,20260521-080451,phase_detection,user_fixed_radius,user_fixed_radius,,20260521-080451,1.060047168761896,False,1.064,10.183,10.183,0.0532666,0.00298644,0.000575375,219.616,13.4586,5.16693,2,2.58347,0,3,1.72952e-06,1
59,1852.11,559.19,688.29,8.75585,21.0,56.35,annealing_T=75_h=5,present,present,False,20.0,1256.6370614359173,annealing_T=75_h=5,v,20260521-080451,phase_detection,user_fixed_radius,user_fixed_radius,,20260521-080451,1.060047168761896,False,4.209,4.453,4.453,0.0532666,0.00298644,0.000575375,219.616,13.4586,5.16693,2,2.58347,0,3,1.72952e-06,1
59,1852.11,559.19,740.678,8.77111,23.0,56.46,annealing_T=75_h=5,present,present,False,20.0,1256.6370614359173,annealing_T=75_h=5,v,20260521-080451,phase_detection,user_fixed_radius,user_fixed_radius,,20260521-080451,1.060047168761896,False,6.921,9.225,9.225,0.0532666,0.00298644,0.000575375,219.616,13.4586,5.16693,2,2.58347,0,3,1.72952e-06,1
60,1654.88,493.69,15.1788,7.17426,17.0,56.13,annealing_T=75_h=5,present,present,False,20.0,1256.6370614359173,annealing_T=75_h=5,v,20260521-080451,phase_detection,user_fixed_radius,user_fixed_radius,,20260521-080451,0.5575840743778634,False,0.8785,2.835,2.835,-0.044383,0.171917,0.170857,29.238,97.9211,1.97465,2,0.987327,0,3,4.19615e-08,1
60,1654.88,493.69,13.7086,7.10436,19.0,56.24,annealing_T=75_h=5,present,present,False,20.0,1256.6370614359173,annealing_T=75_h=5,v,20260521-080451,phase_detection,user_fixed_radius,user_fixed_radius,,20260521-080451,0.5575840743778634,False,5.14314,2.2101,5.14314,-0.044383,0.171917,0.170857,29.238,97.9211,1.97465,2,0.987327,0,3,4.19615e-08,1
60,1654.88,493.69,2.80916,7.66186,21.0,56.35,annealing_T=75_h=5,present,present,False,20.0,1256.6370614359173,annealing_T=75_h=5,v,20260521-080451,phase_detection,user_fixed_radius,user_fixed_radius,,20260521-080451,0.5575840743778634,False,5.78969,8.22094,8.22094,-0.044383,0.171917,0.170857,29.238,97.9211,1.97465,2,0.987327,0,3,4.19615e-08,1
60,1654.88,493.69,16.7822,7.9382,23.0,56.46,annealing_T=75_h=5,present,present,False,20.0,1256.6370614359173,annealing_T=75_h=5,v,20260521-080451,phase_detection,user_fixed_radius,user_fixed_radius,,20260521-080451,0.5575840743778634,False,1.7872,1.7306,1.7872,-0.044383,0.171917,0.170857,29.238,97.9211,1.97465,2,0.987327,0,3,4.19615e-08,1
61,455.82,764.39,62.4242,7.90816,17.0,56.13,annealing_T=75_h=5,absent,not_yet_detected,False,20.0,1256.6370614359173,annealing_T=100_h=25,v,20260702-101218,first_future_detection,user_fixed_radius,user_fixed_radius,,20260521-080451,2.522538404068403,False,6.2823,3.3387,6.2823,,,,,,,,,,,,0
61,455.82,764.39,64.8422,7.89681,19.0,56.24,annealing_T=75_h=5,absent,not_yet_detected,False,20.0,1256.6370614359173,annealing_T=100_h=25,v,20260702-101218,first_future_detection,user_fixed_radius,user_fixed_radius,,20260521-080451,2.522538404068403,False,6.7087,5.9951,6.7087,,,,,,,,,,,,0
61,455.82,764.39,91.5972,8.46435,21.0,56.35,annealing_T=75_h=5,absent,not_yet_detected,False,20.0,1256.6370614359173,annealing_T=100_h=25,v,20260702-101218,first_future_detection,user_fixed_radius,user_fixed_radius,,20260521-080451,2.522538404068403,False,2.0292,3.8141,3.8141,,,,,,,,,,,,0
61,455.82,764.39,101.965,8.47004,23.0,56.46,annealing_T=75_h=5,absent,not_yet_detected,False,20.0,1256.6370614359173,annealing_T=100_h=25,v,20260702-101218,first_future_detection,user_fixed_radius,user_fixed_radius,,20260521-080451,2.522538404068403,False,7.7896,2.158,7.7896,,,,,,,,,,,,0
62,514.85,882.16,1152.01,8.66661,17.0,56.13,annealing_T=75_h=5,present,appeared,False,20.0,1256.6370614359173,annealing_T=75_h=5,v,20260521-080451,phase_detection,user_fixed_radius,user_fixed_radius,,20260521-080451,1.114136436887335,False,19.47,20.83,20.83,-0.00387014,0.00188231,0.00160447,1298.03,47.6184,199.645,2,99.8227,0,3,7.26005e-09,1
62,514.85,882.16,1290.89,8.50404,19.0,56.24,annealing_T=75_h=5,present,appeared,False,20.0,1256.6370614359173,annealing_T=75_h=5,v,20260521-080451,phase_detection,user_fixed_radius,user_fixed_radius,,20260521-080451,1.114136436887335,False,9.51,17.39,17.39,-0.00387014,0.00188231,0.00160447,1298.03,47.6184,199.645,2,99.8227,0,3,7.26005e-09,1
62,514.85,882.16,1222.53,11.234,21.0,56.35,annealing_T=75_h=5,present,appeared,False,20.0,1256.6370614359173,annealing_T=75_h=5,v,20260521-080451,phase_detection,user_fixed_radius,user_fixed_radius,,20260521-080451,1.114136436887335,False,6.4,15.01,15.01,-0.00387014,0.00188231,0.00160447,1298.03,47.6184,199.645,2,99.8227,0,3,7.26005e-09,1
62,514.85,882.16,1110.32,12.011,23.0,56.46,annealing_T=75_h=5,present,appeared,False,20.0,1256.6370614359173,annealing_T=75_h=5,v,20260521-080451,phase_detection,user_fixed_radius,user_fixed_radius,,20260521-080451,1.114136436887335,False,13.64,15.64,15.64,-0.00387014,0.00188231,0.00160447,1298.03,47.6184,199.645,2,99.8227,0,3,7.26005e-09,1
63,899.84,255.46,11.1257,6.94669,17.0,56.13,annealing_T=75_h=5,present,appeared,False,20.0,1256.6370614359173,annealing_T=75_h=5,v,20260521-080451,phase_detection,user_fixed_radius,user_fixed_radius,,20260521-080451,1.2182364302548234,False,0.2876,1.4702,1.4702,0.115648,0.0942866,0.027143,1.73619,3.45338,0.0823004,2,0.0411502,0,3,5.61577e-08,1
63,899.84,255.46,17.1452,7.21329,19.0,56.24,annealing_T=75_h=5,present,appeared,False,20.0,1256.6370614359173,annealing_T=75_h=5,v,20260521-080451,phase_detection,user_fixed_radius,user_fixed_radius,,20260521-080451,1.2182364302548234,False,4.8718,0.6463,4.8718,0.115648,0.0942866,0.027143,1.73619,3.45338,0.0823004,2,0.0411502,0,3,5.61577e-08,1
63,899.84,255.46,19.8888,7.29743,21.0,56.35,annealing_T=75_h=5,present,appeared,False,20.0,1256.6370614359173,annealing_T=75_h=5,v,20260521-080451,phase_detection,user_fixed_radius,user_fixed_radius,,20260521-080451,1.2182364302548234,False,2.8452,2.8387,2.8452,0.115648,0.0942866,0.027143,1.73619,3.45338,0.0823004,2,0.0411502,0,3,5.61577e-08,1
63,899.84,255.46,24.3661,7.5086,23.0,56.46,annealing_T=75_h=5,present,appeared,False,20.0,1256.6370614359173,annealing_T=75_h=5,v,20260521-080451,phase_detection,user_fixed_radius,user_fixed_radius,,20260521-080451,1.2182364302548234,False,0.47,1.6046,1.6046,0.115648,0.0942866,0.027143,1.73619,3.45338,0.0823004,2,0.0411502,0,3,5.61577e-08,1
64,908.33,731.66,384.767,7.42736,17.0,56.13,annealing_T=75_h=5,present,appeared,False,20.0,1256.6370614359173,annealing_T=75_h=5,v,20260521-080451,phase_detection,user_fixed_radius,user_fixed_radius,,20260521-080451,0.9596353474107132,False,4.645,7.702,7.702,0.0629243,0.0038335,0.000456431,130.647,10.3039,10.3474,2,5.1737,0,3,7.88902e-09,1
64,908.33,731.66,437.548,7.53393,19.0,56.24,annealing_T=75_h=5,present,appeared,False,20.0,1256.6370614359173,annealing_T=75_h=5,v,20260521-080451,phase_detection,user_fixed_radius,user_fixed_radius,,20260521-080451,0.9596353474107132,False,6.015,8.963,8.963,0.0629243,0.0038335,0.000456431,130.647,10.3039,10.3474,2,5.1737,0,3,7.88902e-09,1
64,908.33,731.66,468.412,7.8523,21.0,56.35,annealing_T=75_h=5,present,appeared,False,20.0,1256.6370614359173,annealing_T=75_h=5,v,20260521-080451,phase_detection,user_fixed_radius,user_fixed_radius,,20260521-080451,0.9596353474107132,False,7.576,6.255,7.576,0.0629243,0.0038335,0.000456431,130.647,10.3039,10.3474,2,5.1737,0,3,7.88902e-09,1
64,908.33,731.66,567.256,8.16268,23.0,56.46,annealing_T=75_h=5,present,appeared,False,20.0,1256.6370614359173,annealing_T=75_h=5,v,20260521-080451,phase_detection,user_fixed_radius,user_fixed_radius,,20260521-080451,0.9596353474107132,False,6.791,10.346,10.346,0.0629243,0.0038335,0.000456431,130.647,10.3039,10.3474,2,5.1737,0,3,7.88902e-09,1
65,1176.92,929.66,60.2819,7.49821,17.0,56.13,annealing_T=75_h=5,present,appeared,False,20.0,1256.6370614359173,annealing_T=75_h=5,v,20260521-080451,phase_detection,user_fixed_radius,user_fixed_radius,,20260521-080451,0.9404786015640828,False,0.2422,3.3494,3.3494,0.0962167,0.0243062,0.0078818,10.7458,5.46395,1.33965,2,0.669824,0,3,9.12194e-07,1
65,1176.92,929.66,60.0374,7.4734,19.0,56.24,annealing_T=75_h=5,present,appeared,False,20.0,1256.6370614359173,annealing_T=75_h=5,v,20260521-080451,phase_detection,user_fixed_radius,user_fixed_radius,,20260521-080451,0.9404786015640828,False,3.4506,2.5475,3.4506,0.0962167,0.0243062,0.0078818,10.7458,5.46395,1.33965,2,0.669824,0,3,9.12194e-07,1
65,1176.92,929.66,82.0216,7.96702,21.0,56.35,annealing_T=75_h=5,present,appeared,False,20.0,1256.6370614359173,annealing_T=75_h=5,v,20260521-080451,phase_detection,user_fixed_radius,user_fixed_radius,,20260521-080451,0.9404786015640828,False,4.891,3.1763,4.891,0.0962167,0.0243062,0.0078818,10.7458,5.46395,1.33965,2,0.669824,0,3,9.12194e-07,1
65,1176.92,929.66,99.4793,7.97093,23.0,56.46,annealing_T=75_h=5,present,appeared,False,20.0,1256.6370614359173,annealing_T=75_h=5,v,20260521-080451,phase_detection,user_fixed_radius,user_fixed_radius,,20260521-080451,0.9404786015640828,False,6.2847,7.9548,7.9548,0.0962167,0.0243062,0.0078818,10.7458,5.46395,1.33965,2,0.669824,0,3,9.12194e-07,1
66,587.11,493.99,23.6945,7.37986,17.0,56.13,annealing_T=75_h=5,absent,not_yet_detected,False,20.0,1256.6370614359173,annealing_T=100_h=5,v,20260612-001017,first_future_detection,user_fixed_radius,user_fixed_radius,,20260521-080451,0.9386160024205588,False,0.8396,1.0238,1.0238,,,,,,,,,,,,0
66,587.11,493.99,35.9737,7.39895,19.0,56.24,annealing_T=75_h=5,absent,not_yet_detected,False,20.0,1256.6370614359173,annealing_T=100_h=5,v,20260612-001017,first_future_detection,user_fixed_radius,user_fixed_radius,,20260521-080451,0.9386160024205588,False,4.0522,1.1296,4.0522,,,,,,,,,,,,0
66,587.11,493.99,36.7528,7.8681,21.0,56.35,annealing_T=75_h=5,absent,not_yet_detected,False,20.0,1256.6370614359173,annealing_T=100_h=5,v,20260612-001017,first_future_detection,user_fixed_radius,user_fixed_radius,,20260521-080451,0.9386160024205588,False,6.553,2.3069,6.553,,,,,,,,,,,,0
66,587.11,493.99,42.7949,7.84543,23.0,56.46,annealing_T=75_h=5,absent,not_yet_detected,False,20.0,1256.6370614359173,annealing_T=100_h=5,v,20260612-001017,first_future_detection,user_fixed_radius,user_fixed_radius,,20260521-080451,0.9386160024205588,False,0.1229,6.4536,6.4536,,,,,,,,,,,,0
67,1616.23,988.45,732.641,7.76086,17.0,56.13,annealing_T=75_h=5,absent,not_yet_detected,False,20.0,1256.6370614359173,annealing_T=75_h=25,v,20260531-095134,first_future_detection,user_fixed_radius,user_fixed_radius,,20260521-080451,1.0060318086422406,False,6.444,6.651,6.651,,,,,,,,,,,,0
67,1616.23,988.45,844.184,7.83341,19.0,56.24,annealing_T=75_h=5,absent,not_yet_detected,False,20.0,1256.6370614359173,annealing_T=75_h=25,v,20260531-095134,first_future_detection,user_fixed_radius,user_fixed_radius,,20260521-080451,1.0060318086422406,False,6.356,9.989,9.989,,,,,,,,,,,,0
67,1616.23,988.45,934.56,8.2352,21.0,56.35,annealing_T=75_h=5,absent,not_yet_detected,False,20.0,1256.6370614359173,annealing_T=75_h=25,v,20260531-095134,first_future_detection,user_fixed_radius,user_fixed_radius,,20260521-080451,1.0060318086422406,False,7.112,7.706,7.706,,,,,,,,,,,,0
67,1616.23,988.45,1087.09,8.27609,23.0,56.46,annealing_T=75_h=5,absent,not_yet_detected,False,20.0,1256.6370614359173,annealing_T=75_h=25,v,20260531-095134,first_future_detection,user_fixed_radius,user_fixed_radius,,20260521-080451,1.0060318086422406,False,8.96,17.85,17.85,,,,,,,,,,,,0
68,262.26,494.0,8.70932,7.28782,17.0,56.13,annealing_T=75_h=5,absent,not_yet_detected,False,20.0,1256.6370614359173,annealing_T=75_h=25,v,20260531-095134,first_future_detection,user_fixed_radius,user_fixed_radius,,20260521-080451,,False,5.98764,5.02238,5.98764,,,,,,,,,,,,0
68,262.26,494.0,19.7437,7.3503,19.0,56.24,annealing_T=75_h=5,absent,not_yet_detected,False,20.0,1256.6370614359173,annealing_T=75_h=25,v,20260531-095134,first_future_detection,user_fixed_radius,user_fixed_radius,,20260521-080451,,False,1.166,5.3009,5.3009,,,,,,,,,,,,0
68,262.26,494.0,18.3885,7.71054,21.0,56.35,annealing_T=75_h=5,absent,not_yet_detected,False,20.0,1256.6370614359173,annealing_T=75_h=25,v,20260531-095134,first_future_detection,user_fixed_radius,user_fixed_radius,,20260521-080451,,False,7.0433,4.4051,7.0433,,,,,,,,,,,,0
68,262.26,494.0,18.8572,7.97533,23.0,56.46,annealing_T=75_h=5,absent,not_yet_detected,False,20.0,1256.6370614359173,annealing_T=75_h=25,v,20260531-095134,first_future_detection,user_fixed_radius,user_fixed_radius,,20260521-080451,,False,0.4706,3.6504,3.6504,,,,,,,,,,,,0
69,93.94,351.54,218.241,8.88919,17.0,56.13,annealing_T=75_h=5,absent,not_yet_detected,False,20.0,1256.6370614359173,annealing_T=100_h=25,v,20260702-101218,first_future_detection,user_fixed_radius,user_fixed_radius,,20260521-080451,1.6850222550459153,False,1.225,3.969,3.969,,,,,,,,,,,,0
69,93.94,351.54,260.683,9.02955,19.0,56.24,annealing_T=75_h=5,absent,not_yet_detected,False,20.0,1256.6370614359173,annealing_T=100_h=25,v,20260702-101218,first_future_detection,user_fixed_radius,user_fixed_radius,,20260521-080451,1.6850222550459153,False,2.129,10.205,10.205,,,,,,,,,,,,0
69,93.94,351.54,307.788,9.00926,21.0,56.35,annealing_T=75_h=5,absent,not_yet_detected,False,20.0,1256.6370614359173,annealing_T=100_h=25,v,20260702-101218,first_future_detection,user_fixed_radius,user_fixed_radius,,20260521-080451,1.6850222550459153,False,8.637,3.799,8.637,,,,,,,,,,,,0
69,93.94,351.54,340.401,8.80892,23.0,56.46,annealing_T=75_h=5,absent,not_yet_detected,False,20.0,1256.6370614359173,annealing_T=100_h=25,v,20260702-101218,first_future_detection,user_fixed_radius,user_fixed_radius,,20260521-080451,1.6850222550459153,False,0.297,13.555,13.555,,,,,,,,,,,,0
70,337.15,286.11,45.1255,7.95324,17.0,56.13,annealing_T=75_h=5,absent,not_yet_detected,False,20.0,1256.6370614359173,annealing_T=100_h=5,v,20260612-001017,first_future_detection,user_fixed_radius,user_fixed_radius,,20260521-080451,1.0489041900955205,False,4.7734,2.3019,4.7734,,,,,,,,,,,,0
70,337.15,286.11,57.0623,7.93535,19.0,56.24,annealing_T=75_h=5,absent,not_yet_detected,False,20.0,1256.6370614359173,annealing_T=100_h=5,v,20260612-001017,first_future_detection,user_fixed_radius,user_fixed_radius,,20260521-080451,1.0489041900955205,False,3.2639,0.6766,3.2639,,,,,,,,,,,,0
70,337.15,286.11,52.7956,8.25554,21.0,56.35,annealing_T=75_h=5,absent,not_yet_detected,False,20.0,1256.6370614359173,annealing_T=100_h=5,v,20260612-001017,first_future_detection,user_fixed_radius,user_fixed_radius,,20260521-080451,1.0489041900955205,False,4.1441,0.0692,4.1441,,,,,,,,,,,,0
70,337.15,286.11,82.6442,8.28929,23.0,56.46,annealing_T=75_h=5,absent,not_yet_detected,False,20.0,1256.6370614359173,annealing_T=100_h=5,v,20260612-001017,first_future_detection,user_fixed_radius,user_fixed_radius,,20260521-080451,1.0489041900955205,False,2.3238,4.8462,4.8462,,,,,,,,,,,,0
71,1387.89,117.09,31.6284,7.76097,17.0,56.13,annealing_T=75_h=5,absent,not_yet_detected,False,20.0,1256.6370614359173,annealing_T=100_h=5,v,20260612-001017,first_future_detection,user_fixed_radius,user_fixed_radius,,20260521-080451,1.1217842929905462,False,2.1881,0.4612,2.1881,,,,,,,,,,,,0
71,1387.89,117.09,42.8368,7.85459,19.0,56.24,annealing_T=75_h=5,absent,not_yet_detected,False,20.0,1256.6370614359173,annealing_T=100_h=5,v,20260612-001017,first_future_detection,user_fixed_radius,user_fixed_radius,,20260521-080451,1.1217842929905462,False,3.2794,4.4137,4.4137,,,,,,,,,,,,0
71,1387.89,117.09,53.8524,8.33801,21.0,56.35,annealing_T=75_h=5,absent,not_yet_detected,False,20.0,1256.6370614359173,annealing_T=100_h=5,v,20260612-001017,first_future_detection,user_fixed_radius,user_fixed_radius,,20260521-080451,1.1217842929905462,False,1.9,1.1971,1.9,,,,,,,,,,,,0
71,1387.89,117.09,74.6927,8.35745,23.0,56.46,annealing_T=75_h=5,absent,not_yet_detected,False,20.0,1256.6370614359173,annealing_T=100_h=5,v,20260612-001017,first_future_detection,user_fixed_radius,user_fixed_radius,,20260521-080451,1.1217842929905462,False,3.6181,0.4828,3.6181,,,,,,,,,,,,0
72,1404.5,206.27,136.747,7.67267,17.0,56.13,annealing_T=75_h=5,absent,not_yet_detected,False,20.0,1256.6370614359173,annealing_T=100_h=5,v,20260612-001017,first_future_detection,user_fixed_radius,user_fixed_radius,,20260521-080451,0.6718630812897043,False,1.5,3.965,3.965,,,,,,,,,,,,0
72,1404.5,206.27,155.743,7.53887,19.0,56.24,annealing_T=75_h=5,absent,not_yet_detected,False,20.0,1256.6370614359173,annealing_T=100_h=5,v,20260612-001017,first_future_detection,user_fixed_radius,user_fixed_radius,,20260521-080451,0.6718630812897043,False,5.329,0.794,5.329,,,,,,,,,,,,0
72,1404.5,206.27,178.71,8.09982,21.0,56.35,annealing_T=75_h=5,absent,not_yet_detected,False,20.0,1256.6370614359173,annealing_T=100_h=5,v,20260612-001017,first_future_detection,user_fixed_radius,user_fixed_radius,,20260521-080451,0.6718630812897043,False,1.506,2.049,2.049,,,,,,,,,,,,0
72,1404.5,206.27,201.588,8.326,23.0,56.46,annealing_T=75_h=5,absent,not_yet_detected,False,20.0,1256.6370614359173,annealing_T=100_h=5,v,20260612-001017,first_future_detection,user_fixed_radius,user_fixed_radius,,20260521-080451,0.6718630812897043,False,0.43,5.436,5.436,,,,,,,,,,,,0
73,1845.5,888.69,278.919,8.45251,17.0,56.13,annealing_T=75_h=5,absent,not_yet_detected,False,20.0,1256.6370614359173,annealing_T=100_h=5,v,20260612-001017,first_future_detection,user_fixed_radius,user_fixed_radius,,20260521-080451,0.3605551275463926,False,9.227,4.418,9.227,,,,,,,,,,,,0
73,1845.5,888.69,310.17,8.80978,19.0,56.24,annealing_T=75_h=5,absent,not_yet_detected,False,20.0,1256.6370614359173,annealing_T=100_h=5,v,20260612-001017,first_future_detection,user_fixed_radius,user_fixed_radius,,20260521-080451,0.3605551275463926,False,3.592,6.513,6.513,,,,,,,,,,,,0
73,1845.5,888.69,418.094,9.20131,21.0,56.35,annealing_T=75_h=5,absent,not_yet_detected,False,20.0,1256.6370614359173,annealing_T=100_h=5,v,20260612-001017,first_future_detection,user_fixed_radius,user_fixed_radius,,20260521-080451,0.3605551275463926,False,9.062,8.194,9.062,,,,,,,,,,,,0
73,1845.5,888.69,260.804,8.66883,23.0,56.46,annealing_T=75_h=5,absent,not_yet_detected,False,20.0,1256.6370614359173,annealing_T=100_h=5,v,20260612-001017,first_future_detection,user_fixed_radius,user_fixed_radius,,20260521-080451,0.3605551275463926,False,8.465,4.094,8.465,,,,,,,,,,,,0
74,503.5,995.94,69.993,8.16125,17.0,56.13,annealing_T=75_h=5,absent,not_yet_detected,False,20.0,1256.6370614359173,annealing_T=100_h=25,v,20260702-101218,first_future_detection,user_fixed_radius,user_fixed_radius,,20260521-080451,1.481215716902747,False,5.4522,2.5185,5.4522,,,,,,,,,,,,0
74,503.5,995.94,69.2309,8.38531,19.0,56.24,annealing_T=75_h=5,absent,not_yet_detected,False,20.0,1256.6370614359173,annealing_T=100_h=25,v,20260702-101218,first_future_detection,user_fixed_radius,user_fixed_radius,,20260521-080451,1.481215716902747,False,7.4774,3.3023,7.4774,,,,,,,,,,,,0
74,503.5,995.94,83.6779,8.74749,21.0,56.35,annealing_T=75_h=5,absent,not_yet_detected,False,20.0,1256.6370614359173,annealing_T=100_h=25,v,20260702-101218,first_future_detection,user_fixed_radius,user_fixed_radius,,20260521-080451,1.481215716902747,False,7.8365,0.661,7.8365,,,,,,,,,,,,0
74,503.5,995.94,99.1115,8.79584,23.0,56.46,annealing_T=75_h=5,absent,not_yet_detected,False,20.0,1256.6370614359173,annealing_T=100_h=25,v,20260702-101218,first_future_detection,user_fixed_radius,user_fixed_radius,,20260521-080451,1.481215716902747,False,7.2857,7.1595,7.2857,,,,,,,,,,,,0
75,859.24,473.52,144.191,7.39717,17.0,56.13,annealing_T=75_h=5,absent,not_yet_detected,False,20.0,1256.6370614359173,annealing_T=125_h=25,v,20260828-044900,first_future_detection,user_fixed_radius,user_fixed_radius,,20260521-080451,0.7808969202141668,False,4.238,8.555,8.555,,,,,,,,,,,,0
75,859.24,473.52,177.148,7.31896,19.0,56.24,annealing_T=75_h=5,absent,not_yet_detected,False,20.0,1256.6370614359173,annealing_T=125_h=25,v,20260828-044900,first_future_detection,user_fixed_radius,user_fixed_radius,,20260521-080451,0.7808969202141668,False,5.401,17.972,17.972,,,,,,,,,,,,0
75,859.24,473.52,199.276,8.00105,21.0,56.35,annealing_T=75_h=5,absent,not_yet_detected,False,20.0,1256.6370614359173,annealing_T=125_h=25,v,20260828-044900,first_future_detection,user_fixed_radius,user_fixed_radius,,20260521-080451,0.7808969202141668,False,0.166,14.103,14.103,,,,,,,,,,,,0
75,859.24,473.52,228.068,7.94559,23.0,56.46,annealing_T=75_h=5,absent,not_yet_detected,False,20.0,1256.6370614359173,annealing_T=125_h=25,v,20260828-044900,first_future_detection,user_fixed_radius,user_fixed_radius,,20260521-080451,0.7808969202141668,False,4.772,12.176,12.176,,,,,,,,,,,,0
76,886.89,268.73,2.72442,7.29022,17.0,56.13,annealing_T=75_h=5,absent,not_yet_detected,False,20.0,1256.6370614359173,annealing_T=100_h=25,v,20260702-101218,first_future_detection,user_fixed_radius,user_fixed_radius,,20260521-080451,1.3793114224133327,False,0.56232,1.16627,1.16627,,,,,,,,,,,,0
76,886.89,268.73,10.6281,7.34306,19.0,56.24,annealing_T=75_h=5,absent,not_yet_detected,False,20.0,1256.6370614359173,annealing_T=100_h=25,v,20260702-101218,first_future_detection,user_fixed_radius,user_fixed_radius,,20260521-080451,1.3793114224133327,False,5.9623,3.48278,5.9623,,,,,,,,,,,,0
76,886.89,268.73,11.5142,7.73372,21.0,56.35,annealing_T=75_h=5,absent,not_yet_detected,False,20.0,1256.6370614359173,annealing_T=100_h=25,v,20260702-101218,first_future_detection,user_fixed_radius,user_fixed_radius,,20260521-080451,1.3793114224133327,False,0.3542,0.8164,0.8164,,,,,,,,,,,,0
76,886.89,268.73,14.6935,7.78907,23.0,56.46,annealing_T=75_h=5,absent,not_yet_detected,False,20.0,1256.6370614359173,annealing_T=100_h=25,v,20260702-101218,first_future_detection,user_fixed_radius,user_fixed_radius,,20260521-080451,1.3793114224133327,False,3.6313,1.0911,3.6313,,,,,,,,,,,,0
77,1088.51,519.85,1914.86,8.83186,17.0,56.13,annealing_T=75_h=5,absent,not_yet_detected,False,20.0,1256.6370614359173,annealing_T=100_h=25,v,20260702-101218,first_future_detection,user_fixed_radius,user_fixed_radius,,20260521-080451,2.111516043036388,False,25.46,31.5,31.5,,,,,,,,,,,,0
77,1088.51,519.85,2019.54,8.60374,19.0,56.24,annealing_T=75_h=5,absent,not_yet_detected,False,20.0,1256.6370614359173,annealing_T=100_h=25,v,20260702-101218,first_future_detection,user_fixed_radius,user_fixed_radius,,20260521-080451,2.111516043036388,False,28.75,32.44,32.44,,,,,,,,,,,,0
77,1088.51,519.85,2270.79,8.77964,21.0,56.35,annealing_T=75_h=5,absent,not_yet_detected,False,20.0,1256.6370614359173,annealing_T=100_h=25,v,20260702-101218,first_future_detection,user_fixed_radius,user_fixed_radius,,20260521-080451,2.111516043036388,False,25.49,41.33,41.33,,,,,,,,,,,,0
77,1088.51,519.85,2516.1,9.18849,23.0,56.46,annealing_T=75_h=5,absent,not_yet_detected,False,20.0,1256.6370614359173,annealing_T=100_h=25,v,20260702-101218,first_future_detection,user_fixed_radius,user_fixed_radius,,20260521-080451,2.111516043036388,False,26.05,46.59,46.59,,,,,,,,,,,,0
78,1176.23,649.58,-2.47894,7.58595,17.0,56.13,annealing_T=75_h=5,absent,not_yet_detected,False,20.0,1256.6370614359173,annealing_T=100_h=25,v,20260702-101218,first_future_detection,user_fixed_radius,user_fixed_radius,,20260521-080451,2.280789337049757,False,4.69807,2.548015,4.69807,,,,,,,,,,,,0
78,1176.23,649.58,-0.602367,7.64943,19.0,56.24,annealing_T=75_h=5,absent,not_yet_detected,False,20.0,1256.6370614359173,annealing_T=100_h=25,v,20260702-101218,first_future_detection,user_fixed_radius,user_fixed_radius,,20260521-080451,2.280789337049757,False,4.832163,7.389967,7.389967,,,,,,,,,,,,0
78,1176.23,649.58,-11.8407,8.04593,21.0,56.35,annealing_T=75_h=5,absent,not_yet_detected,False,20.0,1256.6370614359173,annealing_T=100_h=25,v,20260702-101218,first_future_detection,user_fixed_radius,user_fixed_radius,,20260521-080451,2.280789337049757,False,4.989,5.42656,5.42656,,,,,,,,,,,,0
78,1176.23,649.58,3.52918,8.17973,23.0,56.46,annealing_T=75_h=5,absent,not_yet_detected,False,20.0,1256.6370614359173,annealing_T=100_h=25,v,20260702-101218,first_future_detection,user_fixed_radius,user_fixed_radius,,20260521-080451,2.280789337049757,False,4.279813,3.82066,4.279813,,,,,,,,,,,,0
79,1424.82,349.02,43.9357,7.34505,17.0,56.13,annealing_T=75_h=5,absent,not_yet_detected,False,20.0,1256.6370614359173,annealing_T=100_h=25,v,20260702-101218,first_future_detection,user_fixed_radius,user_fixed_radius,,20260521-080451,2.1708293346092553,False,5.5308,2.292,5.5308,,,,,,,,,,,,0
79,1424.82,349.02,53.7118,7.27538,19.0,56.24,annealing_T=75_h=5,absent,not_yet_detected,False,20.0,1256.6370614359173,annealing_T=100_h=25,v,20260702-101218,first_future_detection,user_fixed_radius,user_fixed_radius,,20260521-080451,2.1708293346092553,False,0.0539,2.68,2.68,,,,,,,,,,,,0
79,1424.82,349.02,44.8749,7.86934,21.0,56.35,annealing_T=75_h=5,absent,not_yet_detected,False,20.0,1256.6370614359173,annealing_T=100_h=25,v,20260702-101218,first_future_detection,user_fixed_radius,user_fixed_radius,,20260521-080451,2.1708293346092553,False,4.345,7.3119,7.3119,,,,,,,,,,,,0
79,1424.82,349.02,69.2102,7.93964,23.0,56.46,annealing_T=75_h=5,absent,not_yet_detected,False,20.0,1256.6370614359173,annealing_T=100_h=25,v,20260702-101218,first_future_detection,user_fixed_radius,user_fixed_radius,,20260521-080451,2.1708293346092553,False,3.0623,0.7412,3.0623,,,,,,,,,,,,0
80,1677.25,253.4,22.9949,7.57319,17.0,56.13,annealing_T=75_h=5,absent,never_detected_in_condition,False,20.0,1256.6370614359173,annealing_T=125_h=5,T,20260723-075232,cross_constant_fallback,user_fixed_radius,user_fixed_radius,,20260521-080451,2.1224985276790327,True,4.0031,2.9827,4.0031,,,,,,,,,,,,0
80,1677.25,253.4,21.243,7.68798,19.0,56.24,annealing_T=75_h=5,absent,never_detected_in_condition,False,20.0,1256.6370614359173,annealing_T=125_h=5,T,20260723-075232,cross_constant_fallback,user_fixed_radius,user_fixed_radius,,20260521-080451,2.1224985276790327,True,6.2302,4.1743,6.2302,,,,,,,,,,,,0
80,1677.25,253.4,34.4654,8.07468,21.0,56.35,annealing_T=75_h=5,absent,never_detected_in_condition,False,20.0,1256.6370614359173,annealing_T=125_h=5,T,20260723-075232,cross_constant_fallback,user_fixed_radius,user_fixed_radius,,20260521-080451,2.1224985276790327,True,1.2179,3.0559,3.0559,,,,,,,,,,,,0
80,1677.25,253.4,41.8899,8.36864,23.0,56.46,annealing_T=75_h=5,absent,never_detected_in_condition,False,20.0,1256.6370614359173,annealing_T=125_h=5,T,20260723-075232,cross_constant_fallback,user_fixed_radius,user_fixed_radius,,20260521-080451,2.1224985276790327,True,5.9017,0.8671,5.9017,,,,,,,,,,,,0
81,1722.23,803.24,55.9239,7.61889,17.0,56.13,annealing_T=75_h=5,absent,not_yet_detected,False,20.0,1256.6370614359173,annealing_T=100_h=25,v,20260702-101218,first_future_detection,user_fixed_radius,user_fixed_radius,,20260521-080451,1.9682479518597664,False,8.0042,3.447,8.0042,,,,,,,,,,,,0
81,1722.23,803.24,64.99,7.56913,19.0,56.24,annealing_T=75_h=5,absent,not_yet_detected,False,20.0,1256.6370614359173,annealing_T=100_h=25,v,20260702-101218,first_future_detection,user_fixed_radius,user_fixed_radius,,20260521-080451,1.9682479518597664,False,4.6588,1.5764,4.6588,,,,,,,,,,,,0
81,1722.23,803.24,80.2535,8.0971,21.0,56.35,annealing_T=75_h=5,absent,not_yet_detected,False,20.0,1256.6370614359173,annealing_T=100_h=25,v,20260702-101218,first_future_detection,user_fixed_radius,user_fixed_radius,,20260521-080451,1.9682479518597664,False,2.8409,3.0529,3.0529,,,,,,,,,,,,0
81,1722.23,803.24,92.069,8.05331,23.0,56.46,annealing_T=75_h=5,absent,not_yet_detected,False,20.0,1256.6370614359173,annealing_T=100_h=25,v,20260702-101218,first_future_detection,user_fixed_radius,user_fixed_radius,,20260521-080451,1.9682479518597664,False,6.0318,4.6413,6.0318,,,,,,,,,,,,0
82,634.12,914.64,55.613,7.29151,17.0,56.13,annealing_T=75_h=5,absent,never_detected_in_condition,False,20.0,1256.6370614359173,annealing_T=125_h=5,T,20260723-075232,cross_constant_fallback,user_fixed_radius,user_fixed_radius,,20260521-080451,,True,5.0194,0.906,5.0194,,,,,,,,,,,,0
82,634.12,914.64,52.8054,7.3275,19.0,56.24,annealing_T=75_h=5,absent,never_detected_in_condition,False,20.0,1256.6370614359173,annealing_T=125_h=5,T,20260723-075232,cross_constant_fallback,user_fixed_radius,user_fixed_radius,,20260521-080451,,True,2.8881,0.6742,2.8881,,,,,,,,,,,,0
82,634.12,914.64,68.7505,7.70959,21.0,56.35,annealing_T=75_h=5,absent,never_detected_in_condition,False,20.0,1256.6370614359173,annealing_T=125_h=5,T,20260723-075232,cross_constant_fallback,user_fixed_radius,user_fixed_radius,,20260521-080451,,True,9.1478,0.1835,9.1478,,,,,,,,,,,,0
82,634.12,914.64,83.5201,7.79071,23.0,56.46,annealing_T=75_h=5,absent,never_detected_in_condition,False,20.0,1256.6370614359173,annealing_T=125_h=5,T,20260723-075232,cross_constant_fallback,user_fixed_radius,user_fixed_radius,,20260521-080451,,True,7.3883,4.8875,7.3883,,,,,,,,,,,,0
83,1734.68,908.82,-12.4905,7.68828,17.0,56.13,annealing_T=75_h=5,absent,not_yet_detected,False,20.0,1256.6370614359173,annealing_T=125_h=25,v,20260828-044900,first_future_detection,user_fixed_radius,user_fixed_radius,,20260521-080451,1.1344161493913825,False,3.463,1.3854,3.463,,,,,,,,,,,,0
83,1734.68,908.82,-6.12648,7.79619,19.0,56.24,annealing_T=75_h=5,absent,not_yet_detected,False,20.0,1256.6370614359173,annealing_T=125_h=25,v,20260828-044900,first_future_detection,user_fixed_radius,user_fixed_radius,,20260521-080451,1.1344161493913825,False,4.07352,5.11333,5.11333,,,,,,,,,,,,0
83,1734.68,908.82,-20.078,8.13393,21.0,56.35,annealing_T=75_h=5,absent,not_yet_detected,False,20.0,1256.6370614359173,annealing_T=125_h=25,v,20260828-044900,first_future_detection,user_fixed_radius,user_fixed_radius,,20260521-080451,1.1344161493913825,False,12.3251,16.3526,16.3526,,,,,,,,,,,,0
83,1734.68,908.82,-13.539,8.33564,23.0,56.46,annealing_T=75_h=5,absent,not_yet_detected,False,20.0,1256.6370614359173,annealing_T=125_h=25,v,20260828-044900,first_future_detection,user_fixed_radius,user_fixed_radius,,20260521-080451,1.1344161493913825,False,8.0607,7.48657,8.0607,,,,,,,,,,,,0
84,1807.84,451.97,4.58071,7.45913,17.0,56.13,annealing_T=75_h=5,absent,not_yet_detected,False,20.0,1256.6370614359173,annealing_T=125_h=25,v,20260828-044900,first_future_detection,user_fixed_radius,user_fixed_radius,,20260521-080451,1.969187649768416,False,0.81351,0.36383,0.81351,,,,,,,,,,,,0
84,1807.84,451.97,13.6594,7.51681,19.0,56.24,annealing_T=75_h=5,absent,not_yet_detected,False,20.0,1256.6370614359173,annealing_T=125_h=25,v,20260828-044900,first_future_detection,user_fixed_radius,user_fixed_radius,,20260521-080451,1.969187649768416,False,2.8815,4.23588,4.23588,,,,,,,,,,,,0
84,1807.84,451.97,1.16402,7.94855,21.0,56.35,annealing_T=75_h=5,absent,not_yet_detected,False,20.0,1256.6370614359173,annealing_T=125_h=25,v,20260828-044900,first_future_detection,user_fixed_radius,user_fixed_radius,,20260521-080451,1.969187649768416,False,5.60016,7.03234,7.03234,,,,,,,,,,,,0
84,1807.84,451.97,8.78502,8.13413,23.0,56.46,annealing_T=75_h=5,absent,not_yet_detected,False,20.0,1256.6370614359173,annealing_T=125_h=25,v,20260828-044900,first_future_detection,user_fixed_radius,user_fixed_radius,,20260521-080451,1.969187649768416,False,9.434523,3.18248,9.434523,,,,,,,,,,,,0
85,830.57,884.46,1051.61,7.51947,17.0,56.13,annealing_T=75_h=5,absent,not_yet_detected,False,20.0,1256.6370614359173,annealing_T=125_h=25,v,20260828-044900,first_future_detection,user_fixed_radius,user_fixed_radius,,20260521-080451,,False,26.85,30.62,30.62,,,,,,,,,,,,0
85,830.57,884.46,1188.44,7.85986,19.0,56.24,annealing_T=75_h=5,absent,not_yet_detected,False,20.0,1256.6370614359173,annealing_T=125_h=25,v,20260828-044900,first_future_detection,user_fixed_radius,user_fixed_radius,,20260521-080451,,False,24.79,29.19,29.19,,,,,,,,,,,,0
85,830.57,884.46,1383.79,8.13305,21.0,56.35,annealing_T=75_h=5,absent,not_yet_detected,False,20.0,1256.6370614359173,annealing_T=125_h=25,v,20260828-044900,first_future_detection,user_fixed_radius,user_fixed_radius,,20260521-080451,,False,33.43,40.53,40.53,,,,,,,,,,,,0
85,830.57,884.46,1553.07,8.24237,23.0,56.46,annealing_T=75_h=5,absent,not_yet_detected,False,20.0,1256.6370614359173,annealing_T=125_h=25,v,20260828-044900,first_future_detection,user_fixed_radius,user_fixed_radius,,20260521-080451,,False,34.33,39.72,39.72,,,,,,,,,,,,0
86,1536.21,137.07,53.6768,7.06467,17.0,56.13,annealing_T=75_h=5,absent,not_yet_detected,False,20.0,1256.6370614359173,annealing_T=125_h=25,v,20260828-044900,first_future_detection,user_fixed_radius,user_fixed_radius,,20260521-080451,,False,6.2601,2.1665,6.2601,,,,,,,,,,,,0
86,1536.21,137.07,66.5175,7.15424,19.0,56.24,annealing_T=75_h=5,absent,not_yet_detected,False,20.0,1256.6370614359173,annealing_T=125_h=25,v,20260828-044900,first_future_detection,user_fixed_radius,user_fixed_radius,,20260521-080451,,False,3.9505,1.8037,3.9505,,,,,,,,,,,,0
86,1536.21,137.07,84.8363,7.66893,21.0,56.35,annealing_T=75_h=5,absent,not_yet_detected,False,20.0,1256.6370614359173,annealing_T=125_h=25,v,20260828-044900,first_future_detection,user_fixed_radius,user_fixed_radius,,20260521-080451,,False,5.9835,3.9738,5.9835,,,,,,,,,,,,0
86,1536.21,137.07,91.445,7.70901,23.0,56.46,annealing_T=75_h=5,absent,not_yet_detected,False,20.0,1256.6370614359173,annealing_T=125_h=25,v,20260828-044900,first_future_detection,user_fixed_radius,user_fixed_radius,,20260521-080451,,False,0.0801,0.2124,0.2124,,,,,,,,,,,,0
87,1557.57,208.05,333.679,8.26407,17.0,56.13,annealing_T=75_h=5,absent,not_yet_detected,False,20.0,1256.6370614359173,annealing_T=125_h=25,v,20260828-044900,first_future_detection,user_fixed_radius,user_fixed_radius,,20260521-080451,,False,4.09,6.982,6.982,,,,,,,,,,,,0
87,1557.57,208.05,330.038,8.03831,19.0,56.24,annealing_T=75_h=5,absent,not_yet_detected,False,20.0,1256.6370614359173,annealing_T=125_h=25,v,20260828-044900,first_future_detection,user_fixed_radius,user_fixed_radius,,20260521-080451,,False,3.914,8.048,8.048,,,,,,,,,,,,0
87,1557.57,208.05,292.246,7.84915,21.0,56.35,annealing_T=75_h=5,absent,not_yet_detected,False,20.0,1256.6370614359173,annealing_T=125_h=25,v,20260828-044900,first_future_detection,user_fixed_radius,user_fixed_radius,,20260521-080451,,False,2.322,3.95,3.95,,,,,,,,,,,,0
87,1557.57,208.05,415.653,8.13974,23.0,56.46,annealing_T=75_h=5,absent,not_yet_detected,False,20.0,1256.6370614359173,annealing_T=125_h=25,v,20260828-044900,first_future_detection,user_fixed_radius,user_fixed_radius,,20260521-080451,,False,1.979,12.925,12.925,,,,,,,,,,,,0
88,490.57,97.36,1272.11,7.71482,17.0,56.13,annealing_T=75_h=5,absent,not_yet_detected,False,20.0,1256.6370614359173,annealing_T=150_h=25,v,20260917-041113,first_future_detection,user_fixed_radius,user_fixed_radius,,20260521-080451,0.7211102550927979,False,17.75,24.01,24.01,,,,,,,,,,,,0
88,490.57,97.36,1455.72,7.84908,19.0,56.24,annealing_T=75_h=5,absent,not_yet_detected,False,20.0,1256.6370614359173,annealing_T=150_h=25,v,20260917-041113,first_future_detection,user_fixed_radius,user_fixed_radius,,20260521-080451,0.7211102550927979,False,22.77,38.26,38.26,,,,,,,,,,,,0
88,490.57,97.36,1620.68,8.30895,21.0,56.35,annealing_T=75_h=5,absent,not_yet_detected,False,20.0,1256.6370614359173,annealing_T=150_h=25,v,20260917-041113,first_future_detection,user_fixed_radius,user_fixed_radius,,20260521-080451,0.7211102550927979,False,22.07,32.37,32.37,,,,,,,,,,,,0
88,490.57,97.36,1854.01,8.50336,23.0,56.46,annealing_T=75_h=5,absent,not_yet_detected,False,20.0,1256.6370614359173,annealing_T=150_h=25,v,20260917-041113,first_future_detection,user_fixed_radius,user_fixed_radius,,20260521-080451,0.7211102550927979,False,20.15,39.88,39.88,,,,,,,,,,,,0
89,731.34,247.83,11.3583,7.15182,17.0,56.13,annealing_T=75_h=5,absent,not_yet_detected,False,20.0,1256.6370614359173,annealing_T=150_h=5,v,20260909-034512,first_future_detection,user_fixed_radius,user_fixed_radius,,20260521-080451,0.5096076922496413,False,5.17546,0.6108,5.17546,,,,,,,,,,,,0
89,731.34,247.83,2.93326,7.35503,19.0,56.24,annealing_T=75_h=5,absent,not_yet_detected,False,20.0,1256.6370614359173,annealing_T=150_h=5,v,20260909-034512,first_future_detection,user_fixed_radius,user_fixed_radius,,20260521-080451,0.5096076922496413,False,1.75527,3.151521,3.151521,,,,,,,,,,,,0
89,731.34,247.83,-3.02614,7.72201,21.0,56.35,annealing_T=75_h=5,absent,not_yet_detected,False,20.0,1256.6370614359173,annealing_T=150_h=5,v,20260909-034512,first_future_detection,user_fixed_radius,user_fixed_radius,,20260521-080451,0.5096076922496413,False,4.00078,5.12033,5.12033,,,,,,,,,,,,0
89,731.34,247.83,0.667293,7.68421,23.0,56.46,annealing_T=75_h=5,absent,not_yet_detected,False,20.0,1256.6370614359173,annealing_T=150_h=5,v,20260909-034512,first_future_detection,user_fixed_radius,user_fixed_radius,,20260521-080451,0.5096076922496413,False,5.361193,4.404197,5.361193,,,,,,,,,,,,0
90,1096.56,197.84,-5.51106,7.40469,17.0,56.13,annealing_T=75_h=5,absent,not_yet_detected,False,20.0,1256.6370614359173,annealing_T=150_h=5,v,20260909-034512,first_future_detection,user_fixed_radius,user_fixed_radius,,20260521-080451,1.0980892495604302,False,4.51934,3.12002,4.51934,,,,,,,,,,,,0
90,1096.56,197.84,6.33911,7.37255,19.0,56.24,annealing_T=75_h=5,absent,not_yet_detected,False,20.0,1256.6370614359173,annealing_T=150_h=5,v,20260909-034512,first_future_detection,user_fixed_radius,user_fixed_radius,,20260521-080451,1.0980892495604302,False,2.65772,2.46565,2.65772,,,,,,,,,,,,0
90,1096.56,197.84,13.2765,7.88577,21.0,56.35,annealing_T=75_h=5,absent,not_yet_detected,False,20.0,1256.6370614359173,annealing_T=150_h=5,v,20260909-034512,first_future_detection,user_fixed_radius,user_fixed_radius,,20260521-080451,1.0980892495604302,False,5.91201,1.8635,5.91201,,,,,,,,,,,,0
90,1096.56,197.84,2.26986,7.87178,23.0,56.46,annealing_T=75_h=5,absent,not_yet_detected,False,20.0,1256.6370614359173,annealing_T=150_h=5,v,20260909-034512,first_future_detection,user_fixed_radius,user_fixed_radius,,20260521-080451,1.0980892495604302,False,0.05832,5.1272,5.1272,,,,,,,,,,,,0
91,1268.09,787.65,1857.31,8.11095,17.0,56.13,annealing_T=75_h=5,absent,not_yet_detected,False,20.0,1256.6370614359173,annealing_T=150_h=5,v,20260909-034512,first_future_detection,user_fixed_radius,user_fixed_radius,,20260521-080451,0.417731971484134,False,36.99,48.32,48.32,,,,,,,,,,,,0
91,1268.09,787.65,2053.78,8.42501,19.0,56.24,annealing_T=75_h=5,absent,not_yet_detected,False,20.0,1256.6370614359173,annealing_T=150_h=5,v,20260909-034512,first_future_detection,user_fixed_radius,user_fixed_radius,,20260521-080451,0.417731971484134,False,35.73,54.83,54.83,,,,,,,,,,,,0
91,1268.09,787.65,2253.07,8.72161,21.0,56.35,annealing_T=75_h=5,absent,not_yet_detected,False,20.0,1256.6370614359173,annealing_T=150_h=5,v,20260909-034512,first_future_detection,user_fixed_radius,user_fixed_radius,,20260521-080451,0.417731971484134,False,38.38,60.97,60.97,,,,,,,,,,,,0
91,1268.09,787.65,2364.3,8.85667,23.0,56.46,annealing_T=75_h=5,absent,not_yet_detected,False,20.0,1256.6370614359173,annealing_T=150_h=5,v,20260909-034512,first_future_detection,user_fixed_radius,user_fixed_radius,,20260521-080451,0.417731971484134,False,41.18,56.26,56.26,,,,,,,,,,,,0
92,1769.29,209.41,2056.85,8.21382,17.0,56.13,annealing_T=75_h=5,absent,never_detected_in_condition,False,20.0,1256.6370614359173,annealing_T=150_h=5,T,20260908-043207,cross_constant_fallback,user_fixed_radius,user_fixed_radius,,20260521-080451,,True,14.49,31.1,31.1,,,,,,,,,,,,0
92,1769.29,209.41,2349.92,8.40419,19.0,56.24,annealing_T=75_h=5,absent,never_detected_in_condition,False,20.0,1256.6370614359173,annealing_T=150_h=5,T,20260908-043207,cross_constant_fallback,user_fixed_radius,user_fixed_radius,,20260521-080451,,True,24.59,36.33,36.33,,,,,,,,,,,,0
92,1769.29,209.41,2610.39,9.07164,21.0,56.35,annealing_T=75_h=5,absent,never_detected_in_condition,False,20.0,1256.6370614359173,annealing_T=150_h=5,T,20260908-043207,cross_constant_fallback,user_fixed_radius,user_fixed_radius,,20260521-080451,,True,27.39,41.21,41.21,,,,,,,,,,,,0
92,1769.29,209.41,2942.63,9.24271,23.0,56.46,annealing_T=75_h=5,absent,never_detected_in_condition,False,20.0,1256.6370614359173,annealing_T=150_h=5,T,20260908-043207,cross_constant_fallback,user_fixed_radius,user_fixed_radius,,20260521-080451,,True,23.86,44.7,44.7,,,,,,,,,,,,0
93,150.75,909.77,211.767,7.77208,17.0,56.13,annealing_T=75_h=5,absent,never_detected_in_condition,False,20.0,1256.6370614359173,annealing_T=150_h=25,T,20260916-045914,cross_constant_fallback,user_fixed_radius,user_fixed_radius,,20260521-080451,,True,0.059,0.708,0.708,,,,,,,,,,,,0
93,150.75,909.77,245.668,7.74305,19.0,56.24,annealing_T=75_h=5,absent,never_detected_in_condition,False,20.0,1256.6370614359173,annealing_T=150_h=25,T,20260916-045914,cross_constant_fallback,user_fixed_radius,user_fixed_radius,,20260521-080451,,True,4.058,3.153,4.058,,,,,,,,,,,,0
93,150.75,909.77,271.443,8.13012,21.0,56.35,annealing_T=75_h=5,absent,never_detected_in_condition,False,20.0,1256.6370614359173,annealing_T=150_h=25,T,20260916-045914,cross_constant_fallback,user_fixed_radius,user_fixed_radius,,20260521-080451,,True,1.25,6.98,6.98,,,,,,,,,,,,0
93,150.75,909.77,329.326,8.34231,23.0,56.46,annealing_T=75_h=5,absent,never_detected_in_condition,False,20.0,1256.6370614359173,annealing_T=150_h=25,T,20260916-045914,cross_constant_fallback,user_fixed_radius,user_fixed_radius,,20260521-080451,,True,3.705,6.355,6.355,,,,,,,,,,,,0
94,214.55,917.95,14.5571,8.03124,17.0,56.13,annealing_T=75_h=5,absent,never_detected_in_condition,False,20.0,1256.6370614359173,annealing_T=150_h=25,T,20260916-045914,cross_constant_fallback,user_fixed_radius,user_fixed_radius,,20260521-080451,,True,7.53267,3.6058,7.53267,,,,,,,,,,,,0
94,214.55,917.95,12.613,8.61464,19.0,56.24,annealing_T=75_h=5,absent,never_detected_in_condition,False,20.0,1256.6370614359173,annealing_T=150_h=25,T,20260916-045914,cross_constant_fallback,user_fixed_radius,user_fixed_radius,,20260521-080451,,True,1.4914,6.4117,6.4117,,,,,,,,,,,,0
94,214.55,917.95,22.7831,8.62159,21.0,56.35,annealing_T=75_h=5,absent,never_detected_in_condition,False,20.0,1256.6370614359173,annealing_T=150_h=25,T,20260916-045914,cross_constant_fallback,user_fixed_radius,user_fixed_radius,,20260521-080451,,True,8.5516,0.0721,8.5516,,,,,,,,,,,,0
94,214.55,917.95,28.5589,8.52769,23.0,56.46,annealing_T=75_h=5,absent,never_detected_in_condition,False,20.0,1256.6370614359173,annealing_T=150_h=25,T,20260916-045914,cross_constant_fallback,user_fixed_radius,user_fixed_radius,,20260521-080451,,True,7.6597,4.6993,7.6597,,,,,,,,,,,,0
95,806.54,192.06,197.694,8.14474,17.0,56.13,annealing_T=75_h=5,absent,not_yet_detected,False,20.0,1256.6370614359173,annealing_T=150_h=25,v,20260917-041113,first_future_detection,user_fixed_radius,user_fixed_radius,,20260521-080451,1.2393950137062597,False,7.039,4.26,7.039,,,,,,,,,,,,0
95,806.54,192.06,247.162,8.67497,19.0,56.24,annealing_T=75_h=5,absent,not_yet_detected,False,20.0,1256.6370614359173,annealing_T=150_h=25,v,20260917-041113,first_future_detection,user_fixed_radius,user_fixed_radius,,20260521-080451,1.2393950137062597,False,2.662,8.863,8.863,,,,,,,,,,,,0
95,806.54,192.06,289.49,9.4405,21.0,56.35,annealing_T=75_h=5,absent,not_yet_detected,False,20.0,1256.6370614359173,annealing_T=150_h=25,v,20260917-041113,first_future_detection,user_fixed_radius,user_fixed_radius,,20260521-080451,1.2393950137062597,False,3.581,6.187,6.187,,,,,,,,,,,,0
95,806.54,192.06,318.101,8.90318,23.0,56.46,annealing_T=75_h=5,absent,not_yet_detected,False,20.0,1256.6370614359173,annealing_T=150_h=25,v,20260917-041113,first_future_detection,user_fixed_radius,user_fixed_radius,,20260521-080451,1.2393950137062597,False,3.738,2.252,3.738,,,,,,,,,,,,0
96,1571.54,682.79,19.6694,7.88501,17.0,56.13,annealing_T=75_h=5,absent,not_yet_detected,False,20.0,1256.6370614359173,annealing_T=150_h=25,v,20260917-041113,first_future_detection,user_fixed_radius,user_fixed_radius,,20260521-080451,1.7317043627593864,False,1.9222,5.0962,5.0962,,,,,,,,,,,,0
96,1571.54,682.79,32.7995,7.80691,19.0,56.24,annealing_T=75_h=5,absent,not_yet_detected,False,20.0,1256.6370614359173,annealing_T=150_h=25,v,20260917-041113,first_future_detection,user_fixed_radius,user_fixed_radius,,20260521-080451,1.7317043627593864,False,4.0912,1.2584,4.0912,,,,,,,,,,,,0
96,1571.54,682.79,26.3328,8.15757,21.0,56.35,annealing_T=75_h=5,absent,not_yet_detected,False,20.0,1256.6370614359173,annealing_T=150_h=25,v,20260917-041113,first_future_detection,user_fixed_radius,user_fixed_radius,,20260521-080451,1.7317043627593864,False,4.2823,3.3045,4.2823,,,,,,,,,,,,0
96,1571.54,682.79,31.8956,8.46355,23.0,56.46,annealing_T=75_h=5,absent,not_yet_detected,False,20.0,1256.6370614359173,annealing_T=150_h=25,v,20260917-041113,first_future_detection,user_fixed_radius,user_fixed_radius,,20260521-080451,1.7317043627593864,False,0.4675,2.3701,2.3701,,,,,,,,,,,,0
97,1733.48,123.65,2.43323,8.10785,17.0,56.13,annealing_T=75_h=5,absent,not_yet_detected,False,20.0,1256.6370614359173,annealing_T=150_h=25,v,20260917-041113,first_future_detection,user_fixed_radius,user_fixed_radius,,20260521-080451,,False,1.64244,5.42654,5.42654,,,,,,,,,,,,0
97,1733.48,123.65,-3.80366,8.28066,19.0,56.24,annealing_T=75_h=5,absent,not_yet_detected,False,20.0,1256.6370614359173,annealing_T=150_h=25,v,20260917-041113,first_future_detection,user_fixed_radius,user_fixed_radius,,20260521-080451,,False,4.99706,9.17892,9.17892,,,,,,,,,,,,0
97,1733.48,123.65,7.39406,8.87461,21.0,56.35,annealing_T=75_h=5,absent,not_yet_detected,False,20.0,1256.6370614359173,annealing_T=150_h=25,v,20260917-041113,first_future_detection,user_fixed_radius,user_fixed_radius,,20260521-080451,,False,1.42259,6.57824,6.57824,,,,,,,,,,,,0
97,1733.48,123.65,17.6864,8.81484,23.0,56.46,annealing_T=75_h=5,absent,not_yet_detected,False,20.0,1256.6370614359173,annealing_T=150_h=25,v,20260917-041113,first_future_detection,user_fixed_radius,user_fixed_radius,,20260521-080451,,False,6.6438,5.3042,6.6438,,,,,,,,,,,,0
