spot,x,y,luminosity,error,T,v,v_fin,phase,detection,status,integration_radius,integration_area,geometry_source_phase,geometry_source_run,geometry_mode,integration_radius_source_phase,integration_radius_source_run,run_number,match_distance
0,2.94,731.57,-0.978403,0.296566,20.0,52.3,1.0,annealing_T=100_h=5,present,present,4.37,60.0,annealing_T=100_h=5,20260610-203538,phase_detection,before_annealing,20260513-032137,20260610-203538,2.214610575247855
0,2.94,731.57,1.14386,0.343136,20.0,53.3,2.0,annealing_T=100_h=5,present,present,4.37,60.0,annealing_T=100_h=5,20260610-203538,phase_detection,before_annealing,20260513-032137,20260610-203538,2.214610575247855
0,2.94,731.57,2.52452,0.271473,20.0,54.3,3.0,annealing_T=100_h=5,present,present,4.37,60.0,annealing_T=100_h=5,20260610-203538,phase_detection,before_annealing,20260513-032137,20260610-203538,2.214610575247855
0,2.94,731.57,6.58835,0.346969,20.0,55.3,4.0,annealing_T=100_h=5,present,present,4.37,60.0,annealing_T=100_h=5,20260610-203538,phase_detection,before_annealing,20260513-032137,20260610-203538,2.214610575247855
0,2.94,731.57,11.0838,0.366059,20.0,56.3,5.0,annealing_T=100_h=5,present,present,4.37,60.0,annealing_T=100_h=5,20260610-203538,phase_detection,before_annealing,20260513-032137,20260610-203538,2.214610575247855
0,2.94,731.57,20.8594,0.486764,20.0,58.3,7.0,annealing_T=100_h=5,present,present,4.37,60.0,annealing_T=100_h=5,20260610-203538,phase_detection,before_annealing,20260513-032137,20260610-203538,2.214610575247855
1,1.14,164.28,0.318143,0.0425421,20.0,52.3,1.0,annealing_T=100_h=5,absent,absent,4.07,52.0,annealing_T=75_h=5,20260520-085312,previous_detection,annealing_T=75_h=5,20260520-085312,20260610-203538,1.641249523990789
1,1.14,164.28,-0.160573,0.0808691,20.0,53.3,2.0,annealing_T=100_h=5,absent,absent,4.07,52.0,annealing_T=75_h=5,20260520-085312,previous_detection,annealing_T=75_h=5,20260520-085312,20260610-203538,1.641249523990789
1,1.14,164.28,-0.599939,0.0791119,20.0,54.3,3.0,annealing_T=100_h=5,absent,absent,4.07,52.0,annealing_T=75_h=5,20260520-085312,previous_detection,annealing_T=75_h=5,20260520-085312,20260610-203538,1.641249523990789
1,1.14,164.28,0.213809,0.0539763,20.0,55.3,4.0,annealing_T=100_h=5,absent,absent,4.07,52.0,annealing_T=75_h=5,20260520-085312,previous_detection,annealing_T=75_h=5,20260520-085312,20260610-203538,1.641249523990789
1,1.14,164.28,-0.134144,0.182001,20.0,56.3,5.0,annealing_T=100_h=5,absent,absent,4.07,52.0,annealing_T=75_h=5,20260520-085312,previous_detection,annealing_T=75_h=5,20260520-085312,20260610-203538,1.641249523990789
1,1.14,164.28,1.03712,0.146283,20.0,58.3,7.0,annealing_T=100_h=5,absent,absent,4.07,52.0,annealing_T=75_h=5,20260520-085312,previous_detection,annealing_T=75_h=5,20260520-085312,20260610-203538,1.641249523990789
2,3.77,444.68,0.0109662,0.0815396,20.0,52.3,1.0,annealing_T=100_h=5,present,present,4.26,57.0,annealing_T=100_h=5,20260610-203538,phase_detection,annealing_T=150_h=5,20260908-043207,20260610-203538,0.7872102641607152
2,3.77,444.68,1.38842,0.186619,20.0,53.3,2.0,annealing_T=100_h=5,present,present,4.26,57.0,annealing_T=100_h=5,20260610-203538,phase_detection,annealing_T=150_h=5,20260908-043207,20260610-203538,0.7872102641607152
2,3.77,444.68,3.39855,0.0821759,20.0,54.3,3.0,annealing_T=100_h=5,present,present,4.26,57.0,annealing_T=100_h=5,20260610-203538,phase_detection,annealing_T=150_h=5,20260908-043207,20260610-203538,0.7872102641607152
2,3.77,444.68,5.76402,0.114207,20.0,55.3,4.0,annealing_T=100_h=5,present,present,4.26,57.0,annealing_T=100_h=5,20260610-203538,phase_detection,annealing_T=150_h=5,20260908-043207,20260610-203538,0.7872102641607152
2,3.77,444.68,12.231,0.249585,20.0,56.3,5.0,annealing_T=100_h=5,present,present,4.26,57.0,annealing_T=100_h=5,20260610-203538,phase_detection,annealing_T=150_h=5,20260908-043207,20260610-203538,0.7872102641607152
2,3.77,444.68,29.2178,0.235678,20.0,58.3,7.0,annealing_T=100_h=5,present,present,4.26,57.0,annealing_T=100_h=5,20260610-203538,phase_detection,annealing_T=150_h=5,20260908-043207,20260610-203538,0.7872102641607152
3,37.69,633.6,0.843636,0.132897,20.0,52.3,1.0,annealing_T=100_h=5,present,present,4.22,56.0,annealing_T=100_h=5,20260610-203538,phase_detection,annealing_T=75_h=25,20260530-001924,20260610-203538,1.2841339493993082
3,37.69,633.6,4.0624,0.121424,20.0,53.3,2.0,annealing_T=100_h=5,present,present,4.22,56.0,annealing_T=100_h=5,20260610-203538,phase_detection,annealing_T=75_h=25,20260530-001924,20260610-203538,1.2841339493993082
3,37.69,633.6,8.29994,0.153715,20.0,54.3,3.0,annealing_T=100_h=5,present,present,4.22,56.0,annealing_T=100_h=5,20260610-203538,phase_detection,annealing_T=75_h=25,20260530-001924,20260610-203538,1.2841339493993082
3,37.69,633.6,13.3869,0.175799,20.0,55.3,4.0,annealing_T=100_h=5,present,present,4.22,56.0,annealing_T=100_h=5,20260610-203538,phase_detection,annealing_T=75_h=25,20260530-001924,20260610-203538,1.2841339493993082
3,37.69,633.6,17.3465,0.190313,20.0,56.3,5.0,annealing_T=100_h=5,present,present,4.22,56.0,annealing_T=100_h=5,20260610-203538,phase_detection,annealing_T=75_h=25,20260530-001924,20260610-203538,1.2841339493993082
3,37.69,633.6,29.6197,0.368159,20.0,58.3,7.0,annealing_T=100_h=5,present,present,4.22,56.0,annealing_T=100_h=5,20260610-203538,phase_detection,annealing_T=75_h=25,20260530-001924,20260610-203538,1.2841339493993082
4,54.87,1062.99,9.06633,0.550229,20.0,52.3,1.0,annealing_T=100_h=5,present,present,8.69,237.0,annealing_T=100_h=5,20260610-203538,phase_detection,before_annealing,20260513-032137,20260610-203538,1.4629422408283632
4,54.87,1062.99,19.9123,0.538758,20.0,53.3,2.0,annealing_T=100_h=5,present,present,8.69,237.0,annealing_T=100_h=5,20260610-203538,phase_detection,before_annealing,20260513-032137,20260610-203538,1.4629422408283632
4,54.87,1062.99,39.3876,0.512064,20.0,54.3,3.0,annealing_T=100_h=5,present,present,8.69,237.0,annealing_T=100_h=5,20260610-203538,phase_detection,before_annealing,20260513-032137,20260610-203538,1.4629422408283632
4,54.87,1062.99,68.7879,0.592961,20.0,55.3,4.0,annealing_T=100_h=5,present,present,8.69,237.0,annealing_T=100_h=5,20260610-203538,phase_detection,before_annealing,20260513-032137,20260610-203538,1.4629422408283632
4,54.87,1062.99,88.8207,0.675004,20.0,56.3,5.0,annealing_T=100_h=5,present,present,8.69,237.0,annealing_T=100_h=5,20260610-203538,phase_detection,before_annealing,20260513-032137,20260610-203538,1.4629422408283632
4,54.87,1062.99,179.392,1.19695,20.0,58.3,7.0,annealing_T=100_h=5,present,present,8.69,237.0,annealing_T=100_h=5,20260610-203538,phase_detection,before_annealing,20260513-032137,20260610-203538,1.4629422408283632
5,57.08,529.59,24.8892,0.542411,20.0,52.3,1.0,annealing_T=100_h=5,present,present,9.8,302.0,annealing_T=100_h=5,20260610-203538,phase_detection,before_annealing,20260513-032137,20260610-203538,1.0124228365658199
5,57.08,529.59,69.6155,0.545471,20.0,53.3,2.0,annealing_T=100_h=5,present,present,9.8,302.0,annealing_T=100_h=5,20260610-203538,phase_detection,before_annealing,20260513-032137,20260610-203538,1.0124228365658199
5,57.08,529.59,126.121,0.786213,20.0,54.3,3.0,annealing_T=100_h=5,present,present,9.8,302.0,annealing_T=100_h=5,20260610-203538,phase_detection,before_annealing,20260513-032137,20260610-203538,1.0124228365658199
5,57.08,529.59,189.187,0.585668,20.0,55.3,4.0,annealing_T=100_h=5,present,present,9.8,302.0,annealing_T=100_h=5,20260610-203538,phase_detection,before_annealing,20260513-032137,20260610-203538,1.0124228365658199
5,57.08,529.59,271.056,0.895433,20.0,56.3,5.0,annealing_T=100_h=5,present,present,9.8,302.0,annealing_T=100_h=5,20260610-203538,phase_detection,before_annealing,20260513-032137,20260610-203538,1.0124228365658199
5,57.08,529.59,467.101,1.28243,20.0,58.3,7.0,annealing_T=100_h=5,present,present,9.8,302.0,annealing_T=100_h=5,20260610-203538,phase_detection,before_annealing,20260513-032137,20260610-203538,1.0124228365658199
6,57.42,572.34,131.304,1.12793,20.0,52.3,1.0,annealing_T=100_h=5,present,present,15.17,723.0,annealing_T=100_h=5,20260610-203538,phase_detection,annealing_T=75_h=5,20260520-085312,20260610-203538,0.9974467404327737
6,57.42,572.34,486.826,2.96599,20.0,53.3,2.0,annealing_T=100_h=5,present,present,15.17,723.0,annealing_T=100_h=5,20260610-203538,phase_detection,annealing_T=75_h=5,20260520-085312,20260610-203538,0.9974467404327737
6,57.42,572.34,990.533,7.06356,20.0,54.3,3.0,annealing_T=100_h=5,present,present,15.17,723.0,annealing_T=100_h=5,20260610-203538,phase_detection,annealing_T=75_h=5,20260520-085312,20260610-203538,0.9974467404327737
6,57.42,572.34,1473.57,11.9534,20.0,55.3,4.0,annealing_T=100_h=5,present,present,15.17,723.0,annealing_T=100_h=5,20260610-203538,phase_detection,annealing_T=75_h=5,20260520-085312,20260610-203538,0.9974467404327737
6,57.42,572.34,2368.54,19.9086,20.0,56.3,5.0,annealing_T=100_h=5,present,present,15.17,723.0,annealing_T=100_h=5,20260610-203538,phase_detection,annealing_T=75_h=5,20260520-085312,20260610-203538,0.9974467404327737
6,57.42,572.34,5107.07,35.5024,20.0,58.3,7.0,annealing_T=100_h=5,present,present,15.17,723.0,annealing_T=100_h=5,20260610-203538,phase_detection,annealing_T=75_h=5,20260520-085312,20260610-203538,0.9974467404327737
7,62.68,550.55,14.4805,0.890301,20.0,52.3,1.0,annealing_T=100_h=5,present,present,11.34,404.0,annealing_T=100_h=5,20260610-203538,phase_detection,annealing_T=75_h=5,20260520-085312,20260610-203538,0.8357032966311267
7,62.68,550.55,69.3041,0.839627,20.0,53.3,2.0,annealing_T=100_h=5,present,present,11.34,404.0,annealing_T=100_h=5,20260610-203538,phase_detection,annealing_T=75_h=5,20260520-085312,20260610-203538,0.8357032966311267
7,62.68,550.55,154.685,0.941526,20.0,54.3,3.0,annealing_T=100_h=5,present,present,11.34,404.0,annealing_T=100_h=5,20260610-203538,phase_detection,annealing_T=75_h=5,20260520-085312,20260610-203538,0.8357032966311267
7,62.68,550.55,336.181,1.26755,20.0,55.3,4.0,annealing_T=100_h=5,present,present,11.34,404.0,annealing_T=100_h=5,20260610-203538,phase_detection,annealing_T=75_h=5,20260520-085312,20260610-203538,0.8357032966311267
7,62.68,550.55,544.511,1.87852,20.0,56.3,5.0,annealing_T=100_h=5,present,present,11.34,404.0,annealing_T=100_h=5,20260610-203538,phase_detection,annealing_T=75_h=5,20260520-085312,20260610-203538,0.8357032966311267
7,62.68,550.55,1705.86,3.45508,20.0,58.3,7.0,annealing_T=100_h=5,present,present,11.34,404.0,annealing_T=100_h=5,20260610-203538,phase_detection,annealing_T=75_h=5,20260520-085312,20260610-203538,0.8357032966311267
8,63.14,1047.93,4.38922,0.381509,20.0,52.3,1.0,annealing_T=100_h=5,present,present,5.56,97.0,annealing_T=100_h=5,20260610-203538,phase_detection,annealing_T=100_h=5,20260610-203538,20260610-203538,1.1294689017409374
8,63.14,1047.93,9.6688,0.401482,20.0,53.3,2.0,annealing_T=100_h=5,present,present,5.56,97.0,annealing_T=100_h=5,20260610-203538,phase_detection,annealing_T=100_h=5,20260610-203538,20260610-203538,1.1294689017409374
8,63.14,1047.93,21.624,0.288513,20.0,54.3,3.0,annealing_T=100_h=5,present,present,5.56,97.0,annealing_T=100_h=5,20260610-203538,phase_detection,annealing_T=100_h=5,20260610-203538,20260610-203538,1.1294689017409374
8,63.14,1047.93,32.8147,0.376176,20.0,55.3,4.0,annealing_T=100_h=5,present,present,5.56,97.0,annealing_T=100_h=5,20260610-203538,phase_detection,annealing_T=100_h=5,20260610-203538,20260610-203538,1.1294689017409374
8,63.14,1047.93,52.3171,0.370888,20.0,56.3,5.0,annealing_T=100_h=5,present,present,5.56,97.0,annealing_T=100_h=5,20260610-203538,phase_detection,annealing_T=100_h=5,20260610-203538,20260610-203538,1.1294689017409374
8,63.14,1047.93,89.3872,0.719642,20.0,58.3,7.0,annealing_T=100_h=5,present,present,5.56,97.0,annealing_T=100_h=5,20260610-203538,phase_detection,annealing_T=100_h=5,20260610-203538,20260610-203538,1.1294689017409374
9,67.23,808.61,45.2566,0.763042,20.0,52.3,1.0,annealing_T=100_h=5,present,present,14.67,676.0,annealing_T=100_h=5,20260610-203538,phase_detection,annealing_T=75_h=5,20260520-085312,20260610-203538,0.8575546629807508
9,67.23,808.61,127.802,0.676196,20.0,53.3,2.0,annealing_T=100_h=5,present,present,14.67,676.0,annealing_T=100_h=5,20260610-203538,phase_detection,annealing_T=75_h=5,20260520-085312,20260610-203538,0.8575546629807508
9,67.23,808.61,247.901,0.891787,20.0,54.3,3.0,annealing_T=100_h=5,present,present,14.67,676.0,annealing_T=100_h=5,20260610-203538,phase_detection,annealing_T=75_h=5,20260520-085312,20260610-203538,0.8575546629807508
9,67.23,808.61,402.206,1.08394,20.0,55.3,4.0,annealing_T=100_h=5,present,present,14.67,676.0,annealing_T=100_h=5,20260610-203538,phase_detection,annealing_T=75_h=5,20260520-085312,20260610-203538,0.8575546629807508
9,67.23,808.61,584.886,1.41291,20.0,56.3,5.0,annealing_T=100_h=5,present,present,14.67,676.0,annealing_T=100_h=5,20260610-203538,phase_detection,annealing_T=75_h=5,20260520-085312,20260610-203538,0.8575546629807508
9,67.23,808.61,2765.7,30.9556,20.0,58.3,7.0,annealing_T=100_h=5,present,present,14.67,676.0,annealing_T=100_h=5,20260610-203538,phase_detection,annealing_T=75_h=5,20260520-085312,20260610-203538,0.8575546629807508
10,80.63,95.58,1.97243,0.460747,20.0,52.3,1.0,annealing_T=100_h=5,present,present,6.98,153.0,annealing_T=100_h=5,20260610-203538,phase_detection,annealing_T=100_h=5,20260610-203538,20260610-203538,0.8505292469986053
10,80.63,95.58,18.0262,0.382012,20.0,53.3,2.0,annealing_T=100_h=5,present,present,6.98,153.0,annealing_T=100_h=5,20260610-203538,phase_detection,annealing_T=100_h=5,20260610-203538,20260610-203538,0.8505292469986053
10,80.63,95.58,40.6806,0.435186,20.0,54.3,3.0,annealing_T=100_h=5,present,present,6.98,153.0,annealing_T=100_h=5,20260610-203538,phase_detection,annealing_T=100_h=5,20260610-203538,20260610-203538,0.8505292469986053
10,80.63,95.58,69.8004,0.505864,20.0,55.3,4.0,annealing_T=100_h=5,present,present,6.98,153.0,annealing_T=100_h=5,20260610-203538,phase_detection,annealing_T=100_h=5,20260610-203538,20260610-203538,0.8505292469986053
10,80.63,95.58,116.862,0.541645,20.0,56.3,5.0,annealing_T=100_h=5,present,present,6.98,153.0,annealing_T=100_h=5,20260610-203538,phase_detection,annealing_T=100_h=5,20260610-203538,20260610-203538,0.8505292469986053
10,80.63,95.58,262.114,0.851626,20.0,58.3,7.0,annealing_T=100_h=5,present,present,6.98,153.0,annealing_T=100_h=5,20260610-203538,phase_detection,annealing_T=100_h=5,20260610-203538,20260610-203538,0.8505292469986053
11,94.37,353.17,2.71137,0.593171,20.0,52.3,1.0,annealing_T=100_h=5,present,present,9.04,257.0,annealing_T=100_h=5,20260610-203538,phase_detection,annealing_T=75_h=5,20260520-085312,20260610-203538,1.9632880583347991
11,94.37,353.17,6.88298,0.652311,20.0,53.3,2.0,annealing_T=100_h=5,present,present,9.04,257.0,annealing_T=100_h=5,20260610-203538,phase_detection,annealing_T=75_h=5,20260520-085312,20260610-203538,1.9632880583347991
11,94.37,353.17,7.61192,0.82235,20.0,54.3,3.0,annealing_T=100_h=5,present,present,9.04,257.0,annealing_T=100_h=5,20260610-203538,phase_detection,annealing_T=75_h=5,20260520-085312,20260610-203538,1.9632880583347991
11,94.37,353.17,19.4499,0.961461,20.0,55.3,4.0,annealing_T=100_h=5,present,present,9.04,257.0,annealing_T=100_h=5,20260610-203538,phase_detection,annealing_T=75_h=5,20260520-085312,20260610-203538,1.9632880583347991
11,94.37,353.17,32.4947,0.800255,20.0,56.3,5.0,annealing_T=100_h=5,present,present,9.04,257.0,annealing_T=100_h=5,20260610-203538,phase_detection,annealing_T=75_h=5,20260520-085312,20260610-203538,1.9632880583347991
11,94.37,353.17,65.5058,1.04345,20.0,58.3,7.0,annealing_T=100_h=5,present,present,9.04,257.0,annealing_T=100_h=5,20260610-203538,phase_detection,annealing_T=75_h=5,20260520-085312,20260610-203538,1.9632880583347991
12,114.58,320.37,1.2485,0.341836,20.0,52.3,1.0,annealing_T=100_h=5,present,present,4.07,52.0,annealing_T=100_h=5,20260610-203538,phase_detection,before_annealing,20260513-032137,20260610-203538,1.0346496991735619
12,114.58,320.37,1.63539,0.356642,20.0,53.3,2.0,annealing_T=100_h=5,present,present,4.07,52.0,annealing_T=100_h=5,20260610-203538,phase_detection,before_annealing,20260513-032137,20260610-203538,1.0346496991735619
12,114.58,320.37,6.49922,0.479849,20.0,54.3,3.0,annealing_T=100_h=5,present,present,4.07,52.0,annealing_T=100_h=5,20260610-203538,phase_detection,before_annealing,20260513-032137,20260610-203538,1.0346496991735619
12,114.58,320.37,7.47294,0.213837,20.0,55.3,4.0,annealing_T=100_h=5,present,present,4.07,52.0,annealing_T=100_h=5,20260610-203538,phase_detection,before_annealing,20260513-032137,20260610-203538,1.0346496991735619
12,114.58,320.37,11.5423,0.228017,20.0,56.3,5.0,annealing_T=100_h=5,present,present,4.07,52.0,annealing_T=100_h=5,20260610-203538,phase_detection,before_annealing,20260513-032137,20260610-203538,1.0346496991735619
12,114.58,320.37,16.8035,0.518902,20.0,58.3,7.0,annealing_T=100_h=5,present,present,4.07,52.0,annealing_T=100_h=5,20260610-203538,phase_detection,before_annealing,20260513-032137,20260610-203538,1.0346496991735619
13,139.07,256.97,6.6988,0.182024,20.0,52.3,1.0,annealing_T=100_h=5,present,present,6.48,132.0,annealing_T=100_h=5,20260610-203538,phase_detection,annealing_T=100_h=5,20260610-203538,20260610-203538,0.7627581530209633
13,139.07,256.97,22.0082,0.258575,20.0,53.3,2.0,annealing_T=100_h=5,present,present,6.48,132.0,annealing_T=100_h=5,20260610-203538,phase_detection,annealing_T=100_h=5,20260610-203538,20260610-203538,0.7627581530209633
13,139.07,256.97,43.9312,0.236647,20.0,54.3,3.0,annealing_T=100_h=5,present,present,6.48,132.0,annealing_T=100_h=5,20260610-203538,phase_detection,annealing_T=100_h=5,20260610-203538,20260610-203538,0.7627581530209633
13,139.07,256.97,57.1715,0.258636,20.0,55.3,4.0,annealing_T=100_h=5,present,present,6.48,132.0,annealing_T=100_h=5,20260610-203538,phase_detection,annealing_T=100_h=5,20260610-203538,20260610-203538,0.7627581530209633
13,139.07,256.97,83.8059,0.232591,20.0,56.3,5.0,annealing_T=100_h=5,present,present,6.48,132.0,annealing_T=100_h=5,20260610-203538,phase_detection,annealing_T=100_h=5,20260610-203538,20260610-203538,0.7627581530209633
13,139.07,256.97,148.679,0.39991,20.0,58.3,7.0,annealing_T=100_h=5,present,present,6.48,132.0,annealing_T=100_h=5,20260610-203538,phase_detection,annealing_T=100_h=5,20260610-203538,20260610-203538,0.7627581530209633
14,150.68,911.39,22.4988,0.521832,20.0,52.3,1.0,annealing_T=100_h=5,present,present,8.78,242.0,annealing_T=100_h=5,20260610-203538,phase_detection,before_annealing,20260513-032137,20260610-203538,1.1452947218947502
14,150.68,911.39,62.3345,0.610353,20.0,53.3,2.0,annealing_T=100_h=5,present,present,8.78,242.0,annealing_T=100_h=5,20260610-203538,phase_detection,before_annealing,20260513-032137,20260610-203538,1.1452947218947502
14,150.68,911.39,105.926,0.688557,20.0,54.3,3.0,annealing_T=100_h=5,present,present,8.78,242.0,annealing_T=100_h=5,20260610-203538,phase_detection,before_annealing,20260513-032137,20260610-203538,1.1452947218947502
14,150.68,911.39,169.674,0.824949,20.0,55.3,4.0,annealing_T=100_h=5,present,present,8.78,242.0,annealing_T=100_h=5,20260610-203538,phase_detection,before_annealing,20260513-032137,20260610-203538,1.1452947218947502
14,150.68,911.39,226.581,0.991805,20.0,56.3,5.0,annealing_T=100_h=5,present,present,8.78,242.0,annealing_T=100_h=5,20260610-203538,phase_detection,before_annealing,20260513-032137,20260610-203538,1.1452947218947502
14,150.68,911.39,375.217,1.15185,20.0,58.3,7.0,annealing_T=100_h=5,present,present,8.78,242.0,annealing_T=100_h=5,20260610-203538,phase_detection,before_annealing,20260513-032137,20260610-203538,1.1452947218947502
15,173.89,943.3,8.94099,0.482571,20.0,52.3,1.0,annealing_T=100_h=5,present,present,10.97,378.0,annealing_T=100_h=5,20260610-203538,phase_detection,annealing_T=100_h=25,20260625-095817,20260610-203538,1.0420172743291523
15,173.89,943.3,54.942,0.584386,20.0,53.3,2.0,annealing_T=100_h=5,present,present,10.97,378.0,annealing_T=100_h=5,20260610-203538,phase_detection,annealing_T=100_h=25,20260625-095817,20260610-203538,1.0420172743291523
15,173.89,943.3,151.217,0.61143,20.0,54.3,3.0,annealing_T=100_h=5,present,present,10.97,378.0,annealing_T=100_h=5,20260610-203538,phase_detection,annealing_T=100_h=25,20260625-095817,20260610-203538,1.0420172743291523
15,173.89,943.3,298.89,0.899765,20.0,55.3,4.0,annealing_T=100_h=5,present,present,10.97,378.0,annealing_T=100_h=5,20260610-203538,phase_detection,annealing_T=100_h=25,20260625-095817,20260610-203538,1.0420172743291523
15,173.89,943.3,494.332,1.10197,20.0,56.3,5.0,annealing_T=100_h=5,present,present,10.97,378.0,annealing_T=100_h=5,20260610-203538,phase_detection,annealing_T=100_h=25,20260625-095817,20260610-203538,1.0420172743291523
15,173.89,943.3,1127.75,2.0177,20.0,58.3,7.0,annealing_T=100_h=5,present,present,10.97,378.0,annealing_T=100_h=5,20260610-203538,phase_detection,annealing_T=100_h=25,20260625-095817,20260610-203538,1.0420172743291523
16,182.39,171.21,109.044,0.908362,20.0,52.3,1.0,annealing_T=100_h=5,present,present,16.17,821.0,annealing_T=100_h=5,20260610-203538,phase_detection,annealing_T=75_h=5,20260520-085312,20260610-203538,0.9534149149242229
16,182.39,171.21,430.219,0.912514,20.0,53.3,2.0,annealing_T=100_h=5,present,present,16.17,821.0,annealing_T=100_h=5,20260610-203538,phase_detection,annealing_T=75_h=5,20260520-085312,20260610-203538,0.9534149149242229
16,182.39,171.21,1026.07,1.28304,20.0,54.3,3.0,annealing_T=100_h=5,present,present,16.17,821.0,annealing_T=100_h=5,20260610-203538,phase_detection,annealing_T=75_h=5,20260520-085312,20260610-203538,0.9534149149242229
16,182.39,171.21,1978.72,1.77018,20.0,55.3,4.0,annealing_T=100_h=5,present,present,16.17,821.0,annealing_T=100_h=5,20260610-203538,phase_detection,annealing_T=75_h=5,20260520-085312,20260610-203538,0.9534149149242229
16,182.39,171.21,3405.95,2.65983,20.0,56.3,5.0,annealing_T=100_h=5,present,present,16.17,821.0,annealing_T=100_h=5,20260610-203538,phase_detection,annealing_T=75_h=5,20260520-085312,20260610-203538,0.9534149149242229
16,182.39,171.21,8182.95,6.31302,20.0,58.3,7.0,annealing_T=100_h=5,present,present,16.17,821.0,annealing_T=100_h=5,20260610-203538,phase_detection,annealing_T=75_h=5,20260520-085312,20260610-203538,0.9534149149242229
17,193.46,519.22,7.22903,0.422708,20.0,52.3,1.0,annealing_T=100_h=5,present,present,8.72,239.0,annealing_T=100_h=5,20260610-203538,phase_detection,annealing_T=75_h=5,20260520-085312,20260610-203538,0.9533624704171676
17,193.46,519.22,30.7491,0.609394,20.0,53.3,2.0,annealing_T=100_h=5,present,present,8.72,239.0,annealing_T=100_h=5,20260610-203538,phase_detection,annealing_T=75_h=5,20260520-085312,20260610-203538,0.9533624704171676
17,193.46,519.22,70.5565,0.650378,20.0,54.3,3.0,annealing_T=100_h=5,present,present,8.72,239.0,annealing_T=100_h=5,20260610-203538,phase_detection,annealing_T=75_h=5,20260520-085312,20260610-203538,0.9533624704171676
17,193.46,519.22,123.855,0.671265,20.0,55.3,4.0,annealing_T=100_h=5,present,present,8.72,239.0,annealing_T=100_h=5,20260610-203538,phase_detection,annealing_T=75_h=5,20260520-085312,20260610-203538,0.9533624704171676
17,193.46,519.22,196.884,0.880168,20.0,56.3,5.0,annealing_T=100_h=5,present,present,8.72,239.0,annealing_T=100_h=5,20260610-203538,phase_detection,annealing_T=75_h=5,20260520-085312,20260610-203538,0.9533624704171676
17,193.46,519.22,465.948,1.38808,20.0,58.3,7.0,annealing_T=100_h=5,present,present,8.72,239.0,annealing_T=100_h=5,20260610-203538,phase_detection,annealing_T=75_h=5,20260520-085312,20260610-203538,0.9533624704171676
18,199.41,56.02,13.5085,0.244869,20.0,52.3,1.0,annealing_T=100_h=5,present,present,7.46,175.0,annealing_T=100_h=5,20260610-203538,phase_detection,annealing_T=75_h=25,20260530-001924,20260610-203538,0.7169379331573942
18,199.41,56.02,36.237,0.354491,20.0,53.3,2.0,annealing_T=100_h=5,present,present,7.46,175.0,annealing_T=100_h=5,20260610-203538,phase_detection,annealing_T=75_h=25,20260530-001924,20260610-203538,0.7169379331573942
18,199.41,56.02,66.7285,0.392481,20.0,54.3,3.0,annealing_T=100_h=5,present,present,7.46,175.0,annealing_T=100_h=5,20260610-203538,phase_detection,annealing_T=75_h=25,20260530-001924,20260610-203538,0.7169379331573942
18,199.41,56.02,106.711,0.308958,20.0,55.3,4.0,annealing_T=100_h=5,present,present,7.46,175.0,annealing_T=100_h=5,20260610-203538,phase_detection,annealing_T=75_h=25,20260530-001924,20260610-203538,0.7169379331573942
18,199.41,56.02,141.427,0.594678,20.0,56.3,5.0,annealing_T=100_h=5,present,present,7.46,175.0,annealing_T=100_h=5,20260610-203538,phase_detection,annealing_T=75_h=25,20260530-001924,20260610-203538,0.7169379331573942
18,199.41,56.02,252.949,0.966689,20.0,58.3,7.0,annealing_T=100_h=5,present,present,7.46,175.0,annealing_T=100_h=5,20260610-203538,phase_detection,annealing_T=75_h=25,20260530-001924,20260610-203538,0.7169379331573942
19,214.72,918.77,1.88359,0.085315,20.0,52.3,1.0,annealing_T=100_h=5,present,present,3.78,45.0,annealing_T=100_h=5,20260610-203538,phase_detection,annealing_T=150_h=5,20260908-043207,20260610-203538,1.571750616351064
19,214.72,918.77,2.5233,0.0716138,20.0,53.3,2.0,annealing_T=100_h=5,present,present,3.78,45.0,annealing_T=100_h=5,20260610-203538,phase_detection,annealing_T=150_h=5,20260908-043207,20260610-203538,1.571750616351064
19,214.72,918.77,3.64885,0.255789,20.0,54.3,3.0,annealing_T=100_h=5,present,present,3.78,45.0,annealing_T=100_h=5,20260610-203538,phase_detection,annealing_T=150_h=5,20260908-043207,20260610-203538,1.571750616351064
19,214.72,918.77,7.22024,0.258113,20.0,55.3,4.0,annealing_T=100_h=5,present,present,3.78,45.0,annealing_T=100_h=5,20260610-203538,phase_detection,annealing_T=150_h=5,20260908-043207,20260610-203538,1.571750616351064
19,214.72,918.77,12.424,0.321522,20.0,56.3,5.0,annealing_T=100_h=5,present,present,3.78,45.0,annealing_T=100_h=5,20260610-203538,phase_detection,annealing_T=150_h=5,20260908-043207,20260610-203538,1.571750616351064
19,214.72,918.77,25.1526,0.1873,20.0,58.3,7.0,annealing_T=100_h=5,present,present,3.78,45.0,annealing_T=100_h=5,20260610-203538,phase_detection,annealing_T=150_h=5,20260908-043207,20260610-203538,1.571750616351064
20,232.35,756.27,2.10046,0.257512,20.0,52.3,1.0,annealing_T=100_h=5,present,present,5.08,81.0,annealing_T=100_h=5,20260610-203538,phase_detection,annealing_T=75_h=25,20260530-001924,20260610-203538,1.1771151175649397
20,232.35,756.27,3.07548,0.351192,20.0,53.3,2.0,annealing_T=100_h=5,present,present,5.08,81.0,annealing_T=100_h=5,20260610-203538,phase_detection,annealing_T=75_h=25,20260530-001924,20260610-203538,1.1771151175649397
20,232.35,756.27,6.51269,0.209443,20.0,54.3,3.0,annealing_T=100_h=5,present,present,5.08,81.0,annealing_T=100_h=5,20260610-203538,phase_detection,annealing_T=75_h=25,20260530-001924,20260610-203538,1.1771151175649397
20,232.35,756.27,14.9632,0.304398,20.0,55.3,4.0,annealing_T=100_h=5,present,present,5.08,81.0,annealing_T=100_h=5,20260610-203538,phase_detection,annealing_T=75_h=25,20260530-001924,20260610-203538,1.1771151175649397
20,232.35,756.27,23.9205,0.322574,20.0,56.3,5.0,annealing_T=100_h=5,present,present,5.08,81.0,annealing_T=100_h=5,20260610-203538,phase_detection,annealing_T=75_h=25,20260530-001924,20260610-203538,1.1771151175649397
20,232.35,756.27,54.6109,0.557874,20.0,58.3,7.0,annealing_T=100_h=5,present,present,5.08,81.0,annealing_T=100_h=5,20260610-203538,phase_detection,annealing_T=75_h=25,20260530-001924,20260610-203538,1.1771151175649397
21,232.18,84.08,2.95678,0.241359,20.0,52.3,1.0,annealing_T=100_h=5,present,present,6.0,113.0,annealing_T=100_h=5,20260610-203538,phase_detection,before_annealing,20260513-032137,20260610-203538,1.233693641063293
21,232.18,84.08,7.24984,0.209163,20.0,53.3,2.0,annealing_T=100_h=5,present,present,6.0,113.0,annealing_T=100_h=5,20260610-203538,phase_detection,before_annealing,20260513-032137,20260610-203538,1.233693641063293
21,232.18,84.08,9.19391,0.231872,20.0,54.3,3.0,annealing_T=100_h=5,present,present,6.0,113.0,annealing_T=100_h=5,20260610-203538,phase_detection,before_annealing,20260513-032137,20260610-203538,1.233693641063293
21,232.18,84.08,18.4913,0.225333,20.0,55.3,4.0,annealing_T=100_h=5,present,present,6.0,113.0,annealing_T=100_h=5,20260610-203538,phase_detection,before_annealing,20260513-032137,20260610-203538,1.233693641063293
21,232.18,84.08,22.2336,0.346786,20.0,56.3,5.0,annealing_T=100_h=5,present,present,6.0,113.0,annealing_T=100_h=5,20260610-203538,phase_detection,before_annealing,20260513-032137,20260610-203538,1.233693641063293
21,232.18,84.08,59.1854,0.372541,20.0,58.3,7.0,annealing_T=100_h=5,present,present,6.0,113.0,annealing_T=100_h=5,20260610-203538,phase_detection,before_annealing,20260513-032137,20260610-203538,1.233693641063293
22,236.95,243.09,20.8511,0.605369,20.0,52.3,1.0,annealing_T=100_h=5,present,present,11.1,387.0,annealing_T=100_h=5,20260610-203538,phase_detection,annealing_T=75_h=5,20260520-085312,20260610-203538,1.1002726934719491
22,236.95,243.09,82.0228,0.689907,20.0,53.3,2.0,annealing_T=100_h=5,present,present,11.1,387.0,annealing_T=100_h=5,20260610-203538,phase_detection,annealing_T=75_h=5,20260520-085312,20260610-203538,1.1002726934719491
22,236.95,243.09,152.705,0.568125,20.0,54.3,3.0,annealing_T=100_h=5,present,present,11.1,387.0,annealing_T=100_h=5,20260610-203538,phase_detection,annealing_T=75_h=5,20260520-085312,20260610-203538,1.1002726934719491
22,236.95,243.09,250.838,0.803808,20.0,55.3,4.0,annealing_T=100_h=5,present,present,11.1,387.0,annealing_T=100_h=5,20260610-203538,phase_detection,annealing_T=75_h=5,20260520-085312,20260610-203538,1.1002726934719491
22,236.95,243.09,367.656,0.950561,20.0,56.3,5.0,annealing_T=100_h=5,present,present,11.1,387.0,annealing_T=100_h=5,20260610-203538,phase_detection,annealing_T=75_h=5,20260520-085312,20260610-203538,1.1002726934719491
22,236.95,243.09,659.164,1.48204,20.0,58.3,7.0,annealing_T=100_h=5,present,present,11.1,387.0,annealing_T=100_h=5,20260610-203538,phase_detection,annealing_T=75_h=5,20260520-085312,20260610-203538,1.1002726934719491
23,253.5,350.73,14.6088,0.640419,20.0,52.3,1.0,annealing_T=100_h=5,present,present,9.62,291.0,annealing_T=100_h=5,20260610-203538,phase_detection,annealing_T=100_h=25,20260625-095817,20260610-203538,0.6992138442564911
23,253.5,350.73,51.4155,0.55358,20.0,53.3,2.0,annealing_T=100_h=5,present,present,9.62,291.0,annealing_T=100_h=5,20260610-203538,phase_detection,annealing_T=100_h=25,20260625-095817,20260610-203538,0.6992138442564911
23,253.5,350.73,108.517,0.794999,20.0,54.3,3.0,annealing_T=100_h=5,present,present,9.62,291.0,annealing_T=100_h=5,20260610-203538,phase_detection,annealing_T=100_h=25,20260625-095817,20260610-203538,0.6992138442564911
23,253.5,350.73,191.317,0.991045,20.0,55.3,4.0,annealing_T=100_h=5,present,present,9.62,291.0,annealing_T=100_h=5,20260610-203538,phase_detection,annealing_T=100_h=25,20260625-095817,20260610-203538,0.6992138442564911
23,253.5,350.73,336.707,1.1254,20.0,56.3,5.0,annealing_T=100_h=5,present,present,9.62,291.0,annealing_T=100_h=5,20260610-203538,phase_detection,annealing_T=100_h=25,20260625-095817,20260610-203538,0.6992138442564911
23,253.5,350.73,817.673,3.22364,20.0,58.3,7.0,annealing_T=100_h=5,present,present,9.62,291.0,annealing_T=100_h=5,20260610-203538,phase_detection,annealing_T=100_h=25,20260625-095817,20260610-203538,0.6992138442564911
24,263.06,1023.81,-0.167881,0.306904,20.0,52.3,1.0,annealing_T=100_h=5,absent,absent,3.39,36.0,annealing_T=75_h=5,20260520-085312,previous_detection,annealing_T=75_h=5,20260520-085312,20260610-203538,2.0369094236121916
24,263.06,1023.81,1.33028,0.107939,20.0,53.3,2.0,annealing_T=100_h=5,absent,absent,3.39,36.0,annealing_T=75_h=5,20260520-085312,previous_detection,annealing_T=75_h=5,20260520-085312,20260610-203538,2.0369094236121916
24,263.06,1023.81,6.12569,0.291831,20.0,54.3,3.0,annealing_T=100_h=5,absent,absent,3.39,36.0,annealing_T=75_h=5,20260520-085312,previous_detection,annealing_T=75_h=5,20260520-085312,20260610-203538,2.0369094236121916
24,263.06,1023.81,5.60861,0.392406,20.0,55.3,4.0,annealing_T=100_h=5,absent,absent,3.39,36.0,annealing_T=75_h=5,20260520-085312,previous_detection,annealing_T=75_h=5,20260520-085312,20260610-203538,2.0369094236121916
24,263.06,1023.81,7.56835,0.270896,20.0,56.3,5.0,annealing_T=100_h=5,absent,absent,3.39,36.0,annealing_T=75_h=5,20260520-085312,previous_detection,annealing_T=75_h=5,20260520-085312,20260610-203538,2.0369094236121916
24,263.06,1023.81,15.186,0.450933,20.0,58.3,7.0,annealing_T=100_h=5,absent,absent,3.39,36.0,annealing_T=75_h=5,20260520-085312,previous_detection,annealing_T=75_h=5,20260520-085312,20260610-203538,2.0369094236121916
25,277.22,18.3,3.96528,0.330499,20.0,52.3,1.0,annealing_T=100_h=5,absent,disappeared,6.89,149.0,annealing_T=75_h=25,20260530-001924,previous_detection,before_annealing,20260513-032137,20260610-203538,2.3883885781002907
25,277.22,18.3,2.53039,0.413854,20.0,53.3,2.0,annealing_T=100_h=5,absent,disappeared,6.89,149.0,annealing_T=75_h=25,20260530-001924,previous_detection,before_annealing,20260513-032137,20260610-203538,2.3883885781002907
25,277.22,18.3,-2.05603,0.464488,20.0,54.3,3.0,annealing_T=100_h=5,absent,disappeared,6.89,149.0,annealing_T=75_h=25,20260530-001924,previous_detection,before_annealing,20260513-032137,20260610-203538,2.3883885781002907
25,277.22,18.3,5.93671,0.542295,20.0,55.3,4.0,annealing_T=100_h=5,absent,disappeared,6.89,149.0,annealing_T=75_h=25,20260530-001924,previous_detection,before_annealing,20260513-032137,20260610-203538,2.3883885781002907
25,277.22,18.3,7.13441,0.373194,20.0,56.3,5.0,annealing_T=100_h=5,absent,disappeared,6.89,149.0,annealing_T=75_h=25,20260530-001924,previous_detection,before_annealing,20260513-032137,20260610-203538,2.3883885781002907
25,277.22,18.3,26.0161,0.555773,20.0,58.3,7.0,annealing_T=100_h=5,absent,disappeared,6.89,149.0,annealing_T=75_h=25,20260530-001924,previous_detection,before_annealing,20260513-032137,20260610-203538,2.3883885781002907
26,292.93,290.04,1.01223,0.188612,20.0,52.3,1.0,annealing_T=100_h=5,absent,disappeared,4.18,55.0,annealing_T=75_h=25,20260530-001924,previous_detection,annealing_T=75_h=25,20260530-001924,20260610-203538,1.8607794065928045
26,292.93,290.04,0.0356712,0.205596,20.0,53.3,2.0,annealing_T=100_h=5,absent,disappeared,4.18,55.0,annealing_T=75_h=25,20260530-001924,previous_detection,annealing_T=75_h=25,20260530-001924,20260610-203538,1.8607794065928045
26,292.93,290.04,-1.85046,0.0858342,20.0,54.3,3.0,annealing_T=100_h=5,absent,disappeared,4.18,55.0,annealing_T=75_h=25,20260530-001924,previous_detection,annealing_T=75_h=25,20260530-001924,20260610-203538,1.8607794065928045
26,292.93,290.04,2.38253,0.302159,20.0,55.3,4.0,annealing_T=100_h=5,absent,disappeared,4.18,55.0,annealing_T=75_h=25,20260530-001924,previous_detection,annealing_T=75_h=25,20260530-001924,20260610-203538,1.8607794065928045
26,292.93,290.04,1.62684,0.107491,20.0,56.3,5.0,annealing_T=100_h=5,absent,disappeared,4.18,55.0,annealing_T=75_h=25,20260530-001924,previous_detection,annealing_T=75_h=25,20260530-001924,20260610-203538,1.8607794065928045
26,292.93,290.04,2.11038,0.358475,20.0,58.3,7.0,annealing_T=100_h=5,absent,disappeared,4.18,55.0,annealing_T=75_h=25,20260530-001924,previous_detection,annealing_T=75_h=25,20260530-001924,20260610-203538,1.8607794065928045
27,336.42,286.66,4.05191,0.303116,20.0,52.3,1.0,annealing_T=100_h=5,present,present,5.97,112.0,annealing_T=100_h=5,20260610-203538,phase_detection,before_annealing,20260513-032137,20260610-203538,1.6009996876951524
27,336.42,286.66,10.0033,0.234313,20.0,53.3,2.0,annealing_T=100_h=5,present,present,5.97,112.0,annealing_T=100_h=5,20260610-203538,phase_detection,before_annealing,20260513-032137,20260610-203538,1.6009996876951524
27,336.42,286.66,16.8432,0.286141,20.0,54.3,3.0,annealing_T=100_h=5,present,present,5.97,112.0,annealing_T=100_h=5,20260610-203538,phase_detection,before_annealing,20260513-032137,20260610-203538,1.6009996876951524
27,336.42,286.66,27.94,0.351015,20.0,55.3,4.0,annealing_T=100_h=5,present,present,5.97,112.0,annealing_T=100_h=5,20260610-203538,phase_detection,before_annealing,20260513-032137,20260610-203538,1.6009996876951524
27,336.42,286.66,30.1582,0.415052,20.0,56.3,5.0,annealing_T=100_h=5,present,present,5.97,112.0,annealing_T=100_h=5,20260610-203538,phase_detection,before_annealing,20260513-032137,20260610-203538,1.6009996876951524
27,336.42,286.66,51.176,0.46638,20.0,58.3,7.0,annealing_T=100_h=5,present,present,5.97,112.0,annealing_T=100_h=5,20260610-203538,phase_detection,before_annealing,20260513-032137,20260610-203538,1.6009996876951524
28,350.01,40.42,0.840555,0.176925,20.0,52.3,1.0,annealing_T=100_h=5,present,present,5.05,80.0,annealing_T=100_h=5,20260610-203538,phase_detection,annealing_T=75_h=5,20260520-085312,20260610-203538,0.7831347265956228
28,350.01,40.42,2.6967,0.181666,20.0,53.3,2.0,annealing_T=100_h=5,present,present,5.05,80.0,annealing_T=100_h=5,20260610-203538,phase_detection,annealing_T=75_h=5,20260520-085312,20260610-203538,0.7831347265956228
28,350.01,40.42,6.28811,0.241594,20.0,54.3,3.0,annealing_T=100_h=5,present,present,5.05,80.0,annealing_T=100_h=5,20260610-203538,phase_detection,annealing_T=75_h=5,20260520-085312,20260610-203538,0.7831347265956228
28,350.01,40.42,10.1517,0.261398,20.0,55.3,4.0,annealing_T=100_h=5,present,present,5.05,80.0,annealing_T=100_h=5,20260610-203538,phase_detection,annealing_T=75_h=5,20260520-085312,20260610-203538,0.7831347265956228
28,350.01,40.42,15.8446,0.390297,20.0,56.3,5.0,annealing_T=100_h=5,present,present,5.05,80.0,annealing_T=100_h=5,20260610-203538,phase_detection,annealing_T=75_h=5,20260520-085312,20260610-203538,0.7831347265956228
28,350.01,40.42,25.9944,0.2966,20.0,58.3,7.0,annealing_T=100_h=5,present,present,5.05,80.0,annealing_T=100_h=5,20260610-203538,phase_detection,annealing_T=75_h=5,20260520-085312,20260610-203538,0.7831347265956228
29,356.57,845.62,4.98344,0.278037,20.0,52.3,1.0,annealing_T=100_h=5,present,present,8.0,201.0,annealing_T=100_h=5,20260610-203538,phase_detection,before_annealing,20260513-032137,20260610-203538,1.3781872151489516
29,356.57,845.62,11.6882,0.316536,20.0,53.3,2.0,annealing_T=100_h=5,present,present,8.0,201.0,annealing_T=100_h=5,20260610-203538,phase_detection,before_annealing,20260513-032137,20260610-203538,1.3781872151489516
29,356.57,845.62,20.5014,0.471702,20.0,54.3,3.0,annealing_T=100_h=5,present,present,8.0,201.0,annealing_T=100_h=5,20260610-203538,phase_detection,before_annealing,20260513-032137,20260610-203538,1.3781872151489516
29,356.57,845.62,41.853,0.390387,20.0,55.3,4.0,annealing_T=100_h=5,present,present,8.0,201.0,annealing_T=100_h=5,20260610-203538,phase_detection,before_annealing,20260513-032137,20260610-203538,1.3781872151489516
29,356.57,845.62,50.4888,0.542621,20.0,56.3,5.0,annealing_T=100_h=5,present,present,8.0,201.0,annealing_T=100_h=5,20260610-203538,phase_detection,before_annealing,20260513-032137,20260610-203538,1.3781872151489516
29,356.57,845.62,118.398,0.512752,20.0,58.3,7.0,annealing_T=100_h=5,present,present,8.0,201.0,annealing_T=100_h=5,20260610-203538,phase_detection,before_annealing,20260513-032137,20260610-203538,1.3781872151489516
30,374.32,368.37,-1.10631,0.206723,20.0,52.3,1.0,annealing_T=100_h=5,absent,disappeared,5.73,103.0,annealing_T=75_h=25,20260530-001924,previous_detection,annealing_T=75_h=25,20260530-001924,20260610-203538,1.7088300090997404
30,374.32,368.37,0.72867,0.318893,20.0,53.3,2.0,annealing_T=100_h=5,absent,disappeared,5.73,103.0,annealing_T=75_h=25,20260530-001924,previous_detection,annealing_T=75_h=25,20260530-001924,20260610-203538,1.7088300090997404
30,374.32,368.37,-1.27031,0.373564,20.0,54.3,3.0,annealing_T=100_h=5,absent,disappeared,5.73,103.0,annealing_T=75_h=25,20260530-001924,previous_detection,annealing_T=75_h=25,20260530-001924,20260610-203538,1.7088300090997404
30,374.32,368.37,3.45728,0.429982,20.0,55.3,4.0,annealing_T=100_h=5,absent,disappeared,5.73,103.0,annealing_T=75_h=25,20260530-001924,previous_detection,annealing_T=75_h=25,20260530-001924,20260610-203538,1.7088300090997404
30,374.32,368.37,4.31651,0.181534,20.0,56.3,5.0,annealing_T=100_h=5,absent,disappeared,5.73,103.0,annealing_T=75_h=25,20260530-001924,previous_detection,annealing_T=75_h=25,20260530-001924,20260610-203538,1.7088300090997404
30,374.32,368.37,7.17393,0.568798,20.0,58.3,7.0,annealing_T=100_h=5,absent,disappeared,5.73,103.0,annealing_T=75_h=25,20260530-001924,previous_detection,annealing_T=75_h=25,20260530-001924,20260610-203538,1.7088300090997404
31,410.26,758.44,1.74615,0.29928,20.0,52.3,1.0,annealing_T=100_h=5,present,present,5.41,92.0,annealing_T=100_h=5,20260610-203538,phase_detection,annealing_T=100_h=5,20260610-203538,20260610-203538,1.0178899744077687
31,410.26,758.44,7.50218,0.262429,20.0,53.3,2.0,annealing_T=100_h=5,present,present,5.41,92.0,annealing_T=100_h=5,20260610-203538,phase_detection,annealing_T=100_h=5,20260610-203538,20260610-203538,1.0178899744077687
31,410.26,758.44,12.7045,0.30506,20.0,54.3,3.0,annealing_T=100_h=5,present,present,5.41,92.0,annealing_T=100_h=5,20260610-203538,phase_detection,annealing_T=100_h=5,20260610-203538,20260610-203538,1.0178899744077687
31,410.26,758.44,24.8813,0.428737,20.0,55.3,4.0,annealing_T=100_h=5,present,present,5.41,92.0,annealing_T=100_h=5,20260610-203538,phase_detection,annealing_T=100_h=5,20260610-203538,20260610-203538,1.0178899744077687
31,410.26,758.44,44.0785,0.354882,20.0,56.3,5.0,annealing_T=100_h=5,present,present,5.41,92.0,annealing_T=100_h=5,20260610-203538,phase_detection,annealing_T=100_h=5,20260610-203538,20260610-203538,1.0178899744077687
31,410.26,758.44,83.3433,0.697902,20.0,58.3,7.0,annealing_T=100_h=5,present,present,5.41,92.0,annealing_T=100_h=5,20260610-203538,phase_detection,annealing_T=100_h=5,20260610-203538,20260610-203538,1.0178899744077687
32,415.3,947.74,17.7147,0.428542,20.0,52.3,1.0,annealing_T=100_h=5,present,present,7.74,188.0,annealing_T=100_h=5,20260610-203538,phase_detection,annealing_T=100_h=5,20260610-203538,20260610-203538,1.2107848694130983
32,415.3,947.74,44.0968,0.450445,20.0,53.3,2.0,annealing_T=100_h=5,present,present,7.74,188.0,annealing_T=100_h=5,20260610-203538,phase_detection,annealing_T=100_h=5,20260610-203538,20260610-203538,1.2107848694130983
32,415.3,947.74,87.3554,0.510279,20.0,54.3,3.0,annealing_T=100_h=5,present,present,7.74,188.0,annealing_T=100_h=5,20260610-203538,phase_detection,annealing_T=100_h=5,20260610-203538,20260610-203538,1.2107848694130983
32,415.3,947.74,142.961,0.672359,20.0,55.3,4.0,annealing_T=100_h=5,present,present,7.74,188.0,annealing_T=100_h=5,20260610-203538,phase_detection,annealing_T=100_h=5,20260610-203538,20260610-203538,1.2107848694130983
32,415.3,947.74,200.566,0.846657,20.0,56.3,5.0,annealing_T=100_h=5,present,present,7.74,188.0,annealing_T=100_h=5,20260610-203538,phase_detection,annealing_T=100_h=5,20260610-203538,20260610-203538,1.2107848694130983
32,415.3,947.74,359.301,1.27129,20.0,58.3,7.0,annealing_T=100_h=5,present,present,7.74,188.0,annealing_T=100_h=5,20260610-203538,phase_detection,annealing_T=100_h=5,20260610-203538,20260610-203538,1.2107848694130983
33,416.68,548.69,0.228236,0.403062,20.0,52.3,1.0,annealing_T=100_h=5,present,present,4.92,76.0,annealing_T=100_h=5,20260610-203538,phase_detection,annealing_T=75_h=5,20260520-085312,20260610-203538,1.836981219283354
33,416.68,548.69,5.25623,0.459775,20.0,53.3,2.0,annealing_T=100_h=5,present,present,4.92,76.0,annealing_T=100_h=5,20260610-203538,phase_detection,annealing_T=75_h=5,20260520-085312,20260610-203538,1.836981219283354
33,416.68,548.69,7.36348,0.372105,20.0,54.3,3.0,annealing_T=100_h=5,present,present,4.92,76.0,annealing_T=100_h=5,20260610-203538,phase_detection,annealing_T=75_h=5,20260520-085312,20260610-203538,1.836981219283354
33,416.68,548.69,9.24255,0.438348,20.0,55.3,4.0,annealing_T=100_h=5,present,present,4.92,76.0,annealing_T=100_h=5,20260610-203538,phase_detection,annealing_T=75_h=5,20260520-085312,20260610-203538,1.836981219283354
33,416.68,548.69,13.4807,0.652311,20.0,56.3,5.0,annealing_T=100_h=5,present,present,4.92,76.0,annealing_T=100_h=5,20260610-203538,phase_detection,annealing_T=75_h=5,20260520-085312,20260610-203538,1.836981219283354
33,416.68,548.69,23.0757,0.668626,20.0,58.3,7.0,annealing_T=100_h=5,present,present,4.92,76.0,annealing_T=100_h=5,20260610-203538,phase_detection,annealing_T=75_h=5,20260520-085312,20260610-203538,1.836981219283354
34,424.92,72.08,-1.72811,0.518807,20.0,52.3,1.0,annealing_T=100_h=5,present,present,7.51,177.0,annealing_T=100_h=5,20260610-203538,phase_detection,annealing_T=75_h=5,20260520-085312,20260610-203538,1.2143310915890861
34,424.92,72.08,9.80169,0.525494,20.0,53.3,2.0,annealing_T=100_h=5,present,present,7.51,177.0,annealing_T=100_h=5,20260610-203538,phase_detection,annealing_T=75_h=5,20260520-085312,20260610-203538,1.2143310915890861
34,424.92,72.08,33.7775,0.66257,20.0,54.3,3.0,annealing_T=100_h=5,present,present,7.51,177.0,annealing_T=100_h=5,20260610-203538,phase_detection,annealing_T=75_h=5,20260520-085312,20260610-203538,1.2143310915890861
34,424.92,72.08,64.3909,0.833506,20.0,55.3,4.0,annealing_T=100_h=5,present,present,7.51,177.0,annealing_T=100_h=5,20260610-203538,phase_detection,annealing_T=75_h=5,20260520-085312,20260610-203538,1.2143310915890861
34,424.92,72.08,108.96,0.820598,20.0,56.3,5.0,annealing_T=100_h=5,present,present,7.51,177.0,annealing_T=100_h=5,20260610-203538,phase_detection,annealing_T=75_h=5,20260520-085312,20260610-203538,1.2143310915890861
34,424.92,72.08,200.353,1.01712,20.0,58.3,7.0,annealing_T=100_h=5,present,present,7.51,177.0,annealing_T=100_h=5,20260610-203538,phase_detection,annealing_T=75_h=5,20260520-085312,20260610-203538,1.2143310915890861
35,429.21,486.11,28.8741,0.498491,20.0,52.3,1.0,annealing_T=100_h=5,present,present,11.6,423.0,annealing_T=100_h=5,20260610-203538,phase_detection,before_annealing,20260513-032137,20260610-203538,0.9972963451252179
35,429.21,486.11,84.6472,0.575927,20.0,53.3,2.0,annealing_T=100_h=5,present,present,11.6,423.0,annealing_T=100_h=5,20260610-203538,phase_detection,before_annealing,20260513-032137,20260610-203538,0.9972963451252179
35,429.21,486.11,182.721,0.719439,20.0,54.3,3.0,annealing_T=100_h=5,present,present,11.6,423.0,annealing_T=100_h=5,20260610-203538,phase_detection,before_annealing,20260513-032137,20260610-203538,0.9972963451252179
35,429.21,486.11,315.614,0.711621,20.0,55.3,4.0,annealing_T=100_h=5,present,present,11.6,423.0,annealing_T=100_h=5,20260610-203538,phase_detection,before_annealing,20260513-032137,20260610-203538,0.9972963451252179
35,429.21,486.11,483.923,1.07343,20.0,56.3,5.0,annealing_T=100_h=5,present,present,11.6,423.0,annealing_T=100_h=5,20260610-203538,phase_detection,before_annealing,20260513-032137,20260610-203538,0.9972963451252179
35,429.21,486.11,948.033,1.74586,20.0,58.3,7.0,annealing_T=100_h=5,present,present,11.6,423.0,annealing_T=100_h=5,20260610-203538,phase_detection,before_annealing,20260513-032137,20260610-203538,0.9972963451252179
36,454.96,767.08,6.04847,0.200267,20.0,52.3,1.0,annealing_T=100_h=5,present,present,6.26,123.0,annealing_T=100_h=5,20260610-203538,phase_detection,annealing_T=75_h=5,20260520-085312,20260610-203538,0.890673902166221
36,454.96,767.08,13.9014,0.32731,20.0,53.3,2.0,annealing_T=100_h=5,present,present,6.26,123.0,annealing_T=100_h=5,20260610-203538,phase_detection,annealing_T=75_h=5,20260520-085312,20260610-203538,0.890673902166221
36,454.96,767.08,21.48,0.396994,20.0,54.3,3.0,annealing_T=100_h=5,present,present,6.26,123.0,annealing_T=100_h=5,20260610-203538,phase_detection,annealing_T=75_h=5,20260520-085312,20260610-203538,0.890673902166221
36,454.96,767.08,29.2846,0.241331,20.0,55.3,4.0,annealing_T=100_h=5,present,present,6.26,123.0,annealing_T=100_h=5,20260610-203538,phase_detection,annealing_T=75_h=5,20260520-085312,20260610-203538,0.890673902166221
36,454.96,767.08,42.5381,0.474151,20.0,56.3,5.0,annealing_T=100_h=5,present,present,6.26,123.0,annealing_T=100_h=5,20260610-203538,phase_detection,annealing_T=75_h=5,20260520-085312,20260610-203538,0.890673902166221
36,454.96,767.08,60.3569,0.531217,20.0,58.3,7.0,annealing_T=100_h=5,present,present,6.26,123.0,annealing_T=100_h=5,20260610-203538,phase_detection,annealing_T=75_h=5,20260520-085312,20260610-203538,0.890673902166221
37,465.78,984.71,0.507764,0.173986,20.0,52.3,1.0,annealing_T=100_h=5,present,present,3.87,47.0,annealing_T=100_h=5,20260610-203538,phase_detection,annealing_T=75_h=5,20260520-085312,20260610-203538,1.2894960255851595
37,465.78,984.71,3.66454,0.144277,20.0,53.3,2.0,annealing_T=100_h=5,present,present,3.87,47.0,annealing_T=100_h=5,20260610-203538,phase_detection,annealing_T=75_h=5,20260520-085312,20260610-203538,1.2894960255851595
37,465.78,984.71,7.92848,0.280861,20.0,54.3,3.0,annealing_T=100_h=5,present,present,3.87,47.0,annealing_T=100_h=5,20260610-203538,phase_detection,annealing_T=75_h=5,20260520-085312,20260610-203538,1.2894960255851595
37,465.78,984.71,11.4833,0.326123,20.0,55.3,4.0,annealing_T=100_h=5,present,present,3.87,47.0,annealing_T=100_h=5,20260610-203538,phase_detection,annealing_T=75_h=5,20260520-085312,20260610-203538,1.2894960255851595
37,465.78,984.71,11.1801,0.240872,20.0,56.3,5.0,annealing_T=100_h=5,present,present,3.87,47.0,annealing_T=100_h=5,20260610-203538,phase_detection,annealing_T=75_h=5,20260520-085312,20260610-203538,1.2894960255851595
37,465.78,984.71,20.8414,0.49183,20.0,58.3,7.0,annealing_T=100_h=5,present,present,3.87,47.0,annealing_T=100_h=5,20260610-203538,phase_detection,annealing_T=75_h=5,20260520-085312,20260610-203538,1.2894960255851595
38,467.32,209.23,0.0477765,0.0976881,20.0,52.3,1.0,annealing_T=100_h=5,absent,absent,2.88,26.0,annealing_T=75_h=5,20260520-085312,previous_detection,annealing_T=75_h=5,20260520-085312,20260610-203538,0.8160882305241304
38,467.32,209.23,1.38264,0.066594,20.0,53.3,2.0,annealing_T=100_h=5,absent,absent,2.88,26.0,annealing_T=75_h=5,20260520-085312,previous_detection,annealing_T=75_h=5,20260520-085312,20260610-203538,0.8160882305241304
38,467.32,209.23,1.43713,0.145002,20.0,54.3,3.0,annealing_T=100_h=5,absent,absent,2.88,26.0,annealing_T=75_h=5,20260520-085312,previous_detection,annealing_T=75_h=5,20260520-085312,20260610-203538,0.8160882305241304
38,467.32,209.23,2.83246,0.151121,20.0,55.3,4.0,annealing_T=100_h=5,absent,absent,2.88,26.0,annealing_T=75_h=5,20260520-085312,previous_detection,annealing_T=75_h=5,20260520-085312,20260610-203538,0.8160882305241304
38,467.32,209.23,2.78769,0.138201,20.0,56.3,5.0,annealing_T=100_h=5,absent,absent,2.88,26.0,annealing_T=75_h=5,20260520-085312,previous_detection,annealing_T=75_h=5,20260520-085312,20260610-203538,0.8160882305241304
38,467.32,209.23,6.51657,0.173699,20.0,58.3,7.0,annealing_T=100_h=5,absent,absent,2.88,26.0,annealing_T=75_h=5,20260520-085312,previous_detection,annealing_T=75_h=5,20260520-085312,20260610-203538,0.8160882305241304
39,490.18,97.61,39.5636,0.549342,20.0,52.3,1.0,annealing_T=100_h=5,present,present,13.01,532.0,annealing_T=100_h=5,20260610-203538,phase_detection,annealing_T=75_h=5,20260520-085312,20260610-203538,0.771297607930948
39,490.18,97.61,180.24,0.668154,20.0,53.3,2.0,annealing_T=100_h=5,present,present,13.01,532.0,annealing_T=100_h=5,20260610-203538,phase_detection,annealing_T=75_h=5,20260520-085312,20260610-203538,0.771297607930948
39,490.18,97.61,406.314,0.755578,20.0,54.3,3.0,annealing_T=100_h=5,present,present,13.01,532.0,annealing_T=100_h=5,20260610-203538,phase_detection,annealing_T=75_h=5,20260520-085312,20260610-203538,0.771297607930948
39,490.18,97.61,788.268,1.10453,20.0,55.3,4.0,annealing_T=100_h=5,present,present,13.01,532.0,annealing_T=100_h=5,20260610-203538,phase_detection,annealing_T=75_h=5,20260520-085312,20260610-203538,0.771297607930948
39,490.18,97.61,1343.51,1.82357,20.0,56.3,5.0,annealing_T=100_h=5,present,present,13.01,532.0,annealing_T=100_h=5,20260610-203538,phase_detection,annealing_T=75_h=5,20260520-085312,20260610-203538,0.771297607930948
39,490.18,97.61,3112.45,3.98185,20.0,58.3,7.0,annealing_T=100_h=5,present,present,13.01,532.0,annealing_T=100_h=5,20260610-203538,phase_detection,annealing_T=75_h=5,20260520-085312,20260610-203538,0.771297607930948
40,502.67,998.11,9.69081,0.331766,20.0,52.3,1.0,annealing_T=100_h=5,present,present,6.46,131.0,annealing_T=100_h=5,20260610-203538,phase_detection,annealing_T=75_h=5,20260520-085312,20260610-203538,0.929569792968768
40,502.67,998.11,21.2547,0.428647,20.0,53.3,2.0,annealing_T=100_h=5,present,present,6.46,131.0,annealing_T=100_h=5,20260610-203538,phase_detection,annealing_T=75_h=5,20260520-085312,20260610-203538,0.929569792968768
40,502.67,998.11,39.5646,0.384177,20.0,54.3,3.0,annealing_T=100_h=5,present,present,6.46,131.0,annealing_T=100_h=5,20260610-203538,phase_detection,annealing_T=75_h=5,20260520-085312,20260610-203538,0.929569792968768
40,502.67,998.11,53.1175,0.582024,20.0,55.3,4.0,annealing_T=100_h=5,present,present,6.46,131.0,annealing_T=100_h=5,20260610-203538,phase_detection,annealing_T=75_h=5,20260520-085312,20260610-203538,0.929569792968768
40,502.67,998.11,75.5607,0.614017,20.0,56.3,5.0,annealing_T=100_h=5,present,present,6.46,131.0,annealing_T=100_h=5,20260610-203538,phase_detection,annealing_T=75_h=5,20260520-085312,20260610-203538,0.929569792968768
40,502.67,998.11,129.176,0.558711,20.0,58.3,7.0,annealing_T=100_h=5,present,present,6.46,131.0,annealing_T=100_h=5,20260610-203538,phase_detection,annealing_T=75_h=5,20260520-085312,20260610-203538,0.929569792968768
41,505.15,10.1,0.283009,0.194599,20.0,52.3,1.0,annealing_T=100_h=5,absent,absent,5.14,83.0,annealing_T=75_h=5,20260520-085312,previous_detection,before_annealing,20260513-032137,20260610-203538,1.0163660757816513
41,505.15,10.1,2.61102,0.146178,20.0,53.3,2.0,annealing_T=100_h=5,absent,absent,5.14,83.0,annealing_T=75_h=5,20260520-085312,previous_detection,before_annealing,20260513-032137,20260610-203538,1.0163660757816513
41,505.15,10.1,4.46913,0.307221,20.0,54.3,3.0,annealing_T=100_h=5,absent,absent,5.14,83.0,annealing_T=75_h=5,20260520-085312,previous_detection,before_annealing,20260513-032137,20260610-203538,1.0163660757816513
41,505.15,10.1,7.27631,0.433861,20.0,55.3,4.0,annealing_T=100_h=5,absent,absent,5.14,83.0,annealing_T=75_h=5,20260520-085312,previous_detection,before_annealing,20260513-032137,20260610-203538,1.0163660757816513
41,505.15,10.1,9.99891,0.435789,20.0,56.3,5.0,annealing_T=100_h=5,absent,absent,5.14,83.0,annealing_T=75_h=5,20260520-085312,previous_detection,before_annealing,20260513-032137,20260610-203538,1.0163660757816513
41,505.15,10.1,19.6593,0.336088,20.0,58.3,7.0,annealing_T=100_h=5,absent,absent,5.14,83.0,annealing_T=75_h=5,20260520-085312,previous_detection,before_annealing,20260513-032137,20260610-203538,1.0163660757816513
42,509.83,138.91,0.456781,0.301777,20.0,52.3,1.0,annealing_T=100_h=5,present,present,8.04,203.0,annealing_T=100_h=5,20260610-203538,phase_detection,before_annealing,20260513-032137,20260610-203538,0.43566041821584495
42,509.83,138.91,5.6945,0.339669,20.0,53.3,2.0,annealing_T=100_h=5,present,present,8.04,203.0,annealing_T=100_h=5,20260610-203538,phase_detection,before_annealing,20260513-032137,20260610-203538,0.43566041821584495
42,509.83,138.91,16.8722,0.365407,20.0,54.3,3.0,annealing_T=100_h=5,present,present,8.04,203.0,annealing_T=100_h=5,20260610-203538,phase_detection,before_annealing,20260513-032137,20260610-203538,0.43566041821584495
42,509.83,138.91,35.8688,0.29763,20.0,55.3,4.0,annealing_T=100_h=5,present,present,8.04,203.0,annealing_T=100_h=5,20260610-203538,phase_detection,before_annealing,20260513-032137,20260610-203538,0.43566041821584495
42,509.83,138.91,62.9226,0.405738,20.0,56.3,5.0,annealing_T=100_h=5,present,present,8.04,203.0,annealing_T=100_h=5,20260610-203538,phase_detection,before_annealing,20260513-032137,20260610-203538,0.43566041821584495
42,509.83,138.91,111.98,0.630532,20.0,58.3,7.0,annealing_T=100_h=5,present,present,8.04,203.0,annealing_T=100_h=5,20260610-203538,phase_detection,before_annealing,20260513-032137,20260610-203538,0.43566041821584495
43,511.31,849.17,0.780046,0.146029,20.0,52.3,1.0,annealing_T=100_h=5,absent,absent,4.26,57.0,before_annealing,20260513-032137,previous_detection,before_annealing,20260513-032137,20260610-203538,0.0
43,511.31,849.17,0.789856,0.209954,20.0,53.3,2.0,annealing_T=100_h=5,absent,absent,4.26,57.0,before_annealing,20260513-032137,previous_detection,before_annealing,20260513-032137,20260610-203538,0.0
43,511.31,849.17,-0.285402,0.226643,20.0,54.3,3.0,annealing_T=100_h=5,absent,absent,4.26,57.0,before_annealing,20260513-032137,previous_detection,before_annealing,20260513-032137,20260610-203538,0.0
43,511.31,849.17,-1.00954,0.144585,20.0,55.3,4.0,annealing_T=100_h=5,absent,absent,4.26,57.0,before_annealing,20260513-032137,previous_detection,before_annealing,20260513-032137,20260610-203538,0.0
43,511.31,849.17,2.03749,0.106905,20.0,56.3,5.0,annealing_T=100_h=5,absent,absent,4.26,57.0,before_annealing,20260513-032137,previous_detection,before_annealing,20260513-032137,20260610-203538,0.0
43,511.31,849.17,4.03691,0.201195,20.0,58.3,7.0,annealing_T=100_h=5,absent,absent,4.26,57.0,before_annealing,20260513-032137,previous_detection,before_annealing,20260513-032137,20260610-203538,0.0
44,514.05,881.88,17.9211,0.688871,20.0,52.3,1.0,annealing_T=100_h=5,present,present,12.58,497.0,annealing_T=100_h=5,20260610-203538,phase_detection,annealing_T=75_h=25,20260530-001924,20260610-203538,0.9073588044428673
44,514.05,881.88,60.0537,0.610108,20.0,53.3,2.0,annealing_T=100_h=5,present,present,12.58,497.0,annealing_T=100_h=5,20260610-203538,phase_detection,annealing_T=75_h=25,20260530-001924,20260610-203538,0.9073588044428673
44,514.05,881.88,135.936,0.800026,20.0,54.3,3.0,annealing_T=100_h=5,present,present,12.58,497.0,annealing_T=100_h=5,20260610-203538,phase_detection,annealing_T=75_h=25,20260530-001924,20260610-203538,0.9073588044428673
44,514.05,881.88,239.016,0.859893,20.0,55.3,4.0,annealing_T=100_h=5,present,present,12.58,497.0,annealing_T=100_h=5,20260610-203538,phase_detection,annealing_T=75_h=25,20260530-001924,20260610-203538,0.9073588044428673
44,514.05,881.88,364.706,1.17547,20.0,56.3,5.0,annealing_T=100_h=5,present,present,12.58,497.0,annealing_T=100_h=5,20260610-203538,phase_detection,annealing_T=75_h=25,20260530-001924,20260610-203538,0.9073588044428673
44,514.05,881.88,916.143,2.95544,20.0,58.3,7.0,annealing_T=100_h=5,present,present,12.58,497.0,annealing_T=100_h=5,20260610-203538,phase_detection,annealing_T=75_h=25,20260530-001924,20260610-203538,0.9073588044428673
45,572.73,123.35,0.499545,0.211441,20.0,52.3,1.0,annealing_T=100_h=5,present,present,5.61,99.0,annealing_T=100_h=5,20260610-203538,phase_detection,annealing_T=125_h=25,20260827-053720,20260610-203538,0.36878177829170994
45,572.73,123.35,5.19905,0.291604,20.0,53.3,2.0,annealing_T=100_h=5,present,present,5.61,99.0,annealing_T=100_h=5,20260610-203538,phase_detection,annealing_T=125_h=25,20260827-053720,20260610-203538,0.36878177829170994
45,572.73,123.35,7.3618,0.184326,20.0,54.3,3.0,annealing_T=100_h=5,present,present,5.61,99.0,annealing_T=100_h=5,20260610-203538,phase_detection,annealing_T=125_h=25,20260827-053720,20260610-203538,0.36878177829170994
45,572.73,123.35,13.6479,0.341918,20.0,55.3,4.0,annealing_T=100_h=5,present,present,5.61,99.0,annealing_T=100_h=5,20260610-203538,phase_detection,annealing_T=125_h=25,20260827-053720,20260610-203538,0.36878177829170994
45,572.73,123.35,20.4243,0.382572,20.0,56.3,5.0,annealing_T=100_h=5,present,present,5.61,99.0,annealing_T=100_h=5,20260610-203538,phase_detection,annealing_T=125_h=25,20260827-053720,20260610-203538,0.36878177829170994
45,572.73,123.35,35.5314,0.667305,20.0,58.3,7.0,annealing_T=100_h=5,present,present,5.61,99.0,annealing_T=100_h=5,20260610-203538,phase_detection,annealing_T=125_h=25,20260827-053720,20260610-203538,0.36878177829170994
46,596.23,909.07,1.41058,0.0619235,20.0,52.3,1.0,annealing_T=100_h=5,absent,absent,2.82,25.0,before_annealing,20260513-032137,previous_detection,before_annealing,20260513-032137,20260610-203538,0.0
46,596.23,909.07,0.773874,0.0605849,20.0,53.3,2.0,annealing_T=100_h=5,absent,absent,2.82,25.0,before_annealing,20260513-032137,previous_detection,before_annealing,20260513-032137,20260610-203538,0.0
46,596.23,909.07,0.777755,0.0485035,20.0,54.3,3.0,annealing_T=100_h=5,absent,absent,2.82,25.0,before_annealing,20260513-032137,previous_detection,before_annealing,20260513-032137,20260610-203538,0.0
46,596.23,909.07,1.30349,0.0810157,20.0,55.3,4.0,annealing_T=100_h=5,absent,absent,2.82,25.0,before_annealing,20260513-032137,previous_detection,before_annealing,20260513-032137,20260610-203538,0.0
46,596.23,909.07,2.88961,0.0724674,20.0,56.3,5.0,annealing_T=100_h=5,absent,absent,2.82,25.0,before_annealing,20260513-032137,previous_detection,before_annealing,20260513-032137,20260610-203538,0.0
46,596.23,909.07,4.45481,0.0904638,20.0,58.3,7.0,annealing_T=100_h=5,absent,absent,2.82,25.0,before_annealing,20260513-032137,previous_detection,before_annealing,20260513-032137,20260610-203538,0.0
47,596.07,526.52,0.558898,0.278599,20.0,52.3,1.0,annealing_T=100_h=5,present,present,4.98,78.0,annealing_T=100_h=5,20260610-203538,phase_detection,before_annealing,20260513-032137,20260610-203538,1.528299708826764
47,596.07,526.52,0.241237,0.293768,20.0,53.3,2.0,annealing_T=100_h=5,present,present,4.98,78.0,annealing_T=100_h=5,20260610-203538,phase_detection,before_annealing,20260513-032137,20260610-203538,1.528299708826764
47,596.07,526.52,4.10793,0.503347,20.0,54.3,3.0,annealing_T=100_h=5,present,present,4.98,78.0,annealing_T=100_h=5,20260610-203538,phase_detection,before_annealing,20260513-032137,20260610-203538,1.528299708826764
47,596.07,526.52,6.67733,0.556669,20.0,55.3,4.0,annealing_T=100_h=5,present,present,4.98,78.0,annealing_T=100_h=5,20260610-203538,phase_detection,before_annealing,20260513-032137,20260610-203538,1.528299708826764
47,596.07,526.52,15.0718,0.630044,20.0,56.3,5.0,annealing_T=100_h=5,present,present,4.98,78.0,annealing_T=100_h=5,20260610-203538,phase_detection,before_annealing,20260513-032137,20260610-203538,1.528299708826764
47,596.07,526.52,29.3693,0.685028,20.0,58.3,7.0,annealing_T=100_h=5,present,present,4.98,78.0,annealing_T=100_h=5,20260610-203538,phase_detection,before_annealing,20260513-032137,20260610-203538,1.528299708826764
48,609.15,1032.63,1.5878,0.351551,20.0,52.3,1.0,annealing_T=100_h=5,present,present,5.26,87.0,annealing_T=100_h=5,20260610-203538,phase_detection,before_annealing,20260513-032137,20260610-203538,0.8628441342443228
48,609.15,1032.63,3.30666,0.285978,20.0,53.3,2.0,annealing_T=100_h=5,present,present,5.26,87.0,annealing_T=100_h=5,20260610-203538,phase_detection,before_annealing,20260513-032137,20260610-203538,0.8628441342443228
48,609.15,1032.63,8.25546,0.411583,20.0,54.3,3.0,annealing_T=100_h=5,present,present,5.26,87.0,annealing_T=100_h=5,20260610-203538,phase_detection,before_annealing,20260513-032137,20260610-203538,0.8628441342443228
48,609.15,1032.63,18.8136,0.373703,20.0,55.3,4.0,annealing_T=100_h=5,present,present,5.26,87.0,annealing_T=100_h=5,20260610-203538,phase_detection,before_annealing,20260513-032137,20260610-203538,0.8628441342443228
48,609.15,1032.63,29.118,0.387938,20.0,56.3,5.0,annealing_T=100_h=5,present,present,5.26,87.0,annealing_T=100_h=5,20260610-203538,phase_detection,before_annealing,20260513-032137,20260610-203538,0.8628441342443228
48,609.15,1032.63,61.6849,0.556034,20.0,58.3,7.0,annealing_T=100_h=5,present,present,5.26,87.0,annealing_T=100_h=5,20260610-203538,phase_detection,before_annealing,20260513-032137,20260610-203538,0.8628441342443228
49,609.75,335.48,2.11923,0.396718,20.0,52.3,1.0,annealing_T=100_h=5,present,present,4.75,71.0,annealing_T=100_h=5,20260610-203538,phase_detection,annealing_T=75_h=25,20260530-001924,20260610-203538,0.8420213774007723
49,609.75,335.48,3.54691,0.338055,20.0,53.3,2.0,annealing_T=100_h=5,present,present,4.75,71.0,annealing_T=100_h=5,20260610-203538,phase_detection,annealing_T=75_h=25,20260530-001924,20260610-203538,0.8420213774007723
49,609.75,335.48,11.799,0.378263,20.0,54.3,3.0,annealing_T=100_h=5,present,present,4.75,71.0,annealing_T=100_h=5,20260610-203538,phase_detection,annealing_T=75_h=25,20260530-001924,20260610-203538,0.8420213774007723
49,609.75,335.48,13.6136,0.514869,20.0,55.3,4.0,annealing_T=100_h=5,present,present,4.75,71.0,annealing_T=100_h=5,20260610-203538,phase_detection,annealing_T=75_h=25,20260530-001924,20260610-203538,0.8420213774007723
49,609.75,335.48,18.6069,0.426894,20.0,56.3,5.0,annealing_T=100_h=5,present,present,4.75,71.0,annealing_T=100_h=5,20260610-203538,phase_detection,annealing_T=75_h=25,20260530-001924,20260610-203538,0.8420213774007723
49,609.75,335.48,25.7028,0.781616,20.0,58.3,7.0,annealing_T=100_h=5,present,present,4.75,71.0,annealing_T=100_h=5,20260610-203538,phase_detection,annealing_T=75_h=25,20260530-001924,20260610-203538,0.8420213774007723
50,617.79,1039.71,0.706685,0.199941,20.0,52.3,1.0,annealing_T=100_h=5,present,present,3.61,41.0,annealing_T=100_h=5,20260610-203538,phase_detection,annealing_T=75_h=25,20260530-001924,20260610-203538,1.7262966141424247
50,617.79,1039.71,0.0868774,0.213924,20.0,53.3,2.0,annealing_T=100_h=5,present,present,3.61,41.0,annealing_T=100_h=5,20260610-203538,phase_detection,annealing_T=75_h=25,20260530-001924,20260610-203538,1.7262966141424247
50,617.79,1039.71,2.23044,0.265564,20.0,54.3,3.0,annealing_T=100_h=5,present,present,3.61,41.0,annealing_T=100_h=5,20260610-203538,phase_detection,annealing_T=75_h=25,20260530-001924,20260610-203538,1.7262966141424247
50,617.79,1039.71,4.92837,0.179769,20.0,55.3,4.0,annealing_T=100_h=5,present,present,3.61,41.0,annealing_T=100_h=5,20260610-203538,phase_detection,annealing_T=75_h=25,20260530-001924,20260610-203538,1.7262966141424247
50,617.79,1039.71,10.5695,0.352352,20.0,56.3,5.0,annealing_T=100_h=5,present,present,3.61,41.0,annealing_T=100_h=5,20260610-203538,phase_detection,annealing_T=75_h=25,20260530-001924,20260610-203538,1.7262966141424247
50,617.79,1039.71,20.3609,0.276399,20.0,58.3,7.0,annealing_T=100_h=5,present,present,3.61,41.0,annealing_T=100_h=5,20260610-203538,phase_detection,annealing_T=75_h=25,20260530-001924,20260610-203538,1.7262966141424247
51,632.74,54.97,1.78917,0.496057,20.0,52.3,1.0,annealing_T=100_h=5,present,present,8.85,246.0,annealing_T=100_h=5,20260610-203538,phase_detection,annealing_T=75_h=5,20260520-085312,20260610-203538,0.33301651610695227
51,632.74,54.97,5.68882,0.48378,20.0,53.3,2.0,annealing_T=100_h=5,present,present,8.85,246.0,annealing_T=100_h=5,20260610-203538,phase_detection,annealing_T=75_h=5,20260520-085312,20260610-203538,0.33301651610695227
51,632.74,54.97,6.91214,0.737166,20.0,54.3,3.0,annealing_T=100_h=5,present,present,8.85,246.0,annealing_T=100_h=5,20260610-203538,phase_detection,annealing_T=75_h=5,20260520-085312,20260610-203538,0.33301651610695227
51,632.74,54.97,15.1017,0.62365,20.0,55.3,4.0,annealing_T=100_h=5,present,present,8.85,246.0,annealing_T=100_h=5,20260610-203538,phase_detection,annealing_T=75_h=5,20260520-085312,20260610-203538,0.33301651610695227
51,632.74,54.97,17.4261,0.697898,20.0,56.3,5.0,annealing_T=100_h=5,present,present,8.85,246.0,annealing_T=100_h=5,20260610-203538,phase_detection,annealing_T=75_h=5,20260520-085312,20260610-203538,0.33301651610695227
51,632.74,54.97,35.672,1.00861,20.0,58.3,7.0,annealing_T=100_h=5,present,present,8.85,246.0,annealing_T=100_h=5,20260610-203538,phase_detection,annealing_T=75_h=5,20260520-085312,20260610-203538,0.33301651610695227
52,635.41,916.07,4.34179,0.448241,20.0,52.3,1.0,annealing_T=100_h=5,present,present,6.41,129.0,annealing_T=100_h=5,20260610-203538,phase_detection,annealing_T=100_h=5,20260610-203538,20260610-203538,0.6649060083951465
52,635.41,916.07,22.1362,0.218678,20.0,53.3,2.0,annealing_T=100_h=5,present,present,6.41,129.0,annealing_T=100_h=5,20260610-203538,phase_detection,annealing_T=100_h=5,20260610-203538,20260610-203538,0.6649060083951465
52,635.41,916.07,41.0286,0.444577,20.0,54.3,3.0,annealing_T=100_h=5,present,present,6.41,129.0,annealing_T=100_h=5,20260610-203538,phase_detection,annealing_T=100_h=5,20260610-203538,20260610-203538,0.6649060083951465
52,635.41,916.07,68.8601,0.52312,20.0,55.3,4.0,annealing_T=100_h=5,present,present,6.41,129.0,annealing_T=100_h=5,20260610-203538,phase_detection,annealing_T=100_h=5,20260610-203538,20260610-203538,0.6649060083951465
52,635.41,916.07,82.5582,0.417125,20.0,56.3,5.0,annealing_T=100_h=5,present,present,6.41,129.0,annealing_T=100_h=5,20260610-203538,phase_detection,annealing_T=100_h=5,20260610-203538,20260610-203538,0.6649060083951465
52,635.41,916.07,138.702,0.748619,20.0,58.3,7.0,annealing_T=100_h=5,present,present,6.41,129.0,annealing_T=100_h=5,20260610-203538,phase_detection,annealing_T=100_h=5,20260610-203538,20260610-203538,0.6649060083951465
53,649.44,439.77,7.38589,0.335295,20.0,52.3,1.0,annealing_T=100_h=5,present,present,7.31,168.0,annealing_T=100_h=5,20260610-203538,phase_detection,annealing_T=75_h=5,20260520-085312,20260610-203538,0.5900847396773089
53,649.44,439.77,10.6197,0.280338,20.0,53.3,2.0,annealing_T=100_h=5,present,present,7.31,168.0,annealing_T=100_h=5,20260610-203538,phase_detection,annealing_T=75_h=5,20260520-085312,20260610-203538,0.5900847396773089
53,649.44,439.77,23.6754,0.447719,20.0,54.3,3.0,annealing_T=100_h=5,present,present,7.31,168.0,annealing_T=100_h=5,20260610-203538,phase_detection,annealing_T=75_h=5,20260520-085312,20260610-203538,0.5900847396773089
53,649.44,439.77,32.6214,0.401642,20.0,55.3,4.0,annealing_T=100_h=5,present,present,7.31,168.0,annealing_T=100_h=5,20260610-203538,phase_detection,annealing_T=75_h=5,20260520-085312,20260610-203538,0.5900847396773089
53,649.44,439.77,43.8775,0.478629,20.0,56.3,5.0,annealing_T=100_h=5,present,present,7.31,168.0,annealing_T=100_h=5,20260610-203538,phase_detection,annealing_T=75_h=5,20260520-085312,20260610-203538,0.5900847396773089
53,649.44,439.77,70.5116,0.745964,20.0,58.3,7.0,annealing_T=100_h=5,present,present,7.31,168.0,annealing_T=100_h=5,20260610-203538,phase_detection,annealing_T=75_h=5,20260520-085312,20260610-203538,0.5900847396773089
54,649.42,573.35,17.2,0.727003,20.0,52.3,1.0,annealing_T=100_h=5,present,present,13.53,575.0,annealing_T=100_h=5,20260610-203538,phase_detection,annealing_T=75_h=5,20260520-085312,20260610-203538,0.7769813382572487
54,649.42,573.35,91.3065,0.728139,20.0,53.3,2.0,annealing_T=100_h=5,present,present,13.53,575.0,annealing_T=100_h=5,20260610-203538,phase_detection,annealing_T=75_h=5,20260520-085312,20260610-203538,0.7769813382572487
54,649.42,573.35,227.44,0.716846,20.0,54.3,3.0,annealing_T=100_h=5,present,present,13.53,575.0,annealing_T=100_h=5,20260610-203538,phase_detection,annealing_T=75_h=5,20260520-085312,20260610-203538,0.7769813382572487
54,649.42,573.35,441.374,0.914758,20.0,55.3,4.0,annealing_T=100_h=5,present,present,13.53,575.0,annealing_T=100_h=5,20260610-203538,phase_detection,annealing_T=75_h=5,20260520-085312,20260610-203538,0.7769813382572487
54,649.42,573.35,711.748,1.38955,20.0,56.3,5.0,annealing_T=100_h=5,present,present,13.53,575.0,annealing_T=100_h=5,20260610-203538,phase_detection,annealing_T=75_h=5,20260520-085312,20260610-203538,0.7769813382572487
54,649.42,573.35,1528.05,2.71588,20.0,58.3,7.0,annealing_T=100_h=5,present,present,13.53,575.0,annealing_T=100_h=5,20260610-203538,phase_detection,annealing_T=75_h=5,20260520-085312,20260610-203538,0.7769813382572487
55,660.24,687.51,1.73377,0.338012,20.0,52.3,1.0,annealing_T=100_h=5,present,present,6.75,143.0,annealing_T=100_h=5,20260610-203538,phase_detection,before_annealing,20260513-032137,20260610-203538,1.1772000679579089
55,660.24,687.51,10.3017,0.355023,20.0,53.3,2.0,annealing_T=100_h=5,present,present,6.75,143.0,annealing_T=100_h=5,20260610-203538,phase_detection,before_annealing,20260513-032137,20260610-203538,1.1772000679579089
55,660.24,687.51,18.4184,0.264832,20.0,54.3,3.0,annealing_T=100_h=5,present,present,6.75,143.0,annealing_T=100_h=5,20260610-203538,phase_detection,before_annealing,20260513-032137,20260610-203538,1.1772000679579089
55,660.24,687.51,33.2695,0.439872,20.0,55.3,4.0,annealing_T=100_h=5,present,present,6.75,143.0,annealing_T=100_h=5,20260610-203538,phase_detection,before_annealing,20260513-032137,20260610-203538,1.1772000679579089
55,660.24,687.51,57.7488,0.612913,20.0,56.3,5.0,annealing_T=100_h=5,present,present,6.75,143.0,annealing_T=100_h=5,20260610-203538,phase_detection,before_annealing,20260513-032137,20260610-203538,1.1772000679579089
55,660.24,687.51,115.27,0.579498,20.0,58.3,7.0,annealing_T=100_h=5,present,present,6.75,143.0,annealing_T=100_h=5,20260610-203538,phase_detection,before_annealing,20260513-032137,20260610-203538,1.1772000679579089
56,668.64,904.53,1.27017,0.283114,20.0,52.3,1.0,annealing_T=100_h=5,present,present,6.36,127.0,annealing_T=100_h=5,20260610-203538,phase_detection,before_annealing,20260513-032137,20260610-203538,0.6242595614004519
56,668.64,904.53,4.43239,0.204628,20.0,53.3,2.0,annealing_T=100_h=5,present,present,6.36,127.0,annealing_T=100_h=5,20260610-203538,phase_detection,before_annealing,20260513-032137,20260610-203538,0.6242595614004519
56,668.64,904.53,6.00691,0.202713,20.0,54.3,3.0,annealing_T=100_h=5,present,present,6.36,127.0,annealing_T=100_h=5,20260610-203538,phase_detection,before_annealing,20260513-032137,20260610-203538,0.6242595614004519
56,668.64,904.53,11.044,0.333506,20.0,55.3,4.0,annealing_T=100_h=5,present,present,6.36,127.0,annealing_T=100_h=5,20260610-203538,phase_detection,before_annealing,20260513-032137,20260610-203538,0.6242595614004519
56,668.64,904.53,20.2052,0.43864,20.0,56.3,5.0,annealing_T=100_h=5,present,present,6.36,127.0,annealing_T=100_h=5,20260610-203538,phase_detection,before_annealing,20260513-032137,20260610-203538,0.6242595614004519
56,668.64,904.53,34.2917,0.507717,20.0,58.3,7.0,annealing_T=100_h=5,present,present,6.36,127.0,annealing_T=100_h=5,20260610-203538,phase_detection,before_annealing,20260513-032137,20260610-203538,0.6242595614004519
57,700.07,365.57,-1.05494,0.310808,20.0,52.3,1.0,annealing_T=100_h=5,absent,absent,4.98,78.0,annealing_T=75_h=5,20260520-085312,previous_detection,before_annealing,20260513-032137,20260610-203538,1.1374093370462355
57,700.07,365.57,-0.515487,0.130464,20.0,53.3,2.0,annealing_T=100_h=5,absent,absent,4.98,78.0,annealing_T=75_h=5,20260520-085312,previous_detection,before_annealing,20260513-032137,20260610-203538,1.1374093370462355
57,700.07,365.57,-0.525916,0.313416,20.0,54.3,3.0,annealing_T=100_h=5,absent,absent,4.98,78.0,annealing_T=75_h=5,20260520-085312,previous_detection,before_annealing,20260513-032137,20260610-203538,1.1374093370462355
57,700.07,365.57,-0.682619,0.21532,20.0,55.3,4.0,annealing_T=100_h=5,absent,absent,4.98,78.0,annealing_T=75_h=5,20260520-085312,previous_detection,before_annealing,20260513-032137,20260610-203538,1.1374093370462355
57,700.07,365.57,2.0317,0.28331,20.0,56.3,5.0,annealing_T=100_h=5,absent,absent,4.98,78.0,annealing_T=75_h=5,20260520-085312,previous_detection,before_annealing,20260513-032137,20260610-203538,1.1374093370462355
57,700.07,365.57,0.866997,0.362534,20.0,58.3,7.0,annealing_T=100_h=5,absent,absent,4.98,78.0,annealing_T=75_h=5,20260520-085312,previous_detection,before_annealing,20260513-032137,20260610-203538,1.1374093370462355
58,738.07,311.56,-0.344542,0.114055,20.0,52.3,1.0,annealing_T=100_h=5,absent,disappeared,3.61,41.0,annealing_T=75_h=25,20260530-001924,previous_detection,annealing_T=75_h=5,20260520-085312,20260610-203538,3.5464489281533216
58,738.07,311.56,-0.507988,0.156866,20.0,53.3,2.0,annealing_T=100_h=5,absent,disappeared,3.61,41.0,annealing_T=75_h=25,20260530-001924,previous_detection,annealing_T=75_h=5,20260520-085312,20260610-203538,3.5464489281533216
58,738.07,311.56,-2.22674,0.124404,20.0,54.3,3.0,annealing_T=100_h=5,absent,disappeared,3.61,41.0,annealing_T=75_h=25,20260530-001924,previous_detection,annealing_T=75_h=5,20260520-085312,20260610-203538,3.5464489281533216
58,738.07,311.56,-0.423111,0.156142,20.0,55.3,4.0,annealing_T=100_h=5,absent,disappeared,3.61,41.0,annealing_T=75_h=25,20260530-001924,previous_detection,annealing_T=75_h=5,20260520-085312,20260610-203538,3.5464489281533216
58,738.07,311.56,-0.739748,0.260638,20.0,56.3,5.0,annealing_T=100_h=5,absent,disappeared,3.61,41.0,annealing_T=75_h=25,20260530-001924,previous_detection,annealing_T=75_h=5,20260520-085312,20260610-203538,3.5464489281533216
58,738.07,311.56,0.858252,0.280448,20.0,58.3,7.0,annealing_T=100_h=5,absent,disappeared,3.61,41.0,annealing_T=75_h=25,20260530-001924,previous_detection,annealing_T=75_h=5,20260520-085312,20260610-203538,3.5464489281533216
59,753.61,36.61,47.1559,1.03253,20.0,52.3,1.0,annealing_T=100_h=5,present,present,20.16,1277.0,annealing_T=100_h=5,20260610-203538,phase_detection,annealing_T=75_h=5,20260520-085312,20260610-203538,0.5135172830587024
59,753.61,36.61,361.049,1.38986,20.0,53.3,2.0,annealing_T=100_h=5,present,present,20.16,1277.0,annealing_T=100_h=5,20260610-203538,phase_detection,annealing_T=75_h=5,20260520-085312,20260610-203538,0.5135172830587024
59,753.61,36.61,1147.24,1.67553,20.0,54.3,3.0,annealing_T=100_h=5,present,present,20.16,1277.0,annealing_T=100_h=5,20260610-203538,phase_detection,annealing_T=75_h=5,20260520-085312,20260610-203538,0.5135172830587024
59,753.61,36.61,2447.9,3.19435,20.0,55.3,4.0,annealing_T=100_h=5,present,present,20.16,1277.0,annealing_T=100_h=5,20260610-203538,phase_detection,annealing_T=75_h=5,20260520-085312,20260610-203538,0.5135172830587024
59,753.61,36.61,4318.3,5.62958,20.0,56.3,5.0,annealing_T=100_h=5,present,present,20.16,1277.0,annealing_T=100_h=5,20260610-203538,phase_detection,annealing_T=75_h=5,20260520-085312,20260610-203538,0.5135172830587024
59,753.61,36.61,9909.62,13.3999,20.0,58.3,7.0,annealing_T=100_h=5,present,present,20.16,1277.0,annealing_T=100_h=5,20260610-203538,phase_detection,annealing_T=75_h=5,20260520-085312,20260610-203538,0.5135172830587024
60,784.07,674.5,-0.530596,0.531385,20.0,52.3,1.0,annealing_T=100_h=5,absent,disappeared,5.67,101.0,annealing_T=75_h=25,20260530-001924,previous_detection,before_annealing,20260513-032137,20260610-203538,1.8272657168567006
60,784.07,674.5,3.98756,0.550387,20.0,53.3,2.0,annealing_T=100_h=5,absent,disappeared,5.67,101.0,annealing_T=75_h=25,20260530-001924,previous_detection,before_annealing,20260513-032137,20260610-203538,1.8272657168567006
60,784.07,674.5,3.73634,0.52544,20.0,54.3,3.0,annealing_T=100_h=5,absent,disappeared,5.67,101.0,annealing_T=75_h=25,20260530-001924,previous_detection,before_annealing,20260513-032137,20260610-203538,1.8272657168567006
60,784.07,674.5,4.51056,0.737923,20.0,55.3,4.0,annealing_T=100_h=5,absent,disappeared,5.67,101.0,annealing_T=75_h=25,20260530-001924,previous_detection,before_annealing,20260513-032137,20260610-203538,1.8272657168567006
60,784.07,674.5,2.77416,0.575635,20.0,56.3,5.0,annealing_T=100_h=5,absent,disappeared,5.67,101.0,annealing_T=75_h=25,20260530-001924,previous_detection,before_annealing,20260513-032137,20260610-203538,1.8272657168567006
60,784.07,674.5,9.5924,0.636667,20.0,58.3,7.0,annealing_T=100_h=5,absent,disappeared,5.67,101.0,annealing_T=75_h=25,20260530-001924,previous_detection,before_annealing,20260513-032137,20260610-203538,1.8272657168567006
61,791.68,248.78,5.5768,0.25907,20.0,52.3,1.0,annealing_T=100_h=5,present,present,6.6,137.0,annealing_T=100_h=5,20260610-203538,phase_detection,before_annealing,20260513-032137,20260610-203538,0.9585927185202469
61,791.68,248.78,13.5363,0.314361,20.0,53.3,2.0,annealing_T=100_h=5,present,present,6.6,137.0,annealing_T=100_h=5,20260610-203538,phase_detection,before_annealing,20260513-032137,20260610-203538,0.9585927185202469
61,791.68,248.78,22.8965,0.391989,20.0,54.3,3.0,annealing_T=100_h=5,present,present,6.6,137.0,annealing_T=100_h=5,20260610-203538,phase_detection,before_annealing,20260513-032137,20260610-203538,0.9585927185202469
61,791.68,248.78,30.1379,0.29849,20.0,55.3,4.0,annealing_T=100_h=5,present,present,6.6,137.0,annealing_T=100_h=5,20260610-203538,phase_detection,before_annealing,20260513-032137,20260610-203538,0.9585927185202469
61,791.68,248.78,38.8627,0.422703,20.0,56.3,5.0,annealing_T=100_h=5,present,present,6.6,137.0,annealing_T=100_h=5,20260610-203538,phase_detection,before_annealing,20260513-032137,20260610-203538,0.9585927185202469
61,791.68,248.78,60.469,0.400198,20.0,58.3,7.0,annealing_T=100_h=5,present,present,6.6,137.0,annealing_T=100_h=5,20260610-203538,phase_detection,before_annealing,20260513-032137,20260610-203538,0.9585927185202469
62,806.61,192.59,11.0595,0.382442,20.0,52.3,1.0,annealing_T=100_h=5,present,present,8.5,227.0,annealing_T=100_h=5,20260610-203538,phase_detection,annealing_T=75_h=5,20260520-085312,20260610-203538,0.4242640687119084
62,806.61,192.59,29.3184,0.581209,20.0,53.3,2.0,annealing_T=100_h=5,present,present,8.5,227.0,annealing_T=100_h=5,20260610-203538,phase_detection,annealing_T=75_h=5,20260520-085312,20260610-203538,0.4242640687119084
62,806.61,192.59,67.7445,0.471912,20.0,54.3,3.0,annealing_T=100_h=5,present,present,8.5,227.0,annealing_T=100_h=5,20260610-203538,phase_detection,annealing_T=75_h=5,20260520-085312,20260610-203538,0.4242640687119084
62,806.61,192.59,129.069,0.569504,20.0,55.3,4.0,annealing_T=100_h=5,present,present,8.5,227.0,annealing_T=100_h=5,20260610-203538,phase_detection,annealing_T=75_h=5,20260520-085312,20260610-203538,0.4242640687119084
62,806.61,192.59,204.903,0.960783,20.0,56.3,5.0,annealing_T=100_h=5,present,present,8.5,227.0,annealing_T=100_h=5,20260610-203538,phase_detection,annealing_T=75_h=5,20260520-085312,20260610-203538,0.4242640687119084
62,806.61,192.59,441.529,1.2444,20.0,58.3,7.0,annealing_T=100_h=5,present,present,8.5,227.0,annealing_T=100_h=5,20260610-203538,phase_detection,annealing_T=75_h=5,20260520-085312,20260610-203538,0.4242640687119084
63,807.69,586.73,13.1692,0.439519,20.0,52.3,1.0,annealing_T=100_h=5,present,present,9.74,298.0,annealing_T=100_h=5,20260610-203538,phase_detection,before_annealing,20260513-032137,20260610-203538,0.8798295289429248
63,807.69,586.73,42.6692,0.512296,20.0,53.3,2.0,annealing_T=100_h=5,present,present,9.74,298.0,annealing_T=100_h=5,20260610-203538,phase_detection,before_annealing,20260513-032137,20260610-203538,0.8798295289429248
63,807.69,586.73,73.1327,0.554221,20.0,54.3,3.0,annealing_T=100_h=5,present,present,9.74,298.0,annealing_T=100_h=5,20260610-203538,phase_detection,before_annealing,20260513-032137,20260610-203538,0.8798295289429248
63,807.69,586.73,111.907,0.718377,20.0,55.3,4.0,annealing_T=100_h=5,present,present,9.74,298.0,annealing_T=100_h=5,20260610-203538,phase_detection,before_annealing,20260513-032137,20260610-203538,0.8798295289429248
63,807.69,586.73,164.664,0.702428,20.0,56.3,5.0,annealing_T=100_h=5,present,present,9.74,298.0,annealing_T=100_h=5,20260610-203538,phase_detection,before_annealing,20260513-032137,20260610-203538,0.8798295289429248
63,807.69,586.73,265.327,1.26148,20.0,58.3,7.0,annealing_T=100_h=5,present,present,9.74,298.0,annealing_T=100_h=5,20260610-203538,phase_detection,before_annealing,20260513-032137,20260610-203538,0.8798295289429248
64,816.48,314.56,2.8199,0.357881,20.0,52.3,1.0,annealing_T=100_h=5,present,present,7.53,178.0,annealing_T=100_h=5,20260610-203538,phase_detection,annealing_T=100_h=25,20260625-095817,20260610-203538,0.7500666637039669
64,816.48,314.56,10.6982,0.508788,20.0,53.3,2.0,annealing_T=100_h=5,present,present,7.53,178.0,annealing_T=100_h=5,20260610-203538,phase_detection,annealing_T=100_h=25,20260625-095817,20260610-203538,0.7500666637039669
64,816.48,314.56,30.1378,0.409868,20.0,54.3,3.0,annealing_T=100_h=5,present,present,7.53,178.0,annealing_T=100_h=5,20260610-203538,phase_detection,annealing_T=100_h=25,20260625-095817,20260610-203538,0.7500666637039669
64,816.48,314.56,53.1739,0.400973,20.0,55.3,4.0,annealing_T=100_h=5,present,present,7.53,178.0,annealing_T=100_h=5,20260610-203538,phase_detection,annealing_T=100_h=25,20260625-095817,20260610-203538,0.7500666637039669
64,816.48,314.56,85.7879,0.479067,20.0,56.3,5.0,annealing_T=100_h=5,present,present,7.53,178.0,annealing_T=100_h=5,20260610-203538,phase_detection,annealing_T=100_h=25,20260625-095817,20260610-203538,0.7500666637039669
64,816.48,314.56,177.407,0.789995,20.0,58.3,7.0,annealing_T=100_h=5,present,present,7.53,178.0,annealing_T=100_h=5,20260610-203538,phase_detection,annealing_T=100_h=25,20260625-095817,20260610-203538,0.7500666637039669
65,829.63,667.56,14.6097,0.36056,20.0,52.3,1.0,annealing_T=100_h=5,present,present,8.57,231.0,annealing_T=100_h=5,20260610-203538,phase_detection,annealing_T=75_h=5,20260520-085312,20260610-203538,0.622253967444239
65,829.63,667.56,32.1267,0.314551,20.0,53.3,2.0,annealing_T=100_h=5,present,present,8.57,231.0,annealing_T=100_h=5,20260610-203538,phase_detection,annealing_T=75_h=5,20260520-085312,20260610-203538,0.622253967444239
65,829.63,667.56,58.0375,0.378941,20.0,54.3,3.0,annealing_T=100_h=5,present,present,8.57,231.0,annealing_T=100_h=5,20260610-203538,phase_detection,annealing_T=75_h=5,20260520-085312,20260610-203538,0.622253967444239
65,829.63,667.56,81.6284,0.643188,20.0,55.3,4.0,annealing_T=100_h=5,present,present,8.57,231.0,annealing_T=100_h=5,20260610-203538,phase_detection,annealing_T=75_h=5,20260520-085312,20260610-203538,0.622253967444239
65,829.63,667.56,109.135,0.671112,20.0,56.3,5.0,annealing_T=100_h=5,present,present,8.57,231.0,annealing_T=100_h=5,20260610-203538,phase_detection,annealing_T=75_h=5,20260520-085312,20260610-203538,0.622253967444239
65,829.63,667.56,192.119,0.955474,20.0,58.3,7.0,annealing_T=100_h=5,present,present,8.57,231.0,annealing_T=100_h=5,20260610-203538,phase_detection,annealing_T=75_h=5,20260520-085312,20260610-203538,0.622253967444239
66,829.69,825.07,3.70883,0.225759,20.0,52.3,1.0,annealing_T=100_h=5,present,present,5.11,82.0,annealing_T=100_h=5,20260610-203538,phase_detection,annealing_T=100_h=5,20260610-203538,20260610-203538,0.4477722635447079
66,829.69,825.07,7.56885,0.297719,20.0,53.3,2.0,annealing_T=100_h=5,present,present,5.11,82.0,annealing_T=100_h=5,20260610-203538,phase_detection,annealing_T=100_h=5,20260610-203538,20260610-203538,0.4477722635447079
66,829.69,825.07,16.7323,0.190767,20.0,54.3,3.0,annealing_T=100_h=5,present,present,5.11,82.0,annealing_T=100_h=5,20260610-203538,phase_detection,annealing_T=100_h=5,20260610-203538,20260610-203538,0.4477722635447079
66,829.69,825.07,22.5524,0.252565,20.0,55.3,4.0,annealing_T=100_h=5,present,present,5.11,82.0,annealing_T=100_h=5,20260610-203538,phase_detection,annealing_T=100_h=5,20260610-203538,20260610-203538,0.4477722635447079
66,829.69,825.07,32.5102,0.389322,20.0,56.3,5.0,annealing_T=100_h=5,present,present,5.11,82.0,annealing_T=100_h=5,20260610-203538,phase_detection,annealing_T=100_h=5,20260610-203538,20260610-203538,0.4477722635447079
66,829.69,825.07,53.2017,0.477586,20.0,58.3,7.0,annealing_T=100_h=5,present,present,5.11,82.0,annealing_T=100_h=5,20260610-203538,phase_detection,annealing_T=100_h=5,20260610-203538,20260610-203538,0.4477722635447079
67,830.59,884.3,51.9307,0.559108,20.0,52.3,1.0,annealing_T=100_h=5,present,present,11.85,441.0,annealing_T=100_h=5,20260610-203538,phase_detection,annealing_T=75_h=5,20260520-085312,20260610-203538,0.9269843580126201
67,830.59,884.3,158.197,0.51916,20.0,53.3,2.0,annealing_T=100_h=5,present,present,11.85,441.0,annealing_T=100_h=5,20260610-203538,phase_detection,annealing_T=75_h=5,20260520-085312,20260610-203538,0.9269843580126201
67,830.59,884.3,348.575,0.621073,20.0,54.3,3.0,annealing_T=100_h=5,present,present,11.85,441.0,annealing_T=100_h=5,20260610-203538,phase_detection,annealing_T=75_h=5,20260520-085312,20260610-203538,0.9269843580126201
67,830.59,884.3,631.166,0.859739,20.0,55.3,4.0,annealing_T=100_h=5,present,present,11.85,441.0,annealing_T=100_h=5,20260610-203538,phase_detection,annealing_T=75_h=5,20260520-085312,20260610-203538,0.9269843580126201
67,830.59,884.3,995.147,1.39332,20.0,56.3,5.0,annealing_T=100_h=5,present,present,11.85,441.0,annealing_T=100_h=5,20260610-203538,phase_detection,annealing_T=75_h=5,20260520-085312,20260610-203538,0.9269843580126201
67,830.59,884.3,2278.01,2.94009,20.0,58.3,7.0,annealing_T=100_h=5,present,present,11.85,441.0,annealing_T=100_h=5,20260610-203538,phase_detection,annealing_T=75_h=5,20260520-085312,20260610-203538,0.9269843580126201
68,847.69,33.94,0.785467,0.237099,20.0,52.3,1.0,annealing_T=100_h=5,present,present,3.43,37.0,annealing_T=100_h=5,20260610-203538,phase_detection,annealing_T=75_h=5,20260520-085312,20260610-203538,0.7829431652425706
68,847.69,33.94,3.0262,0.147207,20.0,53.3,2.0,annealing_T=100_h=5,present,present,3.43,37.0,annealing_T=100_h=5,20260610-203538,phase_detection,annealing_T=75_h=5,20260520-085312,20260610-203538,0.7829431652425706
68,847.69,33.94,6.29458,0.197929,20.0,54.3,3.0,annealing_T=100_h=5,present,present,3.43,37.0,annealing_T=100_h=5,20260610-203538,phase_detection,annealing_T=75_h=5,20260520-085312,20260610-203538,0.7829431652425706
68,847.69,33.94,7.07143,0.253696,20.0,55.3,4.0,annealing_T=100_h=5,present,present,3.43,37.0,annealing_T=100_h=5,20260610-203538,phase_detection,annealing_T=75_h=5,20260520-085312,20260610-203538,0.7829431652425706
68,847.69,33.94,9.52238,0.0903137,20.0,56.3,5.0,annealing_T=100_h=5,present,present,3.43,37.0,annealing_T=100_h=5,20260610-203538,phase_detection,annealing_T=75_h=5,20260520-085312,20260610-203538,0.7829431652425706
68,847.69,33.94,14.8924,0.237489,20.0,58.3,7.0,annealing_T=100_h=5,present,present,3.43,37.0,annealing_T=100_h=5,20260610-203538,phase_detection,annealing_T=75_h=5,20260520-085312,20260610-203538,0.7829431652425706
69,848.93,884.58,2.57181,0.245432,20.0,52.3,1.0,annealing_T=100_h=5,present,present,5.97,112.0,annealing_T=100_h=5,20260610-203538,phase_detection,before_annealing,20260513-032137,20260610-203538,1.0204410811016813
69,848.93,884.58,4.35973,0.119282,20.0,53.3,2.0,annealing_T=100_h=5,present,present,5.97,112.0,annealing_T=100_h=5,20260610-203538,phase_detection,before_annealing,20260513-032137,20260610-203538,1.0204410811016813
69,848.93,884.58,12.3434,0.141467,20.0,54.3,3.0,annealing_T=100_h=5,present,present,5.97,112.0,annealing_T=100_h=5,20260610-203538,phase_detection,before_annealing,20260513-032137,20260610-203538,1.0204410811016813
69,848.93,884.58,18.8656,0.249279,20.0,55.3,4.0,annealing_T=100_h=5,present,present,5.97,112.0,annealing_T=100_h=5,20260610-203538,phase_detection,before_annealing,20260513-032137,20260610-203538,1.0204410811016813
69,848.93,884.58,30.2144,0.300706,20.0,56.3,5.0,annealing_T=100_h=5,present,present,5.97,112.0,annealing_T=100_h=5,20260610-203538,phase_detection,before_annealing,20260513-032137,20260610-203538,1.0204410811016813
69,848.93,884.58,82.3017,0.405785,20.0,58.3,7.0,annealing_T=100_h=5,present,present,5.97,112.0,annealing_T=100_h=5,20260610-203538,phase_detection,before_annealing,20260513-032137,20260610-203538,1.0204410811016813
70,859.49,473.65,9.69113,0.233339,20.0,52.3,1.0,annealing_T=100_h=5,present,present,7.63,183.0,annealing_T=100_h=5,20260610-203538,phase_detection,annealing_T=75_h=5,20260520-085312,20260610-203538,0.600749531835096
70,859.49,473.65,15.7329,0.287044,20.0,53.3,2.0,annealing_T=100_h=5,present,present,7.63,183.0,annealing_T=100_h=5,20260610-203538,phase_detection,annealing_T=75_h=5,20260520-085312,20260610-203538,0.600749531835096
70,859.49,473.65,33.6791,0.381268,20.0,54.3,3.0,annealing_T=100_h=5,present,present,7.63,183.0,annealing_T=100_h=5,20260610-203538,phase_detection,annealing_T=75_h=5,20260520-085312,20260610-203538,0.600749531835096
70,859.49,473.65,50.0877,0.290176,20.0,55.3,4.0,annealing_T=100_h=5,present,present,7.63,183.0,annealing_T=100_h=5,20260610-203538,phase_detection,annealing_T=75_h=5,20260520-085312,20260610-203538,0.600749531835096
70,859.49,473.65,74.6891,0.325988,20.0,56.3,5.0,annealing_T=100_h=5,present,present,7.63,183.0,annealing_T=100_h=5,20260610-203538,phase_detection,annealing_T=75_h=5,20260520-085312,20260610-203538,0.600749531835096
70,859.49,473.65,124.834,0.291938,20.0,58.3,7.0,annealing_T=100_h=5,present,present,7.63,183.0,annealing_T=100_h=5,20260610-203538,phase_detection,annealing_T=75_h=5,20260520-085312,20260610-203538,0.600749531835096
71,861.78,667.83,17.6488,0.316117,20.0,52.3,1.0,annealing_T=100_h=5,present,present,9.62,291.0,annealing_T=100_h=5,20260610-203538,phase_detection,before_annealing,20260513-032137,20260610-203538,0.47801673610865913
71,861.78,667.83,52.5328,0.358683,20.0,53.3,2.0,annealing_T=100_h=5,present,present,9.62,291.0,annealing_T=100_h=5,20260610-203538,phase_detection,before_annealing,20260513-032137,20260610-203538,0.47801673610865913
71,861.78,667.83,101.081,0.470882,20.0,54.3,3.0,annealing_T=100_h=5,present,present,9.62,291.0,annealing_T=100_h=5,20260610-203538,phase_detection,before_annealing,20260513-032137,20260610-203538,0.47801673610865913
71,861.78,667.83,168.659,0.501528,20.0,55.3,4.0,annealing_T=100_h=5,present,present,9.62,291.0,annealing_T=100_h=5,20260610-203538,phase_detection,before_annealing,20260513-032137,20260610-203538,0.47801673610865913
71,861.78,667.83,261.062,0.562907,20.0,56.3,5.0,annealing_T=100_h=5,present,present,9.62,291.0,annealing_T=100_h=5,20260610-203538,phase_detection,before_annealing,20260513-032137,20260610-203538,0.47801673610865913
71,861.78,667.83,518.789,1.18312,20.0,58.3,7.0,annealing_T=100_h=5,present,present,9.62,291.0,annealing_T=100_h=5,20260610-203538,phase_detection,before_annealing,20260513-032137,20260610-203538,0.47801673610865913
72,864.29,369.77,1.53086,0.335969,20.0,52.3,1.0,annealing_T=100_h=5,absent,disappeared,4.41,61.0,annealing_T=75_h=25,20260530-001924,previous_detection,annealing_T=75_h=5,20260520-085312,20260610-203538,2.590231649872318
72,864.29,369.77,2.77709,0.227554,20.0,53.3,2.0,annealing_T=100_h=5,absent,disappeared,4.41,61.0,annealing_T=75_h=25,20260530-001924,previous_detection,annealing_T=75_h=5,20260520-085312,20260610-203538,2.590231649872318
72,864.29,369.77,5.63134,0.270405,20.0,54.3,3.0,annealing_T=100_h=5,absent,disappeared,4.41,61.0,annealing_T=75_h=25,20260530-001924,previous_detection,annealing_T=75_h=5,20260520-085312,20260610-203538,2.590231649872318
72,864.29,369.77,6.43354,0.199069,20.0,55.3,4.0,annealing_T=100_h=5,absent,disappeared,4.41,61.0,annealing_T=75_h=25,20260530-001924,previous_detection,annealing_T=75_h=5,20260520-085312,20260610-203538,2.590231649872318
72,864.29,369.77,8.75775,0.352385,20.0,56.3,5.0,annealing_T=100_h=5,absent,disappeared,4.41,61.0,annealing_T=75_h=25,20260530-001924,previous_detection,annealing_T=75_h=5,20260520-085312,20260610-203538,2.590231649872318
72,864.29,369.77,15.7728,0.526109,20.0,58.3,7.0,annealing_T=100_h=5,absent,disappeared,4.41,61.0,annealing_T=75_h=25,20260530-001924,previous_detection,annealing_T=75_h=5,20260520-085312,20260610-203538,2.590231649872318
73,867.83,1006.82,17.7342,0.666012,20.0,52.3,1.0,annealing_T=100_h=5,present,present,15.52,757.0,annealing_T=100_h=5,20260610-203538,phase_detection,annealing_T=150_h=5,20260908-043207,20260610-203538,0.9903534722510986
73,867.83,1006.82,40.2612,0.866801,20.0,53.3,2.0,annealing_T=100_h=5,present,present,15.52,757.0,annealing_T=100_h=5,20260610-203538,phase_detection,annealing_T=150_h=5,20260908-043207,20260610-203538,0.9903534722510986
73,867.83,1006.82,95.388,0.883634,20.0,54.3,3.0,annealing_T=100_h=5,present,present,15.52,757.0,annealing_T=100_h=5,20260610-203538,phase_detection,annealing_T=150_h=5,20260908-043207,20260610-203538,0.9903534722510986
73,867.83,1006.82,159.589,1.04388,20.0,55.3,4.0,annealing_T=100_h=5,present,present,15.52,757.0,annealing_T=100_h=5,20260610-203538,phase_detection,annealing_T=150_h=5,20260908-043207,20260610-203538,0.9903534722510986
73,867.83,1006.82,258.645,1.20241,20.0,56.3,5.0,annealing_T=100_h=5,present,present,15.52,757.0,annealing_T=100_h=5,20260610-203538,phase_detection,annealing_T=150_h=5,20260908-043207,20260610-203538,0.9903534722510986
73,867.83,1006.82,538.368,1.70258,20.0,58.3,7.0,annealing_T=100_h=5,present,present,15.52,757.0,annealing_T=100_h=5,20260610-203538,phase_detection,annealing_T=150_h=5,20260908-043207,20260610-203538,0.9903534722510986
74,871.01,652.55,33.8667,0.981758,20.0,52.3,1.0,annealing_T=100_h=5,present,present,21.79,1491.0,annealing_T=100_h=5,20260610-203538,phase_detection,annealing_T=150_h=5,20260908-043207,20260610-203538,0.6037383539248518
74,871.01,652.55,140.002,0.954507,20.0,53.3,2.0,annealing_T=100_h=5,present,present,21.79,1491.0,annealing_T=100_h=5,20260610-203538,phase_detection,annealing_T=150_h=5,20260908-043207,20260610-203538,0.6037383539248518
74,871.01,652.55,330.356,1.1416,20.0,54.3,3.0,annealing_T=100_h=5,present,present,21.79,1491.0,annealing_T=100_h=5,20260610-203538,phase_detection,annealing_T=150_h=5,20260908-043207,20260610-203538,0.6037383539248518
74,871.01,652.55,613.892,1.38006,20.0,55.3,4.0,annealing_T=100_h=5,present,present,21.79,1491.0,annealing_T=100_h=5,20260610-203538,phase_detection,annealing_T=150_h=5,20260908-043207,20260610-203538,0.6037383539248518
74,871.01,652.55,999.72,1.56693,20.0,56.3,5.0,annealing_T=100_h=5,present,present,21.79,1491.0,annealing_T=100_h=5,20260610-203538,phase_detection,annealing_T=150_h=5,20260908-043207,20260610-203538,0.6037383539248518
74,871.01,652.55,2285.89,2.96032,20.0,58.3,7.0,annealing_T=100_h=5,present,present,21.79,1491.0,annealing_T=100_h=5,20260610-203538,phase_detection,annealing_T=150_h=5,20260908-043207,20260610-203538,0.6037383539248518
75,872.25,566.31,-0.227646,0.209992,20.0,52.3,1.0,annealing_T=100_h=5,present,present,3.99,50.0,annealing_T=100_h=5,20260610-203538,phase_detection,annealing_T=100_h=25,20260625-095817,20260610-203538,0.8202438661764447
75,872.25,566.31,2.04479,0.166379,20.0,53.3,2.0,annealing_T=100_h=5,present,present,3.99,50.0,annealing_T=100_h=5,20260610-203538,phase_detection,annealing_T=100_h=25,20260625-095817,20260610-203538,0.8202438661764447
75,872.25,566.31,4.00806,0.103851,20.0,54.3,3.0,annealing_T=100_h=5,present,present,3.99,50.0,annealing_T=100_h=5,20260610-203538,phase_detection,annealing_T=100_h=25,20260625-095817,20260610-203538,0.8202438661764447
75,872.25,566.31,5.04455,0.248101,20.0,55.3,4.0,annealing_T=100_h=5,present,present,3.99,50.0,annealing_T=100_h=5,20260610-203538,phase_detection,annealing_T=100_h=25,20260625-095817,20260610-203538,0.8202438661764447
75,872.25,566.31,12.0211,0.254807,20.0,56.3,5.0,annealing_T=100_h=5,present,present,3.99,50.0,annealing_T=100_h=5,20260610-203538,phase_detection,annealing_T=100_h=25,20260625-095817,20260610-203538,0.8202438661764447
75,872.25,566.31,24.1028,0.338544,20.0,58.3,7.0,annealing_T=100_h=5,present,present,3.99,50.0,annealing_T=100_h=5,20260610-203538,phase_detection,annealing_T=100_h=25,20260625-095817,20260610-203538,0.8202438661764447
76,872.2,473.71,7.38754,0.239759,20.0,52.3,1.0,annealing_T=100_h=5,present,present,6.65,139.0,annealing_T=100_h=5,20260610-203538,phase_detection,before_annealing,20260513-032137,20260610-203538,0.7310950690572426
76,872.2,473.71,13.4554,0.203839,20.0,53.3,2.0,annealing_T=100_h=5,present,present,6.65,139.0,annealing_T=100_h=5,20260610-203538,phase_detection,before_annealing,20260513-032137,20260610-203538,0.7310950690572426
76,872.2,473.71,29.5649,0.361831,20.0,54.3,3.0,annealing_T=100_h=5,present,present,6.65,139.0,annealing_T=100_h=5,20260610-203538,phase_detection,before_annealing,20260513-032137,20260610-203538,0.7310950690572426
76,872.2,473.71,39.5791,0.366182,20.0,55.3,4.0,annealing_T=100_h=5,present,present,6.65,139.0,annealing_T=100_h=5,20260610-203538,phase_detection,before_annealing,20260513-032137,20260610-203538,0.7310950690572426
76,872.2,473.71,52.6878,0.400035,20.0,56.3,5.0,annealing_T=100_h=5,present,present,6.65,139.0,annealing_T=100_h=5,20260610-203538,phase_detection,before_annealing,20260513-032137,20260610-203538,0.7310950690572426
76,872.2,473.71,87.0838,0.692472,20.0,58.3,7.0,annealing_T=100_h=5,present,present,6.65,139.0,annealing_T=100_h=5,20260610-203538,phase_detection,before_annealing,20260513-032137,20260610-203538,0.7310950690572426
77,907.51,731.41,15.634,0.571231,20.0,52.3,1.0,annealing_T=100_h=5,present,present,10.03,316.0,annealing_T=100_h=5,20260610-203538,phase_detection,before_annealing,20260513-032137,20260610-203538,0.729177618965429
77,907.51,731.41,52.7778,0.724575,20.0,53.3,2.0,annealing_T=100_h=5,present,present,10.03,316.0,annealing_T=100_h=5,20260610-203538,phase_detection,before_annealing,20260513-032137,20260610-203538,0.729177618965429
77,907.51,731.41,122.983,0.741135,20.0,54.3,3.0,annealing_T=100_h=5,present,present,10.03,316.0,annealing_T=100_h=5,20260610-203538,phase_detection,before_annealing,20260513-032137,20260610-203538,0.729177618965429
77,907.51,731.41,212.901,0.999927,20.0,55.3,4.0,annealing_T=100_h=5,present,present,10.03,316.0,annealing_T=100_h=5,20260610-203538,phase_detection,before_annealing,20260513-032137,20260610-203538,0.729177618965429
77,907.51,731.41,347.946,1.27757,20.0,56.3,5.0,annealing_T=100_h=5,present,present,10.03,316.0,annealing_T=100_h=5,20260610-203538,phase_detection,before_annealing,20260513-032137,20260610-203538,0.729177618965429
77,907.51,731.41,787.429,3.02146,20.0,58.3,7.0,annealing_T=100_h=5,present,present,10.03,316.0,annealing_T=100_h=5,20260610-203538,phase_detection,before_annealing,20260513-032137,20260610-203538,0.729177618965429
78,911.91,406.12,13.5041,0.506164,20.0,52.3,1.0,annealing_T=100_h=5,present,present,14.34,646.0,annealing_T=100_h=5,20260610-203538,phase_detection,before_annealing,20260513-032137,20260610-203538,0.785493475466227
78,911.91,406.12,62.7601,0.473993,20.0,53.3,2.0,annealing_T=100_h=5,present,present,14.34,646.0,annealing_T=100_h=5,20260610-203538,phase_detection,before_annealing,20260513-032137,20260610-203538,0.785493475466227
78,911.91,406.12,252.91,0.761853,20.0,54.3,3.0,annealing_T=100_h=5,present,present,14.34,646.0,annealing_T=100_h=5,20260610-203538,phase_detection,before_annealing,20260513-032137,20260610-203538,0.785493475466227
78,911.91,406.12,653.424,0.928822,20.0,55.3,4.0,annealing_T=100_h=5,present,present,14.34,646.0,annealing_T=100_h=5,20260610-203538,phase_detection,before_annealing,20260513-032137,20260610-203538,0.785493475466227
78,911.91,406.12,1278.44,1.28136,20.0,56.3,5.0,annealing_T=100_h=5,present,present,14.34,646.0,annealing_T=100_h=5,20260610-203538,phase_detection,before_annealing,20260513-032137,20260610-203538,0.785493475466227
78,911.91,406.12,3478.23,3.48684,20.0,58.3,7.0,annealing_T=100_h=5,present,present,14.34,646.0,annealing_T=100_h=5,20260610-203538,phase_detection,before_annealing,20260513-032137,20260610-203538,0.785493475466227
79,931.52,415.18,2.82439,0.243942,20.0,52.3,1.0,annealing_T=100_h=5,present,present,4.98,78.0,annealing_T=100_h=5,20260610-203538,phase_detection,annealing_T=75_h=25,20260530-001924,20260610-203538,1.1806777714516294
79,931.52,415.18,2.55081,0.220519,20.0,53.3,2.0,annealing_T=100_h=5,present,present,4.98,78.0,annealing_T=100_h=5,20260610-203538,phase_detection,annealing_T=75_h=25,20260530-001924,20260610-203538,1.1806777714516294
79,931.52,415.18,7.91935,0.240394,20.0,54.3,3.0,annealing_T=100_h=5,present,present,4.98,78.0,annealing_T=100_h=5,20260610-203538,phase_detection,annealing_T=75_h=25,20260530-001924,20260610-203538,1.1806777714516294
79,931.52,415.18,15.9051,0.265231,20.0,55.3,4.0,annealing_T=100_h=5,present,present,4.98,78.0,annealing_T=100_h=5,20260610-203538,phase_detection,annealing_T=75_h=25,20260530-001924,20260610-203538,1.1806777714516294
79,931.52,415.18,26.717,0.21669,20.0,56.3,5.0,annealing_T=100_h=5,present,present,4.98,78.0,annealing_T=100_h=5,20260610-203538,phase_detection,annealing_T=75_h=25,20260530-001924,20260610-203538,1.1806777714516294
79,931.52,415.18,66.125,0.476581,20.0,58.3,7.0,annealing_T=100_h=5,present,present,4.98,78.0,annealing_T=100_h=5,20260610-203538,phase_detection,annealing_T=75_h=25,20260530-001924,20260610-203538,1.1806777714516294
80,939.51,807.65,47.8148,0.610827,20.0,52.3,1.0,annealing_T=100_h=5,present,present,11.37,406.0,annealing_T=100_h=5,20260610-203538,phase_detection,before_annealing,20260513-032137,20260610-203538,0.8348652585897938
80,939.51,807.65,139.942,0.73733,20.0,53.3,2.0,annealing_T=100_h=5,present,present,11.37,406.0,annealing_T=100_h=5,20260610-203538,phase_detection,before_annealing,20260513-032137,20260610-203538,0.8348652585897938
80,939.51,807.65,297.33,0.741054,20.0,54.3,3.0,annealing_T=100_h=5,present,present,11.37,406.0,annealing_T=100_h=5,20260610-203538,phase_detection,before_annealing,20260513-032137,20260610-203538,0.8348652585897938
80,939.51,807.65,522.012,0.929989,20.0,55.3,4.0,annealing_T=100_h=5,present,present,11.37,406.0,annealing_T=100_h=5,20260610-203538,phase_detection,before_annealing,20260513-032137,20260610-203538,0.8348652585897938
80,939.51,807.65,823.245,1.22609,20.0,56.3,5.0,annealing_T=100_h=5,present,present,11.37,406.0,annealing_T=100_h=5,20260610-203538,phase_detection,before_annealing,20260513-032137,20260610-203538,0.8348652585897938
80,939.51,807.65,1754.62,2.70501,20.0,58.3,7.0,annealing_T=100_h=5,present,present,11.37,406.0,annealing_T=100_h=5,20260610-203538,phase_detection,before_annealing,20260513-032137,20260610-203538,0.8348652585897938
81,949.36,762.29,0.190488,0.110547,20.0,52.3,1.0,annealing_T=100_h=5,absent,absent,4.51,64.0,before_annealing,20260513-032137,previous_detection,before_annealing,20260513-032137,20260610-203538,0.0
81,949.36,762.29,1.84168,0.266399,20.0,53.3,2.0,annealing_T=100_h=5,absent,absent,4.51,64.0,before_annealing,20260513-032137,previous_detection,before_annealing,20260513-032137,20260610-203538,0.0
81,949.36,762.29,0.237989,0.112247,20.0,54.3,3.0,annealing_T=100_h=5,absent,absent,4.51,64.0,before_annealing,20260513-032137,previous_detection,before_annealing,20260513-032137,20260610-203538,0.0
81,949.36,762.29,-1.31568,0.252828,20.0,55.3,4.0,annealing_T=100_h=5,absent,absent,4.51,64.0,before_annealing,20260513-032137,previous_detection,before_annealing,20260513-032137,20260610-203538,0.0
81,949.36,762.29,-0.436526,0.12663,20.0,56.3,5.0,annealing_T=100_h=5,absent,absent,4.51,64.0,before_annealing,20260513-032137,previous_detection,before_annealing,20260513-032137,20260610-203538,0.0
81,949.36,762.29,4.35034,0.468231,20.0,58.3,7.0,annealing_T=100_h=5,absent,absent,4.51,64.0,before_annealing,20260513-032137,previous_detection,before_annealing,20260513-032137,20260610-203538,0.0
82,967.18,829.73,-0.408742,0.36746,20.0,52.3,1.0,annealing_T=100_h=5,absent,disappeared,3.91,48.0,annealing_T=75_h=25,20260530-001924,previous_detection,before_annealing,20260513-032137,20260610-203538,1.356797700469739
82,967.18,829.73,1.70225,0.36703,20.0,53.3,2.0,annealing_T=100_h=5,absent,disappeared,3.91,48.0,annealing_T=75_h=25,20260530-001924,previous_detection,before_annealing,20260513-032137,20260610-203538,1.356797700469739
82,967.18,829.73,1.2794,0.242093,20.0,54.3,3.0,annealing_T=100_h=5,absent,disappeared,3.91,48.0,annealing_T=75_h=25,20260530-001924,previous_detection,before_annealing,20260513-032137,20260610-203538,1.356797700469739
82,967.18,829.73,2.65744,0.524329,20.0,55.3,4.0,annealing_T=100_h=5,absent,disappeared,3.91,48.0,annealing_T=75_h=25,20260530-001924,previous_detection,before_annealing,20260513-032137,20260610-203538,1.356797700469739
82,967.18,829.73,4.96796,0.469994,20.0,56.3,5.0,annealing_T=100_h=5,absent,disappeared,3.91,48.0,annealing_T=75_h=25,20260530-001924,previous_detection,before_annealing,20260513-032137,20260610-203538,1.356797700469739
82,967.18,829.73,9.04597,0.730515,20.0,58.3,7.0,annealing_T=100_h=5,absent,disappeared,3.91,48.0,annealing_T=75_h=25,20260530-001924,previous_detection,before_annealing,20260513-032137,20260610-203538,1.356797700469739
83,988.32,803.95,32.0297,0.64399,20.0,52.3,1.0,annealing_T=100_h=5,present,present,10.0,314.0,annealing_T=100_h=5,20260610-203538,phase_detection,before_annealing,20260513-032137,20260610-203538,0.7017834423807642
83,988.32,803.95,82.8558,0.588205,20.0,53.3,2.0,annealing_T=100_h=5,present,present,10.0,314.0,annealing_T=100_h=5,20260610-203538,phase_detection,before_annealing,20260513-032137,20260610-203538,0.7017834423807642
83,988.32,803.95,157.01,0.79198,20.0,54.3,3.0,annealing_T=100_h=5,present,present,10.0,314.0,annealing_T=100_h=5,20260610-203538,phase_detection,before_annealing,20260513-032137,20260610-203538,0.7017834423807642
83,988.32,803.95,238.573,0.903982,20.0,55.3,4.0,annealing_T=100_h=5,present,present,10.0,314.0,annealing_T=100_h=5,20260610-203538,phase_detection,before_annealing,20260513-032137,20260610-203538,0.7017834423807642
83,988.32,803.95,349.918,1.16653,20.0,56.3,5.0,annealing_T=100_h=5,present,present,10.0,314.0,annealing_T=100_h=5,20260610-203538,phase_detection,before_annealing,20260513-032137,20260610-203538,0.7017834423807642
83,988.32,803.95,632.412,1.59106,20.0,58.3,7.0,annealing_T=100_h=5,present,present,10.0,314.0,annealing_T=100_h=5,20260610-203538,phase_detection,before_annealing,20260513-032137,20260610-203538,0.7017834423807642
84,1005.43,7.73,23.956,0.572112,20.0,52.3,1.0,annealing_T=100_h=5,present,present,9.66,293.0,annealing_T=100_h=5,20260610-203538,phase_detection,annealing_T=75_h=5,20260520-085312,20260610-203538,0.4925444142409972
84,1005.43,7.73,85.2325,0.493415,20.0,53.3,2.0,annealing_T=100_h=5,present,present,9.66,293.0,annealing_T=100_h=5,20260610-203538,phase_detection,annealing_T=75_h=5,20260520-085312,20260610-203538,0.4925444142409972
84,1005.43,7.73,183.153,0.667082,20.0,54.3,3.0,annealing_T=100_h=5,present,present,9.66,293.0,annealing_T=100_h=5,20260610-203538,phase_detection,annealing_T=75_h=5,20260520-085312,20260610-203538,0.4925444142409972
84,1005.43,7.73,339.701,0.610212,20.0,55.3,4.0,annealing_T=100_h=5,present,present,9.66,293.0,annealing_T=100_h=5,20260610-203538,phase_detection,annealing_T=75_h=5,20260520-085312,20260610-203538,0.4925444142409972
84,1005.43,7.73,567.557,1.06955,20.0,56.3,5.0,annealing_T=100_h=5,present,present,9.66,293.0,annealing_T=100_h=5,20260610-203538,phase_detection,annealing_T=75_h=5,20260520-085312,20260610-203538,0.4925444142409972
84,1005.43,7.73,1232.85,2.3096,20.0,58.3,7.0,annealing_T=100_h=5,present,present,9.66,293.0,annealing_T=100_h=5,20260610-203538,phase_detection,annealing_T=75_h=5,20260520-085312,20260610-203538,0.4925444142409972
85,1006.01,122.18,2.69535,0.102295,20.0,52.3,1.0,annealing_T=100_h=5,present,present,5.14,83.0,annealing_T=100_h=5,20260610-203538,phase_detection,annealing_T=75_h=25,20260530-001924,20260610-203538,1.307287267588971
85,1006.01,122.18,5.74207,0.349687,20.0,53.3,2.0,annealing_T=100_h=5,present,present,5.14,83.0,annealing_T=100_h=5,20260610-203538,phase_detection,annealing_T=75_h=25,20260530-001924,20260610-203538,1.307287267588971
85,1006.01,122.18,15.4853,0.201469,20.0,54.3,3.0,annealing_T=100_h=5,present,present,5.14,83.0,annealing_T=100_h=5,20260610-203538,phase_detection,annealing_T=75_h=25,20260530-001924,20260610-203538,1.307287267588971
85,1006.01,122.18,18.9079,0.485819,20.0,55.3,4.0,annealing_T=100_h=5,present,present,5.14,83.0,annealing_T=100_h=5,20260610-203538,phase_detection,annealing_T=75_h=25,20260530-001924,20260610-203538,1.307287267588971
85,1006.01,122.18,24.5193,0.233021,20.0,56.3,5.0,annealing_T=100_h=5,present,present,5.14,83.0,annealing_T=100_h=5,20260610-203538,phase_detection,annealing_T=75_h=25,20260530-001924,20260610-203538,1.307287267588971
85,1006.01,122.18,42.4614,0.387617,20.0,58.3,7.0,annealing_T=100_h=5,present,present,5.14,83.0,annealing_T=100_h=5,20260610-203538,phase_detection,annealing_T=75_h=25,20260530-001924,20260610-203538,1.307287267588971
86,1016.9,1070.27,6.81845,0.236566,20.0,52.3,1.0,annealing_T=100_h=5,present,present,6.82,146.0,annealing_T=100_h=5,20260610-203538,phase_detection,before_annealing,20260513-032137,20260610-203538,0.8860022573334804
86,1016.9,1070.27,17.679,0.367524,20.0,53.3,2.0,annealing_T=100_h=5,present,present,6.82,146.0,annealing_T=100_h=5,20260610-203538,phase_detection,before_annealing,20260513-032137,20260610-203538,0.8860022573334804
86,1016.9,1070.27,31.8517,0.489694,20.0,54.3,3.0,annealing_T=100_h=5,present,present,6.82,146.0,annealing_T=100_h=5,20260610-203538,phase_detection,before_annealing,20260513-032137,20260610-203538,0.8860022573334804
86,1016.9,1070.27,40.8348,0.440549,20.0,55.3,4.0,annealing_T=100_h=5,present,present,6.82,146.0,annealing_T=100_h=5,20260610-203538,phase_detection,before_annealing,20260513-032137,20260610-203538,0.8860022573334804
86,1016.9,1070.27,67.8045,0.419549,20.0,56.3,5.0,annealing_T=100_h=5,present,present,6.82,146.0,annealing_T=100_h=5,20260610-203538,phase_detection,before_annealing,20260513-032137,20260610-203538,0.8860022573334804
86,1016.9,1070.27,119.998,0.455808,20.0,58.3,7.0,annealing_T=100_h=5,present,present,6.82,146.0,annealing_T=100_h=5,20260610-203538,phase_detection,before_annealing,20260513-032137,20260610-203538,0.8860022573334804
87,1045.8,493.49,2.10832,0.327266,20.0,52.3,1.0,annealing_T=100_h=5,present,present,6.1,117.0,annealing_T=100_h=5,20260610-203538,phase_detection,annealing_T=75_h=5,20260520-085312,20260610-203538,0.6580273550544954
87,1045.8,493.49,5.9107,0.234907,20.0,53.3,2.0,annealing_T=100_h=5,present,present,6.1,117.0,annealing_T=100_h=5,20260610-203538,phase_detection,annealing_T=75_h=5,20260520-085312,20260610-203538,0.6580273550544954
87,1045.8,493.49,12.1739,0.384665,20.0,54.3,3.0,annealing_T=100_h=5,present,present,6.1,117.0,annealing_T=100_h=5,20260610-203538,phase_detection,annealing_T=75_h=5,20260520-085312,20260610-203538,0.6580273550544954
87,1045.8,493.49,18.9341,0.30046,20.0,55.3,4.0,annealing_T=100_h=5,present,present,6.1,117.0,annealing_T=100_h=5,20260610-203538,phase_detection,annealing_T=75_h=5,20260520-085312,20260610-203538,0.6580273550544954
87,1045.8,493.49,26.4364,0.428115,20.0,56.3,5.0,annealing_T=100_h=5,present,present,6.1,117.0,annealing_T=100_h=5,20260610-203538,phase_detection,annealing_T=75_h=5,20260520-085312,20260610-203538,0.6580273550544954
87,1045.8,493.49,37.8265,0.31001,20.0,58.3,7.0,annealing_T=100_h=5,present,present,6.1,117.0,annealing_T=100_h=5,20260610-203538,phase_detection,annealing_T=75_h=5,20260520-085312,20260610-203538,0.6580273550544954
88,1047.42,73.12,14.4454,0.539697,20.0,52.3,1.0,annealing_T=100_h=5,present,present,11.94,448.0,annealing_T=100_h=5,20260610-203538,phase_detection,annealing_T=75_h=5,20260520-085312,20260610-203538,0.4604345773288465
88,1047.42,73.12,50.8937,0.591172,20.0,53.3,2.0,annealing_T=100_h=5,present,present,11.94,448.0,annealing_T=100_h=5,20260610-203538,phase_detection,annealing_T=75_h=5,20260520-085312,20260610-203538,0.4604345773288465
88,1047.42,73.12,103.028,0.592316,20.0,54.3,3.0,annealing_T=100_h=5,present,present,11.94,448.0,annealing_T=100_h=5,20260610-203538,phase_detection,annealing_T=75_h=5,20260520-085312,20260610-203538,0.4604345773288465
88,1047.42,73.12,211.022,0.63398,20.0,55.3,4.0,annealing_T=100_h=5,present,present,11.94,448.0,annealing_T=100_h=5,20260610-203538,phase_detection,annealing_T=75_h=5,20260520-085312,20260610-203538,0.4604345773288465
88,1047.42,73.12,377.907,0.991951,20.0,56.3,5.0,annealing_T=100_h=5,present,present,11.94,448.0,annealing_T=100_h=5,20260610-203538,phase_detection,annealing_T=75_h=5,20260520-085312,20260610-203538,0.4604345773288465
88,1047.42,73.12,1028.82,2.00482,20.0,58.3,7.0,annealing_T=100_h=5,present,present,11.94,448.0,annealing_T=100_h=5,20260610-203538,phase_detection,annealing_T=75_h=5,20260520-085312,20260610-203538,0.4604345773288465
89,1047.96,956.48,16.5996,0.422803,20.0,52.3,1.0,annealing_T=100_h=5,present,present,8.65,235.0,annealing_T=100_h=5,20260610-203538,phase_detection,annealing_T=100_h=5,20260610-203538,20260610-203538,0.8741853350405979
89,1047.96,956.48,53.9994,0.448584,20.0,53.3,2.0,annealing_T=100_h=5,present,present,8.65,235.0,annealing_T=100_h=5,20260610-203538,phase_detection,annealing_T=100_h=5,20260610-203538,20260610-203538,0.8741853350405979
89,1047.96,956.48,118.053,0.553635,20.0,54.3,3.0,annealing_T=100_h=5,present,present,8.65,235.0,annealing_T=100_h=5,20260610-203538,phase_detection,annealing_T=100_h=5,20260610-203538,20260610-203538,0.8741853350405979
89,1047.96,956.48,190.726,0.656529,20.0,55.3,4.0,annealing_T=100_h=5,present,present,8.65,235.0,annealing_T=100_h=5,20260610-203538,phase_detection,annealing_T=100_h=5,20260610-203538,20260610-203538,0.8741853350405979
89,1047.96,956.48,280.618,0.809003,20.0,56.3,5.0,annealing_T=100_h=5,present,present,8.65,235.0,annealing_T=100_h=5,20260610-203538,phase_detection,annealing_T=100_h=5,20260610-203538,20260610-203538,0.8741853350405979
89,1047.96,956.48,520.404,1.50431,20.0,58.3,7.0,annealing_T=100_h=5,present,present,8.65,235.0,annealing_T=100_h=5,20260610-203538,phase_detection,annealing_T=100_h=5,20260610-203538,20260610-203538,0.8741853350405979
90,1048.9,34.11,104.751,0.650122,20.0,52.3,1.0,annealing_T=100_h=5,present,present,14.35,647.0,annealing_T=100_h=5,20260610-203538,phase_detection,annealing_T=100_h=5,20260610-203538,20260610-203538,0.27730849247719375
90,1048.9,34.11,379.745,0.779327,20.0,53.3,2.0,annealing_T=100_h=5,present,present,14.35,647.0,annealing_T=100_h=5,20260610-203538,phase_detection,annealing_T=100_h=5,20260610-203538,20260610-203538,0.27730849247719375
90,1048.9,34.11,866.206,1.05005,20.0,54.3,3.0,annealing_T=100_h=5,present,present,14.35,647.0,annealing_T=100_h=5,20260610-203538,phase_detection,annealing_T=100_h=5,20260610-203538,20260610-203538,0.27730849247719375
90,1048.9,34.11,1550.21,1.50809,20.0,55.3,4.0,annealing_T=100_h=5,present,present,14.35,647.0,annealing_T=100_h=5,20260610-203538,phase_detection,annealing_T=100_h=5,20260610-203538,20260610-203538,0.27730849247719375
90,1048.9,34.11,2454.92,2.27238,20.0,56.3,5.0,annealing_T=100_h=5,present,present,14.35,647.0,annealing_T=100_h=5,20260610-203538,phase_detection,annealing_T=100_h=5,20260610-203538,20260610-203538,0.27730849247719375
90,1048.9,34.11,4983.3,4.77393,20.0,58.3,7.0,annealing_T=100_h=5,present,present,14.35,647.0,annealing_T=100_h=5,20260610-203538,phase_detection,annealing_T=100_h=5,20260610-203538,20260610-203538,0.27730849247719375
91,1050.76,803.39,4.82483,0.25685,20.0,52.3,1.0,annealing_T=100_h=5,present,present,6.86,148.0,annealing_T=100_h=5,20260610-203538,phase_detection,annealing_T=100_h=25,20260625-095817,20260610-203538,1.216963434126205
91,1050.76,803.39,14.2218,0.321692,20.0,53.3,2.0,annealing_T=100_h=5,present,present,6.86,148.0,annealing_T=100_h=5,20260610-203538,phase_detection,annealing_T=100_h=25,20260625-095817,20260610-203538,1.216963434126205
91,1050.76,803.39,28.9821,0.168143,20.0,54.3,3.0,annealing_T=100_h=5,present,present,6.86,148.0,annealing_T=100_h=5,20260610-203538,phase_detection,annealing_T=100_h=25,20260625-095817,20260610-203538,1.216963434126205
91,1050.76,803.39,48.0126,0.273328,20.0,55.3,4.0,annealing_T=100_h=5,present,present,6.86,148.0,annealing_T=100_h=5,20260610-203538,phase_detection,annealing_T=100_h=25,20260625-095817,20260610-203538,1.216963434126205
91,1050.76,803.39,68.8521,0.321037,20.0,56.3,5.0,annealing_T=100_h=5,present,present,6.86,148.0,annealing_T=100_h=5,20260610-203538,phase_detection,annealing_T=100_h=25,20260625-095817,20260610-203538,1.216963434126205
91,1050.76,803.39,144.236,0.607945,20.0,58.3,7.0,annealing_T=100_h=5,present,present,6.86,148.0,annealing_T=100_h=5,20260610-203538,phase_detection,annealing_T=100_h=25,20260625-095817,20260610-203538,1.216963434126205
92,1067.76,234.23,0.481333,0.130243,20.0,52.3,1.0,annealing_T=100_h=5,present,present,5.29,88.0,annealing_T=100_h=5,20260610-203538,phase_detection,annealing_T=100_h=25,20260625-095817,20260610-203538,0.5385164807134567
92,1067.76,234.23,6.92997,0.122865,20.0,53.3,2.0,annealing_T=100_h=5,present,present,5.29,88.0,annealing_T=100_h=5,20260610-203538,phase_detection,annealing_T=100_h=25,20260625-095817,20260610-203538,0.5385164807134567
92,1067.76,234.23,14.0504,0.100018,20.0,54.3,3.0,annealing_T=100_h=5,present,present,5.29,88.0,annealing_T=100_h=5,20260610-203538,phase_detection,annealing_T=100_h=25,20260625-095817,20260610-203538,0.5385164807134567
92,1067.76,234.23,23.7201,0.138573,20.0,55.3,4.0,annealing_T=100_h=5,present,present,5.29,88.0,annealing_T=100_h=5,20260610-203538,phase_detection,annealing_T=100_h=25,20260625-095817,20260610-203538,0.5385164807134567
92,1067.76,234.23,36.6231,0.260128,20.0,56.3,5.0,annealing_T=100_h=5,present,present,5.29,88.0,annealing_T=100_h=5,20260610-203538,phase_detection,annealing_T=100_h=25,20260625-095817,20260610-203538,0.5385164807134567
92,1067.76,234.23,68.3757,0.182452,20.0,58.3,7.0,annealing_T=100_h=5,present,present,5.29,88.0,annealing_T=100_h=5,20260610-203538,phase_detection,annealing_T=100_h=25,20260625-095817,20260610-203538,0.5385164807134567
93,1070.23,87.11,6.11024,0.624445,20.0,52.3,1.0,annealing_T=100_h=5,present,present,14.35,647.0,annealing_T=100_h=5,20260610-203538,phase_detection,annealing_T=150_h=25,20260916-045914,20260610-203538,0.26925824035678064
93,1070.23,87.11,21.2238,0.534406,20.0,53.3,2.0,annealing_T=100_h=5,present,present,14.35,647.0,annealing_T=100_h=5,20260610-203538,phase_detection,annealing_T=150_h=25,20260916-045914,20260610-203538,0.26925824035678064
93,1070.23,87.11,76.1265,0.661845,20.0,54.3,3.0,annealing_T=100_h=5,present,present,14.35,647.0,annealing_T=100_h=5,20260610-203538,phase_detection,annealing_T=150_h=25,20260916-045914,20260610-203538,0.26925824035678064
93,1070.23,87.11,145.409,0.95185,20.0,55.3,4.0,annealing_T=100_h=5,present,present,14.35,647.0,annealing_T=100_h=5,20260610-203538,phase_detection,annealing_T=150_h=25,20260916-045914,20260610-203538,0.26925824035678064
93,1070.23,87.11,251.939,0.884961,20.0,56.3,5.0,annealing_T=100_h=5,present,present,14.35,647.0,annealing_T=100_h=5,20260610-203538,phase_detection,annealing_T=150_h=25,20260916-045914,20260610-203538,0.26925824035678064
93,1070.23,87.11,515.822,1.50352,20.0,58.3,7.0,annealing_T=100_h=5,present,present,14.35,647.0,annealing_T=100_h=5,20260610-203538,phase_detection,annealing_T=150_h=25,20260916-045914,20260610-203538,0.26925824035678064
94,1087.7,909.78,2.55218,0.435437,20.0,52.3,1.0,annealing_T=100_h=5,present,present,7.2,163.0,annealing_T=100_h=5,20260610-203538,phase_detection,before_annealing,20260513-032137,20260610-203538,0.6466065264130066
94,1087.7,909.78,4.76051,0.553132,20.0,53.3,2.0,annealing_T=100_h=5,present,present,7.2,163.0,annealing_T=100_h=5,20260610-203538,phase_detection,before_annealing,20260513-032137,20260610-203538,0.6466065264130066
94,1087.7,909.78,62.0365,0.624576,20.0,54.3,3.0,annealing_T=100_h=5,present,present,7.2,163.0,annealing_T=100_h=5,20260610-203538,phase_detection,before_annealing,20260513-032137,20260610-203538,0.6466065264130066
94,1087.7,909.78,17.3031,0.468826,20.0,55.3,4.0,annealing_T=100_h=5,present,present,7.2,163.0,annealing_T=100_h=5,20260610-203538,phase_detection,before_annealing,20260513-032137,20260610-203538,0.6466065264130066
94,1087.7,909.78,22.7306,0.56319,20.0,56.3,5.0,annealing_T=100_h=5,present,present,7.2,163.0,annealing_T=100_h=5,20260610-203538,phase_detection,before_annealing,20260513-032137,20260610-203538,0.6466065264130066
94,1087.7,909.78,77.1296,1.22515,20.0,58.3,7.0,annealing_T=100_h=5,present,present,7.2,163.0,annealing_T=100_h=5,20260610-203538,phase_detection,before_annealing,20260513-032137,20260610-203538,0.6466065264130066
95,1088.18,522.54,63.3216,0.533108,20.0,52.3,1.0,annealing_T=100_h=5,present,present,13.76,595.0,annealing_T=100_h=5,20260610-203538,phase_detection,annealing_T=75_h=5,20260520-085312,20260610-203538,0.6296824596571614
95,1088.18,522.54,237.115,0.677977,20.0,53.3,2.0,annealing_T=100_h=5,present,present,13.76,595.0,annealing_T=100_h=5,20260610-203538,phase_detection,annealing_T=75_h=5,20260520-085312,20260610-203538,0.6296824596571614
95,1088.18,522.54,576.32,0.822217,20.0,54.3,3.0,annealing_T=100_h=5,present,present,13.76,595.0,annealing_T=100_h=5,20260610-203538,phase_detection,annealing_T=75_h=5,20260520-085312,20260610-203538,0.6296824596571614
95,1088.18,522.54,1130.99,1.24179,20.0,55.3,4.0,annealing_T=100_h=5,present,present,13.76,595.0,annealing_T=100_h=5,20260610-203538,phase_detection,annealing_T=75_h=5,20260520-085312,20260610-203538,0.6296824596571614
95,1088.18,522.54,1965.8,2.0438,20.0,56.3,5.0,annealing_T=100_h=5,present,present,13.76,595.0,annealing_T=100_h=5,20260610-203538,phase_detection,annealing_T=75_h=5,20260520-085312,20260610-203538,0.6296824596571614
95,1088.18,522.54,4819.5,5.00368,20.0,58.3,7.0,annealing_T=100_h=5,present,present,13.76,595.0,annealing_T=100_h=5,20260610-203538,phase_detection,annealing_T=75_h=5,20260520-085312,20260610-203538,0.6296824596571614
96,1088.66,687.13,5.59921,0.296153,20.0,52.3,1.0,annealing_T=100_h=5,present,present,7.16,161.0,annealing_T=100_h=5,20260610-203538,phase_detection,annealing_T=75_h=5,20260520-085312,20260610-203538,0.6862215385719291
96,1088.66,687.13,16.5994,0.159916,20.0,53.3,2.0,annealing_T=100_h=5,present,present,7.16,161.0,annealing_T=100_h=5,20260610-203538,phase_detection,annealing_T=75_h=5,20260520-085312,20260610-203538,0.6862215385719291
96,1088.66,687.13,30.098,0.339866,20.0,54.3,3.0,annealing_T=100_h=5,present,present,7.16,161.0,annealing_T=100_h=5,20260610-203538,phase_detection,annealing_T=75_h=5,20260520-085312,20260610-203538,0.6862215385719291
96,1088.66,687.13,57.1718,0.439552,20.0,55.3,4.0,annealing_T=100_h=5,present,present,7.16,161.0,annealing_T=100_h=5,20260610-203538,phase_detection,annealing_T=75_h=5,20260520-085312,20260610-203538,0.6862215385719291
96,1088.66,687.13,95.6701,0.533758,20.0,56.3,5.0,annealing_T=100_h=5,present,present,7.16,161.0,annealing_T=100_h=5,20260610-203538,phase_detection,annealing_T=75_h=5,20260520-085312,20260610-203538,0.6862215385719291
96,1088.66,687.13,190.06,0.689732,20.0,58.3,7.0,annealing_T=100_h=5,present,present,7.16,161.0,annealing_T=100_h=5,20260610-203538,phase_detection,annealing_T=75_h=5,20260520-085312,20260610-203538,0.6862215385719291
97,1123.59,534.09,-1.02812,0.417839,20.0,52.3,1.0,annealing_T=100_h=5,absent,absent,4.72,70.0,annealing_T=75_h=5,20260520-085312,previous_detection,annealing_T=75_h=5,20260520-085312,20260610-203538,0.7808969202141668
97,1123.59,534.09,1.5557,0.412355,20.0,53.3,2.0,annealing_T=100_h=5,absent,absent,4.72,70.0,annealing_T=75_h=5,20260520-085312,previous_detection,annealing_T=75_h=5,20260520-085312,20260610-203538,0.7808969202141668
97,1123.59,534.09,2.97564,0.445042,20.0,54.3,3.0,annealing_T=100_h=5,absent,absent,4.72,70.0,annealing_T=75_h=5,20260520-085312,previous_detection,annealing_T=75_h=5,20260520-085312,20260610-203538,0.7808969202141668
97,1123.59,534.09,7.09867,0.593554,20.0,55.3,4.0,annealing_T=100_h=5,absent,absent,4.72,70.0,annealing_T=75_h=5,20260520-085312,previous_detection,annealing_T=75_h=5,20260520-085312,20260610-203538,0.7808969202141668
97,1123.59,534.09,7.16623,0.624239,20.0,56.3,5.0,annealing_T=100_h=5,absent,absent,4.72,70.0,annealing_T=75_h=5,20260520-085312,previous_detection,annealing_T=75_h=5,20260520-085312,20260610-203538,0.7808969202141668
97,1123.59,534.09,18.6517,0.797532,20.0,58.3,7.0,annealing_T=100_h=5,absent,absent,4.72,70.0,annealing_T=75_h=5,20260520-085312,previous_detection,annealing_T=75_h=5,20260520-085312,20260610-203538,0.7808969202141668
98,1148.88,428.15,3.81709,0.346139,20.0,52.3,1.0,annealing_T=100_h=5,present,present,5.94,111.0,annealing_T=100_h=5,20260610-203538,phase_detection,before_annealing,20260513-032137,20260610-203538,0.9192388155426082
98,1148.88,428.15,12.1391,0.323346,20.0,53.3,2.0,annealing_T=100_h=5,present,present,5.94,111.0,annealing_T=100_h=5,20260610-203538,phase_detection,before_annealing,20260513-032137,20260610-203538,0.9192388155426082
98,1148.88,428.15,22.0224,0.451943,20.0,54.3,3.0,annealing_T=100_h=5,present,present,5.94,111.0,annealing_T=100_h=5,20260610-203538,phase_detection,before_annealing,20260513-032137,20260610-203538,0.9192388155426082
98,1148.88,428.15,30.1052,0.378497,20.0,55.3,4.0,annealing_T=100_h=5,present,present,5.94,111.0,annealing_T=100_h=5,20260610-203538,phase_detection,before_annealing,20260513-032137,20260610-203538,0.9192388155426082
98,1148.88,428.15,40.6938,0.508981,20.0,56.3,5.0,annealing_T=100_h=5,present,present,5.94,111.0,annealing_T=100_h=5,20260610-203538,phase_detection,before_annealing,20260513-032137,20260610-203538,0.9192388155426082
98,1148.88,428.15,59.9048,0.760544,20.0,58.3,7.0,annealing_T=100_h=5,present,present,5.94,111.0,annealing_T=100_h=5,20260610-203538,phase_detection,before_annealing,20260513-032137,20260610-203538,0.9192388155426082
99,1169.25,239.42,255.089,0.8378,20.0,52.3,1.0,annealing_T=100_h=5,present,present,15.56,761.0,annealing_T=100_h=5,20260610-203538,phase_detection,annealing_T=150_h=5,20260908-043207,20260610-203538,0.4580392996239444
99,1169.25,239.42,745.62,0.827347,20.0,53.3,2.0,annealing_T=100_h=5,present,present,15.56,761.0,annealing_T=100_h=5,20260610-203538,phase_detection,annealing_T=150_h=5,20260908-043207,20260610-203538,0.4580392996239444
99,1169.25,239.42,1425.85,1.30313,20.0,54.3,3.0,annealing_T=100_h=5,present,present,15.56,761.0,annealing_T=100_h=5,20260610-203538,phase_detection,annealing_T=150_h=5,20260908-043207,20260610-203538,0.4580392996239444
99,1169.25,239.42,2269.51,1.79003,20.0,55.3,4.0,annealing_T=100_h=5,present,present,15.56,761.0,annealing_T=100_h=5,20260610-203538,phase_detection,annealing_T=150_h=5,20260908-043207,20260610-203538,0.4580392996239444
99,1169.25,239.42,3223.01,2.50663,20.0,56.3,5.0,annealing_T=100_h=5,present,present,15.56,761.0,annealing_T=100_h=5,20260610-203538,phase_detection,annealing_T=150_h=5,20260908-043207,20260610-203538,0.4580392996239444
99,1169.25,239.42,5723.71,5.02255,20.0,58.3,7.0,annealing_T=100_h=5,present,present,15.56,761.0,annealing_T=100_h=5,20260610-203538,phase_detection,annealing_T=150_h=5,20260908-043207,20260610-203538,0.4580392996239444
100,1170.95,912.27,0.336764,0.09312,20.0,52.3,1.0,annealing_T=100_h=5,absent,disappeared,4.15,54.0,annealing_T=75_h=25,20260530-001924,previous_detection,before_annealing,20260513-032137,20260610-203538,0.8602325267042759
100,1170.95,912.27,-0.495264,0.262269,20.0,53.3,2.0,annealing_T=100_h=5,absent,disappeared,4.15,54.0,annealing_T=75_h=25,20260530-001924,previous_detection,before_annealing,20260513-032137,20260610-203538,0.8602325267042759
100,1170.95,912.27,3.36311,0.236355,20.0,54.3,3.0,annealing_T=100_h=5,absent,disappeared,4.15,54.0,annealing_T=75_h=25,20260530-001924,previous_detection,before_annealing,20260513-032137,20260610-203538,0.8602325267042759
100,1170.95,912.27,3.4361,0.302535,20.0,55.3,4.0,annealing_T=100_h=5,absent,disappeared,4.15,54.0,annealing_T=75_h=25,20260530-001924,previous_detection,before_annealing,20260513-032137,20260610-203538,0.8602325267042759
100,1170.95,912.27,4.81736,0.320506,20.0,56.3,5.0,annealing_T=100_h=5,absent,disappeared,4.15,54.0,annealing_T=75_h=25,20260530-001924,previous_detection,before_annealing,20260513-032137,20260610-203538,0.8602325267042759
100,1170.95,912.27,5.1996,0.151154,20.0,58.3,7.0,annealing_T=100_h=5,absent,disappeared,4.15,54.0,annealing_T=75_h=25,20260530-001924,previous_detection,before_annealing,20260513-032137,20260610-203538,0.8602325267042759
101,1176.04,929.22,1.6384,0.270581,20.0,52.3,1.0,annealing_T=100_h=5,present,present,6.33,126.0,annealing_T=100_h=5,20260610-203538,phase_detection,before_annealing,20260513-032137,20260610-203538,1.0602358228243898
101,1176.04,929.22,6.47829,0.382514,20.0,53.3,2.0,annealing_T=100_h=5,present,present,6.33,126.0,annealing_T=100_h=5,20260610-203538,phase_detection,before_annealing,20260513-032137,20260610-203538,1.0602358228243898
101,1176.04,929.22,14.2479,0.180248,20.0,54.3,3.0,annealing_T=100_h=5,present,present,6.33,126.0,annealing_T=100_h=5,20260610-203538,phase_detection,before_annealing,20260513-032137,20260610-203538,1.0602358228243898
101,1176.04,929.22,16.2013,0.234129,20.0,55.3,4.0,annealing_T=100_h=5,present,present,6.33,126.0,annealing_T=100_h=5,20260610-203538,phase_detection,before_annealing,20260513-032137,20260610-203538,1.0602358228243898
101,1176.04,929.22,33.4086,0.47607,20.0,56.3,5.0,annealing_T=100_h=5,present,present,6.33,126.0,annealing_T=100_h=5,20260610-203538,phase_detection,before_annealing,20260513-032137,20260610-203538,1.0602358228243898
101,1176.04,929.22,67.3303,0.460676,20.0,58.3,7.0,annealing_T=100_h=5,present,present,6.33,126.0,annealing_T=100_h=5,20260610-203538,phase_detection,before_annealing,20260513-032137,20260610-203538,1.0602358228243898
102,1180.01,592.86,-0.832365,0.169222,20.0,52.3,1.0,annealing_T=100_h=5,absent,disappeared,5.29,88.0,annealing_T=75_h=25,20260530-001924,previous_detection,annealing_T=75_h=25,20260530-001924,20260610-203538,0.9548298277703904
102,1180.01,592.86,-1.02766,0.264352,20.0,53.3,2.0,annealing_T=100_h=5,absent,disappeared,5.29,88.0,annealing_T=75_h=25,20260530-001924,previous_detection,annealing_T=75_h=25,20260530-001924,20260610-203538,0.9548298277703904
102,1180.01,592.86,1.10418,0.18655,20.0,54.3,3.0,annealing_T=100_h=5,absent,disappeared,5.29,88.0,annealing_T=75_h=25,20260530-001924,previous_detection,annealing_T=75_h=25,20260530-001924,20260610-203538,0.9548298277703904
102,1180.01,592.86,4.36691,0.186856,20.0,55.3,4.0,annealing_T=100_h=5,absent,disappeared,5.29,88.0,annealing_T=75_h=25,20260530-001924,previous_detection,annealing_T=75_h=25,20260530-001924,20260610-203538,0.9548298277703904
102,1180.01,592.86,6.15922,0.287647,20.0,56.3,5.0,annealing_T=100_h=5,absent,disappeared,5.29,88.0,annealing_T=75_h=25,20260530-001924,previous_detection,annealing_T=75_h=25,20260530-001924,20260610-203538,0.9548298277703904
102,1180.01,592.86,10.4263,0.277057,20.0,58.3,7.0,annealing_T=100_h=5,absent,disappeared,5.29,88.0,annealing_T=75_h=25,20260530-001924,previous_detection,annealing_T=75_h=25,20260530-001924,20260610-203538,0.9548298277703904
103,1188.36,154.04,-0.225348,0.0763998,20.0,52.3,1.0,annealing_T=100_h=5,present,present,3.7,43.0,annealing_T=100_h=5,20260610-203538,phase_detection,annealing_T=125_h=25,20260827-053720,20260610-203538,1.0796758772891768
103,1188.36,154.04,2.43761,0.0696891,20.0,53.3,2.0,annealing_T=100_h=5,present,present,3.7,43.0,annealing_T=100_h=5,20260610-203538,phase_detection,annealing_T=125_h=25,20260827-053720,20260610-203538,1.0796758772891768
103,1188.36,154.04,4.41485,0.0752302,20.0,54.3,3.0,annealing_T=100_h=5,present,present,3.7,43.0,annealing_T=100_h=5,20260610-203538,phase_detection,annealing_T=125_h=25,20260827-053720,20260610-203538,1.0796758772891768
103,1188.36,154.04,6.66599,0.0770584,20.0,55.3,4.0,annealing_T=100_h=5,present,present,3.7,43.0,annealing_T=100_h=5,20260610-203538,phase_detection,annealing_T=125_h=25,20260827-053720,20260610-203538,1.0796758772891768
103,1188.36,154.04,11.9447,0.133453,20.0,56.3,5.0,annealing_T=100_h=5,present,present,3.7,43.0,annealing_T=100_h=5,20260610-203538,phase_detection,annealing_T=125_h=25,20260827-053720,20260610-203538,1.0796758772891768
103,1188.36,154.04,21.779,0.121387,20.0,58.3,7.0,annealing_T=100_h=5,present,present,3.7,43.0,annealing_T=100_h=5,20260610-203538,phase_detection,annealing_T=125_h=25,20260827-053720,20260610-203538,1.0796758772891768
104,1221.98,784.65,7.6455,0.198031,20.0,52.3,1.0,annealing_T=100_h=5,present,present,6.82,146.0,annealing_T=100_h=5,20260610-203538,phase_detection,annealing_T=75_h=5,20260520-085312,20260610-203538,1.0604244433244367
104,1221.98,784.65,25.0849,0.434379,20.0,53.3,2.0,annealing_T=100_h=5,present,present,6.82,146.0,annealing_T=100_h=5,20260610-203538,phase_detection,annealing_T=75_h=5,20260520-085312,20260610-203538,1.0604244433244367
104,1221.98,784.65,37.6313,0.358921,20.0,54.3,3.0,annealing_T=100_h=5,present,present,6.82,146.0,annealing_T=100_h=5,20260610-203538,phase_detection,annealing_T=75_h=5,20260520-085312,20260610-203538,1.0604244433244367
104,1221.98,784.65,59.9783,0.271598,20.0,55.3,4.0,annealing_T=100_h=5,present,present,6.82,146.0,annealing_T=100_h=5,20260610-203538,phase_detection,annealing_T=75_h=5,20260520-085312,20260610-203538,1.0604244433244367
104,1221.98,784.65,77.6228,0.438241,20.0,56.3,5.0,annealing_T=100_h=5,present,present,6.82,146.0,annealing_T=100_h=5,20260610-203538,phase_detection,annealing_T=75_h=5,20260520-085312,20260610-203538,1.0604244433244367
104,1221.98,784.65,121.087,0.674746,20.0,58.3,7.0,annealing_T=100_h=5,present,present,6.82,146.0,annealing_T=100_h=5,20260610-203538,phase_detection,annealing_T=75_h=5,20260520-085312,20260610-203538,1.0604244433244367
105,1227.34,668.78,11.9624,0.331212,20.0,52.3,1.0,annealing_T=100_h=5,present,present,9.76,299.0,annealing_T=100_h=5,20260610-203538,phase_detection,annealing_T=100_h=5,20260610-203538,20260610-203538,1.5453802121161297
105,1227.34,668.78,67.0268,0.397847,20.0,53.3,2.0,annealing_T=100_h=5,present,present,9.76,299.0,annealing_T=100_h=5,20260610-203538,phase_detection,annealing_T=100_h=5,20260610-203538,20260610-203538,1.5453802121161297
105,1227.34,668.78,117.886,0.538634,20.0,54.3,3.0,annealing_T=100_h=5,present,present,9.76,299.0,annealing_T=100_h=5,20260610-203538,phase_detection,annealing_T=100_h=5,20260610-203538,20260610-203538,1.5453802121161297
105,1227.34,668.78,126.49,0.726199,20.0,55.3,4.0,annealing_T=100_h=5,present,present,9.76,299.0,annealing_T=100_h=5,20260610-203538,phase_detection,annealing_T=100_h=5,20260610-203538,20260610-203538,1.5453802121161297
105,1227.34,668.78,290.146,0.802212,20.0,56.3,5.0,annealing_T=100_h=5,present,present,9.76,299.0,annealing_T=100_h=5,20260610-203538,phase_detection,annealing_T=100_h=5,20260610-203538,20260610-203538,1.5453802121161297
105,1227.34,668.78,498.931,1.02424,20.0,58.3,7.0,annealing_T=100_h=5,present,present,9.76,299.0,annealing_T=100_h=5,20260610-203538,phase_detection,annealing_T=100_h=5,20260610-203538,20260610-203538,1.5453802121161297
106,1241.3,153.74,1.68236,0.348372,20.0,52.3,1.0,annealing_T=100_h=5,present,present,5.67,101.0,annealing_T=100_h=5,20260610-203538,phase_detection,annealing_T=75_h=5,20260520-085312,20260610-203538,0.8080841540334844
106,1241.3,153.74,3.55289,0.30672,20.0,53.3,2.0,annealing_T=100_h=5,present,present,5.67,101.0,annealing_T=100_h=5,20260610-203538,phase_detection,annealing_T=75_h=5,20260520-085312,20260610-203538,0.8080841540334844
106,1241.3,153.74,10.5896,0.33027,20.0,54.3,3.0,annealing_T=100_h=5,present,present,5.67,101.0,annealing_T=100_h=5,20260610-203538,phase_detection,annealing_T=75_h=5,20260520-085312,20260610-203538,0.8080841540334844
106,1241.3,153.74,21.3166,0.459661,20.0,55.3,4.0,annealing_T=100_h=5,present,present,5.67,101.0,annealing_T=100_h=5,20260610-203538,phase_detection,annealing_T=75_h=5,20260520-085312,20260610-203538,0.8080841540334844
106,1241.3,153.74,30.3811,0.431028,20.0,56.3,5.0,annealing_T=100_h=5,present,present,5.67,101.0,annealing_T=100_h=5,20260610-203538,phase_detection,annealing_T=75_h=5,20260520-085312,20260610-203538,0.8080841540334844
106,1241.3,153.74,56.6618,0.529696,20.0,58.3,7.0,annealing_T=100_h=5,present,present,5.67,101.0,annealing_T=100_h=5,20260610-203538,phase_detection,annealing_T=75_h=5,20260520-085312,20260610-203538,0.8080841540334844
107,1244.26,483.63,15.8284,0.303171,20.0,52.3,1.0,annealing_T=100_h=5,present,present,8.76,241.0,annealing_T=100_h=5,20260610-203538,phase_detection,annealing_T=100_h=25,20260625-095817,20260610-203538,0.8049844718999548
107,1244.26,483.63,62.973,0.289982,20.0,53.3,2.0,annealing_T=100_h=5,present,present,8.76,241.0,annealing_T=100_h=5,20260610-203538,phase_detection,annealing_T=100_h=25,20260625-095817,20260610-203538,0.8049844718999548
107,1244.26,483.63,153.943,0.352693,20.0,54.3,3.0,annealing_T=100_h=5,present,present,8.76,241.0,annealing_T=100_h=5,20260610-203538,phase_detection,annealing_T=100_h=25,20260625-095817,20260610-203538,0.8049844718999548
107,1244.26,483.63,175.212,0.517912,20.0,55.3,4.0,annealing_T=100_h=5,present,present,8.76,241.0,annealing_T=100_h=5,20260610-203538,phase_detection,annealing_T=100_h=25,20260625-095817,20260610-203538,0.8049844718999548
107,1244.26,483.63,194.536,0.491008,20.0,56.3,5.0,annealing_T=100_h=5,present,present,8.76,241.0,annealing_T=100_h=5,20260610-203538,phase_detection,annealing_T=100_h=25,20260625-095817,20260610-203538,0.8049844718999548
107,1244.26,483.63,321.196,0.877506,20.0,58.3,7.0,annealing_T=100_h=5,present,present,8.76,241.0,annealing_T=100_h=5,20260610-203538,phase_detection,annealing_T=100_h=25,20260625-095817,20260610-203538,0.8049844718999548
108,1254.73,232.93,0.348178,0.0788315,20.0,52.3,1.0,annealing_T=100_h=5,absent,absent,5.05,80.0,before_annealing,20260513-032137,previous_detection,before_annealing,20260513-032137,20260610-203538,0.0
108,1254.73,232.93,2.71333,0.0912933,20.0,53.3,2.0,annealing_T=100_h=5,absent,absent,5.05,80.0,before_annealing,20260513-032137,previous_detection,before_annealing,20260513-032137,20260610-203538,0.0
108,1254.73,232.93,1.17165,0.0897327,20.0,54.3,3.0,annealing_T=100_h=5,absent,absent,5.05,80.0,before_annealing,20260513-032137,previous_detection,before_annealing,20260513-032137,20260610-203538,0.0
108,1254.73,232.93,1.61687,0.104929,20.0,55.3,4.0,annealing_T=100_h=5,absent,absent,5.05,80.0,before_annealing,20260513-032137,previous_detection,before_annealing,20260513-032137,20260610-203538,0.0
108,1254.73,232.93,5.10226,0.112498,20.0,56.3,5.0,annealing_T=100_h=5,absent,absent,5.05,80.0,before_annealing,20260513-032137,previous_detection,before_annealing,20260513-032137,20260610-203538,0.0
108,1254.73,232.93,6.5347,0.112485,20.0,58.3,7.0,annealing_T=100_h=5,absent,absent,5.05,80.0,before_annealing,20260513-032137,previous_detection,before_annealing,20260513-032137,20260610-203538,0.0
109,1254.67,595.41,0.982381,0.270027,20.0,52.3,1.0,annealing_T=100_h=5,present,reappeared,5.47,94.0,annealing_T=100_h=5,20260610-203538,phase_detection,before_annealing,20260513-032137,20260610-203538,0.5346026561850237
109,1254.67,595.41,5.24515,0.337835,20.0,53.3,2.0,annealing_T=100_h=5,present,reappeared,5.47,94.0,annealing_T=100_h=5,20260610-203538,phase_detection,before_annealing,20260513-032137,20260610-203538,0.5346026561850237
109,1254.67,595.41,11.0894,0.326184,20.0,54.3,3.0,annealing_T=100_h=5,present,reappeared,5.47,94.0,annealing_T=100_h=5,20260610-203538,phase_detection,before_annealing,20260513-032137,20260610-203538,0.5346026561850237
109,1254.67,595.41,19.9716,0.38131,20.0,55.3,4.0,annealing_T=100_h=5,present,reappeared,5.47,94.0,annealing_T=100_h=5,20260610-203538,phase_detection,before_annealing,20260513-032137,20260610-203538,0.5346026561850237
109,1254.67,595.41,38.7094,0.389968,20.0,56.3,5.0,annealing_T=100_h=5,present,reappeared,5.47,94.0,annealing_T=100_h=5,20260610-203538,phase_detection,before_annealing,20260513-032137,20260610-203538,0.5346026561850237
109,1254.67,595.41,82.3321,0.70729,20.0,58.3,7.0,annealing_T=100_h=5,present,reappeared,5.47,94.0,annealing_T=100_h=5,20260610-203538,phase_detection,before_annealing,20260513-032137,20260610-203538,0.5346026561850237
110,1260.59,1073.54,0.96356,0.278629,20.0,52.3,1.0,annealing_T=100_h=5,present,present,5.47,94.0,annealing_T=100_h=5,20260610-203538,phase_detection,annealing_T=75_h=25,20260530-001924,20260610-203538,1.642589419179509
110,1260.59,1073.54,6.01263,0.347911,20.0,53.3,2.0,annealing_T=100_h=5,present,present,5.47,94.0,annealing_T=100_h=5,20260610-203538,phase_detection,annealing_T=75_h=25,20260530-001924,20260610-203538,1.642589419179509
110,1260.59,1073.54,11.9853,0.325677,20.0,54.3,3.0,annealing_T=100_h=5,present,present,5.47,94.0,annealing_T=100_h=5,20260610-203538,phase_detection,annealing_T=75_h=25,20260530-001924,20260610-203538,1.642589419179509
110,1260.59,1073.54,15.172,0.524637,20.0,55.3,4.0,annealing_T=100_h=5,present,present,5.47,94.0,annealing_T=100_h=5,20260610-203538,phase_detection,annealing_T=75_h=25,20260530-001924,20260610-203538,1.642589419179509
110,1260.59,1073.54,21.6829,0.587426,20.0,56.3,5.0,annealing_T=100_h=5,present,present,5.47,94.0,annealing_T=100_h=5,20260610-203538,phase_detection,annealing_T=75_h=25,20260530-001924,20260610-203538,1.642589419179509
110,1260.59,1073.54,29.5413,0.545389,20.0,58.3,7.0,annealing_T=100_h=5,present,present,5.47,94.0,annealing_T=100_h=5,20260610-203538,phase_detection,annealing_T=75_h=25,20260530-001924,20260610-203538,1.642589419179509
111,1265.64,412.12,3.54715,0.217141,20.0,52.3,1.0,annealing_T=100_h=5,absent,disappeared,4.92,76.0,annealing_T=75_h=25,20260530-001924,previous_detection,before_annealing,20260513-032137,20260610-203538,1.6414627622944866
111,1265.64,412.12,5.47578,0.197193,20.0,53.3,2.0,annealing_T=100_h=5,absent,disappeared,4.92,76.0,annealing_T=75_h=25,20260530-001924,previous_detection,before_annealing,20260513-032137,20260610-203538,1.6414627622944866
111,1265.64,412.12,9.49318,0.17851,20.0,54.3,3.0,annealing_T=100_h=5,absent,disappeared,4.92,76.0,annealing_T=75_h=25,20260530-001924,previous_detection,before_annealing,20260513-032137,20260610-203538,1.6414627622944866
111,1265.64,412.12,11.3888,0.255457,20.0,55.3,4.0,annealing_T=100_h=5,absent,disappeared,4.92,76.0,annealing_T=75_h=25,20260530-001924,previous_detection,before_annealing,20260513-032137,20260610-203538,1.6414627622944866
111,1265.64,412.12,12.7191,0.340344,20.0,56.3,5.0,annealing_T=100_h=5,absent,disappeared,4.92,76.0,annealing_T=75_h=25,20260530-001924,previous_detection,before_annealing,20260513-032137,20260610-203538,1.6414627622944866
111,1265.64,412.12,23.7347,0.384893,20.0,58.3,7.0,annealing_T=100_h=5,absent,disappeared,4.92,76.0,annealing_T=75_h=25,20260530-001924,previous_detection,before_annealing,20260513-032137,20260610-203538,1.6414627622944866
112,1267.69,788.35,28.1718,0.415426,20.0,52.3,1.0,annealing_T=100_h=5,present,present,14.69,678.0,annealing_T=100_h=5,20260610-203538,phase_detection,annealing_T=75_h=5,20260520-085312,20260610-203538,0.6463745044476726
112,1267.69,788.35,117.629,0.559957,20.0,53.3,2.0,annealing_T=100_h=5,present,present,14.69,678.0,annealing_T=100_h=5,20260610-203538,phase_detection,annealing_T=75_h=5,20260520-085312,20260610-203538,0.6463745044476726
112,1267.69,788.35,262.568,0.653521,20.0,54.3,3.0,annealing_T=100_h=5,present,present,14.69,678.0,annealing_T=100_h=5,20260610-203538,phase_detection,annealing_T=75_h=5,20260520-085312,20260610-203538,0.6463745044476726
112,1267.69,788.35,485.584,0.76309,20.0,55.3,4.0,annealing_T=100_h=5,present,present,14.69,678.0,annealing_T=100_h=5,20260610-203538,phase_detection,annealing_T=75_h=5,20260520-085312,20260610-203538,0.6463745044476726
112,1267.69,788.35,731.86,1.1476,20.0,56.3,5.0,annealing_T=100_h=5,present,present,14.69,678.0,annealing_T=100_h=5,20260610-203538,phase_detection,annealing_T=75_h=5,20260520-085312,20260610-203538,0.6463745044476726
112,1267.69,788.35,1543.16,2.50497,20.0,58.3,7.0,annealing_T=100_h=5,present,present,14.69,678.0,annealing_T=100_h=5,20260610-203538,phase_detection,annealing_T=75_h=5,20260520-085312,20260610-203538,0.6463745044476726
113,1287.41,874.41,6.17667,0.215619,20.0,52.3,1.0,annealing_T=100_h=5,present,present,5.64,100.0,annealing_T=100_h=5,20260610-203538,phase_detection,annealing_T=75_h=25,20260530-001924,20260610-203538,0.6332456079594329
113,1287.41,874.41,11.6507,0.233915,20.0,53.3,2.0,annealing_T=100_h=5,present,present,5.64,100.0,annealing_T=100_h=5,20260610-203538,phase_detection,annealing_T=75_h=25,20260530-001924,20260610-203538,0.6332456079594329
113,1287.41,874.41,19.4352,0.135675,20.0,54.3,3.0,annealing_T=100_h=5,present,present,5.64,100.0,annealing_T=100_h=5,20260610-203538,phase_detection,annealing_T=75_h=25,20260530-001924,20260610-203538,0.6332456079594329
113,1287.41,874.41,28.3427,0.343895,20.0,55.3,4.0,annealing_T=100_h=5,present,present,5.64,100.0,annealing_T=100_h=5,20260610-203538,phase_detection,annealing_T=75_h=25,20260530-001924,20260610-203538,0.6332456079594329
113,1287.41,874.41,37.1519,0.379408,20.0,56.3,5.0,annealing_T=100_h=5,present,present,5.64,100.0,annealing_T=100_h=5,20260610-203538,phase_detection,annealing_T=75_h=25,20260530-001924,20260610-203538,0.6332456079594329
113,1287.41,874.41,58.0613,0.363428,20.0,58.3,7.0,annealing_T=100_h=5,present,present,5.64,100.0,annealing_T=100_h=5,20260610-203538,phase_detection,annealing_T=75_h=25,20260530-001924,20260610-203538,0.6332456079594329
114,1292.65,320.72,0.263908,0.346086,20.0,52.3,1.0,annealing_T=100_h=5,present,present,6.26,123.0,annealing_T=100_h=5,20260610-203538,phase_detection,annealing_T=75_h=25,20260530-001924,20260610-203538,0.04472135954995512
114,1292.65,320.72,9.66445,0.394259,20.0,53.3,2.0,annealing_T=100_h=5,present,present,6.26,123.0,annealing_T=100_h=5,20260610-203538,phase_detection,annealing_T=75_h=25,20260530-001924,20260610-203538,0.04472135954995512
114,1292.65,320.72,23.267,0.420613,20.0,54.3,3.0,annealing_T=100_h=5,present,present,6.26,123.0,annealing_T=100_h=5,20260610-203538,phase_detection,annealing_T=75_h=25,20260530-001924,20260610-203538,0.04472135954995512
114,1292.65,320.72,37.9702,0.46559,20.0,55.3,4.0,annealing_T=100_h=5,present,present,6.26,123.0,annealing_T=100_h=5,20260610-203538,phase_detection,annealing_T=75_h=25,20260530-001924,20260610-203538,0.04472135954995512
114,1292.65,320.72,57.3755,0.37981,20.0,56.3,5.0,annealing_T=100_h=5,present,present,6.26,123.0,annealing_T=100_h=5,20260610-203538,phase_detection,annealing_T=75_h=25,20260530-001924,20260610-203538,0.04472135954995512
114,1292.65,320.72,123.013,0.613492,20.0,58.3,7.0,annealing_T=100_h=5,present,present,6.26,123.0,annealing_T=100_h=5,20260610-203538,phase_detection,annealing_T=75_h=25,20260530-001924,20260610-203538,0.04472135954995512
115,1320.45,73.44,1.20262,0.21641,20.0,52.3,1.0,annealing_T=100_h=5,present,present,5.2,85.0,annealing_T=100_h=5,20260610-203538,phase_detection,before_annealing,20260513-032137,20260610-203538,0.9953893710503008
115,1320.45,73.44,5.60034,0.279746,20.0,53.3,2.0,annealing_T=100_h=5,present,present,5.2,85.0,annealing_T=100_h=5,20260610-203538,phase_detection,before_annealing,20260513-032137,20260610-203538,0.9953893710503008
115,1320.45,73.44,6.30313,0.466596,20.0,54.3,3.0,annealing_T=100_h=5,present,present,5.2,85.0,annealing_T=100_h=5,20260610-203538,phase_detection,before_annealing,20260513-032137,20260610-203538,0.9953893710503008
115,1320.45,73.44,9.65078,0.411793,20.0,55.3,4.0,annealing_T=100_h=5,present,present,5.2,85.0,annealing_T=100_h=5,20260610-203538,phase_detection,before_annealing,20260513-032137,20260610-203538,0.9953893710503008
115,1320.45,73.44,23.7743,0.412098,20.0,56.3,5.0,annealing_T=100_h=5,present,present,5.2,85.0,annealing_T=100_h=5,20260610-203538,phase_detection,before_annealing,20260513-032137,20260610-203538,0.9953893710503008
115,1320.45,73.44,42.6265,0.553352,20.0,58.3,7.0,annealing_T=100_h=5,present,present,5.2,85.0,annealing_T=100_h=5,20260610-203538,phase_detection,before_annealing,20260513-032137,20260610-203538,0.9953893710503008
116,1321.97,528.49,0.231549,0.410294,20.0,52.3,1.0,annealing_T=100_h=5,absent,disappeared,5.08,81.0,annealing_T=75_h=25,20260530-001924,previous_detection,annealing_T=75_h=25,20260530-001924,20260610-203538,1.6423458831805209
116,1321.97,528.49,-2.66761,0.31023,20.0,53.3,2.0,annealing_T=100_h=5,absent,disappeared,5.08,81.0,annealing_T=75_h=25,20260530-001924,previous_detection,annealing_T=75_h=25,20260530-001924,20260610-203538,1.6423458831805209
116,1321.97,528.49,-0.00872469,0.319239,20.0,54.3,3.0,annealing_T=100_h=5,absent,disappeared,5.08,81.0,annealing_T=75_h=25,20260530-001924,previous_detection,annealing_T=75_h=25,20260530-001924,20260610-203538,1.6423458831805209
116,1321.97,528.49,1.8135,0.347632,20.0,55.3,4.0,annealing_T=100_h=5,absent,disappeared,5.08,81.0,annealing_T=75_h=25,20260530-001924,previous_detection,annealing_T=75_h=25,20260530-001924,20260610-203538,1.6423458831805209
116,1321.97,528.49,2.48604,0.365599,20.0,56.3,5.0,annealing_T=100_h=5,absent,disappeared,5.08,81.0,annealing_T=75_h=25,20260530-001924,previous_detection,annealing_T=75_h=25,20260530-001924,20260610-203538,1.6423458831805209
116,1321.97,528.49,5.41078,0.692857,20.0,58.3,7.0,annealing_T=100_h=5,absent,disappeared,5.08,81.0,annealing_T=75_h=25,20260530-001924,previous_detection,annealing_T=75_h=25,20260530-001924,20260610-203538,1.6423458831805209
117,1336.62,625.98,1.33418,0.578256,20.0,52.3,1.0,annealing_T=100_h=5,present,present,8.65,235.0,annealing_T=100_h=5,20260610-203538,phase_detection,before_annealing,20260513-032137,20260610-203538,0.7844743462982129
117,1336.62,625.98,2.22885,0.55124,20.0,53.3,2.0,annealing_T=100_h=5,present,present,8.65,235.0,annealing_T=100_h=5,20260610-203538,phase_detection,before_annealing,20260513-032137,20260610-203538,0.7844743462982129
117,1336.62,625.98,12.9025,0.616691,20.0,54.3,3.0,annealing_T=100_h=5,present,present,8.65,235.0,annealing_T=100_h=5,20260610-203538,phase_detection,before_annealing,20260513-032137,20260610-203538,0.7844743462982129
117,1336.62,625.98,49.1108,0.647951,20.0,55.3,4.0,annealing_T=100_h=5,present,present,8.65,235.0,annealing_T=100_h=5,20260610-203538,phase_detection,before_annealing,20260513-032137,20260610-203538,0.7844743462982129
117,1336.62,625.98,132.767,0.426637,20.0,56.3,5.0,annealing_T=100_h=5,present,present,8.65,235.0,annealing_T=100_h=5,20260610-203538,phase_detection,before_annealing,20260513-032137,20260610-203538,0.7844743462982129
117,1336.62,625.98,564.868,1.38729,20.0,58.3,7.0,annealing_T=100_h=5,present,present,8.65,235.0,annealing_T=100_h=5,20260610-203538,phase_detection,before_annealing,20260513-032137,20260610-203538,0.7844743462982129
118,1343.53,1020.16,-0.0455202,0.258237,20.0,52.3,1.0,annealing_T=100_h=5,absent,disappeared,3.87,47.0,annealing_T=75_h=25,20260530-001924,previous_detection,before_annealing,20260513-032137,20260610-203538,2.2343231637343686
118,1343.53,1020.16,1.58148,0.231956,20.0,53.3,2.0,annealing_T=100_h=5,absent,disappeared,3.87,47.0,annealing_T=75_h=25,20260530-001924,previous_detection,before_annealing,20260513-032137,20260610-203538,2.2343231637343686
118,1343.53,1020.16,3.51631,0.187628,20.0,54.3,3.0,annealing_T=100_h=5,absent,disappeared,3.87,47.0,annealing_T=75_h=25,20260530-001924,previous_detection,before_annealing,20260513-032137,20260610-203538,2.2343231637343686
118,1343.53,1020.16,5.67797,0.253705,20.0,55.3,4.0,annealing_T=100_h=5,absent,disappeared,3.87,47.0,annealing_T=75_h=25,20260530-001924,previous_detection,before_annealing,20260513-032137,20260610-203538,2.2343231637343686
118,1343.53,1020.16,7.78106,0.299785,20.0,56.3,5.0,annealing_T=100_h=5,absent,disappeared,3.87,47.0,annealing_T=75_h=25,20260530-001924,previous_detection,before_annealing,20260513-032137,20260610-203538,2.2343231637343686
118,1343.53,1020.16,16.7141,0.366883,20.0,58.3,7.0,annealing_T=100_h=5,absent,disappeared,3.87,47.0,annealing_T=75_h=25,20260530-001924,previous_detection,before_annealing,20260513-032137,20260610-203538,2.2343231637343686
119,1360.71,169.37,1.16017,0.275634,20.0,52.3,1.0,annealing_T=100_h=5,absent,disappeared,7.55,179.0,annealing_T=75_h=25,20260530-001924,previous_detection,annealing_T=75_h=25,20260530-001924,20260610-203538,0.5748912940721204
119,1360.71,169.37,1.9346,0.30157,20.0,53.3,2.0,annealing_T=100_h=5,absent,disappeared,7.55,179.0,annealing_T=75_h=25,20260530-001924,previous_detection,annealing_T=75_h=25,20260530-001924,20260610-203538,0.5748912940721204
119,1360.71,169.37,1.74042,0.231663,20.0,54.3,3.0,annealing_T=100_h=5,absent,disappeared,7.55,179.0,annealing_T=75_h=25,20260530-001924,previous_detection,annealing_T=75_h=25,20260530-001924,20260610-203538,0.5748912940721204
119,1360.71,169.37,5.71308,0.392699,20.0,55.3,4.0,annealing_T=100_h=5,absent,disappeared,7.55,179.0,annealing_T=75_h=25,20260530-001924,previous_detection,annealing_T=75_h=25,20260530-001924,20260610-203538,0.5748912940721204
119,1360.71,169.37,5.37974,0.507512,20.0,56.3,5.0,annealing_T=100_h=5,absent,disappeared,7.55,179.0,annealing_T=75_h=25,20260530-001924,previous_detection,annealing_T=75_h=25,20260530-001924,20260610-203538,0.5748912940721204
119,1360.71,169.37,5.0209,0.674147,20.0,58.3,7.0,annealing_T=100_h=5,absent,disappeared,7.55,179.0,annealing_T=75_h=25,20260530-001924,previous_detection,annealing_T=75_h=25,20260530-001924,20260610-203538,0.5748912940721204
120,1369.65,629.42,2.95722,0.197712,20.0,52.3,1.0,annealing_T=100_h=5,present,present,6.48,132.0,annealing_T=100_h=5,20260610-203538,phase_detection,annealing_T=75_h=25,20260530-001924,20260610-203538,0.83630138108202
120,1369.65,629.42,8.80322,0.211628,20.0,53.3,2.0,annealing_T=100_h=5,present,present,6.48,132.0,annealing_T=100_h=5,20260610-203538,phase_detection,annealing_T=75_h=25,20260530-001924,20260610-203538,0.83630138108202
120,1369.65,629.42,15.7191,0.314919,20.0,54.3,3.0,annealing_T=100_h=5,present,present,6.48,132.0,annealing_T=100_h=5,20260610-203538,phase_detection,annealing_T=75_h=25,20260530-001924,20260610-203538,0.83630138108202
120,1369.65,629.42,30.2907,0.213235,20.0,55.3,4.0,annealing_T=100_h=5,present,present,6.48,132.0,annealing_T=100_h=5,20260610-203538,phase_detection,annealing_T=75_h=25,20260530-001924,20260610-203538,0.83630138108202
120,1369.65,629.42,49.6073,0.238143,20.0,56.3,5.0,annealing_T=100_h=5,present,present,6.48,132.0,annealing_T=100_h=5,20260610-203538,phase_detection,annealing_T=75_h=25,20260530-001924,20260610-203538,0.83630138108202
120,1369.65,629.42,112.765,0.427681,20.0,58.3,7.0,annealing_T=100_h=5,present,present,6.48,132.0,annealing_T=100_h=5,20260610-203538,phase_detection,annealing_T=75_h=25,20260530-001924,20260610-203538,0.83630138108202
121,1371.8,811.22,4.1308,0.287734,20.0,52.3,1.0,annealing_T=100_h=5,present,present,8.2,211.0,annealing_T=100_h=5,20260610-203538,phase_detection,annealing_T=75_h=5,20260520-085312,20260610-203538,0.6300793600810454
121,1371.8,811.22,22.464,0.38376,20.0,53.3,2.0,annealing_T=100_h=5,present,present,8.2,211.0,annealing_T=100_h=5,20260610-203538,phase_detection,annealing_T=75_h=5,20260520-085312,20260610-203538,0.6300793600810454
121,1371.8,811.22,46.9152,0.368374,20.0,54.3,3.0,annealing_T=100_h=5,present,present,8.2,211.0,annealing_T=100_h=5,20260610-203538,phase_detection,annealing_T=75_h=5,20260520-085312,20260610-203538,0.6300793600810454
121,1371.8,811.22,75.6847,0.272996,20.0,55.3,4.0,annealing_T=100_h=5,present,present,8.2,211.0,annealing_T=100_h=5,20260610-203538,phase_detection,annealing_T=75_h=5,20260520-085312,20260610-203538,0.6300793600810454
121,1371.8,811.22,101.936,0.475991,20.0,56.3,5.0,annealing_T=100_h=5,present,present,8.2,211.0,annealing_T=100_h=5,20260610-203538,phase_detection,annealing_T=75_h=5,20260520-085312,20260610-203538,0.6300793600810454
121,1371.8,811.22,192.486,0.806079,20.0,58.3,7.0,annealing_T=100_h=5,present,present,8.2,211.0,annealing_T=100_h=5,20260610-203538,phase_detection,annealing_T=75_h=5,20260520-085312,20260610-203538,0.6300793600810454
122,1375.33,912.46,8.86845,0.453141,20.0,52.3,1.0,annealing_T=100_h=5,present,present,7.86,194.0,annealing_T=100_h=5,20260610-203538,phase_detection,before_annealing,20260513-032137,20260610-203538,0.8280096617794432
122,1375.33,912.46,26.4866,0.555416,20.0,53.3,2.0,annealing_T=100_h=5,present,present,7.86,194.0,annealing_T=100_h=5,20260610-203538,phase_detection,before_annealing,20260513-032137,20260610-203538,0.8280096617794432
122,1375.33,912.46,56.7688,0.496698,20.0,54.3,3.0,annealing_T=100_h=5,present,present,7.86,194.0,annealing_T=100_h=5,20260610-203538,phase_detection,before_annealing,20260513-032137,20260610-203538,0.8280096617794432
122,1375.33,912.46,99.7208,0.473069,20.0,55.3,4.0,annealing_T=100_h=5,present,present,7.86,194.0,annealing_T=100_h=5,20260610-203538,phase_detection,before_annealing,20260513-032137,20260610-203538,0.8280096617794432
122,1375.33,912.46,145.192,0.531092,20.0,56.3,5.0,annealing_T=100_h=5,present,present,7.86,194.0,annealing_T=100_h=5,20260610-203538,phase_detection,before_annealing,20260513-032137,20260610-203538,0.8280096617794432
122,1375.33,912.46,294.131,0.967528,20.0,58.3,7.0,annealing_T=100_h=5,present,present,7.86,194.0,annealing_T=100_h=5,20260610-203538,phase_detection,before_annealing,20260513-032137,20260610-203538,0.8280096617794432
123,1386.93,117.31,0.151887,0.314273,20.0,52.3,1.0,annealing_T=100_h=5,present,present,6.13,118.0,annealing_T=100_h=5,20260610-203538,phase_detection,annealing_T=100_h=25,20260625-095817,20260610-203538,0.37643060449434446
123,1386.93,117.31,1.92618,0.3457,20.0,53.3,2.0,annealing_T=100_h=5,present,present,6.13,118.0,annealing_T=100_h=5,20260610-203538,phase_detection,annealing_T=100_h=25,20260625-095817,20260610-203538,0.37643060449434446
123,1386.93,117.31,8.6176,0.3194,20.0,54.3,3.0,annealing_T=100_h=5,present,present,6.13,118.0,annealing_T=100_h=5,20260610-203538,phase_detection,annealing_T=100_h=25,20260625-095817,20260610-203538,0.37643060449434446
123,1386.93,117.31,22.1243,0.582603,20.0,55.3,4.0,annealing_T=100_h=5,present,present,6.13,118.0,annealing_T=100_h=5,20260610-203538,phase_detection,annealing_T=100_h=25,20260625-095817,20260610-203538,0.37643060449434446
123,1386.93,117.31,52.2974,0.354112,20.0,56.3,5.0,annealing_T=100_h=5,present,present,6.13,118.0,annealing_T=100_h=5,20260610-203538,phase_detection,annealing_T=100_h=25,20260625-095817,20260610-203538,0.37643060449434446
123,1386.93,117.31,117.21,0.677248,20.0,58.3,7.0,annealing_T=100_h=5,present,present,6.13,118.0,annealing_T=100_h=5,20260610-203538,phase_detection,annealing_T=100_h=25,20260625-095817,20260610-203538,0.37643060449434446
124,1387.5,372.29,2.5697,0.188283,20.0,52.3,1.0,annealing_T=100_h=5,present,present,5.7,102.0,annealing_T=100_h=5,20260610-203538,phase_detection,before_annealing,20260513-032137,20260610-203538,0.08062257748291217
124,1387.5,372.29,1.41555,0.27198,20.0,53.3,2.0,annealing_T=100_h=5,present,present,5.7,102.0,annealing_T=100_h=5,20260610-203538,phase_detection,before_annealing,20260513-032137,20260610-203538,0.08062257748291217
124,1387.5,372.29,3.30329,0.425242,20.0,54.3,3.0,annealing_T=100_h=5,present,present,5.7,102.0,annealing_T=100_h=5,20260610-203538,phase_detection,before_annealing,20260513-032137,20260610-203538,0.08062257748291217
124,1387.5,372.29,6.69718,0.379862,20.0,55.3,4.0,annealing_T=100_h=5,present,present,5.7,102.0,annealing_T=100_h=5,20260610-203538,phase_detection,before_annealing,20260513-032137,20260610-203538,0.08062257748291217
124,1387.5,372.29,18.1119,0.339743,20.0,56.3,5.0,annealing_T=100_h=5,present,present,5.7,102.0,annealing_T=100_h=5,20260610-203538,phase_detection,before_annealing,20260513-032137,20260610-203538,0.08062257748291217
124,1387.5,372.29,29.3929,0.400445,20.0,58.3,7.0,annealing_T=100_h=5,present,present,5.7,102.0,annealing_T=100_h=5,20260610-203538,phase_detection,before_annealing,20260513-032137,20260610-203538,0.08062257748291217
125,1403.89,206.32,4.82688,0.248322,20.0,52.3,1.0,annealing_T=100_h=5,present,present,8.39,221.0,annealing_T=100_h=5,20260610-203538,phase_detection,before_annealing,20260513-032137,20260610-203538,0.3716180835211569
125,1403.89,206.32,27.9567,0.47982,20.0,53.3,2.0,annealing_T=100_h=5,present,present,8.39,221.0,annealing_T=100_h=5,20260610-203538,phase_detection,before_annealing,20260513-032137,20260610-203538,0.3716180835211569
125,1403.89,206.32,59.1162,0.427387,20.0,54.3,3.0,annealing_T=100_h=5,present,present,8.39,221.0,annealing_T=100_h=5,20260610-203538,phase_detection,before_annealing,20260513-032137,20260610-203538,0.3716180835211569
125,1403.89,206.32,105.475,0.61339,20.0,55.3,4.0,annealing_T=100_h=5,present,present,8.39,221.0,annealing_T=100_h=5,20260610-203538,phase_detection,before_annealing,20260513-032137,20260610-203538,0.3716180835211569
125,1403.89,206.32,170.126,0.682575,20.0,56.3,5.0,annealing_T=100_h=5,present,present,8.39,221.0,annealing_T=100_h=5,20260610-203538,phase_detection,before_annealing,20260513-032137,20260610-203538,0.3716180835211569
125,1403.89,206.32,371.233,1.11383,20.0,58.3,7.0,annealing_T=100_h=5,present,present,8.39,221.0,annealing_T=100_h=5,20260610-203538,phase_detection,before_annealing,20260513-032137,20260610-203538,0.3716180835211569
126,1424.26,352.03,3.65819,0.291745,20.0,52.3,1.0,annealing_T=100_h=5,present,present,5.94,111.0,annealing_T=100_h=5,20260610-203538,phase_detection,annealing_T=125_h=5,20260723-075232,20260610-203538,0.8438009243892112
126,1424.26,352.03,9.44414,0.395621,20.0,53.3,2.0,annealing_T=100_h=5,present,present,5.94,111.0,annealing_T=100_h=5,20260610-203538,phase_detection,annealing_T=125_h=5,20260723-075232,20260610-203538,0.8438009243892112
126,1424.26,352.03,16.5329,0.192729,20.0,54.3,3.0,annealing_T=100_h=5,present,present,5.94,111.0,annealing_T=100_h=5,20260610-203538,phase_detection,annealing_T=125_h=5,20260723-075232,20260610-203538,0.8438009243892112
126,1424.26,352.03,31.6636,0.353171,20.0,55.3,4.0,annealing_T=100_h=5,present,present,5.94,111.0,annealing_T=100_h=5,20260610-203538,phase_detection,annealing_T=125_h=5,20260723-075232,20260610-203538,0.8438009243892112
126,1424.26,352.03,42.601,0.477136,20.0,56.3,5.0,annealing_T=100_h=5,present,present,5.94,111.0,annealing_T=100_h=5,20260610-203538,phase_detection,annealing_T=125_h=5,20260723-075232,20260610-203538,0.8438009243892112
126,1424.26,352.03,82.1685,0.589122,20.0,58.3,7.0,annealing_T=100_h=5,present,present,5.94,111.0,annealing_T=100_h=5,20260610-203538,phase_detection,annealing_T=125_h=5,20260723-075232,20260610-203538,0.8438009243892112
127,1442.6,1004.45,89.4739,0.746667,20.0,52.3,1.0,annealing_T=100_h=5,present,present,13.91,608.0,annealing_T=100_h=5,20260610-203538,phase_detection,before_annealing,20260513-032137,20260610-203538,0.7169379331576264
127,1442.6,1004.45,316.467,0.840056,20.0,53.3,2.0,annealing_T=100_h=5,present,present,13.91,608.0,annealing_T=100_h=5,20260610-203538,phase_detection,before_annealing,20260513-032137,20260610-203538,0.7169379331576264
127,1442.6,1004.45,723.207,0.982102,20.0,54.3,3.0,annealing_T=100_h=5,present,present,13.91,608.0,annealing_T=100_h=5,20260610-203538,phase_detection,before_annealing,20260513-032137,20260610-203538,0.7169379331576264
127,1442.6,1004.45,1366.29,1.39707,20.0,55.3,4.0,annealing_T=100_h=5,present,present,13.91,608.0,annealing_T=100_h=5,20260610-203538,phase_detection,before_annealing,20260513-032137,20260610-203538,0.7169379331576264
127,1442.6,1004.45,2173.43,2.14237,20.0,56.3,5.0,annealing_T=100_h=5,present,present,13.91,608.0,annealing_T=100_h=5,20260610-203538,phase_detection,before_annealing,20260513-032137,20260610-203538,0.7169379331576264
127,1442.6,1004.45,4827.23,4.54984,20.0,58.3,7.0,annealing_T=100_h=5,present,present,13.91,608.0,annealing_T=100_h=5,20260610-203538,phase_detection,before_annealing,20260513-032137,20260610-203538,0.7169379331576264
128,1465.18,19.27,-0.0623486,0.413958,20.0,52.3,1.0,annealing_T=100_h=5,present,present,5.78,105.0,annealing_T=100_h=5,20260610-203538,phase_detection,annealing_T=75_h=25,20260530-001924,20260610-203538,0.14212670403546668
128,1465.18,19.27,5.05388,0.37867,20.0,53.3,2.0,annealing_T=100_h=5,present,present,5.78,105.0,annealing_T=100_h=5,20260610-203538,phase_detection,annealing_T=75_h=25,20260530-001924,20260610-203538,0.14212670403546668
128,1465.18,19.27,14.7774,0.303973,20.0,54.3,3.0,annealing_T=100_h=5,present,present,5.78,105.0,annealing_T=100_h=5,20260610-203538,phase_detection,annealing_T=75_h=25,20260530-001924,20260610-203538,0.14212670403546668
128,1465.18,19.27,22.1342,0.411173,20.0,55.3,4.0,annealing_T=100_h=5,present,present,5.78,105.0,annealing_T=100_h=5,20260610-203538,phase_detection,annealing_T=75_h=25,20260530-001924,20260610-203538,0.14212670403546668
128,1465.18,19.27,35.6624,0.616896,20.0,56.3,5.0,annealing_T=100_h=5,present,present,5.78,105.0,annealing_T=100_h=5,20260610-203538,phase_detection,annealing_T=75_h=25,20260530-001924,20260610-203538,0.14212670403546668
128,1465.18,19.27,53.6035,0.466789,20.0,58.3,7.0,annealing_T=100_h=5,present,present,5.78,105.0,annealing_T=100_h=5,20260610-203538,phase_detection,annealing_T=75_h=25,20260530-001924,20260610-203538,0.14212670403546668
129,1464.19,944.74,5.70512,0.223233,20.0,52.3,1.0,annealing_T=100_h=5,present,present,5.7,102.0,annealing_T=100_h=5,20260610-203538,phase_detection,annealing_T=75_h=25,20260530-001924,20260610-203538,1.3775340286179785
129,1464.19,944.74,14.4662,0.236239,20.0,53.3,2.0,annealing_T=100_h=5,present,present,5.7,102.0,annealing_T=100_h=5,20260610-203538,phase_detection,annealing_T=75_h=25,20260530-001924,20260610-203538,1.3775340286179785
129,1464.19,944.74,23.0696,0.110792,20.0,54.3,3.0,annealing_T=100_h=5,present,present,5.7,102.0,annealing_T=100_h=5,20260610-203538,phase_detection,annealing_T=75_h=25,20260530-001924,20260610-203538,1.3775340286179785
129,1464.19,944.74,29.5012,0.286059,20.0,55.3,4.0,annealing_T=100_h=5,present,present,5.7,102.0,annealing_T=100_h=5,20260610-203538,phase_detection,annealing_T=75_h=25,20260530-001924,20260610-203538,1.3775340286179785
129,1464.19,944.74,42.8396,0.280331,20.0,56.3,5.0,annealing_T=100_h=5,present,present,5.7,102.0,annealing_T=100_h=5,20260610-203538,phase_detection,annealing_T=75_h=25,20260530-001924,20260610-203538,1.3775340286179785
129,1464.19,944.74,66.775,0.261287,20.0,58.3,7.0,annealing_T=100_h=5,present,present,5.7,102.0,annealing_T=100_h=5,20260610-203538,phase_detection,annealing_T=75_h=25,20260530-001924,20260610-203538,1.3775340286179785
130,1480.95,1044.35,19.9062,0.491533,20.0,52.3,1.0,annealing_T=100_h=5,present,present,10.06,318.0,annealing_T=100_h=5,20260610-203538,phase_detection,before_annealing,20260513-032137,20260610-203538,0.6964194138590787
130,1480.95,1044.35,63.9282,0.658767,20.0,53.3,2.0,annealing_T=100_h=5,present,present,10.06,318.0,annealing_T=100_h=5,20260610-203538,phase_detection,before_annealing,20260513-032137,20260610-203538,0.6964194138590787
130,1480.95,1044.35,143.471,0.540956,20.0,54.3,3.0,annealing_T=100_h=5,present,present,10.06,318.0,annealing_T=100_h=5,20260610-203538,phase_detection,before_annealing,20260513-032137,20260610-203538,0.6964194138590787
130,1480.95,1044.35,258.984,0.667645,20.0,55.3,4.0,annealing_T=100_h=5,present,present,10.06,318.0,annealing_T=100_h=5,20260610-203538,phase_detection,before_annealing,20260513-032137,20260610-203538,0.6964194138590787
130,1480.95,1044.35,416.5,0.884075,20.0,56.3,5.0,annealing_T=100_h=5,present,present,10.06,318.0,annealing_T=100_h=5,20260610-203538,phase_detection,before_annealing,20260513-032137,20260610-203538,0.6964194138590787
130,1480.95,1044.35,991.438,1.91561,20.0,58.3,7.0,annealing_T=100_h=5,present,present,10.06,318.0,annealing_T=100_h=5,20260610-203538,phase_detection,before_annealing,20260513-032137,20260610-203538,0.6964194138590787
131,1496.72,508.07,5.90037,0.71725,20.0,52.3,1.0,annealing_T=100_h=5,present,present,12.23,470.0,annealing_T=100_h=5,20260610-203538,phase_detection,before_annealing,20260513-032137,20260610-203538,0.3920459156782156
131,1496.72,508.07,34.8212,0.753865,20.0,53.3,2.0,annealing_T=100_h=5,present,present,12.23,470.0,annealing_T=100_h=5,20260610-203538,phase_detection,before_annealing,20260513-032137,20260610-203538,0.3920459156782156
131,1496.72,508.07,127.149,0.760114,20.0,54.3,3.0,annealing_T=100_h=5,present,present,12.23,470.0,annealing_T=100_h=5,20260610-203538,phase_detection,before_annealing,20260513-032137,20260610-203538,0.3920459156782156
131,1496.72,508.07,302.611,0.991785,20.0,55.3,4.0,annealing_T=100_h=5,present,present,12.23,470.0,annealing_T=100_h=5,20260610-203538,phase_detection,before_annealing,20260513-032137,20260610-203538,0.3920459156782156
131,1496.72,508.07,563.818,1.1001,20.0,56.3,5.0,annealing_T=100_h=5,present,present,12.23,470.0,annealing_T=100_h=5,20260610-203538,phase_detection,before_annealing,20260513-032137,20260610-203538,0.3920459156782156
131,1496.72,508.07,1558.3,2.53722,20.0,58.3,7.0,annealing_T=100_h=5,present,present,12.23,470.0,annealing_T=100_h=5,20260610-203538,phase_detection,before_annealing,20260513-032137,20260610-203538,0.3920459156782156
132,1497.42,1042.55,7.29433,0.452266,20.0,52.3,1.0,annealing_T=100_h=5,present,present,8.27,215.0,annealing_T=100_h=5,20260610-203538,phase_detection,annealing_T=75_h=5,20260520-085312,20260610-203538,1.1829623831718696
132,1497.42,1042.55,13.0514,0.48194,20.0,53.3,2.0,annealing_T=100_h=5,present,present,8.27,215.0,annealing_T=100_h=5,20260610-203538,phase_detection,annealing_T=75_h=5,20260520-085312,20260610-203538,1.1829623831718696
132,1497.42,1042.55,22.2028,0.430224,20.0,54.3,3.0,annealing_T=100_h=5,present,present,8.27,215.0,annealing_T=100_h=5,20260610-203538,phase_detection,annealing_T=75_h=5,20260520-085312,20260610-203538,1.1829623831718696
132,1497.42,1042.55,39.5236,0.609678,20.0,55.3,4.0,annealing_T=100_h=5,present,present,8.27,215.0,annealing_T=100_h=5,20260610-203538,phase_detection,annealing_T=75_h=5,20260520-085312,20260610-203538,1.1829623831718696
132,1497.42,1042.55,56.6831,0.714771,20.0,56.3,5.0,annealing_T=100_h=5,present,present,8.27,215.0,annealing_T=100_h=5,20260610-203538,phase_detection,annealing_T=75_h=5,20260520-085312,20260610-203538,1.1829623831718696
132,1497.42,1042.55,128.047,0.985865,20.0,58.3,7.0,annealing_T=100_h=5,present,present,8.27,215.0,annealing_T=100_h=5,20260610-203538,phase_detection,annealing_T=75_h=5,20260520-085312,20260610-203538,1.1829623831718696
133,1502.68,863.72,5.75374,0.358859,20.0,52.3,1.0,annealing_T=100_h=5,present,present,7.57,180.0,annealing_T=100_h=5,20260610-203538,phase_detection,before_annealing,20260513-032137,20260610-203538,0.21931712199456913
133,1502.68,863.72,13.7421,0.30005,20.0,53.3,2.0,annealing_T=100_h=5,present,present,7.57,180.0,annealing_T=100_h=5,20260610-203538,phase_detection,before_annealing,20260513-032137,20260610-203538,0.21931712199456913
133,1502.68,863.72,24.5141,0.465955,20.0,54.3,3.0,annealing_T=100_h=5,present,present,7.57,180.0,annealing_T=100_h=5,20260610-203538,phase_detection,before_annealing,20260513-032137,20260610-203538,0.21931712199456913
133,1502.68,863.72,34.1113,0.429101,20.0,55.3,4.0,annealing_T=100_h=5,present,present,7.57,180.0,annealing_T=100_h=5,20260610-203538,phase_detection,before_annealing,20260513-032137,20260610-203538,0.21931712199456913
133,1502.68,863.72,50.8976,0.592425,20.0,56.3,5.0,annealing_T=100_h=5,present,present,7.57,180.0,annealing_T=100_h=5,20260610-203538,phase_detection,before_annealing,20260513-032137,20260610-203538,0.21931712199456913
133,1502.68,863.72,84.3597,0.644584,20.0,58.3,7.0,annealing_T=100_h=5,present,present,7.57,180.0,annealing_T=100_h=5,20260610-203538,phase_detection,before_annealing,20260513-032137,20260610-203538,0.21931712199456913
134,1503.94,200.86,3.66271,0.169667,20.0,52.3,1.0,annealing_T=100_h=5,present,present,6.58,136.0,annealing_T=100_h=5,20260610-203538,phase_detection,before_annealing,20260513-032137,20260610-203538,0.6500000000000682
134,1503.94,200.86,10.0479,0.257981,20.0,53.3,2.0,annealing_T=100_h=5,present,present,6.58,136.0,annealing_T=100_h=5,20260610-203538,phase_detection,before_annealing,20260513-032137,20260610-203538,0.6500000000000682
134,1503.94,200.86,19.3596,0.326099,20.0,54.3,3.0,annealing_T=100_h=5,present,present,6.58,136.0,annealing_T=100_h=5,20260610-203538,phase_detection,before_annealing,20260513-032137,20260610-203538,0.6500000000000682
134,1503.94,200.86,22.8984,0.334622,20.0,55.3,4.0,annealing_T=100_h=5,present,present,6.58,136.0,annealing_T=100_h=5,20260610-203538,phase_detection,before_annealing,20260513-032137,20260610-203538,0.6500000000000682
134,1503.94,200.86,33.318,0.224894,20.0,56.3,5.0,annealing_T=100_h=5,present,present,6.58,136.0,annealing_T=100_h=5,20260610-203538,phase_detection,before_annealing,20260513-032137,20260610-203538,0.6500000000000682
134,1503.94,200.86,44.2438,0.635021,20.0,58.3,7.0,annealing_T=100_h=5,present,present,6.58,136.0,annealing_T=100_h=5,20260610-203538,phase_detection,before_annealing,20260513-032137,20260610-203538,0.6500000000000682
135,1532.27,764.95,0.365005,0.856096,20.0,52.3,1.0,annealing_T=100_h=5,present,present,12.21,468.0,annealing_T=100_h=5,20260610-203538,phase_detection,annealing_T=125_h=25,20260827-053720,20260610-203538,0.11313708499006626
135,1532.27,764.95,2.99974,0.773313,20.0,53.3,2.0,annealing_T=100_h=5,present,present,12.21,468.0,annealing_T=100_h=5,20260610-203538,phase_detection,annealing_T=125_h=25,20260827-053720,20260610-203538,0.11313708499006626
135,1532.27,764.95,22.1352,0.822255,20.0,54.3,3.0,annealing_T=100_h=5,present,present,12.21,468.0,annealing_T=100_h=5,20260610-203538,phase_detection,annealing_T=125_h=25,20260827-053720,20260610-203538,0.11313708499006626
135,1532.27,764.95,27.0731,0.827498,20.0,55.3,4.0,annealing_T=100_h=5,present,present,12.21,468.0,annealing_T=100_h=5,20260610-203538,phase_detection,annealing_T=125_h=25,20260827-053720,20260610-203538,0.11313708499006626
135,1532.27,764.95,45.0636,0.987079,20.0,56.3,5.0,annealing_T=100_h=5,present,present,12.21,468.0,annealing_T=100_h=5,20260610-203538,phase_detection,annealing_T=125_h=25,20260827-053720,20260610-203538,0.11313708499006626
135,1532.27,764.95,56.8491,1.33914,20.0,58.3,7.0,annealing_T=100_h=5,present,present,12.21,468.0,annealing_T=100_h=5,20260610-203538,phase_detection,annealing_T=125_h=25,20260827-053720,20260610-203538,0.11313708499006626
136,1536.04,405.74,0.621206,0.292138,20.0,52.3,1.0,annealing_T=100_h=5,present,present,6.43,130.0,annealing_T=100_h=5,20260610-203538,phase_detection,annealing_T=125_h=5,20260723-075232,20260610-203538,0.35510561809125446
136,1536.04,405.74,3.34885,0.319177,20.0,53.3,2.0,annealing_T=100_h=5,present,present,6.43,130.0,annealing_T=100_h=5,20260610-203538,phase_detection,annealing_T=125_h=5,20260723-075232,20260610-203538,0.35510561809125446
136,1536.04,405.74,15.1928,0.326556,20.0,54.3,3.0,annealing_T=100_h=5,present,present,6.43,130.0,annealing_T=100_h=5,20260610-203538,phase_detection,annealing_T=125_h=5,20260723-075232,20260610-203538,0.35510561809125446
136,1536.04,405.74,22.2211,0.415372,20.0,55.3,4.0,annealing_T=100_h=5,present,present,6.43,130.0,annealing_T=100_h=5,20260610-203538,phase_detection,annealing_T=125_h=5,20260723-075232,20260610-203538,0.35510561809125446
136,1536.04,405.74,35.9286,0.564428,20.0,56.3,5.0,annealing_T=100_h=5,present,present,6.43,130.0,annealing_T=100_h=5,20260610-203538,phase_detection,annealing_T=125_h=5,20260723-075232,20260610-203538,0.35510561809125446
136,1536.04,405.74,69.7843,0.432013,20.0,58.3,7.0,annealing_T=100_h=5,present,present,6.43,130.0,annealing_T=100_h=5,20260610-203538,phase_detection,annealing_T=125_h=5,20260723-075232,20260610-203538,0.35510561809125446
137,1536.46,137.57,7.62247,0.225625,20.0,52.3,1.0,annealing_T=100_h=5,present,present,6.93,151.0,annealing_T=100_h=5,20260610-203538,phase_detection,before_annealing,20260513-032137,20260610-203538,0.36138621999182713
137,1536.46,137.57,18.4539,0.275758,20.0,53.3,2.0,annealing_T=100_h=5,present,present,6.93,151.0,annealing_T=100_h=5,20260610-203538,phase_detection,before_annealing,20260513-032137,20260610-203538,0.36138621999182713
137,1536.46,137.57,29.768,0.359175,20.0,54.3,3.0,annealing_T=100_h=5,present,present,6.93,151.0,annealing_T=100_h=5,20260610-203538,phase_detection,before_annealing,20260513-032137,20260610-203538,0.36138621999182713
137,1536.46,137.57,45.457,0.28306,20.0,55.3,4.0,annealing_T=100_h=5,present,present,6.93,151.0,annealing_T=100_h=5,20260610-203538,phase_detection,before_annealing,20260513-032137,20260610-203538,0.36138621999182713
137,1536.46,137.57,57.6533,0.316674,20.0,56.3,5.0,annealing_T=100_h=5,present,present,6.93,151.0,annealing_T=100_h=5,20260610-203538,phase_detection,before_annealing,20260513-032137,20260610-203538,0.36138621999182713
137,1536.46,137.57,100.511,0.550051,20.0,58.3,7.0,annealing_T=100_h=5,present,present,6.93,151.0,annealing_T=100_h=5,20260610-203538,phase_detection,before_annealing,20260513-032137,20260610-203538,0.36138621999182713
138,1544.72,709.78,3.38649,0.490712,20.0,52.3,1.0,annealing_T=100_h=5,present,present,9.8,302.0,annealing_T=100_h=5,20260610-203538,phase_detection,annealing_T=75_h=25,20260530-001924,20260610-203538,0.6691038783328684
138,1544.72,709.78,9.06946,0.412904,20.0,53.3,2.0,annealing_T=100_h=5,present,present,9.8,302.0,annealing_T=100_h=5,20260610-203538,phase_detection,annealing_T=75_h=25,20260530-001924,20260610-203538,0.6691038783328684
138,1544.72,709.78,41.5553,0.519348,20.0,54.3,3.0,annealing_T=100_h=5,present,present,9.8,302.0,annealing_T=100_h=5,20260610-203538,phase_detection,annealing_T=75_h=25,20260530-001924,20260610-203538,0.6691038783328684
138,1544.72,709.78,238.019,0.671134,20.0,55.3,4.0,annealing_T=100_h=5,present,present,9.8,302.0,annealing_T=100_h=5,20260610-203538,phase_detection,annealing_T=75_h=25,20260530-001924,20260610-203538,0.6691038783328684
138,1544.72,709.78,439.403,0.76596,20.0,56.3,5.0,annealing_T=100_h=5,present,present,9.8,302.0,annealing_T=100_h=5,20260610-203538,phase_detection,annealing_T=75_h=25,20260530-001924,20260610-203538,0.6691038783328684
138,1544.72,709.78,1070.68,1.84244,20.0,58.3,7.0,annealing_T=100_h=5,present,present,9.8,302.0,annealing_T=100_h=5,20260610-203538,phase_detection,annealing_T=75_h=25,20260530-001924,20260610-203538,0.6691038783328684
139,1557.59,208.53,9.25867,0.432129,20.0,52.3,1.0,annealing_T=100_h=5,present,present,10.78,365.0,annealing_T=100_h=5,20260610-203538,phase_detection,annealing_T=75_h=25,20260530-001924,20260610-203538,0.5818934610392174
139,1557.59,208.53,32.0895,0.558694,20.0,53.3,2.0,annealing_T=100_h=5,present,present,10.78,365.0,annealing_T=100_h=5,20260610-203538,phase_detection,annealing_T=75_h=25,20260530-001924,20260610-203538,0.5818934610392174
139,1557.59,208.53,62.0801,0.711647,20.0,54.3,3.0,annealing_T=100_h=5,present,present,10.78,365.0,annealing_T=100_h=5,20260610-203538,phase_detection,annealing_T=75_h=25,20260530-001924,20260610-203538,0.5818934610392174
139,1557.59,208.53,113.054,0.804136,20.0,55.3,4.0,annealing_T=100_h=5,present,present,10.78,365.0,annealing_T=100_h=5,20260610-203538,phase_detection,annealing_T=75_h=25,20260530-001924,20260610-203538,0.5818934610392174
139,1557.59,208.53,163.873,0.836872,20.0,56.3,5.0,annealing_T=100_h=5,present,present,10.78,365.0,annealing_T=100_h=5,20260610-203538,phase_detection,annealing_T=75_h=25,20260530-001924,20260610-203538,0.5818934610392174
139,1557.59,208.53,304.197,1.23467,20.0,58.3,7.0,annealing_T=100_h=5,present,present,10.78,365.0,annealing_T=100_h=5,20260610-203538,phase_detection,annealing_T=75_h=25,20260530-001924,20260610-203538,0.5818934610392174
140,1558.49,811.74,0.435337,0.122026,20.0,52.3,1.0,annealing_T=100_h=5,present,reappeared,3.7,43.0,annealing_T=100_h=5,20260610-203538,phase_detection,annealing_T=125_h=25,20260827-053720,20260610-203538,1.945044986626335
140,1558.49,811.74,1.63529,0.0388996,20.0,53.3,2.0,annealing_T=100_h=5,present,reappeared,3.7,43.0,annealing_T=100_h=5,20260610-203538,phase_detection,annealing_T=125_h=25,20260827-053720,20260610-203538,1.945044986626335
140,1558.49,811.74,3.77583,0.198422,20.0,54.3,3.0,annealing_T=100_h=5,present,reappeared,3.7,43.0,annealing_T=100_h=5,20260610-203538,phase_detection,annealing_T=125_h=25,20260827-053720,20260610-203538,1.945044986626335
140,1558.49,811.74,6.79951,0.177511,20.0,55.3,4.0,annealing_T=100_h=5,present,reappeared,3.7,43.0,annealing_T=100_h=5,20260610-203538,phase_detection,annealing_T=125_h=25,20260827-053720,20260610-203538,1.945044986626335
140,1558.49,811.74,10.4229,0.113695,20.0,56.3,5.0,annealing_T=100_h=5,present,reappeared,3.7,43.0,annealing_T=100_h=5,20260610-203538,phase_detection,annealing_T=125_h=25,20260827-053720,20260610-203538,1.945044986626335
140,1558.49,811.74,15.0779,0.370414,20.0,58.3,7.0,annealing_T=100_h=5,present,reappeared,3.7,43.0,annealing_T=100_h=5,20260610-203538,phase_detection,annealing_T=125_h=25,20260827-053720,20260610-203538,1.945044986626335
141,1571.75,682.66,1.65457,0.184066,20.0,52.3,1.0,annealing_T=100_h=5,present,present,4.07,52.0,annealing_T=100_h=5,20260610-203538,phase_detection,annealing_T=150_h=25,20260916-045914,20260610-203538,0.7334848328357358
141,1571.75,682.66,1.42609,0.190333,20.0,53.3,2.0,annealing_T=100_h=5,present,present,4.07,52.0,annealing_T=100_h=5,20260610-203538,phase_detection,annealing_T=150_h=25,20260916-045914,20260610-203538,0.7334848328357358
141,1571.75,682.66,4.64873,0.141071,20.0,54.3,3.0,annealing_T=100_h=5,present,present,4.07,52.0,annealing_T=100_h=5,20260610-203538,phase_detection,annealing_T=150_h=25,20260916-045914,20260610-203538,0.7334848328357358
141,1571.75,682.66,8.33251,0.206861,20.0,55.3,4.0,annealing_T=100_h=5,present,present,4.07,52.0,annealing_T=100_h=5,20260610-203538,phase_detection,annealing_T=150_h=25,20260916-045914,20260610-203538,0.7334848328357358
141,1571.75,682.66,12.6681,0.244813,20.0,56.3,5.0,annealing_T=100_h=5,present,present,4.07,52.0,annealing_T=100_h=5,20260610-203538,phase_detection,annealing_T=150_h=25,20260916-045914,20260610-203538,0.7334848328357358
141,1571.75,682.66,30.0437,0.414892,20.0,58.3,7.0,annealing_T=100_h=5,present,present,4.07,52.0,annealing_T=100_h=5,20260610-203538,phase_detection,annealing_T=150_h=25,20260916-045914,20260610-203538,0.7334848328357358
142,1574.88,168.6,6.38832,0.313773,20.0,52.3,1.0,annealing_T=100_h=5,present,present,7.55,179.0,annealing_T=100_h=5,20260610-203538,phase_detection,annealing_T=75_h=5,20260520-085312,20260610-203538,0.7515317691222165
142,1574.88,168.6,19.9405,0.297509,20.0,53.3,2.0,annealing_T=100_h=5,present,present,7.55,179.0,annealing_T=100_h=5,20260610-203538,phase_detection,annealing_T=75_h=5,20260520-085312,20260610-203538,0.7515317691222165
142,1574.88,168.6,35.3396,0.432761,20.0,54.3,3.0,annealing_T=100_h=5,present,present,7.55,179.0,annealing_T=100_h=5,20260610-203538,phase_detection,annealing_T=75_h=5,20260520-085312,20260610-203538,0.7515317691222165
142,1574.88,168.6,45.4953,0.53803,20.0,55.3,4.0,annealing_T=100_h=5,present,present,7.55,179.0,annealing_T=100_h=5,20260610-203538,phase_detection,annealing_T=75_h=5,20260520-085312,20260610-203538,0.7515317691222165
142,1574.88,168.6,67.0088,0.450135,20.0,56.3,5.0,annealing_T=100_h=5,present,present,7.55,179.0,annealing_T=100_h=5,20260610-203538,phase_detection,annealing_T=75_h=5,20260520-085312,20260610-203538,0.7515317691222165
142,1574.88,168.6,105.219,0.549297,20.0,58.3,7.0,annealing_T=100_h=5,present,present,7.55,179.0,annealing_T=100_h=5,20260610-203538,phase_detection,annealing_T=75_h=5,20260520-085312,20260610-203538,0.7515317691222165
143,1579.84,926.24,19.2124,0.439784,20.0,52.3,1.0,annealing_T=100_h=5,present,present,11.41,409.0,annealing_T=100_h=5,20260610-203538,phase_detection,before_annealing,20260513-032137,20260610-203538,0.6332456079595837
143,1579.84,926.24,52.4107,0.781597,20.0,53.3,2.0,annealing_T=100_h=5,present,present,11.41,409.0,annealing_T=100_h=5,20260610-203538,phase_detection,before_annealing,20260513-032137,20260610-203538,0.6332456079595837
143,1579.84,926.24,124.349,0.532343,20.0,54.3,3.0,annealing_T=100_h=5,present,present,11.41,409.0,annealing_T=100_h=5,20260610-203538,phase_detection,before_annealing,20260513-032137,20260610-203538,0.6332456079595837
143,1579.84,926.24,228.053,0.708863,20.0,55.3,4.0,annealing_T=100_h=5,present,present,11.41,409.0,annealing_T=100_h=5,20260610-203538,phase_detection,before_annealing,20260513-032137,20260610-203538,0.6332456079595837
143,1579.84,926.24,373.137,1.10018,20.0,56.3,5.0,annealing_T=100_h=5,present,present,11.41,409.0,annealing_T=100_h=5,20260610-203538,phase_detection,before_annealing,20260513-032137,20260610-203538,0.6332456079595837
143,1579.84,926.24,864.942,1.78129,20.0,58.3,7.0,annealing_T=100_h=5,present,present,11.41,409.0,annealing_T=100_h=5,20260610-203538,phase_detection,before_annealing,20260513-032137,20260610-203538,0.6332456079595837
144,1583.89,810.16,1.59153,0.216279,20.0,52.3,1.0,annealing_T=100_h=5,present,present,4.55,65.0,annealing_T=100_h=5,20260610-203538,phase_detection,before_annealing,20260513-032137,20260610-203538,0.4565084884203719
144,1583.89,810.16,3.60925,0.186868,20.0,53.3,2.0,annealing_T=100_h=5,present,present,4.55,65.0,annealing_T=100_h=5,20260610-203538,phase_detection,before_annealing,20260513-032137,20260610-203538,0.4565084884203719
144,1583.89,810.16,9.32222,0.144837,20.0,54.3,3.0,annealing_T=100_h=5,present,present,4.55,65.0,annealing_T=100_h=5,20260610-203538,phase_detection,before_annealing,20260513-032137,20260610-203538,0.4565084884203719
144,1583.89,810.16,12.247,0.156543,20.0,55.3,4.0,annealing_T=100_h=5,present,present,4.55,65.0,annealing_T=100_h=5,20260610-203538,phase_detection,before_annealing,20260513-032137,20260610-203538,0.4565084884203719
144,1583.89,810.16,17.3101,0.249248,20.0,56.3,5.0,annealing_T=100_h=5,present,present,4.55,65.0,annealing_T=100_h=5,20260610-203538,phase_detection,before_annealing,20260513-032137,20260610-203538,0.4565084884203719
144,1583.89,810.16,27.3254,0.271136,20.0,58.3,7.0,annealing_T=100_h=5,present,present,4.55,65.0,annealing_T=100_h=5,20260610-203538,phase_detection,before_annealing,20260513-032137,20260610-203538,0.4565084884203719
145,1584.14,651.62,1.18428,0.111154,20.0,52.3,1.0,annealing_T=100_h=5,present,present,5.2,85.0,annealing_T=100_h=5,20260610-203538,phase_detection,before_annealing,20260513-032137,20260610-203538,0.5846366392896756
145,1584.14,651.62,4.99379,0.188817,20.0,53.3,2.0,annealing_T=100_h=5,present,present,5.2,85.0,annealing_T=100_h=5,20260610-203538,phase_detection,before_annealing,20260513-032137,20260610-203538,0.5846366392896756
145,1584.14,651.62,10.3149,0.225535,20.0,54.3,3.0,annealing_T=100_h=5,present,present,5.2,85.0,annealing_T=100_h=5,20260610-203538,phase_detection,before_annealing,20260513-032137,20260610-203538,0.5846366392896756
145,1584.14,651.62,18.3604,0.278553,20.0,55.3,4.0,annealing_T=100_h=5,present,present,5.2,85.0,annealing_T=100_h=5,20260610-203538,phase_detection,before_annealing,20260513-032137,20260610-203538,0.5846366392896756
145,1584.14,651.62,29.1323,0.253472,20.0,56.3,5.0,annealing_T=100_h=5,present,present,5.2,85.0,annealing_T=100_h=5,20260610-203538,phase_detection,before_annealing,20260513-032137,20260610-203538,0.5846366392896756
145,1584.14,651.62,63.7393,0.470279,20.0,58.3,7.0,annealing_T=100_h=5,present,present,5.2,85.0,annealing_T=100_h=5,20260610-203538,phase_detection,before_annealing,20260513-032137,20260610-203538,0.5846366392896756
146,1596.86,321.38,0.710285,0.122396,20.0,52.3,1.0,annealing_T=100_h=5,absent,absent,3.83,46.0,annealing_T=75_h=5,20260520-085312,previous_detection,annealing_T=100_h=25,20260625-095817,20260610-203538,0.37483329627994333
146,1596.86,321.38,1.55055,0.148088,20.0,53.3,2.0,annealing_T=100_h=5,absent,absent,3.83,46.0,annealing_T=75_h=5,20260520-085312,previous_detection,annealing_T=100_h=25,20260625-095817,20260610-203538,0.37483329627994333
146,1596.86,321.38,2.39729,0.24592,20.0,54.3,3.0,annealing_T=100_h=5,absent,absent,3.83,46.0,annealing_T=75_h=5,20260520-085312,previous_detection,annealing_T=100_h=25,20260625-095817,20260610-203538,0.37483329627994333
146,1596.86,321.38,1.38777,0.265268,20.0,55.3,4.0,annealing_T=100_h=5,absent,absent,3.83,46.0,annealing_T=75_h=5,20260520-085312,previous_detection,annealing_T=100_h=25,20260625-095817,20260610-203538,0.37483329627994333
146,1596.86,321.38,3.94098,0.117608,20.0,56.3,5.0,annealing_T=100_h=5,absent,absent,3.83,46.0,annealing_T=75_h=5,20260520-085312,previous_detection,annealing_T=100_h=25,20260625-095817,20260610-203538,0.37483329627994333
146,1596.86,321.38,6.00201,0.160392,20.0,58.3,7.0,annealing_T=100_h=5,absent,absent,3.83,46.0,annealing_T=75_h=5,20260520-085312,previous_detection,annealing_T=100_h=25,20260625-095817,20260610-203538,0.37483329627994333
147,1597.75,203.92,2.90872,0.349878,20.0,52.3,1.0,annealing_T=100_h=5,present,present,6.48,132.0,annealing_T=100_h=5,20260610-203538,phase_detection,annealing_T=75_h=5,20260520-085312,20260610-203538,0.23537204591881658
147,1597.75,203.92,13.1295,0.21571,20.0,53.3,2.0,annealing_T=100_h=5,present,present,6.48,132.0,annealing_T=100_h=5,20260610-203538,phase_detection,annealing_T=75_h=5,20260520-085312,20260610-203538,0.23537204591881658
147,1597.75,203.92,23.3237,0.384531,20.0,54.3,3.0,annealing_T=100_h=5,present,present,6.48,132.0,annealing_T=100_h=5,20260610-203538,phase_detection,annealing_T=75_h=5,20260520-085312,20260610-203538,0.23537204591881658
147,1597.75,203.92,33.7137,0.44533,20.0,55.3,4.0,annealing_T=100_h=5,present,present,6.48,132.0,annealing_T=100_h=5,20260610-203538,phase_detection,annealing_T=75_h=5,20260520-085312,20260610-203538,0.23537204591881658
147,1597.75,203.92,43.3408,0.536081,20.0,56.3,5.0,annealing_T=100_h=5,present,present,6.48,132.0,annealing_T=100_h=5,20260610-203538,phase_detection,annealing_T=75_h=5,20260520-085312,20260610-203538,0.23537204591881658
147,1597.75,203.92,64.2141,0.747057,20.0,58.3,7.0,annealing_T=100_h=5,present,present,6.48,132.0,annealing_T=100_h=5,20260610-203538,phase_detection,annealing_T=75_h=5,20260520-085312,20260610-203538,0.23537204591881658
148,1597.64,45.14,4.40866,0.197475,20.0,52.3,1.0,annealing_T=100_h=5,present,present,5.56,97.0,annealing_T=100_h=5,20260610-203538,phase_detection,annealing_T=75_h=5,20260520-085312,20260610-203538,0.5903388857257355
148,1597.64,45.14,6.20926,0.196288,20.0,53.3,2.0,annealing_T=100_h=5,present,present,5.56,97.0,annealing_T=100_h=5,20260610-203538,phase_detection,annealing_T=75_h=5,20260520-085312,20260610-203538,0.5903388857257355
148,1597.64,45.14,15.5357,0.372279,20.0,54.3,3.0,annealing_T=100_h=5,present,present,5.56,97.0,annealing_T=100_h=5,20260610-203538,phase_detection,annealing_T=75_h=5,20260520-085312,20260610-203538,0.5903388857257355
148,1597.64,45.14,26.9324,0.210571,20.0,55.3,4.0,annealing_T=100_h=5,present,present,5.56,97.0,annealing_T=100_h=5,20260610-203538,phase_detection,annealing_T=75_h=5,20260520-085312,20260610-203538,0.5903388857257355
148,1597.64,45.14,42.2795,0.515773,20.0,56.3,5.0,annealing_T=100_h=5,present,present,5.56,97.0,annealing_T=100_h=5,20260610-203538,phase_detection,annealing_T=75_h=5,20260520-085312,20260610-203538,0.5903388857257355
148,1597.64,45.14,81.838,0.619857,20.0,58.3,7.0,annealing_T=100_h=5,present,present,5.56,97.0,annealing_T=100_h=5,20260610-203538,phase_detection,annealing_T=75_h=5,20260520-085312,20260610-203538,0.5903388857257355
149,1614.1,1048.04,0.0660518,0.265774,20.0,52.3,1.0,annealing_T=100_h=5,absent,absent,4.18,55.0,annealing_T=75_h=5,20260520-085312,previous_detection,before_annealing,20260513-032137,20260610-203538,2.018539075668429
149,1614.1,1048.04,0.265039,0.324377,20.0,53.3,2.0,annealing_T=100_h=5,absent,absent,4.18,55.0,annealing_T=75_h=5,20260520-085312,previous_detection,before_annealing,20260513-032137,20260610-203538,2.018539075668429
149,1614.1,1048.04,1.21345,0.18617,20.0,54.3,3.0,annealing_T=100_h=5,absent,absent,4.18,55.0,annealing_T=75_h=5,20260520-085312,previous_detection,before_annealing,20260513-032137,20260610-203538,2.018539075668429
149,1614.1,1048.04,3.93659,0.425652,20.0,55.3,4.0,annealing_T=100_h=5,absent,absent,4.18,55.0,annealing_T=75_h=5,20260520-085312,previous_detection,before_annealing,20260513-032137,20260610-203538,2.018539075668429
149,1614.1,1048.04,4.28056,0.345673,20.0,56.3,5.0,annealing_T=100_h=5,absent,absent,4.18,55.0,annealing_T=75_h=5,20260520-085312,previous_detection,before_annealing,20260513-032137,20260610-203538,2.018539075668429
149,1614.1,1048.04,8.57942,0.361431,20.0,58.3,7.0,annealing_T=100_h=5,absent,absent,4.18,55.0,annealing_T=75_h=5,20260520-085312,previous_detection,before_annealing,20260513-032137,20260610-203538,2.018539075668429
150,1617.52,705.37,1.64944,0.35725,20.0,52.3,1.0,annealing_T=100_h=5,present,present,5.44,93.0,annealing_T=100_h=5,20260610-203538,phase_detection,annealing_T=125_h=5,20260723-075232,20260610-203538,0.9843271813780731
150,1617.52,705.37,4.12018,0.0963074,20.0,53.3,2.0,annealing_T=100_h=5,present,present,5.44,93.0,annealing_T=100_h=5,20260610-203538,phase_detection,annealing_T=125_h=5,20260723-075232,20260610-203538,0.9843271813780731
150,1617.52,705.37,11.9957,0.412881,20.0,54.3,3.0,annealing_T=100_h=5,present,present,5.44,93.0,annealing_T=100_h=5,20260610-203538,phase_detection,annealing_T=125_h=5,20260723-075232,20260610-203538,0.9843271813780731
150,1617.52,705.37,16.9664,0.25625,20.0,55.3,4.0,annealing_T=100_h=5,present,present,5.44,93.0,annealing_T=100_h=5,20260610-203538,phase_detection,annealing_T=125_h=5,20260723-075232,20260610-203538,0.9843271813780731
150,1617.52,705.37,26.1577,0.4497,20.0,56.3,5.0,annealing_T=100_h=5,present,present,5.44,93.0,annealing_T=100_h=5,20260610-203538,phase_detection,annealing_T=125_h=5,20260723-075232,20260610-203538,0.9843271813780731
150,1617.52,705.37,37.5158,0.280454,20.0,58.3,7.0,annealing_T=100_h=5,present,present,5.44,93.0,annealing_T=100_h=5,20260610-203538,phase_detection,annealing_T=125_h=5,20260723-075232,20260610-203538,0.9843271813780731
151,1617.01,987.96,28.5783,0.463632,20.0,52.3,1.0,annealing_T=100_h=5,present,present,11.35,405.0,annealing_T=100_h=5,20260610-203538,phase_detection,before_annealing,20260513-032137,20260610-203538,0.7539230729988626
151,1617.01,987.96,89.8363,0.556446,20.0,53.3,2.0,annealing_T=100_h=5,present,present,11.35,405.0,annealing_T=100_h=5,20260610-203538,phase_detection,before_annealing,20260513-032137,20260610-203538,0.7539230729988626
151,1617.01,987.96,187.873,0.549703,20.0,54.3,3.0,annealing_T=100_h=5,present,present,11.35,405.0,annealing_T=100_h=5,20260610-203538,phase_detection,before_annealing,20260513-032137,20260610-203538,0.7539230729988626
151,1617.01,987.96,355.323,0.693629,20.0,55.3,4.0,annealing_T=100_h=5,present,present,11.35,405.0,annealing_T=100_h=5,20260610-203538,phase_detection,before_annealing,20260513-032137,20260610-203538,0.7539230729988626
151,1617.01,987.96,574.569,0.967125,20.0,56.3,5.0,annealing_T=100_h=5,present,present,11.35,405.0,annealing_T=100_h=5,20260610-203538,phase_detection,before_annealing,20260513-032137,20260610-203538,0.7539230729988626
151,1617.01,987.96,1337.85,2.04634,20.0,58.3,7.0,annealing_T=100_h=5,present,present,11.35,405.0,annealing_T=100_h=5,20260610-203538,phase_detection,before_annealing,20260513-032137,20260610-203538,0.7539230729988626
152,1617.55,912.31,60.2553,0.555357,20.0,52.3,1.0,annealing_T=100_h=5,present,present,12.14,463.0,annealing_T=100_h=5,20260610-203538,phase_detection,before_annealing,20260513-032137,20260610-203538,0.5797413216254006
152,1617.55,912.31,200.972,0.697989,20.0,53.3,2.0,annealing_T=100_h=5,present,present,12.14,463.0,annealing_T=100_h=5,20260610-203538,phase_detection,before_annealing,20260513-032137,20260610-203538,0.5797413216254006
152,1617.55,912.31,423.593,0.847656,20.0,54.3,3.0,annealing_T=100_h=5,present,present,12.14,463.0,annealing_T=100_h=5,20260610-203538,phase_detection,before_annealing,20260513-032137,20260610-203538,0.5797413216254006
152,1617.55,912.31,710.319,1.69453,20.0,55.3,4.0,annealing_T=100_h=5,present,present,12.14,463.0,annealing_T=100_h=5,20260610-203538,phase_detection,before_annealing,20260513-032137,20260610-203538,0.5797413216254006
152,1617.55,912.31,1085.47,2.07492,20.0,56.3,5.0,annealing_T=100_h=5,present,present,12.14,463.0,annealing_T=100_h=5,20260610-203538,phase_detection,before_annealing,20260513-032137,20260610-203538,0.5797413216254006
152,1617.55,912.31,2229.97,4.21324,20.0,58.3,7.0,annealing_T=100_h=5,present,present,12.14,463.0,annealing_T=100_h=5,20260610-203538,phase_detection,before_annealing,20260513-032137,20260610-203538,0.5797413216254006
153,1643.37,880.68,33.8679,0.577938,20.0,52.3,1.0,annealing_T=100_h=5,present,present,11.63,425.0,annealing_T=100_h=5,20260610-203538,phase_detection,before_annealing,20260513-032137,20260610-203538,0.8895504482603507
153,1643.37,880.68,102.26,0.667056,20.0,53.3,2.0,annealing_T=100_h=5,present,present,11.63,425.0,annealing_T=100_h=5,20260610-203538,phase_detection,before_annealing,20260513-032137,20260610-203538,0.8895504482603507
153,1643.37,880.68,200.706,0.692884,20.0,54.3,3.0,annealing_T=100_h=5,present,present,11.63,425.0,annealing_T=100_h=5,20260610-203538,phase_detection,before_annealing,20260513-032137,20260610-203538,0.8895504482603507
153,1643.37,880.68,316.518,0.915849,20.0,55.3,4.0,annealing_T=100_h=5,present,present,11.63,425.0,annealing_T=100_h=5,20260610-203538,phase_detection,before_annealing,20260513-032137,20260610-203538,0.8895504482603507
153,1643.37,880.68,486.351,1.01924,20.0,56.3,5.0,annealing_T=100_h=5,present,present,11.63,425.0,annealing_T=100_h=5,20260610-203538,phase_detection,before_annealing,20260513-032137,20260610-203538,0.8895504482603507
153,1643.37,880.68,879.563,1.49838,20.0,58.3,7.0,annealing_T=100_h=5,present,present,11.63,425.0,annealing_T=100_h=5,20260610-203538,phase_detection,before_annealing,20260513-032137,20260610-203538,0.8895504482603507
154,1648.89,1062.72,0.0635059,0.306579,20.0,52.3,1.0,annealing_T=100_h=5,absent,absent,4.18,55.0,before_annealing,20260513-032137,previous_detection,before_annealing,20260513-032137,20260610-203538,0.0
154,1648.89,1062.72,-0.349286,0.307136,20.0,53.3,2.0,annealing_T=100_h=5,absent,absent,4.18,55.0,before_annealing,20260513-032137,previous_detection,before_annealing,20260513-032137,20260610-203538,0.0
154,1648.89,1062.72,-0.559572,0.27375,20.0,54.3,3.0,annealing_T=100_h=5,absent,absent,4.18,55.0,before_annealing,20260513-032137,previous_detection,before_annealing,20260513-032137,20260610-203538,0.0
154,1648.89,1062.72,-0.166868,0.299982,20.0,55.3,4.0,annealing_T=100_h=5,absent,absent,4.18,55.0,before_annealing,20260513-032137,previous_detection,before_annealing,20260513-032137,20260610-203538,0.0
154,1648.89,1062.72,0.743852,0.248579,20.0,56.3,5.0,annealing_T=100_h=5,absent,absent,4.18,55.0,before_annealing,20260513-032137,previous_detection,before_annealing,20260513-032137,20260610-203538,0.0
154,1648.89,1062.72,-0.757481,0.516228,20.0,58.3,7.0,annealing_T=100_h=5,absent,absent,4.18,55.0,before_annealing,20260513-032137,previous_detection,before_annealing,20260513-032137,20260610-203538,0.0
155,1651.71,629.79,1.29993,0.198213,20.0,52.3,1.0,annealing_T=100_h=5,present,present,5.73,103.0,annealing_T=100_h=5,20260610-203538,phase_detection,annealing_T=75_h=25,20260530-001924,20260610-203538,1.2532358118087694
155,1651.71,629.79,3.35997,0.206579,20.0,53.3,2.0,annealing_T=100_h=5,present,present,5.73,103.0,annealing_T=100_h=5,20260610-203538,phase_detection,annealing_T=75_h=25,20260530-001924,20260610-203538,1.2532358118087694
155,1651.71,629.79,3.6811,0.13362,20.0,54.3,3.0,annealing_T=100_h=5,present,present,5.73,103.0,annealing_T=100_h=5,20260610-203538,phase_detection,annealing_T=75_h=25,20260530-001924,20260610-203538,1.2532358118087694
155,1651.71,629.79,11.4991,0.153808,20.0,55.3,4.0,annealing_T=100_h=5,present,present,5.73,103.0,annealing_T=100_h=5,20260610-203538,phase_detection,annealing_T=75_h=25,20260530-001924,20260610-203538,1.2532358118087694
155,1651.71,629.79,17.1367,0.30691,20.0,56.3,5.0,annealing_T=100_h=5,present,present,5.73,103.0,annealing_T=100_h=5,20260610-203538,phase_detection,annealing_T=75_h=25,20260530-001924,20260610-203538,1.2532358118087694
155,1651.71,629.79,38.0644,0.444375,20.0,58.3,7.0,annealing_T=100_h=5,present,present,5.73,103.0,annealing_T=100_h=5,20260610-203538,phase_detection,annealing_T=75_h=25,20260530-001924,20260610-203538,1.2532358118087694
156,1652.32,278.54,4.11018,0.183409,20.0,52.3,1.0,annealing_T=100_h=5,present,present,6.05,115.0,annealing_T=100_h=5,20260610-203538,phase_detection,annealing_T=75_h=25,20260530-001924,20260610-203538,1.0928860873852175
156,1652.32,278.54,15.1518,0.241693,20.0,53.3,2.0,annealing_T=100_h=5,present,present,6.05,115.0,annealing_T=100_h=5,20260610-203538,phase_detection,annealing_T=75_h=25,20260530-001924,20260610-203538,1.0928860873852175
156,1652.32,278.54,27.8765,0.318149,20.0,54.3,3.0,annealing_T=100_h=5,present,present,6.05,115.0,annealing_T=100_h=5,20260610-203538,phase_detection,annealing_T=75_h=25,20260530-001924,20260610-203538,1.0928860873852175
156,1652.32,278.54,39.2717,0.329402,20.0,55.3,4.0,annealing_T=100_h=5,present,present,6.05,115.0,annealing_T=100_h=5,20260610-203538,phase_detection,annealing_T=75_h=25,20260530-001924,20260610-203538,1.0928860873852175
156,1652.32,278.54,52.1612,0.372653,20.0,56.3,5.0,annealing_T=100_h=5,present,present,6.05,115.0,annealing_T=100_h=5,20260610-203538,phase_detection,annealing_T=75_h=25,20260530-001924,20260610-203538,1.0928860873852175
156,1652.32,278.54,84.7685,0.291211,20.0,58.3,7.0,annealing_T=100_h=5,present,present,6.05,115.0,annealing_T=100_h=5,20260610-203538,phase_detection,annealing_T=75_h=25,20260530-001924,20260610-203538,1.0928860873852175
157,1655.57,493.76,1.21943,0.0683938,20.0,52.3,1.0,annealing_T=100_h=5,present,present,3.7,43.0,annealing_T=100_h=5,20260610-203538,phase_detection,annealing_T=100_h=25,20260625-095817,20260610-203538,1.0448444860362296
157,1655.57,493.76,1.51488,0.176577,20.0,53.3,2.0,annealing_T=100_h=5,present,present,3.7,43.0,annealing_T=100_h=5,20260610-203538,phase_detection,annealing_T=100_h=25,20260625-095817,20260610-203538,1.0448444860362296
157,1655.57,493.76,6.13881,0.205973,20.0,54.3,3.0,annealing_T=100_h=5,present,present,3.7,43.0,annealing_T=100_h=5,20260610-203538,phase_detection,annealing_T=100_h=25,20260625-095817,20260610-203538,1.0448444860362296
157,1655.57,493.76,7.8194,0.225145,20.0,55.3,4.0,annealing_T=100_h=5,present,present,3.7,43.0,annealing_T=100_h=5,20260610-203538,phase_detection,annealing_T=100_h=25,20260625-095817,20260610-203538,1.0448444860362296
157,1655.57,493.76,10.2607,0.0963013,20.0,56.3,5.0,annealing_T=100_h=5,present,present,3.7,43.0,annealing_T=100_h=5,20260610-203538,phase_detection,annealing_T=100_h=25,20260625-095817,20260610-203538,1.0448444860362296
157,1655.57,493.76,18.793,0.290738,20.0,58.3,7.0,annealing_T=100_h=5,present,present,3.7,43.0,annealing_T=100_h=5,20260610-203538,phase_detection,annealing_T=100_h=25,20260625-095817,20260610-203538,1.0448444860362296
158,1679.09,254.63,0.671791,0.475174,20.0,52.3,1.0,annealing_T=100_h=5,present,present,5.2,85.0,annealing_T=100_h=5,20260610-203538,phase_detection,annealing_T=75_h=25,20260530-001924,20260610-203538,0.4753945729600312
158,1679.09,254.63,5.7083,0.513591,20.0,53.3,2.0,annealing_T=100_h=5,present,present,5.2,85.0,annealing_T=100_h=5,20260610-203538,phase_detection,annealing_T=75_h=25,20260530-001924,20260610-203538,0.4753945729600312
158,1679.09,254.63,12.5472,0.476004,20.0,54.3,3.0,annealing_T=100_h=5,present,present,5.2,85.0,annealing_T=100_h=5,20260610-203538,phase_detection,annealing_T=75_h=25,20260530-001924,20260610-203538,0.4753945729600312
158,1679.09,254.63,17.545,0.226915,20.0,55.3,4.0,annealing_T=100_h=5,present,present,5.2,85.0,annealing_T=100_h=5,20260610-203538,phase_detection,annealing_T=75_h=25,20260530-001924,20260610-203538,0.4753945729600312
158,1679.09,254.63,24.6386,0.316009,20.0,56.3,5.0,annealing_T=100_h=5,present,present,5.2,85.0,annealing_T=100_h=5,20260610-203538,phase_detection,annealing_T=75_h=25,20260530-001924,20260610-203538,0.4753945729600312
158,1679.09,254.63,44.8896,0.469842,20.0,58.3,7.0,annealing_T=100_h=5,present,present,5.2,85.0,annealing_T=100_h=5,20260610-203538,phase_detection,annealing_T=75_h=25,20260530-001924,20260610-203538,0.4753945729600312
159,1681.48,873.45,12.5854,0.365019,20.0,52.3,1.0,annealing_T=100_h=5,present,present,8.65,235.0,annealing_T=100_h=5,20260610-203538,phase_detection,annealing_T=125_h=25,20260827-053720,20260610-203538,0.7368174807913077
159,1681.48,873.45,37.3529,0.500736,20.0,53.3,2.0,annealing_T=100_h=5,present,present,8.65,235.0,annealing_T=100_h=5,20260610-203538,phase_detection,annealing_T=125_h=25,20260827-053720,20260610-203538,0.7368174807913077
159,1681.48,873.45,70.2177,0.547996,20.0,54.3,3.0,annealing_T=100_h=5,present,present,8.65,235.0,annealing_T=100_h=5,20260610-203538,phase_detection,annealing_T=125_h=25,20260827-053720,20260610-203538,0.7368174807913077
159,1681.48,873.45,92.9205,0.446474,20.0,55.3,4.0,annealing_T=100_h=5,present,present,8.65,235.0,annealing_T=100_h=5,20260610-203538,phase_detection,annealing_T=125_h=25,20260827-053720,20260610-203538,0.7368174807913077
159,1681.48,873.45,141.737,0.633732,20.0,56.3,5.0,annealing_T=100_h=5,present,present,8.65,235.0,annealing_T=100_h=5,20260610-203538,phase_detection,annealing_T=125_h=25,20260827-053720,20260610-203538,0.7368174807913077
159,1681.48,873.45,242.469,1.01606,20.0,58.3,7.0,annealing_T=100_h=5,present,present,8.65,235.0,annealing_T=100_h=5,20260610-203538,phase_detection,annealing_T=125_h=25,20260827-053720,20260610-203538,0.7368174807913077
160,1685.3,1029.17,0.488091,0.374656,20.0,52.3,1.0,annealing_T=100_h=5,absent,absent,4.82,73.0,annealing_T=75_h=5,20260520-085312,previous_detection,before_annealing,20260513-032137,20260610-203538,0.8070935509593287
160,1685.3,1029.17,0.793294,0.234573,20.0,53.3,2.0,annealing_T=100_h=5,absent,absent,4.82,73.0,annealing_T=75_h=5,20260520-085312,previous_detection,before_annealing,20260513-032137,20260610-203538,0.8070935509593287
160,1685.3,1029.17,2.45071,0.286722,20.0,54.3,3.0,annealing_T=100_h=5,absent,absent,4.82,73.0,annealing_T=75_h=5,20260520-085312,previous_detection,before_annealing,20260513-032137,20260610-203538,0.8070935509593287
160,1685.3,1029.17,1.22463,0.396885,20.0,55.3,4.0,annealing_T=100_h=5,absent,absent,4.82,73.0,annealing_T=75_h=5,20260520-085312,previous_detection,before_annealing,20260513-032137,20260610-203538,0.8070935509593287
160,1685.3,1029.17,2.33107,0.348298,20.0,56.3,5.0,annealing_T=100_h=5,absent,absent,4.82,73.0,annealing_T=75_h=5,20260520-085312,previous_detection,before_annealing,20260513-032137,20260610-203538,0.8070935509593287
160,1685.3,1029.17,10.4543,0.418233,20.0,58.3,7.0,annealing_T=100_h=5,absent,absent,4.82,73.0,annealing_T=75_h=5,20260520-085312,previous_detection,before_annealing,20260513-032137,20260610-203538,0.8070935509593287
161,1700.03,282.84,2.38381,0.202769,20.0,52.3,1.0,annealing_T=100_h=5,present,present,4.07,52.0,annealing_T=100_h=5,20260610-203538,phase_detection,annealing_T=125_h=25,20260827-053720,20260610-203538,0.3710795063057069
161,1700.03,282.84,-0.244823,0.109571,20.0,53.3,2.0,annealing_T=100_h=5,present,present,4.07,52.0,annealing_T=100_h=5,20260610-203538,phase_detection,annealing_T=125_h=25,20260827-053720,20260610-203538,0.3710795063057069
161,1700.03,282.84,5.49526,0.107756,20.0,54.3,3.0,annealing_T=100_h=5,present,present,4.07,52.0,annealing_T=100_h=5,20260610-203538,phase_detection,annealing_T=125_h=25,20260827-053720,20260610-203538,0.3710795063057069
161,1700.03,282.84,9.24287,0.338785,20.0,55.3,4.0,annealing_T=100_h=5,present,present,4.07,52.0,annealing_T=100_h=5,20260610-203538,phase_detection,annealing_T=125_h=25,20260827-053720,20260610-203538,0.3710795063057069
161,1700.03,282.84,15.1374,0.116206,20.0,56.3,5.0,annealing_T=100_h=5,present,present,4.07,52.0,annealing_T=100_h=5,20260610-203538,phase_detection,annealing_T=125_h=25,20260827-053720,20260610-203538,0.3710795063057069
161,1700.03,282.84,25.0203,0.345914,20.0,58.3,7.0,annealing_T=100_h=5,present,present,4.07,52.0,annealing_T=100_h=5,20260610-203538,phase_detection,annealing_T=125_h=25,20260827-053720,20260610-203538,0.3710795063057069
162,1721.59,806.61,5.79573,0.328504,20.0,52.3,1.0,annealing_T=100_h=5,present,present,6.68,140.0,annealing_T=100_h=5,20260610-203538,phase_detection,annealing_T=75_h=25,20260530-001924,20260610-203538,0.5632051136133149
162,1721.59,806.61,11.6763,0.350848,20.0,53.3,2.0,annealing_T=100_h=5,present,present,6.68,140.0,annealing_T=100_h=5,20260610-203538,phase_detection,annealing_T=75_h=25,20260530-001924,20260610-203538,0.5632051136133149
162,1721.59,806.61,20.5569,0.247643,20.0,54.3,3.0,annealing_T=100_h=5,present,present,6.68,140.0,annealing_T=100_h=5,20260610-203538,phase_detection,annealing_T=75_h=25,20260530-001924,20260610-203538,0.5632051136133149
162,1721.59,806.61,29.2964,0.421148,20.0,55.3,4.0,annealing_T=100_h=5,present,present,6.68,140.0,annealing_T=100_h=5,20260610-203538,phase_detection,annealing_T=75_h=25,20260530-001924,20260610-203538,0.5632051136133149
162,1721.59,806.61,44.7547,0.327125,20.0,56.3,5.0,annealing_T=100_h=5,present,present,6.68,140.0,annealing_T=100_h=5,20260610-203538,phase_detection,annealing_T=75_h=25,20260530-001924,20260610-203538,0.5632051136133149
162,1721.59,806.61,70.9511,0.559091,20.0,58.3,7.0,annealing_T=100_h=5,present,present,6.68,140.0,annealing_T=100_h=5,20260610-203538,phase_detection,annealing_T=75_h=25,20260530-001924,20260610-203538,0.5632051136133149
163,1732.3,722.88,154.704,1.00157,20.0,52.3,1.0,annealing_T=100_h=5,present,present,16.92,899.0,annealing_T=100_h=5,20260610-203538,phase_detection,annealing_T=75_h=25,20260530-001924,20260610-203538,0.527730992078338
163,1732.3,722.88,527.561,1.08154,20.0,53.3,2.0,annealing_T=100_h=5,present,present,16.92,899.0,annealing_T=100_h=5,20260610-203538,phase_detection,annealing_T=75_h=25,20260530-001924,20260610-203538,0.527730992078338
163,1732.3,722.88,1186.99,1.35543,20.0,54.3,3.0,annealing_T=100_h=5,present,present,16.92,899.0,annealing_T=100_h=5,20260610-203538,phase_detection,annealing_T=75_h=25,20260530-001924,20260610-203538,0.527730992078338
163,1732.3,722.88,2128.21,1.8679,20.0,55.3,4.0,annealing_T=100_h=5,present,present,16.92,899.0,annealing_T=100_h=5,20260610-203538,phase_detection,annealing_T=75_h=25,20260530-001924,20260610-203538,0.527730992078338
163,1732.3,722.88,3303.57,2.83258,20.0,56.3,5.0,annealing_T=100_h=5,present,present,16.92,899.0,annealing_T=100_h=5,20260610-203538,phase_detection,annealing_T=75_h=25,20260530-001924,20260610-203538,0.527730992078338
163,1732.3,722.88,6981.97,6.86532,20.0,58.3,7.0,annealing_T=100_h=5,present,present,16.92,899.0,annealing_T=100_h=5,20260610-203538,phase_detection,annealing_T=75_h=25,20260530-001924,20260610-203538,0.527730992078338
164,1742.86,247.17,-1.44856,0.369322,20.0,52.3,1.0,annealing_T=100_h=5,present,present,8.37,220.0,annealing_T=100_h=5,20260610-203538,phase_detection,annealing_T=75_h=5,20260520-085312,20260610-203538,0.3667424164179687
164,1742.86,247.17,2.62058,0.363468,20.0,53.3,2.0,annealing_T=100_h=5,present,present,8.37,220.0,annealing_T=100_h=5,20260610-203538,phase_detection,annealing_T=75_h=5,20260520-085312,20260610-203538,0.3667424164179687
164,1742.86,247.17,13.5645,0.436587,20.0,54.3,3.0,annealing_T=100_h=5,present,present,8.37,220.0,annealing_T=100_h=5,20260610-203538,phase_detection,annealing_T=75_h=5,20260520-085312,20260610-203538,0.3667424164179687
164,1742.86,247.17,45.4202,0.629833,20.0,55.3,4.0,annealing_T=100_h=5,present,present,8.37,220.0,annealing_T=100_h=5,20260610-203538,phase_detection,annealing_T=75_h=5,20260520-085312,20260610-203538,0.3667424164179687
164,1742.86,247.17,94.4987,0.613151,20.0,56.3,5.0,annealing_T=100_h=5,present,present,8.37,220.0,annealing_T=100_h=5,20260610-203538,phase_detection,annealing_T=75_h=5,20260520-085312,20260610-203538,0.3667424164179687
164,1742.86,247.17,229.349,0.907213,20.0,58.3,7.0,annealing_T=100_h=5,present,present,8.37,220.0,annealing_T=100_h=5,20260610-203538,phase_detection,annealing_T=75_h=5,20260520-085312,20260610-203538,0.3667424164179687
165,1767.33,829.61,3.71251,0.172275,20.0,52.3,1.0,annealing_T=100_h=5,present,present,6.13,118.0,annealing_T=100_h=5,20260610-203538,phase_detection,annealing_T=75_h=5,20260520-085312,20260610-203538,0.5246903848937697
165,1767.33,829.61,7.75384,0.230434,20.0,53.3,2.0,annealing_T=100_h=5,present,present,6.13,118.0,annealing_T=100_h=5,20260610-203538,phase_detection,annealing_T=75_h=5,20260520-085312,20260610-203538,0.5246903848937697
165,1767.33,829.61,12.6635,0.173938,20.0,54.3,3.0,annealing_T=100_h=5,present,present,6.13,118.0,annealing_T=100_h=5,20260610-203538,phase_detection,annealing_T=75_h=5,20260520-085312,20260610-203538,0.5246903848937697
165,1767.33,829.61,20.0949,0.276807,20.0,55.3,4.0,annealing_T=100_h=5,present,present,6.13,118.0,annealing_T=100_h=5,20260610-203538,phase_detection,annealing_T=75_h=5,20260520-085312,20260610-203538,0.5246903848937697
165,1767.33,829.61,29.7414,0.366853,20.0,56.3,5.0,annealing_T=100_h=5,present,present,6.13,118.0,annealing_T=100_h=5,20260610-203538,phase_detection,annealing_T=75_h=5,20260520-085312,20260610-203538,0.5246903848937697
165,1767.33,829.61,38.7485,0.457196,20.0,58.3,7.0,annealing_T=100_h=5,present,present,6.13,118.0,annealing_T=100_h=5,20260610-203538,phase_detection,annealing_T=75_h=5,20260520-085312,20260610-203538,0.5246903848937697
166,1768.95,209.14,7.48305,0.672234,20.0,52.3,1.0,annealing_T=100_h=5,present,present,14.63,672.0,annealing_T=100_h=5,20260610-203538,phase_detection,annealing_T=75_h=5,20260520-085312,20260610-203538,0.4614108798022639
166,1768.95,209.14,43.9972,0.828009,20.0,53.3,2.0,annealing_T=100_h=5,present,present,14.63,672.0,annealing_T=100_h=5,20260610-203538,phase_detection,annealing_T=75_h=5,20260520-085312,20260610-203538,0.4614108798022639
166,1768.95,209.14,92.3865,0.880432,20.0,54.3,3.0,annealing_T=100_h=5,present,present,14.63,672.0,annealing_T=100_h=5,20260610-203538,phase_detection,annealing_T=75_h=5,20260520-085312,20260610-203538,0.4614108798022639
166,1768.95,209.14,159.182,0.894081,20.0,55.3,4.0,annealing_T=100_h=5,present,present,14.63,672.0,annealing_T=100_h=5,20260610-203538,phase_detection,annealing_T=75_h=5,20260520-085312,20260610-203538,0.4614108798022639
166,1768.95,209.14,271.46,1.1348,20.0,56.3,5.0,annealing_T=100_h=5,present,present,14.63,672.0,annealing_T=100_h=5,20260610-203538,phase_detection,annealing_T=75_h=5,20260520-085312,20260610-203538,0.4614108798022639
166,1768.95,209.14,633.898,1.54286,20.0,58.3,7.0,annealing_T=100_h=5,present,present,14.63,672.0,annealing_T=100_h=5,20260610-203538,phase_detection,annealing_T=75_h=5,20260520-085312,20260610-203538,0.4614108798022639
167,1772.08,478.6,43.6192,0.409113,20.0,52.3,1.0,annealing_T=100_h=5,present,present,9.72,297.0,annealing_T=100_h=5,20260610-203538,phase_detection,annealing_T=100_h=5,20260610-203538,20260610-203538,0.4272001872659338
167,1772.08,478.6,124.643,0.33816,20.0,53.3,2.0,annealing_T=100_h=5,present,present,9.72,297.0,annealing_T=100_h=5,20260610-203538,phase_detection,annealing_T=100_h=5,20260610-203538,20260610-203538,0.4272001872659338
167,1772.08,478.6,212.703,0.516356,20.0,54.3,3.0,annealing_T=100_h=5,present,present,9.72,297.0,annealing_T=100_h=5,20260610-203538,phase_detection,annealing_T=100_h=5,20260610-203538,20260610-203538,0.4272001872659338
167,1772.08,478.6,311.63,0.464556,20.0,55.3,4.0,annealing_T=100_h=5,present,present,9.72,297.0,annealing_T=100_h=5,20260610-203538,phase_detection,annealing_T=100_h=5,20260610-203538,20260610-203538,0.4272001872659338
167,1772.08,478.6,447.836,0.839057,20.0,56.3,5.0,annealing_T=100_h=5,present,present,9.72,297.0,annealing_T=100_h=5,20260610-203538,phase_detection,annealing_T=100_h=5,20260610-203538,20260610-203538,0.4272001872659338
167,1772.08,478.6,733.517,1.30468,20.0,58.3,7.0,annealing_T=100_h=5,present,present,9.72,297.0,annealing_T=100_h=5,20260610-203538,phase_detection,annealing_T=100_h=5,20260610-203538,20260610-203538,0.4272001872659338
168,1777.82,1062.37,5.82378,0.353431,20.0,52.3,1.0,annealing_T=100_h=5,present,present,7.86,194.0,annealing_T=100_h=5,20260610-203538,phase_detection,annealing_T=75_h=5,20260520-085312,20260610-203538,0.8309632964218527
168,1777.82,1062.37,24.5473,0.571816,20.0,53.3,2.0,annealing_T=100_h=5,present,present,7.86,194.0,annealing_T=100_h=5,20260610-203538,phase_detection,annealing_T=75_h=5,20260520-085312,20260610-203538,0.8309632964218527
168,1777.82,1062.37,43.3158,0.593094,20.0,54.3,3.0,annealing_T=100_h=5,present,present,7.86,194.0,annealing_T=100_h=5,20260610-203538,phase_detection,annealing_T=75_h=5,20260520-085312,20260610-203538,0.8309632964218527
168,1777.82,1062.37,74.5912,0.64331,20.0,55.3,4.0,annealing_T=100_h=5,present,present,7.86,194.0,annealing_T=100_h=5,20260610-203538,phase_detection,annealing_T=75_h=5,20260520-085312,20260610-203538,0.8309632964218527
168,1777.82,1062.37,127.412,0.98448,20.0,56.3,5.0,annealing_T=100_h=5,present,present,7.86,194.0,annealing_T=100_h=5,20260610-203538,phase_detection,annealing_T=75_h=5,20260520-085312,20260610-203538,0.8309632964218527
168,1777.82,1062.37,297.982,1.37289,20.0,58.3,7.0,annealing_T=100_h=5,present,present,7.86,194.0,annealing_T=100_h=5,20260610-203538,phase_detection,annealing_T=75_h=5,20260520-085312,20260610-203538,0.8309632964218527
169,1782.22,556.18,5.86065,0.455203,20.0,52.3,1.0,annealing_T=100_h=5,present,present,8.56,230.0,annealing_T=100_h=5,20260610-203538,phase_detection,annealing_T=75_h=5,20260520-085312,20260610-203538,0.5590169943748864
169,1782.22,556.18,33.8749,0.443595,20.0,53.3,2.0,annealing_T=100_h=5,present,present,8.56,230.0,annealing_T=100_h=5,20260610-203538,phase_detection,annealing_T=75_h=5,20260520-085312,20260610-203538,0.5590169943748864
169,1782.22,556.18,59.8939,0.512765,20.0,54.3,3.0,annealing_T=100_h=5,present,present,8.56,230.0,annealing_T=100_h=5,20260610-203538,phase_detection,annealing_T=75_h=5,20260520-085312,20260610-203538,0.5590169943748864
169,1782.22,556.18,100.415,0.514096,20.0,55.3,4.0,annealing_T=100_h=5,present,present,8.56,230.0,annealing_T=100_h=5,20260610-203538,phase_detection,annealing_T=75_h=5,20260520-085312,20260610-203538,0.5590169943748864
169,1782.22,556.18,139.325,0.750521,20.0,56.3,5.0,annealing_T=100_h=5,present,present,8.56,230.0,annealing_T=100_h=5,20260610-203538,phase_detection,annealing_T=75_h=5,20260520-085312,20260610-203538,0.5590169943748864
169,1782.22,556.18,228.572,0.985683,20.0,58.3,7.0,annealing_T=100_h=5,present,present,8.56,230.0,annealing_T=100_h=5,20260610-203538,phase_detection,annealing_T=75_h=5,20260520-085312,20260610-203538,0.5590169943748864
170,1820.62,357.15,13.6799,0.494107,20.0,52.3,1.0,annealing_T=100_h=5,present,present,9.56,287.0,annealing_T=100_h=5,20260610-203538,phase_detection,annealing_T=125_h=25,20260827-053720,20260610-203538,0.2701851217222
170,1820.62,357.15,47.4035,0.489051,20.0,53.3,2.0,annealing_T=100_h=5,present,present,9.56,287.0,annealing_T=100_h=5,20260610-203538,phase_detection,annealing_T=125_h=25,20260827-053720,20260610-203538,0.2701851217222
170,1820.62,357.15,123.777,0.819685,20.0,54.3,3.0,annealing_T=100_h=5,present,present,9.56,287.0,annealing_T=100_h=5,20260610-203538,phase_detection,annealing_T=125_h=25,20260827-053720,20260610-203538,0.2701851217222
170,1820.62,357.15,232.664,0.903303,20.0,55.3,4.0,annealing_T=100_h=5,present,present,9.56,287.0,annealing_T=100_h=5,20260610-203538,phase_detection,annealing_T=125_h=25,20260827-053720,20260610-203538,0.2701851217222
170,1820.62,357.15,376.925,0.989694,20.0,56.3,5.0,annealing_T=100_h=5,present,present,9.56,287.0,annealing_T=100_h=5,20260610-203538,phase_detection,annealing_T=125_h=25,20260827-053720,20260610-203538,0.2701851217222
170,1820.62,357.15,869.266,2.17368,20.0,58.3,7.0,annealing_T=100_h=5,present,present,9.56,287.0,annealing_T=100_h=5,20260610-203538,phase_detection,annealing_T=125_h=25,20260827-053720,20260610-203538,0.2701851217222
171,1820.84,993.81,1.94883,0.44913,20.0,52.3,1.0,annealing_T=100_h=5,present,present,9.1,260.0,annealing_T=100_h=5,20260610-203538,phase_detection,annealing_T=100_h=5,20260610-203538,20260610-203538,0.8544003745318809
171,1820.84,993.81,15.2129,0.59501,20.0,53.3,2.0,annealing_T=100_h=5,present,present,9.1,260.0,annealing_T=100_h=5,20260610-203538,phase_detection,annealing_T=100_h=5,20260610-203538,20260610-203538,0.8544003745318809
171,1820.84,993.81,19.9883,0.492054,20.0,54.3,3.0,annealing_T=100_h=5,present,present,9.1,260.0,annealing_T=100_h=5,20260610-203538,phase_detection,annealing_T=100_h=5,20260610-203538,20260610-203538,0.8544003745318809
171,1820.84,993.81,36.6548,0.665732,20.0,55.3,4.0,annealing_T=100_h=5,present,present,9.1,260.0,annealing_T=100_h=5,20260610-203538,phase_detection,annealing_T=100_h=5,20260610-203538,20260610-203538,0.8544003745318809
171,1820.84,993.81,286.884,0.735494,20.0,56.3,5.0,annealing_T=100_h=5,present,present,9.1,260.0,annealing_T=100_h=5,20260610-203538,phase_detection,annealing_T=100_h=5,20260610-203538,20260610-203538,0.8544003745318809
171,1820.84,993.81,506.926,1.43445,20.0,58.3,7.0,annealing_T=100_h=5,present,present,9.1,260.0,annealing_T=100_h=5,20260610-203538,phase_detection,annealing_T=100_h=5,20260610-203538,20260610-203538,0.8544003745318809
172,1845.6,888.29,12.0029,0.514762,20.0,52.3,1.0,annealing_T=100_h=5,present,present,10.01,315.0,annealing_T=100_h=5,20260610-203538,phase_detection,annealing_T=125_h=25,20260827-053720,20260610-203538,0.9047098982545909
172,1845.6,888.29,34.1769,0.52425,20.0,53.3,2.0,annealing_T=100_h=5,present,present,10.01,315.0,annealing_T=100_h=5,20260610-203538,phase_detection,annealing_T=125_h=25,20260827-053720,20260610-203538,0.9047098982545909
172,1845.6,888.29,75.8456,0.602413,20.0,54.3,3.0,annealing_T=100_h=5,present,present,10.01,315.0,annealing_T=100_h=5,20260610-203538,phase_detection,annealing_T=125_h=25,20260827-053720,20260610-203538,0.9047098982545909
172,1845.6,888.29,176.088,1.33402,20.0,55.3,4.0,annealing_T=100_h=5,present,present,10.01,315.0,annealing_T=100_h=5,20260610-203538,phase_detection,annealing_T=125_h=25,20260827-053720,20260610-203538,0.9047098982545909
172,1845.6,888.29,163.888,1.018,20.0,56.3,5.0,annealing_T=100_h=5,present,present,10.01,315.0,annealing_T=100_h=5,20260610-203538,phase_detection,annealing_T=125_h=25,20260827-053720,20260610-203538,0.9047098982545909
172,1845.6,888.29,419.757,3.31097,20.0,58.3,7.0,annealing_T=100_h=5,present,present,10.01,315.0,annealing_T=100_h=5,20260610-203538,phase_detection,annealing_T=125_h=25,20260827-053720,20260610-203538,0.9047098982545909
173,1851.14,558.46,24.0412,0.770175,20.0,52.3,1.0,annealing_T=100_h=5,present,present,11.56,420.0,annealing_T=100_h=5,20260610-203538,phase_detection,annealing_T=75_h=25,20260530-001924,20260610-203538,0.5092150822587876
173,1851.14,558.46,82.3966,0.879768,20.0,53.3,2.0,annealing_T=100_h=5,present,present,11.56,420.0,annealing_T=100_h=5,20260610-203538,phase_detection,annealing_T=75_h=25,20260530-001924,20260610-203538,0.5092150822587876
173,1851.14,558.46,175.301,0.798313,20.0,54.3,3.0,annealing_T=100_h=5,present,present,11.56,420.0,annealing_T=100_h=5,20260610-203538,phase_detection,annealing_T=75_h=25,20260530-001924,20260610-203538,0.5092150822587876
173,1851.14,558.46,276.893,1.18755,20.0,55.3,4.0,annealing_T=100_h=5,present,present,11.56,420.0,annealing_T=100_h=5,20260610-203538,phase_detection,annealing_T=75_h=25,20260530-001924,20260610-203538,0.5092150822587876
173,1851.14,558.46,418.83,1.42828,20.0,56.3,5.0,annealing_T=100_h=5,present,present,11.56,420.0,annealing_T=100_h=5,20260610-203538,phase_detection,annealing_T=75_h=25,20260530-001924,20260610-203538,0.5092150822587876
173,1851.14,558.46,738.208,2.47049,20.0,58.3,7.0,annealing_T=100_h=5,present,present,11.56,420.0,annealing_T=100_h=5,20260610-203538,phase_detection,annealing_T=75_h=25,20260530-001924,20260610-203538,0.5092150822587876
174,1860.42,97.05,5.76149,0.69625,20.0,52.3,1.0,annealing_T=100_h=5,present,present,10.93,375.0,annealing_T=100_h=5,20260610-203538,phase_detection,annealing_T=100_h=5,20260610-203538,20260610-203538,0.476340214552546
174,1860.42,97.05,9.26149,0.684992,20.0,53.3,2.0,annealing_T=100_h=5,present,present,10.93,375.0,annealing_T=100_h=5,20260610-203538,phase_detection,annealing_T=100_h=5,20260610-203538,20260610-203538,0.476340214552546
174,1860.42,97.05,22.6447,0.829573,20.0,54.3,3.0,annealing_T=100_h=5,present,present,10.93,375.0,annealing_T=100_h=5,20260610-203538,phase_detection,annealing_T=100_h=5,20260610-203538,20260610-203538,0.476340214552546
174,1860.42,97.05,41.2755,0.803415,20.0,55.3,4.0,annealing_T=100_h=5,present,present,10.93,375.0,annealing_T=100_h=5,20260610-203538,phase_detection,annealing_T=100_h=5,20260610-203538,20260610-203538,0.476340214552546
174,1860.42,97.05,710.695,6.83042,20.0,56.3,5.0,annealing_T=100_h=5,present,present,10.93,375.0,annealing_T=100_h=5,20260610-203538,phase_detection,annealing_T=100_h=5,20260610-203538,20260610-203538,0.476340214552546
174,1860.42,97.05,1927.6,2.77142,20.0,58.3,7.0,annealing_T=100_h=5,present,present,10.93,375.0,annealing_T=100_h=5,20260610-203538,phase_detection,annealing_T=100_h=5,20260610-203538,20260610-203538,0.476340214552546
175,1874.25,863.81,-1.03881,0.352951,20.0,52.3,1.0,annealing_T=100_h=5,absent,disappeared,4.89,75.0,annealing_T=75_h=25,20260530-001924,previous_detection,annealing_T=75_h=5,20260520-085312,20260610-203538,0.6300793600810436
175,1874.25,863.81,-1.32835,0.272803,20.0,53.3,2.0,annealing_T=100_h=5,absent,disappeared,4.89,75.0,annealing_T=75_h=25,20260530-001924,previous_detection,annealing_T=75_h=5,20260520-085312,20260610-203538,0.6300793600810436
175,1874.25,863.81,1.74742,0.384368,20.0,54.3,3.0,annealing_T=100_h=5,absent,disappeared,4.89,75.0,annealing_T=75_h=25,20260530-001924,previous_detection,annealing_T=75_h=5,20260520-085312,20260610-203538,0.6300793600810436
175,1874.25,863.81,2.70697,0.179958,20.0,55.3,4.0,annealing_T=100_h=5,absent,disappeared,4.89,75.0,annealing_T=75_h=25,20260530-001924,previous_detection,annealing_T=75_h=5,20260520-085312,20260610-203538,0.6300793600810436
175,1874.25,863.81,-1.05085,0.346017,20.0,56.3,5.0,annealing_T=100_h=5,absent,disappeared,4.89,75.0,annealing_T=75_h=25,20260530-001924,previous_detection,annealing_T=75_h=5,20260520-085312,20260610-203538,0.6300793600810436
175,1874.25,863.81,8.41278,0.489892,20.0,58.3,7.0,annealing_T=100_h=5,absent,disappeared,4.89,75.0,annealing_T=75_h=25,20260530-001924,previous_detection,annealing_T=75_h=5,20260520-085312,20260610-203538,0.6300793600810436
176,1889.5,256.26,3.69113,0.516754,20.0,52.3,1.0,annealing_T=100_h=5,present,present,11.16,391.0,annealing_T=100_h=5,20260610-203538,phase_detection,annealing_T=75_h=25,20260530-001924,20260610-203538,0.32280024783133593
176,1889.5,256.26,41.8194,0.673992,20.0,53.3,2.0,annealing_T=100_h=5,present,present,11.16,391.0,annealing_T=100_h=5,20260610-203538,phase_detection,annealing_T=75_h=25,20260530-001924,20260610-203538,0.32280024783133593
176,1889.5,256.26,70.921,0.692005,20.0,54.3,3.0,annealing_T=100_h=5,present,present,11.16,391.0,annealing_T=100_h=5,20260610-203538,phase_detection,annealing_T=75_h=25,20260530-001924,20260610-203538,0.32280024783133593
176,1889.5,256.26,131.932,0.759272,20.0,55.3,4.0,annealing_T=100_h=5,present,present,11.16,391.0,annealing_T=100_h=5,20260610-203538,phase_detection,annealing_T=75_h=25,20260530-001924,20260610-203538,0.32280024783133593
176,1889.5,256.26,228.013,0.889189,20.0,56.3,5.0,annealing_T=100_h=5,present,present,11.16,391.0,annealing_T=100_h=5,20260610-203538,phase_detection,annealing_T=75_h=25,20260530-001924,20260610-203538,0.32280024783133593
176,1889.5,256.26,509.558,1.47811,20.0,58.3,7.0,annealing_T=100_h=5,present,present,11.16,391.0,annealing_T=100_h=5,20260610-203538,phase_detection,annealing_T=75_h=25,20260530-001924,20260610-203538,0.32280024783133593
177,1892.28,291.62,8.71411,0.390689,20.0,52.3,1.0,annealing_T=100_h=5,present,present,10.73,362.0,annealing_T=100_h=5,20260610-203538,phase_detection,before_annealing,20260513-032137,20260610-203538,0.34132096331744133
177,1892.28,291.62,27.1155,0.419095,20.0,53.3,2.0,annealing_T=100_h=5,present,present,10.73,362.0,annealing_T=100_h=5,20260610-203538,phase_detection,before_annealing,20260513-032137,20260610-203538,0.34132096331744133
177,1892.28,291.62,53.6447,0.548779,20.0,54.3,3.0,annealing_T=100_h=5,present,present,10.73,362.0,annealing_T=100_h=5,20260610-203538,phase_detection,before_annealing,20260513-032137,20260610-203538,0.34132096331744133
177,1892.28,291.62,73.3776,0.48364,20.0,55.3,4.0,annealing_T=100_h=5,present,present,10.73,362.0,annealing_T=100_h=5,20260610-203538,phase_detection,before_annealing,20260513-032137,20260610-203538,0.34132096331744133
177,1892.28,291.62,110.622,0.590987,20.0,56.3,5.0,annealing_T=100_h=5,present,present,10.73,362.0,annealing_T=100_h=5,20260610-203538,phase_detection,before_annealing,20260513-032137,20260610-203538,0.34132096331744133
177,1892.28,291.62,207.227,0.865259,20.0,58.3,7.0,annealing_T=100_h=5,present,present,10.73,362.0,annealing_T=100_h=5,20260610-203538,phase_detection,before_annealing,20260513-032137,20260610-203538,0.34132096331744133
178,1896.85,1049.27,0.888296,0.490166,20.0,52.3,1.0,annealing_T=100_h=5,present,present,5.86,108.0,annealing_T=100_h=5,20260610-203538,phase_detection,annealing_T=125_h=5,20260723-075232,20260610-203538,1.155205609404725
178,1896.85,1049.27,3.92588,0.296506,20.0,53.3,2.0,annealing_T=100_h=5,present,present,5.86,108.0,annealing_T=100_h=5,20260610-203538,phase_detection,annealing_T=125_h=5,20260723-075232,20260610-203538,1.155205609404725
178,1896.85,1049.27,6.43872,0.548975,20.0,54.3,3.0,annealing_T=100_h=5,present,present,5.86,108.0,annealing_T=100_h=5,20260610-203538,phase_detection,annealing_T=125_h=5,20260723-075232,20260610-203538,1.155205609404725
178,1896.85,1049.27,15.5776,0.494647,20.0,55.3,4.0,annealing_T=100_h=5,present,present,5.86,108.0,annealing_T=100_h=5,20260610-203538,phase_detection,annealing_T=125_h=5,20260723-075232,20260610-203538,1.155205609404725
178,1896.85,1049.27,33.3614,0.772421,20.0,56.3,5.0,annealing_T=100_h=5,present,present,5.86,108.0,annealing_T=100_h=5,20260610-203538,phase_detection,annealing_T=125_h=5,20260723-075232,20260610-203538,1.155205609404725
178,1896.85,1049.27,89.5894,0.895357,20.0,58.3,7.0,annealing_T=100_h=5,present,present,5.86,108.0,annealing_T=100_h=5,20260610-203538,phase_detection,annealing_T=125_h=5,20260723-075232,20260610-203538,1.155205609404725
179,1913.03,271.03,-1.30753,0.214522,20.0,52.3,1.0,annealing_T=100_h=5,absent,absent,3.78,45.0,annealing_T=75_h=5,20260520-085312,previous_detection,annealing_T=75_h=5,20260520-085312,20260610-203538,0.8256512580986718
179,1913.03,271.03,0.132819,0.207877,20.0,53.3,2.0,annealing_T=100_h=5,absent,absent,3.78,45.0,annealing_T=75_h=5,20260520-085312,previous_detection,annealing_T=75_h=5,20260520-085312,20260610-203538,0.8256512580986718
179,1913.03,271.03,0.575678,0.0874539,20.0,54.3,3.0,annealing_T=100_h=5,absent,absent,3.78,45.0,annealing_T=75_h=5,20260520-085312,previous_detection,annealing_T=75_h=5,20260520-085312,20260610-203538,0.8256512580986718
179,1913.03,271.03,1.71498,0.0988017,20.0,55.3,4.0,annealing_T=100_h=5,absent,absent,3.78,45.0,annealing_T=75_h=5,20260520-085312,previous_detection,annealing_T=75_h=5,20260520-085312,20260610-203538,0.8256512580986718
179,1913.03,271.03,1.51842,0.107358,20.0,56.3,5.0,annealing_T=100_h=5,absent,absent,3.78,45.0,annealing_T=75_h=5,20260520-085312,previous_detection,annealing_T=75_h=5,20260520-085312,20260610-203538,0.8256512580986718
179,1913.03,271.03,4.12662,0.306249,20.0,58.3,7.0,annealing_T=100_h=5,absent,absent,3.78,45.0,annealing_T=75_h=5,20260520-085312,previous_detection,annealing_T=75_h=5,20260520-085312,20260610-203538,0.8256512580986718
180,262.08,494.25,-0.399116,0.202696,20.0,52.3,1.0,annealing_T=100_h=5,present,reappeared,3.61,41.0,annealing_T=100_h=5,20260610-203538,phase_detection,annealing_T=150_h=5,20260908-043207,20260610-203538,0.4804164859785923
180,262.08,494.25,2.01783,0.212864,20.0,53.3,2.0,annealing_T=100_h=5,present,reappeared,3.61,41.0,annealing_T=100_h=5,20260610-203538,phase_detection,annealing_T=150_h=5,20260908-043207,20260610-203538,0.4804164859785923
180,262.08,494.25,4.69392,0.112689,20.0,54.3,3.0,annealing_T=100_h=5,present,reappeared,3.61,41.0,annealing_T=100_h=5,20260610-203538,phase_detection,annealing_T=150_h=5,20260908-043207,20260610-203538,0.4804164859785923
180,262.08,494.25,6.33563,0.125592,20.0,55.3,4.0,annealing_T=100_h=5,present,reappeared,3.61,41.0,annealing_T=100_h=5,20260610-203538,phase_detection,annealing_T=150_h=5,20260908-043207,20260610-203538,0.4804164859785923
180,262.08,494.25,9.50882,0.291841,20.0,56.3,5.0,annealing_T=100_h=5,present,reappeared,3.61,41.0,annealing_T=100_h=5,20260610-203538,phase_detection,annealing_T=150_h=5,20260908-043207,20260610-203538,0.4804164859785923
180,262.08,494.25,18.5058,0.38851,20.0,58.3,7.0,annealing_T=100_h=5,present,reappeared,3.61,41.0,annealing_T=100_h=5,20260610-203538,phase_detection,annealing_T=150_h=5,20260908-043207,20260610-203538,0.4804164859785923
181,900.02,254.78,-0.074943,0.137498,20.0,52.3,1.0,annealing_T=100_h=5,absent,disappeared,4.33,59.0,annealing_T=75_h=25,20260530-001924,previous_detection,annealing_T=75_h=25,20260530-001924,20260610-203538,1.948332620473196
181,900.02,254.78,1.92892,0.106614,20.0,53.3,2.0,annealing_T=100_h=5,absent,disappeared,4.33,59.0,annealing_T=75_h=25,20260530-001924,previous_detection,annealing_T=75_h=25,20260530-001924,20260610-203538,1.948332620473196
181,900.02,254.78,5.69022,0.15212,20.0,54.3,3.0,annealing_T=100_h=5,absent,disappeared,4.33,59.0,annealing_T=75_h=25,20260530-001924,previous_detection,annealing_T=75_h=25,20260530-001924,20260610-203538,1.948332620473196
181,900.02,254.78,7.56526,0.260651,20.0,55.3,4.0,annealing_T=100_h=5,absent,disappeared,4.33,59.0,annealing_T=75_h=25,20260530-001924,previous_detection,annealing_T=75_h=25,20260530-001924,20260610-203538,1.948332620473196
181,900.02,254.78,8.302,0.249553,20.0,56.3,5.0,annealing_T=100_h=5,absent,disappeared,4.33,59.0,annealing_T=75_h=25,20260530-001924,previous_detection,annealing_T=75_h=25,20260530-001924,20260610-203538,1.948332620473196
181,900.02,254.78,10.2742,0.188411,20.0,58.3,7.0,annealing_T=100_h=5,absent,disappeared,4.33,59.0,annealing_T=75_h=25,20260530-001924,previous_detection,annealing_T=75_h=25,20260530-001924,20260610-203538,1.948332620473196
182,1325.75,428.92,0.876538,0.0532705,20.0,52.3,1.0,annealing_T=100_h=5,absent,absent,3.29,34.0,annealing_T=75_h=5,20260520-085312,previous_detection,annealing_T=125_h=5,20260723-075232,20260610-203538,
182,1325.75,428.92,1.96307,0.0758249,20.0,53.3,2.0,annealing_T=100_h=5,absent,absent,3.29,34.0,annealing_T=75_h=5,20260520-085312,previous_detection,annealing_T=125_h=5,20260723-075232,20260610-203538,
182,1325.75,428.92,2.40661,0.181974,20.0,54.3,3.0,annealing_T=100_h=5,absent,absent,3.29,34.0,annealing_T=75_h=5,20260520-085312,previous_detection,annealing_T=125_h=5,20260723-075232,20260610-203538,
182,1325.75,428.92,3.20361,0.0818936,20.0,55.3,4.0,annealing_T=100_h=5,absent,absent,3.29,34.0,annealing_T=75_h=5,20260520-085312,previous_detection,annealing_T=125_h=5,20260723-075232,20260610-203538,
182,1325.75,428.92,3.58091,0.280998,20.0,56.3,5.0,annealing_T=100_h=5,absent,absent,3.29,34.0,annealing_T=75_h=5,20260520-085312,previous_detection,annealing_T=125_h=5,20260723-075232,20260610-203538,
182,1325.75,428.92,6.64242,0.237338,20.0,58.3,7.0,annealing_T=100_h=5,absent,absent,3.29,34.0,annealing_T=75_h=5,20260520-085312,previous_detection,annealing_T=125_h=5,20260723-075232,20260610-203538,
183,1407.2,172.45,0.795224,0.162943,20.0,52.3,1.0,annealing_T=100_h=5,absent,absent,3.14,31.0,annealing_T=75_h=5,20260520-085312,previous_detection,annealing_T=75_h=5,20260520-085312,20260610-203538,
183,1407.2,172.45,1.45489,0.234709,20.0,53.3,2.0,annealing_T=100_h=5,absent,absent,3.14,31.0,annealing_T=75_h=5,20260520-085312,previous_detection,annealing_T=75_h=5,20260520-085312,20260610-203538,
183,1407.2,172.45,3.67125,0.146192,20.0,54.3,3.0,annealing_T=100_h=5,absent,absent,3.14,31.0,annealing_T=75_h=5,20260520-085312,previous_detection,annealing_T=75_h=5,20260520-085312,20260610-203538,
183,1407.2,172.45,4.13176,0.183761,20.0,55.3,4.0,annealing_T=100_h=5,absent,absent,3.14,31.0,annealing_T=75_h=5,20260520-085312,previous_detection,annealing_T=75_h=5,20260520-085312,20260610-203538,
183,1407.2,172.45,5.31203,0.123206,20.0,56.3,5.0,annealing_T=100_h=5,absent,absent,3.14,31.0,annealing_T=75_h=5,20260520-085312,previous_detection,annealing_T=75_h=5,20260520-085312,20260610-203538,
183,1407.2,172.45,9.54956,0.0929747,20.0,58.3,7.0,annealing_T=100_h=5,absent,absent,3.14,31.0,annealing_T=75_h=5,20260520-085312,previous_detection,annealing_T=75_h=5,20260520-085312,20260610-203538,
184,119.83,435.81,1.95942,0.100663,20.0,52.3,1.0,annealing_T=100_h=5,present,present,2.88,26.0,annealing_T=100_h=5,20260610-203538,phase_detection,annealing_T=75_h=25,20260530-001924,20260610-203538,1.991230775173989
184,119.83,435.81,0.914664,0.261296,20.0,53.3,2.0,annealing_T=100_h=5,present,present,2.88,26.0,annealing_T=100_h=5,20260610-203538,phase_detection,annealing_T=75_h=25,20260530-001924,20260610-203538,1.991230775173989
184,119.83,435.81,2.64874,0.0911761,20.0,54.3,3.0,annealing_T=100_h=5,present,present,2.88,26.0,annealing_T=100_h=5,20260610-203538,phase_detection,annealing_T=75_h=25,20260530-001924,20260610-203538,1.991230775173989
184,119.83,435.81,3.78205,0.155172,20.0,55.3,4.0,annealing_T=100_h=5,present,present,2.88,26.0,annealing_T=100_h=5,20260610-203538,phase_detection,annealing_T=75_h=25,20260530-001924,20260610-203538,1.991230775173989
184,119.83,435.81,6.87733,0.164923,20.0,56.3,5.0,annealing_T=100_h=5,present,present,2.88,26.0,annealing_T=100_h=5,20260610-203538,phase_detection,annealing_T=75_h=25,20260530-001924,20260610-203538,1.991230775173989
184,119.83,435.81,12.0824,0.42051,20.0,58.3,7.0,annealing_T=100_h=5,present,present,2.88,26.0,annealing_T=100_h=5,20260610-203538,phase_detection,annealing_T=75_h=25,20260530-001924,20260610-203538,1.991230775173989
185,587.46,495.16,-0.841371,0.0859222,20.0,52.3,1.0,annealing_T=100_h=5,present,present,4.48,63.0,annealing_T=100_h=5,20260610-203538,phase_detection,annealing_T=100_h=5,20260610-203538,20260610-203538,1.5883639381451706
185,587.46,495.16,0.581968,0.210054,20.0,53.3,2.0,annealing_T=100_h=5,present,present,4.48,63.0,annealing_T=100_h=5,20260610-203538,phase_detection,annealing_T=100_h=5,20260610-203538,20260610-203538,1.5883639381451706
185,587.46,495.16,0.128458,0.122863,20.0,54.3,3.0,annealing_T=100_h=5,present,present,4.48,63.0,annealing_T=100_h=5,20260610-203538,phase_detection,annealing_T=100_h=5,20260610-203538,20260610-203538,1.5883639381451706
185,587.46,495.16,4.33976,0.335825,20.0,55.3,4.0,annealing_T=100_h=5,present,present,4.48,63.0,annealing_T=100_h=5,20260610-203538,phase_detection,annealing_T=100_h=5,20260610-203538,20260610-203538,1.5883639381451706
185,587.46,495.16,20.3963,0.405435,20.0,56.3,5.0,annealing_T=100_h=5,present,present,4.48,63.0,annealing_T=100_h=5,20260610-203538,phase_detection,annealing_T=100_h=5,20260610-203538,20260610-203538,1.5883639381451706
185,587.46,495.16,144.102,0.594163,20.0,58.3,7.0,annealing_T=100_h=5,present,present,4.48,63.0,annealing_T=100_h=5,20260610-203538,phase_detection,annealing_T=100_h=5,20260610-203538,20260610-203538,1.5883639381451706
186,692.07,844.39,-0.98158,0.151628,20.0,52.3,1.0,annealing_T=100_h=5,absent,disappeared,2.99,28.0,annealing_T=75_h=25,20260530-001924,previous_detection,annealing_T=75_h=25,20260530-001924,20260610-203538,
186,692.07,844.39,1.50632,0.0401826,20.0,53.3,2.0,annealing_T=100_h=5,absent,disappeared,2.99,28.0,annealing_T=75_h=25,20260530-001924,previous_detection,annealing_T=75_h=25,20260530-001924,20260610-203538,
186,692.07,844.39,2.48828,0.174508,20.0,54.3,3.0,annealing_T=100_h=5,absent,disappeared,2.99,28.0,annealing_T=75_h=25,20260530-001924,previous_detection,annealing_T=75_h=25,20260530-001924,20260610-203538,
186,692.07,844.39,3.0241,0.0529764,20.0,55.3,4.0,annealing_T=100_h=5,absent,disappeared,2.99,28.0,annealing_T=75_h=25,20260530-001924,previous_detection,annealing_T=75_h=25,20260530-001924,20260610-203538,
186,692.07,844.39,4.1942,0.173781,20.0,56.3,5.0,annealing_T=100_h=5,absent,disappeared,2.99,28.0,annealing_T=75_h=25,20260530-001924,previous_detection,annealing_T=75_h=25,20260530-001924,20260610-203538,
186,692.07,844.39,6.68174,0.0685881,20.0,58.3,7.0,annealing_T=100_h=5,absent,disappeared,2.99,28.0,annealing_T=75_h=25,20260530-001924,previous_detection,annealing_T=75_h=25,20260530-001924,20260610-203538,
187,823.07,608.52,-1.43435,0.428226,20.0,52.3,1.0,annealing_T=100_h=5,absent,disappeared,6.6,137.0,annealing_T=75_h=25,20260530-001924,previous_detection,annealing_T=75_h=25,20260530-001924,20260610-203538,
187,823.07,608.52,-0.145869,0.302569,20.0,53.3,2.0,annealing_T=100_h=5,absent,disappeared,6.6,137.0,annealing_T=75_h=25,20260530-001924,previous_detection,annealing_T=75_h=25,20260530-001924,20260610-203538,
187,823.07,608.52,-0.630763,0.543557,20.0,54.3,3.0,annealing_T=100_h=5,absent,disappeared,6.6,137.0,annealing_T=75_h=25,20260530-001924,previous_detection,annealing_T=75_h=25,20260530-001924,20260610-203538,
187,823.07,608.52,2.18401,0.488654,20.0,55.3,4.0,annealing_T=100_h=5,absent,disappeared,6.6,137.0,annealing_T=75_h=25,20260530-001924,previous_detection,annealing_T=75_h=25,20260530-001924,20260610-203538,
187,823.07,608.52,-2.62426,0.396582,20.0,56.3,5.0,annealing_T=100_h=5,absent,disappeared,6.6,137.0,annealing_T=75_h=25,20260530-001924,previous_detection,annealing_T=75_h=25,20260530-001924,20260610-203538,
187,823.07,608.52,2.59815,0.698078,20.0,58.3,7.0,annealing_T=100_h=5,absent,disappeared,6.6,137.0,annealing_T=75_h=25,20260530-001924,previous_detection,annealing_T=75_h=25,20260530-001924,20260610-203538,
188,856.1,651.32,4.65245,0.363306,20.0,52.3,1.0,annealing_T=100_h=5,present,present,6.82,146.0,annealing_T=100_h=5,20260610-203538,phase_detection,annealing_T=100_h=25,20260625-095817,20260610-203538,1.042353107157171
188,856.1,651.32,11.9773,0.309009,20.0,53.3,2.0,annealing_T=100_h=5,present,present,6.82,146.0,annealing_T=100_h=5,20260610-203538,phase_detection,annealing_T=100_h=25,20260625-095817,20260610-203538,1.042353107157171
188,856.1,651.32,24.0916,0.311987,20.0,54.3,3.0,annealing_T=100_h=5,present,present,6.82,146.0,annealing_T=100_h=5,20260610-203538,phase_detection,annealing_T=100_h=25,20260625-095817,20260610-203538,1.042353107157171
188,856.1,651.32,36.9417,0.368369,20.0,55.3,4.0,annealing_T=100_h=5,present,present,6.82,146.0,annealing_T=100_h=5,20260610-203538,phase_detection,annealing_T=100_h=25,20260625-095817,20260610-203538,1.042353107157171
188,856.1,651.32,53.4812,0.450343,20.0,56.3,5.0,annealing_T=100_h=5,present,present,6.82,146.0,annealing_T=100_h=5,20260610-203538,phase_detection,annealing_T=100_h=25,20260625-095817,20260610-203538,1.042353107157171
188,856.1,651.32,123.026,0.626237,20.0,58.3,7.0,annealing_T=100_h=5,present,present,6.82,146.0,annealing_T=100_h=5,20260610-203538,phase_detection,annealing_T=100_h=25,20260625-095817,20260610-203538,1.042353107157171
189,1149.76,86.21,-0.0511807,0.204296,20.0,52.3,1.0,annealing_T=100_h=5,absent,disappeared,3.04,29.0,annealing_T=75_h=25,20260530-001924,previous_detection,annealing_T=75_h=25,20260530-001924,20260610-203538,
189,1149.76,86.21,1.38967,0.0884837,20.0,53.3,2.0,annealing_T=100_h=5,absent,disappeared,3.04,29.0,annealing_T=75_h=25,20260530-001924,previous_detection,annealing_T=75_h=25,20260530-001924,20260610-203538,
189,1149.76,86.21,1.69073,0.111285,20.0,54.3,3.0,annealing_T=100_h=5,absent,disappeared,3.04,29.0,annealing_T=75_h=25,20260530-001924,previous_detection,annealing_T=75_h=25,20260530-001924,20260610-203538,
189,1149.76,86.21,6.08061,0.233289,20.0,55.3,4.0,annealing_T=100_h=5,absent,disappeared,3.04,29.0,annealing_T=75_h=25,20260530-001924,previous_detection,annealing_T=75_h=25,20260530-001924,20260610-203538,
189,1149.76,86.21,7.17731,0.378956,20.0,56.3,5.0,annealing_T=100_h=5,absent,disappeared,3.04,29.0,annealing_T=75_h=25,20260530-001924,previous_detection,annealing_T=75_h=25,20260530-001924,20260610-203538,
189,1149.76,86.21,9.18378,0.343033,20.0,58.3,7.0,annealing_T=100_h=5,absent,disappeared,3.04,29.0,annealing_T=75_h=25,20260530-001924,previous_detection,annealing_T=75_h=25,20260530-001924,20260610-203538,
190,1280.08,771.95,0.238156,0.0538551,20.0,52.3,1.0,annealing_T=100_h=5,absent,disappeared,2.82,25.0,annealing_T=75_h=25,20260530-001924,previous_detection,annealing_T=75_h=25,20260530-001924,20260610-203538,
190,1280.08,771.95,0.297573,0.0464352,20.0,53.3,2.0,annealing_T=100_h=5,absent,disappeared,2.82,25.0,annealing_T=75_h=25,20260530-001924,previous_detection,annealing_T=75_h=25,20260530-001924,20260610-203538,
190,1280.08,771.95,-0.0452578,0.0917123,20.0,54.3,3.0,annealing_T=100_h=5,absent,disappeared,2.82,25.0,annealing_T=75_h=25,20260530-001924,previous_detection,annealing_T=75_h=25,20260530-001924,20260610-203538,
190,1280.08,771.95,-0.406011,0.070049,20.0,55.3,4.0,annealing_T=100_h=5,absent,disappeared,2.82,25.0,annealing_T=75_h=25,20260530-001924,previous_detection,annealing_T=75_h=25,20260530-001924,20260610-203538,
190,1280.08,771.95,0.530366,0.220317,20.0,56.3,5.0,annealing_T=100_h=5,absent,disappeared,2.82,25.0,annealing_T=75_h=25,20260530-001924,previous_detection,annealing_T=75_h=25,20260530-001924,20260610-203538,
190,1280.08,771.95,4.4298,0.111575,20.0,58.3,7.0,annealing_T=100_h=5,absent,disappeared,2.82,25.0,annealing_T=75_h=25,20260530-001924,previous_detection,annealing_T=75_h=25,20260530-001924,20260610-203538,
191,1450.3,1066.44,1.42832,0.384977,20.0,52.3,1.0,annealing_T=100_h=5,absent,disappeared,5.14,83.0,annealing_T=75_h=25,20260530-001924,previous_detection,annealing_T=125_h=25,20260827-053720,20260610-203538,
191,1450.3,1066.44,3.20328,0.388646,20.0,53.3,2.0,annealing_T=100_h=5,absent,disappeared,5.14,83.0,annealing_T=75_h=25,20260530-001924,previous_detection,annealing_T=125_h=25,20260827-053720,20260610-203538,
191,1450.3,1066.44,4.98649,0.407762,20.0,54.3,3.0,annealing_T=100_h=5,absent,disappeared,5.14,83.0,annealing_T=75_h=25,20260530-001924,previous_detection,annealing_T=125_h=25,20260827-053720,20260610-203538,
191,1450.3,1066.44,5.61865,0.396674,20.0,55.3,4.0,annealing_T=100_h=5,absent,disappeared,5.14,83.0,annealing_T=75_h=25,20260530-001924,previous_detection,annealing_T=125_h=25,20260827-053720,20260610-203538,
191,1450.3,1066.44,11.0284,0.601482,20.0,56.3,5.0,annealing_T=100_h=5,absent,disappeared,5.14,83.0,annealing_T=75_h=25,20260530-001924,previous_detection,annealing_T=125_h=25,20260827-053720,20260610-203538,
191,1450.3,1066.44,18.4408,0.556406,20.0,58.3,7.0,annealing_T=100_h=5,absent,disappeared,5.14,83.0,annealing_T=75_h=25,20260530-001924,previous_detection,annealing_T=125_h=25,20260827-053720,20260610-203538,
192,1733.23,121.81,1.15595,0.123464,20.0,52.3,1.0,annealing_T=100_h=5,present,present,3.24,33.0,annealing_T=100_h=5,20260610-203538,phase_detection,annealing_T=150_h=25,20260916-045914,20260610-203538,1.1237882362793674
192,1733.23,121.81,2.3185,0.0390582,20.0,53.3,2.0,annealing_T=100_h=5,present,present,3.24,33.0,annealing_T=100_h=5,20260610-203538,phase_detection,annealing_T=150_h=25,20260916-045914,20260610-203538,1.1237882362793674
192,1733.23,121.81,3.99836,0.0665036,20.0,54.3,3.0,annealing_T=100_h=5,present,present,3.24,33.0,annealing_T=100_h=5,20260610-203538,phase_detection,annealing_T=150_h=25,20260916-045914,20260610-203538,1.1237882362793674
192,1733.23,121.81,4.39969,0.153188,20.0,55.3,4.0,annealing_T=100_h=5,present,present,3.24,33.0,annealing_T=100_h=5,20260610-203538,phase_detection,annealing_T=150_h=25,20260916-045914,20260610-203538,1.1237882362793674
192,1733.23,121.81,7.19175,0.0605692,20.0,56.3,5.0,annealing_T=100_h=5,present,present,3.24,33.0,annealing_T=100_h=5,20260610-203538,phase_detection,annealing_T=150_h=25,20260916-045914,20260610-203538,1.1237882362793674
192,1733.23,121.81,9.58838,0.0842382,20.0,58.3,7.0,annealing_T=100_h=5,present,present,3.24,33.0,annealing_T=100_h=5,20260610-203538,phase_detection,annealing_T=150_h=25,20260916-045914,20260610-203538,1.1237882362793674
193,66.03,33.7,1.51789,0.122276,20.0,52.3,1.0,annealing_T=100_h=5,present,appeared,3.43,37.0,annealing_T=100_h=5,20260610-203538,phase_detection,annealing_T=100_h=5,20260610-203538,20260610-203538,
193,66.03,33.7,4.94084,0.11209,20.0,53.3,2.0,annealing_T=100_h=5,present,appeared,3.43,37.0,annealing_T=100_h=5,20260610-203538,phase_detection,annealing_T=100_h=5,20260610-203538,20260610-203538,
193,66.03,33.7,4.48546,0.0838598,20.0,54.3,3.0,annealing_T=100_h=5,present,appeared,3.43,37.0,annealing_T=100_h=5,20260610-203538,phase_detection,annealing_T=100_h=5,20260610-203538,20260610-203538,
193,66.03,33.7,8.19051,0.139316,20.0,55.3,4.0,annealing_T=100_h=5,present,appeared,3.43,37.0,annealing_T=100_h=5,20260610-203538,phase_detection,annealing_T=100_h=5,20260610-203538,20260610-203538,
193,66.03,33.7,10.2442,0.263093,20.0,56.3,5.0,annealing_T=100_h=5,present,appeared,3.43,37.0,annealing_T=100_h=5,20260610-203538,phase_detection,annealing_T=100_h=5,20260610-203538,20260610-203538,
193,66.03,33.7,14.7876,0.357038,20.0,58.3,7.0,annealing_T=100_h=5,present,appeared,3.43,37.0,annealing_T=100_h=5,20260610-203538,phase_detection,annealing_T=100_h=5,20260610-203538,20260610-203538,
194,885.75,270.53,0.829075,0.142314,20.0,52.3,1.0,annealing_T=100_h=5,present,appeared,3.57,40.0,annealing_T=100_h=5,20260610-203538,phase_detection,annealing_T=100_h=25,20260625-095817,20260610-203538,
194,885.75,270.53,2.42147,0.0471483,20.0,53.3,2.0,annealing_T=100_h=5,present,appeared,3.57,40.0,annealing_T=100_h=5,20260610-203538,phase_detection,annealing_T=100_h=25,20260625-095817,20260610-203538,
194,885.75,270.53,2.39007,0.0559438,20.0,54.3,3.0,annealing_T=100_h=5,present,appeared,3.57,40.0,annealing_T=100_h=5,20260610-203538,phase_detection,annealing_T=100_h=25,20260625-095817,20260610-203538,
194,885.75,270.53,7.46386,0.0747183,20.0,55.3,4.0,annealing_T=100_h=5,present,appeared,3.57,40.0,annealing_T=100_h=5,20260610-203538,phase_detection,annealing_T=100_h=25,20260625-095817,20260610-203538,
194,885.75,270.53,9.75278,0.180959,20.0,56.3,5.0,annealing_T=100_h=5,present,appeared,3.57,40.0,annealing_T=100_h=5,20260610-203538,phase_detection,annealing_T=100_h=25,20260625-095817,20260610-203538,
194,885.75,270.53,13.765,0.230242,20.0,58.3,7.0,annealing_T=100_h=5,present,appeared,3.57,40.0,annealing_T=100_h=5,20260610-203538,phase_detection,annealing_T=100_h=25,20260625-095817,20260610-203538,
195,1175.85,652.37,5.02047,0.3039,20.0,52.3,1.0,annealing_T=100_h=5,present,appeared,7.0,154.0,annealing_T=100_h=5,20260610-203538,phase_detection,annealing_T=100_h=25,20260625-095817,20260610-203538,
195,1175.85,652.37,18.1308,0.281666,20.0,53.3,2.0,annealing_T=100_h=5,present,appeared,7.0,154.0,annealing_T=100_h=5,20260610-203538,phase_detection,annealing_T=100_h=25,20260625-095817,20260610-203538,
195,1175.85,652.37,42.3877,0.358064,20.0,54.3,3.0,annealing_T=100_h=5,present,appeared,7.0,154.0,annealing_T=100_h=5,20260610-203538,phase_detection,annealing_T=100_h=25,20260625-095817,20260610-203538,
195,1175.85,652.37,68.5004,0.366269,20.0,55.3,4.0,annealing_T=100_h=5,present,appeared,7.0,154.0,annealing_T=100_h=5,20260610-203538,phase_detection,annealing_T=100_h=25,20260625-095817,20260610-203538,
195,1175.85,652.37,103.234,0.530839,20.0,56.3,5.0,annealing_T=100_h=5,present,appeared,7.0,154.0,annealing_T=100_h=5,20260610-203538,phase_detection,annealing_T=100_h=25,20260625-095817,20260610-203538,
195,1175.85,652.37,204.996,0.985758,20.0,58.3,7.0,annealing_T=100_h=5,present,appeared,7.0,154.0,annealing_T=100_h=5,20260610-203538,phase_detection,annealing_T=100_h=25,20260625-095817,20260610-203538,
196,1808.76,452.71,0.53977,0.175216,20.0,52.3,1.0,annealing_T=100_h=5,present,appeared,3.78,45.0,annealing_T=100_h=5,20260610-203538,phase_detection,annealing_T=100_h=5,20260610-203538,20260610-203538,
196,1808.76,452.71,1.03548,0.101458,20.0,53.3,2.0,annealing_T=100_h=5,present,appeared,3.78,45.0,annealing_T=100_h=5,20260610-203538,phase_detection,annealing_T=100_h=5,20260610-203538,20260610-203538,
196,1808.76,452.71,4.49153,0.129453,20.0,54.3,3.0,annealing_T=100_h=5,present,appeared,3.78,45.0,annealing_T=100_h=5,20260610-203538,phase_detection,annealing_T=100_h=5,20260610-203538,20260610-203538,
196,1808.76,452.71,6.81435,0.0893447,20.0,55.3,4.0,annealing_T=100_h=5,present,appeared,3.78,45.0,annealing_T=100_h=5,20260610-203538,phase_detection,annealing_T=100_h=5,20260610-203538,20260610-203538,
196,1808.76,452.71,13.3776,0.152866,20.0,56.3,5.0,annealing_T=100_h=5,present,appeared,3.78,45.0,annealing_T=100_h=5,20260610-203538,phase_detection,annealing_T=100_h=5,20260610-203538,20260610-203538,
196,1808.76,452.71,28.2456,0.400476,20.0,58.3,7.0,annealing_T=100_h=5,present,appeared,3.78,45.0,annealing_T=100_h=5,20260610-203538,phase_detection,annealing_T=100_h=5,20260610-203538,20260610-203538,
197,1917.77,842.27,0.673105,0.194433,20.0,52.3,1.0,annealing_T=100_h=5,present,appeared,3.14,31.0,annealing_T=100_h=5,20260610-203538,phase_detection,annealing_T=100_h=25,20260625-095817,20260610-203538,
197,1917.77,842.27,2.73034,0.220473,20.0,53.3,2.0,annealing_T=100_h=5,present,appeared,3.14,31.0,annealing_T=100_h=5,20260610-203538,phase_detection,annealing_T=100_h=25,20260625-095817,20260610-203538,
197,1917.77,842.27,0.608855,0.171869,20.0,54.3,3.0,annealing_T=100_h=5,present,appeared,3.14,31.0,annealing_T=100_h=5,20260610-203538,phase_detection,annealing_T=100_h=25,20260625-095817,20260610-203538,
197,1917.77,842.27,3.88872,0.207812,20.0,55.3,4.0,annealing_T=100_h=5,present,appeared,3.14,31.0,annealing_T=100_h=5,20260610-203538,phase_detection,annealing_T=100_h=25,20260625-095817,20260610-203538,
197,1917.77,842.27,7.66028,0.391897,20.0,56.3,5.0,annealing_T=100_h=5,present,appeared,3.14,31.0,annealing_T=100_h=5,20260610-203538,phase_detection,annealing_T=100_h=25,20260625-095817,20260610-203538,
197,1917.77,842.27,20.98,0.370874,20.0,58.3,7.0,annealing_T=100_h=5,present,appeared,3.14,31.0,annealing_T=100_h=5,20260610-203538,phase_detection,annealing_T=100_h=25,20260625-095817,20260610-203538,
198,139.89,1019.54,1.39373,0.151785,20.0,52.3,1.0,annealing_T=100_h=5,absent,not_yet_detected,2.93,27.0,annealing_T=125_h=5,20260723-075232,first_future_detection,annealing_T=125_h=5,20260723-075232,20260610-203538,
198,139.89,1019.54,1.16134,0.196956,20.0,53.3,2.0,annealing_T=100_h=5,absent,not_yet_detected,2.93,27.0,annealing_T=125_h=5,20260723-075232,first_future_detection,annealing_T=125_h=5,20260723-075232,20260610-203538,
198,139.89,1019.54,0.79735,0.154836,20.0,54.3,3.0,annealing_T=100_h=5,absent,not_yet_detected,2.93,27.0,annealing_T=125_h=5,20260723-075232,first_future_detection,annealing_T=125_h=5,20260723-075232,20260610-203538,
198,139.89,1019.54,0.900217,0.0774434,20.0,55.3,4.0,annealing_T=100_h=5,absent,not_yet_detected,2.93,27.0,annealing_T=125_h=5,20260723-075232,first_future_detection,annealing_T=125_h=5,20260723-075232,20260610-203538,
198,139.89,1019.54,0.704208,0.270788,20.0,56.3,5.0,annealing_T=100_h=5,absent,not_yet_detected,2.93,27.0,annealing_T=125_h=5,20260723-075232,first_future_detection,annealing_T=125_h=5,20260723-075232,20260610-203538,
198,139.89,1019.54,2.65614,0.257029,20.0,58.3,7.0,annealing_T=100_h=5,absent,not_yet_detected,2.93,27.0,annealing_T=125_h=5,20260723-075232,first_future_detection,annealing_T=125_h=5,20260723-075232,20260610-203538,
199,142.65,401.02,-0.224487,0.0655,20.0,52.3,1.0,annealing_T=100_h=5,absent,not_yet_detected,2.99,28.0,annealing_T=125_h=5,20260723-075232,first_future_detection,annealing_T=125_h=5,20260723-075232,20260610-203538,
199,142.65,401.02,-0.348884,0.0525589,20.0,53.3,2.0,annealing_T=100_h=5,absent,not_yet_detected,2.99,28.0,annealing_T=125_h=5,20260723-075232,first_future_detection,annealing_T=125_h=5,20260723-075232,20260610-203538,
199,142.65,401.02,0.39444,0.0407749,20.0,54.3,3.0,annealing_T=100_h=5,absent,not_yet_detected,2.99,28.0,annealing_T=125_h=5,20260723-075232,first_future_detection,annealing_T=125_h=5,20260723-075232,20260610-203538,
199,142.65,401.02,0.579264,0.0320128,20.0,55.3,4.0,annealing_T=100_h=5,absent,not_yet_detected,2.99,28.0,annealing_T=125_h=5,20260723-075232,first_future_detection,annealing_T=125_h=5,20260723-075232,20260610-203538,
199,142.65,401.02,1.31811,0.152356,20.0,56.3,5.0,annealing_T=100_h=5,absent,not_yet_detected,2.99,28.0,annealing_T=125_h=5,20260723-075232,first_future_detection,annealing_T=125_h=5,20260723-075232,20260610-203538,
199,142.65,401.02,2.70543,0.0576302,20.0,58.3,7.0,annealing_T=100_h=5,absent,not_yet_detected,2.99,28.0,annealing_T=125_h=5,20260723-075232,first_future_detection,annealing_T=125_h=5,20260723-075232,20260610-203538,
200,413.56,519.65,-1.02916,0.22577,20.0,52.3,1.0,annealing_T=100_h=5,absent,not_yet_detected,4.65,68.0,annealing_T=125_h=5,20260723-075232,first_future_detection,annealing_T=125_h=5,20260723-075232,20260610-203538,
200,413.56,519.65,0.168357,0.261887,20.0,53.3,2.0,annealing_T=100_h=5,absent,not_yet_detected,4.65,68.0,annealing_T=125_h=5,20260723-075232,first_future_detection,annealing_T=125_h=5,20260723-075232,20260610-203538,
200,413.56,519.65,-0.0795259,0.189202,20.0,54.3,3.0,annealing_T=100_h=5,absent,not_yet_detected,4.65,68.0,annealing_T=125_h=5,20260723-075232,first_future_detection,annealing_T=125_h=5,20260723-075232,20260610-203538,
200,413.56,519.65,1.81414,0.114682,20.0,55.3,4.0,annealing_T=100_h=5,absent,not_yet_detected,4.65,68.0,annealing_T=125_h=5,20260723-075232,first_future_detection,annealing_T=125_h=5,20260723-075232,20260610-203538,
200,413.56,519.65,3.5794,0.326607,20.0,56.3,5.0,annealing_T=100_h=5,absent,not_yet_detected,4.65,68.0,annealing_T=125_h=5,20260723-075232,first_future_detection,annealing_T=125_h=5,20260723-075232,20260610-203538,
200,413.56,519.65,6.02127,0.359048,20.0,58.3,7.0,annealing_T=100_h=5,absent,not_yet_detected,4.65,68.0,annealing_T=125_h=5,20260723-075232,first_future_detection,annealing_T=125_h=5,20260723-075232,20260610-203538,
201,1045.97,277.09,1.4994,0.0584045,20.0,52.3,1.0,annealing_T=100_h=5,absent,not_yet_detected,3.34,35.0,annealing_T=125_h=5,20260723-075232,first_future_detection,annealing_T=125_h=5,20260723-075232,20260610-203538,
201,1045.97,277.09,0.388264,0.0449197,20.0,53.3,2.0,annealing_T=100_h=5,absent,not_yet_detected,3.34,35.0,annealing_T=125_h=5,20260723-075232,first_future_detection,annealing_T=125_h=5,20260723-075232,20260610-203538,
201,1045.97,277.09,2.13301,0.0655415,20.0,54.3,3.0,annealing_T=100_h=5,absent,not_yet_detected,3.34,35.0,annealing_T=125_h=5,20260723-075232,first_future_detection,annealing_T=125_h=5,20260723-075232,20260610-203538,
201,1045.97,277.09,2.11367,0.0505579,20.0,55.3,4.0,annealing_T=100_h=5,absent,not_yet_detected,3.34,35.0,annealing_T=125_h=5,20260723-075232,first_future_detection,annealing_T=125_h=5,20260723-075232,20260610-203538,
201,1045.97,277.09,2.71419,0.0651508,20.0,56.3,5.0,annealing_T=100_h=5,absent,not_yet_detected,3.34,35.0,annealing_T=125_h=5,20260723-075232,first_future_detection,annealing_T=125_h=5,20260723-075232,20260610-203538,
201,1045.97,277.09,4.87491,0.0876952,20.0,58.3,7.0,annealing_T=100_h=5,absent,not_yet_detected,3.34,35.0,annealing_T=125_h=5,20260723-075232,first_future_detection,annealing_T=125_h=5,20260723-075232,20260610-203538,
202,791.88,914.9,1.70882,0.244206,20.0,52.3,1.0,annealing_T=100_h=5,absent,not_yet_detected,4.22,56.0,annealing_T=125_h=25,20260827-053720,first_future_detection,annealing_T=125_h=25,20260827-053720,20260610-203538,
202,791.88,914.9,-0.402717,0.271485,20.0,53.3,2.0,annealing_T=100_h=5,absent,not_yet_detected,4.22,56.0,annealing_T=125_h=25,20260827-053720,first_future_detection,annealing_T=125_h=25,20260827-053720,20260610-203538,
202,791.88,914.9,-0.0279842,0.285385,20.0,54.3,3.0,annealing_T=100_h=5,absent,not_yet_detected,4.22,56.0,annealing_T=125_h=25,20260827-053720,first_future_detection,annealing_T=125_h=25,20260827-053720,20260610-203538,
202,791.88,914.9,1.51599,0.310591,20.0,55.3,4.0,annealing_T=100_h=5,absent,not_yet_detected,4.22,56.0,annealing_T=125_h=25,20260827-053720,first_future_detection,annealing_T=125_h=25,20260827-053720,20260610-203538,
202,791.88,914.9,0.868239,0.19923,20.0,56.3,5.0,annealing_T=100_h=5,absent,not_yet_detected,4.22,56.0,annealing_T=125_h=25,20260827-053720,first_future_detection,annealing_T=125_h=25,20260827-053720,20260610-203538,
202,791.88,914.9,12.0268,0.622245,20.0,58.3,7.0,annealing_T=100_h=5,absent,not_yet_detected,4.22,56.0,annealing_T=125_h=25,20260827-053720,first_future_detection,annealing_T=125_h=25,20260827-053720,20260610-203538,
203,1504.96,513.9,2.18576,0.329211,20.0,52.3,1.0,annealing_T=100_h=5,absent,not_yet_detected,4.89,75.0,annealing_T=125_h=25,20260827-053720,first_future_detection,annealing_T=125_h=25,20260827-053720,20260610-203538,
203,1504.96,513.9,4.61879,0.227087,20.0,53.3,2.0,annealing_T=100_h=5,absent,not_yet_detected,4.89,75.0,annealing_T=125_h=25,20260827-053720,first_future_detection,annealing_T=125_h=25,20260827-053720,20260610-203538,
203,1504.96,513.9,12.6224,0.327977,20.0,54.3,3.0,annealing_T=100_h=5,absent,not_yet_detected,4.89,75.0,annealing_T=125_h=25,20260827-053720,first_future_detection,annealing_T=125_h=25,20260827-053720,20260610-203538,
203,1504.96,513.9,28.1694,0.279858,20.0,55.3,4.0,annealing_T=100_h=5,absent,not_yet_detected,4.89,75.0,annealing_T=125_h=25,20260827-053720,first_future_detection,annealing_T=125_h=25,20260827-053720,20260610-203538,
203,1504.96,513.9,52.0959,0.240206,20.0,56.3,5.0,annealing_T=100_h=5,absent,not_yet_detected,4.89,75.0,annealing_T=125_h=25,20260827-053720,first_future_detection,annealing_T=125_h=25,20260827-053720,20260610-203538,
203,1504.96,513.9,134.246,0.673966,20.0,58.3,7.0,annealing_T=100_h=5,absent,not_yet_detected,4.89,75.0,annealing_T=125_h=25,20260827-053720,first_future_detection,annealing_T=125_h=25,20260827-053720,20260610-203538,
204,1734.82,907.69,-2.47093,0.425991,20.0,52.3,1.0,annealing_T=100_h=5,absent,not_yet_detected,7.63,183.0,annealing_T=125_h=25,20260827-053720,first_future_detection,annealing_T=125_h=25,20260827-053720,20260610-203538,
204,1734.82,907.69,0.38196,0.415619,20.0,53.3,2.0,annealing_T=100_h=5,absent,not_yet_detected,7.63,183.0,annealing_T=125_h=25,20260827-053720,first_future_detection,annealing_T=125_h=25,20260827-053720,20260610-203538,
204,1734.82,907.69,4.81342,0.459037,20.0,54.3,3.0,annealing_T=100_h=5,absent,not_yet_detected,7.63,183.0,annealing_T=125_h=25,20260827-053720,first_future_detection,annealing_T=125_h=25,20260827-053720,20260610-203538,
204,1734.82,907.69,1.91317,0.462856,20.0,55.3,4.0,annealing_T=100_h=5,absent,not_yet_detected,7.63,183.0,annealing_T=125_h=25,20260827-053720,first_future_detection,annealing_T=125_h=25,20260827-053720,20260610-203538,
204,1734.82,907.69,2.94952,0.41153,20.0,56.3,5.0,annealing_T=100_h=5,absent,not_yet_detected,7.63,183.0,annealing_T=125_h=25,20260827-053720,first_future_detection,annealing_T=125_h=25,20260827-053720,20260610-203538,
204,1734.82,907.69,14.6988,0.457262,20.0,58.3,7.0,annealing_T=100_h=5,absent,not_yet_detected,7.63,183.0,annealing_T=125_h=25,20260827-053720,first_future_detection,annealing_T=125_h=25,20260827-053720,20260610-203538,
205,412.51,72.93,-0.10898,0.171471,20.0,52.3,1.0,annealing_T=100_h=5,absent,not_yet_detected,3.91,48.0,annealing_T=150_h=5,20260908-043207,first_future_detection,annealing_T=150_h=5,20260908-043207,20260610-203538,
205,412.51,72.93,-0.111387,0.335093,20.0,53.3,2.0,annealing_T=100_h=5,absent,not_yet_detected,3.91,48.0,annealing_T=150_h=5,20260908-043207,first_future_detection,annealing_T=150_h=5,20260908-043207,20260610-203538,
205,412.51,72.93,1.40765,0.355681,20.0,54.3,3.0,annealing_T=100_h=5,absent,not_yet_detected,3.91,48.0,annealing_T=150_h=5,20260908-043207,first_future_detection,annealing_T=150_h=5,20260908-043207,20260610-203538,
205,412.51,72.93,1.68268,0.333254,20.0,55.3,4.0,annealing_T=100_h=5,absent,not_yet_detected,3.91,48.0,annealing_T=150_h=5,20260908-043207,first_future_detection,annealing_T=150_h=5,20260908-043207,20260610-203538,
205,412.51,72.93,3.36666,0.515126,20.0,56.3,5.0,annealing_T=100_h=5,absent,not_yet_detected,3.91,48.0,annealing_T=150_h=5,20260908-043207,first_future_detection,annealing_T=150_h=5,20260908-043207,20260610-203538,
205,412.51,72.93,6.85458,0.3917,20.0,58.3,7.0,annealing_T=100_h=5,absent,not_yet_detected,3.91,48.0,annealing_T=150_h=5,20260908-043207,first_future_detection,annealing_T=150_h=5,20260908-043207,20260610-203538,
206,730.83,246.78,0.482946,0.164895,20.0,52.3,1.0,annealing_T=100_h=5,absent,not_yet_detected,3.66,42.0,annealing_T=150_h=5,20260908-043207,first_future_detection,annealing_T=150_h=5,20260908-043207,20260610-203538,
206,730.83,246.78,0.412535,0.177803,20.0,53.3,2.0,annealing_T=100_h=5,absent,not_yet_detected,3.66,42.0,annealing_T=150_h=5,20260908-043207,first_future_detection,annealing_T=150_h=5,20260908-043207,20260610-203538,
206,730.83,246.78,1.16442,0.133086,20.0,54.3,3.0,annealing_T=100_h=5,absent,not_yet_detected,3.66,42.0,annealing_T=150_h=5,20260908-043207,first_future_detection,annealing_T=150_h=5,20260908-043207,20260610-203538,
206,730.83,246.78,2.25631,0.168555,20.0,55.3,4.0,annealing_T=100_h=5,absent,not_yet_detected,3.66,42.0,annealing_T=150_h=5,20260908-043207,first_future_detection,annealing_T=150_h=5,20260908-043207,20260610-203538,
206,730.83,246.78,3.71271,0.098864,20.0,56.3,5.0,annealing_T=100_h=5,absent,not_yet_detected,3.66,42.0,annealing_T=150_h=5,20260908-043207,first_future_detection,annealing_T=150_h=5,20260908-043207,20260610-203538,
206,730.83,246.78,6.15161,0.112831,20.0,58.3,7.0,annealing_T=100_h=5,absent,not_yet_detected,3.66,42.0,annealing_T=150_h=5,20260908-043207,first_future_detection,annealing_T=150_h=5,20260908-043207,20260610-203538,
207,1097.64,198.52,0.000404825,0.0813415,20.0,52.3,1.0,annealing_T=100_h=5,absent,not_yet_detected,4.44,62.0,annealing_T=150_h=5,20260908-043207,first_future_detection,annealing_T=150_h=5,20260908-043207,20260610-203538,
207,1097.64,198.52,0.115561,0.10133,20.0,53.3,2.0,annealing_T=100_h=5,absent,not_yet_detected,4.44,62.0,annealing_T=150_h=5,20260908-043207,first_future_detection,annealing_T=150_h=5,20260908-043207,20260610-203538,
207,1097.64,198.52,4.84408,0.248179,20.0,54.3,3.0,annealing_T=100_h=5,absent,not_yet_detected,4.44,62.0,annealing_T=150_h=5,20260908-043207,first_future_detection,annealing_T=150_h=5,20260908-043207,20260610-203538,
207,1097.64,198.52,6.92149,0.260968,20.0,55.3,4.0,annealing_T=100_h=5,absent,not_yet_detected,4.44,62.0,annealing_T=150_h=5,20260908-043207,first_future_detection,annealing_T=150_h=5,20260908-043207,20260610-203538,
207,1097.64,198.52,6.51278,0.260528,20.0,56.3,5.0,annealing_T=100_h=5,absent,not_yet_detected,4.44,62.0,annealing_T=150_h=5,20260908-043207,first_future_detection,annealing_T=150_h=5,20260908-043207,20260610-203538,
207,1097.64,198.52,15.2536,0.299327,20.0,58.3,7.0,annealing_T=100_h=5,absent,not_yet_detected,4.44,62.0,annealing_T=150_h=5,20260908-043207,first_future_detection,annealing_T=150_h=5,20260908-043207,20260610-203538,
208,1764.68,189.61,-1.37152,0.279916,20.0,52.3,1.0,annealing_T=100_h=5,absent,not_yet_detected,2.99,28.0,annealing_T=150_h=25,20260916-045914,first_future_detection,annealing_T=150_h=25,20260916-045914,20260610-203538,
208,1764.68,189.61,1.78215,0.288238,20.0,53.3,2.0,annealing_T=100_h=5,absent,not_yet_detected,2.99,28.0,annealing_T=150_h=25,20260916-045914,first_future_detection,annealing_T=150_h=25,20260916-045914,20260610-203538,
208,1764.68,189.61,0.354065,0.107723,20.0,54.3,3.0,annealing_T=100_h=5,absent,not_yet_detected,2.99,28.0,annealing_T=150_h=25,20260916-045914,first_future_detection,annealing_T=150_h=25,20260916-045914,20260610-203538,
208,1764.68,189.61,1.38912,0.204252,20.0,55.3,4.0,annealing_T=100_h=5,absent,not_yet_detected,2.99,28.0,annealing_T=150_h=25,20260916-045914,first_future_detection,annealing_T=150_h=25,20260916-045914,20260610-203538,
208,1764.68,189.61,2.46811,0.183048,20.0,56.3,5.0,annealing_T=100_h=5,absent,not_yet_detected,2.99,28.0,annealing_T=150_h=25,20260916-045914,first_future_detection,annealing_T=150_h=25,20260916-045914,20260610-203538,
208,1764.68,189.61,4.89076,0.213995,20.0,58.3,7.0,annealing_T=100_h=5,absent,not_yet_detected,2.99,28.0,annealing_T=150_h=25,20260916-045914,first_future_detection,annealing_T=150_h=25,20260916-045914,20260610-203538,
