spot,x,y,luminosity,error,T,v,v_fin,phase,detection,status,integration_radius,integration_area,geometry_source_phase,geometry_source_run,geometry_mode,integration_radius_source_phase,integration_radius_source_run,run_number,match_distance
0,2.94,731.57,-0.00617563,0.224024,20.0,52.3,1.0,annealing_T=100_h=25,absent,disappeared,4.37,60.0,annealing_T=100_h=5,20260610-203538,previous_detection,before_annealing,20260513-032137,20260625-095817,2.214610575247855
0,2.94,731.57,1.40343,0.325744,20.0,53.3,2.0,annealing_T=100_h=25,absent,disappeared,4.37,60.0,annealing_T=100_h=5,20260610-203538,previous_detection,before_annealing,20260513-032137,20260625-095817,2.214610575247855
0,2.94,731.57,1.75691,0.0732916,20.0,54.3,3.0,annealing_T=100_h=25,absent,disappeared,4.37,60.0,annealing_T=100_h=5,20260610-203538,previous_detection,before_annealing,20260513-032137,20260625-095817,2.214610575247855
0,2.94,731.57,3.2707,0.276434,20.0,55.3,4.0,annealing_T=100_h=25,absent,disappeared,4.37,60.0,annealing_T=100_h=5,20260610-203538,previous_detection,before_annealing,20260513-032137,20260625-095817,2.214610575247855
0,2.94,731.57,6.07871,0.270403,20.0,56.3,5.0,annealing_T=100_h=25,absent,disappeared,4.37,60.0,annealing_T=100_h=5,20260610-203538,previous_detection,before_annealing,20260513-032137,20260625-095817,2.214610575247855
0,2.94,731.57,11.5211,0.231865,20.0,58.3,7.0,annealing_T=100_h=25,absent,disappeared,4.37,60.0,annealing_T=100_h=5,20260610-203538,previous_detection,before_annealing,20260513-032137,20260625-095817,2.214610575247855
1,1.14,164.28,0.0495934,0.0528702,20.0,52.3,1.0,annealing_T=100_h=25,absent,absent,4.07,52.0,annealing_T=75_h=5,20260520-085312,previous_detection,annealing_T=75_h=5,20260520-085312,20260625-095817,1.641249523990789
1,1.14,164.28,-0.0176892,0.0480481,20.0,53.3,2.0,annealing_T=100_h=25,absent,absent,4.07,52.0,annealing_T=75_h=5,20260520-085312,previous_detection,annealing_T=75_h=5,20260520-085312,20260625-095817,1.641249523990789
1,1.14,164.28,0.0441632,0.0421135,20.0,54.3,3.0,annealing_T=100_h=25,absent,absent,4.07,52.0,annealing_T=75_h=5,20260520-085312,previous_detection,annealing_T=75_h=5,20260520-085312,20260625-095817,1.641249523990789
1,1.14,164.28,0.193615,0.039918,20.0,55.3,4.0,annealing_T=100_h=25,absent,absent,4.07,52.0,annealing_T=75_h=5,20260520-085312,previous_detection,annealing_T=75_h=5,20260520-085312,20260625-095817,1.641249523990789
1,1.14,164.28,-0.199841,0.0203667,20.0,56.3,5.0,annealing_T=100_h=25,absent,absent,4.07,52.0,annealing_T=75_h=5,20260520-085312,previous_detection,annealing_T=75_h=5,20260520-085312,20260625-095817,1.641249523990789
1,1.14,164.28,0.362572,0.0656451,20.0,58.3,7.0,annealing_T=100_h=25,absent,absent,4.07,52.0,annealing_T=75_h=5,20260520-085312,previous_detection,annealing_T=75_h=5,20260520-085312,20260625-095817,1.641249523990789
2,4.51,443.98,1.35251,0.160015,20.0,52.3,1.0,annealing_T=100_h=25,present,present,4.26,57.0,annealing_T=100_h=25,20260625-095817,phase_detection,annealing_T=150_h=5,20260908-043207,20260625-095817,1.7844046626255838
2,4.51,443.98,2.07616,0.153634,20.0,53.3,2.0,annealing_T=100_h=25,present,present,4.26,57.0,annealing_T=100_h=25,20260625-095817,phase_detection,annealing_T=150_h=5,20260908-043207,20260625-095817,1.7844046626255838
2,4.51,443.98,2.44785,0.0761384,20.0,54.3,3.0,annealing_T=100_h=25,present,present,4.26,57.0,annealing_T=100_h=25,20260625-095817,phase_detection,annealing_T=150_h=5,20260908-043207,20260625-095817,1.7844046626255838
2,4.51,443.98,6.24234,0.200991,20.0,55.3,4.0,annealing_T=100_h=25,present,present,4.26,57.0,annealing_T=100_h=25,20260625-095817,phase_detection,annealing_T=150_h=5,20260908-043207,20260625-095817,1.7844046626255838
2,4.51,443.98,11.8773,0.115667,20.0,56.3,5.0,annealing_T=100_h=25,present,present,4.26,57.0,annealing_T=100_h=25,20260625-095817,phase_detection,annealing_T=150_h=5,20260908-043207,20260625-095817,1.7844046626255838
2,4.51,443.98,23.1197,0.210908,20.0,58.3,7.0,annealing_T=100_h=25,present,present,4.26,57.0,annealing_T=100_h=25,20260625-095817,phase_detection,annealing_T=150_h=5,20260908-043207,20260625-095817,1.7844046626255838
3,37.69,633.6,1.69473,0.132881,20.0,52.3,1.0,annealing_T=100_h=25,absent,disappeared,4.22,56.0,annealing_T=100_h=5,20260610-203538,previous_detection,annealing_T=75_h=25,20260530-001924,20260625-095817,1.2841339493993082
3,37.69,633.6,0.840342,0.112082,20.0,53.3,2.0,annealing_T=100_h=25,absent,disappeared,4.22,56.0,annealing_T=100_h=5,20260610-203538,previous_detection,annealing_T=75_h=25,20260530-001924,20260625-095817,1.2841339493993082
3,37.69,633.6,0.220182,0.1266,20.0,54.3,3.0,annealing_T=100_h=25,absent,disappeared,4.22,56.0,annealing_T=100_h=5,20260610-203538,previous_detection,annealing_T=75_h=25,20260530-001924,20260625-095817,1.2841339493993082
3,37.69,633.6,1.90827,0.292868,20.0,55.3,4.0,annealing_T=100_h=25,absent,disappeared,4.22,56.0,annealing_T=100_h=5,20260610-203538,previous_detection,annealing_T=75_h=25,20260530-001924,20260625-095817,1.2841339493993082
3,37.69,633.6,2.0049,0.357905,20.0,56.3,5.0,annealing_T=100_h=25,absent,disappeared,4.22,56.0,annealing_T=100_h=5,20260610-203538,previous_detection,annealing_T=75_h=25,20260530-001924,20260625-095817,1.2841339493993082
3,37.69,633.6,-1.60573,0.343503,20.0,58.3,7.0,annealing_T=100_h=25,absent,disappeared,4.22,56.0,annealing_T=100_h=5,20260610-203538,previous_detection,annealing_T=75_h=25,20260530-001924,20260625-095817,1.2841339493993082
4,54.86,1062.67,3.50635,0.503637,20.0,52.3,1.0,annealing_T=100_h=25,present,present,8.69,237.0,annealing_T=100_h=25,20260625-095817,phase_detection,before_annealing,20260513-032137,20260625-095817,1.7555910685577356
4,54.86,1062.67,17.2557,0.601811,20.0,53.3,2.0,annealing_T=100_h=25,present,present,8.69,237.0,annealing_T=100_h=25,20260625-095817,phase_detection,before_annealing,20260513-032137,20260625-095817,1.7555910685577356
4,54.86,1062.67,31.1307,0.533319,20.0,54.3,3.0,annealing_T=100_h=25,present,present,8.69,237.0,annealing_T=100_h=25,20260625-095817,phase_detection,before_annealing,20260513-032137,20260625-095817,1.7555910685577356
4,54.86,1062.67,53.3906,0.659343,20.0,55.3,4.0,annealing_T=100_h=25,present,present,8.69,237.0,annealing_T=100_h=25,20260625-095817,phase_detection,before_annealing,20260513-032137,20260625-095817,1.7555910685577356
4,54.86,1062.67,73.3561,0.781577,20.0,56.3,5.0,annealing_T=100_h=25,present,present,8.69,237.0,annealing_T=100_h=25,20260625-095817,phase_detection,before_annealing,20260513-032137,20260625-095817,1.7555910685577356
4,54.86,1062.67,157.998,0.916671,20.0,58.3,7.0,annealing_T=100_h=25,present,present,8.69,237.0,annealing_T=100_h=25,20260625-095817,phase_detection,before_annealing,20260513-032137,20260625-095817,1.7555910685577356
5,57.04,529.33,5.73552,0.645999,20.0,52.3,1.0,annealing_T=100_h=25,present,present,9.8,302.0,annealing_T=100_h=25,20260625-095817,phase_detection,before_annealing,20260513-032137,20260625-095817,1.2747548783981781
5,57.04,529.33,25.6306,0.676536,20.0,53.3,2.0,annealing_T=100_h=25,present,present,9.8,302.0,annealing_T=100_h=25,20260625-095817,phase_detection,before_annealing,20260513-032137,20260625-095817,1.2747548783981781
5,57.04,529.33,47.3633,0.523064,20.0,54.3,3.0,annealing_T=100_h=25,present,present,9.8,302.0,annealing_T=100_h=25,20260625-095817,phase_detection,before_annealing,20260513-032137,20260625-095817,1.2747548783981781
5,57.04,529.33,73.7642,0.52623,20.0,55.3,4.0,annealing_T=100_h=25,present,present,9.8,302.0,annealing_T=100_h=25,20260625-095817,phase_detection,before_annealing,20260513-032137,20260625-095817,1.2747548783981781
5,57.04,529.33,109.531,0.92517,20.0,56.3,5.0,annealing_T=100_h=25,present,present,9.8,302.0,annealing_T=100_h=25,20260625-095817,phase_detection,before_annealing,20260513-032137,20260625-095817,1.2747548783981781
5,57.04,529.33,185.558,1.3063,20.0,58.3,7.0,annealing_T=100_h=25,present,present,9.8,302.0,annealing_T=100_h=25,20260625-095817,phase_detection,before_annealing,20260513-032137,20260625-095817,1.2747548783981781
6,57.67,572.1,49.7995,0.884136,20.0,52.3,1.0,annealing_T=100_h=25,present,present,15.17,723.0,annealing_T=100_h=25,20260625-095817,phase_detection,annealing_T=75_h=5,20260520-085312,20260625-095817,1.1541230437002683
6,57.67,572.1,131.545,1.3029,20.0,53.3,2.0,annealing_T=100_h=25,present,present,15.17,723.0,annealing_T=100_h=25,20260625-095817,phase_detection,annealing_T=75_h=5,20260520-085312,20260625-095817,1.1541230437002683
6,57.67,572.1,396.248,1.38522,20.0,54.3,3.0,annealing_T=100_h=25,present,present,15.17,723.0,annealing_T=100_h=25,20260625-095817,phase_detection,annealing_T=75_h=5,20260520-085312,20260625-095817,1.1541230437002683
6,57.67,572.1,576.113,2.6803,20.0,55.3,4.0,annealing_T=100_h=25,present,present,15.17,723.0,annealing_T=100_h=25,20260625-095817,phase_detection,annealing_T=75_h=5,20260520-085312,20260625-095817,1.1541230437002683
6,57.67,572.1,802.982,3.55199,20.0,56.3,5.0,annealing_T=100_h=25,present,present,15.17,723.0,annealing_T=100_h=25,20260625-095817,phase_detection,annealing_T=75_h=5,20260520-085312,20260625-095817,1.1541230437002683
6,57.67,572.1,1496.16,8.04259,20.0,58.3,7.0,annealing_T=100_h=25,present,present,15.17,723.0,annealing_T=100_h=25,20260625-095817,phase_detection,annealing_T=75_h=5,20260520-085312,20260625-095817,1.1541230437002683
7,62.87,550.02,6.8785,0.791302,20.0,52.3,1.0,annealing_T=100_h=25,present,present,11.34,404.0,annealing_T=100_h=25,20260625-095817,phase_detection,annealing_T=75_h=5,20260520-085312,20260625-095817,1.314610208388842
7,62.87,550.02,27.2005,0.887775,20.0,53.3,2.0,annealing_T=100_h=25,present,present,11.34,404.0,annealing_T=100_h=25,20260625-095817,phase_detection,annealing_T=75_h=5,20260520-085312,20260625-095817,1.314610208388842
7,62.87,550.02,76.0824,1.01348,20.0,54.3,3.0,annealing_T=100_h=25,present,present,11.34,404.0,annealing_T=100_h=25,20260625-095817,phase_detection,annealing_T=75_h=5,20260520-085312,20260625-095817,1.314610208388842
7,62.87,550.02,135.504,1.19665,20.0,55.3,4.0,annealing_T=100_h=25,present,present,11.34,404.0,annealing_T=100_h=25,20260625-095817,phase_detection,annealing_T=75_h=5,20260520-085312,20260625-095817,1.314610208388842
7,62.87,550.02,229.743,1.09051,20.0,56.3,5.0,annealing_T=100_h=25,present,present,11.34,404.0,annealing_T=100_h=25,20260625-095817,phase_detection,annealing_T=75_h=5,20260520-085312,20260625-095817,1.314610208388842
7,62.87,550.02,569.106,1.49989,20.0,58.3,7.0,annealing_T=100_h=25,present,present,11.34,404.0,annealing_T=100_h=25,20260625-095817,phase_detection,annealing_T=75_h=5,20260520-085312,20260625-095817,1.314610208388842
8,63.8,1047.78,3.08559,0.35877,20.0,52.3,1.0,annealing_T=100_h=25,present,present,5.56,97.0,annealing_T=100_h=25,20260625-095817,phase_detection,annealing_T=100_h=5,20260610-203538,20260625-095817,1.2397580409096294
8,63.8,1047.78,5.38172,0.342909,20.0,53.3,2.0,annealing_T=100_h=25,present,present,5.56,97.0,annealing_T=100_h=25,20260625-095817,phase_detection,annealing_T=100_h=5,20260610-203538,20260625-095817,1.2397580409096294
8,63.8,1047.78,10.9223,0.357679,20.0,54.3,3.0,annealing_T=100_h=25,present,present,5.56,97.0,annealing_T=100_h=25,20260625-095817,phase_detection,annealing_T=100_h=5,20260610-203538,20260625-095817,1.2397580409096294
8,63.8,1047.78,23.2346,0.397161,20.0,55.3,4.0,annealing_T=100_h=25,present,present,5.56,97.0,annealing_T=100_h=25,20260625-095817,phase_detection,annealing_T=100_h=5,20260610-203538,20260625-095817,1.2397580409096294
8,63.8,1047.78,33.0584,0.446538,20.0,56.3,5.0,annealing_T=100_h=25,present,present,5.56,97.0,annealing_T=100_h=25,20260625-095817,phase_detection,annealing_T=100_h=5,20260610-203538,20260625-095817,1.2397580409096294
8,63.8,1047.78,56.1381,0.49505,20.0,58.3,7.0,annealing_T=100_h=25,present,present,5.56,97.0,annealing_T=100_h=25,20260625-095817,phase_detection,annealing_T=100_h=5,20260610-203538,20260625-095817,1.2397580409096294
9,67.46,808.29,19.3097,0.766541,20.0,52.3,1.0,annealing_T=100_h=25,present,present,14.67,676.0,annealing_T=100_h=25,20260625-095817,phase_detection,annealing_T=75_h=5,20260520-085312,20260625-095817,1.0728000745712825
9,67.46,808.29,421.447,4.70901,20.0,53.3,2.0,annealing_T=100_h=25,present,present,14.67,676.0,annealing_T=100_h=25,20260625-095817,phase_detection,annealing_T=75_h=5,20260520-085312,20260625-095817,1.0728000745712825
9,67.46,808.29,62.5293,1.07521,20.0,54.3,3.0,annealing_T=100_h=25,present,present,14.67,676.0,annealing_T=100_h=25,20260625-095817,phase_detection,annealing_T=75_h=5,20260520-085312,20260625-095817,1.0728000745712825
9,67.46,808.29,92.2026,0.885008,20.0,55.3,4.0,annealing_T=100_h=25,present,present,14.67,676.0,annealing_T=100_h=25,20260625-095817,phase_detection,annealing_T=75_h=5,20260520-085312,20260625-095817,1.0728000745712825
9,67.46,808.29,119.264,1.15593,20.0,56.3,5.0,annealing_T=100_h=25,present,present,14.67,676.0,annealing_T=100_h=25,20260625-095817,phase_detection,annealing_T=75_h=5,20260520-085312,20260625-095817,1.0728000745712825
9,67.46,808.29,250.087,1.43232,20.0,58.3,7.0,annealing_T=100_h=25,present,present,14.67,676.0,annealing_T=100_h=25,20260625-095817,phase_detection,annealing_T=75_h=5,20260520-085312,20260625-095817,1.0728000745712825
10,80.34,95.34,6.53636,0.484699,20.0,52.3,1.0,annealing_T=100_h=25,present,present,6.98,153.0,annealing_T=100_h=25,20260625-095817,phase_detection,annealing_T=100_h=5,20260610-203538,20260625-095817,1.120580206857159
10,80.34,95.34,16.4277,0.500027,20.0,53.3,2.0,annealing_T=100_h=25,present,present,6.98,153.0,annealing_T=100_h=25,20260625-095817,phase_detection,annealing_T=100_h=5,20260610-203538,20260625-095817,1.120580206857159
10,80.34,95.34,27.7125,0.452961,20.0,54.3,3.0,annealing_T=100_h=25,present,present,6.98,153.0,annealing_T=100_h=25,20260625-095817,phase_detection,annealing_T=100_h=5,20260610-203538,20260625-095817,1.120580206857159
10,80.34,95.34,58.3541,0.438394,20.0,55.3,4.0,annealing_T=100_h=25,present,present,6.98,153.0,annealing_T=100_h=25,20260625-095817,phase_detection,annealing_T=100_h=5,20260610-203538,20260625-095817,1.120580206857159
10,80.34,95.34,90.1026,0.582745,20.0,56.3,5.0,annealing_T=100_h=25,present,present,6.98,153.0,annealing_T=100_h=25,20260625-095817,phase_detection,annealing_T=100_h=5,20260610-203538,20260625-095817,1.120580206857159
10,80.34,95.34,198.191,0.718155,20.0,58.3,7.0,annealing_T=100_h=25,present,present,6.98,153.0,annealing_T=100_h=25,20260625-095817,phase_detection,annealing_T=100_h=5,20260610-203538,20260625-095817,1.120580206857159
11,93.94,352.82,3.19231,0.500462,20.0,52.3,1.0,annealing_T=100_h=25,present,present,9.04,257.0,annealing_T=100_h=25,20260625-095817,phase_detection,annealing_T=75_h=5,20260520-085312,20260625-095817,2.412985702402761
11,93.94,352.82,-0.134309,0.522609,20.0,53.3,2.0,annealing_T=100_h=25,present,present,9.04,257.0,annealing_T=100_h=25,20260625-095817,phase_detection,annealing_T=75_h=5,20260520-085312,20260625-095817,2.412985702402761
11,93.94,352.82,12.1359,0.497681,20.0,54.3,3.0,annealing_T=100_h=25,present,present,9.04,257.0,annealing_T=100_h=25,20260625-095817,phase_detection,annealing_T=75_h=5,20260520-085312,20260625-095817,2.412985702402761
11,93.94,352.82,19.3047,0.462195,20.0,55.3,4.0,annealing_T=100_h=25,present,present,9.04,257.0,annealing_T=100_h=25,20260625-095817,phase_detection,annealing_T=75_h=5,20260520-085312,20260625-095817,2.412985702402761
11,93.94,352.82,31.3259,0.769801,20.0,56.3,5.0,annealing_T=100_h=25,present,present,9.04,257.0,annealing_T=100_h=25,20260625-095817,phase_detection,annealing_T=75_h=5,20260520-085312,20260625-095817,2.412985702402761
11,93.94,352.82,64.6443,1.04512,20.0,58.3,7.0,annealing_T=100_h=25,present,present,9.04,257.0,annealing_T=100_h=25,20260625-095817,phase_detection,annealing_T=75_h=5,20260520-085312,20260625-095817,2.412985702402761
12,114.58,320.37,0.462861,0.365715,20.0,52.3,1.0,annealing_T=100_h=25,absent,disappeared,4.07,52.0,annealing_T=100_h=5,20260610-203538,previous_detection,before_annealing,20260513-032137,20260625-095817,1.0346496991735619
12,114.58,320.37,0.874435,0.240221,20.0,53.3,2.0,annealing_T=100_h=25,absent,disappeared,4.07,52.0,annealing_T=100_h=5,20260610-203538,previous_detection,before_annealing,20260513-032137,20260625-095817,1.0346496991735619
12,114.58,320.37,3.82294,0.424091,20.0,54.3,3.0,annealing_T=100_h=25,absent,disappeared,4.07,52.0,annealing_T=100_h=5,20260610-203538,previous_detection,before_annealing,20260513-032137,20260625-095817,1.0346496991735619
12,114.58,320.37,4.46794,0.488094,20.0,55.3,4.0,annealing_T=100_h=25,absent,disappeared,4.07,52.0,annealing_T=100_h=5,20260610-203538,previous_detection,before_annealing,20260513-032137,20260625-095817,1.0346496991735619
12,114.58,320.37,3.4494,0.362998,20.0,56.3,5.0,annealing_T=100_h=25,absent,disappeared,4.07,52.0,annealing_T=100_h=5,20260610-203538,previous_detection,before_annealing,20260513-032137,20260625-095817,1.0346496991735619
12,114.58,320.37,7.92234,0.653926,20.0,58.3,7.0,annealing_T=100_h=25,absent,disappeared,4.07,52.0,annealing_T=100_h=5,20260610-203538,previous_detection,before_annealing,20260513-032137,20260625-095817,1.0346496991735619
13,139.07,256.97,-0.159496,0.184876,20.0,52.3,1.0,annealing_T=100_h=25,absent,disappeared,6.48,132.0,annealing_T=100_h=5,20260610-203538,previous_detection,annealing_T=100_h=5,20260610-203538,20260625-095817,0.7627581530209633
13,139.07,256.97,1.24218,0.255239,20.0,53.3,2.0,annealing_T=100_h=25,absent,disappeared,6.48,132.0,annealing_T=100_h=5,20260610-203538,previous_detection,annealing_T=100_h=5,20260610-203538,20260625-095817,0.7627581530209633
13,139.07,256.97,0.769703,0.285364,20.0,54.3,3.0,annealing_T=100_h=25,absent,disappeared,6.48,132.0,annealing_T=100_h=5,20260610-203538,previous_detection,annealing_T=100_h=5,20260610-203538,20260625-095817,0.7627581530209633
13,139.07,256.97,3.71404,0.237744,20.0,55.3,4.0,annealing_T=100_h=25,absent,disappeared,6.48,132.0,annealing_T=100_h=5,20260610-203538,previous_detection,annealing_T=100_h=5,20260610-203538,20260625-095817,0.7627581530209633
13,139.07,256.97,2.60168,0.226264,20.0,56.3,5.0,annealing_T=100_h=25,absent,disappeared,6.48,132.0,annealing_T=100_h=5,20260610-203538,previous_detection,annealing_T=100_h=5,20260610-203538,20260625-095817,0.7627581530209633
13,139.07,256.97,3.57257,0.407807,20.0,58.3,7.0,annealing_T=100_h=25,absent,disappeared,6.48,132.0,annealing_T=100_h=5,20260610-203538,previous_detection,annealing_T=100_h=5,20260610-203538,20260625-095817,0.7627581530209633
14,151.1,911.43,16.078,0.360778,20.0,52.3,1.0,annealing_T=100_h=25,present,present,8.78,242.0,annealing_T=100_h=25,20260625-095817,phase_detection,before_annealing,20260513-032137,20260625-095817,0.977394495585101
14,151.1,911.43,43.386,0.559944,20.0,53.3,2.0,annealing_T=100_h=25,present,present,8.78,242.0,annealing_T=100_h=25,20260625-095817,phase_detection,before_annealing,20260513-032137,20260625-095817,0.977394495585101
14,151.1,911.43,81.6231,0.391548,20.0,54.3,3.0,annealing_T=100_h=25,present,present,8.78,242.0,annealing_T=100_h=25,20260625-095817,phase_detection,before_annealing,20260513-032137,20260625-095817,0.977394495585101
14,151.1,911.43,131.104,0.653289,20.0,55.3,4.0,annealing_T=100_h=25,present,present,8.78,242.0,annealing_T=100_h=25,20260625-095817,phase_detection,before_annealing,20260513-032137,20260625-095817,0.977394495585101
14,151.1,911.43,173.421,0.645954,20.0,56.3,5.0,annealing_T=100_h=25,present,present,8.78,242.0,annealing_T=100_h=25,20260625-095817,phase_detection,before_annealing,20260513-032137,20260625-095817,0.977394495585101
14,151.1,911.43,299.051,1.18987,20.0,58.3,7.0,annealing_T=100_h=25,present,present,8.78,242.0,annealing_T=100_h=25,20260625-095817,phase_detection,before_annealing,20260513-032137,20260625-095817,0.977394495585101
15,174.28,943.31,17.7117,0.595634,20.0,52.3,1.0,annealing_T=100_h=25,present,present,10.97,378.0,annealing_T=100_h=25,20260625-095817,phase_detection,annealing_T=100_h=25,20260625-095817,20260625-095817,0.9234717104492892
15,174.28,943.31,106.411,0.581838,20.0,53.3,2.0,annealing_T=100_h=25,present,present,10.97,378.0,annealing_T=100_h=25,20260625-095817,phase_detection,annealing_T=100_h=25,20260625-095817,20260625-095817,0.9234717104492892
15,174.28,943.31,276.142,0.636824,20.0,54.3,3.0,annealing_T=100_h=25,present,present,10.97,378.0,annealing_T=100_h=25,20260625-095817,phase_detection,annealing_T=100_h=25,20260625-095817,20260625-095817,0.9234717104492892
15,174.28,943.31,532.649,0.909547,20.0,55.3,4.0,annealing_T=100_h=25,present,present,10.97,378.0,annealing_T=100_h=25,20260625-095817,phase_detection,annealing_T=100_h=25,20260625-095817,20260625-095817,0.9234717104492892
15,174.28,943.31,848.097,1.18601,20.0,56.3,5.0,annealing_T=100_h=25,present,present,10.97,378.0,annealing_T=100_h=25,20260625-095817,phase_detection,annealing_T=100_h=25,20260625-095817,20260625-095817,0.9234717104492892
15,174.28,943.31,1819.5,2.55968,20.0,58.3,7.0,annealing_T=100_h=25,present,present,10.97,378.0,annealing_T=100_h=25,20260625-095817,phase_detection,annealing_T=100_h=25,20260625-095817,20260625-095817,0.9234717104492892
16,182.5,171.0,133.682,0.616248,20.0,52.3,1.0,annealing_T=100_h=25,present,present,16.17,821.0,annealing_T=100_h=25,20260625-095817,phase_detection,annealing_T=75_h=5,20260520-085312,20260625-095817,1.1443775600735833
16,182.5,171.0,525.856,0.705391,20.0,53.3,2.0,annealing_T=100_h=25,present,present,16.17,821.0,annealing_T=100_h=25,20260625-095817,phase_detection,annealing_T=75_h=5,20260520-085312,20260625-095817,1.1443775600735833
16,182.5,171.0,1227.85,1.10812,20.0,54.3,3.0,annealing_T=100_h=25,present,present,16.17,821.0,annealing_T=100_h=25,20260625-095817,phase_detection,annealing_T=75_h=5,20260520-085312,20260625-095817,1.1443775600735833
16,182.5,171.0,2270.13,1.49555,20.0,55.3,4.0,annealing_T=100_h=25,present,present,16.17,821.0,annealing_T=100_h=25,20260625-095817,phase_detection,annealing_T=75_h=5,20260520-085312,20260625-095817,1.1443775600735833
16,182.5,171.0,3771.25,2.53571,20.0,56.3,5.0,annealing_T=100_h=25,present,present,16.17,821.0,annealing_T=100_h=25,20260625-095817,phase_detection,annealing_T=75_h=5,20260520-085312,20260625-095817,1.1443775600735833
16,182.5,171.0,8844.73,6.51273,20.0,58.3,7.0,annealing_T=100_h=25,present,present,16.17,821.0,annealing_T=100_h=25,20260625-095817,phase_detection,annealing_T=75_h=5,20260520-085312,20260625-095817,1.1443775600735833
17,193.68,519.03,7.64239,0.592632,20.0,52.3,1.0,annealing_T=100_h=25,present,present,8.72,239.0,annealing_T=100_h=25,20260625-095817,phase_detection,annealing_T=75_h=5,20260520-085312,20260625-095817,1.1104053313993192
17,193.68,519.03,26.8857,0.580584,20.0,53.3,2.0,annealing_T=100_h=25,present,present,8.72,239.0,annealing_T=100_h=25,20260625-095817,phase_detection,annealing_T=75_h=5,20260520-085312,20260625-095817,1.1104053313993192
17,193.68,519.03,56.192,0.76828,20.0,54.3,3.0,annealing_T=100_h=25,present,present,8.72,239.0,annealing_T=100_h=25,20260625-095817,phase_detection,annealing_T=75_h=5,20260520-085312,20260625-095817,1.1104053313993192
17,193.68,519.03,97.7734,0.592916,20.0,55.3,4.0,annealing_T=100_h=25,present,present,8.72,239.0,annealing_T=100_h=25,20260625-095817,phase_detection,annealing_T=75_h=5,20260520-085312,20260625-095817,1.1104053313993192
17,193.68,519.03,166.62,0.81999,20.0,56.3,5.0,annealing_T=100_h=25,present,present,8.72,239.0,annealing_T=100_h=25,20260625-095817,phase_detection,annealing_T=75_h=5,20260520-085312,20260625-095817,1.1104053313993192
17,193.68,519.03,347.479,1.00234,20.0,58.3,7.0,annealing_T=100_h=25,present,present,8.72,239.0,annealing_T=100_h=25,20260625-095817,phase_detection,annealing_T=75_h=5,20260520-085312,20260625-095817,1.1104053313993192
18,199.8,55.66,2.71041,0.308508,20.0,52.3,1.0,annealing_T=100_h=25,present,present,7.46,175.0,annealing_T=100_h=25,20260625-095817,phase_detection,annealing_T=75_h=25,20260530-001924,20260625-095817,1.0259142264341672
18,199.8,55.66,8.52585,0.234181,20.0,53.3,2.0,annealing_T=100_h=25,present,present,7.46,175.0,annealing_T=100_h=25,20260625-095817,phase_detection,annealing_T=75_h=25,20260530-001924,20260625-095817,1.0259142264341672
18,199.8,55.66,25.0429,0.433407,20.0,54.3,3.0,annealing_T=100_h=25,present,present,7.46,175.0,annealing_T=100_h=25,20260625-095817,phase_detection,annealing_T=75_h=25,20260530-001924,20260625-095817,1.0259142264341672
18,199.8,55.66,25.6469,0.325993,20.0,55.3,4.0,annealing_T=100_h=25,present,present,7.46,175.0,annealing_T=100_h=25,20260625-095817,phase_detection,annealing_T=75_h=25,20260530-001924,20260625-095817,1.0259142264341672
18,199.8,55.66,39.0694,0.558352,20.0,56.3,5.0,annealing_T=100_h=25,present,present,7.46,175.0,annealing_T=100_h=25,20260625-095817,phase_detection,annealing_T=75_h=25,20260530-001924,20260625-095817,1.0259142264341672
18,199.8,55.66,85.4535,0.534047,20.0,58.3,7.0,annealing_T=100_h=25,present,present,7.46,175.0,annealing_T=100_h=25,20260625-095817,phase_detection,annealing_T=75_h=25,20260530-001924,20260625-095817,1.0259142264341672
19,215.56,919.27,0.871082,0.143403,20.0,52.3,1.0,annealing_T=100_h=25,present,present,3.78,45.0,annealing_T=100_h=25,20260625-095817,phase_detection,annealing_T=150_h=5,20260908-043207,20260625-095817,1.6056151469141215
19,215.56,919.27,2.60448,0.208004,20.0,53.3,2.0,annealing_T=100_h=25,present,present,3.78,45.0,annealing_T=100_h=25,20260625-095817,phase_detection,annealing_T=150_h=5,20260908-043207,20260625-095817,1.6056151469141215
19,215.56,919.27,2.79361,0.121267,20.0,54.3,3.0,annealing_T=100_h=25,present,present,3.78,45.0,annealing_T=100_h=25,20260625-095817,phase_detection,annealing_T=150_h=5,20260908-043207,20260625-095817,1.6056151469141215
19,215.56,919.27,8.5757,0.147018,20.0,55.3,4.0,annealing_T=100_h=25,present,present,3.78,45.0,annealing_T=100_h=25,20260625-095817,phase_detection,annealing_T=150_h=5,20260908-043207,20260625-095817,1.6056151469141215
19,215.56,919.27,10.4522,0.224198,20.0,56.3,5.0,annealing_T=100_h=25,present,present,3.78,45.0,annealing_T=100_h=25,20260625-095817,phase_detection,annealing_T=150_h=5,20260908-043207,20260625-095817,1.6056151469141215
19,215.56,919.27,22.9737,0.191586,20.0,58.3,7.0,annealing_T=100_h=25,present,present,3.78,45.0,annealing_T=100_h=25,20260625-095817,phase_detection,annealing_T=150_h=5,20260908-043207,20260625-095817,1.6056151469141215
20,232.35,756.27,-0.617124,0.184043,20.0,52.3,1.0,annealing_T=100_h=25,absent,disappeared,5.08,81.0,annealing_T=100_h=5,20260610-203538,previous_detection,annealing_T=75_h=25,20260530-001924,20260625-095817,1.1771151175649397
20,232.35,756.27,2.45647,0.350832,20.0,53.3,2.0,annealing_T=100_h=25,absent,disappeared,5.08,81.0,annealing_T=100_h=5,20260610-203538,previous_detection,annealing_T=75_h=25,20260530-001924,20260625-095817,1.1771151175649397
20,232.35,756.27,2.22108,0.325701,20.0,54.3,3.0,annealing_T=100_h=25,absent,disappeared,5.08,81.0,annealing_T=100_h=5,20260610-203538,previous_detection,annealing_T=75_h=25,20260530-001924,20260625-095817,1.1771151175649397
20,232.35,756.27,5.73611,0.204224,20.0,55.3,4.0,annealing_T=100_h=25,absent,disappeared,5.08,81.0,annealing_T=100_h=5,20260610-203538,previous_detection,annealing_T=75_h=25,20260530-001924,20260625-095817,1.1771151175649397
20,232.35,756.27,9.91596,0.489193,20.0,56.3,5.0,annealing_T=100_h=25,absent,disappeared,5.08,81.0,annealing_T=100_h=5,20260610-203538,previous_detection,annealing_T=75_h=25,20260530-001924,20260625-095817,1.1771151175649397
20,232.35,756.27,22.4501,0.331966,20.0,58.3,7.0,annealing_T=100_h=25,absent,disappeared,5.08,81.0,annealing_T=100_h=5,20260610-203538,previous_detection,annealing_T=75_h=25,20260530-001924,20260625-095817,1.1771151175649397
21,232.65,84.36,-0.0166194,0.343282,20.0,52.3,1.0,annealing_T=100_h=25,present,present,6.0,113.0,annealing_T=100_h=25,20260625-095817,phase_detection,before_annealing,20260513-032137,20260625-095817,0.8814193099768084
21,232.65,84.36,3.24144,0.192676,20.0,53.3,2.0,annealing_T=100_h=25,present,present,6.0,113.0,annealing_T=100_h=25,20260625-095817,phase_detection,before_annealing,20260513-032137,20260625-095817,0.8814193099768084
21,232.65,84.36,4.18269,0.368857,20.0,54.3,3.0,annealing_T=100_h=25,present,present,6.0,113.0,annealing_T=100_h=25,20260625-095817,phase_detection,before_annealing,20260513-032137,20260625-095817,0.8814193099768084
21,232.65,84.36,9.6293,0.353967,20.0,55.3,4.0,annealing_T=100_h=25,present,present,6.0,113.0,annealing_T=100_h=25,20260625-095817,phase_detection,before_annealing,20260513-032137,20260625-095817,0.8814193099768084
21,232.65,84.36,17.1962,0.262372,20.0,56.3,5.0,annealing_T=100_h=25,present,present,6.0,113.0,annealing_T=100_h=25,20260625-095817,phase_detection,before_annealing,20260513-032137,20260625-095817,0.8814193099768084
21,232.65,84.36,37.6556,0.477739,20.0,58.3,7.0,annealing_T=100_h=25,present,present,6.0,113.0,annealing_T=100_h=25,20260625-095817,phase_detection,before_annealing,20260513-032137,20260625-095817,0.8814193099768084
22,237.09,242.86,26.728,0.498093,20.0,52.3,1.0,annealing_T=100_h=25,present,present,11.1,387.0,annealing_T=100_h=25,20260625-095817,phase_detection,annealing_T=75_h=5,20260520-085312,20260625-095817,1.3200378782444018
22,237.09,242.86,82.1053,0.801642,20.0,53.3,2.0,annealing_T=100_h=25,present,present,11.1,387.0,annealing_T=100_h=25,20260625-095817,phase_detection,annealing_T=75_h=5,20260520-085312,20260625-095817,1.3200378782444018
22,237.09,242.86,175.103,0.624714,20.0,54.3,3.0,annealing_T=100_h=25,present,present,11.1,387.0,annealing_T=100_h=25,20260625-095817,phase_detection,annealing_T=75_h=5,20260520-085312,20260625-095817,1.3200378782444018
22,237.09,242.86,271.749,0.907233,20.0,55.3,4.0,annealing_T=100_h=25,present,present,11.1,387.0,annealing_T=100_h=25,20260625-095817,phase_detection,annealing_T=75_h=5,20260520-085312,20260625-095817,1.3200378782444018
22,237.09,242.86,426.759,0.940467,20.0,56.3,5.0,annealing_T=100_h=25,present,present,11.1,387.0,annealing_T=100_h=25,20260625-095817,phase_detection,annealing_T=75_h=5,20260520-085312,20260625-095817,1.3200378782444018
22,237.09,242.86,777.205,1.7788,20.0,58.3,7.0,annealing_T=100_h=25,present,present,11.1,387.0,annealing_T=100_h=25,20260625-095817,phase_detection,annealing_T=75_h=5,20260520-085312,20260625-095817,1.3200378782444018
23,253.68,350.38,19.0716,0.494878,20.0,52.3,1.0,annealing_T=100_h=25,present,present,9.62,291.0,annealing_T=100_h=25,20260625-095817,phase_detection,annealing_T=100_h=25,20260625-095817,20260625-095817,1.0201960595885868
23,253.68,350.38,69.7104,0.568563,20.0,53.3,2.0,annealing_T=100_h=25,present,present,9.62,291.0,annealing_T=100_h=25,20260625-095817,phase_detection,annealing_T=100_h=25,20260625-095817,20260625-095817,1.0201960595885868
23,253.68,350.38,146.471,0.780958,20.0,54.3,3.0,annealing_T=100_h=25,present,present,9.62,291.0,annealing_T=100_h=25,20260625-095817,phase_detection,annealing_T=100_h=25,20260625-095817,20260625-095817,1.0201960595885868
23,253.68,350.38,317.721,1.83976,20.0,55.3,4.0,annealing_T=100_h=25,present,present,9.62,291.0,annealing_T=100_h=25,20260625-095817,phase_detection,annealing_T=100_h=25,20260625-095817,20260625-095817,1.0201960595885868
23,253.68,350.38,542.849,3.62248,20.0,56.3,5.0,annealing_T=100_h=25,present,present,9.62,291.0,annealing_T=100_h=25,20260625-095817,phase_detection,annealing_T=100_h=25,20260625-095817,20260625-095817,1.0201960595885868
23,253.68,350.38,1520.29,10.0214,20.0,58.3,7.0,annealing_T=100_h=25,present,present,9.62,291.0,annealing_T=100_h=25,20260625-095817,phase_detection,annealing_T=100_h=25,20260625-095817,20260625-095817,1.0201960595885868
24,263.06,1023.81,2.10883,0.298067,20.0,52.3,1.0,annealing_T=100_h=25,absent,absent,3.39,36.0,annealing_T=75_h=5,20260520-085312,previous_detection,annealing_T=75_h=5,20260520-085312,20260625-095817,2.0369094236121916
24,263.06,1023.81,0.347979,0.258056,20.0,53.3,2.0,annealing_T=100_h=25,absent,absent,3.39,36.0,annealing_T=75_h=5,20260520-085312,previous_detection,annealing_T=75_h=5,20260520-085312,20260625-095817,2.0369094236121916
24,263.06,1023.81,2.45316,0.150127,20.0,54.3,3.0,annealing_T=100_h=25,absent,absent,3.39,36.0,annealing_T=75_h=5,20260520-085312,previous_detection,annealing_T=75_h=5,20260520-085312,20260625-095817,2.0369094236121916
24,263.06,1023.81,1.73577,0.157969,20.0,55.3,4.0,annealing_T=100_h=25,absent,absent,3.39,36.0,annealing_T=75_h=5,20260520-085312,previous_detection,annealing_T=75_h=5,20260520-085312,20260625-095817,2.0369094236121916
24,263.06,1023.81,-1.90829,0.321652,20.0,56.3,5.0,annealing_T=100_h=25,absent,absent,3.39,36.0,annealing_T=75_h=5,20260520-085312,previous_detection,annealing_T=75_h=5,20260520-085312,20260625-095817,2.0369094236121916
24,263.06,1023.81,3.0938,0.41594,20.0,58.3,7.0,annealing_T=100_h=25,absent,absent,3.39,36.0,annealing_T=75_h=5,20260520-085312,previous_detection,annealing_T=75_h=5,20260520-085312,20260625-095817,2.0369094236121916
25,277.22,18.3,0.276861,0.394748,20.0,52.3,1.0,annealing_T=100_h=25,absent,absent,6.89,149.0,annealing_T=75_h=25,20260530-001924,previous_detection,before_annealing,20260513-032137,20260625-095817,2.3883885781002907
25,277.22,18.3,-6.68656,0.434455,20.0,53.3,2.0,annealing_T=100_h=25,absent,absent,6.89,149.0,annealing_T=75_h=25,20260530-001924,previous_detection,before_annealing,20260513-032137,20260625-095817,2.3883885781002907
25,277.22,18.3,-1.71041,0.480784,20.0,54.3,3.0,annealing_T=100_h=25,absent,absent,6.89,149.0,annealing_T=75_h=25,20260530-001924,previous_detection,before_annealing,20260513-032137,20260625-095817,2.3883885781002907
25,277.22,18.3,4.67517,0.458513,20.0,55.3,4.0,annealing_T=100_h=25,absent,absent,6.89,149.0,annealing_T=75_h=25,20260530-001924,previous_detection,before_annealing,20260513-032137,20260625-095817,2.3883885781002907
25,277.22,18.3,11.0799,0.471081,20.0,56.3,5.0,annealing_T=100_h=25,absent,absent,6.89,149.0,annealing_T=75_h=25,20260530-001924,previous_detection,before_annealing,20260513-032137,20260625-095817,2.3883885781002907
25,277.22,18.3,20.3171,0.329333,20.0,58.3,7.0,annealing_T=100_h=25,absent,absent,6.89,149.0,annealing_T=75_h=25,20260530-001924,previous_detection,before_annealing,20260513-032137,20260625-095817,2.3883885781002907
26,292.93,290.04,0.91799,0.379108,20.0,52.3,1.0,annealing_T=100_h=25,absent,absent,4.18,55.0,annealing_T=75_h=25,20260530-001924,previous_detection,annealing_T=75_h=25,20260530-001924,20260625-095817,1.8607794065928045
26,292.93,290.04,0.45412,0.234185,20.0,53.3,2.0,annealing_T=100_h=25,absent,absent,4.18,55.0,annealing_T=75_h=25,20260530-001924,previous_detection,annealing_T=75_h=25,20260530-001924,20260625-095817,1.8607794065928045
26,292.93,290.04,0.93026,0.28396,20.0,54.3,3.0,annealing_T=100_h=25,absent,absent,4.18,55.0,annealing_T=75_h=25,20260530-001924,previous_detection,annealing_T=75_h=25,20260530-001924,20260625-095817,1.8607794065928045
26,292.93,290.04,-0.752038,0.314992,20.0,55.3,4.0,annealing_T=100_h=25,absent,absent,4.18,55.0,annealing_T=75_h=25,20260530-001924,previous_detection,annealing_T=75_h=25,20260530-001924,20260625-095817,1.8607794065928045
26,292.93,290.04,2.00116,0.328934,20.0,56.3,5.0,annealing_T=100_h=25,absent,absent,4.18,55.0,annealing_T=75_h=25,20260530-001924,previous_detection,annealing_T=75_h=25,20260530-001924,20260625-095817,1.8607794065928045
26,292.93,290.04,1.7404,0.57716,20.0,58.3,7.0,annealing_T=100_h=25,absent,absent,4.18,55.0,annealing_T=75_h=25,20260530-001924,previous_detection,annealing_T=75_h=25,20260530-001924,20260625-095817,1.8607794065928045
27,336.03,287.07,4.99859,0.444218,20.0,52.3,1.0,annealing_T=100_h=25,present,present,5.97,112.0,annealing_T=100_h=25,20260625-095817,phase_detection,before_annealing,20260513-032137,20260625-095817,1.3729530217746266
27,336.03,287.07,10.8043,0.232076,20.0,53.3,2.0,annealing_T=100_h=25,present,present,5.97,112.0,annealing_T=100_h=25,20260625-095817,phase_detection,before_annealing,20260513-032137,20260625-095817,1.3729530217746266
27,336.03,287.07,21.0174,0.493252,20.0,54.3,3.0,annealing_T=100_h=25,present,present,5.97,112.0,annealing_T=100_h=25,20260625-095817,phase_detection,before_annealing,20260513-032137,20260625-095817,1.3729530217746266
27,336.03,287.07,27.0681,0.381912,20.0,55.3,4.0,annealing_T=100_h=25,present,present,5.97,112.0,annealing_T=100_h=25,20260625-095817,phase_detection,before_annealing,20260513-032137,20260625-095817,1.3729530217746266
27,336.03,287.07,33.0333,0.513702,20.0,56.3,5.0,annealing_T=100_h=25,present,present,5.97,112.0,annealing_T=100_h=25,20260625-095817,phase_detection,before_annealing,20260513-032137,20260625-095817,1.3729530217746266
27,336.03,287.07,55.4866,0.568634,20.0,58.3,7.0,annealing_T=100_h=25,present,present,5.97,112.0,annealing_T=100_h=25,20260625-095817,phase_detection,before_annealing,20260513-032137,20260625-095817,1.3729530217746266
28,350.01,40.42,2.9319,0.19727,20.0,52.3,1.0,annealing_T=100_h=25,absent,disappeared,5.05,80.0,annealing_T=100_h=5,20260610-203538,previous_detection,annealing_T=75_h=5,20260520-085312,20260625-095817,0.7831347265956228
28,350.01,40.42,1.34963,0.132121,20.0,53.3,2.0,annealing_T=100_h=25,absent,disappeared,5.05,80.0,annealing_T=100_h=5,20260610-203538,previous_detection,annealing_T=75_h=5,20260520-085312,20260625-095817,0.7831347265956228
28,350.01,40.42,3.96609,0.240876,20.0,54.3,3.0,annealing_T=100_h=25,absent,disappeared,5.05,80.0,annealing_T=100_h=5,20260610-203538,previous_detection,annealing_T=75_h=5,20260520-085312,20260625-095817,0.7831347265956228
28,350.01,40.42,1.46393,0.265468,20.0,55.3,4.0,annealing_T=100_h=25,absent,disappeared,5.05,80.0,annealing_T=100_h=5,20260610-203538,previous_detection,annealing_T=75_h=5,20260520-085312,20260625-095817,0.7831347265956228
28,350.01,40.42,9.32781,0.243312,20.0,56.3,5.0,annealing_T=100_h=25,absent,disappeared,5.05,80.0,annealing_T=100_h=5,20260610-203538,previous_detection,annealing_T=75_h=5,20260520-085312,20260625-095817,0.7831347265956228
28,350.01,40.42,15.4863,0.455131,20.0,58.3,7.0,annealing_T=100_h=25,absent,disappeared,5.05,80.0,annealing_T=100_h=5,20260610-203538,previous_detection,annealing_T=75_h=5,20260520-085312,20260625-095817,0.7831347265956228
29,356.45,845.52,4.21986,0.341446,20.0,52.3,1.0,annealing_T=100_h=25,present,present,8.0,201.0,annealing_T=100_h=25,20260625-095817,phase_detection,before_annealing,20260513-032137,20260625-095817,1.4945902448497719
29,356.45,845.52,4.64204,0.313379,20.0,53.3,2.0,annealing_T=100_h=25,present,present,8.0,201.0,annealing_T=100_h=25,20260625-095817,phase_detection,before_annealing,20260513-032137,20260625-095817,1.4945902448497719
29,356.45,845.52,19.2062,0.320268,20.0,54.3,3.0,annealing_T=100_h=25,present,present,8.0,201.0,annealing_T=100_h=25,20260625-095817,phase_detection,before_annealing,20260513-032137,20260625-095817,1.4945902448497719
29,356.45,845.52,32.8201,0.365121,20.0,55.3,4.0,annealing_T=100_h=25,present,present,8.0,201.0,annealing_T=100_h=25,20260625-095817,phase_detection,before_annealing,20260513-032137,20260625-095817,1.4945902448497719
29,356.45,845.52,39.7794,0.329821,20.0,56.3,5.0,annealing_T=100_h=25,present,present,8.0,201.0,annealing_T=100_h=25,20260625-095817,phase_detection,before_annealing,20260513-032137,20260625-095817,1.4945902448497719
29,356.45,845.52,89.4018,0.55566,20.0,58.3,7.0,annealing_T=100_h=25,present,present,8.0,201.0,annealing_T=100_h=25,20260625-095817,phase_detection,before_annealing,20260513-032137,20260625-095817,1.4945902448497719
30,374.32,368.37,0.852914,0.27173,20.0,52.3,1.0,annealing_T=100_h=25,absent,absent,5.73,103.0,annealing_T=75_h=25,20260530-001924,previous_detection,annealing_T=75_h=25,20260530-001924,20260625-095817,1.7088300090997404
30,374.32,368.37,-0.965774,0.170748,20.0,53.3,2.0,annealing_T=100_h=25,absent,absent,5.73,103.0,annealing_T=75_h=25,20260530-001924,previous_detection,annealing_T=75_h=25,20260530-001924,20260625-095817,1.7088300090997404
30,374.32,368.37,2.36705,0.373601,20.0,54.3,3.0,annealing_T=100_h=25,absent,absent,5.73,103.0,annealing_T=75_h=25,20260530-001924,previous_detection,annealing_T=75_h=25,20260530-001924,20260625-095817,1.7088300090997404
30,374.32,368.37,4.08037,0.423296,20.0,55.3,4.0,annealing_T=100_h=25,absent,absent,5.73,103.0,annealing_T=75_h=25,20260530-001924,previous_detection,annealing_T=75_h=25,20260530-001924,20260625-095817,1.7088300090997404
30,374.32,368.37,-0.101579,0.416485,20.0,56.3,5.0,annealing_T=100_h=25,absent,absent,5.73,103.0,annealing_T=75_h=25,20260530-001924,previous_detection,annealing_T=75_h=25,20260530-001924,20260625-095817,1.7088300090997404
30,374.32,368.37,5.99883,0.384777,20.0,58.3,7.0,annealing_T=100_h=25,absent,absent,5.73,103.0,annealing_T=75_h=25,20260530-001924,previous_detection,annealing_T=75_h=25,20260530-001924,20260625-095817,1.7088300090997404
31,410.26,758.44,1.6687,0.232135,20.0,52.3,1.0,annealing_T=100_h=25,absent,disappeared,5.41,92.0,annealing_T=100_h=5,20260610-203538,previous_detection,annealing_T=100_h=5,20260610-203538,20260625-095817,1.0178899744077687
31,410.26,758.44,1.94391,0.339329,20.0,53.3,2.0,annealing_T=100_h=25,absent,disappeared,5.41,92.0,annealing_T=100_h=5,20260610-203538,previous_detection,annealing_T=100_h=5,20260610-203538,20260625-095817,1.0178899744077687
31,410.26,758.44,1.88474,0.29454,20.0,54.3,3.0,annealing_T=100_h=25,absent,disappeared,5.41,92.0,annealing_T=100_h=5,20260610-203538,previous_detection,annealing_T=100_h=5,20260610-203538,20260625-095817,1.0178899744077687
31,410.26,758.44,7.06222,0.290534,20.0,55.3,4.0,annealing_T=100_h=25,absent,disappeared,5.41,92.0,annealing_T=100_h=5,20260610-203538,previous_detection,annealing_T=100_h=5,20260610-203538,20260625-095817,1.0178899744077687
31,410.26,758.44,10.4039,0.426077,20.0,56.3,5.0,annealing_T=100_h=25,absent,disappeared,5.41,92.0,annealing_T=100_h=5,20260610-203538,previous_detection,annealing_T=100_h=5,20260610-203538,20260625-095817,1.0178899744077687
31,410.26,758.44,20.7968,0.481232,20.0,58.3,7.0,annealing_T=100_h=25,absent,disappeared,5.41,92.0,annealing_T=100_h=5,20260610-203538,previous_detection,annealing_T=100_h=5,20260610-203538,20260625-095817,1.0178899744077687
32,415.61,947.57,9.7543,0.370314,20.0,52.3,1.0,annealing_T=100_h=25,present,present,7.74,188.0,annealing_T=100_h=25,20260625-095817,phase_detection,annealing_T=100_h=5,20260610-203538,20260625-095817,1.2490796611905302
32,415.61,947.57,25.8989,0.335015,20.0,53.3,2.0,annealing_T=100_h=25,present,present,7.74,188.0,annealing_T=100_h=25,20260625-095817,phase_detection,annealing_T=100_h=5,20260610-203538,20260625-095817,1.2490796611905302
32,415.61,947.57,45.7125,0.566744,20.0,54.3,3.0,annealing_T=100_h=25,present,present,7.74,188.0,annealing_T=100_h=25,20260625-095817,phase_detection,annealing_T=100_h=5,20260610-203538,20260625-095817,1.2490796611905302
32,415.61,947.57,68.5766,0.639612,20.0,55.3,4.0,annealing_T=100_h=25,present,present,7.74,188.0,annealing_T=100_h=25,20260625-095817,phase_detection,annealing_T=100_h=5,20260610-203538,20260625-095817,1.2490796611905302
32,415.61,947.57,99.6981,0.47409,20.0,56.3,5.0,annealing_T=100_h=25,present,present,7.74,188.0,annealing_T=100_h=25,20260625-095817,phase_detection,annealing_T=100_h=5,20260610-203538,20260625-095817,1.2490796611905302
32,415.61,947.57,160.058,0.981325,20.0,58.3,7.0,annealing_T=100_h=25,present,present,7.74,188.0,annealing_T=100_h=25,20260625-095817,phase_detection,annealing_T=100_h=5,20260610-203538,20260625-095817,1.2490796611905302
33,416.68,548.69,0.0666953,0.246581,20.0,52.3,1.0,annealing_T=100_h=25,absent,disappeared,4.92,76.0,annealing_T=100_h=5,20260610-203538,previous_detection,annealing_T=75_h=5,20260520-085312,20260625-095817,1.836981219283354
33,416.68,548.69,4.28881,0.41878,20.0,53.3,2.0,annealing_T=100_h=25,absent,disappeared,4.92,76.0,annealing_T=100_h=5,20260610-203538,previous_detection,annealing_T=75_h=5,20260520-085312,20260625-095817,1.836981219283354
33,416.68,548.69,6.35535,0.390362,20.0,54.3,3.0,annealing_T=100_h=25,absent,disappeared,4.92,76.0,annealing_T=100_h=5,20260610-203538,previous_detection,annealing_T=75_h=5,20260520-085312,20260625-095817,1.836981219283354
33,416.68,548.69,9.3375,0.508273,20.0,55.3,4.0,annealing_T=100_h=25,absent,disappeared,4.92,76.0,annealing_T=100_h=5,20260610-203538,previous_detection,annealing_T=75_h=5,20260520-085312,20260625-095817,1.836981219283354
33,416.68,548.69,9.9017,0.212489,20.0,56.3,5.0,annealing_T=100_h=25,absent,disappeared,4.92,76.0,annealing_T=100_h=5,20260610-203538,previous_detection,annealing_T=75_h=5,20260520-085312,20260625-095817,1.836981219283354
33,416.68,548.69,10.8756,0.420229,20.0,58.3,7.0,annealing_T=100_h=25,absent,disappeared,4.92,76.0,annealing_T=100_h=5,20260610-203538,previous_detection,annealing_T=75_h=5,20260520-085312,20260625-095817,1.836981219283354
34,425.02,71.55,-0.0985893,0.692528,20.0,52.3,1.0,annealing_T=100_h=25,present,present,7.51,177.0,annealing_T=100_h=25,20260625-095817,phase_detection,annealing_T=75_h=5,20260520-085312,20260625-095817,1.6602710622064052
34,425.02,71.55,3.31814,0.49944,20.0,53.3,2.0,annealing_T=100_h=25,present,present,7.51,177.0,annealing_T=100_h=25,20260625-095817,phase_detection,annealing_T=75_h=5,20260520-085312,20260625-095817,1.6602710622064052
34,425.02,71.55,16.4995,0.569138,20.0,54.3,3.0,annealing_T=100_h=25,present,present,7.51,177.0,annealing_T=100_h=25,20260625-095817,phase_detection,annealing_T=75_h=5,20260520-085312,20260625-095817,1.6602710622064052
34,425.02,71.55,30.1355,0.66393,20.0,55.3,4.0,annealing_T=100_h=25,present,present,7.51,177.0,annealing_T=100_h=25,20260625-095817,phase_detection,annealing_T=75_h=5,20260520-085312,20260625-095817,1.6602710622064052
34,425.02,71.55,48.1663,0.861789,20.0,56.3,5.0,annealing_T=100_h=25,present,present,7.51,177.0,annealing_T=100_h=25,20260625-095817,phase_detection,annealing_T=75_h=5,20260520-085312,20260625-095817,1.6602710622064052
34,425.02,71.55,86.3491,1.10034,20.0,58.3,7.0,annealing_T=100_h=25,present,present,7.51,177.0,annealing_T=100_h=25,20260625-095817,phase_detection,annealing_T=75_h=5,20260520-085312,20260625-095817,1.6602710622064052
35,429.42,485.73,25.1713,0.510104,20.0,52.3,1.0,annealing_T=100_h=25,present,present,11.6,423.0,annealing_T=100_h=25,20260625-095817,phase_detection,before_annealing,20260513-032137,20260625-095817,1.292478239662068
35,429.42,485.73,75.0442,0.51168,20.0,53.3,2.0,annealing_T=100_h=25,present,present,11.6,423.0,annealing_T=100_h=25,20260625-095817,phase_detection,before_annealing,20260513-032137,20260625-095817,1.292478239662068
35,429.42,485.73,146.7,0.515687,20.0,54.3,3.0,annealing_T=100_h=25,present,present,11.6,423.0,annealing_T=100_h=25,20260625-095817,phase_detection,before_annealing,20260513-032137,20260625-095817,1.292478239662068
35,429.42,485.73,255.659,0.548719,20.0,55.3,4.0,annealing_T=100_h=25,present,present,11.6,423.0,annealing_T=100_h=25,20260625-095817,phase_detection,before_annealing,20260513-032137,20260625-095817,1.292478239662068
35,429.42,485.73,391.096,0.75815,20.0,56.3,5.0,annealing_T=100_h=25,present,present,11.6,423.0,annealing_T=100_h=25,20260625-095817,phase_detection,before_annealing,20260513-032137,20260625-095817,1.292478239662068
35,429.42,485.73,811.571,1.40823,20.0,58.3,7.0,annealing_T=100_h=25,present,present,11.6,423.0,annealing_T=100_h=25,20260625-095817,phase_detection,before_annealing,20260513-032137,20260625-095817,1.292478239662068
36,455.7,766.05,1.86065,0.301266,20.0,52.3,1.0,annealing_T=100_h=25,present,present,6.26,123.0,annealing_T=100_h=25,20260625-095817,phase_detection,annealing_T=75_h=5,20260520-085312,20260625-095817,1.4605478424209322
36,455.7,766.05,9.01861,0.463241,20.0,53.3,2.0,annealing_T=100_h=25,present,present,6.26,123.0,annealing_T=100_h=25,20260625-095817,phase_detection,annealing_T=75_h=5,20260520-085312,20260625-095817,1.4605478424209322
36,455.7,766.05,10.9987,0.439779,20.0,54.3,3.0,annealing_T=100_h=25,present,present,6.26,123.0,annealing_T=100_h=25,20260625-095817,phase_detection,annealing_T=75_h=5,20260520-085312,20260625-095817,1.4605478424209322
36,455.7,766.05,16.6157,0.507321,20.0,55.3,4.0,annealing_T=100_h=25,present,present,6.26,123.0,annealing_T=100_h=25,20260625-095817,phase_detection,annealing_T=75_h=5,20260520-085312,20260625-095817,1.4605478424209322
36,455.7,766.05,21.8715,0.565456,20.0,56.3,5.0,annealing_T=100_h=25,present,present,6.26,123.0,annealing_T=100_h=25,20260625-095817,phase_detection,annealing_T=75_h=5,20260520-085312,20260625-095817,1.4605478424209322
36,455.7,766.05,34.7005,0.737907,20.0,58.3,7.0,annealing_T=100_h=25,present,present,6.26,123.0,annealing_T=100_h=25,20260625-095817,phase_detection,annealing_T=75_h=5,20260520-085312,20260625-095817,1.4605478424209322
37,465.78,984.71,0.334986,0.423871,20.0,52.3,1.0,annealing_T=100_h=25,absent,disappeared,3.87,47.0,annealing_T=100_h=5,20260610-203538,previous_detection,annealing_T=75_h=5,20260520-085312,20260625-095817,1.2894960255851595
37,465.78,984.71,2.77283,0.33719,20.0,53.3,2.0,annealing_T=100_h=25,absent,disappeared,3.87,47.0,annealing_T=100_h=5,20260610-203538,previous_detection,annealing_T=75_h=5,20260520-085312,20260625-095817,1.2894960255851595
37,465.78,984.71,5.46708,0.152316,20.0,54.3,3.0,annealing_T=100_h=25,absent,disappeared,3.87,47.0,annealing_T=100_h=5,20260610-203538,previous_detection,annealing_T=75_h=5,20260520-085312,20260625-095817,1.2894960255851595
37,465.78,984.71,6.64005,0.593226,20.0,55.3,4.0,annealing_T=100_h=25,absent,disappeared,3.87,47.0,annealing_T=100_h=5,20260610-203538,previous_detection,annealing_T=75_h=5,20260520-085312,20260625-095817,1.2894960255851595
37,465.78,984.71,8.6071,0.475747,20.0,56.3,5.0,annealing_T=100_h=25,absent,disappeared,3.87,47.0,annealing_T=100_h=5,20260610-203538,previous_detection,annealing_T=75_h=5,20260520-085312,20260625-095817,1.2894960255851595
37,465.78,984.71,12.1158,0.478471,20.0,58.3,7.0,annealing_T=100_h=25,absent,disappeared,3.87,47.0,annealing_T=100_h=5,20260610-203538,previous_detection,annealing_T=75_h=5,20260520-085312,20260625-095817,1.2894960255851595
38,467.32,209.23,0.225234,0.0877463,20.0,52.3,1.0,annealing_T=100_h=25,absent,absent,2.88,26.0,annealing_T=75_h=5,20260520-085312,previous_detection,annealing_T=75_h=5,20260520-085312,20260625-095817,0.8160882305241304
38,467.32,209.23,1.36961,0.0961621,20.0,53.3,2.0,annealing_T=100_h=25,absent,absent,2.88,26.0,annealing_T=75_h=5,20260520-085312,previous_detection,annealing_T=75_h=5,20260520-085312,20260625-095817,0.8160882305241304
38,467.32,209.23,2.0651,0.105902,20.0,54.3,3.0,annealing_T=100_h=25,absent,absent,2.88,26.0,annealing_T=75_h=5,20260520-085312,previous_detection,annealing_T=75_h=5,20260520-085312,20260625-095817,0.8160882305241304
38,467.32,209.23,1.78645,0.1366,20.0,55.3,4.0,annealing_T=100_h=25,absent,absent,2.88,26.0,annealing_T=75_h=5,20260520-085312,previous_detection,annealing_T=75_h=5,20260520-085312,20260625-095817,0.8160882305241304
38,467.32,209.23,2.70432,0.0977363,20.0,56.3,5.0,annealing_T=100_h=25,absent,absent,2.88,26.0,annealing_T=75_h=5,20260520-085312,previous_detection,annealing_T=75_h=5,20260520-085312,20260625-095817,0.8160882305241304
38,467.32,209.23,4.59274,0.196635,20.0,58.3,7.0,annealing_T=100_h=25,absent,absent,2.88,26.0,annealing_T=75_h=5,20260520-085312,previous_detection,annealing_T=75_h=5,20260520-085312,20260625-095817,0.8160882305241304
39,490.12,97.28,14.2269,1.00931,20.0,52.3,1.0,annealing_T=100_h=25,present,present,13.01,532.0,annealing_T=100_h=25,20260625-095817,phase_detection,annealing_T=75_h=5,20260520-085312,20260625-095817,1.1063453348751207
39,490.12,97.28,67.1559,0.972645,20.0,53.3,2.0,annealing_T=100_h=25,present,present,13.01,532.0,annealing_T=100_h=25,20260625-095817,phase_detection,annealing_T=75_h=5,20260520-085312,20260625-095817,1.1063453348751207
39,490.12,97.28,155.866,1.11873,20.0,54.3,3.0,annealing_T=100_h=25,present,present,13.01,532.0,annealing_T=100_h=25,20260625-095817,phase_detection,annealing_T=75_h=5,20260520-085312,20260625-095817,1.1063453348751207
39,490.12,97.28,276.686,1.15224,20.0,55.3,4.0,annealing_T=100_h=25,present,present,13.01,532.0,annealing_T=100_h=25,20260625-095817,phase_detection,annealing_T=75_h=5,20260520-085312,20260625-095817,1.1063453348751207
39,490.12,97.28,437.962,1.37448,20.0,56.3,5.0,annealing_T=100_h=25,present,present,13.01,532.0,annealing_T=100_h=25,20260625-095817,phase_detection,annealing_T=75_h=5,20260520-085312,20260625-095817,1.1063453348751207
39,490.12,97.28,1019.74,2.11564,20.0,58.3,7.0,annealing_T=100_h=25,present,present,13.01,532.0,annealing_T=100_h=25,20260625-095817,phase_detection,annealing_T=75_h=5,20260520-085312,20260625-095817,1.1063453348751207
40,503.6,997.02,4.33934,0.63324,20.0,52.3,1.0,annealing_T=100_h=25,present,present,6.46,131.0,annealing_T=100_h=25,20260625-095817,phase_detection,annealing_T=75_h=5,20260520-085312,20260625-095817,1.7042593699317665
40,503.6,997.02,7.5211,0.579228,20.0,53.3,2.0,annealing_T=100_h=25,present,present,6.46,131.0,annealing_T=100_h=25,20260625-095817,phase_detection,annealing_T=75_h=5,20260520-085312,20260625-095817,1.7042593699317665
40,503.6,997.02,8.34278,0.508786,20.0,54.3,3.0,annealing_T=100_h=25,present,present,6.46,131.0,annealing_T=100_h=25,20260625-095817,phase_detection,annealing_T=75_h=5,20260520-085312,20260625-095817,1.7042593699317665
40,503.6,997.02,17.6184,0.58238,20.0,55.3,4.0,annealing_T=100_h=25,present,present,6.46,131.0,annealing_T=100_h=25,20260625-095817,phase_detection,annealing_T=75_h=5,20260520-085312,20260625-095817,1.7042593699317665
40,503.6,997.02,21.4282,0.785262,20.0,56.3,5.0,annealing_T=100_h=25,present,present,6.46,131.0,annealing_T=100_h=25,20260625-095817,phase_detection,annealing_T=75_h=5,20260520-085312,20260625-095817,1.7042593699317665
40,503.6,997.02,38.0044,0.633367,20.0,58.3,7.0,annealing_T=100_h=25,present,present,6.46,131.0,annealing_T=100_h=25,20260625-095817,phase_detection,annealing_T=75_h=5,20260520-085312,20260625-095817,1.7042593699317665
41,505.15,10.1,-1.3293,0.430769,20.0,52.3,1.0,annealing_T=100_h=25,absent,absent,5.14,83.0,annealing_T=75_h=5,20260520-085312,previous_detection,before_annealing,20260513-032137,20260625-095817,1.0163660757816513
41,505.15,10.1,0.906597,0.336373,20.0,53.3,2.0,annealing_T=100_h=25,absent,absent,5.14,83.0,annealing_T=75_h=5,20260520-085312,previous_detection,before_annealing,20260513-032137,20260625-095817,1.0163660757816513
41,505.15,10.1,2.83948,0.362035,20.0,54.3,3.0,annealing_T=100_h=25,absent,absent,5.14,83.0,annealing_T=75_h=5,20260520-085312,previous_detection,before_annealing,20260513-032137,20260625-095817,1.0163660757816513
41,505.15,10.1,2.94521,0.12957,20.0,55.3,4.0,annealing_T=100_h=25,absent,absent,5.14,83.0,annealing_T=75_h=5,20260520-085312,previous_detection,before_annealing,20260513-032137,20260625-095817,1.0163660757816513
41,505.15,10.1,2.36299,0.535561,20.0,56.3,5.0,annealing_T=100_h=25,absent,absent,5.14,83.0,annealing_T=75_h=5,20260520-085312,previous_detection,before_annealing,20260513-032137,20260625-095817,1.0163660757816513
41,505.15,10.1,6.43519,0.423571,20.0,58.3,7.0,annealing_T=100_h=25,absent,absent,5.14,83.0,annealing_T=75_h=5,20260520-085312,previous_detection,before_annealing,20260513-032137,20260625-095817,1.0163660757816513
42,509.48,138.58,-0.271334,0.194368,20.0,52.3,1.0,annealing_T=100_h=25,present,present,8.04,203.0,annealing_T=100_h=25,20260625-095817,phase_detection,before_annealing,20260513-032137,20260625-095817,0.8099382692526456
42,509.48,138.58,3.6193,0.25372,20.0,53.3,2.0,annealing_T=100_h=25,present,present,8.04,203.0,annealing_T=100_h=25,20260625-095817,phase_detection,before_annealing,20260513-032137,20260625-095817,0.8099382692526456
42,509.48,138.58,16.5205,0.431077,20.0,54.3,3.0,annealing_T=100_h=25,present,present,8.04,203.0,annealing_T=100_h=25,20260625-095817,phase_detection,before_annealing,20260513-032137,20260625-095817,0.8099382692526456
42,509.48,138.58,31.9567,0.295215,20.0,55.3,4.0,annealing_T=100_h=25,present,present,8.04,203.0,annealing_T=100_h=25,20260625-095817,phase_detection,before_annealing,20260513-032137,20260625-095817,0.8099382692526456
42,509.48,138.58,43.5203,0.485939,20.0,56.3,5.0,annealing_T=100_h=25,present,present,8.04,203.0,annealing_T=100_h=25,20260625-095817,phase_detection,before_annealing,20260513-032137,20260625-095817,0.8099382692526456
42,509.48,138.58,83.7784,0.696888,20.0,58.3,7.0,annealing_T=100_h=25,present,present,8.04,203.0,annealing_T=100_h=25,20260625-095817,phase_detection,before_annealing,20260513-032137,20260625-095817,0.8099382692526456
43,511.31,849.17,-0.199858,0.0648275,20.0,52.3,1.0,annealing_T=100_h=25,absent,absent,4.26,57.0,before_annealing,20260513-032137,previous_detection,before_annealing,20260513-032137,20260625-095817,0.0
43,511.31,849.17,1.77558,0.227629,20.0,53.3,2.0,annealing_T=100_h=25,absent,absent,4.26,57.0,before_annealing,20260513-032137,previous_detection,before_annealing,20260513-032137,20260625-095817,0.0
43,511.31,849.17,0.614914,0.215054,20.0,54.3,3.0,annealing_T=100_h=25,absent,absent,4.26,57.0,before_annealing,20260513-032137,previous_detection,before_annealing,20260513-032137,20260625-095817,0.0
43,511.31,849.17,-0.714777,0.252277,20.0,55.3,4.0,annealing_T=100_h=25,absent,absent,4.26,57.0,before_annealing,20260513-032137,previous_detection,before_annealing,20260513-032137,20260625-095817,0.0
43,511.31,849.17,2.87307,0.10088,20.0,56.3,5.0,annealing_T=100_h=25,absent,absent,4.26,57.0,before_annealing,20260513-032137,previous_detection,before_annealing,20260513-032137,20260625-095817,0.0
43,511.31,849.17,1.93716,0.485947,20.0,58.3,7.0,annealing_T=100_h=25,absent,absent,4.26,57.0,before_annealing,20260513-032137,previous_detection,before_annealing,20260513-032137,20260625-095817,0.0
44,514.39,881.62,17.8897,0.720622,20.0,52.3,1.0,annealing_T=100_h=25,present,present,12.58,497.0,annealing_T=100_h=25,20260625-095817,phase_detection,annealing_T=75_h=25,20260530-001924,20260625-095817,1.0394710193170082
44,514.39,881.62,41.82,0.7035,20.0,53.3,2.0,annealing_T=100_h=25,present,present,12.58,497.0,annealing_T=100_h=25,20260625-095817,phase_detection,annealing_T=75_h=25,20260530-001924,20260625-095817,1.0394710193170082
44,514.39,881.62,78.3692,0.720287,20.0,54.3,3.0,annealing_T=100_h=25,present,present,12.58,497.0,annealing_T=100_h=25,20260625-095817,phase_detection,annealing_T=75_h=25,20260530-001924,20260625-095817,1.0394710193170082
44,514.39,881.62,138.392,0.931922,20.0,55.3,4.0,annealing_T=100_h=25,present,present,12.58,497.0,annealing_T=100_h=25,20260625-095817,phase_detection,annealing_T=75_h=25,20260530-001924,20260625-095817,1.0394710193170082
44,514.39,881.62,200.707,1.0284,20.0,56.3,5.0,annealing_T=100_h=25,present,present,12.58,497.0,annealing_T=100_h=25,20260625-095817,phase_detection,annealing_T=75_h=25,20260530-001924,20260625-095817,1.0394710193170082
44,514.39,881.62,410.686,1.34314,20.0,58.3,7.0,annealing_T=100_h=25,present,present,12.58,497.0,annealing_T=100_h=25,20260625-095817,phase_detection,annealing_T=75_h=25,20260530-001924,20260625-095817,1.0394710193170082
45,572.95,120.91,2.81238,0.356791,20.0,52.3,1.0,annealing_T=100_h=25,present,present,5.61,99.0,annealing_T=100_h=25,20260625-095817,phase_detection,annealing_T=125_h=25,20260827-053720,20260625-095817,2.1015232570685423
45,572.95,120.91,3.0211,0.329388,20.0,53.3,2.0,annealing_T=100_h=25,present,present,5.61,99.0,annealing_T=100_h=25,20260625-095817,phase_detection,annealing_T=125_h=25,20260827-053720,20260625-095817,2.1015232570685423
45,572.95,120.91,8.87057,0.448414,20.0,54.3,3.0,annealing_T=100_h=25,present,present,5.61,99.0,annealing_T=100_h=25,20260625-095817,phase_detection,annealing_T=125_h=25,20260827-053720,20260625-095817,2.1015232570685423
45,572.95,120.91,14.0863,0.270736,20.0,55.3,4.0,annealing_T=100_h=25,present,present,5.61,99.0,annealing_T=100_h=25,20260625-095817,phase_detection,annealing_T=125_h=25,20260827-053720,20260625-095817,2.1015232570685423
45,572.95,120.91,21.4773,0.40827,20.0,56.3,5.0,annealing_T=100_h=25,present,present,5.61,99.0,annealing_T=100_h=25,20260625-095817,phase_detection,annealing_T=125_h=25,20260827-053720,20260625-095817,2.1015232570685423
45,572.95,120.91,43.0205,0.915627,20.0,58.3,7.0,annealing_T=100_h=25,present,present,5.61,99.0,annealing_T=100_h=25,20260625-095817,phase_detection,annealing_T=125_h=25,20260827-053720,20260625-095817,2.1015232570685423
46,596.23,909.07,-0.0712924,0.0724812,20.0,52.3,1.0,annealing_T=100_h=25,absent,absent,2.82,25.0,before_annealing,20260513-032137,previous_detection,before_annealing,20260513-032137,20260625-095817,0.0
46,596.23,909.07,0.431468,0.150537,20.0,53.3,2.0,annealing_T=100_h=25,absent,absent,2.82,25.0,before_annealing,20260513-032137,previous_detection,before_annealing,20260513-032137,20260625-095817,0.0
46,596.23,909.07,-0.0316086,0.0350604,20.0,54.3,3.0,annealing_T=100_h=25,absent,absent,2.82,25.0,before_annealing,20260513-032137,previous_detection,before_annealing,20260513-032137,20260625-095817,0.0
46,596.23,909.07,-0.115198,0.0665784,20.0,55.3,4.0,annealing_T=100_h=25,absent,absent,2.82,25.0,before_annealing,20260513-032137,previous_detection,before_annealing,20260513-032137,20260625-095817,0.0
46,596.23,909.07,-0.948152,0.0661799,20.0,56.3,5.0,annealing_T=100_h=25,absent,absent,2.82,25.0,before_annealing,20260513-032137,previous_detection,before_annealing,20260513-032137,20260625-095817,0.0
46,596.23,909.07,-0.666399,0.0534224,20.0,58.3,7.0,annealing_T=100_h=25,absent,absent,2.82,25.0,before_annealing,20260513-032137,previous_detection,before_annealing,20260513-032137,20260625-095817,0.0
47,596.07,526.52,-0.139784,0.130011,20.0,52.3,1.0,annealing_T=100_h=25,absent,disappeared,4.98,78.0,annealing_T=100_h=5,20260610-203538,previous_detection,before_annealing,20260513-032137,20260625-095817,1.528299708826764
47,596.07,526.52,-1.98303,0.284632,20.0,53.3,2.0,annealing_T=100_h=25,absent,disappeared,4.98,78.0,annealing_T=100_h=5,20260610-203538,previous_detection,before_annealing,20260513-032137,20260625-095817,1.528299708826764
47,596.07,526.52,2.52946,0.372555,20.0,54.3,3.0,annealing_T=100_h=25,absent,disappeared,4.98,78.0,annealing_T=100_h=5,20260610-203538,previous_detection,before_annealing,20260513-032137,20260625-095817,1.528299708826764
47,596.07,526.52,3.92745,0.304028,20.0,55.3,4.0,annealing_T=100_h=25,absent,disappeared,4.98,78.0,annealing_T=100_h=5,20260610-203538,previous_detection,before_annealing,20260513-032137,20260625-095817,1.528299708826764
47,596.07,526.52,7.5601,0.51169,20.0,56.3,5.0,annealing_T=100_h=25,absent,disappeared,4.98,78.0,annealing_T=100_h=5,20260610-203538,previous_detection,before_annealing,20260513-032137,20260625-095817,1.528299708826764
47,596.07,526.52,23.1616,0.549812,20.0,58.3,7.0,annealing_T=100_h=25,absent,disappeared,4.98,78.0,annealing_T=100_h=5,20260610-203538,previous_detection,before_annealing,20260513-032137,20260625-095817,1.528299708826764
48,609.42,1031.66,0.871623,0.190045,20.0,52.3,1.0,annealing_T=100_h=25,present,present,5.26,87.0,annealing_T=100_h=25,20260625-095817,phase_detection,before_annealing,20260513-032137,20260625-095817,1.8408965207201915
48,609.42,1031.66,2.40386,0.437402,20.0,53.3,2.0,annealing_T=100_h=25,present,present,5.26,87.0,annealing_T=100_h=25,20260625-095817,phase_detection,before_annealing,20260513-032137,20260625-095817,1.8408965207201915
48,609.42,1031.66,9.40217,0.169186,20.0,54.3,3.0,annealing_T=100_h=25,present,present,5.26,87.0,annealing_T=100_h=25,20260625-095817,phase_detection,before_annealing,20260513-032137,20260625-095817,1.8408965207201915
48,609.42,1031.66,17.1693,0.340741,20.0,55.3,4.0,annealing_T=100_h=25,present,present,5.26,87.0,annealing_T=100_h=25,20260625-095817,phase_detection,before_annealing,20260513-032137,20260625-095817,1.8408965207201915
48,609.42,1031.66,32.8509,0.271574,20.0,56.3,5.0,annealing_T=100_h=25,present,present,5.26,87.0,annealing_T=100_h=25,20260625-095817,phase_detection,before_annealing,20260513-032137,20260625-095817,1.8408965207201915
48,609.42,1031.66,58.0059,0.507069,20.0,58.3,7.0,annealing_T=100_h=25,present,present,5.26,87.0,annealing_T=100_h=25,20260625-095817,phase_detection,before_annealing,20260513-032137,20260625-095817,1.8408965207201915
49,609.75,335.48,0.127839,0.125159,20.0,52.3,1.0,annealing_T=100_h=25,absent,disappeared,4.75,71.0,annealing_T=100_h=5,20260610-203538,previous_detection,annealing_T=75_h=25,20260530-001924,20260625-095817,0.8420213774007723
49,609.75,335.48,5.28368,0.12717,20.0,53.3,2.0,annealing_T=100_h=25,absent,disappeared,4.75,71.0,annealing_T=100_h=5,20260610-203538,previous_detection,annealing_T=75_h=25,20260530-001924,20260625-095817,0.8420213774007723
49,609.75,335.48,5.58374,0.28012,20.0,54.3,3.0,annealing_T=100_h=25,absent,disappeared,4.75,71.0,annealing_T=100_h=5,20260610-203538,previous_detection,annealing_T=75_h=25,20260530-001924,20260625-095817,0.8420213774007723
49,609.75,335.48,11.5182,0.219812,20.0,55.3,4.0,annealing_T=100_h=25,absent,disappeared,4.75,71.0,annealing_T=100_h=5,20260610-203538,previous_detection,annealing_T=75_h=25,20260530-001924,20260625-095817,0.8420213774007723
49,609.75,335.48,12.463,0.325375,20.0,56.3,5.0,annealing_T=100_h=25,absent,disappeared,4.75,71.0,annealing_T=100_h=5,20260610-203538,previous_detection,annealing_T=75_h=25,20260530-001924,20260625-095817,0.8420213774007723
49,609.75,335.48,18.5543,0.451935,20.0,58.3,7.0,annealing_T=100_h=25,absent,disappeared,4.75,71.0,annealing_T=100_h=5,20260610-203538,previous_detection,annealing_T=75_h=25,20260530-001924,20260625-095817,0.8420213774007723
50,617.79,1039.71,1.72476,0.155555,20.0,52.3,1.0,annealing_T=100_h=25,absent,disappeared,3.61,41.0,annealing_T=100_h=5,20260610-203538,previous_detection,annealing_T=75_h=25,20260530-001924,20260625-095817,1.7262966141424247
50,617.79,1039.71,1.91268,0.204588,20.0,53.3,2.0,annealing_T=100_h=25,absent,disappeared,3.61,41.0,annealing_T=100_h=5,20260610-203538,previous_detection,annealing_T=75_h=25,20260530-001924,20260625-095817,1.7262966141424247
50,617.79,1039.71,1.90804,0.164493,20.0,54.3,3.0,annealing_T=100_h=25,absent,disappeared,3.61,41.0,annealing_T=100_h=5,20260610-203538,previous_detection,annealing_T=75_h=25,20260530-001924,20260625-095817,1.7262966141424247
50,617.79,1039.71,6.54626,0.296661,20.0,55.3,4.0,annealing_T=100_h=25,absent,disappeared,3.61,41.0,annealing_T=100_h=5,20260610-203538,previous_detection,annealing_T=75_h=25,20260530-001924,20260625-095817,1.7262966141424247
50,617.79,1039.71,6.80298,0.273784,20.0,56.3,5.0,annealing_T=100_h=25,absent,disappeared,3.61,41.0,annealing_T=100_h=5,20260610-203538,previous_detection,annealing_T=75_h=25,20260530-001924,20260625-095817,1.7262966141424247
50,617.79,1039.71,18.4384,0.38545,20.0,58.3,7.0,annealing_T=100_h=25,absent,disappeared,3.61,41.0,annealing_T=100_h=5,20260610-203538,previous_detection,annealing_T=75_h=25,20260530-001924,20260625-095817,1.7262966141424247
51,632.74,54.97,-0.00120622,0.606093,20.0,52.3,1.0,annealing_T=100_h=25,absent,disappeared,8.85,246.0,annealing_T=100_h=5,20260610-203538,previous_detection,annealing_T=75_h=5,20260520-085312,20260625-095817,0.33301651610695227
51,632.74,54.97,8.36655,0.630436,20.0,53.3,2.0,annealing_T=100_h=25,absent,disappeared,8.85,246.0,annealing_T=100_h=5,20260610-203538,previous_detection,annealing_T=75_h=5,20260520-085312,20260625-095817,0.33301651610695227
51,632.74,54.97,7.29343,0.54406,20.0,54.3,3.0,annealing_T=100_h=25,absent,disappeared,8.85,246.0,annealing_T=100_h=5,20260610-203538,previous_detection,annealing_T=75_h=5,20260520-085312,20260625-095817,0.33301651610695227
51,632.74,54.97,2.72976,0.844878,20.0,55.3,4.0,annealing_T=100_h=25,absent,disappeared,8.85,246.0,annealing_T=100_h=5,20260610-203538,previous_detection,annealing_T=75_h=5,20260520-085312,20260625-095817,0.33301651610695227
51,632.74,54.97,14.1359,0.793115,20.0,56.3,5.0,annealing_T=100_h=25,absent,disappeared,8.85,246.0,annealing_T=100_h=5,20260610-203538,previous_detection,annealing_T=75_h=5,20260520-085312,20260625-095817,0.33301651610695227
51,632.74,54.97,27.3741,1.13864,20.0,58.3,7.0,annealing_T=100_h=25,absent,disappeared,8.85,246.0,annealing_T=100_h=5,20260610-203538,previous_detection,annealing_T=75_h=5,20260520-085312,20260625-095817,0.33301651610695227
52,635.51,915.33,3.62965,0.289004,20.0,52.3,1.0,annealing_T=100_h=25,present,present,6.41,129.0,annealing_T=100_h=25,20260625-095817,phase_detection,annealing_T=100_h=5,20260610-203538,20260625-095817,1.0377379245261984
52,635.51,915.33,15.566,0.323791,20.0,53.3,2.0,annealing_T=100_h=25,present,present,6.41,129.0,annealing_T=100_h=25,20260625-095817,phase_detection,annealing_T=100_h=5,20260610-203538,20260625-095817,1.0377379245261984
52,635.51,915.33,25.9125,0.200269,20.0,54.3,3.0,annealing_T=100_h=25,present,present,6.41,129.0,annealing_T=100_h=25,20260625-095817,phase_detection,annealing_T=100_h=5,20260610-203538,20260625-095817,1.0377379245261984
52,635.51,915.33,44.905,0.349523,20.0,55.3,4.0,annealing_T=100_h=25,present,present,6.41,129.0,annealing_T=100_h=25,20260625-095817,phase_detection,annealing_T=100_h=5,20260610-203538,20260625-095817,1.0377379245261984
52,635.51,915.33,57.6537,0.353334,20.0,56.3,5.0,annealing_T=100_h=25,present,present,6.41,129.0,annealing_T=100_h=25,20260625-095817,phase_detection,annealing_T=100_h=5,20260610-203538,20260625-095817,1.0377379245261984
52,635.51,915.33,94.1192,0.623299,20.0,58.3,7.0,annealing_T=100_h=25,present,present,6.41,129.0,annealing_T=100_h=25,20260625-095817,phase_detection,annealing_T=100_h=5,20260610-203538,20260625-095817,1.0377379245261984
53,649.32,438.86,3.22067,0.318919,20.0,52.3,1.0,annealing_T=100_h=25,present,present,7.31,168.0,annealing_T=100_h=25,20260625-095817,phase_detection,annealing_T=75_h=5,20260520-085312,20260625-095817,1.5056227947265441
53,649.32,438.86,12.0154,0.39245,20.0,53.3,2.0,annealing_T=100_h=25,present,present,7.31,168.0,annealing_T=100_h=25,20260625-095817,phase_detection,annealing_T=75_h=5,20260520-085312,20260625-095817,1.5056227947265441
53,649.32,438.86,24.8171,0.53148,20.0,54.3,3.0,annealing_T=100_h=25,present,present,7.31,168.0,annealing_T=100_h=25,20260625-095817,phase_detection,annealing_T=75_h=5,20260520-085312,20260625-095817,1.5056227947265441
53,649.32,438.86,31.4106,0.434053,20.0,55.3,4.0,annealing_T=100_h=25,present,present,7.31,168.0,annealing_T=100_h=25,20260625-095817,phase_detection,annealing_T=75_h=5,20260520-085312,20260625-095817,1.5056227947265441
53,649.32,438.86,44.2771,0.345088,20.0,56.3,5.0,annealing_T=100_h=25,present,present,7.31,168.0,annealing_T=100_h=25,20260625-095817,phase_detection,annealing_T=75_h=5,20260520-085312,20260625-095817,1.5056227947265441
53,649.32,438.86,75.5729,0.696246,20.0,58.3,7.0,annealing_T=100_h=25,present,present,7.31,168.0,annealing_T=100_h=25,20260625-095817,phase_detection,annealing_T=75_h=5,20260520-085312,20260625-095817,1.5056227947265441
54,649.59,572.92,15.2448,0.584568,20.0,52.3,1.0,annealing_T=100_h=25,present,present,13.53,575.0,annealing_T=100_h=25,20260625-095817,phase_detection,annealing_T=75_h=5,20260520-085312,20260625-095817,1.1161093136427425
54,649.59,572.92,67.3642,0.614589,20.0,53.3,2.0,annealing_T=100_h=25,present,present,13.53,575.0,annealing_T=100_h=25,20260625-095817,phase_detection,annealing_T=75_h=5,20260520-085312,20260625-095817,1.1161093136427425
54,649.59,572.92,155.595,0.709537,20.0,54.3,3.0,annealing_T=100_h=25,present,present,13.53,575.0,annealing_T=100_h=25,20260625-095817,phase_detection,annealing_T=75_h=5,20260520-085312,20260625-095817,1.1161093136427425
54,649.59,572.92,274.466,0.798,20.0,55.3,4.0,annealing_T=100_h=25,present,present,13.53,575.0,annealing_T=100_h=25,20260625-095817,phase_detection,annealing_T=75_h=5,20260520-085312,20260625-095817,1.1161093136427425
54,649.59,572.92,431.472,0.967408,20.0,56.3,5.0,annealing_T=100_h=25,present,present,13.53,575.0,annealing_T=100_h=25,20260625-095817,phase_detection,annealing_T=75_h=5,20260520-085312,20260625-095817,1.1161093136427425
54,649.59,572.92,872.69,1.84379,20.0,58.3,7.0,annealing_T=100_h=25,present,present,13.53,575.0,annealing_T=100_h=25,20260625-095817,phase_detection,annealing_T=75_h=5,20260520-085312,20260625-095817,1.1161093136427425
55,660.66,687.12,4.01825,0.331741,20.0,52.3,1.0,annealing_T=100_h=25,present,present,6.75,143.0,annealing_T=100_h=25,20260625-095817,phase_detection,before_annealing,20260513-032137,20260625-095817,1.4279005567615264
55,660.66,687.12,7.44515,0.384298,20.0,53.3,2.0,annealing_T=100_h=25,present,present,6.75,143.0,annealing_T=100_h=25,20260625-095817,phase_detection,before_annealing,20260513-032137,20260625-095817,1.4279005567615264
55,660.66,687.12,12.4442,0.267698,20.0,54.3,3.0,annealing_T=100_h=25,present,present,6.75,143.0,annealing_T=100_h=25,20260625-095817,phase_detection,before_annealing,20260513-032137,20260625-095817,1.4279005567615264
55,660.66,687.12,20.8484,0.316906,20.0,55.3,4.0,annealing_T=100_h=25,present,present,6.75,143.0,annealing_T=100_h=25,20260625-095817,phase_detection,before_annealing,20260513-032137,20260625-095817,1.4279005567615264
55,660.66,687.12,30.5106,0.463962,20.0,56.3,5.0,annealing_T=100_h=25,present,present,6.75,143.0,annealing_T=100_h=25,20260625-095817,phase_detection,before_annealing,20260513-032137,20260625-095817,1.4279005567615264
55,660.66,687.12,64.0721,0.488299,20.0,58.3,7.0,annealing_T=100_h=25,present,present,6.75,143.0,annealing_T=100_h=25,20260625-095817,phase_detection,before_annealing,20260513-032137,20260625-095817,1.4279005567615264
56,668.05,904.52,-0.502115,0.328209,20.0,52.3,1.0,annealing_T=100_h=25,present,present,6.36,127.0,annealing_T=100_h=25,20260625-095817,phase_detection,before_annealing,20260513-032137,20260625-095817,1.0830050784738119
56,668.05,904.52,3.41633,0.170002,20.0,53.3,2.0,annealing_T=100_h=25,present,present,6.36,127.0,annealing_T=100_h=25,20260625-095817,phase_detection,before_annealing,20260513-032137,20260625-095817,1.0830050784738119
56,668.05,904.52,0.74043,0.24038,20.0,54.3,3.0,annealing_T=100_h=25,present,present,6.36,127.0,annealing_T=100_h=25,20260625-095817,phase_detection,before_annealing,20260513-032137,20260625-095817,1.0830050784738119
56,668.05,904.52,11.0103,0.232233,20.0,55.3,4.0,annealing_T=100_h=25,present,present,6.36,127.0,annealing_T=100_h=25,20260625-095817,phase_detection,before_annealing,20260513-032137,20260625-095817,1.0830050784738119
56,668.05,904.52,21.5101,0.219758,20.0,56.3,5.0,annealing_T=100_h=25,present,present,6.36,127.0,annealing_T=100_h=25,20260625-095817,phase_detection,before_annealing,20260513-032137,20260625-095817,1.0830050784738119
56,668.05,904.52,24.369,0.434285,20.0,58.3,7.0,annealing_T=100_h=25,present,present,6.36,127.0,annealing_T=100_h=25,20260625-095817,phase_detection,before_annealing,20260513-032137,20260625-095817,1.0830050784738119
57,700.07,365.57,0.833813,0.16485,20.0,52.3,1.0,annealing_T=100_h=25,absent,absent,4.98,78.0,annealing_T=75_h=5,20260520-085312,previous_detection,before_annealing,20260513-032137,20260625-095817,1.1374093370462355
57,700.07,365.57,0.878537,0.35752,20.0,53.3,2.0,annealing_T=100_h=25,absent,absent,4.98,78.0,annealing_T=75_h=5,20260520-085312,previous_detection,before_annealing,20260513-032137,20260625-095817,1.1374093370462355
57,700.07,365.57,0.0516809,0.374532,20.0,54.3,3.0,annealing_T=100_h=25,absent,absent,4.98,78.0,annealing_T=75_h=5,20260520-085312,previous_detection,before_annealing,20260513-032137,20260625-095817,1.1374093370462355
57,700.07,365.57,-0.197656,0.237827,20.0,55.3,4.0,annealing_T=100_h=25,absent,absent,4.98,78.0,annealing_T=75_h=5,20260520-085312,previous_detection,before_annealing,20260513-032137,20260625-095817,1.1374093370462355
57,700.07,365.57,1.82845,0.527515,20.0,56.3,5.0,annealing_T=100_h=25,absent,absent,4.98,78.0,annealing_T=75_h=5,20260520-085312,previous_detection,before_annealing,20260513-032137,20260625-095817,1.1374093370462355
57,700.07,365.57,4.46348,0.166577,20.0,58.3,7.0,annealing_T=100_h=25,absent,absent,4.98,78.0,annealing_T=75_h=5,20260520-085312,previous_detection,before_annealing,20260513-032137,20260625-095817,1.1374093370462355
58,738.07,311.56,-0.64475,0.291207,20.0,52.3,1.0,annealing_T=100_h=25,absent,absent,3.61,41.0,annealing_T=75_h=25,20260530-001924,previous_detection,annealing_T=75_h=5,20260520-085312,20260625-095817,3.5464489281533216
58,738.07,311.56,0.198041,0.320135,20.0,53.3,2.0,annealing_T=100_h=25,absent,absent,3.61,41.0,annealing_T=75_h=25,20260530-001924,previous_detection,annealing_T=75_h=5,20260520-085312,20260625-095817,3.5464489281533216
58,738.07,311.56,-0.923317,0.158179,20.0,54.3,3.0,annealing_T=100_h=25,absent,absent,3.61,41.0,annealing_T=75_h=25,20260530-001924,previous_detection,annealing_T=75_h=5,20260520-085312,20260625-095817,3.5464489281533216
58,738.07,311.56,-2.18206,0.3779,20.0,55.3,4.0,annealing_T=100_h=25,absent,absent,3.61,41.0,annealing_T=75_h=25,20260530-001924,previous_detection,annealing_T=75_h=5,20260520-085312,20260625-095817,3.5464489281533216
58,738.07,311.56,0.298228,0.495599,20.0,56.3,5.0,annealing_T=100_h=25,absent,absent,3.61,41.0,annealing_T=75_h=25,20260530-001924,previous_detection,annealing_T=75_h=5,20260520-085312,20260625-095817,3.5464489281533216
58,738.07,311.56,0.831872,0.463342,20.0,58.3,7.0,annealing_T=100_h=25,absent,absent,3.61,41.0,annealing_T=75_h=25,20260530-001924,previous_detection,annealing_T=75_h=5,20260520-085312,20260625-095817,3.5464489281533216
59,753.57,36.15,40.6219,1.30626,20.0,52.3,1.0,annealing_T=100_h=25,present,present,20.16,1277.0,annealing_T=100_h=25,20260625-095817,phase_detection,annealing_T=75_h=5,20260520-085312,20260625-095817,0.975141015443397
59,753.57,36.15,342.585,1.31084,20.0,53.3,2.0,annealing_T=100_h=25,present,present,20.16,1277.0,annealing_T=100_h=25,20260625-095817,phase_detection,annealing_T=75_h=5,20260520-085312,20260625-095817,0.975141015443397
59,753.57,36.15,1116.32,1.78615,20.0,54.3,3.0,annealing_T=100_h=25,present,present,20.16,1277.0,annealing_T=100_h=25,20260625-095817,phase_detection,annealing_T=75_h=5,20260520-085312,20260625-095817,0.975141015443397
59,753.57,36.15,2337.18,2.95414,20.0,55.3,4.0,annealing_T=100_h=25,present,present,20.16,1277.0,annealing_T=100_h=25,20260625-095817,phase_detection,annealing_T=75_h=5,20260520-085312,20260625-095817,0.975141015443397
59,753.57,36.15,4042.01,4.13028,20.0,56.3,5.0,annealing_T=100_h=25,present,present,20.16,1277.0,annealing_T=100_h=25,20260625-095817,phase_detection,annealing_T=75_h=5,20260520-085312,20260625-095817,0.975141015443397
59,753.57,36.15,9593.73,12.6666,20.0,58.3,7.0,annealing_T=100_h=25,present,present,20.16,1277.0,annealing_T=100_h=25,20260625-095817,phase_detection,annealing_T=75_h=5,20260520-085312,20260625-095817,0.975141015443397
60,784.07,674.5,0.931276,0.569773,20.0,52.3,1.0,annealing_T=100_h=25,absent,absent,5.67,101.0,annealing_T=75_h=25,20260530-001924,previous_detection,before_annealing,20260513-032137,20260625-095817,1.8272657168567006
60,784.07,674.5,1.76442,0.500197,20.0,53.3,2.0,annealing_T=100_h=25,absent,absent,5.67,101.0,annealing_T=75_h=25,20260530-001924,previous_detection,before_annealing,20260513-032137,20260625-095817,1.8272657168567006
60,784.07,674.5,3.11127,0.284518,20.0,54.3,3.0,annealing_T=100_h=25,absent,absent,5.67,101.0,annealing_T=75_h=25,20260530-001924,previous_detection,before_annealing,20260513-032137,20260625-095817,1.8272657168567006
60,784.07,674.5,6.86181,0.452697,20.0,55.3,4.0,annealing_T=100_h=25,absent,absent,5.67,101.0,annealing_T=75_h=25,20260530-001924,previous_detection,before_annealing,20260513-032137,20260625-095817,1.8272657168567006
60,784.07,674.5,4.41731,0.379976,20.0,56.3,5.0,annealing_T=100_h=25,absent,absent,5.67,101.0,annealing_T=75_h=25,20260530-001924,previous_detection,before_annealing,20260513-032137,20260625-095817,1.8272657168567006
60,784.07,674.5,11.2063,0.654155,20.0,58.3,7.0,annealing_T=100_h=25,absent,absent,5.67,101.0,annealing_T=75_h=25,20260530-001924,previous_detection,before_annealing,20260513-032137,20260625-095817,1.8272657168567006
61,792.28,248.61,2.67948,0.315121,20.0,52.3,1.0,annealing_T=100_h=25,present,present,6.6,137.0,annealing_T=100_h=25,20260625-095817,phase_detection,before_annealing,20260513-032137,20260625-095817,1.1035397591387621
61,792.28,248.61,11.6751,0.181721,20.0,53.3,2.0,annealing_T=100_h=25,present,present,6.6,137.0,annealing_T=100_h=25,20260625-095817,phase_detection,before_annealing,20260513-032137,20260625-095817,1.1035397591387621
61,792.28,248.61,20.0537,0.224455,20.0,54.3,3.0,annealing_T=100_h=25,present,present,6.6,137.0,annealing_T=100_h=25,20260625-095817,phase_detection,before_annealing,20260513-032137,20260625-095817,1.1035397591387621
61,792.28,248.61,22.217,0.373405,20.0,55.3,4.0,annealing_T=100_h=25,present,present,6.6,137.0,annealing_T=100_h=25,20260625-095817,phase_detection,before_annealing,20260513-032137,20260625-095817,1.1035397591387621
61,792.28,248.61,34.7879,0.263768,20.0,56.3,5.0,annealing_T=100_h=25,present,present,6.6,137.0,annealing_T=100_h=25,20260625-095817,phase_detection,before_annealing,20260513-032137,20260625-095817,1.1035397591387621
61,792.28,248.61,50.4402,0.407489,20.0,58.3,7.0,annealing_T=100_h=25,present,present,6.6,137.0,annealing_T=100_h=25,20260625-095817,phase_detection,before_annealing,20260513-032137,20260625-095817,1.1035397591387621
62,806.42,191.95,2.59154,0.356795,20.0,52.3,1.0,annealing_T=100_h=25,present,present,8.5,227.0,annealing_T=100_h=25,20260625-095817,phase_detection,annealing_T=75_h=5,20260520-085312,20260625-095817,1.0890821823903214
62,806.42,191.95,19.5862,0.454345,20.0,53.3,2.0,annealing_T=100_h=25,present,present,8.5,227.0,annealing_T=100_h=25,20260625-095817,phase_detection,annealing_T=75_h=5,20260520-085312,20260625-095817,1.0890821823903214
62,806.42,191.95,54.7726,0.441328,20.0,54.3,3.0,annealing_T=100_h=25,present,present,8.5,227.0,annealing_T=100_h=25,20260625-095817,phase_detection,annealing_T=75_h=5,20260520-085312,20260625-095817,1.0890821823903214
62,806.42,191.95,96.8769,0.430001,20.0,55.3,4.0,annealing_T=100_h=25,present,present,8.5,227.0,annealing_T=100_h=25,20260625-095817,phase_detection,annealing_T=75_h=5,20260520-085312,20260625-095817,1.0890821823903214
62,806.42,191.95,159.147,0.479892,20.0,56.3,5.0,annealing_T=100_h=25,present,present,8.5,227.0,annealing_T=100_h=25,20260625-095817,phase_detection,annealing_T=75_h=5,20260520-085312,20260625-095817,1.0890821823903214
62,806.42,191.95,309.641,1.00816,20.0,58.3,7.0,annealing_T=100_h=25,present,present,8.5,227.0,annealing_T=100_h=25,20260625-095817,phase_detection,annealing_T=75_h=5,20260520-085312,20260625-095817,1.0890821823903214
63,807.81,586.01,12.5219,0.523769,20.0,52.3,1.0,annealing_T=100_h=25,present,present,9.74,298.0,annealing_T=100_h=25,20260625-095817,phase_detection,before_annealing,20260513-032137,20260625-095817,1.5088074761214905
63,807.81,586.01,38.0749,0.610439,20.0,53.3,2.0,annealing_T=100_h=25,present,present,9.74,298.0,annealing_T=100_h=25,20260625-095817,phase_detection,before_annealing,20260513-032137,20260625-095817,1.5088074761214905
63,807.81,586.01,55.8407,0.510195,20.0,54.3,3.0,annealing_T=100_h=25,present,present,9.74,298.0,annealing_T=100_h=25,20260625-095817,phase_detection,before_annealing,20260513-032137,20260625-095817,1.5088074761214905
63,807.81,586.01,95.2799,0.650578,20.0,55.3,4.0,annealing_T=100_h=25,present,present,9.74,298.0,annealing_T=100_h=25,20260625-095817,phase_detection,before_annealing,20260513-032137,20260625-095817,1.5088074761214905
63,807.81,586.01,131.089,0.707787,20.0,56.3,5.0,annealing_T=100_h=25,present,present,9.74,298.0,annealing_T=100_h=25,20260625-095817,phase_detection,before_annealing,20260513-032137,20260625-095817,1.5088074761214905
63,807.81,586.01,217.077,1.04997,20.0,58.3,7.0,annealing_T=100_h=25,present,present,9.74,298.0,annealing_T=100_h=25,20260625-095817,phase_detection,before_annealing,20260513-032137,20260625-095817,1.5088074761214905
64,816.26,314.17,7.1775,0.451178,20.0,52.3,1.0,annealing_T=100_h=25,present,present,7.53,178.0,annealing_T=100_h=25,20260625-095817,phase_detection,annealing_T=100_h=25,20260625-095817,20260625-095817,1.159180745181713
64,816.26,314.17,20.9323,0.389104,20.0,53.3,2.0,annealing_T=100_h=25,present,present,7.53,178.0,annealing_T=100_h=25,20260625-095817,phase_detection,annealing_T=100_h=25,20260625-095817,20260625-095817,1.159180745181713
64,816.26,314.17,49.7267,0.586724,20.0,54.3,3.0,annealing_T=100_h=25,present,present,7.53,178.0,annealing_T=100_h=25,20260625-095817,phase_detection,annealing_T=100_h=25,20260625-095817,20260625-095817,1.159180745181713
64,816.26,314.17,90.8838,0.436722,20.0,55.3,4.0,annealing_T=100_h=25,present,present,7.53,178.0,annealing_T=100_h=25,20260625-095817,phase_detection,annealing_T=100_h=25,20260625-095817,20260625-095817,1.159180745181713
64,816.26,314.17,144.792,0.56617,20.0,56.3,5.0,annealing_T=100_h=25,present,present,7.53,178.0,annealing_T=100_h=25,20260625-095817,phase_detection,annealing_T=100_h=25,20260625-095817,20260625-095817,1.159180745181713
64,816.26,314.17,303.721,0.720806,20.0,58.3,7.0,annealing_T=100_h=25,present,present,7.53,178.0,annealing_T=100_h=25,20260625-095817,phase_detection,annealing_T=100_h=25,20260625-095817,20260625-095817,1.159180745181713
65,830.04,667.07,8.6533,0.353059,20.0,52.3,1.0,annealing_T=100_h=25,present,present,8.57,231.0,annealing_T=100_h=25,20260625-095817,phase_detection,annealing_T=75_h=5,20260520-085312,20260625-095817,0.9304837451562021
65,830.04,667.07,26.8291,0.475595,20.0,53.3,2.0,annealing_T=100_h=25,present,present,8.57,231.0,annealing_T=100_h=25,20260625-095817,phase_detection,annealing_T=75_h=5,20260520-085312,20260625-095817,0.9304837451562021
65,830.04,667.07,36.0969,0.481613,20.0,54.3,3.0,annealing_T=100_h=25,present,present,8.57,231.0,annealing_T=100_h=25,20260625-095817,phase_detection,annealing_T=75_h=5,20260520-085312,20260625-095817,0.9304837451562021
65,830.04,667.07,52.3549,0.509147,20.0,55.3,4.0,annealing_T=100_h=25,present,present,8.57,231.0,annealing_T=100_h=25,20260625-095817,phase_detection,annealing_T=75_h=5,20260520-085312,20260625-095817,0.9304837451562021
65,830.04,667.07,76.3759,0.533733,20.0,56.3,5.0,annealing_T=100_h=25,present,present,8.57,231.0,annealing_T=100_h=25,20260625-095817,phase_detection,annealing_T=75_h=5,20260520-085312,20260625-095817,0.9304837451562021
65,830.04,667.07,128.997,0.596063,20.0,58.3,7.0,annealing_T=100_h=25,present,present,8.57,231.0,annealing_T=100_h=25,20260625-095817,phase_detection,annealing_T=75_h=5,20260520-085312,20260625-095817,0.9304837451562021
66,831.17,824.14,2.54493,0.222743,20.0,52.3,1.0,annealing_T=100_h=25,present,present,5.11,82.0,annealing_T=100_h=25,20260625-095817,phase_detection,annealing_T=100_h=5,20260610-203538,20260625-095817,1.5844872987814604
66,831.17,824.14,6.1781,0.190398,20.0,53.3,2.0,annealing_T=100_h=25,present,present,5.11,82.0,annealing_T=100_h=25,20260625-095817,phase_detection,annealing_T=100_h=5,20260610-203538,20260625-095817,1.5844872987814604
66,831.17,824.14,9.55057,0.421417,20.0,54.3,3.0,annealing_T=100_h=25,present,present,5.11,82.0,annealing_T=100_h=25,20260625-095817,phase_detection,annealing_T=100_h=5,20260610-203538,20260625-095817,1.5844872987814604
66,831.17,824.14,17.5098,0.375456,20.0,55.3,4.0,annealing_T=100_h=25,present,present,5.11,82.0,annealing_T=100_h=25,20260625-095817,phase_detection,annealing_T=100_h=5,20260610-203538,20260625-095817,1.5844872987814604
66,831.17,824.14,21.7384,0.304325,20.0,56.3,5.0,annealing_T=100_h=25,present,present,5.11,82.0,annealing_T=100_h=25,20260625-095817,phase_detection,annealing_T=100_h=5,20260610-203538,20260625-095817,1.5844872987814604
66,831.17,824.14,36.5572,0.710867,20.0,58.3,7.0,annealing_T=100_h=25,present,present,5.11,82.0,annealing_T=100_h=25,20260625-095817,phase_detection,annealing_T=100_h=5,20260610-203538,20260625-095817,1.5844872987814604
67,831.02,883.8,45.3201,0.360957,20.0,52.3,1.0,annealing_T=100_h=25,present,present,11.85,441.0,annealing_T=100_h=25,20260625-095817,phase_detection,annealing_T=75_h=5,20260520-085312,20260625-095817,1.1573245007344513
67,831.02,883.8,144.449,0.354859,20.0,53.3,2.0,annealing_T=100_h=25,present,present,11.85,441.0,annealing_T=100_h=25,20260625-095817,phase_detection,annealing_T=75_h=5,20260520-085312,20260625-095817,1.1573245007344513
67,831.02,883.8,308.365,0.448216,20.0,54.3,3.0,annealing_T=100_h=25,present,present,11.85,441.0,annealing_T=100_h=25,20260625-095817,phase_detection,annealing_T=75_h=5,20260520-085312,20260625-095817,1.1573245007344513
67,831.02,883.8,550.539,0.828353,20.0,55.3,4.0,annealing_T=100_h=25,present,present,11.85,441.0,annealing_T=100_h=25,20260625-095817,phase_detection,annealing_T=75_h=5,20260520-085312,20260625-095817,1.1573245007344513
67,831.02,883.8,885.869,1.06347,20.0,56.3,5.0,annealing_T=100_h=25,present,present,11.85,441.0,annealing_T=100_h=25,20260625-095817,phase_detection,annealing_T=75_h=5,20260520-085312,20260625-095817,1.1573245007344513
67,831.02,883.8,1954.7,2.62733,20.0,58.3,7.0,annealing_T=100_h=25,present,present,11.85,441.0,annealing_T=100_h=25,20260625-095817,phase_detection,annealing_T=75_h=5,20260520-085312,20260625-095817,1.1573245007344513
68,847.69,33.94,0.688218,0.0584358,20.0,52.3,1.0,annealing_T=100_h=25,absent,disappeared,3.43,37.0,annealing_T=100_h=5,20260610-203538,previous_detection,annealing_T=75_h=5,20260520-085312,20260625-095817,0.7829431652425706
68,847.69,33.94,0.80231,0.0619465,20.0,53.3,2.0,annealing_T=100_h=25,absent,disappeared,3.43,37.0,annealing_T=100_h=5,20260610-203538,previous_detection,annealing_T=75_h=5,20260520-085312,20260625-095817,0.7829431652425706
68,847.69,33.94,2.2603,0.0891794,20.0,54.3,3.0,annealing_T=100_h=25,absent,disappeared,3.43,37.0,annealing_T=100_h=5,20260610-203538,previous_detection,annealing_T=75_h=5,20260520-085312,20260625-095817,0.7829431652425706
68,847.69,33.94,0.77077,0.0691336,20.0,55.3,4.0,annealing_T=100_h=25,absent,disappeared,3.43,37.0,annealing_T=100_h=5,20260610-203538,previous_detection,annealing_T=75_h=5,20260520-085312,20260625-095817,0.7829431652425706
68,847.69,33.94,2.78195,0.094976,20.0,56.3,5.0,annealing_T=100_h=25,absent,disappeared,3.43,37.0,annealing_T=100_h=5,20260610-203538,previous_detection,annealing_T=75_h=5,20260520-085312,20260625-095817,0.7829431652425706
68,847.69,33.94,3.83269,0.0912013,20.0,58.3,7.0,annealing_T=100_h=25,absent,disappeared,3.43,37.0,annealing_T=100_h=5,20260610-203538,previous_detection,annealing_T=75_h=5,20260520-085312,20260625-095817,0.7829431652425706
69,848.73,884.07,1.44611,0.131079,20.0,52.3,1.0,annealing_T=100_h=25,present,present,5.97,112.0,annealing_T=100_h=25,20260625-095817,phase_detection,before_annealing,20260513-032137,20260625-095817,1.5678010077812283
69,848.73,884.07,3.20701,0.252891,20.0,53.3,2.0,annealing_T=100_h=25,present,present,5.97,112.0,annealing_T=100_h=25,20260625-095817,phase_detection,before_annealing,20260513-032137,20260625-095817,1.5678010077812283
69,848.73,884.07,4.27884,0.255817,20.0,54.3,3.0,annealing_T=100_h=25,present,present,5.97,112.0,annealing_T=100_h=25,20260625-095817,phase_detection,before_annealing,20260513-032137,20260625-095817,1.5678010077812283
69,848.73,884.07,14.8928,0.268282,20.0,55.3,4.0,annealing_T=100_h=25,present,present,5.97,112.0,annealing_T=100_h=25,20260625-095817,phase_detection,before_annealing,20260513-032137,20260625-095817,1.5678010077812283
69,848.73,884.07,30.9716,0.284675,20.0,56.3,5.0,annealing_T=100_h=25,present,present,5.97,112.0,annealing_T=100_h=25,20260625-095817,phase_detection,before_annealing,20260513-032137,20260625-095817,1.5678010077812283
69,848.73,884.07,64.2624,0.334076,20.0,58.3,7.0,annealing_T=100_h=25,present,present,5.97,112.0,annealing_T=100_h=25,20260625-095817,phase_detection,before_annealing,20260513-032137,20260625-095817,1.5678010077812283
70,859.1,472.8,5.2992,0.331857,20.0,52.3,1.0,annealing_T=100_h=25,present,present,7.63,183.0,annealing_T=100_h=25,20260625-095817,phase_detection,annealing_T=75_h=5,20260520-085312,20260625-095817,1.5096025967121058
70,859.1,472.8,7.54772,0.370707,20.0,53.3,2.0,annealing_T=100_h=25,present,present,7.63,183.0,annealing_T=100_h=25,20260625-095817,phase_detection,annealing_T=75_h=5,20260520-085312,20260625-095817,1.5096025967121058
70,859.1,472.8,13.0073,0.334938,20.0,54.3,3.0,annealing_T=100_h=25,present,present,7.63,183.0,annealing_T=100_h=25,20260625-095817,phase_detection,annealing_T=75_h=5,20260520-085312,20260625-095817,1.5096025967121058
70,859.1,472.8,23.2861,0.356616,20.0,55.3,4.0,annealing_T=100_h=25,present,present,7.63,183.0,annealing_T=100_h=25,20260625-095817,phase_detection,annealing_T=75_h=5,20260520-085312,20260625-095817,1.5096025967121058
70,859.1,472.8,36.8095,0.192757,20.0,56.3,5.0,annealing_T=100_h=25,present,present,7.63,183.0,annealing_T=100_h=25,20260625-095817,phase_detection,annealing_T=75_h=5,20260520-085312,20260625-095817,1.5096025967121058
70,859.1,472.8,60.5904,0.488953,20.0,58.3,7.0,annealing_T=100_h=25,present,present,7.63,183.0,annealing_T=100_h=25,20260625-095817,phase_detection,annealing_T=75_h=5,20260520-085312,20260625-095817,1.5096025967121058
71,862.01,667.25,20.6723,0.38993,20.0,52.3,1.0,annealing_T=100_h=25,present,present,9.62,291.0,annealing_T=100_h=25,20260625-095817,phase_detection,before_annealing,20260513-032137,20260625-095817,0.9618731725129309
71,862.01,667.25,44.2774,0.475947,20.0,53.3,2.0,annealing_T=100_h=25,present,present,9.62,291.0,annealing_T=100_h=25,20260625-095817,phase_detection,before_annealing,20260513-032137,20260625-095817,0.9618731725129309
71,862.01,667.25,90.4341,0.387962,20.0,54.3,3.0,annealing_T=100_h=25,present,present,9.62,291.0,annealing_T=100_h=25,20260625-095817,phase_detection,before_annealing,20260513-032137,20260625-095817,0.9618731725129309
71,862.01,667.25,148.356,0.633296,20.0,55.3,4.0,annealing_T=100_h=25,present,present,9.62,291.0,annealing_T=100_h=25,20260625-095817,phase_detection,before_annealing,20260513-032137,20260625-095817,0.9618731725129309
71,862.01,667.25,249.46,0.797378,20.0,56.3,5.0,annealing_T=100_h=25,present,present,9.62,291.0,annealing_T=100_h=25,20260625-095817,phase_detection,before_annealing,20260513-032137,20260625-095817,0.9618731725129309
71,862.01,667.25,511.794,2.1076,20.0,58.3,7.0,annealing_T=100_h=25,present,present,9.62,291.0,annealing_T=100_h=25,20260625-095817,phase_detection,before_annealing,20260513-032137,20260625-095817,0.9618731725129309
72,864.29,369.77,-0.408727,0.211609,20.0,52.3,1.0,annealing_T=100_h=25,absent,absent,4.41,61.0,annealing_T=75_h=25,20260530-001924,previous_detection,annealing_T=75_h=5,20260520-085312,20260625-095817,2.590231649872318
72,864.29,369.77,0.304734,0.252812,20.0,53.3,2.0,annealing_T=100_h=25,absent,absent,4.41,61.0,annealing_T=75_h=25,20260530-001924,previous_detection,annealing_T=75_h=5,20260520-085312,20260625-095817,2.590231649872318
72,864.29,369.77,0.638473,0.0859414,20.0,54.3,3.0,annealing_T=100_h=25,absent,absent,4.41,61.0,annealing_T=75_h=25,20260530-001924,previous_detection,annealing_T=75_h=5,20260520-085312,20260625-095817,2.590231649872318
72,864.29,369.77,-0.746702,0.311141,20.0,55.3,4.0,annealing_T=100_h=25,absent,absent,4.41,61.0,annealing_T=75_h=25,20260530-001924,previous_detection,annealing_T=75_h=5,20260520-085312,20260625-095817,2.590231649872318
72,864.29,369.77,2.01045,0.277759,20.0,56.3,5.0,annealing_T=100_h=25,absent,absent,4.41,61.0,annealing_T=75_h=25,20260530-001924,previous_detection,annealing_T=75_h=5,20260520-085312,20260625-095817,2.590231649872318
72,864.29,369.77,2.83498,0.316553,20.0,58.3,7.0,annealing_T=100_h=25,absent,absent,4.41,61.0,annealing_T=75_h=25,20260530-001924,previous_detection,annealing_T=75_h=5,20260520-085312,20260625-095817,2.590231649872318
73,868.36,1006.81,4.66987,0.991153,20.0,52.3,1.0,annealing_T=100_h=25,present,present,15.52,757.0,annealing_T=100_h=25,20260625-095817,phase_detection,annealing_T=150_h=5,20260908-043207,20260625-095817,0.7156814934033525
73,868.36,1006.81,23.0533,0.840591,20.0,53.3,2.0,annealing_T=100_h=25,present,present,15.52,757.0,annealing_T=100_h=25,20260625-095817,phase_detection,annealing_T=150_h=5,20260908-043207,20260625-095817,0.7156814934033525
73,868.36,1006.81,36.9588,0.969951,20.0,54.3,3.0,annealing_T=100_h=25,present,present,15.52,757.0,annealing_T=100_h=25,20260625-095817,phase_detection,annealing_T=150_h=5,20260908-043207,20260625-095817,0.7156814934033525
73,868.36,1006.81,63.859,1.0846,20.0,55.3,4.0,annealing_T=100_h=25,present,present,15.52,757.0,annealing_T=100_h=25,20260625-095817,phase_detection,annealing_T=150_h=5,20260908-043207,20260625-095817,0.7156814934033525
73,868.36,1006.81,91.5536,1.10177,20.0,56.3,5.0,annealing_T=100_h=25,present,present,15.52,757.0,annealing_T=100_h=25,20260625-095817,phase_detection,annealing_T=150_h=5,20260908-043207,20260625-095817,0.7156814934033525
73,868.36,1006.81,167.438,1.64183,20.0,58.3,7.0,annealing_T=100_h=25,present,present,15.52,757.0,annealing_T=100_h=25,20260625-095817,phase_detection,annealing_T=150_h=5,20260908-043207,20260625-095817,0.7156814934033525
74,871.29,652.13,40.9387,0.957385,20.0,52.3,1.0,annealing_T=100_h=25,present,present,21.79,1491.0,annealing_T=100_h=25,20260625-095817,phase_detection,annealing_T=150_h=5,20260908-043207,20260625-095817,1.0716809226630708
74,871.29,652.13,133.759,1.01759,20.0,53.3,2.0,annealing_T=100_h=25,present,present,21.79,1491.0,annealing_T=100_h=25,20260625-095817,phase_detection,annealing_T=150_h=5,20260908-043207,20260625-095817,1.0716809226630708
74,871.29,652.13,286.642,1.0982,20.0,54.3,3.0,annealing_T=100_h=25,present,present,21.79,1491.0,annealing_T=100_h=25,20260625-095817,phase_detection,annealing_T=150_h=5,20260908-043207,20260625-095817,1.0716809226630708
74,871.29,652.13,492.327,1.24435,20.0,55.3,4.0,annealing_T=100_h=25,present,present,21.79,1491.0,annealing_T=100_h=25,20260625-095817,phase_detection,annealing_T=150_h=5,20260908-043207,20260625-095817,1.0716809226630708
74,871.29,652.13,789.131,1.44963,20.0,56.3,5.0,annealing_T=100_h=25,present,present,21.79,1491.0,annealing_T=100_h=25,20260625-095817,phase_detection,annealing_T=150_h=5,20260908-043207,20260625-095817,1.0716809226630708
74,871.29,652.13,1775.11,2.87321,20.0,58.3,7.0,annealing_T=100_h=25,present,present,21.79,1491.0,annealing_T=100_h=25,20260625-095817,phase_detection,annealing_T=150_h=5,20260908-043207,20260625-095817,1.0716809226630708
75,873.52,565.54,-0.319384,0.208156,20.0,52.3,1.0,annealing_T=100_h=25,present,present,3.99,50.0,annealing_T=100_h=25,20260625-095817,phase_detection,annealing_T=100_h=25,20260625-095817,20260625-095817,2.0225231766286638
75,873.52,565.54,1.53353,0.128149,20.0,53.3,2.0,annealing_T=100_h=25,present,present,3.99,50.0,annealing_T=100_h=25,20260625-095817,phase_detection,annealing_T=100_h=25,20260625-095817,20260625-095817,2.0225231766286638
75,873.52,565.54,3.23096,0.150276,20.0,54.3,3.0,annealing_T=100_h=25,present,present,3.99,50.0,annealing_T=100_h=25,20260625-095817,phase_detection,annealing_T=100_h=25,20260625-095817,20260625-095817,2.0225231766286638
75,873.52,565.54,5.03864,0.11539,20.0,55.3,4.0,annealing_T=100_h=25,present,present,3.99,50.0,annealing_T=100_h=25,20260625-095817,phase_detection,annealing_T=100_h=25,20260625-095817,20260625-095817,2.0225231766286638
75,873.52,565.54,12.9908,0.0917769,20.0,56.3,5.0,annealing_T=100_h=25,present,present,3.99,50.0,annealing_T=100_h=25,20260625-095817,phase_detection,annealing_T=100_h=25,20260625-095817,20260625-095817,2.0225231766286638
75,873.52,565.54,22.8992,0.204098,20.0,58.3,7.0,annealing_T=100_h=25,present,present,3.99,50.0,annealing_T=100_h=25,20260625-095817,phase_detection,annealing_T=100_h=25,20260625-095817,20260625-095817,2.0225231766286638
76,871.66,472.78,2.13898,0.218932,20.0,52.3,1.0,annealing_T=100_h=25,present,present,6.65,139.0,annealing_T=100_h=25,20260625-095817,phase_detection,before_annealing,20260513-032137,20260625-095817,1.8000555546982455
76,871.66,472.78,8.26251,0.224876,20.0,53.3,2.0,annealing_T=100_h=25,present,present,6.65,139.0,annealing_T=100_h=25,20260625-095817,phase_detection,before_annealing,20260513-032137,20260625-095817,1.8000555546982455
76,871.66,472.78,11.166,0.288284,20.0,54.3,3.0,annealing_T=100_h=25,present,present,6.65,139.0,annealing_T=100_h=25,20260625-095817,phase_detection,before_annealing,20260513-032137,20260625-095817,1.8000555546982455
76,871.66,472.78,18.1644,0.365297,20.0,55.3,4.0,annealing_T=100_h=25,present,present,6.65,139.0,annealing_T=100_h=25,20260625-095817,phase_detection,before_annealing,20260513-032137,20260625-095817,1.8000555546982455
76,871.66,472.78,22.2229,0.341738,20.0,56.3,5.0,annealing_T=100_h=25,present,present,6.65,139.0,annealing_T=100_h=25,20260625-095817,phase_detection,before_annealing,20260513-032137,20260625-095817,1.8000555546982455
76,871.66,472.78,37.8416,0.30198,20.0,58.3,7.0,annealing_T=100_h=25,present,present,6.65,139.0,annealing_T=100_h=25,20260625-095817,phase_detection,before_annealing,20260513-032137,20260625-095817,1.8000555546982455
77,907.8,730.77,15.2832,0.494454,20.0,52.3,1.0,annealing_T=100_h=25,present,present,10.03,316.0,annealing_T=100_h=25,20260625-095817,phase_detection,before_annealing,20260513-032137,20260625-095817,1.1573245007343647
77,907.8,730.77,28.8269,0.709275,20.0,53.3,2.0,annealing_T=100_h=25,present,present,10.03,316.0,annealing_T=100_h=25,20260625-095817,phase_detection,before_annealing,20260513-032137,20260625-095817,1.1573245007343647
77,907.8,730.77,74.0273,0.612482,20.0,54.3,3.0,annealing_T=100_h=25,present,present,10.03,316.0,annealing_T=100_h=25,20260625-095817,phase_detection,before_annealing,20260513-032137,20260625-095817,1.1573245007343647
77,907.8,730.77,138.035,0.855085,20.0,55.3,4.0,annealing_T=100_h=25,present,present,10.03,316.0,annealing_T=100_h=25,20260625-095817,phase_detection,before_annealing,20260513-032137,20260625-095817,1.1573245007343647
77,907.8,730.77,233.674,0.76064,20.0,56.3,5.0,annealing_T=100_h=25,present,present,10.03,316.0,annealing_T=100_h=25,20260625-095817,phase_detection,before_annealing,20260513-032137,20260625-095817,1.1573245007343647
77,907.8,730.77,539.161,1.2946,20.0,58.3,7.0,annealing_T=100_h=25,present,present,10.03,316.0,annealing_T=100_h=25,20260625-095817,phase_detection,before_annealing,20260513-032137,20260625-095817,1.1573245007343647
78,911.83,405.25,0.00317889,0.521951,20.0,52.3,1.0,annealing_T=100_h=25,present,present,14.34,646.0,annealing_T=100_h=25,20260625-095817,phase_detection,before_annealing,20260513-032137,20260625-095817,1.6160754932861496
78,911.83,405.25,36.2253,0.598303,20.0,53.3,2.0,annealing_T=100_h=25,present,present,14.34,646.0,annealing_T=100_h=25,20260625-095817,phase_detection,before_annealing,20260513-032137,20260625-095817,1.6160754932861496
78,911.83,405.25,132.571,0.730317,20.0,54.3,3.0,annealing_T=100_h=25,present,present,14.34,646.0,annealing_T=100_h=25,20260625-095817,phase_detection,before_annealing,20260513-032137,20260625-095817,1.6160754932861496
78,911.83,405.25,310.311,0.53129,20.0,55.3,4.0,annealing_T=100_h=25,present,present,14.34,646.0,annealing_T=100_h=25,20260625-095817,phase_detection,before_annealing,20260513-032137,20260625-095817,1.6160754932861496
78,911.83,405.25,595.676,0.736791,20.0,56.3,5.0,annealing_T=100_h=25,present,present,14.34,646.0,annealing_T=100_h=25,20260625-095817,phase_detection,before_annealing,20260513-032137,20260625-095817,1.6160754932861496
78,911.83,405.25,1548.61,2.03147,20.0,58.3,7.0,annealing_T=100_h=25,present,present,14.34,646.0,annealing_T=100_h=25,20260625-095817,phase_detection,before_annealing,20260513-032137,20260625-095817,1.6160754932861496
79,931.48,414.66,-0.0756244,0.224915,20.0,52.3,1.0,annealing_T=100_h=25,present,present,4.98,78.0,annealing_T=100_h=25,20260625-095817,phase_detection,annealing_T=75_h=25,20260530-001924,20260625-095817,1.6763054614239878
79,931.48,414.66,0.626466,0.157678,20.0,53.3,2.0,annealing_T=100_h=25,present,present,4.98,78.0,annealing_T=100_h=25,20260625-095817,phase_detection,annealing_T=75_h=25,20260530-001924,20260625-095817,1.6763054614239878
79,931.48,414.66,6.93528,0.158417,20.0,54.3,3.0,annealing_T=100_h=25,present,present,4.98,78.0,annealing_T=100_h=25,20260625-095817,phase_detection,annealing_T=75_h=25,20260530-001924,20260625-095817,1.6763054614239878
79,931.48,414.66,13.2399,0.212785,20.0,55.3,4.0,annealing_T=100_h=25,present,present,4.98,78.0,annealing_T=100_h=25,20260625-095817,phase_detection,annealing_T=75_h=25,20260530-001924,20260625-095817,1.6763054614239878
79,931.48,414.66,23.6501,0.19429,20.0,56.3,5.0,annealing_T=100_h=25,present,present,4.98,78.0,annealing_T=100_h=25,20260625-095817,phase_detection,annealing_T=75_h=25,20260530-001924,20260625-095817,1.6763054614239878
79,931.48,414.66,49.9402,0.218612,20.0,58.3,7.0,annealing_T=100_h=25,present,present,4.98,78.0,annealing_T=100_h=25,20260625-095817,phase_detection,annealing_T=75_h=25,20260530-001924,20260625-095817,1.6763054614239878
80,939.99,807.0,41.3113,0.617584,20.0,52.3,1.0,annealing_T=100_h=25,present,present,11.37,406.0,annealing_T=100_h=25,20260625-095817,phase_detection,before_annealing,20260513-032137,20260625-095817,1.263210196285623
80,939.99,807.0,140.593,0.776548,20.0,53.3,2.0,annealing_T=100_h=25,present,present,11.37,406.0,annealing_T=100_h=25,20260625-095817,phase_detection,before_annealing,20260513-032137,20260625-095817,1.263210196285623
80,939.99,807.0,276.329,0.664263,20.0,54.3,3.0,annealing_T=100_h=25,present,present,11.37,406.0,annealing_T=100_h=25,20260625-095817,phase_detection,before_annealing,20260513-032137,20260625-095817,1.263210196285623
80,939.99,807.0,487.943,0.888936,20.0,55.3,4.0,annealing_T=100_h=25,present,present,11.37,406.0,annealing_T=100_h=25,20260625-095817,phase_detection,before_annealing,20260513-032137,20260625-095817,1.263210196285623
80,939.99,807.0,750.058,1.30318,20.0,56.3,5.0,annealing_T=100_h=25,present,present,11.37,406.0,annealing_T=100_h=25,20260625-095817,phase_detection,before_annealing,20260513-032137,20260625-095817,1.263210196285623
80,939.99,807.0,1525.38,2.19985,20.0,58.3,7.0,annealing_T=100_h=25,present,present,11.37,406.0,annealing_T=100_h=25,20260625-095817,phase_detection,before_annealing,20260513-032137,20260625-095817,1.263210196285623
81,949.36,762.29,1.86252,0.100429,20.0,52.3,1.0,annealing_T=100_h=25,absent,absent,4.51,64.0,before_annealing,20260513-032137,previous_detection,before_annealing,20260513-032137,20260625-095817,0.0
81,949.36,762.29,0.433396,0.12128,20.0,53.3,2.0,annealing_T=100_h=25,absent,absent,4.51,64.0,before_annealing,20260513-032137,previous_detection,before_annealing,20260513-032137,20260625-095817,0.0
81,949.36,762.29,-0.565026,0.158953,20.0,54.3,3.0,annealing_T=100_h=25,absent,absent,4.51,64.0,before_annealing,20260513-032137,previous_detection,before_annealing,20260513-032137,20260625-095817,0.0
81,949.36,762.29,-0.678871,0.17284,20.0,55.3,4.0,annealing_T=100_h=25,absent,absent,4.51,64.0,before_annealing,20260513-032137,previous_detection,before_annealing,20260513-032137,20260625-095817,0.0
81,949.36,762.29,0.114494,0.17151,20.0,56.3,5.0,annealing_T=100_h=25,absent,absent,4.51,64.0,before_annealing,20260513-032137,previous_detection,before_annealing,20260513-032137,20260625-095817,0.0
81,949.36,762.29,2.85955,0.466453,20.0,58.3,7.0,annealing_T=100_h=25,absent,absent,4.51,64.0,before_annealing,20260513-032137,previous_detection,before_annealing,20260513-032137,20260625-095817,0.0
82,967.18,829.73,1.30148,0.231638,20.0,52.3,1.0,annealing_T=100_h=25,absent,absent,3.91,48.0,annealing_T=75_h=25,20260530-001924,previous_detection,before_annealing,20260513-032137,20260625-095817,1.356797700469739
82,967.18,829.73,1.83513,0.275433,20.0,53.3,2.0,annealing_T=100_h=25,absent,absent,3.91,48.0,annealing_T=75_h=25,20260530-001924,previous_detection,before_annealing,20260513-032137,20260625-095817,1.356797700469739
82,967.18,829.73,2.84141,0.331823,20.0,54.3,3.0,annealing_T=100_h=25,absent,absent,3.91,48.0,annealing_T=75_h=25,20260530-001924,previous_detection,before_annealing,20260513-032137,20260625-095817,1.356797700469739
82,967.18,829.73,4.85528,0.258723,20.0,55.3,4.0,annealing_T=100_h=25,absent,absent,3.91,48.0,annealing_T=75_h=25,20260530-001924,previous_detection,before_annealing,20260513-032137,20260625-095817,1.356797700469739
82,967.18,829.73,7.16519,0.438987,20.0,56.3,5.0,annealing_T=100_h=25,absent,absent,3.91,48.0,annealing_T=75_h=25,20260530-001924,previous_detection,before_annealing,20260513-032137,20260625-095817,1.356797700469739
82,967.18,829.73,16.8052,0.477837,20.0,58.3,7.0,annealing_T=100_h=25,absent,absent,3.91,48.0,annealing_T=75_h=25,20260530-001924,previous_detection,before_annealing,20260513-032137,20260625-095817,1.356797700469739
83,988.86,803.4,43.3429,0.74855,20.0,52.3,1.0,annealing_T=100_h=25,present,present,10.0,314.0,annealing_T=100_h=25,20260625-095817,phase_detection,before_annealing,20260513-032137,20260625-095817,1.0100495037373076
83,988.86,803.4,112.528,0.695359,20.0,53.3,2.0,annealing_T=100_h=25,present,present,10.0,314.0,annealing_T=100_h=25,20260625-095817,phase_detection,before_annealing,20260513-032137,20260625-095817,1.0100495037373076
83,988.86,803.4,205.622,0.986077,20.0,54.3,3.0,annealing_T=100_h=25,present,present,10.0,314.0,annealing_T=100_h=25,20260625-095817,phase_detection,before_annealing,20260513-032137,20260625-095817,1.0100495037373076
83,988.86,803.4,320.338,0.851423,20.0,55.3,4.0,annealing_T=100_h=25,present,present,10.0,314.0,annealing_T=100_h=25,20260625-095817,phase_detection,before_annealing,20260513-032137,20260625-095817,1.0100495037373076
83,988.86,803.4,427.825,1.13536,20.0,56.3,5.0,annealing_T=100_h=25,present,present,10.0,314.0,annealing_T=100_h=25,20260625-095817,phase_detection,before_annealing,20260513-032137,20260625-095817,1.0100495037373076
83,988.86,803.4,771.205,1.90291,20.0,58.3,7.0,annealing_T=100_h=25,present,present,10.0,314.0,annealing_T=100_h=25,20260625-095817,phase_detection,before_annealing,20260513-032137,20260625-095817,1.0100495037373076
84,1005.56,6.97,1.72006,0.464325,20.0,52.3,1.0,annealing_T=100_h=25,present,present,9.66,293.0,annealing_T=100_h=25,20260625-095817,phase_detection,annealing_T=75_h=5,20260520-085312,20260625-095817,1.2525573839150008
84,1005.56,6.97,9.43062,0.440518,20.0,53.3,2.0,annealing_T=100_h=25,present,present,9.66,293.0,annealing_T=100_h=25,20260625-095817,phase_detection,annealing_T=75_h=5,20260520-085312,20260625-095817,1.2525573839150008
84,1005.56,6.97,19.6532,0.497899,20.0,54.3,3.0,annealing_T=100_h=25,present,present,9.66,293.0,annealing_T=100_h=25,20260625-095817,phase_detection,annealing_T=75_h=5,20260520-085312,20260625-095817,1.2525573839150008
84,1005.56,6.97,37.918,0.484965,20.0,55.3,4.0,annealing_T=100_h=25,present,present,9.66,293.0,annealing_T=100_h=25,20260625-095817,phase_detection,annealing_T=75_h=5,20260520-085312,20260625-095817,1.2525573839150008
84,1005.56,6.97,77.931,0.482016,20.0,56.3,5.0,annealing_T=100_h=25,present,present,9.66,293.0,annealing_T=100_h=25,20260625-095817,phase_detection,annealing_T=75_h=5,20260520-085312,20260625-095817,1.2525573839150008
84,1005.56,6.97,165.952,0.779837,20.0,58.3,7.0,annealing_T=100_h=25,present,present,9.66,293.0,annealing_T=100_h=25,20260625-095817,phase_detection,annealing_T=75_h=5,20260520-085312,20260625-095817,1.2525573839150008
85,1006.96,121.79,1.44486,0.243184,20.0,52.3,1.0,annealing_T=100_h=25,present,present,5.14,83.0,annealing_T=100_h=25,20260625-095817,phase_detection,annealing_T=75_h=25,20260530-001924,20260625-095817,1.4051334456200155
85,1006.96,121.79,5.87482,0.261835,20.0,53.3,2.0,annealing_T=100_h=25,present,present,5.14,83.0,annealing_T=100_h=25,20260625-095817,phase_detection,annealing_T=75_h=25,20260530-001924,20260625-095817,1.4051334456200155
85,1006.96,121.79,12.6911,0.188334,20.0,54.3,3.0,annealing_T=100_h=25,present,present,5.14,83.0,annealing_T=100_h=25,20260625-095817,phase_detection,annealing_T=75_h=25,20260530-001924,20260625-095817,1.4051334456200155
85,1006.96,121.79,21.7703,0.317125,20.0,55.3,4.0,annealing_T=100_h=25,present,present,5.14,83.0,annealing_T=100_h=25,20260625-095817,phase_detection,annealing_T=75_h=25,20260530-001924,20260625-095817,1.4051334456200155
85,1006.96,121.79,24.7558,0.421049,20.0,56.3,5.0,annealing_T=100_h=25,present,present,5.14,83.0,annealing_T=100_h=25,20260625-095817,phase_detection,annealing_T=75_h=25,20260530-001924,20260625-095817,1.4051334456200155
85,1006.96,121.79,40.317,0.452509,20.0,58.3,7.0,annealing_T=100_h=25,present,present,5.14,83.0,annealing_T=100_h=25,20260625-095817,phase_detection,annealing_T=75_h=25,20260530-001924,20260625-095817,1.4051334456200155
86,1017.36,1069.93,6.27913,0.219148,20.0,52.3,1.0,annealing_T=100_h=25,present,present,6.82,146.0,annealing_T=100_h=25,20260625-095817,phase_detection,before_annealing,20260513-032137,20260625-095817,1.052330746486054
86,1017.36,1069.93,15.2922,0.241652,20.0,53.3,2.0,annealing_T=100_h=25,present,present,6.82,146.0,annealing_T=100_h=25,20260625-095817,phase_detection,before_annealing,20260513-032137,20260625-095817,1.052330746486054
86,1017.36,1069.93,25.2828,0.363508,20.0,54.3,3.0,annealing_T=100_h=25,present,present,6.82,146.0,annealing_T=100_h=25,20260625-095817,phase_detection,before_annealing,20260513-032137,20260625-095817,1.052330746486054
86,1017.36,1069.93,36.0941,0.275714,20.0,55.3,4.0,annealing_T=100_h=25,present,present,6.82,146.0,annealing_T=100_h=25,20260625-095817,phase_detection,before_annealing,20260513-032137,20260625-095817,1.052330746486054
86,1017.36,1069.93,46.8921,0.312153,20.0,56.3,5.0,annealing_T=100_h=25,present,present,6.82,146.0,annealing_T=100_h=25,20260625-095817,phase_detection,before_annealing,20260513-032137,20260625-095817,1.052330746486054
86,1017.36,1069.93,71.7569,0.448708,20.0,58.3,7.0,annealing_T=100_h=25,present,present,6.82,146.0,annealing_T=100_h=25,20260625-095817,phase_detection,before_annealing,20260513-032137,20260625-095817,1.052330746486054
87,1045.8,493.49,3.43202,0.22826,20.0,52.3,1.0,annealing_T=100_h=25,absent,disappeared,6.1,117.0,annealing_T=100_h=5,20260610-203538,previous_detection,annealing_T=75_h=5,20260520-085312,20260625-095817,0.6580273550544954
87,1045.8,493.49,4.75642,0.314026,20.0,53.3,2.0,annealing_T=100_h=25,absent,disappeared,6.1,117.0,annealing_T=100_h=5,20260610-203538,previous_detection,annealing_T=75_h=5,20260520-085312,20260625-095817,0.6580273550544954
87,1045.8,493.49,7.08558,0.343421,20.0,54.3,3.0,annealing_T=100_h=25,absent,disappeared,6.1,117.0,annealing_T=100_h=5,20260610-203538,previous_detection,annealing_T=75_h=5,20260520-085312,20260625-095817,0.6580273550544954
87,1045.8,493.49,10.3753,0.406495,20.0,55.3,4.0,annealing_T=100_h=25,absent,disappeared,6.1,117.0,annealing_T=100_h=5,20260610-203538,previous_detection,annealing_T=75_h=5,20260520-085312,20260625-095817,0.6580273550544954
87,1045.8,493.49,12.6335,0.3561,20.0,56.3,5.0,annealing_T=100_h=25,absent,disappeared,6.1,117.0,annealing_T=100_h=5,20260610-203538,previous_detection,annealing_T=75_h=5,20260520-085312,20260625-095817,0.6580273550544954
87,1045.8,493.49,26.1435,0.372065,20.0,58.3,7.0,annealing_T=100_h=25,absent,disappeared,6.1,117.0,annealing_T=100_h=5,20260610-203538,previous_detection,annealing_T=75_h=5,20260520-085312,20260625-095817,0.6580273550544954
88,1047.25,72.62,9.71832,0.701867,20.0,52.3,1.0,annealing_T=100_h=25,present,present,11.94,448.0,annealing_T=100_h=25,20260625-095817,phase_detection,annealing_T=75_h=5,20260520-085312,20260625-095817,0.9786214794291043
88,1047.25,72.62,33.1246,0.707829,20.0,53.3,2.0,annealing_T=100_h=25,present,present,11.94,448.0,annealing_T=100_h=25,20260625-095817,phase_detection,annealing_T=75_h=5,20260520-085312,20260625-095817,0.9786214794291043
88,1047.25,72.62,76.1086,0.77182,20.0,54.3,3.0,annealing_T=100_h=25,present,present,11.94,448.0,annealing_T=100_h=25,20260625-095817,phase_detection,annealing_T=75_h=5,20260520-085312,20260625-095817,0.9786214794291043
88,1047.25,72.62,161.727,0.787741,20.0,55.3,4.0,annealing_T=100_h=25,present,present,11.94,448.0,annealing_T=100_h=25,20260625-095817,phase_detection,annealing_T=75_h=5,20260520-085312,20260625-095817,0.9786214794291043
88,1047.25,72.62,265.827,0.865184,20.0,56.3,5.0,annealing_T=100_h=25,present,present,11.94,448.0,annealing_T=100_h=25,20260625-095817,phase_detection,annealing_T=75_h=5,20260520-085312,20260625-095817,0.9786214794291043
88,1047.25,72.62,692.534,1.84134,20.0,58.3,7.0,annealing_T=100_h=25,present,present,11.94,448.0,annealing_T=100_h=25,20260625-095817,phase_detection,annealing_T=75_h=5,20260520-085312,20260625-095817,0.9786214794291043
89,1048.6,956.09,6.69551,0.498259,20.0,52.3,1.0,annealing_T=100_h=25,present,present,8.65,235.0,annealing_T=100_h=25,20260625-095817,phase_detection,annealing_T=100_h=5,20260610-203538,20260625-095817,1.1076551810017499
89,1048.6,956.09,21.3103,0.517323,20.0,53.3,2.0,annealing_T=100_h=25,present,present,8.65,235.0,annealing_T=100_h=25,20260625-095817,phase_detection,annealing_T=100_h=5,20260610-203538,20260625-095817,1.1076551810017499
89,1048.6,956.09,32.5841,0.552944,20.0,54.3,3.0,annealing_T=100_h=25,present,present,8.65,235.0,annealing_T=100_h=25,20260625-095817,phase_detection,annealing_T=100_h=5,20260610-203538,20260625-095817,1.1076551810017499
89,1048.6,956.09,51.4611,0.682243,20.0,55.3,4.0,annealing_T=100_h=25,present,present,8.65,235.0,annealing_T=100_h=25,20260625-095817,phase_detection,annealing_T=100_h=5,20260610-203538,20260625-095817,1.1076551810017499
89,1048.6,956.09,64.587,0.531754,20.0,56.3,5.0,annealing_T=100_h=25,present,present,8.65,235.0,annealing_T=100_h=25,20260625-095817,phase_detection,annealing_T=100_h=5,20260610-203538,20260625-095817,1.1076551810017499
89,1048.6,956.09,111.369,0.932977,20.0,58.3,7.0,annealing_T=100_h=25,present,present,8.65,235.0,annealing_T=100_h=25,20260625-095817,phase_detection,annealing_T=100_h=5,20260610-203538,20260625-095817,1.1076551810017499
90,1048.83,33.5,39.472,0.670126,20.0,52.3,1.0,annealing_T=100_h=25,present,present,14.35,647.0,annealing_T=100_h=25,20260625-095817,phase_detection,annealing_T=100_h=5,20260610-203538,20260625-095817,0.8807383266328426
90,1048.83,33.5,178.149,0.769335,20.0,53.3,2.0,annealing_T=100_h=25,present,present,14.35,647.0,annealing_T=100_h=25,20260625-095817,phase_detection,annealing_T=100_h=5,20260610-203538,20260625-095817,0.8807383266328426
90,1048.83,33.5,387.826,0.739087,20.0,54.3,3.0,annealing_T=100_h=25,present,present,14.35,647.0,annealing_T=100_h=25,20260625-095817,phase_detection,annealing_T=100_h=5,20260610-203538,20260625-095817,0.8807383266328426
90,1048.83,33.5,674.244,0.996121,20.0,55.3,4.0,annealing_T=100_h=25,present,present,14.35,647.0,annealing_T=100_h=25,20260625-095817,phase_detection,annealing_T=100_h=5,20260610-203538,20260625-095817,0.8807383266328426
90,1048.83,33.5,1086.59,1.21315,20.0,56.3,5.0,annealing_T=100_h=25,present,present,14.35,647.0,annealing_T=100_h=25,20260625-095817,phase_detection,annealing_T=100_h=5,20260610-203538,20260625-095817,0.8807383266328426
90,1048.83,33.5,2279.82,2.91688,20.0,58.3,7.0,annealing_T=100_h=25,present,present,14.35,647.0,annealing_T=100_h=25,20260625-095817,phase_detection,annealing_T=100_h=5,20260610-203538,20260625-095817,0.8807383266328426
91,1051.02,802.97,6.1517,0.285154,20.0,52.3,1.0,annealing_T=100_h=25,present,present,6.86,148.0,annealing_T=100_h=25,20260625-095817,phase_detection,annealing_T=100_h=25,20260625-095817,20260625-095817,1.3997856978839374
91,1051.02,802.97,20.6754,0.28051,20.0,53.3,2.0,annealing_T=100_h=25,present,present,6.86,148.0,annealing_T=100_h=25,20260625-095817,phase_detection,annealing_T=100_h=25,20260625-095817,20260625-095817,1.3997856978839374
91,1051.02,802.97,49.2225,0.318112,20.0,54.3,3.0,annealing_T=100_h=25,present,present,6.86,148.0,annealing_T=100_h=25,20260625-095817,phase_detection,annealing_T=100_h=25,20260625-095817,20260625-095817,1.3997856978839374
91,1051.02,802.97,78.2131,0.283279,20.0,55.3,4.0,annealing_T=100_h=25,present,present,6.86,148.0,annealing_T=100_h=25,20260625-095817,phase_detection,annealing_T=100_h=25,20260625-095817,20260625-095817,1.3997856978839374
91,1051.02,802.97,127.236,0.518881,20.0,56.3,5.0,annealing_T=100_h=25,present,present,6.86,148.0,annealing_T=100_h=25,20260625-095817,phase_detection,annealing_T=100_h=25,20260625-095817,20260625-095817,1.3997856978839374
91,1051.02,802.97,260.286,0.71732,20.0,58.3,7.0,annealing_T=100_h=25,present,present,6.86,148.0,annealing_T=100_h=25,20260625-095817,phase_detection,annealing_T=100_h=25,20260625-095817,20260625-095817,1.3997856978839374
92,1067.51,233.26,0.0647705,0.149114,20.0,52.3,1.0,annealing_T=100_h=25,present,present,5.29,88.0,annealing_T=100_h=25,20260625-095817,phase_detection,annealing_T=100_h=25,20260625-095817,20260625-095817,1.3897481786280697
92,1067.51,233.26,6.19745,0.139835,20.0,53.3,2.0,annealing_T=100_h=25,present,present,5.29,88.0,annealing_T=100_h=25,20260625-095817,phase_detection,annealing_T=100_h=25,20260625-095817,20260625-095817,1.3897481786280697
92,1067.51,233.26,13.3197,0.175196,20.0,54.3,3.0,annealing_T=100_h=25,present,present,5.29,88.0,annealing_T=100_h=25,20260625-095817,phase_detection,annealing_T=100_h=25,20260625-095817,20260625-095817,1.3897481786280697
92,1067.51,233.26,22.4164,0.135866,20.0,55.3,4.0,annealing_T=100_h=25,present,present,5.29,88.0,annealing_T=100_h=25,20260625-095817,phase_detection,annealing_T=100_h=25,20260625-095817,20260625-095817,1.3897481786280697
92,1067.51,233.26,35.4091,0.169994,20.0,56.3,5.0,annealing_T=100_h=25,present,present,5.29,88.0,annealing_T=100_h=25,20260625-095817,phase_detection,annealing_T=100_h=25,20260625-095817,20260625-095817,1.3897481786280697
92,1067.51,233.26,61.7023,0.400745,20.0,58.3,7.0,annealing_T=100_h=25,present,present,5.29,88.0,annealing_T=100_h=25,20260625-095817,phase_detection,annealing_T=100_h=25,20260625-095817,20260625-095817,1.3897481786280697
93,1070.32,86.37,-8.26983,0.816866,20.0,52.3,1.0,annealing_T=100_h=25,present,present,14.35,647.0,annealing_T=100_h=25,20260625-095817,phase_detection,annealing_T=150_h=25,20260916-045914,20260625-095817,0.9968951800465313
93,1070.32,86.37,18.3814,0.908854,20.0,53.3,2.0,annealing_T=100_h=25,present,present,14.35,647.0,annealing_T=100_h=25,20260625-095817,phase_detection,annealing_T=150_h=25,20260916-045914,20260625-095817,0.9968951800465313
93,1070.32,86.37,54.515,0.857202,20.0,54.3,3.0,annealing_T=100_h=25,present,present,14.35,647.0,annealing_T=100_h=25,20260625-095817,phase_detection,annealing_T=150_h=25,20260916-045914,20260625-095817,0.9968951800465313
93,1070.32,86.37,107.379,0.94635,20.0,55.3,4.0,annealing_T=100_h=25,present,present,14.35,647.0,annealing_T=100_h=25,20260625-095817,phase_detection,annealing_T=150_h=25,20260916-045914,20260625-095817,0.9968951800465313
93,1070.32,86.37,179.084,0.895219,20.0,56.3,5.0,annealing_T=100_h=25,present,present,14.35,647.0,annealing_T=100_h=25,20260625-095817,phase_detection,annealing_T=150_h=25,20260916-045914,20260625-095817,0.9968951800465313
93,1070.32,86.37,388.063,1.36854,20.0,58.3,7.0,annealing_T=100_h=25,present,present,14.35,647.0,annealing_T=100_h=25,20260625-095817,phase_detection,annealing_T=150_h=25,20260916-045914,20260625-095817,0.9968951800465313
94,1087.7,909.78,1.96205,0.340653,20.0,52.3,1.0,annealing_T=100_h=25,absent,disappeared,7.2,163.0,annealing_T=100_h=5,20260610-203538,previous_detection,before_annealing,20260513-032137,20260625-095817,0.6466065264130066
94,1087.7,909.78,1.84597,0.288082,20.0,53.3,2.0,annealing_T=100_h=25,absent,disappeared,7.2,163.0,annealing_T=100_h=5,20260610-203538,previous_detection,before_annealing,20260513-032137,20260625-095817,0.6466065264130066
94,1087.7,909.78,-0.31478,0.402845,20.0,54.3,3.0,annealing_T=100_h=25,absent,disappeared,7.2,163.0,annealing_T=100_h=5,20260610-203538,previous_detection,before_annealing,20260513-032137,20260625-095817,0.6466065264130066
94,1087.7,909.78,3.50193,0.504149,20.0,55.3,4.0,annealing_T=100_h=25,absent,disappeared,7.2,163.0,annealing_T=100_h=5,20260610-203538,previous_detection,before_annealing,20260513-032137,20260625-095817,0.6466065264130066
94,1087.7,909.78,4.72894,0.346724,20.0,56.3,5.0,annealing_T=100_h=25,absent,disappeared,7.2,163.0,annealing_T=100_h=5,20260610-203538,previous_detection,before_annealing,20260513-032137,20260625-095817,0.6466065264130066
94,1087.7,909.78,4.99345,0.639698,20.0,58.3,7.0,annealing_T=100_h=25,absent,disappeared,7.2,163.0,annealing_T=100_h=5,20260610-203538,previous_detection,before_annealing,20260513-032137,20260625-095817,0.6466065264130066
95,1088.45,521.95,36.9411,0.609963,20.0,52.3,1.0,annealing_T=100_h=25,present,present,13.76,595.0,annealing_T=100_h=25,20260625-095817,phase_detection,annealing_T=75_h=5,20260520-085312,20260625-095817,1.0621205204683026
95,1088.45,521.95,148.53,0.637803,20.0,53.3,2.0,annealing_T=100_h=25,present,present,13.76,595.0,annealing_T=100_h=25,20260625-095817,phase_detection,annealing_T=75_h=5,20260520-085312,20260625-095817,1.0621205204683026
95,1088.45,521.95,360.685,0.783669,20.0,54.3,3.0,annealing_T=100_h=25,present,present,13.76,595.0,annealing_T=100_h=25,20260625-095817,phase_detection,annealing_T=75_h=5,20260520-085312,20260625-095817,1.0621205204683026
95,1088.45,521.95,671.902,0.685012,20.0,55.3,4.0,annealing_T=100_h=25,present,present,13.76,595.0,annealing_T=100_h=25,20260625-095817,phase_detection,annealing_T=75_h=5,20260520-085312,20260625-095817,1.0621205204683026
95,1088.45,521.95,1117.97,1.27098,20.0,56.3,5.0,annealing_T=100_h=25,present,present,13.76,595.0,annealing_T=100_h=25,20260625-095817,phase_detection,annealing_T=75_h=5,20260520-085312,20260625-095817,1.0621205204683026
95,1088.45,521.95,2805.58,3.00891,20.0,58.3,7.0,annealing_T=100_h=25,present,present,13.76,595.0,annealing_T=100_h=25,20260625-095817,phase_detection,annealing_T=75_h=5,20260520-085312,20260625-095817,1.0621205204683026
96,1088.7,686.57,3.64767,0.113369,20.0,52.3,1.0,annealing_T=100_h=25,present,present,7.16,161.0,annealing_T=100_h=25,20260625-095817,phase_detection,annealing_T=75_h=5,20260520-085312,20260625-095817,1.1438968484963752
96,1088.7,686.57,11.6421,0.294032,20.0,53.3,2.0,annealing_T=100_h=25,present,present,7.16,161.0,annealing_T=100_h=25,20260625-095817,phase_detection,annealing_T=75_h=5,20260520-085312,20260625-095817,1.1438968484963752
96,1088.7,686.57,24.1689,0.368921,20.0,54.3,3.0,annealing_T=100_h=25,present,present,7.16,161.0,annealing_T=100_h=25,20260625-095817,phase_detection,annealing_T=75_h=5,20260520-085312,20260625-095817,1.1438968484963752
96,1088.7,686.57,41.1905,0.351904,20.0,55.3,4.0,annealing_T=100_h=25,present,present,7.16,161.0,annealing_T=100_h=25,20260625-095817,phase_detection,annealing_T=75_h=5,20260520-085312,20260625-095817,1.1438968484963752
96,1088.7,686.57,65.4574,0.271126,20.0,56.3,5.0,annealing_T=100_h=25,present,present,7.16,161.0,annealing_T=100_h=25,20260625-095817,phase_detection,annealing_T=75_h=5,20260520-085312,20260625-095817,1.1438968484963752
96,1088.7,686.57,128.588,0.522217,20.0,58.3,7.0,annealing_T=100_h=25,present,present,7.16,161.0,annealing_T=100_h=25,20260625-095817,phase_detection,annealing_T=75_h=5,20260520-085312,20260625-095817,1.1438968484963752
97,1123.59,534.09,2.33639,0.30152,20.0,52.3,1.0,annealing_T=100_h=25,absent,absent,4.72,70.0,annealing_T=75_h=5,20260520-085312,previous_detection,annealing_T=75_h=5,20260520-085312,20260625-095817,0.7808969202141668
97,1123.59,534.09,2.51064,0.306847,20.0,53.3,2.0,annealing_T=100_h=25,absent,absent,4.72,70.0,annealing_T=75_h=5,20260520-085312,previous_detection,annealing_T=75_h=5,20260520-085312,20260625-095817,0.7808969202141668
97,1123.59,534.09,3.80793,0.38445,20.0,54.3,3.0,annealing_T=100_h=25,absent,absent,4.72,70.0,annealing_T=75_h=5,20260520-085312,previous_detection,annealing_T=75_h=5,20260520-085312,20260625-095817,0.7808969202141668
97,1123.59,534.09,6.74117,0.487401,20.0,55.3,4.0,annealing_T=100_h=25,absent,absent,4.72,70.0,annealing_T=75_h=5,20260520-085312,previous_detection,annealing_T=75_h=5,20260520-085312,20260625-095817,0.7808969202141668
97,1123.59,534.09,9.32296,0.549978,20.0,56.3,5.0,annealing_T=100_h=25,absent,absent,4.72,70.0,annealing_T=75_h=5,20260520-085312,previous_detection,annealing_T=75_h=5,20260520-085312,20260625-095817,0.7808969202141668
97,1123.59,534.09,14.8797,0.355319,20.0,58.3,7.0,annealing_T=100_h=25,absent,absent,4.72,70.0,annealing_T=75_h=5,20260520-085312,previous_detection,annealing_T=75_h=5,20260520-085312,20260625-095817,0.7808969202141668
98,1149.44,427.42,2.90385,0.326069,20.0,52.3,1.0,annealing_T=100_h=25,present,present,5.94,111.0,annealing_T=100_h=25,20260625-095817,phase_detection,before_annealing,20260513-032137,20260625-095817,1.7792414113885813
98,1149.44,427.42,10.8097,0.286076,20.0,53.3,2.0,annealing_T=100_h=25,present,present,5.94,111.0,annealing_T=100_h=25,20260625-095817,phase_detection,before_annealing,20260513-032137,20260625-095817,1.7792414113885813
98,1149.44,427.42,18.0408,0.324671,20.0,54.3,3.0,annealing_T=100_h=25,present,present,5.94,111.0,annealing_T=100_h=25,20260625-095817,phase_detection,before_annealing,20260513-032137,20260625-095817,1.7792414113885813
98,1149.44,427.42,23.8814,0.292312,20.0,55.3,4.0,annealing_T=100_h=25,present,present,5.94,111.0,annealing_T=100_h=25,20260625-095817,phase_detection,before_annealing,20260513-032137,20260625-095817,1.7792414113885813
98,1149.44,427.42,36.6651,0.152981,20.0,56.3,5.0,annealing_T=100_h=25,present,present,5.94,111.0,annealing_T=100_h=25,20260625-095817,phase_detection,before_annealing,20260513-032137,20260625-095817,1.7792414113885813
98,1149.44,427.42,62.1479,0.613882,20.0,58.3,7.0,annealing_T=100_h=25,present,present,5.94,111.0,annealing_T=100_h=25,20260625-095817,phase_detection,before_annealing,20260513-032137,20260625-095817,1.7792414113885813
99,1169.35,238.75,265.193,0.696851,20.0,52.3,1.0,annealing_T=100_h=25,present,present,15.56,761.0,annealing_T=100_h=25,20260625-095817,phase_detection,annealing_T=150_h=5,20260908-043207,20260625-095817,1.0538026380684422
99,1169.35,238.75,789.201,1.05197,20.0,53.3,2.0,annealing_T=100_h=25,present,present,15.56,761.0,annealing_T=100_h=25,20260625-095817,phase_detection,annealing_T=150_h=5,20260908-043207,20260625-095817,1.0538026380684422
99,1169.35,238.75,1515.52,1.46126,20.0,54.3,3.0,annealing_T=100_h=25,present,present,15.56,761.0,annealing_T=100_h=25,20260625-095817,phase_detection,annealing_T=150_h=5,20260908-043207,20260625-095817,1.0538026380684422
99,1169.35,238.75,2371.89,1.62138,20.0,55.3,4.0,annealing_T=100_h=25,present,present,15.56,761.0,annealing_T=100_h=25,20260625-095817,phase_detection,annealing_T=150_h=5,20260908-043207,20260625-095817,1.0538026380684422
99,1169.35,238.75,3368.78,2.31392,20.0,56.3,5.0,annealing_T=100_h=25,present,present,15.56,761.0,annealing_T=100_h=25,20260625-095817,phase_detection,annealing_T=150_h=5,20260908-043207,20260625-095817,1.0538026380684422
99,1169.35,238.75,5902.35,5.02328,20.0,58.3,7.0,annealing_T=100_h=25,present,present,15.56,761.0,annealing_T=100_h=25,20260625-095817,phase_detection,annealing_T=150_h=5,20260908-043207,20260625-095817,1.0538026380684422
100,1170.95,912.27,1.40108,0.170999,20.0,52.3,1.0,annealing_T=100_h=25,absent,absent,4.15,54.0,annealing_T=75_h=25,20260530-001924,previous_detection,before_annealing,20260513-032137,20260625-095817,0.8602325267042759
100,1170.95,912.27,2.67805,0.0703196,20.0,53.3,2.0,annealing_T=100_h=25,absent,absent,4.15,54.0,annealing_T=75_h=25,20260530-001924,previous_detection,before_annealing,20260513-032137,20260625-095817,0.8602325267042759
100,1170.95,912.27,1.62361,0.259215,20.0,54.3,3.0,annealing_T=100_h=25,absent,absent,4.15,54.0,annealing_T=75_h=25,20260530-001924,previous_detection,before_annealing,20260513-032137,20260625-095817,0.8602325267042759
100,1170.95,912.27,3.11751,0.132535,20.0,55.3,4.0,annealing_T=100_h=25,absent,absent,4.15,54.0,annealing_T=75_h=25,20260530-001924,previous_detection,before_annealing,20260513-032137,20260625-095817,0.8602325267042759
100,1170.95,912.27,5.56972,0.348374,20.0,56.3,5.0,annealing_T=100_h=25,absent,absent,4.15,54.0,annealing_T=75_h=25,20260530-001924,previous_detection,before_annealing,20260513-032137,20260625-095817,0.8602325267042759
100,1170.95,912.27,4.29751,0.347968,20.0,58.3,7.0,annealing_T=100_h=25,absent,absent,4.15,54.0,annealing_T=75_h=25,20260530-001924,previous_detection,before_annealing,20260513-032137,20260625-095817,0.8602325267042759
101,1176.34,928.49,2.05452,0.297184,20.0,52.3,1.0,annealing_T=100_h=25,present,present,6.33,126.0,annealing_T=100_h=25,20260625-095817,phase_detection,before_annealing,20260513-032137,20260625-095817,1.3520355024923427
101,1176.34,928.49,5.12453,0.314444,20.0,53.3,2.0,annealing_T=100_h=25,present,present,6.33,126.0,annealing_T=100_h=25,20260625-095817,phase_detection,before_annealing,20260513-032137,20260625-095817,1.3520355024923427
101,1176.34,928.49,11.0606,0.320126,20.0,54.3,3.0,annealing_T=100_h=25,present,present,6.33,126.0,annealing_T=100_h=25,20260625-095817,phase_detection,before_annealing,20260513-032137,20260625-095817,1.3520355024923427
101,1176.34,928.49,14.8215,0.455973,20.0,55.3,4.0,annealing_T=100_h=25,present,present,6.33,126.0,annealing_T=100_h=25,20260625-095817,phase_detection,before_annealing,20260513-032137,20260625-095817,1.3520355024923427
101,1176.34,928.49,20.909,0.214781,20.0,56.3,5.0,annealing_T=100_h=25,present,present,6.33,126.0,annealing_T=100_h=25,20260625-095817,phase_detection,before_annealing,20260513-032137,20260625-095817,1.3520355024923427
101,1176.34,928.49,44.7771,0.481594,20.0,58.3,7.0,annealing_T=100_h=25,present,present,6.33,126.0,annealing_T=100_h=25,20260625-095817,phase_detection,before_annealing,20260513-032137,20260625-095817,1.3520355024923427
102,1180.01,592.86,0.504751,0.206375,20.0,52.3,1.0,annealing_T=100_h=25,absent,absent,5.29,88.0,annealing_T=75_h=25,20260530-001924,previous_detection,annealing_T=75_h=25,20260530-001924,20260625-095817,0.9548298277703904
102,1180.01,592.86,3.48286,0.291848,20.0,53.3,2.0,annealing_T=100_h=25,absent,absent,5.29,88.0,annealing_T=75_h=25,20260530-001924,previous_detection,annealing_T=75_h=25,20260530-001924,20260625-095817,0.9548298277703904
102,1180.01,592.86,-0.305115,0.337624,20.0,54.3,3.0,annealing_T=100_h=25,absent,absent,5.29,88.0,annealing_T=75_h=25,20260530-001924,previous_detection,annealing_T=75_h=25,20260530-001924,20260625-095817,0.9548298277703904
102,1180.01,592.86,2.67425,0.19799,20.0,55.3,4.0,annealing_T=100_h=25,absent,absent,5.29,88.0,annealing_T=75_h=25,20260530-001924,previous_detection,annealing_T=75_h=25,20260530-001924,20260625-095817,0.9548298277703904
102,1180.01,592.86,1.83403,0.357887,20.0,56.3,5.0,annealing_T=100_h=25,absent,absent,5.29,88.0,annealing_T=75_h=25,20260530-001924,previous_detection,annealing_T=75_h=25,20260530-001924,20260625-095817,0.9548298277703904
102,1180.01,592.86,7.20669,0.459865,20.0,58.3,7.0,annealing_T=100_h=25,absent,absent,5.29,88.0,annealing_T=75_h=25,20260530-001924,previous_detection,annealing_T=75_h=25,20260530-001924,20260625-095817,0.9548298277703904
103,1188.36,154.04,-1.33457,0.11,20.0,52.3,1.0,annealing_T=100_h=25,absent,disappeared,3.7,43.0,annealing_T=100_h=5,20260610-203538,previous_detection,annealing_T=125_h=25,20260827-053720,20260625-095817,1.0796758772891768
103,1188.36,154.04,1.55097,0.118317,20.0,53.3,2.0,annealing_T=100_h=25,absent,disappeared,3.7,43.0,annealing_T=100_h=5,20260610-203538,previous_detection,annealing_T=125_h=25,20260827-053720,20260625-095817,1.0796758772891768
103,1188.36,154.04,2.3533,0.103141,20.0,54.3,3.0,annealing_T=100_h=25,absent,disappeared,3.7,43.0,annealing_T=100_h=5,20260610-203538,previous_detection,annealing_T=125_h=25,20260827-053720,20260625-095817,1.0796758772891768
103,1188.36,154.04,7.89552,0.253448,20.0,55.3,4.0,annealing_T=100_h=25,absent,disappeared,3.7,43.0,annealing_T=100_h=5,20260610-203538,previous_detection,annealing_T=125_h=25,20260827-053720,20260625-095817,1.0796758772891768
103,1188.36,154.04,9.42994,0.142984,20.0,56.3,5.0,annealing_T=100_h=25,absent,disappeared,3.7,43.0,annealing_T=100_h=5,20260610-203538,previous_detection,annealing_T=125_h=25,20260827-053720,20260625-095817,1.0796758772891768
103,1188.36,154.04,18.9664,0.223993,20.0,58.3,7.0,annealing_T=100_h=25,absent,disappeared,3.7,43.0,annealing_T=100_h=5,20260610-203538,previous_detection,annealing_T=125_h=25,20260827-053720,20260625-095817,1.0796758772891768
104,1222.05,784.04,3.68106,0.377843,20.0,52.3,1.0,annealing_T=100_h=25,present,present,6.82,146.0,annealing_T=100_h=25,20260625-095817,phase_detection,annealing_T=75_h=5,20260520-085312,20260625-095817,1.6447796204963134
104,1222.05,784.04,14.4879,0.429744,20.0,53.3,2.0,annealing_T=100_h=25,present,present,6.82,146.0,annealing_T=100_h=25,20260625-095817,phase_detection,annealing_T=75_h=5,20260520-085312,20260625-095817,1.6447796204963134
104,1222.05,784.04,29.6619,0.346214,20.0,54.3,3.0,annealing_T=100_h=25,present,present,6.82,146.0,annealing_T=100_h=25,20260625-095817,phase_detection,annealing_T=75_h=5,20260520-085312,20260625-095817,1.6447796204963134
104,1222.05,784.04,38.8499,0.333738,20.0,55.3,4.0,annealing_T=100_h=25,present,present,6.82,146.0,annealing_T=100_h=25,20260625-095817,phase_detection,annealing_T=75_h=5,20260520-085312,20260625-095817,1.6447796204963134
104,1222.05,784.04,47.2653,0.49297,20.0,56.3,5.0,annealing_T=100_h=25,present,present,6.82,146.0,annealing_T=100_h=25,20260625-095817,phase_detection,annealing_T=75_h=5,20260520-085312,20260625-095817,1.6447796204963134
104,1222.05,784.04,87.5684,0.502336,20.0,58.3,7.0,annealing_T=100_h=25,present,present,6.82,146.0,annealing_T=100_h=25,20260625-095817,phase_detection,annealing_T=75_h=5,20260520-085312,20260625-095817,1.6447796204963134
105,1227.34,668.78,-1.04836,0.470272,20.0,52.3,1.0,annealing_T=100_h=25,absent,disappeared,9.76,299.0,annealing_T=100_h=5,20260610-203538,previous_detection,annealing_T=100_h=5,20260610-203538,20260625-095817,1.5453802121161297
105,1227.34,668.78,3.46865,0.395847,20.0,53.3,2.0,annealing_T=100_h=25,absent,disappeared,9.76,299.0,annealing_T=100_h=5,20260610-203538,previous_detection,annealing_T=100_h=5,20260610-203538,20260625-095817,1.5453802121161297
105,1227.34,668.78,9.43315,0.477044,20.0,54.3,3.0,annealing_T=100_h=25,absent,disappeared,9.76,299.0,annealing_T=100_h=5,20260610-203538,previous_detection,annealing_T=100_h=5,20260610-203538,20260625-095817,1.5453802121161297
105,1227.34,668.78,7.11881,0.521173,20.0,55.3,4.0,annealing_T=100_h=25,absent,disappeared,9.76,299.0,annealing_T=100_h=5,20260610-203538,previous_detection,annealing_T=100_h=5,20260610-203538,20260625-095817,1.5453802121161297
105,1227.34,668.78,18.7805,0.571789,20.0,56.3,5.0,annealing_T=100_h=25,absent,disappeared,9.76,299.0,annealing_T=100_h=5,20260610-203538,previous_detection,annealing_T=100_h=5,20260610-203538,20260625-095817,1.5453802121161297
105,1227.34,668.78,29.7838,0.674386,20.0,58.3,7.0,annealing_T=100_h=25,absent,disappeared,9.76,299.0,annealing_T=100_h=5,20260610-203538,previous_detection,annealing_T=100_h=5,20260610-203538,20260625-095817,1.5453802121161297
106,1241.78,152.55,1.86164,0.375961,20.0,52.3,1.0,annealing_T=100_h=25,present,present,5.67,101.0,annealing_T=100_h=25,20260625-095817,phase_detection,annealing_T=75_h=5,20260520-085312,20260625-095817,2.0041207548448585
106,1241.78,152.55,6.60054,0.408231,20.0,53.3,2.0,annealing_T=100_h=25,present,present,5.67,101.0,annealing_T=100_h=25,20260625-095817,phase_detection,annealing_T=75_h=5,20260520-085312,20260625-095817,2.0041207548448585
106,1241.78,152.55,8.32122,0.418186,20.0,54.3,3.0,annealing_T=100_h=25,present,present,5.67,101.0,annealing_T=100_h=25,20260625-095817,phase_detection,annealing_T=75_h=5,20260520-085312,20260625-095817,2.0041207548448585
106,1241.78,152.55,19.4979,0.446189,20.0,55.3,4.0,annealing_T=100_h=25,present,present,5.67,101.0,annealing_T=100_h=25,20260625-095817,phase_detection,annealing_T=75_h=5,20260520-085312,20260625-095817,2.0041207548448585
106,1241.78,152.55,29.7811,0.399482,20.0,56.3,5.0,annealing_T=100_h=25,present,present,5.67,101.0,annealing_T=100_h=25,20260625-095817,phase_detection,annealing_T=75_h=5,20260520-085312,20260625-095817,2.0041207548448585
106,1241.78,152.55,51.7757,0.661629,20.0,58.3,7.0,annealing_T=100_h=25,present,present,5.67,101.0,annealing_T=100_h=25,20260625-095817,phase_detection,annealing_T=75_h=5,20260520-085312,20260625-095817,2.0041207548448585
107,1244.51,482.98,18.0823,0.28878,20.0,52.3,1.0,annealing_T=100_h=25,present,present,8.76,241.0,annealing_T=100_h=25,20260625-095817,phase_detection,annealing_T=100_h=25,20260625-095817,20260625-095817,1.3744089638822903
107,1244.51,482.98,38.7626,0.347313,20.0,53.3,2.0,annealing_T=100_h=25,present,present,8.76,241.0,annealing_T=100_h=25,20260625-095817,phase_detection,annealing_T=100_h=25,20260625-095817,20260625-095817,1.3744089638822903
107,1244.51,482.98,77.425,0.366047,20.0,54.3,3.0,annealing_T=100_h=25,present,present,8.76,241.0,annealing_T=100_h=25,20260625-095817,phase_detection,annealing_T=100_h=25,20260625-095817,20260625-095817,1.3744089638822903
107,1244.51,482.98,113.366,0.38693,20.0,55.3,4.0,annealing_T=100_h=25,present,present,8.76,241.0,annealing_T=100_h=25,20260625-095817,phase_detection,annealing_T=100_h=25,20260625-095817,20260625-095817,1.3744089638822903
107,1244.51,482.98,303.445,3.0937,20.0,56.3,5.0,annealing_T=100_h=25,present,present,8.76,241.0,annealing_T=100_h=25,20260625-095817,phase_detection,annealing_T=100_h=25,20260625-095817,20260625-095817,1.3744089638822903
107,1244.51,482.98,1303.22,2.30202,20.0,58.3,7.0,annealing_T=100_h=25,present,present,8.76,241.0,annealing_T=100_h=25,20260625-095817,phase_detection,annealing_T=100_h=25,20260625-095817,20260625-095817,1.3744089638822903
108,1254.73,232.93,0.92038,0.0875368,20.0,52.3,1.0,annealing_T=100_h=25,absent,absent,5.05,80.0,before_annealing,20260513-032137,previous_detection,before_annealing,20260513-032137,20260625-095817,0.0
108,1254.73,232.93,0.927428,0.112029,20.0,53.3,2.0,annealing_T=100_h=25,absent,absent,5.05,80.0,before_annealing,20260513-032137,previous_detection,before_annealing,20260513-032137,20260625-095817,0.0
108,1254.73,232.93,1.03248,0.112636,20.0,54.3,3.0,annealing_T=100_h=25,absent,absent,5.05,80.0,before_annealing,20260513-032137,previous_detection,before_annealing,20260513-032137,20260625-095817,0.0
108,1254.73,232.93,1.1128,0.125111,20.0,55.3,4.0,annealing_T=100_h=25,absent,absent,5.05,80.0,before_annealing,20260513-032137,previous_detection,before_annealing,20260513-032137,20260625-095817,0.0
108,1254.73,232.93,2.09989,0.1624,20.0,56.3,5.0,annealing_T=100_h=25,absent,absent,5.05,80.0,before_annealing,20260513-032137,previous_detection,before_annealing,20260513-032137,20260625-095817,0.0
108,1254.73,232.93,4.31845,0.131846,20.0,58.3,7.0,annealing_T=100_h=25,absent,absent,5.05,80.0,before_annealing,20260513-032137,previous_detection,before_annealing,20260513-032137,20260625-095817,0.0
109,1254.57,594.92,1.76663,0.378564,20.0,52.3,1.0,annealing_T=100_h=25,present,present,5.47,94.0,annealing_T=100_h=25,20260625-095817,phase_detection,before_annealing,20260513-032137,20260625-095817,1.0340696301508034
109,1254.57,594.92,5.34258,0.24215,20.0,53.3,2.0,annealing_T=100_h=25,present,present,5.47,94.0,annealing_T=100_h=25,20260625-095817,phase_detection,before_annealing,20260513-032137,20260625-095817,1.0340696301508034
109,1254.57,594.92,11.009,0.421874,20.0,54.3,3.0,annealing_T=100_h=25,present,present,5.47,94.0,annealing_T=100_h=25,20260625-095817,phase_detection,before_annealing,20260513-032137,20260625-095817,1.0340696301508034
109,1254.57,594.92,13.6987,0.295319,20.0,55.3,4.0,annealing_T=100_h=25,present,present,5.47,94.0,annealing_T=100_h=25,20260625-095817,phase_detection,before_annealing,20260513-032137,20260625-095817,1.0340696301508034
109,1254.57,594.92,30.2564,0.437915,20.0,56.3,5.0,annealing_T=100_h=25,present,present,5.47,94.0,annealing_T=100_h=25,20260625-095817,phase_detection,before_annealing,20260513-032137,20260625-095817,1.0340696301508034
109,1254.57,594.92,56.19,0.539513,20.0,58.3,7.0,annealing_T=100_h=25,present,present,5.47,94.0,annealing_T=100_h=25,20260625-095817,phase_detection,before_annealing,20260513-032137,20260625-095817,1.0340696301508034
110,1260.59,1073.54,2.28957,0.324255,20.0,52.3,1.0,annealing_T=100_h=25,absent,disappeared,5.47,94.0,annealing_T=100_h=5,20260610-203538,previous_detection,annealing_T=75_h=25,20260530-001924,20260625-095817,1.642589419179509
110,1260.59,1073.54,5.93119,0.260504,20.0,53.3,2.0,annealing_T=100_h=25,absent,disappeared,5.47,94.0,annealing_T=100_h=5,20260610-203538,previous_detection,annealing_T=75_h=25,20260530-001924,20260625-095817,1.642589419179509
110,1260.59,1073.54,5.18122,0.258518,20.0,54.3,3.0,annealing_T=100_h=25,absent,disappeared,5.47,94.0,annealing_T=100_h=5,20260610-203538,previous_detection,annealing_T=75_h=25,20260530-001924,20260625-095817,1.642589419179509
110,1260.59,1073.54,5.15883,0.240027,20.0,55.3,4.0,annealing_T=100_h=25,absent,disappeared,5.47,94.0,annealing_T=100_h=5,20260610-203538,previous_detection,annealing_T=75_h=25,20260530-001924,20260625-095817,1.642589419179509
110,1260.59,1073.54,10.5344,0.426709,20.0,56.3,5.0,annealing_T=100_h=25,absent,disappeared,5.47,94.0,annealing_T=100_h=5,20260610-203538,previous_detection,annealing_T=75_h=25,20260530-001924,20260625-095817,1.642589419179509
110,1260.59,1073.54,13.9763,0.566851,20.0,58.3,7.0,annealing_T=100_h=25,absent,disappeared,5.47,94.0,annealing_T=100_h=5,20260610-203538,previous_detection,annealing_T=75_h=25,20260530-001924,20260625-095817,1.642589419179509
111,1265.97,412.33,3.05361,0.146042,20.0,52.3,1.0,annealing_T=100_h=25,present,reappeared,4.92,76.0,annealing_T=100_h=25,20260625-095817,phase_detection,before_annealing,20260513-032137,20260625-095817,1.25896783120136
111,1265.97,412.33,8.95704,0.0977547,20.0,53.3,2.0,annealing_T=100_h=25,present,reappeared,4.92,76.0,annealing_T=100_h=25,20260625-095817,phase_detection,before_annealing,20260513-032137,20260625-095817,1.25896783120136
111,1265.97,412.33,11.9839,0.213418,20.0,54.3,3.0,annealing_T=100_h=25,present,reappeared,4.92,76.0,annealing_T=100_h=25,20260625-095817,phase_detection,before_annealing,20260513-032137,20260625-095817,1.25896783120136
111,1265.97,412.33,20.2178,0.114538,20.0,55.3,4.0,annealing_T=100_h=25,present,reappeared,4.92,76.0,annealing_T=100_h=25,20260625-095817,phase_detection,before_annealing,20260513-032137,20260625-095817,1.25896783120136
111,1265.97,412.33,24.9454,0.166879,20.0,56.3,5.0,annealing_T=100_h=25,present,reappeared,4.92,76.0,annealing_T=100_h=25,20260625-095817,phase_detection,before_annealing,20260513-032137,20260625-095817,1.25896783120136
111,1265.97,412.33,56.0232,0.608455,20.0,58.3,7.0,annealing_T=100_h=25,present,reappeared,4.92,76.0,annealing_T=100_h=25,20260625-095817,phase_detection,before_annealing,20260513-032137,20260625-095817,1.25896783120136
112,1268.03,787.66,33.8431,0.660582,20.0,52.3,1.0,annealing_T=100_h=25,present,present,14.69,678.0,annealing_T=100_h=25,20260625-095817,phase_detection,annealing_T=75_h=5,20260520-085312,20260625-095817,1.0768936809175482
112,1268.03,787.66,118.451,0.632754,20.0,53.3,2.0,annealing_T=100_h=25,present,present,14.69,678.0,annealing_T=100_h=25,20260625-095817,phase_detection,annealing_T=75_h=5,20260520-085312,20260625-095817,1.0768936809175482
112,1268.03,787.66,246.308,0.668516,20.0,54.3,3.0,annealing_T=100_h=25,present,present,14.69,678.0,annealing_T=100_h=25,20260625-095817,phase_detection,annealing_T=75_h=5,20260520-085312,20260625-095817,1.0768936809175482
112,1268.03,787.66,454.896,0.723734,20.0,55.3,4.0,annealing_T=100_h=25,present,present,14.69,678.0,annealing_T=100_h=25,20260625-095817,phase_detection,annealing_T=75_h=5,20260520-085312,20260625-095817,1.0768936809175482
112,1268.03,787.66,721.492,1.26482,20.0,56.3,5.0,annealing_T=100_h=25,present,present,14.69,678.0,annealing_T=100_h=25,20260625-095817,phase_detection,annealing_T=75_h=5,20260520-085312,20260625-095817,1.0768936809175482
112,1268.03,787.66,1394.98,2.83577,20.0,58.3,7.0,annealing_T=100_h=25,present,present,14.69,678.0,annealing_T=100_h=25,20260625-095817,phase_detection,annealing_T=75_h=5,20260520-085312,20260625-095817,1.0768936809175482
113,1287.41,874.41,0.953693,0.129371,20.0,52.3,1.0,annealing_T=100_h=25,absent,disappeared,5.64,100.0,annealing_T=100_h=5,20260610-203538,previous_detection,annealing_T=75_h=25,20260530-001924,20260625-095817,0.6332456079594329
113,1287.41,874.41,1.1011,0.184475,20.0,53.3,2.0,annealing_T=100_h=25,absent,disappeared,5.64,100.0,annealing_T=100_h=5,20260610-203538,previous_detection,annealing_T=75_h=25,20260530-001924,20260625-095817,0.6332456079594329
113,1287.41,874.41,7.47143,0.233343,20.0,54.3,3.0,annealing_T=100_h=25,absent,disappeared,5.64,100.0,annealing_T=100_h=5,20260610-203538,previous_detection,annealing_T=75_h=25,20260530-001924,20260625-095817,0.6332456079594329
113,1287.41,874.41,10.4198,0.243937,20.0,55.3,4.0,annealing_T=100_h=25,absent,disappeared,5.64,100.0,annealing_T=100_h=5,20260610-203538,previous_detection,annealing_T=75_h=25,20260530-001924,20260625-095817,0.6332456079594329
113,1287.41,874.41,13.4277,0.256697,20.0,56.3,5.0,annealing_T=100_h=25,absent,disappeared,5.64,100.0,annealing_T=100_h=5,20260610-203538,previous_detection,annealing_T=75_h=25,20260530-001924,20260625-095817,0.6332456079594329
113,1287.41,874.41,19.2997,0.172678,20.0,58.3,7.0,annealing_T=100_h=25,absent,disappeared,5.64,100.0,annealing_T=100_h=5,20260610-203538,previous_detection,annealing_T=75_h=25,20260530-001924,20260625-095817,0.6332456079594329
114,1292.73,319.68,1.51362,0.264134,20.0,52.3,1.0,annealing_T=100_h=25,present,present,6.26,123.0,annealing_T=100_h=25,20260625-095817,phase_detection,annealing_T=75_h=25,20260530-001924,20260625-095817,1.0846197490364757
114,1292.73,319.68,9.42679,0.343705,20.0,53.3,2.0,annealing_T=100_h=25,present,present,6.26,123.0,annealing_T=100_h=25,20260625-095817,phase_detection,annealing_T=75_h=25,20260530-001924,20260625-095817,1.0846197490364757
114,1292.73,319.68,18.8802,0.412996,20.0,54.3,3.0,annealing_T=100_h=25,present,present,6.26,123.0,annealing_T=100_h=25,20260625-095817,phase_detection,annealing_T=75_h=25,20260530-001924,20260625-095817,1.0846197490364757
114,1292.73,319.68,35.1386,0.472584,20.0,55.3,4.0,annealing_T=100_h=25,present,present,6.26,123.0,annealing_T=100_h=25,20260625-095817,phase_detection,annealing_T=75_h=25,20260530-001924,20260625-095817,1.0846197490364757
114,1292.73,319.68,58.4797,0.699283,20.0,56.3,5.0,annealing_T=100_h=25,present,present,6.26,123.0,annealing_T=100_h=25,20260625-095817,phase_detection,annealing_T=75_h=25,20260530-001924,20260625-095817,1.0846197490364757
114,1292.73,319.68,122.737,0.729569,20.0,58.3,7.0,annealing_T=100_h=25,present,present,6.26,123.0,annealing_T=100_h=25,20260625-095817,phase_detection,annealing_T=75_h=25,20260530-001924,20260625-095817,1.0846197490364757
115,1320.63,73.05,-0.640197,0.359505,20.0,52.3,1.0,annealing_T=100_h=25,present,present,5.2,85.0,annealing_T=100_h=25,20260625-095817,phase_detection,before_annealing,20260513-032137,20260625-095817,1.325179233160531
115,1320.63,73.05,2.88756,0.329899,20.0,53.3,2.0,annealing_T=100_h=25,present,present,5.2,85.0,annealing_T=100_h=25,20260625-095817,phase_detection,before_annealing,20260513-032137,20260625-095817,1.325179233160531
115,1320.63,73.05,9.89093,0.300445,20.0,54.3,3.0,annealing_T=100_h=25,present,present,5.2,85.0,annealing_T=100_h=25,20260625-095817,phase_detection,before_annealing,20260513-032137,20260625-095817,1.325179233160531
115,1320.63,73.05,11.7379,0.32752,20.0,55.3,4.0,annealing_T=100_h=25,present,present,5.2,85.0,annealing_T=100_h=25,20260625-095817,phase_detection,before_annealing,20260513-032137,20260625-095817,1.325179233160531
115,1320.63,73.05,22.9658,0.290543,20.0,56.3,5.0,annealing_T=100_h=25,present,present,5.2,85.0,annealing_T=100_h=25,20260625-095817,phase_detection,before_annealing,20260513-032137,20260625-095817,1.325179233160531
115,1320.63,73.05,47.4511,0.685436,20.0,58.3,7.0,annealing_T=100_h=25,present,present,5.2,85.0,annealing_T=100_h=25,20260625-095817,phase_detection,before_annealing,20260513-032137,20260625-095817,1.325179233160531
116,1321.97,528.49,0.813054,0.15347,20.0,52.3,1.0,annealing_T=100_h=25,absent,absent,5.08,81.0,annealing_T=75_h=25,20260530-001924,previous_detection,annealing_T=75_h=25,20260530-001924,20260625-095817,1.6423458831805209
116,1321.97,528.49,-0.745248,0.144157,20.0,53.3,2.0,annealing_T=100_h=25,absent,absent,5.08,81.0,annealing_T=75_h=25,20260530-001924,previous_detection,annealing_T=75_h=25,20260530-001924,20260625-095817,1.6423458831805209
116,1321.97,528.49,1.5962,0.387487,20.0,54.3,3.0,annealing_T=100_h=25,absent,absent,5.08,81.0,annealing_T=75_h=25,20260530-001924,previous_detection,annealing_T=75_h=25,20260530-001924,20260625-095817,1.6423458831805209
116,1321.97,528.49,-2.18374,0.299193,20.0,55.3,4.0,annealing_T=100_h=25,absent,absent,5.08,81.0,annealing_T=75_h=25,20260530-001924,previous_detection,annealing_T=75_h=25,20260530-001924,20260625-095817,1.6423458831805209
116,1321.97,528.49,-0.121303,0.34509,20.0,56.3,5.0,annealing_T=100_h=25,absent,absent,5.08,81.0,annealing_T=75_h=25,20260530-001924,previous_detection,annealing_T=75_h=25,20260530-001924,20260625-095817,1.6423458831805209
116,1321.97,528.49,1.51561,0.286217,20.0,58.3,7.0,annealing_T=100_h=25,absent,absent,5.08,81.0,annealing_T=75_h=25,20260530-001924,previous_detection,annealing_T=75_h=25,20260530-001924,20260625-095817,1.6423458831805209
117,1337.27,625.13,1.72321,0.397019,20.0,52.3,1.0,annealing_T=100_h=25,present,present,8.65,235.0,annealing_T=100_h=25,20260625-095817,phase_detection,before_annealing,20260513-032137,20260625-095817,1.0846197490365324
117,1337.27,625.13,3.04304,0.603158,20.0,53.3,2.0,annealing_T=100_h=25,present,present,8.65,235.0,annealing_T=100_h=25,20260625-095817,phase_detection,before_annealing,20260513-032137,20260625-095817,1.0846197490365324
117,1337.27,625.13,20.4028,0.411601,20.0,54.3,3.0,annealing_T=100_h=25,present,present,8.65,235.0,annealing_T=100_h=25,20260625-095817,phase_detection,before_annealing,20260513-032137,20260625-095817,1.0846197490365324
117,1337.27,625.13,67.2086,0.571943,20.0,55.3,4.0,annealing_T=100_h=25,present,present,8.65,235.0,annealing_T=100_h=25,20260625-095817,phase_detection,before_annealing,20260513-032137,20260625-095817,1.0846197490365324
117,1337.27,625.13,208.073,0.552869,20.0,56.3,5.0,annealing_T=100_h=25,present,present,8.65,235.0,annealing_T=100_h=25,20260625-095817,phase_detection,before_annealing,20260513-032137,20260625-095817,1.0846197490365324
117,1337.27,625.13,946.484,3.00956,20.0,58.3,7.0,annealing_T=100_h=25,present,present,8.65,235.0,annealing_T=100_h=25,20260625-095817,phase_detection,before_annealing,20260513-032137,20260625-095817,1.0846197490365324
118,1343.82,1020.92,1.56425,0.122109,20.0,52.3,1.0,annealing_T=100_h=25,present,reappeared,3.87,47.0,annealing_T=100_h=25,20260625-095817,phase_detection,before_annealing,20260513-032137,20260625-095817,1.6164467204334387
118,1343.82,1020.92,0.923817,0.242611,20.0,53.3,2.0,annealing_T=100_h=25,present,reappeared,3.87,47.0,annealing_T=100_h=25,20260625-095817,phase_detection,before_annealing,20260513-032137,20260625-095817,1.6164467204334387
118,1343.82,1020.92,4.60825,0.32777,20.0,54.3,3.0,annealing_T=100_h=25,present,reappeared,3.87,47.0,annealing_T=100_h=25,20260625-095817,phase_detection,before_annealing,20260513-032137,20260625-095817,1.6164467204334387
118,1343.82,1020.92,6.34067,0.36116,20.0,55.3,4.0,annealing_T=100_h=25,present,reappeared,3.87,47.0,annealing_T=100_h=25,20260625-095817,phase_detection,before_annealing,20260513-032137,20260625-095817,1.6164467204334387
118,1343.82,1020.92,10.9889,0.324643,20.0,56.3,5.0,annealing_T=100_h=25,present,reappeared,3.87,47.0,annealing_T=100_h=25,20260625-095817,phase_detection,before_annealing,20260513-032137,20260625-095817,1.6164467204334387
118,1343.82,1020.92,20.0564,0.366714,20.0,58.3,7.0,annealing_T=100_h=25,present,reappeared,3.87,47.0,annealing_T=100_h=25,20260625-095817,phase_detection,before_annealing,20260513-032137,20260625-095817,1.6164467204334387
119,1360.71,169.37,-0.187386,0.237303,20.0,52.3,1.0,annealing_T=100_h=25,absent,absent,7.55,179.0,annealing_T=75_h=25,20260530-001924,previous_detection,annealing_T=75_h=25,20260530-001924,20260625-095817,0.5748912940721204
119,1360.71,169.37,-3.39516,0.289271,20.0,53.3,2.0,annealing_T=100_h=25,absent,absent,7.55,179.0,annealing_T=75_h=25,20260530-001924,previous_detection,annealing_T=75_h=25,20260530-001924,20260625-095817,0.5748912940721204
119,1360.71,169.37,-0.750361,0.310881,20.0,54.3,3.0,annealing_T=100_h=25,absent,absent,7.55,179.0,annealing_T=75_h=25,20260530-001924,previous_detection,annealing_T=75_h=25,20260530-001924,20260625-095817,0.5748912940721204
119,1360.71,169.37,6.92044,0.247369,20.0,55.3,4.0,annealing_T=100_h=25,absent,absent,7.55,179.0,annealing_T=75_h=25,20260530-001924,previous_detection,annealing_T=75_h=25,20260530-001924,20260625-095817,0.5748912940721204
119,1360.71,169.37,5.11965,0.284548,20.0,56.3,5.0,annealing_T=100_h=25,absent,absent,7.55,179.0,annealing_T=75_h=25,20260530-001924,previous_detection,annealing_T=75_h=25,20260530-001924,20260625-095817,0.5748912940721204
119,1360.71,169.37,10.5489,0.290007,20.0,58.3,7.0,annealing_T=100_h=25,absent,absent,7.55,179.0,annealing_T=75_h=25,20260530-001924,previous_detection,annealing_T=75_h=25,20260530-001924,20260625-095817,0.5748912940721204
120,1369.1,627.96,-1.7029,0.236836,20.0,52.3,1.0,annealing_T=100_h=25,present,present,6.48,132.0,annealing_T=100_h=25,20260625-095817,phase_detection,annealing_T=75_h=25,20260530-001924,20260625-095817,2.3618001608943247
120,1369.1,627.96,3.2019,0.242249,20.0,53.3,2.0,annealing_T=100_h=25,present,present,6.48,132.0,annealing_T=100_h=25,20260625-095817,phase_detection,annealing_T=75_h=25,20260530-001924,20260625-095817,2.3618001608943247
120,1369.1,627.96,12.4932,0.270501,20.0,54.3,3.0,annealing_T=100_h=25,present,present,6.48,132.0,annealing_T=100_h=25,20260625-095817,phase_detection,annealing_T=75_h=25,20260530-001924,20260625-095817,2.3618001608943247
120,1369.1,627.96,18.6184,0.310186,20.0,55.3,4.0,annealing_T=100_h=25,present,present,6.48,132.0,annealing_T=100_h=25,20260625-095817,phase_detection,annealing_T=75_h=25,20260530-001924,20260625-095817,2.3618001608943247
120,1369.1,627.96,30.9101,0.30901,20.0,56.3,5.0,annealing_T=100_h=25,present,present,6.48,132.0,annealing_T=100_h=25,20260625-095817,phase_detection,annealing_T=75_h=25,20260530-001924,20260625-095817,2.3618001608943247
120,1369.1,627.96,64.5403,0.316589,20.0,58.3,7.0,annealing_T=100_h=25,present,present,6.48,132.0,annealing_T=100_h=25,20260625-095817,phase_detection,annealing_T=75_h=25,20260530-001924,20260625-095817,2.3618001608943247
121,1372.47,810.81,3.69937,0.412087,20.0,52.3,1.0,annealing_T=100_h=25,present,present,8.2,211.0,annealing_T=100_h=25,20260625-095817,phase_detection,annealing_T=75_h=5,20260520-085312,20260625-095817,0.4219004621946487
121,1372.47,810.81,18.3299,0.344611,20.0,53.3,2.0,annealing_T=100_h=25,present,present,8.2,211.0,annealing_T=100_h=25,20260625-095817,phase_detection,annealing_T=75_h=5,20260520-085312,20260625-095817,0.4219004621946487
121,1372.47,810.81,28.7375,0.439437,20.0,54.3,3.0,annealing_T=100_h=25,present,present,8.2,211.0,annealing_T=100_h=25,20260625-095817,phase_detection,annealing_T=75_h=5,20260520-085312,20260625-095817,0.4219004621946487
121,1372.47,810.81,47.4975,0.48549,20.0,55.3,4.0,annealing_T=100_h=25,present,present,8.2,211.0,annealing_T=100_h=25,20260625-095817,phase_detection,annealing_T=75_h=5,20260520-085312,20260625-095817,0.4219004621946487
121,1372.47,810.81,63.8637,0.515458,20.0,56.3,5.0,annealing_T=100_h=25,present,present,8.2,211.0,annealing_T=100_h=25,20260625-095817,phase_detection,annealing_T=75_h=5,20260520-085312,20260625-095817,0.4219004621946487
121,1372.47,810.81,94.934,0.59176,20.0,58.3,7.0,annealing_T=100_h=25,present,present,8.2,211.0,annealing_T=100_h=25,20260625-095817,phase_detection,annealing_T=75_h=5,20260520-085312,20260625-095817,0.4219004621946487
122,1375.74,911.76,11.3824,0.388289,20.0,52.3,1.0,annealing_T=100_h=25,present,present,7.86,194.0,annealing_T=100_h=25,20260625-095817,phase_detection,before_annealing,20260513-032137,20260625-095817,1.225765067213282
122,1375.74,911.76,35.0411,0.38286,20.0,53.3,2.0,annealing_T=100_h=25,present,present,7.86,194.0,annealing_T=100_h=25,20260625-095817,phase_detection,before_annealing,20260513-032137,20260625-095817,1.225765067213282
122,1375.74,911.76,62.3653,0.461438,20.0,54.3,3.0,annealing_T=100_h=25,present,present,7.86,194.0,annealing_T=100_h=25,20260625-095817,phase_detection,before_annealing,20260513-032137,20260625-095817,1.225765067213282
122,1375.74,911.76,102.087,0.528031,20.0,55.3,4.0,annealing_T=100_h=25,present,present,7.86,194.0,annealing_T=100_h=25,20260625-095817,phase_detection,before_annealing,20260513-032137,20260625-095817,1.225765067213282
122,1375.74,911.76,157.671,0.559742,20.0,56.3,5.0,annealing_T=100_h=25,present,present,7.86,194.0,annealing_T=100_h=25,20260625-095817,phase_detection,before_annealing,20260513-032137,20260625-095817,1.225765067213282
122,1375.74,911.76,316.915,1.06126,20.0,58.3,7.0,annealing_T=100_h=25,present,present,7.86,194.0,annealing_T=100_h=25,20260625-095817,phase_detection,before_annealing,20260513-032137,20260625-095817,1.225765067213282
123,1387.15,116.44,1.86976,0.383968,20.0,52.3,1.0,annealing_T=100_h=25,present,present,6.13,118.0,annealing_T=100_h=25,20260625-095817,phase_detection,annealing_T=100_h=25,20260625-095817,20260625-095817,1.2349089035228824
123,1387.15,116.44,-0.915326,0.390045,20.0,53.3,2.0,annealing_T=100_h=25,present,present,6.13,118.0,annealing_T=100_h=25,20260625-095817,phase_detection,annealing_T=100_h=25,20260625-095817,20260625-095817,1.2349089035228824
123,1387.15,116.44,3.95028,0.189051,20.0,54.3,3.0,annealing_T=100_h=25,present,present,6.13,118.0,annealing_T=100_h=25,20260625-095817,phase_detection,annealing_T=100_h=25,20260625-095817,20260625-095817,1.2349089035228824
123,1387.15,116.44,19.0127,0.4074,20.0,55.3,4.0,annealing_T=100_h=25,present,present,6.13,118.0,annealing_T=100_h=25,20260625-095817,phase_detection,annealing_T=100_h=25,20260625-095817,20260625-095817,1.2349089035228824
123,1387.15,116.44,55.0301,0.19685,20.0,56.3,5.0,annealing_T=100_h=25,present,present,6.13,118.0,annealing_T=100_h=25,20260625-095817,phase_detection,annealing_T=100_h=25,20260625-095817,20260625-095817,1.2349089035228824
123,1387.15,116.44,124.127,1.27803,20.0,58.3,7.0,annealing_T=100_h=25,present,present,6.13,118.0,annealing_T=100_h=25,20260625-095817,phase_detection,annealing_T=100_h=25,20260625-095817,20260625-095817,1.2349089035228824
124,1387.5,372.29,1.91661,0.183711,20.0,52.3,1.0,annealing_T=100_h=25,absent,disappeared,5.7,102.0,annealing_T=100_h=5,20260610-203538,previous_detection,before_annealing,20260513-032137,20260625-095817,0.08062257748291217
124,1387.5,372.29,0.854919,0.305427,20.0,53.3,2.0,annealing_T=100_h=25,absent,disappeared,5.7,102.0,annealing_T=100_h=5,20260610-203538,previous_detection,before_annealing,20260513-032137,20260625-095817,0.08062257748291217
124,1387.5,372.29,0.455722,0.397988,20.0,54.3,3.0,annealing_T=100_h=25,absent,disappeared,5.7,102.0,annealing_T=100_h=5,20260610-203538,previous_detection,before_annealing,20260513-032137,20260625-095817,0.08062257748291217
124,1387.5,372.29,5.28629,0.345546,20.0,55.3,4.0,annealing_T=100_h=25,absent,disappeared,5.7,102.0,annealing_T=100_h=5,20260610-203538,previous_detection,before_annealing,20260513-032137,20260625-095817,0.08062257748291217
124,1387.5,372.29,7.04245,0.370266,20.0,56.3,5.0,annealing_T=100_h=25,absent,disappeared,5.7,102.0,annealing_T=100_h=5,20260610-203538,previous_detection,before_annealing,20260513-032137,20260625-095817,0.08062257748291217
124,1387.5,372.29,21.5878,0.415342,20.0,58.3,7.0,annealing_T=100_h=25,absent,disappeared,5.7,102.0,annealing_T=100_h=5,20260610-203538,previous_detection,before_annealing,20260513-032137,20260625-095817,0.08062257748291217
125,1404.03,205.68,1.5691,0.479563,20.0,52.3,1.0,annealing_T=100_h=25,present,present,8.39,221.0,annealing_T=100_h=25,20260625-095817,phase_detection,before_annealing,20260513-032137,20260625-095817,0.8149233092752044
125,1404.03,205.68,4.04935,0.434436,20.0,53.3,2.0,annealing_T=100_h=25,present,present,8.39,221.0,annealing_T=100_h=25,20260625-095817,phase_detection,before_annealing,20260513-032137,20260625-095817,0.8149233092752044
125,1404.03,205.68,11.5425,0.296508,20.0,54.3,3.0,annealing_T=100_h=25,present,present,8.39,221.0,annealing_T=100_h=25,20260625-095817,phase_detection,before_annealing,20260513-032137,20260625-095817,0.8149233092752044
125,1404.03,205.68,26.967,0.409294,20.0,55.3,4.0,annealing_T=100_h=25,present,present,8.39,221.0,annealing_T=100_h=25,20260625-095817,phase_detection,before_annealing,20260513-032137,20260625-095817,0.8149233092752044
125,1404.03,205.68,33.4707,0.61501,20.0,56.3,5.0,annealing_T=100_h=25,present,present,8.39,221.0,annealing_T=100_h=25,20260625-095817,phase_detection,before_annealing,20260513-032137,20260625-095817,0.8149233092752044
125,1404.03,205.68,92.0307,0.620798,20.0,58.3,7.0,annealing_T=100_h=25,present,present,8.39,221.0,annealing_T=100_h=25,20260625-095817,phase_detection,before_annealing,20260513-032137,20260625-095817,0.8149233092752044
126,1424.76,351.2,2.14805,0.375418,20.0,52.3,1.0,annealing_T=100_h=25,present,present,5.94,111.0,annealing_T=100_h=25,20260625-095817,phase_detection,annealing_T=125_h=5,20260723-075232,20260625-095817,1.2889142717807536
126,1424.76,351.2,9.22284,0.356503,20.0,53.3,2.0,annealing_T=100_h=25,present,present,5.94,111.0,annealing_T=100_h=25,20260625-095817,phase_detection,annealing_T=125_h=5,20260723-075232,20260625-095817,1.2889142717807536
126,1424.76,351.2,18.2789,0.334599,20.0,54.3,3.0,annealing_T=100_h=25,present,present,5.94,111.0,annealing_T=100_h=25,20260625-095817,phase_detection,annealing_T=125_h=5,20260723-075232,20260625-095817,1.2889142717807536
126,1424.76,351.2,30.4923,0.423757,20.0,55.3,4.0,annealing_T=100_h=25,present,present,5.94,111.0,annealing_T=100_h=25,20260625-095817,phase_detection,annealing_T=125_h=5,20260723-075232,20260625-095817,1.2889142717807536
126,1424.76,351.2,45.3461,0.452963,20.0,56.3,5.0,annealing_T=100_h=25,present,present,5.94,111.0,annealing_T=100_h=25,20260625-095817,phase_detection,annealing_T=125_h=5,20260723-075232,20260625-095817,1.2889142717807536
126,1424.76,351.2,80.4915,0.736639,20.0,58.3,7.0,annealing_T=100_h=25,present,present,5.94,111.0,annealing_T=100_h=25,20260625-095817,phase_detection,annealing_T=125_h=5,20260723-075232,20260625-095817,1.2889142717807536
127,1443.11,1003.68,74.7116,0.771688,20.0,52.3,1.0,annealing_T=100_h=25,present,present,13.91,608.0,annealing_T=100_h=25,20260625-095817,phase_detection,before_annealing,20260513-032137,20260625-095817,1.0606601717799016
127,1443.11,1003.68,283.684,0.972527,20.0,53.3,2.0,annealing_T=100_h=25,present,present,13.91,608.0,annealing_T=100_h=25,20260625-095817,phase_detection,before_annealing,20260513-032137,20260625-095817,1.0606601717799016
127,1443.11,1003.68,647.627,1.19363,20.0,54.3,3.0,annealing_T=100_h=25,present,present,13.91,608.0,annealing_T=100_h=25,20260625-095817,phase_detection,before_annealing,20260513-032137,20260625-095817,1.0606601717799016
127,1443.11,1003.68,1173.12,1.28434,20.0,55.3,4.0,annealing_T=100_h=25,present,present,13.91,608.0,annealing_T=100_h=25,20260625-095817,phase_detection,before_annealing,20260513-032137,20260625-095817,1.0606601717799016
127,1443.11,1003.68,1895.74,1.77376,20.0,56.3,5.0,annealing_T=100_h=25,present,present,13.91,608.0,annealing_T=100_h=25,20260625-095817,phase_detection,before_annealing,20260513-032137,20260625-095817,1.0606601717799016
127,1443.11,1003.68,4094.87,3.9397,20.0,58.3,7.0,annealing_T=100_h=25,present,present,13.91,608.0,annealing_T=100_h=25,20260625-095817,phase_detection,before_annealing,20260513-032137,20260625-095817,1.0606601717799016
128,1465.38,18.38,0.331254,0.208856,20.0,52.3,1.0,annealing_T=100_h=25,present,present,5.78,105.0,annealing_T=100_h=25,20260625-095817,phase_detection,annealing_T=75_h=25,20260530-001924,20260625-095817,0.787718223732338
128,1465.38,18.38,1.03173,0.246739,20.0,53.3,2.0,annealing_T=100_h=25,present,present,5.78,105.0,annealing_T=100_h=25,20260625-095817,phase_detection,annealing_T=75_h=25,20260530-001924,20260625-095817,0.787718223732338
128,1465.38,18.38,14.9081,0.370027,20.0,54.3,3.0,annealing_T=100_h=25,present,present,5.78,105.0,annealing_T=100_h=25,20260625-095817,phase_detection,annealing_T=75_h=25,20260530-001924,20260625-095817,0.787718223732338
128,1465.38,18.38,22.1776,0.426952,20.0,55.3,4.0,annealing_T=100_h=25,present,present,5.78,105.0,annealing_T=100_h=25,20260625-095817,phase_detection,annealing_T=75_h=25,20260530-001924,20260625-095817,0.787718223732338
128,1465.38,18.38,30.7243,0.200585,20.0,56.3,5.0,annealing_T=100_h=25,present,present,5.78,105.0,annealing_T=100_h=25,20260625-095817,phase_detection,annealing_T=75_h=25,20260530-001924,20260625-095817,0.787718223732338
128,1465.38,18.38,45.1204,0.668969,20.0,58.3,7.0,annealing_T=100_h=25,present,present,5.78,105.0,annealing_T=100_h=25,20260625-095817,phase_detection,annealing_T=75_h=25,20260530-001924,20260625-095817,0.787718223732338
129,1464.19,944.74,2.87516,0.509369,20.0,52.3,1.0,annealing_T=100_h=25,absent,disappeared,5.7,102.0,annealing_T=100_h=5,20260610-203538,previous_detection,annealing_T=75_h=25,20260530-001924,20260625-095817,1.3775340286179785
129,1464.19,944.74,2.27075,0.471856,20.0,53.3,2.0,annealing_T=100_h=25,absent,disappeared,5.7,102.0,annealing_T=100_h=5,20260610-203538,previous_detection,annealing_T=75_h=25,20260530-001924,20260625-095817,1.3775340286179785
129,1464.19,944.74,2.60819,0.48375,20.0,54.3,3.0,annealing_T=100_h=25,absent,disappeared,5.7,102.0,annealing_T=100_h=5,20260610-203538,previous_detection,annealing_T=75_h=25,20260530-001924,20260625-095817,1.3775340286179785
129,1464.19,944.74,8.04467,0.49871,20.0,55.3,4.0,annealing_T=100_h=25,absent,disappeared,5.7,102.0,annealing_T=100_h=5,20260610-203538,previous_detection,annealing_T=75_h=25,20260530-001924,20260625-095817,1.3775340286179785
129,1464.19,944.74,4.88059,0.679857,20.0,56.3,5.0,annealing_T=100_h=25,absent,disappeared,5.7,102.0,annealing_T=100_h=5,20260610-203538,previous_detection,annealing_T=75_h=25,20260530-001924,20260625-095817,1.3775340286179785
129,1464.19,944.74,13.8469,0.662579,20.0,58.3,7.0,annealing_T=100_h=25,absent,disappeared,5.7,102.0,annealing_T=100_h=5,20260610-203538,previous_detection,annealing_T=75_h=25,20260530-001924,20260625-095817,1.3775340286179785
130,1481.38,1043.33,29.6201,0.510153,20.0,52.3,1.0,annealing_T=100_h=25,present,present,10.06,318.0,annealing_T=100_h=25,20260625-095817,phase_detection,before_annealing,20260513-032137,20260625-095817,1.2889142717806588
130,1481.38,1043.33,75.935,0.674199,20.0,53.3,2.0,annealing_T=100_h=25,present,present,10.06,318.0,annealing_T=100_h=25,20260625-095817,phase_detection,before_annealing,20260513-032137,20260625-095817,1.2889142717806588
130,1481.38,1043.33,156.403,0.698535,20.0,54.3,3.0,annealing_T=100_h=25,present,present,10.06,318.0,annealing_T=100_h=25,20260625-095817,phase_detection,before_annealing,20260513-032137,20260625-095817,1.2889142717806588
130,1481.38,1043.33,282.247,0.732853,20.0,55.3,4.0,annealing_T=100_h=25,present,present,10.06,318.0,annealing_T=100_h=25,20260625-095817,phase_detection,before_annealing,20260513-032137,20260625-095817,1.2889142717806588
130,1481.38,1043.33,460.51,0.818282,20.0,56.3,5.0,annealing_T=100_h=25,present,present,10.06,318.0,annealing_T=100_h=25,20260625-095817,phase_detection,before_annealing,20260513-032137,20260625-095817,1.2889142717806588
130,1481.38,1043.33,1053.14,1.72334,20.0,58.3,7.0,annealing_T=100_h=25,present,present,10.06,318.0,annealing_T=100_h=25,20260625-095817,phase_detection,before_annealing,20260513-032137,20260625-095817,1.2889142717806588
131,1496.94,507.27,0.941238,0.348879,20.0,52.3,1.0,annealing_T=100_h=25,present,present,12.23,470.0,annealing_T=100_h=25,20260625-095817,phase_detection,before_annealing,20260513-032137,20260625-095817,1.0438869670611224
131,1496.94,507.27,32.8482,0.677629,20.0,53.3,2.0,annealing_T=100_h=25,present,present,12.23,470.0,annealing_T=100_h=25,20260625-095817,phase_detection,before_annealing,20260513-032137,20260625-095817,1.0438869670611224
131,1496.94,507.27,125.159,0.593231,20.0,54.3,3.0,annealing_T=100_h=25,present,present,12.23,470.0,annealing_T=100_h=25,20260625-095817,phase_detection,before_annealing,20260513-032137,20260625-095817,1.0438869670611224
131,1496.94,507.27,282.45,0.684079,20.0,55.3,4.0,annealing_T=100_h=25,present,present,12.23,470.0,annealing_T=100_h=25,20260625-095817,phase_detection,before_annealing,20260513-032137,20260625-095817,1.0438869670611224
131,1496.94,507.27,542.271,0.788229,20.0,56.3,5.0,annealing_T=100_h=25,present,present,12.23,470.0,annealing_T=100_h=25,20260625-095817,phase_detection,before_annealing,20260513-032137,20260625-095817,1.0438869670611224
131,1496.94,507.27,1465.65,2.14284,20.0,58.3,7.0,annealing_T=100_h=25,present,present,12.23,470.0,annealing_T=100_h=25,20260625-095817,phase_detection,before_annealing,20260513-032137,20260625-095817,1.0438869670611224
132,1497.41,1041.68,4.96612,0.393225,20.0,52.3,1.0,annealing_T=100_h=25,present,present,8.27,215.0,annealing_T=100_h=25,20260625-095817,phase_detection,annealing_T=75_h=5,20260520-085312,20260625-095817,1.2529964086140435
132,1497.41,1041.68,11.6974,0.420867,20.0,53.3,2.0,annealing_T=100_h=25,present,present,8.27,215.0,annealing_T=100_h=25,20260625-095817,phase_detection,annealing_T=75_h=5,20260520-085312,20260625-095817,1.2529964086140435
132,1497.41,1041.68,25.2198,0.323341,20.0,54.3,3.0,annealing_T=100_h=25,present,present,8.27,215.0,annealing_T=100_h=25,20260625-095817,phase_detection,annealing_T=75_h=5,20260520-085312,20260625-095817,1.2529964086140435
132,1497.41,1041.68,44.4352,0.356645,20.0,55.3,4.0,annealing_T=100_h=25,present,present,8.27,215.0,annealing_T=100_h=25,20260625-095817,phase_detection,annealing_T=75_h=5,20260520-085312,20260625-095817,1.2529964086140435
132,1497.41,1041.68,74.6394,0.524446,20.0,56.3,5.0,annealing_T=100_h=25,present,present,8.27,215.0,annealing_T=100_h=25,20260625-095817,phase_detection,annealing_T=75_h=5,20260520-085312,20260625-095817,1.2529964086140435
132,1497.41,1041.68,148.53,0.742421,20.0,58.3,7.0,annealing_T=100_h=25,present,present,8.27,215.0,annealing_T=100_h=25,20260625-095817,phase_detection,annealing_T=75_h=5,20260520-085312,20260625-095817,1.2529964086140435
133,1502.45,862.48,1.2661,0.332934,20.0,52.3,1.0,annealing_T=100_h=25,present,present,7.57,180.0,annealing_T=100_h=25,20260625-095817,phase_detection,before_annealing,20260513-032137,20260625-095817,1.4436758638973857
133,1502.45,862.48,9.71227,0.240063,20.0,53.3,2.0,annealing_T=100_h=25,present,present,7.57,180.0,annealing_T=100_h=25,20260625-095817,phase_detection,before_annealing,20260513-032137,20260625-095817,1.4436758638973857
133,1502.45,862.48,12.1049,0.287216,20.0,54.3,3.0,annealing_T=100_h=25,present,present,7.57,180.0,annealing_T=100_h=25,20260625-095817,phase_detection,before_annealing,20260513-032137,20260625-095817,1.4436758638973857
133,1502.45,862.48,16.9992,0.264226,20.0,55.3,4.0,annealing_T=100_h=25,present,present,7.57,180.0,annealing_T=100_h=25,20260625-095817,phase_detection,before_annealing,20260513-032137,20260625-095817,1.4436758638973857
133,1502.45,862.48,17.2304,0.39778,20.0,56.3,5.0,annealing_T=100_h=25,present,present,7.57,180.0,annealing_T=100_h=25,20260625-095817,phase_detection,before_annealing,20260513-032137,20260625-095817,1.4436758638973857
133,1502.45,862.48,39.734,0.500418,20.0,58.3,7.0,annealing_T=100_h=25,present,present,7.57,180.0,annealing_T=100_h=25,20260625-095817,phase_detection,before_annealing,20260513-032137,20260625-095817,1.4436758638973857
134,1504.52,200.0,1.87496,0.265776,20.0,52.3,1.0,annealing_T=100_h=25,present,present,6.58,136.0,annealing_T=100_h=25,20260625-095817,phase_detection,before_annealing,20260513-032137,20260625-095817,0.3894868418829276
134,1504.52,200.0,7.32089,0.228459,20.0,53.3,2.0,annealing_T=100_h=25,present,present,6.58,136.0,annealing_T=100_h=25,20260625-095817,phase_detection,before_annealing,20260513-032137,20260625-095817,0.3894868418829276
134,1504.52,200.0,17.1012,0.304472,20.0,54.3,3.0,annealing_T=100_h=25,present,present,6.58,136.0,annealing_T=100_h=25,20260625-095817,phase_detection,before_annealing,20260513-032137,20260625-095817,0.3894868418829276
134,1504.52,200.0,19.4032,0.332546,20.0,55.3,4.0,annealing_T=100_h=25,present,present,6.58,136.0,annealing_T=100_h=25,20260625-095817,phase_detection,before_annealing,20260513-032137,20260625-095817,0.3894868418829276
134,1504.52,200.0,25.2525,0.395312,20.0,56.3,5.0,annealing_T=100_h=25,present,present,6.58,136.0,annealing_T=100_h=25,20260625-095817,phase_detection,before_annealing,20260513-032137,20260625-095817,0.3894868418829276
134,1504.52,200.0,33.7668,0.384985,20.0,58.3,7.0,annealing_T=100_h=25,present,present,6.58,136.0,annealing_T=100_h=25,20260625-095817,phase_detection,before_annealing,20260513-032137,20260625-095817,0.3894868418829276
135,1532.01,763.71,40.633,0.707727,20.0,52.3,1.0,annealing_T=100_h=25,present,present,12.21,468.0,annealing_T=100_h=25,20260625-095817,phase_detection,annealing_T=125_h=25,20260827-053720,20260625-095817,1.2088010589008724
135,1532.01,763.71,117.103,0.739079,20.0,53.3,2.0,annealing_T=100_h=25,present,present,12.21,468.0,annealing_T=100_h=25,20260625-095817,phase_detection,annealing_T=125_h=25,20260827-053720,20260625-095817,1.2088010589008724
135,1532.01,763.71,204.881,0.820705,20.0,54.3,3.0,annealing_T=100_h=25,present,present,12.21,468.0,annealing_T=100_h=25,20260625-095817,phase_detection,annealing_T=125_h=25,20260827-053720,20260625-095817,1.2088010589008724
135,1532.01,763.71,326.435,0.848154,20.0,55.3,4.0,annealing_T=100_h=25,present,present,12.21,468.0,annealing_T=100_h=25,20260625-095817,phase_detection,annealing_T=125_h=25,20260827-053720,20260625-095817,1.2088010589008724
135,1532.01,763.71,449.734,1.01815,20.0,56.3,5.0,annealing_T=100_h=25,present,present,12.21,468.0,annealing_T=100_h=25,20260625-095817,phase_detection,annealing_T=125_h=25,20260827-053720,20260625-095817,1.2088010589008724
135,1532.01,763.71,759.041,1.62743,20.0,58.3,7.0,annealing_T=100_h=25,present,present,12.21,468.0,annealing_T=100_h=25,20260625-095817,phase_detection,annealing_T=125_h=25,20260827-053720,20260625-095817,1.2088010589008724
136,1536.51,404.0,-0.880278,0.360833,20.0,52.3,1.0,annealing_T=100_h=25,present,present,6.43,130.0,annealing_T=100_h=25,20260625-095817,phase_detection,annealing_T=125_h=5,20260723-075232,20260625-095817,1.9374725804511534
136,1536.51,404.0,5.72066,0.255678,20.0,53.3,2.0,annealing_T=100_h=25,present,present,6.43,130.0,annealing_T=100_h=25,20260625-095817,phase_detection,annealing_T=125_h=5,20260723-075232,20260625-095817,1.9374725804511534
136,1536.51,404.0,14.4984,0.41608,20.0,54.3,3.0,annealing_T=100_h=25,present,present,6.43,130.0,annealing_T=100_h=25,20260625-095817,phase_detection,annealing_T=125_h=5,20260723-075232,20260625-095817,1.9374725804511534
136,1536.51,404.0,23.1644,0.366277,20.0,55.3,4.0,annealing_T=100_h=25,present,present,6.43,130.0,annealing_T=100_h=25,20260625-095817,phase_detection,annealing_T=125_h=5,20260723-075232,20260625-095817,1.9374725804511534
136,1536.51,404.0,37.609,0.437138,20.0,56.3,5.0,annealing_T=100_h=25,present,present,6.43,130.0,annealing_T=100_h=25,20260625-095817,phase_detection,annealing_T=125_h=5,20260723-075232,20260625-095817,1.9374725804511534
136,1536.51,404.0,74.0498,0.598676,20.0,58.3,7.0,annealing_T=100_h=25,present,present,6.43,130.0,annealing_T=100_h=25,20260625-095817,phase_detection,annealing_T=125_h=5,20260723-075232,20260625-095817,1.9374725804511534
137,1536.64,136.61,3.13141,0.172304,20.0,52.3,1.0,annealing_T=100_h=25,present,present,6.93,151.0,annealing_T=100_h=25,20260625-095817,phase_detection,before_annealing,20260513-032137,20260625-095817,1.3130879635424115
137,1536.64,136.61,13.8697,0.216864,20.0,53.3,2.0,annealing_T=100_h=25,present,present,6.93,151.0,annealing_T=100_h=25,20260625-095817,phase_detection,before_annealing,20260513-032137,20260625-095817,1.3130879635424115
137,1536.64,136.61,26.7222,0.311871,20.0,54.3,3.0,annealing_T=100_h=25,present,present,6.93,151.0,annealing_T=100_h=25,20260625-095817,phase_detection,before_annealing,20260513-032137,20260625-095817,1.3130879635424115
137,1536.64,136.61,35.2517,0.165457,20.0,55.3,4.0,annealing_T=100_h=25,present,present,6.93,151.0,annealing_T=100_h=25,20260625-095817,phase_detection,before_annealing,20260513-032137,20260625-095817,1.3130879635424115
137,1536.64,136.61,43.7104,0.348391,20.0,56.3,5.0,annealing_T=100_h=25,present,present,6.93,151.0,annealing_T=100_h=25,20260625-095817,phase_detection,before_annealing,20260513-032137,20260625-095817,1.3130879635424115
137,1536.64,136.61,86.4236,0.528028,20.0,58.3,7.0,annealing_T=100_h=25,present,present,6.93,151.0,annealing_T=100_h=25,20260625-095817,phase_detection,before_annealing,20260513-032137,20260625-095817,1.3130879635424115
138,1545.82,708.83,3.45662,0.453304,20.0,52.3,1.0,annealing_T=100_h=25,present,present,9.8,302.0,annealing_T=100_h=25,20260625-095817,phase_detection,annealing_T=75_h=25,20260530-001924,20260625-095817,1.147693338832169
138,1545.82,708.83,2.98595,0.552441,20.0,53.3,2.0,annealing_T=100_h=25,present,present,9.8,302.0,annealing_T=100_h=25,20260625-095817,phase_detection,annealing_T=75_h=25,20260530-001924,20260625-095817,1.147693338832169
138,1545.82,708.83,11.4483,0.446548,20.0,54.3,3.0,annealing_T=100_h=25,present,present,9.8,302.0,annealing_T=100_h=25,20260625-095817,phase_detection,annealing_T=75_h=25,20260530-001924,20260625-095817,1.147693338832169
138,1545.82,708.83,21.7204,0.629903,20.0,55.3,4.0,annealing_T=100_h=25,present,present,9.8,302.0,annealing_T=100_h=25,20260625-095817,phase_detection,annealing_T=75_h=25,20260530-001924,20260625-095817,1.147693338832169
138,1545.82,708.83,45.593,0.503276,20.0,56.3,5.0,annealing_T=100_h=25,present,present,9.8,302.0,annealing_T=100_h=25,20260625-095817,phase_detection,annealing_T=75_h=25,20260530-001924,20260625-095817,1.147693338832169
138,1545.82,708.83,132.046,0.703759,20.0,58.3,7.0,annealing_T=100_h=25,present,present,9.8,302.0,annealing_T=100_h=25,20260625-095817,phase_detection,annealing_T=75_h=25,20260530-001924,20260625-095817,1.147693338832169
139,1557.68,207.42,2.76678,0.494599,20.0,52.3,1.0,annealing_T=100_h=25,present,present,10.78,365.0,annealing_T=100_h=25,20260625-095817,phase_detection,annealing_T=75_h=25,20260530-001924,20260625-095817,1.3789851340750787
139,1557.68,207.42,13.7368,0.495164,20.0,53.3,2.0,annealing_T=100_h=25,present,present,10.78,365.0,annealing_T=100_h=25,20260625-095817,phase_detection,annealing_T=75_h=25,20260530-001924,20260625-095817,1.3789851340750787
139,1557.68,207.42,38.8325,0.561238,20.0,54.3,3.0,annealing_T=100_h=25,present,present,10.78,365.0,annealing_T=100_h=25,20260625-095817,phase_detection,annealing_T=75_h=25,20260530-001924,20260625-095817,1.3789851340750787
139,1557.68,207.42,65.8839,0.591615,20.0,55.3,4.0,annealing_T=100_h=25,present,present,10.78,365.0,annealing_T=100_h=25,20260625-095817,phase_detection,annealing_T=75_h=25,20260530-001924,20260625-095817,1.3789851340750787
139,1557.68,207.42,85.6984,0.725214,20.0,56.3,5.0,annealing_T=100_h=25,present,present,10.78,365.0,annealing_T=100_h=25,20260625-095817,phase_detection,annealing_T=75_h=25,20260530-001924,20260625-095817,1.3789851340750787
139,1557.68,207.42,163.703,0.895526,20.0,58.3,7.0,annealing_T=100_h=25,present,present,10.78,365.0,annealing_T=100_h=25,20260625-095817,phase_detection,annealing_T=75_h=25,20260530-001924,20260625-095817,1.3789851340750787
140,1559.99,809.21,0.66637,0.10272,20.0,52.3,1.0,annealing_T=100_h=25,present,present,3.7,43.0,annealing_T=100_h=25,20260625-095817,phase_detection,annealing_T=125_h=25,20260827-053720,20260625-095817,2.4301646034785347
140,1559.99,809.21,3.73323,0.110719,20.0,53.3,2.0,annealing_T=100_h=25,present,present,3.7,43.0,annealing_T=100_h=25,20260625-095817,phase_detection,annealing_T=125_h=25,20260827-053720,20260625-095817,2.4301646034785347
140,1559.99,809.21,5.87745,0.0950583,20.0,54.3,3.0,annealing_T=100_h=25,present,present,3.7,43.0,annealing_T=100_h=25,20260625-095817,phase_detection,annealing_T=125_h=25,20260827-053720,20260625-095817,2.4301646034785347
140,1559.99,809.21,7.15483,0.169381,20.0,55.3,4.0,annealing_T=100_h=25,present,present,3.7,43.0,annealing_T=100_h=25,20260625-095817,phase_detection,annealing_T=125_h=25,20260827-053720,20260625-095817,2.4301646034785347
140,1559.99,809.21,11.7895,0.249761,20.0,56.3,5.0,annealing_T=100_h=25,present,present,3.7,43.0,annealing_T=100_h=25,20260625-095817,phase_detection,annealing_T=125_h=25,20260827-053720,20260625-095817,2.4301646034785347
140,1559.99,809.21,18.9802,0.316326,20.0,58.3,7.0,annealing_T=100_h=25,present,present,3.7,43.0,annealing_T=100_h=25,20260625-095817,phase_detection,annealing_T=125_h=25,20260827-053720,20260625-095817,2.4301646034785347
141,1572.24,681.83,0.803509,0.145902,20.0,52.3,1.0,annealing_T=100_h=25,present,present,4.07,52.0,annealing_T=100_h=25,20260625-095817,phase_detection,annealing_T=150_h=25,20260916-045914,20260625-095817,1.589024858207006
141,1572.24,681.83,4.0553,0.193298,20.0,53.3,2.0,annealing_T=100_h=25,present,present,4.07,52.0,annealing_T=100_h=25,20260625-095817,phase_detection,annealing_T=150_h=25,20260916-045914,20260625-095817,1.589024858207006
141,1572.24,681.83,3.66976,0.177121,20.0,54.3,3.0,annealing_T=100_h=25,present,present,4.07,52.0,annealing_T=100_h=25,20260625-095817,phase_detection,annealing_T=150_h=25,20260916-045914,20260625-095817,1.589024858207006
141,1572.24,681.83,9.25522,0.252919,20.0,55.3,4.0,annealing_T=100_h=25,present,present,4.07,52.0,annealing_T=100_h=25,20260625-095817,phase_detection,annealing_T=150_h=25,20260916-045914,20260625-095817,1.589024858207006
141,1572.24,681.83,14.697,0.201819,20.0,56.3,5.0,annealing_T=100_h=25,present,present,4.07,52.0,annealing_T=100_h=25,20260625-095817,phase_detection,annealing_T=150_h=25,20260916-045914,20260625-095817,1.589024858207006
141,1572.24,681.83,33.4793,0.25659,20.0,58.3,7.0,annealing_T=100_h=25,present,present,4.07,52.0,annealing_T=100_h=25,20260625-095817,phase_detection,annealing_T=150_h=25,20260916-045914,20260625-095817,1.589024858207006
142,1574.96,167.64,6.10349,0.213223,20.0,52.3,1.0,annealing_T=100_h=25,present,present,7.55,179.0,annealing_T=100_h=25,20260625-095817,phase_detection,annealing_T=75_h=5,20260520-085312,20260625-095817,1.6574679484080688
142,1574.96,167.64,16.5989,0.277525,20.0,53.3,2.0,annealing_T=100_h=25,present,present,7.55,179.0,annealing_T=100_h=25,20260625-095817,phase_detection,annealing_T=75_h=5,20260520-085312,20260625-095817,1.6574679484080688
142,1574.96,167.64,26.6887,0.201464,20.0,54.3,3.0,annealing_T=100_h=25,present,present,7.55,179.0,annealing_T=100_h=25,20260625-095817,phase_detection,annealing_T=75_h=5,20260520-085312,20260625-095817,1.6574679484080688
142,1574.96,167.64,40.288,0.282647,20.0,55.3,4.0,annealing_T=100_h=25,present,present,7.55,179.0,annealing_T=100_h=25,20260625-095817,phase_detection,annealing_T=75_h=5,20260520-085312,20260625-095817,1.6574679484080688
142,1574.96,167.64,52.9601,0.267676,20.0,56.3,5.0,annealing_T=100_h=25,present,present,7.55,179.0,annealing_T=100_h=25,20260625-095817,phase_detection,annealing_T=75_h=5,20260520-085312,20260625-095817,1.6574679484080688
142,1574.96,167.64,80.186,0.337151,20.0,58.3,7.0,annealing_T=100_h=25,present,present,7.55,179.0,annealing_T=100_h=25,20260625-095817,phase_detection,annealing_T=75_h=5,20260520-085312,20260625-095817,1.6574679484080688
143,1580.51,925.36,8.80586,0.504171,20.0,52.3,1.0,annealing_T=100_h=25,present,present,11.41,409.0,annealing_T=100_h=25,20260625-095817,phase_detection,before_annealing,20260513-032137,20260625-095817,1.0517128885774378
143,1580.51,925.36,30.6401,0.61248,20.0,53.3,2.0,annealing_T=100_h=25,present,present,11.41,409.0,annealing_T=100_h=25,20260625-095817,phase_detection,before_annealing,20260513-032137,20260625-095817,1.0517128885774378
143,1580.51,925.36,66.6347,0.625375,20.0,54.3,3.0,annealing_T=100_h=25,present,present,11.41,409.0,annealing_T=100_h=25,20260625-095817,phase_detection,before_annealing,20260513-032137,20260625-095817,1.0517128885774378
143,1580.51,925.36,116.032,0.682336,20.0,55.3,4.0,annealing_T=100_h=25,present,present,11.41,409.0,annealing_T=100_h=25,20260625-095817,phase_detection,before_annealing,20260513-032137,20260625-095817,1.0517128885774378
143,1580.51,925.36,182.356,0.692633,20.0,56.3,5.0,annealing_T=100_h=25,present,present,11.41,409.0,annealing_T=100_h=25,20260625-095817,phase_detection,before_annealing,20260513-032137,20260625-095817,1.0517128885774378
143,1580.51,925.36,410.855,1.23013,20.0,58.3,7.0,annealing_T=100_h=25,present,present,11.41,409.0,annealing_T=100_h=25,20260625-095817,phase_detection,before_annealing,20260513-032137,20260625-095817,1.0517128885774378
144,1583.89,810.16,1.58233,0.255146,20.0,52.3,1.0,annealing_T=100_h=25,absent,disappeared,4.55,65.0,annealing_T=100_h=5,20260610-203538,previous_detection,before_annealing,20260513-032137,20260625-095817,0.4565084884203719
144,1583.89,810.16,2.20876,0.180757,20.0,53.3,2.0,annealing_T=100_h=25,absent,disappeared,4.55,65.0,annealing_T=100_h=5,20260610-203538,previous_detection,before_annealing,20260513-032137,20260625-095817,0.4565084884203719
144,1583.89,810.16,3.6539,0.225744,20.0,54.3,3.0,annealing_T=100_h=25,absent,disappeared,4.55,65.0,annealing_T=100_h=5,20260610-203538,previous_detection,before_annealing,20260513-032137,20260625-095817,0.4565084884203719
144,1583.89,810.16,4.92216,0.327093,20.0,55.3,4.0,annealing_T=100_h=25,absent,disappeared,4.55,65.0,annealing_T=100_h=5,20260610-203538,previous_detection,before_annealing,20260513-032137,20260625-095817,0.4565084884203719
144,1583.89,810.16,8.27234,0.184736,20.0,56.3,5.0,annealing_T=100_h=25,absent,disappeared,4.55,65.0,annealing_T=100_h=5,20260610-203538,previous_detection,before_annealing,20260513-032137,20260625-095817,0.4565084884203719
144,1583.89,810.16,10.9311,0.458877,20.0,58.3,7.0,annealing_T=100_h=25,absent,disappeared,4.55,65.0,annealing_T=100_h=5,20260610-203538,previous_detection,before_annealing,20260513-032137,20260625-095817,0.4565084884203719
145,1584.4,650.18,-0.171745,0.211737,20.0,52.3,1.0,annealing_T=100_h=25,present,present,5.2,85.0,annealing_T=100_h=25,20260625-095817,phase_detection,before_annealing,20260513-032137,20260625-095817,1.6003124694883752
145,1584.4,650.18,5.41448,0.216002,20.0,53.3,2.0,annealing_T=100_h=25,present,present,5.2,85.0,annealing_T=100_h=25,20260625-095817,phase_detection,before_annealing,20260513-032137,20260625-095817,1.6003124694883752
145,1584.4,650.18,13.7864,0.3697,20.0,54.3,3.0,annealing_T=100_h=25,present,present,5.2,85.0,annealing_T=100_h=25,20260625-095817,phase_detection,before_annealing,20260513-032137,20260625-095817,1.6003124694883752
145,1584.4,650.18,20.3419,0.271515,20.0,55.3,4.0,annealing_T=100_h=25,present,present,5.2,85.0,annealing_T=100_h=25,20260625-095817,phase_detection,before_annealing,20260513-032137,20260625-095817,1.6003124694883752
145,1584.4,650.18,30.9954,0.123173,20.0,56.3,5.0,annealing_T=100_h=25,present,present,5.2,85.0,annealing_T=100_h=25,20260625-095817,phase_detection,before_annealing,20260513-032137,20260625-095817,1.6003124694883752
145,1584.4,650.18,69.6963,0.468571,20.0,58.3,7.0,annealing_T=100_h=25,present,present,5.2,85.0,annealing_T=100_h=25,20260625-095817,phase_detection,before_annealing,20260513-032137,20260625-095817,1.6003124694883752
146,1597.28,320.13,0.496088,0.288402,20.0,52.3,1.0,annealing_T=100_h=25,present,reappeared,3.83,46.0,annealing_T=100_h=25,20260625-095817,phase_detection,annealing_T=100_h=25,20260625-095817,20260625-095817,1.3109538512091115
146,1597.28,320.13,1.52314,0.143817,20.0,53.3,2.0,annealing_T=100_h=25,present,reappeared,3.83,46.0,annealing_T=100_h=25,20260625-095817,phase_detection,annealing_T=100_h=25,20260625-095817,20260625-095817,1.3109538512091115
146,1597.28,320.13,6.05586,0.118317,20.0,54.3,3.0,annealing_T=100_h=25,present,reappeared,3.83,46.0,annealing_T=100_h=25,20260625-095817,phase_detection,annealing_T=100_h=25,20260625-095817,20260625-095817,1.3109538512091115
146,1597.28,320.13,9.4764,0.343604,20.0,55.3,4.0,annealing_T=100_h=25,present,reappeared,3.83,46.0,annealing_T=100_h=25,20260625-095817,phase_detection,annealing_T=100_h=25,20260625-095817,20260625-095817,1.3109538512091115
146,1597.28,320.13,15.1179,0.195706,20.0,56.3,5.0,annealing_T=100_h=25,present,reappeared,3.83,46.0,annealing_T=100_h=25,20260625-095817,phase_detection,annealing_T=100_h=25,20260625-095817,20260625-095817,1.3109538512091115
146,1597.28,320.13,24.1885,0.228518,20.0,58.3,7.0,annealing_T=100_h=25,present,reappeared,3.83,46.0,annealing_T=100_h=25,20260625-095817,phase_detection,annealing_T=100_h=25,20260625-095817,20260625-095817,1.3109538512091115
147,1598.18,202.83,4.09911,0.27402,20.0,52.3,1.0,annealing_T=100_h=25,present,present,6.48,132.0,annealing_T=100_h=25,20260625-095817,phase_detection,annealing_T=75_h=5,20260520-085312,20260625-095817,1.1574109036984173
147,1598.18,202.83,15.0656,0.304517,20.0,53.3,2.0,annealing_T=100_h=25,present,present,6.48,132.0,annealing_T=100_h=25,20260625-095817,phase_detection,annealing_T=75_h=5,20260520-085312,20260625-095817,1.1574109036984173
147,1598.18,202.83,26.2674,0.264273,20.0,54.3,3.0,annealing_T=100_h=25,present,present,6.48,132.0,annealing_T=100_h=25,20260625-095817,phase_detection,annealing_T=75_h=5,20260520-085312,20260625-095817,1.1574109036984173
147,1598.18,202.83,37.9987,0.373837,20.0,55.3,4.0,annealing_T=100_h=25,present,present,6.48,132.0,annealing_T=100_h=25,20260625-095817,phase_detection,annealing_T=75_h=5,20260520-085312,20260625-095817,1.1574109036984173
147,1598.18,202.83,51.3154,0.248815,20.0,56.3,5.0,annealing_T=100_h=25,present,present,6.48,132.0,annealing_T=100_h=25,20260625-095817,phase_detection,annealing_T=75_h=5,20260520-085312,20260625-095817,1.1574109036984173
147,1598.18,202.83,84.5033,0.593953,20.0,58.3,7.0,annealing_T=100_h=25,present,present,6.48,132.0,annealing_T=100_h=25,20260625-095817,phase_detection,annealing_T=75_h=5,20260520-085312,20260625-095817,1.1574109036984173
148,1597.03,43.7,1.1638,0.285528,20.0,52.3,1.0,annealing_T=100_h=25,present,present,5.56,97.0,annealing_T=100_h=25,20260625-095817,phase_detection,annealing_T=75_h=5,20260520-085312,20260625-095817,1.88986772023866
148,1597.03,43.7,5.38183,0.289804,20.0,53.3,2.0,annealing_T=100_h=25,present,present,5.56,97.0,annealing_T=100_h=25,20260625-095817,phase_detection,annealing_T=75_h=5,20260520-085312,20260625-095817,1.88986772023866
148,1597.03,43.7,8.01973,0.296479,20.0,54.3,3.0,annealing_T=100_h=25,present,present,5.56,97.0,annealing_T=100_h=25,20260625-095817,phase_detection,annealing_T=75_h=5,20260520-085312,20260625-095817,1.88986772023866
148,1597.03,43.7,13.1089,0.228991,20.0,55.3,4.0,annealing_T=100_h=25,present,present,5.56,97.0,annealing_T=100_h=25,20260625-095817,phase_detection,annealing_T=75_h=5,20260520-085312,20260625-095817,1.88986772023866
148,1597.03,43.7,18.1493,0.171223,20.0,56.3,5.0,annealing_T=100_h=25,present,present,5.56,97.0,annealing_T=100_h=25,20260625-095817,phase_detection,annealing_T=75_h=5,20260520-085312,20260625-095817,1.88986772023866
148,1597.03,43.7,44.5484,0.705699,20.0,58.3,7.0,annealing_T=100_h=25,present,present,5.56,97.0,annealing_T=100_h=25,20260625-095817,phase_detection,annealing_T=75_h=5,20260520-085312,20260625-095817,1.88986772023866
149,1614.1,1048.04,1.68706,0.412736,20.0,52.3,1.0,annealing_T=100_h=25,absent,absent,4.18,55.0,annealing_T=75_h=5,20260520-085312,previous_detection,before_annealing,20260513-032137,20260625-095817,2.018539075668429
149,1614.1,1048.04,0.989503,0.178274,20.0,53.3,2.0,annealing_T=100_h=25,absent,absent,4.18,55.0,annealing_T=75_h=5,20260520-085312,previous_detection,before_annealing,20260513-032137,20260625-095817,2.018539075668429
149,1614.1,1048.04,0.416822,0.29216,20.0,54.3,3.0,annealing_T=100_h=25,absent,absent,4.18,55.0,annealing_T=75_h=5,20260520-085312,previous_detection,before_annealing,20260513-032137,20260625-095817,2.018539075668429
149,1614.1,1048.04,2.50223,0.425906,20.0,55.3,4.0,annealing_T=100_h=25,absent,absent,4.18,55.0,annealing_T=75_h=5,20260520-085312,previous_detection,before_annealing,20260513-032137,20260625-095817,2.018539075668429
149,1614.1,1048.04,3.47869,0.370688,20.0,56.3,5.0,annealing_T=100_h=25,absent,absent,4.18,55.0,annealing_T=75_h=5,20260520-085312,previous_detection,before_annealing,20260513-032137,20260625-095817,2.018539075668429
149,1614.1,1048.04,6.09826,0.26586,20.0,58.3,7.0,annealing_T=100_h=25,absent,absent,4.18,55.0,annealing_T=75_h=5,20260520-085312,previous_detection,before_annealing,20260513-032137,20260625-095817,2.018539075668429
150,1617.55,703.66,5.17264,0.218162,20.0,52.3,1.0,annealing_T=100_h=25,present,present,5.44,93.0,annealing_T=100_h=25,20260625-095817,phase_detection,annealing_T=125_h=5,20260723-075232,20260625-095817,0.8766413177577431
150,1617.55,703.66,9.7252,0.217072,20.0,53.3,2.0,annealing_T=100_h=25,present,present,5.44,93.0,annealing_T=100_h=25,20260625-095817,phase_detection,annealing_T=125_h=5,20260723-075232,20260625-095817,0.8766413177577431
150,1617.55,703.66,20.2935,0.266882,20.0,54.3,3.0,annealing_T=100_h=25,present,present,5.44,93.0,annealing_T=100_h=25,20260625-095817,phase_detection,annealing_T=125_h=5,20260723-075232,20260625-095817,0.8766413177577431
150,1617.55,703.66,31.444,0.170991,20.0,55.3,4.0,annealing_T=100_h=25,present,present,5.44,93.0,annealing_T=100_h=25,20260625-095817,phase_detection,annealing_T=125_h=5,20260723-075232,20260625-095817,0.8766413177577431
150,1617.55,703.66,42.2476,0.382229,20.0,56.3,5.0,annealing_T=100_h=25,present,present,5.44,93.0,annealing_T=100_h=25,20260625-095817,phase_detection,annealing_T=125_h=5,20260723-075232,20260625-095817,0.8766413177577431
150,1617.55,703.66,61.0777,0.416057,20.0,58.3,7.0,annealing_T=100_h=25,present,present,5.44,93.0,annealing_T=100_h=25,20260625-095817,phase_detection,annealing_T=125_h=5,20260723-075232,20260625-095817,0.8766413177577431
151,1617.46,987.14,21.6933,0.812843,20.0,52.3,1.0,annealing_T=100_h=25,present,present,11.35,405.0,annealing_T=100_h=25,20260625-095817,phase_detection,before_annealing,20260513-032137,20260625-095817,1.12805141726787
151,1617.46,987.14,64.2486,0.773189,20.0,53.3,2.0,annealing_T=100_h=25,present,present,11.35,405.0,annealing_T=100_h=25,20260625-095817,phase_detection,before_annealing,20260513-032137,20260625-095817,1.12805141726787
151,1617.46,987.14,132.06,0.928246,20.0,54.3,3.0,annealing_T=100_h=25,present,present,11.35,405.0,annealing_T=100_h=25,20260625-095817,phase_detection,before_annealing,20260513-032137,20260625-095817,1.12805141726787
151,1617.46,987.14,249.817,0.837396,20.0,55.3,4.0,annealing_T=100_h=25,present,present,11.35,405.0,annealing_T=100_h=25,20260625-095817,phase_detection,before_annealing,20260513-032137,20260625-095817,1.12805141726787
151,1617.46,987.14,415.236,1.092,20.0,56.3,5.0,annealing_T=100_h=25,present,present,11.35,405.0,annealing_T=100_h=25,20260625-095817,phase_detection,before_annealing,20260513-032137,20260625-095817,1.12805141726787
151,1617.46,987.14,967.422,1.79825,20.0,58.3,7.0,annealing_T=100_h=25,present,present,11.35,405.0,annealing_T=100_h=25,20260625-095817,phase_detection,before_annealing,20260513-032137,20260625-095817,1.12805141726787
152,1617.85,911.51,23.0297,0.530229,20.0,52.3,1.0,annealing_T=100_h=25,present,present,12.14,463.0,annealing_T=100_h=25,20260625-095817,phase_detection,before_annealing,20260513-032137,20260625-095817,0.9849365461797099
152,1617.85,911.51,98.5564,0.578905,20.0,53.3,2.0,annealing_T=100_h=25,present,present,12.14,463.0,annealing_T=100_h=25,20260625-095817,phase_detection,before_annealing,20260513-032137,20260625-095817,0.9849365461797099
152,1617.85,911.51,177.114,0.72014,20.0,54.3,3.0,annealing_T=100_h=25,present,present,12.14,463.0,annealing_T=100_h=25,20260625-095817,phase_detection,before_annealing,20260513-032137,20260625-095817,0.9849365461797099
152,1617.85,911.51,317.621,0.914494,20.0,55.3,4.0,annealing_T=100_h=25,present,present,12.14,463.0,annealing_T=100_h=25,20260625-095817,phase_detection,before_annealing,20260513-032137,20260625-095817,0.9849365461797099
152,1617.85,911.51,412.255,1.544,20.0,56.3,5.0,annealing_T=100_h=25,present,present,12.14,463.0,annealing_T=100_h=25,20260625-095817,phase_detection,before_annealing,20260513-032137,20260625-095817,0.9849365461797099
152,1617.85,911.51,773.153,2.51781,20.0,58.3,7.0,annealing_T=100_h=25,present,present,12.14,463.0,annealing_T=100_h=25,20260625-095817,phase_detection,before_annealing,20260513-032137,20260625-095817,0.9849365461797099
153,1643.91,879.44,7.21588,0.430688,20.0,52.3,1.0,annealing_T=100_h=25,present,present,11.63,425.0,annealing_T=100_h=25,20260625-095817,phase_detection,before_annealing,20260513-032137,20260625-095817,1.4115594213491847
153,1643.91,879.44,34.6599,0.54148,20.0,53.3,2.0,annealing_T=100_h=25,present,present,11.63,425.0,annealing_T=100_h=25,20260625-095817,phase_detection,before_annealing,20260513-032137,20260625-095817,1.4115594213491847
153,1643.91,879.44,56.8632,0.815221,20.0,54.3,3.0,annealing_T=100_h=25,present,present,11.63,425.0,annealing_T=100_h=25,20260625-095817,phase_detection,before_annealing,20260513-032137,20260625-095817,1.4115594213491847
153,1643.91,879.44,78.818,0.865523,20.0,55.3,4.0,annealing_T=100_h=25,present,present,11.63,425.0,annealing_T=100_h=25,20260625-095817,phase_detection,before_annealing,20260513-032137,20260625-095817,1.4115594213491847
153,1643.91,879.44,114.999,0.638912,20.0,56.3,5.0,annealing_T=100_h=25,present,present,11.63,425.0,annealing_T=100_h=25,20260625-095817,phase_detection,before_annealing,20260513-032137,20260625-095817,1.4115594213491847
153,1643.91,879.44,203.941,1.11686,20.0,58.3,7.0,annealing_T=100_h=25,present,present,11.63,425.0,annealing_T=100_h=25,20260625-095817,phase_detection,before_annealing,20260513-032137,20260625-095817,1.4115594213491847
154,1648.89,1062.72,0.0628604,0.243797,20.0,52.3,1.0,annealing_T=100_h=25,absent,absent,4.18,55.0,before_annealing,20260513-032137,previous_detection,before_annealing,20260513-032137,20260625-095817,0.0
154,1648.89,1062.72,1.85425,0.259468,20.0,53.3,2.0,annealing_T=100_h=25,absent,absent,4.18,55.0,before_annealing,20260513-032137,previous_detection,before_annealing,20260513-032137,20260625-095817,0.0
154,1648.89,1062.72,1.2494,0.384111,20.0,54.3,3.0,annealing_T=100_h=25,absent,absent,4.18,55.0,before_annealing,20260513-032137,previous_detection,before_annealing,20260513-032137,20260625-095817,0.0
154,1648.89,1062.72,0.846545,0.410793,20.0,55.3,4.0,annealing_T=100_h=25,absent,absent,4.18,55.0,before_annealing,20260513-032137,previous_detection,before_annealing,20260513-032137,20260625-095817,0.0
154,1648.89,1062.72,-0.422357,0.564972,20.0,56.3,5.0,annealing_T=100_h=25,absent,absent,4.18,55.0,before_annealing,20260513-032137,previous_detection,before_annealing,20260513-032137,20260625-095817,0.0
154,1648.89,1062.72,3.92243,0.831263,20.0,58.3,7.0,annealing_T=100_h=25,absent,absent,4.18,55.0,before_annealing,20260513-032137,previous_detection,before_annealing,20260513-032137,20260625-095817,0.0
155,1653.0,628.33,3.53171,0.226113,20.0,52.3,1.0,annealing_T=100_h=25,present,present,5.73,103.0,annealing_T=100_h=25,20260625-095817,phase_detection,annealing_T=75_h=25,20260530-001924,20260625-095817,1.370583817210757
155,1653.0,628.33,2.74836,0.254195,20.0,53.3,2.0,annealing_T=100_h=25,present,present,5.73,103.0,annealing_T=100_h=25,20260625-095817,phase_detection,annealing_T=75_h=25,20260530-001924,20260625-095817,1.370583817210757
155,1653.0,628.33,7.93468,0.161835,20.0,54.3,3.0,annealing_T=100_h=25,present,present,5.73,103.0,annealing_T=100_h=25,20260625-095817,phase_detection,annealing_T=75_h=25,20260530-001924,20260625-095817,1.370583817210757
155,1653.0,628.33,17.3668,0.216476,20.0,55.3,4.0,annealing_T=100_h=25,present,present,5.73,103.0,annealing_T=100_h=25,20260625-095817,phase_detection,annealing_T=75_h=25,20260530-001924,20260625-095817,1.370583817210757
155,1653.0,628.33,25.8845,0.261633,20.0,56.3,5.0,annealing_T=100_h=25,present,present,5.73,103.0,annealing_T=100_h=25,20260625-095817,phase_detection,annealing_T=75_h=25,20260530-001924,20260625-095817,1.370583817210757
155,1653.0,628.33,62.0376,0.38766,20.0,58.3,7.0,annealing_T=100_h=25,present,present,5.73,103.0,annealing_T=100_h=25,20260625-095817,phase_detection,annealing_T=75_h=25,20260530-001924,20260625-095817,1.370583817210757
156,1652.32,278.54,-0.685504,0.130152,20.0,52.3,1.0,annealing_T=100_h=25,absent,disappeared,6.05,115.0,annealing_T=100_h=5,20260610-203538,previous_detection,annealing_T=75_h=25,20260530-001924,20260625-095817,1.0928860873852175
156,1652.32,278.54,1.44009,0.209,20.0,53.3,2.0,annealing_T=100_h=25,absent,disappeared,6.05,115.0,annealing_T=100_h=5,20260610-203538,previous_detection,annealing_T=75_h=25,20260530-001924,20260625-095817,1.0928860873852175
156,1652.32,278.54,-2.05915,0.193394,20.0,54.3,3.0,annealing_T=100_h=25,absent,disappeared,6.05,115.0,annealing_T=100_h=5,20260610-203538,previous_detection,annealing_T=75_h=25,20260530-001924,20260625-095817,1.0928860873852175
156,1652.32,278.54,5.52599,0.373833,20.0,55.3,4.0,annealing_T=100_h=25,absent,disappeared,6.05,115.0,annealing_T=100_h=5,20260610-203538,previous_detection,annealing_T=75_h=25,20260530-001924,20260625-095817,1.0928860873852175
156,1652.32,278.54,3.77645,0.202959,20.0,56.3,5.0,annealing_T=100_h=25,absent,disappeared,6.05,115.0,annealing_T=100_h=5,20260610-203538,previous_detection,annealing_T=75_h=25,20260530-001924,20260625-095817,1.0928860873852175
156,1652.32,278.54,3.95215,0.475443,20.0,58.3,7.0,annealing_T=100_h=25,absent,disappeared,6.05,115.0,annealing_T=100_h=5,20260610-203538,previous_detection,annealing_T=75_h=25,20260530-001924,20260625-095817,1.0928860873852175
157,1655.42,492.94,0.84263,0.201503,20.0,52.3,1.0,annealing_T=100_h=25,present,present,3.7,43.0,annealing_T=100_h=25,20260625-095817,phase_detection,annealing_T=100_h=25,20260625-095817,20260625-095817,1.7640861656960307
157,1655.42,492.94,2.52611,0.24673,20.0,53.3,2.0,annealing_T=100_h=25,present,present,3.7,43.0,annealing_T=100_h=25,20260625-095817,phase_detection,annealing_T=100_h=25,20260625-095817,20260625-095817,1.7640861656960307
157,1655.42,492.94,3.9916,0.140265,20.0,54.3,3.0,annealing_T=100_h=25,present,present,3.7,43.0,annealing_T=100_h=25,20260625-095817,phase_detection,annealing_T=100_h=25,20260625-095817,20260625-095817,1.7640861656960307
157,1655.42,492.94,8.44369,0.143961,20.0,55.3,4.0,annealing_T=100_h=25,present,present,3.7,43.0,annealing_T=100_h=25,20260625-095817,phase_detection,annealing_T=100_h=25,20260625-095817,20260625-095817,1.7640861656960307
157,1655.42,492.94,13.3715,0.139699,20.0,56.3,5.0,annealing_T=100_h=25,present,present,3.7,43.0,annealing_T=100_h=25,20260625-095817,phase_detection,annealing_T=100_h=25,20260625-095817,20260625-095817,1.7640861656960307
157,1655.42,492.94,21.6135,0.21612,20.0,58.3,7.0,annealing_T=100_h=25,present,present,3.7,43.0,annealing_T=100_h=25,20260625-095817,phase_detection,annealing_T=100_h=25,20260625-095817,20260625-095817,1.7640861656960307
158,1679.4,253.86,1.28993,0.246761,20.0,52.3,1.0,annealing_T=100_h=25,present,present,5.2,85.0,annealing_T=100_h=25,20260625-095817,phase_detection,annealing_T=75_h=25,20260530-001924,20260625-095817,1.2103718436911524
158,1679.4,253.86,4.48566,0.178199,20.0,53.3,2.0,annealing_T=100_h=25,present,present,5.2,85.0,annealing_T=100_h=25,20260625-095817,phase_detection,annealing_T=75_h=25,20260530-001924,20260625-095817,1.2103718436911524
158,1679.4,253.86,12.4843,0.229363,20.0,54.3,3.0,annealing_T=100_h=25,present,present,5.2,85.0,annealing_T=100_h=25,20260625-095817,phase_detection,annealing_T=75_h=25,20260530-001924,20260625-095817,1.2103718436911524
158,1679.4,253.86,14.8079,0.461948,20.0,55.3,4.0,annealing_T=100_h=25,present,present,5.2,85.0,annealing_T=100_h=25,20260625-095817,phase_detection,annealing_T=75_h=25,20260530-001924,20260625-095817,1.2103718436911524
158,1679.4,253.86,24.3729,0.655568,20.0,56.3,5.0,annealing_T=100_h=25,present,present,5.2,85.0,annealing_T=100_h=25,20260625-095817,phase_detection,annealing_T=75_h=25,20260530-001924,20260625-095817,1.2103718436911524
158,1679.4,253.86,41.1453,0.505496,20.0,58.3,7.0,annealing_T=100_h=25,present,present,5.2,85.0,annealing_T=100_h=25,20260625-095817,phase_detection,annealing_T=75_h=25,20260530-001924,20260625-095817,1.2103718436911524
159,1682.17,871.51,3.40371,0.313177,20.0,52.3,1.0,annealing_T=100_h=25,present,present,8.65,235.0,annealing_T=100_h=25,20260625-095817,phase_detection,annealing_T=125_h=25,20260827-053720,20260625-095817,2.170023041352399
159,1682.17,871.51,5.02899,0.366951,20.0,53.3,2.0,annealing_T=100_h=25,present,present,8.65,235.0,annealing_T=100_h=25,20260625-095817,phase_detection,annealing_T=125_h=25,20260827-053720,20260625-095817,2.170023041352399
159,1682.17,871.51,7.44312,0.535399,20.0,54.3,3.0,annealing_T=100_h=25,present,present,8.65,235.0,annealing_T=100_h=25,20260625-095817,phase_detection,annealing_T=125_h=25,20260827-053720,20260625-095817,2.170023041352399
159,1682.17,871.51,14.5894,0.34683,20.0,55.3,4.0,annealing_T=100_h=25,present,present,8.65,235.0,annealing_T=100_h=25,20260625-095817,phase_detection,annealing_T=125_h=25,20260827-053720,20260625-095817,2.170023041352399
159,1682.17,871.51,22.5219,0.54271,20.0,56.3,5.0,annealing_T=100_h=25,present,present,8.65,235.0,annealing_T=100_h=25,20260625-095817,phase_detection,annealing_T=125_h=25,20260827-053720,20260625-095817,2.170023041352399
159,1682.17,871.51,28.3198,0.577366,20.0,58.3,7.0,annealing_T=100_h=25,present,present,8.65,235.0,annealing_T=100_h=25,20260625-095817,phase_detection,annealing_T=125_h=25,20260827-053720,20260625-095817,2.170023041352399
160,1685.3,1029.17,-0.830663,0.202128,20.0,52.3,1.0,annealing_T=100_h=25,absent,absent,4.82,73.0,annealing_T=75_h=5,20260520-085312,previous_detection,before_annealing,20260513-032137,20260625-095817,0.8070935509593287
160,1685.3,1029.17,-1.34039,0.240685,20.0,53.3,2.0,annealing_T=100_h=25,absent,absent,4.82,73.0,annealing_T=75_h=5,20260520-085312,previous_detection,before_annealing,20260513-032137,20260625-095817,0.8070935509593287
160,1685.3,1029.17,2.43071,0.250542,20.0,54.3,3.0,annealing_T=100_h=25,absent,absent,4.82,73.0,annealing_T=75_h=5,20260520-085312,previous_detection,before_annealing,20260513-032137,20260625-095817,0.8070935509593287
160,1685.3,1029.17,3.96798,0.267187,20.0,55.3,4.0,annealing_T=100_h=25,absent,absent,4.82,73.0,annealing_T=75_h=5,20260520-085312,previous_detection,before_annealing,20260513-032137,20260625-095817,0.8070935509593287
160,1685.3,1029.17,4.56842,0.157165,20.0,56.3,5.0,annealing_T=100_h=25,absent,absent,4.82,73.0,annealing_T=75_h=5,20260520-085312,previous_detection,before_annealing,20260513-032137,20260625-095817,0.8070935509593287
160,1685.3,1029.17,10.4099,0.205388,20.0,58.3,7.0,annealing_T=100_h=25,absent,absent,4.82,73.0,annealing_T=75_h=5,20260520-085312,previous_detection,before_annealing,20260513-032137,20260625-095817,0.8070935509593287
161,1700.03,282.84,-0.00770068,0.340703,20.0,52.3,1.0,annealing_T=100_h=25,absent,disappeared,4.07,52.0,annealing_T=100_h=5,20260610-203538,previous_detection,annealing_T=125_h=25,20260827-053720,20260625-095817,0.3710795063057069
161,1700.03,282.84,3.3084,0.108264,20.0,53.3,2.0,annealing_T=100_h=25,absent,disappeared,4.07,52.0,annealing_T=100_h=5,20260610-203538,previous_detection,annealing_T=125_h=25,20260827-053720,20260625-095817,0.3710795063057069
161,1700.03,282.84,3.83172,0.0994022,20.0,54.3,3.0,annealing_T=100_h=25,absent,disappeared,4.07,52.0,annealing_T=100_h=5,20260610-203538,previous_detection,annealing_T=125_h=25,20260827-053720,20260625-095817,0.3710795063057069
161,1700.03,282.84,7.30828,0.249331,20.0,55.3,4.0,annealing_T=100_h=25,absent,disappeared,4.07,52.0,annealing_T=100_h=5,20260610-203538,previous_detection,annealing_T=125_h=25,20260827-053720,20260625-095817,0.3710795063057069
161,1700.03,282.84,10.6429,0.106665,20.0,56.3,5.0,annealing_T=100_h=25,absent,disappeared,4.07,52.0,annealing_T=100_h=5,20260610-203538,previous_detection,annealing_T=125_h=25,20260827-053720,20260625-095817,0.3710795063057069
161,1700.03,282.84,24.1154,0.435225,20.0,58.3,7.0,annealing_T=100_h=25,absent,disappeared,4.07,52.0,annealing_T=100_h=5,20260610-203538,previous_detection,annealing_T=125_h=25,20260827-053720,20260625-095817,0.3710795063057069
162,1721.71,805.35,4.89925,0.312727,20.0,52.3,1.0,annealing_T=100_h=25,present,present,6.68,140.0,annealing_T=100_h=25,20260625-095817,phase_detection,annealing_T=75_h=25,20260530-001924,20260625-095817,1.3914021704740438
162,1721.71,805.35,11.0931,0.322473,20.0,53.3,2.0,annealing_T=100_h=25,present,present,6.68,140.0,annealing_T=100_h=25,20260625-095817,phase_detection,annealing_T=75_h=25,20260530-001924,20260625-095817,1.3914021704740438
162,1721.71,805.35,18.1406,0.270399,20.0,54.3,3.0,annealing_T=100_h=25,present,present,6.68,140.0,annealing_T=100_h=25,20260625-095817,phase_detection,annealing_T=75_h=25,20260530-001924,20260625-095817,1.3914021704740438
162,1721.71,805.35,27.0134,0.200276,20.0,55.3,4.0,annealing_T=100_h=25,present,present,6.68,140.0,annealing_T=100_h=25,20260625-095817,phase_detection,annealing_T=75_h=25,20260530-001924,20260625-095817,1.3914021704740438
162,1721.71,805.35,34.2955,0.376931,20.0,56.3,5.0,annealing_T=100_h=25,present,present,6.68,140.0,annealing_T=100_h=25,20260625-095817,phase_detection,annealing_T=75_h=25,20260530-001924,20260625-095817,1.3914021704740438
162,1721.71,805.35,51.8339,0.590624,20.0,58.3,7.0,annealing_T=100_h=25,present,present,6.68,140.0,annealing_T=100_h=25,20260625-095817,phase_detection,annealing_T=75_h=25,20260530-001924,20260625-095817,1.3914021704740438
163,1732.59,721.89,131.501,0.935103,20.0,52.3,1.0,annealing_T=100_h=25,present,present,16.92,899.0,annealing_T=100_h=25,20260625-095817,phase_detection,annealing_T=75_h=25,20260530-001924,20260625-095817,1.1042191811411795
163,1732.59,721.89,447.626,1.02587,20.0,53.3,2.0,annealing_T=100_h=25,present,present,16.92,899.0,annealing_T=100_h=25,20260625-095817,phase_detection,annealing_T=75_h=25,20260530-001924,20260625-095817,1.1042191811411795
163,1732.59,721.89,927.608,1.09764,20.0,54.3,3.0,annealing_T=100_h=25,present,present,16.92,899.0,annealing_T=100_h=25,20260625-095817,phase_detection,annealing_T=75_h=25,20260530-001924,20260625-095817,1.1042191811411795
163,1732.59,721.89,1640.41,1.50491,20.0,55.3,4.0,annealing_T=100_h=25,present,present,16.92,899.0,annealing_T=100_h=25,20260625-095817,phase_detection,annealing_T=75_h=25,20260530-001924,20260625-095817,1.1042191811411795
163,1732.59,721.89,2557.0,1.98135,20.0,56.3,5.0,annealing_T=100_h=25,present,present,16.92,899.0,annealing_T=100_h=25,20260625-095817,phase_detection,annealing_T=75_h=25,20260530-001924,20260625-095817,1.1042191811411795
163,1732.59,721.89,5328.29,5.01824,20.0,58.3,7.0,annealing_T=100_h=25,present,present,16.92,899.0,annealing_T=100_h=25,20260625-095817,phase_detection,annealing_T=75_h=25,20260530-001924,20260625-095817,1.1042191811411795
164,1742.89,245.88,-1.65667,0.362867,20.0,52.3,1.0,annealing_T=100_h=25,present,present,8.37,220.0,annealing_T=100_h=25,20260625-095817,phase_detection,annealing_T=75_h=5,20260520-085312,20260625-095817,1.2638433447227346
164,1742.89,245.88,0.311898,0.557031,20.0,53.3,2.0,annealing_T=100_h=25,present,present,8.37,220.0,annealing_T=100_h=25,20260625-095817,phase_detection,annealing_T=75_h=5,20260520-085312,20260625-095817,1.2638433447227346
164,1742.89,245.88,16.6803,0.520081,20.0,54.3,3.0,annealing_T=100_h=25,present,present,8.37,220.0,annealing_T=100_h=25,20260625-095817,phase_detection,annealing_T=75_h=5,20260520-085312,20260625-095817,1.2638433447227346
164,1742.89,245.88,50.3826,0.520113,20.0,55.3,4.0,annealing_T=100_h=25,present,present,8.37,220.0,annealing_T=100_h=25,20260625-095817,phase_detection,annealing_T=75_h=5,20260520-085312,20260625-095817,1.2638433447227346
164,1742.89,245.88,99.2925,0.593515,20.0,56.3,5.0,annealing_T=100_h=25,present,present,8.37,220.0,annealing_T=100_h=25,20260625-095817,phase_detection,annealing_T=75_h=5,20260520-085312,20260625-095817,1.2638433447227346
164,1742.89,245.88,257.901,0.863208,20.0,58.3,7.0,annealing_T=100_h=25,present,present,8.37,220.0,annealing_T=100_h=25,20260625-095817,phase_detection,annealing_T=75_h=5,20260520-085312,20260625-095817,1.2638433447227346
165,1767.33,829.61,2.3093,0.151964,20.0,52.3,1.0,annealing_T=100_h=25,absent,disappeared,6.13,118.0,annealing_T=100_h=5,20260610-203538,previous_detection,annealing_T=75_h=5,20260520-085312,20260625-095817,0.5246903848937697
165,1767.33,829.61,3.51825,0.251436,20.0,53.3,2.0,annealing_T=100_h=25,absent,disappeared,6.13,118.0,annealing_T=100_h=5,20260610-203538,previous_detection,annealing_T=75_h=5,20260520-085312,20260625-095817,0.5246903848937697
165,1767.33,829.61,4.0585,0.168385,20.0,54.3,3.0,annealing_T=100_h=25,absent,disappeared,6.13,118.0,annealing_T=100_h=5,20260610-203538,previous_detection,annealing_T=75_h=5,20260520-085312,20260625-095817,0.5246903848937697
165,1767.33,829.61,7.58878,0.159981,20.0,55.3,4.0,annealing_T=100_h=25,absent,disappeared,6.13,118.0,annealing_T=100_h=5,20260610-203538,previous_detection,annealing_T=75_h=5,20260520-085312,20260625-095817,0.5246903848937697
165,1767.33,829.61,12.4608,0.16552,20.0,56.3,5.0,annealing_T=100_h=25,absent,disappeared,6.13,118.0,annealing_T=100_h=5,20260610-203538,previous_detection,annealing_T=75_h=5,20260520-085312,20260625-095817,0.5246903848937697
165,1767.33,829.61,18.7456,0.344515,20.0,58.3,7.0,annealing_T=100_h=25,absent,disappeared,6.13,118.0,annealing_T=100_h=5,20260610-203538,previous_detection,annealing_T=75_h=5,20260520-085312,20260625-095817,0.5246903848937697
166,1769.11,208.28,17.6885,0.724503,20.0,52.3,1.0,annealing_T=100_h=25,present,present,14.63,672.0,annealing_T=100_h=25,20260625-095817,phase_detection,annealing_T=75_h=5,20260520-085312,20260625-095817,1.1161093136427147
166,1769.11,208.28,37.901,0.685139,20.0,53.3,2.0,annealing_T=100_h=25,present,present,14.63,672.0,annealing_T=100_h=25,20260625-095817,phase_detection,annealing_T=75_h=5,20260520-085312,20260625-095817,1.1161093136427147
166,1769.11,208.28,76.6914,0.824305,20.0,54.3,3.0,annealing_T=100_h=25,present,present,14.63,672.0,annealing_T=100_h=25,20260625-095817,phase_detection,annealing_T=75_h=5,20260520-085312,20260625-095817,1.1161093136427147
166,1769.11,208.28,130.405,0.651843,20.0,55.3,4.0,annealing_T=100_h=25,present,present,14.63,672.0,annealing_T=100_h=25,20260625-095817,phase_detection,annealing_T=75_h=5,20260520-085312,20260625-095817,1.1161093136427147
166,1769.11,208.28,215.3,0.812096,20.0,56.3,5.0,annealing_T=100_h=25,present,present,14.63,672.0,annealing_T=100_h=25,20260625-095817,phase_detection,annealing_T=75_h=5,20260520-085312,20260625-095817,1.1161093136427147
166,1769.11,208.28,517.691,1.46039,20.0,58.3,7.0,annealing_T=100_h=25,present,present,14.63,672.0,annealing_T=100_h=25,20260625-095817,phase_detection,annealing_T=75_h=5,20260520-085312,20260625-095817,1.1161093136427147
167,1772.65,478.1,4.76835,0.380525,20.0,52.3,1.0,annealing_T=100_h=25,present,present,9.72,297.0,annealing_T=100_h=25,20260625-095817,phase_detection,annealing_T=100_h=5,20260610-203538,20260625-095817,0.6718630812896319
167,1772.65,478.1,12.5257,0.396513,20.0,53.3,2.0,annealing_T=100_h=25,present,present,9.72,297.0,annealing_T=100_h=25,20260625-095817,phase_detection,annealing_T=100_h=5,20260610-203538,20260625-095817,0.6718630812896319
167,1772.65,478.1,25.4231,0.407268,20.0,54.3,3.0,annealing_T=100_h=25,present,present,9.72,297.0,annealing_T=100_h=25,20260625-095817,phase_detection,annealing_T=100_h=5,20260610-203538,20260625-095817,0.6718630812896319
167,1772.65,478.1,46.114,0.451153,20.0,55.3,4.0,annealing_T=100_h=25,present,present,9.72,297.0,annealing_T=100_h=25,20260625-095817,phase_detection,annealing_T=100_h=5,20260610-203538,20260625-095817,0.6718630812896319
167,1772.65,478.1,61.3964,0.417501,20.0,56.3,5.0,annealing_T=100_h=25,present,present,9.72,297.0,annealing_T=100_h=25,20260625-095817,phase_detection,annealing_T=100_h=5,20260610-203538,20260625-095817,0.6718630812896319
167,1772.65,478.1,89.9218,0.721588,20.0,58.3,7.0,annealing_T=100_h=25,present,present,9.72,297.0,annealing_T=100_h=25,20260625-095817,phase_detection,annealing_T=100_h=5,20260610-203538,20260625-095817,0.6718630812896319
168,1778.38,1061.12,6.9042,0.468291,20.0,52.3,1.0,annealing_T=100_h=25,present,present,7.86,194.0,annealing_T=100_h=25,20260625-095817,phase_detection,annealing_T=75_h=5,20260520-085312,20260625-095817,1.317952958189511
168,1778.38,1061.12,14.9117,0.513723,20.0,53.3,2.0,annealing_T=100_h=25,present,present,7.86,194.0,annealing_T=100_h=25,20260625-095817,phase_detection,annealing_T=75_h=5,20260520-085312,20260625-095817,1.317952958189511
168,1778.38,1061.12,39.7527,0.641723,20.0,54.3,3.0,annealing_T=100_h=25,present,present,7.86,194.0,annealing_T=100_h=25,20260625-095817,phase_detection,annealing_T=75_h=5,20260520-085312,20260625-095817,1.317952958189511
168,1778.38,1061.12,74.5416,0.434848,20.0,55.3,4.0,annealing_T=100_h=25,present,present,7.86,194.0,annealing_T=100_h=25,20260625-095817,phase_detection,annealing_T=75_h=5,20260520-085312,20260625-095817,1.317952958189511
168,1778.38,1061.12,120.256,0.613061,20.0,56.3,5.0,annealing_T=100_h=25,present,present,7.86,194.0,annealing_T=100_h=25,20260625-095817,phase_detection,annealing_T=75_h=5,20260520-085312,20260625-095817,1.317952958189511
168,1778.38,1061.12,250.187,1.06295,20.0,58.3,7.0,annealing_T=100_h=25,present,present,7.86,194.0,annealing_T=100_h=25,20260625-095817,phase_detection,annealing_T=75_h=5,20260520-085312,20260625-095817,1.317952958189511
169,1782.46,554.95,9.64785,0.47858,20.0,52.3,1.0,annealing_T=100_h=25,present,present,8.56,230.0,annealing_T=100_h=25,20260625-095817,phase_detection,annealing_T=75_h=5,20260520-085312,20260625-095817,1.1717508267545433
169,1782.46,554.95,30.8639,0.517856,20.0,53.3,2.0,annealing_T=100_h=25,present,present,8.56,230.0,annealing_T=100_h=25,20260625-095817,phase_detection,annealing_T=75_h=5,20260520-085312,20260625-095817,1.1717508267545433
169,1782.46,554.95,71.4972,0.418584,20.0,54.3,3.0,annealing_T=100_h=25,present,present,8.56,230.0,annealing_T=100_h=25,20260625-095817,phase_detection,annealing_T=75_h=5,20260520-085312,20260625-095817,1.1717508267545433
169,1782.46,554.95,99.3944,0.659252,20.0,55.3,4.0,annealing_T=100_h=25,present,present,8.56,230.0,annealing_T=100_h=25,20260625-095817,phase_detection,annealing_T=75_h=5,20260520-085312,20260625-095817,1.1717508267545433
169,1782.46,554.95,136.258,0.624586,20.0,56.3,5.0,annealing_T=100_h=25,present,present,8.56,230.0,annealing_T=100_h=25,20260625-095817,phase_detection,annealing_T=75_h=5,20260520-085312,20260625-095817,1.1717508267545433
169,1782.46,554.95,235.045,0.995868,20.0,58.3,7.0,annealing_T=100_h=25,present,present,8.56,230.0,annealing_T=100_h=25,20260625-095817,phase_detection,annealing_T=75_h=5,20260520-085312,20260625-095817,1.1717508267545433
170,1820.56,356.16,12.9368,0.488243,20.0,52.3,1.0,annealing_T=100_h=25,present,present,9.56,287.0,annealing_T=100_h=25,20260625-095817,phase_detection,annealing_T=125_h=25,20260827-053720,20260625-095817,1.1910079764635473
170,1820.56,356.16,43.2604,0.583013,20.0,53.3,2.0,annealing_T=100_h=25,present,present,9.56,287.0,annealing_T=100_h=25,20260625-095817,phase_detection,annealing_T=125_h=25,20260827-053720,20260625-095817,1.1910079764635473
170,1820.56,356.16,92.5093,0.53941,20.0,54.3,3.0,annealing_T=100_h=25,present,present,9.56,287.0,annealing_T=100_h=25,20260625-095817,phase_detection,annealing_T=125_h=25,20260827-053720,20260625-095817,1.1910079764635473
170,1820.56,356.16,187.441,0.711663,20.0,55.3,4.0,annealing_T=100_h=25,present,present,9.56,287.0,annealing_T=100_h=25,20260625-095817,phase_detection,annealing_T=125_h=25,20260827-053720,20260625-095817,1.1910079764635473
170,1820.56,356.16,280.591,0.859435,20.0,56.3,5.0,annealing_T=100_h=25,present,present,9.56,287.0,annealing_T=100_h=25,20260625-095817,phase_detection,annealing_T=125_h=25,20260827-053720,20260625-095817,1.1910079764635473
170,1820.56,356.16,683.095,1.6296,20.0,58.3,7.0,annealing_T=100_h=25,present,present,9.56,287.0,annealing_T=100_h=25,20260625-095817,phase_detection,annealing_T=125_h=25,20260827-053720,20260625-095817,1.1910079764635473
171,1821.44,992.84,0.351135,0.719634,20.0,52.3,1.0,annealing_T=100_h=25,present,present,9.1,260.0,annealing_T=100_h=25,20260625-095817,phase_detection,annealing_T=100_h=5,20260610-203538,20260625-095817,0.7624303246855667
171,1821.44,992.84,6.23993,0.685975,20.0,53.3,2.0,annealing_T=100_h=25,present,present,9.1,260.0,annealing_T=100_h=25,20260625-095817,phase_detection,annealing_T=100_h=5,20260610-203538,20260625-095817,0.7624303246855667
171,1821.44,992.84,13.9617,0.826899,20.0,54.3,3.0,annealing_T=100_h=25,present,present,9.1,260.0,annealing_T=100_h=25,20260625-095817,phase_detection,annealing_T=100_h=5,20260610-203538,20260625-095817,0.7624303246855667
171,1821.44,992.84,221.639,0.859578,20.0,55.3,4.0,annealing_T=100_h=25,present,present,9.1,260.0,annealing_T=100_h=25,20260625-095817,phase_detection,annealing_T=100_h=5,20260610-203538,20260625-095817,0.7624303246855667
171,1821.44,992.84,309.503,0.946801,20.0,56.3,5.0,annealing_T=100_h=25,present,present,9.1,260.0,annealing_T=100_h=25,20260625-095817,phase_detection,annealing_T=100_h=5,20260610-203538,20260625-095817,0.7624303246855667
171,1821.44,992.84,539.424,1.38215,20.0,58.3,7.0,annealing_T=100_h=25,present,present,9.1,260.0,annealing_T=100_h=25,20260625-095817,phase_detection,annealing_T=100_h=5,20260610-203538,20260625-095817,0.7624303246855667
172,1846.94,886.76,7.46399,0.510486,20.0,52.3,1.0,annealing_T=100_h=25,present,present,10.01,315.0,annealing_T=100_h=25,20260625-095817,phase_detection,annealing_T=125_h=25,20260827-053720,20260625-095817,2.908539152220575
172,1846.94,886.76,21.4399,0.550699,20.0,53.3,2.0,annealing_T=100_h=25,present,present,10.01,315.0,annealing_T=100_h=25,20260625-095817,phase_detection,annealing_T=125_h=25,20260827-053720,20260625-095817,2.908539152220575
172,1846.94,886.76,26.7756,0.513546,20.0,54.3,3.0,annealing_T=100_h=25,present,present,10.01,315.0,annealing_T=100_h=25,20260625-095817,phase_detection,annealing_T=125_h=25,20260827-053720,20260625-095817,2.908539152220575
172,1846.94,886.76,51.3849,0.533501,20.0,55.3,4.0,annealing_T=100_h=25,present,present,10.01,315.0,annealing_T=100_h=25,20260625-095817,phase_detection,annealing_T=125_h=25,20260827-053720,20260625-095817,2.908539152220575
172,1846.94,886.76,62.7044,0.64057,20.0,56.3,5.0,annealing_T=100_h=25,present,present,10.01,315.0,annealing_T=100_h=25,20260625-095817,phase_detection,annealing_T=125_h=25,20260827-053720,20260625-095817,2.908539152220575
172,1846.94,886.76,244.344,1.20643,20.0,58.3,7.0,annealing_T=100_h=25,present,present,10.01,315.0,annealing_T=100_h=25,20260625-095817,phase_detection,annealing_T=125_h=25,20260827-053720,20260625-095817,2.908539152220575
173,1851.27,557.5,44.5218,0.870066,20.0,52.3,1.0,annealing_T=100_h=25,present,present,11.56,420.0,annealing_T=100_h=25,20260625-095817,phase_detection,annealing_T=75_h=25,20260530-001924,20260625-095817,0.8640601830891399
173,1851.27,557.5,139.414,0.911891,20.0,53.3,2.0,annealing_T=100_h=25,present,present,11.56,420.0,annealing_T=100_h=25,20260625-095817,phase_detection,annealing_T=75_h=25,20260530-001924,20260625-095817,0.8640601830891399
173,1851.27,557.5,277.955,0.993074,20.0,54.3,3.0,annealing_T=100_h=25,present,present,11.56,420.0,annealing_T=100_h=25,20260625-095817,phase_detection,annealing_T=75_h=25,20260530-001924,20260625-095817,0.8640601830891399
173,1851.27,557.5,464.322,1.11679,20.0,55.3,4.0,annealing_T=100_h=25,present,present,11.56,420.0,annealing_T=100_h=25,20260625-095817,phase_detection,annealing_T=75_h=25,20260530-001924,20260625-095817,0.8640601830891399
173,1851.27,557.5,719.05,1.33562,20.0,56.3,5.0,annealing_T=100_h=25,present,present,11.56,420.0,annealing_T=100_h=25,20260625-095817,phase_detection,annealing_T=75_h=25,20260530-001924,20260625-095817,0.8640601830891399
173,1851.27,557.5,1296.66,2.44026,20.0,58.3,7.0,annealing_T=100_h=25,present,present,11.56,420.0,annealing_T=100_h=25,20260625-095817,phase_detection,annealing_T=75_h=25,20260530-001924,20260625-095817,0.8640601830891399
174,1860.57,95.98,2.10418,0.725839,20.0,52.3,1.0,annealing_T=100_h=25,present,present,10.93,375.0,annealing_T=100_h=25,20260625-095817,phase_detection,annealing_T=100_h=5,20260610-203538,20260625-095817,0.7158910531638395
174,1860.57,95.98,4.86041,0.852745,20.0,53.3,2.0,annealing_T=100_h=25,present,present,10.93,375.0,annealing_T=100_h=25,20260625-095817,phase_detection,annealing_T=100_h=5,20260610-203538,20260625-095817,0.7158910531638395
174,1860.57,95.98,20.1386,0.937612,20.0,54.3,3.0,annealing_T=100_h=25,present,present,10.93,375.0,annealing_T=100_h=25,20260625-095817,phase_detection,annealing_T=100_h=5,20260610-203538,20260625-095817,0.7158910531638395
174,1860.57,95.98,24.6027,1.02052,20.0,55.3,4.0,annealing_T=100_h=25,present,present,10.93,375.0,annealing_T=100_h=25,20260625-095817,phase_detection,annealing_T=100_h=5,20260610-203538,20260625-095817,0.7158910531638395
174,1860.57,95.98,35.5032,1.09192,20.0,56.3,5.0,annealing_T=100_h=25,present,present,10.93,375.0,annealing_T=100_h=25,20260625-095817,phase_detection,annealing_T=100_h=5,20260610-203538,20260625-095817,0.7158910531638395
174,1860.57,95.98,552.845,5.39647,20.0,58.3,7.0,annealing_T=100_h=25,present,present,10.93,375.0,annealing_T=100_h=25,20260625-095817,phase_detection,annealing_T=100_h=5,20260610-203538,20260625-095817,0.7158910531638395
175,1874.25,863.81,-1.53462,0.218746,20.0,52.3,1.0,annealing_T=100_h=25,absent,absent,4.89,75.0,annealing_T=75_h=25,20260530-001924,previous_detection,annealing_T=75_h=5,20260520-085312,20260625-095817,0.6300793600810436
175,1874.25,863.81,-1.94055,0.276902,20.0,53.3,2.0,annealing_T=100_h=25,absent,absent,4.89,75.0,annealing_T=75_h=25,20260530-001924,previous_detection,annealing_T=75_h=5,20260520-085312,20260625-095817,0.6300793600810436
175,1874.25,863.81,0.769518,0.244405,20.0,54.3,3.0,annealing_T=100_h=25,absent,absent,4.89,75.0,annealing_T=75_h=25,20260530-001924,previous_detection,annealing_T=75_h=5,20260520-085312,20260625-095817,0.6300793600810436
175,1874.25,863.81,3.65864,0.228748,20.0,55.3,4.0,annealing_T=100_h=25,absent,absent,4.89,75.0,annealing_T=75_h=25,20260530-001924,previous_detection,annealing_T=75_h=5,20260520-085312,20260625-095817,0.6300793600810436
175,1874.25,863.81,4.15079,0.34843,20.0,56.3,5.0,annealing_T=100_h=25,absent,absent,4.89,75.0,annealing_T=75_h=25,20260530-001924,previous_detection,annealing_T=75_h=5,20260520-085312,20260625-095817,0.6300793600810436
175,1874.25,863.81,6.73127,0.354223,20.0,58.3,7.0,annealing_T=100_h=25,absent,absent,4.89,75.0,annealing_T=75_h=25,20260530-001924,previous_detection,annealing_T=75_h=5,20260520-085312,20260625-095817,0.6300793600810436
176,1889.98,255.36,13.3956,0.572958,20.0,52.3,1.0,annealing_T=100_h=25,present,present,11.16,391.0,annealing_T=100_h=25,20260625-095817,phase_detection,annealing_T=75_h=25,20260530-001924,20260625-095817,1.0044899203078745
176,1889.98,255.36,27.3891,0.613099,20.0,53.3,2.0,annealing_T=100_h=25,present,present,11.16,391.0,annealing_T=100_h=25,20260625-095817,phase_detection,annealing_T=75_h=25,20260530-001924,20260625-095817,1.0044899203078745
176,1889.98,255.36,78.9966,0.763144,20.0,54.3,3.0,annealing_T=100_h=25,present,present,11.16,391.0,annealing_T=100_h=25,20260625-095817,phase_detection,annealing_T=75_h=25,20260530-001924,20260625-095817,1.0044899203078745
176,1889.98,255.36,134.262,0.708039,20.0,55.3,4.0,annealing_T=100_h=25,present,present,11.16,391.0,annealing_T=100_h=25,20260625-095817,phase_detection,annealing_T=75_h=25,20260530-001924,20260625-095817,1.0044899203078745
176,1889.98,255.36,219.592,0.653752,20.0,56.3,5.0,annealing_T=100_h=25,present,present,11.16,391.0,annealing_T=100_h=25,20260625-095817,phase_detection,annealing_T=75_h=25,20260530-001924,20260625-095817,1.0044899203078745
176,1889.98,255.36,481.86,1.18108,20.0,58.3,7.0,annealing_T=100_h=25,present,present,11.16,391.0,annealing_T=100_h=25,20260625-095817,phase_detection,annealing_T=75_h=25,20260530-001924,20260625-095817,1.0044899203078745
177,1892.6,290.4,3.9849,0.563768,20.0,52.3,1.0,annealing_T=100_h=25,present,present,10.73,362.0,annealing_T=100_h=25,20260625-095817,phase_detection,before_annealing,20260513-032137,20260625-095817,1.1901680553602516
177,1892.6,290.4,21.7955,0.56054,20.0,53.3,2.0,annealing_T=100_h=25,present,present,10.73,362.0,annealing_T=100_h=25,20260625-095817,phase_detection,before_annealing,20260513-032137,20260625-095817,1.1901680553602516
177,1892.6,290.4,36.2897,0.605454,20.0,54.3,3.0,annealing_T=100_h=25,present,present,10.73,362.0,annealing_T=100_h=25,20260625-095817,phase_detection,before_annealing,20260513-032137,20260625-095817,1.1901680553602516
177,1892.6,290.4,60.0851,0.769622,20.0,55.3,4.0,annealing_T=100_h=25,present,present,10.73,362.0,annealing_T=100_h=25,20260625-095817,phase_detection,before_annealing,20260513-032137,20260625-095817,1.1901680553602516
177,1892.6,290.4,90.1943,0.642609,20.0,56.3,5.0,annealing_T=100_h=25,present,present,10.73,362.0,annealing_T=100_h=25,20260625-095817,phase_detection,before_annealing,20260513-032137,20260625-095817,1.1901680553602516
177,1892.6,290.4,181.428,1.21066,20.0,58.3,7.0,annealing_T=100_h=25,present,present,10.73,362.0,annealing_T=100_h=25,20260625-095817,phase_detection,before_annealing,20260513-032137,20260625-095817,1.1901680553602516
178,1897.12,1047.31,2.21016,0.473585,20.0,52.3,1.0,annealing_T=100_h=25,present,present,5.86,108.0,annealing_T=100_h=25,20260625-095817,phase_detection,annealing_T=125_h=5,20260723-075232,20260625-095817,1.1950732195143217
178,1897.12,1047.31,2.85094,0.486907,20.0,53.3,2.0,annealing_T=100_h=25,present,present,5.86,108.0,annealing_T=100_h=25,20260625-095817,phase_detection,annealing_T=125_h=5,20260723-075232,20260625-095817,1.1950732195143217
178,1897.12,1047.31,4.92355,0.48201,20.0,54.3,3.0,annealing_T=100_h=25,present,present,5.86,108.0,annealing_T=100_h=25,20260625-095817,phase_detection,annealing_T=125_h=5,20260723-075232,20260625-095817,1.1950732195143217
178,1897.12,1047.31,12.9073,0.481614,20.0,55.3,4.0,annealing_T=100_h=25,present,present,5.86,108.0,annealing_T=100_h=25,20260625-095817,phase_detection,annealing_T=125_h=5,20260723-075232,20260625-095817,1.1950732195143217
178,1897.12,1047.31,26.9436,0.485271,20.0,56.3,5.0,annealing_T=100_h=25,present,present,5.86,108.0,annealing_T=100_h=25,20260625-095817,phase_detection,annealing_T=125_h=5,20260723-075232,20260625-095817,1.1950732195143217
178,1897.12,1047.31,62.3463,0.848171,20.0,58.3,7.0,annealing_T=100_h=25,present,present,5.86,108.0,annealing_T=100_h=25,20260625-095817,phase_detection,annealing_T=125_h=5,20260723-075232,20260625-095817,1.1950732195143217
179,1913.03,271.03,-0.19951,0.216894,20.0,52.3,1.0,annealing_T=100_h=25,absent,absent,3.78,45.0,annealing_T=75_h=5,20260520-085312,previous_detection,annealing_T=75_h=5,20260520-085312,20260625-095817,0.8256512580986718
179,1913.03,271.03,-0.219313,0.244981,20.0,53.3,2.0,annealing_T=100_h=25,absent,absent,3.78,45.0,annealing_T=75_h=5,20260520-085312,previous_detection,annealing_T=75_h=5,20260520-085312,20260625-095817,0.8256512580986718
179,1913.03,271.03,1.19302,0.0804858,20.0,54.3,3.0,annealing_T=100_h=25,absent,absent,3.78,45.0,annealing_T=75_h=5,20260520-085312,previous_detection,annealing_T=75_h=5,20260520-085312,20260625-095817,0.8256512580986718
179,1913.03,271.03,2.24101,0.2469,20.0,55.3,4.0,annealing_T=100_h=25,absent,absent,3.78,45.0,annealing_T=75_h=5,20260520-085312,previous_detection,annealing_T=75_h=5,20260520-085312,20260625-095817,0.8256512580986718
179,1913.03,271.03,3.695,0.312692,20.0,56.3,5.0,annealing_T=100_h=25,absent,absent,3.78,45.0,annealing_T=75_h=5,20260520-085312,previous_detection,annealing_T=75_h=5,20260520-085312,20260625-095817,0.8256512580986718
179,1913.03,271.03,2.31526,0.157105,20.0,58.3,7.0,annealing_T=100_h=25,absent,absent,3.78,45.0,annealing_T=75_h=5,20260520-085312,previous_detection,annealing_T=75_h=5,20260520-085312,20260625-095817,0.8256512580986718
180,261.54,494.07,1.01277,0.24072,20.0,52.3,1.0,annealing_T=100_h=25,present,present,3.61,41.0,annealing_T=100_h=25,20260625-095817,phase_detection,annealing_T=150_h=5,20260908-043207,20260625-095817,0.635295206970751
180,261.54,494.07,1.77766,0.109383,20.0,53.3,2.0,annealing_T=100_h=25,present,present,3.61,41.0,annealing_T=100_h=25,20260625-095817,phase_detection,annealing_T=150_h=5,20260908-043207,20260625-095817,0.635295206970751
180,261.54,494.07,5.39448,0.236737,20.0,54.3,3.0,annealing_T=100_h=25,present,present,3.61,41.0,annealing_T=100_h=25,20260625-095817,phase_detection,annealing_T=150_h=5,20260908-043207,20260625-095817,0.635295206970751
180,261.54,494.07,9.70005,0.113065,20.0,55.3,4.0,annealing_T=100_h=25,present,present,3.61,41.0,annealing_T=100_h=25,20260625-095817,phase_detection,annealing_T=150_h=5,20260908-043207,20260625-095817,0.635295206970751
180,261.54,494.07,12.9574,0.144467,20.0,56.3,5.0,annealing_T=100_h=25,present,present,3.61,41.0,annealing_T=100_h=25,20260625-095817,phase_detection,annealing_T=150_h=5,20260908-043207,20260625-095817,0.635295206970751
180,261.54,494.07,24.486,0.16796,20.0,58.3,7.0,annealing_T=100_h=25,present,present,3.61,41.0,annealing_T=100_h=25,20260625-095817,phase_detection,annealing_T=150_h=5,20260908-043207,20260625-095817,0.635295206970751
181,900.02,254.78,-0.248556,0.107239,20.0,52.3,1.0,annealing_T=100_h=25,absent,absent,4.33,59.0,annealing_T=75_h=25,20260530-001924,previous_detection,annealing_T=75_h=25,20260530-001924,20260625-095817,1.948332620473196
181,900.02,254.78,1.99604,0.090569,20.0,53.3,2.0,annealing_T=100_h=25,absent,absent,4.33,59.0,annealing_T=75_h=25,20260530-001924,previous_detection,annealing_T=75_h=25,20260530-001924,20260625-095817,1.948332620473196
181,900.02,254.78,7.34386,0.272604,20.0,54.3,3.0,annealing_T=100_h=25,absent,absent,4.33,59.0,annealing_T=75_h=25,20260530-001924,previous_detection,annealing_T=75_h=25,20260530-001924,20260625-095817,1.948332620473196
181,900.02,254.78,7.17439,0.303826,20.0,55.3,4.0,annealing_T=100_h=25,absent,absent,4.33,59.0,annealing_T=75_h=25,20260530-001924,previous_detection,annealing_T=75_h=25,20260530-001924,20260625-095817,1.948332620473196
181,900.02,254.78,7.46919,0.176757,20.0,56.3,5.0,annealing_T=100_h=25,absent,absent,4.33,59.0,annealing_T=75_h=25,20260530-001924,previous_detection,annealing_T=75_h=25,20260530-001924,20260625-095817,1.948332620473196
181,900.02,254.78,10.8425,0.353523,20.0,58.3,7.0,annealing_T=100_h=25,absent,absent,4.33,59.0,annealing_T=75_h=25,20260530-001924,previous_detection,annealing_T=75_h=25,20260530-001924,20260625-095817,1.948332620473196
182,1326.51,428.3,-0.173428,0.121673,20.0,52.3,1.0,annealing_T=100_h=25,present,reappeared,3.29,34.0,annealing_T=100_h=25,20260625-095817,phase_detection,annealing_T=125_h=5,20260723-075232,20260625-095817,0.9808159868191341
182,1326.51,428.3,2.3456,0.0703529,20.0,53.3,2.0,annealing_T=100_h=25,present,reappeared,3.29,34.0,annealing_T=100_h=25,20260625-095817,phase_detection,annealing_T=125_h=5,20260723-075232,20260625-095817,0.9808159868191341
182,1326.51,428.3,3.47347,0.0731513,20.0,54.3,3.0,annealing_T=100_h=25,present,reappeared,3.29,34.0,annealing_T=100_h=25,20260625-095817,phase_detection,annealing_T=125_h=5,20260723-075232,20260625-095817,0.9808159868191341
182,1326.51,428.3,4.75029,0.0895848,20.0,55.3,4.0,annealing_T=100_h=25,present,reappeared,3.29,34.0,annealing_T=100_h=25,20260625-095817,phase_detection,annealing_T=125_h=5,20260723-075232,20260625-095817,0.9808159868191341
182,1326.51,428.3,7.95273,0.155647,20.0,56.3,5.0,annealing_T=100_h=25,present,reappeared,3.29,34.0,annealing_T=100_h=25,20260625-095817,phase_detection,annealing_T=125_h=5,20260723-075232,20260625-095817,0.9808159868191341
182,1326.51,428.3,8.72991,0.230546,20.0,58.3,7.0,annealing_T=100_h=25,present,reappeared,3.29,34.0,annealing_T=100_h=25,20260625-095817,phase_detection,annealing_T=125_h=5,20260723-075232,20260625-095817,0.9808159868191341
183,1407.2,172.45,0.699801,0.0665016,20.0,52.3,1.0,annealing_T=100_h=25,absent,absent,3.14,31.0,annealing_T=75_h=5,20260520-085312,previous_detection,annealing_T=75_h=5,20260520-085312,20260625-095817,
183,1407.2,172.45,0.586762,0.217033,20.0,53.3,2.0,annealing_T=100_h=25,absent,absent,3.14,31.0,annealing_T=75_h=5,20260520-085312,previous_detection,annealing_T=75_h=5,20260520-085312,20260625-095817,
183,1407.2,172.45,0.0670774,0.225918,20.0,54.3,3.0,annealing_T=100_h=25,absent,absent,3.14,31.0,annealing_T=75_h=5,20260520-085312,previous_detection,annealing_T=75_h=5,20260520-085312,20260625-095817,
183,1407.2,172.45,0.765671,0.0599673,20.0,55.3,4.0,annealing_T=100_h=25,absent,absent,3.14,31.0,annealing_T=75_h=5,20260520-085312,previous_detection,annealing_T=75_h=5,20260520-085312,20260625-095817,
183,1407.2,172.45,2.21311,0.29176,20.0,56.3,5.0,annealing_T=100_h=25,absent,absent,3.14,31.0,annealing_T=75_h=5,20260520-085312,previous_detection,annealing_T=75_h=5,20260520-085312,20260625-095817,
183,1407.2,172.45,2.17433,0.372141,20.0,58.3,7.0,annealing_T=100_h=25,absent,absent,3.14,31.0,annealing_T=75_h=5,20260520-085312,previous_detection,annealing_T=75_h=5,20260520-085312,20260625-095817,
184,119.83,435.81,1.4039,0.148802,20.0,52.3,1.0,annealing_T=100_h=25,absent,disappeared,2.88,26.0,annealing_T=100_h=5,20260610-203538,previous_detection,annealing_T=75_h=25,20260530-001924,20260625-095817,1.991230775173989
184,119.83,435.81,1.27791,0.16622,20.0,53.3,2.0,annealing_T=100_h=25,absent,disappeared,2.88,26.0,annealing_T=100_h=5,20260610-203538,previous_detection,annealing_T=75_h=25,20260530-001924,20260625-095817,1.991230775173989
184,119.83,435.81,3.88901,0.120671,20.0,54.3,3.0,annealing_T=100_h=25,absent,disappeared,2.88,26.0,annealing_T=100_h=5,20260610-203538,previous_detection,annealing_T=75_h=25,20260530-001924,20260625-095817,1.991230775173989
184,119.83,435.81,2.60808,0.227205,20.0,55.3,4.0,annealing_T=100_h=25,absent,disappeared,2.88,26.0,annealing_T=100_h=5,20260610-203538,previous_detection,annealing_T=75_h=25,20260530-001924,20260625-095817,1.991230775173989
184,119.83,435.81,6.64101,0.231943,20.0,56.3,5.0,annealing_T=100_h=25,absent,disappeared,2.88,26.0,annealing_T=100_h=5,20260610-203538,previous_detection,annealing_T=75_h=25,20260530-001924,20260625-095817,1.991230775173989
184,119.83,435.81,13.0901,0.440027,20.0,58.3,7.0,annealing_T=100_h=25,absent,disappeared,2.88,26.0,annealing_T=100_h=5,20260610-203538,previous_detection,annealing_T=75_h=25,20260530-001924,20260625-095817,1.991230775173989
185,587.05,494.87,1.2617,0.0606712,20.0,52.3,1.0,annealing_T=100_h=25,present,present,4.48,63.0,annealing_T=100_h=25,20260625-095817,phase_detection,annealing_T=100_h=5,20260610-203538,20260625-095817,1.0870602559195777
185,587.05,494.87,-0.25509,0.260899,20.0,53.3,2.0,annealing_T=100_h=25,present,present,4.48,63.0,annealing_T=100_h=25,20260625-095817,phase_detection,annealing_T=100_h=5,20260610-203538,20260625-095817,1.0870602559195777
185,587.05,494.87,-0.7949,0.224093,20.0,54.3,3.0,annealing_T=100_h=25,present,present,4.48,63.0,annealing_T=100_h=25,20260625-095817,phase_detection,annealing_T=100_h=5,20260610-203538,20260625-095817,1.0870602559195777
185,587.05,494.87,4.50173,0.367632,20.0,55.3,4.0,annealing_T=100_h=25,present,present,4.48,63.0,annealing_T=100_h=25,20260625-095817,phase_detection,annealing_T=100_h=5,20260610-203538,20260625-095817,1.0870602559195777
185,587.05,494.87,18.6418,0.228575,20.0,56.3,5.0,annealing_T=100_h=25,present,present,4.48,63.0,annealing_T=100_h=25,20260625-095817,phase_detection,annealing_T=100_h=5,20260610-203538,20260625-095817,1.0870602559195777
185,587.05,494.87,140.557,0.683287,20.0,58.3,7.0,annealing_T=100_h=25,present,present,4.48,63.0,annealing_T=100_h=25,20260625-095817,phase_detection,annealing_T=100_h=5,20260610-203538,20260625-095817,1.0870602559195777
186,692.07,844.39,0.0596567,0.11083,20.0,52.3,1.0,annealing_T=100_h=25,absent,absent,2.99,28.0,annealing_T=75_h=25,20260530-001924,previous_detection,annealing_T=75_h=25,20260530-001924,20260625-095817,
186,692.07,844.39,0.0726388,0.0935357,20.0,53.3,2.0,annealing_T=100_h=25,absent,absent,2.99,28.0,annealing_T=75_h=25,20260530-001924,previous_detection,annealing_T=75_h=25,20260530-001924,20260625-095817,
186,692.07,844.39,2.68706,0.0456942,20.0,54.3,3.0,annealing_T=100_h=25,absent,absent,2.99,28.0,annealing_T=75_h=25,20260530-001924,previous_detection,annealing_T=75_h=25,20260530-001924,20260625-095817,
186,692.07,844.39,2.06004,0.111105,20.0,55.3,4.0,annealing_T=100_h=25,absent,absent,2.99,28.0,annealing_T=75_h=25,20260530-001924,previous_detection,annealing_T=75_h=25,20260530-001924,20260625-095817,
186,692.07,844.39,2.79109,0.0756896,20.0,56.3,5.0,annealing_T=100_h=25,absent,absent,2.99,28.0,annealing_T=75_h=25,20260530-001924,previous_detection,annealing_T=75_h=25,20260530-001924,20260625-095817,
186,692.07,844.39,7.50525,0.0527101,20.0,58.3,7.0,annealing_T=100_h=25,absent,absent,2.99,28.0,annealing_T=75_h=25,20260530-001924,previous_detection,annealing_T=75_h=25,20260530-001924,20260625-095817,
187,823.07,608.52,-1.02255,0.397644,20.0,52.3,1.0,annealing_T=100_h=25,absent,absent,6.6,137.0,annealing_T=75_h=25,20260530-001924,previous_detection,annealing_T=75_h=25,20260530-001924,20260625-095817,
187,823.07,608.52,-0.462141,0.519634,20.0,53.3,2.0,annealing_T=100_h=25,absent,absent,6.6,137.0,annealing_T=75_h=25,20260530-001924,previous_detection,annealing_T=75_h=25,20260530-001924,20260625-095817,
187,823.07,608.52,1.61974,0.461381,20.0,54.3,3.0,annealing_T=100_h=25,absent,absent,6.6,137.0,annealing_T=75_h=25,20260530-001924,previous_detection,annealing_T=75_h=25,20260530-001924,20260625-095817,
187,823.07,608.52,-2.17264,0.370486,20.0,55.3,4.0,annealing_T=100_h=25,absent,absent,6.6,137.0,annealing_T=75_h=25,20260530-001924,previous_detection,annealing_T=75_h=25,20260530-001924,20260625-095817,
187,823.07,608.52,-0.269184,0.528458,20.0,56.3,5.0,annealing_T=100_h=25,absent,absent,6.6,137.0,annealing_T=75_h=25,20260530-001924,previous_detection,annealing_T=75_h=25,20260530-001924,20260625-095817,
187,823.07,608.52,1.52394,0.688279,20.0,58.3,7.0,annealing_T=100_h=25,absent,absent,6.6,137.0,annealing_T=75_h=25,20260530-001924,previous_detection,annealing_T=75_h=25,20260530-001924,20260625-095817,
188,856.41,651.19,8.48228,0.248322,20.0,52.3,1.0,annealing_T=100_h=25,present,present,6.82,146.0,annealing_T=100_h=25,20260625-095817,phase_detection,annealing_T=100_h=25,20260625-095817,20260625-095817,1.229837387624935
188,856.41,651.19,24.4804,0.368989,20.0,53.3,2.0,annealing_T=100_h=25,present,present,6.82,146.0,annealing_T=100_h=25,20260625-095817,phase_detection,annealing_T=100_h=25,20260625-095817,20260625-095817,1.229837387624935
188,856.41,651.19,44.7949,0.323235,20.0,54.3,3.0,annealing_T=100_h=25,present,present,6.82,146.0,annealing_T=100_h=25,20260625-095817,phase_detection,annealing_T=100_h=25,20260625-095817,20260625-095817,1.229837387624935
188,856.41,651.19,60.7697,0.340391,20.0,55.3,4.0,annealing_T=100_h=25,present,present,6.82,146.0,annealing_T=100_h=25,20260625-095817,phase_detection,annealing_T=100_h=25,20260625-095817,20260625-095817,1.229837387624935
188,856.41,651.19,86.2761,0.363229,20.0,56.3,5.0,annealing_T=100_h=25,present,present,6.82,146.0,annealing_T=100_h=25,20260625-095817,phase_detection,annealing_T=100_h=25,20260625-095817,20260625-095817,1.229837387624935
188,856.41,651.19,158.802,0.529333,20.0,58.3,7.0,annealing_T=100_h=25,present,present,6.82,146.0,annealing_T=100_h=25,20260625-095817,phase_detection,annealing_T=100_h=25,20260625-095817,20260625-095817,1.229837387624935
189,1149.76,86.21,-0.390935,0.235568,20.0,52.3,1.0,annealing_T=100_h=25,absent,absent,3.04,29.0,annealing_T=75_h=25,20260530-001924,previous_detection,annealing_T=75_h=25,20260530-001924,20260625-095817,
189,1149.76,86.21,0.285614,0.232613,20.0,53.3,2.0,annealing_T=100_h=25,absent,absent,3.04,29.0,annealing_T=75_h=25,20260530-001924,previous_detection,annealing_T=75_h=25,20260530-001924,20260625-095817,
189,1149.76,86.21,-0.782363,0.125897,20.0,54.3,3.0,annealing_T=100_h=25,absent,absent,3.04,29.0,annealing_T=75_h=25,20260530-001924,previous_detection,annealing_T=75_h=25,20260530-001924,20260625-095817,
189,1149.76,86.21,1.08275,0.312874,20.0,55.3,4.0,annealing_T=100_h=25,absent,absent,3.04,29.0,annealing_T=75_h=25,20260530-001924,previous_detection,annealing_T=75_h=25,20260530-001924,20260625-095817,
189,1149.76,86.21,-0.180064,0.155499,20.0,56.3,5.0,annealing_T=100_h=25,absent,absent,3.04,29.0,annealing_T=75_h=25,20260530-001924,previous_detection,annealing_T=75_h=25,20260530-001924,20260625-095817,
189,1149.76,86.21,-1.04043,0.419881,20.0,58.3,7.0,annealing_T=100_h=25,absent,absent,3.04,29.0,annealing_T=75_h=25,20260530-001924,previous_detection,annealing_T=75_h=25,20260530-001924,20260625-095817,
190,1280.08,771.95,-0.178877,0.185143,20.0,52.3,1.0,annealing_T=100_h=25,absent,absent,2.82,25.0,annealing_T=75_h=25,20260530-001924,previous_detection,annealing_T=75_h=25,20260530-001924,20260625-095817,
190,1280.08,771.95,-0.252875,0.0539402,20.0,53.3,2.0,annealing_T=100_h=25,absent,absent,2.82,25.0,annealing_T=75_h=25,20260530-001924,previous_detection,annealing_T=75_h=25,20260530-001924,20260625-095817,
190,1280.08,771.95,0.658913,0.0903588,20.0,54.3,3.0,annealing_T=100_h=25,absent,absent,2.82,25.0,annealing_T=75_h=25,20260530-001924,previous_detection,annealing_T=75_h=25,20260530-001924,20260625-095817,
190,1280.08,771.95,-0.092663,0.08062,20.0,55.3,4.0,annealing_T=100_h=25,absent,absent,2.82,25.0,annealing_T=75_h=25,20260530-001924,previous_detection,annealing_T=75_h=25,20260530-001924,20260625-095817,
190,1280.08,771.95,-0.257746,0.0742583,20.0,56.3,5.0,annealing_T=100_h=25,absent,absent,2.82,25.0,annealing_T=75_h=25,20260530-001924,previous_detection,annealing_T=75_h=25,20260530-001924,20260625-095817,
190,1280.08,771.95,3.13973,0.252883,20.0,58.3,7.0,annealing_T=100_h=25,absent,absent,2.82,25.0,annealing_T=75_h=25,20260530-001924,previous_detection,annealing_T=75_h=25,20260530-001924,20260625-095817,
191,1450.3,1066.44,1.40123,0.266454,20.0,52.3,1.0,annealing_T=100_h=25,absent,absent,5.14,83.0,annealing_T=75_h=25,20260530-001924,previous_detection,annealing_T=125_h=25,20260827-053720,20260625-095817,
191,1450.3,1066.44,2.36303,0.223132,20.0,53.3,2.0,annealing_T=100_h=25,absent,absent,5.14,83.0,annealing_T=75_h=25,20260530-001924,previous_detection,annealing_T=125_h=25,20260827-053720,20260625-095817,
191,1450.3,1066.44,3.47667,0.462634,20.0,54.3,3.0,annealing_T=100_h=25,absent,absent,5.14,83.0,annealing_T=75_h=25,20260530-001924,previous_detection,annealing_T=125_h=25,20260827-053720,20260625-095817,
191,1450.3,1066.44,7.98199,0.493893,20.0,55.3,4.0,annealing_T=100_h=25,absent,absent,5.14,83.0,annealing_T=75_h=25,20260530-001924,previous_detection,annealing_T=125_h=25,20260827-053720,20260625-095817,
191,1450.3,1066.44,9.75691,0.291419,20.0,56.3,5.0,annealing_T=100_h=25,absent,absent,5.14,83.0,annealing_T=75_h=25,20260530-001924,previous_detection,annealing_T=125_h=25,20260827-053720,20260625-095817,
191,1450.3,1066.44,27.2485,0.868268,20.0,58.3,7.0,annealing_T=100_h=25,absent,absent,5.14,83.0,annealing_T=75_h=25,20260530-001924,previous_detection,annealing_T=125_h=25,20260827-053720,20260625-095817,
192,1733.23,121.81,-0.705586,0.0537142,20.0,52.3,1.0,annealing_T=100_h=25,absent,disappeared,3.24,33.0,annealing_T=100_h=5,20260610-203538,previous_detection,annealing_T=150_h=25,20260916-045914,20260625-095817,1.1237882362793674
192,1733.23,121.81,1.85372,0.0660647,20.0,53.3,2.0,annealing_T=100_h=25,absent,disappeared,3.24,33.0,annealing_T=100_h=5,20260610-203538,previous_detection,annealing_T=150_h=25,20260916-045914,20260625-095817,1.1237882362793674
192,1733.23,121.81,2.6217,0.0878073,20.0,54.3,3.0,annealing_T=100_h=25,absent,disappeared,3.24,33.0,annealing_T=100_h=5,20260610-203538,previous_detection,annealing_T=150_h=25,20260916-045914,20260625-095817,1.1237882362793674
192,1733.23,121.81,4.93264,0.0870051,20.0,55.3,4.0,annealing_T=100_h=25,absent,disappeared,3.24,33.0,annealing_T=100_h=5,20260610-203538,previous_detection,annealing_T=150_h=25,20260916-045914,20260625-095817,1.1237882362793674
192,1733.23,121.81,5.23876,0.0534434,20.0,56.3,5.0,annealing_T=100_h=25,absent,disappeared,3.24,33.0,annealing_T=100_h=5,20260610-203538,previous_detection,annealing_T=150_h=25,20260916-045914,20260625-095817,1.1237882362793674
192,1733.23,121.81,11.0274,0.138483,20.0,58.3,7.0,annealing_T=100_h=25,absent,disappeared,3.24,33.0,annealing_T=100_h=5,20260610-203538,previous_detection,annealing_T=150_h=25,20260916-045914,20260625-095817,1.1237882362793674
193,66.03,33.7,0.936306,0.127905,20.0,52.3,1.0,annealing_T=100_h=25,absent,disappeared,3.43,37.0,annealing_T=100_h=5,20260610-203538,previous_detection,annealing_T=100_h=5,20260610-203538,20260625-095817,
193,66.03,33.7,0.177081,0.316034,20.0,53.3,2.0,annealing_T=100_h=25,absent,disappeared,3.43,37.0,annealing_T=100_h=5,20260610-203538,previous_detection,annealing_T=100_h=5,20260610-203538,20260625-095817,
193,66.03,33.7,2.06976,0.199108,20.0,54.3,3.0,annealing_T=100_h=25,absent,disappeared,3.43,37.0,annealing_T=100_h=5,20260610-203538,previous_detection,annealing_T=100_h=5,20260610-203538,20260625-095817,
193,66.03,33.7,1.8814,0.303662,20.0,55.3,4.0,annealing_T=100_h=25,absent,disappeared,3.43,37.0,annealing_T=100_h=5,20260610-203538,previous_detection,annealing_T=100_h=5,20260610-203538,20260625-095817,
193,66.03,33.7,1.00887,0.134244,20.0,56.3,5.0,annealing_T=100_h=25,absent,disappeared,3.43,37.0,annealing_T=100_h=5,20260610-203538,previous_detection,annealing_T=100_h=5,20260610-203538,20260625-095817,
193,66.03,33.7,3.31599,0.422919,20.0,58.3,7.0,annealing_T=100_h=25,absent,disappeared,3.43,37.0,annealing_T=100_h=5,20260610-203538,previous_detection,annealing_T=100_h=5,20260610-203538,20260625-095817,
194,886.44,270.06,0.123378,0.0657842,20.0,52.3,1.0,annealing_T=100_h=25,present,present,3.57,40.0,annealing_T=100_h=25,20260625-095817,phase_detection,annealing_T=100_h=25,20260625-095817,20260625-095817,0.8348652585897005
194,886.44,270.06,3.34688,0.105561,20.0,53.3,2.0,annealing_T=100_h=25,present,present,3.57,40.0,annealing_T=100_h=25,20260625-095817,phase_detection,annealing_T=100_h=25,20260625-095817,20260625-095817,0.8348652585897005
194,886.44,270.06,7.32229,0.068574,20.0,54.3,3.0,annealing_T=100_h=25,present,present,3.57,40.0,annealing_T=100_h=25,20260625-095817,phase_detection,annealing_T=100_h=25,20260625-095817,20260625-095817,0.8348652585897005
194,886.44,270.06,8.47436,0.136507,20.0,55.3,4.0,annealing_T=100_h=25,present,present,3.57,40.0,annealing_T=100_h=25,20260625-095817,phase_detection,annealing_T=100_h=25,20260625-095817,20260625-095817,0.8348652585897005
194,886.44,270.06,12.1097,0.114512,20.0,56.3,5.0,annealing_T=100_h=25,present,present,3.57,40.0,annealing_T=100_h=25,20260625-095817,phase_detection,annealing_T=100_h=25,20260625-095817,20260625-095817,0.8348652585897005
194,886.44,270.06,19.2473,0.103221,20.0,58.3,7.0,annealing_T=100_h=25,present,present,3.57,40.0,annealing_T=100_h=25,20260625-095817,phase_detection,annealing_T=100_h=25,20260625-095817,20260625-095817,0.8348652585897005
195,1176.31,651.81,8.40486,0.409357,20.0,52.3,1.0,annealing_T=100_h=25,present,present,7.0,154.0,annealing_T=100_h=25,20260625-095817,phase_detection,annealing_T=100_h=25,20260625-095817,20260625-095817,0.7247068372798063
195,1176.31,651.81,16.3751,0.2859,20.0,53.3,2.0,annealing_T=100_h=25,present,present,7.0,154.0,annealing_T=100_h=25,20260625-095817,phase_detection,annealing_T=100_h=25,20260625-095817,20260625-095817,0.7247068372798063
195,1176.31,651.81,46.4921,0.334458,20.0,54.3,3.0,annealing_T=100_h=25,present,present,7.0,154.0,annealing_T=100_h=25,20260625-095817,phase_detection,annealing_T=100_h=25,20260625-095817,20260625-095817,0.7247068372798063
195,1176.31,651.81,76.6722,0.384115,20.0,55.3,4.0,annealing_T=100_h=25,present,present,7.0,154.0,annealing_T=100_h=25,20260625-095817,phase_detection,annealing_T=100_h=25,20260625-095817,20260625-095817,0.7247068372798063
195,1176.31,651.81,107.333,0.372492,20.0,56.3,5.0,annealing_T=100_h=25,present,present,7.0,154.0,annealing_T=100_h=25,20260625-095817,phase_detection,annealing_T=100_h=25,20260625-095817,20260625-095817,0.7247068372798063
195,1176.31,651.81,200.461,0.677869,20.0,58.3,7.0,annealing_T=100_h=25,present,present,7.0,154.0,annealing_T=100_h=25,20260625-095817,phase_detection,annealing_T=100_h=25,20260625-095817,20260625-095817,0.7247068372798063
196,1809.16,452.15,0.505065,0.100166,20.0,52.3,1.0,annealing_T=100_h=25,present,present,3.78,45.0,annealing_T=100_h=25,20260625-095817,phase_detection,annealing_T=100_h=5,20260610-203538,20260625-095817,0.6881860213635111
196,1809.16,452.15,1.78406,0.0904955,20.0,53.3,2.0,annealing_T=100_h=25,present,present,3.78,45.0,annealing_T=100_h=25,20260625-095817,phase_detection,annealing_T=100_h=5,20260610-203538,20260625-095817,0.6881860213635111
196,1809.16,452.15,2.71672,0.0735444,20.0,54.3,3.0,annealing_T=100_h=25,present,present,3.78,45.0,annealing_T=100_h=25,20260625-095817,phase_detection,annealing_T=100_h=5,20260610-203538,20260625-095817,0.6881860213635111
196,1809.16,452.15,8.72886,0.173731,20.0,55.3,4.0,annealing_T=100_h=25,present,present,3.78,45.0,annealing_T=100_h=25,20260625-095817,phase_detection,annealing_T=100_h=5,20260610-203538,20260625-095817,0.6881860213635111
196,1809.16,452.15,11.0782,0.124117,20.0,56.3,5.0,annealing_T=100_h=25,present,present,3.78,45.0,annealing_T=100_h=25,20260625-095817,phase_detection,annealing_T=100_h=5,20260610-203538,20260625-095817,0.6881860213635111
196,1809.16,452.15,20.325,0.116164,20.0,58.3,7.0,annealing_T=100_h=25,present,present,3.78,45.0,annealing_T=100_h=25,20260625-095817,phase_detection,annealing_T=100_h=5,20260610-203538,20260625-095817,0.6881860213635111
197,1918.2,839.54,0.917854,0.152968,20.0,52.3,1.0,annealing_T=100_h=25,present,present,3.14,31.0,annealing_T=100_h=25,20260625-095817,phase_detection,annealing_T=100_h=25,20260625-095817,20260625-095817,2.763656997530655
197,1918.2,839.54,0.158081,0.123098,20.0,53.3,2.0,annealing_T=100_h=25,present,present,3.14,31.0,annealing_T=100_h=25,20260625-095817,phase_detection,annealing_T=100_h=25,20260625-095817,20260625-095817,2.763656997530655
197,1918.2,839.54,4.24348,0.125368,20.0,54.3,3.0,annealing_T=100_h=25,present,present,3.14,31.0,annealing_T=100_h=25,20260625-095817,phase_detection,annealing_T=100_h=25,20260625-095817,20260625-095817,2.763656997530655
197,1918.2,839.54,5.30905,0.0899341,20.0,55.3,4.0,annealing_T=100_h=25,present,present,3.14,31.0,annealing_T=100_h=25,20260625-095817,phase_detection,annealing_T=100_h=25,20260625-095817,20260625-095817,2.763656997530655
197,1918.2,839.54,8.15506,0.0810827,20.0,56.3,5.0,annealing_T=100_h=25,present,present,3.14,31.0,annealing_T=100_h=25,20260625-095817,phase_detection,annealing_T=100_h=25,20260625-095817,20260625-095817,2.763656997530655
197,1918.2,839.54,22.0014,0.208522,20.0,58.3,7.0,annealing_T=100_h=25,present,present,3.14,31.0,annealing_T=100_h=25,20260625-095817,phase_detection,annealing_T=100_h=25,20260625-095817,20260625-095817,2.763656997530655
198,139.89,1019.54,1.27764,0.111574,20.0,52.3,1.0,annealing_T=100_h=25,absent,not_yet_detected,2.93,27.0,annealing_T=125_h=5,20260723-075232,first_future_detection,annealing_T=125_h=5,20260723-075232,20260625-095817,
198,139.89,1019.54,0.659104,0.223724,20.0,53.3,2.0,annealing_T=100_h=25,absent,not_yet_detected,2.93,27.0,annealing_T=125_h=5,20260723-075232,first_future_detection,annealing_T=125_h=5,20260723-075232,20260625-095817,
198,139.89,1019.54,0.772667,0.13233,20.0,54.3,3.0,annealing_T=100_h=25,absent,not_yet_detected,2.93,27.0,annealing_T=125_h=5,20260723-075232,first_future_detection,annealing_T=125_h=5,20260723-075232,20260625-095817,
198,139.89,1019.54,3.76537,0.22478,20.0,55.3,4.0,annealing_T=100_h=25,absent,not_yet_detected,2.93,27.0,annealing_T=125_h=5,20260723-075232,first_future_detection,annealing_T=125_h=5,20260723-075232,20260625-095817,
198,139.89,1019.54,2.47403,0.114057,20.0,56.3,5.0,annealing_T=100_h=25,absent,not_yet_detected,2.93,27.0,annealing_T=125_h=5,20260723-075232,first_future_detection,annealing_T=125_h=5,20260723-075232,20260625-095817,
198,139.89,1019.54,5.42538,0.170841,20.0,58.3,7.0,annealing_T=100_h=25,absent,not_yet_detected,2.93,27.0,annealing_T=125_h=5,20260723-075232,first_future_detection,annealing_T=125_h=5,20260723-075232,20260625-095817,
199,142.65,401.02,-0.64597,0.16639,20.0,52.3,1.0,annealing_T=100_h=25,absent,not_yet_detected,2.99,28.0,annealing_T=125_h=5,20260723-075232,first_future_detection,annealing_T=125_h=5,20260723-075232,20260625-095817,
199,142.65,401.02,1.08139,0.0549983,20.0,53.3,2.0,annealing_T=100_h=25,absent,not_yet_detected,2.99,28.0,annealing_T=125_h=5,20260723-075232,first_future_detection,annealing_T=125_h=5,20260723-075232,20260625-095817,
199,142.65,401.02,-0.213793,0.038623,20.0,54.3,3.0,annealing_T=100_h=25,absent,not_yet_detected,2.99,28.0,annealing_T=125_h=5,20260723-075232,first_future_detection,annealing_T=125_h=5,20260723-075232,20260625-095817,
199,142.65,401.02,0.944695,0.0759885,20.0,55.3,4.0,annealing_T=100_h=25,absent,not_yet_detected,2.99,28.0,annealing_T=125_h=5,20260723-075232,first_future_detection,annealing_T=125_h=5,20260723-075232,20260625-095817,
199,142.65,401.02,0.983725,0.173039,20.0,56.3,5.0,annealing_T=100_h=25,absent,not_yet_detected,2.99,28.0,annealing_T=125_h=5,20260723-075232,first_future_detection,annealing_T=125_h=5,20260723-075232,20260625-095817,
199,142.65,401.02,1.26814,0.0695644,20.0,58.3,7.0,annealing_T=100_h=25,absent,not_yet_detected,2.99,28.0,annealing_T=125_h=5,20260723-075232,first_future_detection,annealing_T=125_h=5,20260723-075232,20260625-095817,
200,413.56,519.65,-1.2505,0.161086,20.0,52.3,1.0,annealing_T=100_h=25,absent,not_yet_detected,4.65,68.0,annealing_T=125_h=5,20260723-075232,first_future_detection,annealing_T=125_h=5,20260723-075232,20260625-095817,
200,413.56,519.65,0.215049,0.283677,20.0,53.3,2.0,annealing_T=100_h=25,absent,not_yet_detected,4.65,68.0,annealing_T=125_h=5,20260723-075232,first_future_detection,annealing_T=125_h=5,20260723-075232,20260625-095817,
200,413.56,519.65,1.54521,0.134664,20.0,54.3,3.0,annealing_T=100_h=25,absent,not_yet_detected,4.65,68.0,annealing_T=125_h=5,20260723-075232,first_future_detection,annealing_T=125_h=5,20260723-075232,20260625-095817,
200,413.56,519.65,4.61807,0.137493,20.0,55.3,4.0,annealing_T=100_h=25,absent,not_yet_detected,4.65,68.0,annealing_T=125_h=5,20260723-075232,first_future_detection,annealing_T=125_h=5,20260723-075232,20260625-095817,
200,413.56,519.65,1.16513,0.162347,20.0,56.3,5.0,annealing_T=100_h=25,absent,not_yet_detected,4.65,68.0,annealing_T=125_h=5,20260723-075232,first_future_detection,annealing_T=125_h=5,20260723-075232,20260625-095817,
200,413.56,519.65,5.17445,0.170842,20.0,58.3,7.0,annealing_T=100_h=25,absent,not_yet_detected,4.65,68.0,annealing_T=125_h=5,20260723-075232,first_future_detection,annealing_T=125_h=5,20260723-075232,20260625-095817,
201,1045.97,277.09,1.06482,0.048091,20.0,52.3,1.0,annealing_T=100_h=25,absent,not_yet_detected,3.34,35.0,annealing_T=125_h=5,20260723-075232,first_future_detection,annealing_T=125_h=5,20260723-075232,20260625-095817,
201,1045.97,277.09,0.064187,0.0515278,20.0,53.3,2.0,annealing_T=100_h=25,absent,not_yet_detected,3.34,35.0,annealing_T=125_h=5,20260723-075232,first_future_detection,annealing_T=125_h=5,20260723-075232,20260625-095817,
201,1045.97,277.09,1.49458,0.0511232,20.0,54.3,3.0,annealing_T=100_h=25,absent,not_yet_detected,3.34,35.0,annealing_T=125_h=5,20260723-075232,first_future_detection,annealing_T=125_h=5,20260723-075232,20260625-095817,
201,1045.97,277.09,1.84418,0.0715072,20.0,55.3,4.0,annealing_T=100_h=25,absent,not_yet_detected,3.34,35.0,annealing_T=125_h=5,20260723-075232,first_future_detection,annealing_T=125_h=5,20260723-075232,20260625-095817,
201,1045.97,277.09,3.51293,0.0935437,20.0,56.3,5.0,annealing_T=100_h=25,absent,not_yet_detected,3.34,35.0,annealing_T=125_h=5,20260723-075232,first_future_detection,annealing_T=125_h=5,20260723-075232,20260625-095817,
201,1045.97,277.09,6.69188,0.066723,20.0,58.3,7.0,annealing_T=100_h=25,absent,not_yet_detected,3.34,35.0,annealing_T=125_h=5,20260723-075232,first_future_detection,annealing_T=125_h=5,20260723-075232,20260625-095817,
202,791.88,914.9,0.437598,0.0897717,20.0,52.3,1.0,annealing_T=100_h=25,absent,not_yet_detected,4.22,56.0,annealing_T=125_h=25,20260827-053720,first_future_detection,annealing_T=125_h=25,20260827-053720,20260625-095817,
202,791.88,914.9,-0.405182,0.134839,20.0,53.3,2.0,annealing_T=100_h=25,absent,not_yet_detected,4.22,56.0,annealing_T=125_h=25,20260827-053720,first_future_detection,annealing_T=125_h=25,20260827-053720,20260625-095817,
202,791.88,914.9,-0.587589,0.13897,20.0,54.3,3.0,annealing_T=100_h=25,absent,not_yet_detected,4.22,56.0,annealing_T=125_h=25,20260827-053720,first_future_detection,annealing_T=125_h=25,20260827-053720,20260625-095817,
202,791.88,914.9,2.7714,0.230391,20.0,55.3,4.0,annealing_T=100_h=25,absent,not_yet_detected,4.22,56.0,annealing_T=125_h=25,20260827-053720,first_future_detection,annealing_T=125_h=25,20260827-053720,20260625-095817,
202,791.88,914.9,3.5578,0.112855,20.0,56.3,5.0,annealing_T=100_h=25,absent,not_yet_detected,4.22,56.0,annealing_T=125_h=25,20260827-053720,first_future_detection,annealing_T=125_h=25,20260827-053720,20260625-095817,
202,791.88,914.9,0.316491,0.310147,20.0,58.3,7.0,annealing_T=100_h=25,absent,not_yet_detected,4.22,56.0,annealing_T=125_h=25,20260827-053720,first_future_detection,annealing_T=125_h=25,20260827-053720,20260625-095817,
203,1504.96,513.9,2.16271,0.192908,20.0,52.3,1.0,annealing_T=100_h=25,absent,not_yet_detected,4.89,75.0,annealing_T=125_h=25,20260827-053720,first_future_detection,annealing_T=125_h=25,20260827-053720,20260625-095817,
203,1504.96,513.9,7.06042,0.41406,20.0,53.3,2.0,annealing_T=100_h=25,absent,not_yet_detected,4.89,75.0,annealing_T=125_h=25,20260827-053720,first_future_detection,annealing_T=125_h=25,20260827-053720,20260625-095817,
203,1504.96,513.9,12.9678,0.455585,20.0,54.3,3.0,annealing_T=100_h=25,absent,not_yet_detected,4.89,75.0,annealing_T=125_h=25,20260827-053720,first_future_detection,annealing_T=125_h=25,20260827-053720,20260625-095817,
203,1504.96,513.9,26.8008,0.25049,20.0,55.3,4.0,annealing_T=100_h=25,absent,not_yet_detected,4.89,75.0,annealing_T=125_h=25,20260827-053720,first_future_detection,annealing_T=125_h=25,20260827-053720,20260625-095817,
203,1504.96,513.9,51.7357,0.275177,20.0,56.3,5.0,annealing_T=100_h=25,absent,not_yet_detected,4.89,75.0,annealing_T=125_h=25,20260827-053720,first_future_detection,annealing_T=125_h=25,20260827-053720,20260625-095817,
203,1504.96,513.9,124.542,0.677458,20.0,58.3,7.0,annealing_T=100_h=25,absent,not_yet_detected,4.89,75.0,annealing_T=125_h=25,20260827-053720,first_future_detection,annealing_T=125_h=25,20260827-053720,20260625-095817,
204,1734.82,907.69,3.10232,0.240831,20.0,52.3,1.0,annealing_T=100_h=25,absent,not_yet_detected,7.63,183.0,annealing_T=125_h=25,20260827-053720,first_future_detection,annealing_T=125_h=25,20260827-053720,20260625-095817,
204,1734.82,907.69,4.78895,0.323499,20.0,53.3,2.0,annealing_T=100_h=25,absent,not_yet_detected,7.63,183.0,annealing_T=125_h=25,20260827-053720,first_future_detection,annealing_T=125_h=25,20260827-053720,20260625-095817,
204,1734.82,907.69,-1.5659,0.320037,20.0,54.3,3.0,annealing_T=100_h=25,absent,not_yet_detected,7.63,183.0,annealing_T=125_h=25,20260827-053720,first_future_detection,annealing_T=125_h=25,20260827-053720,20260625-095817,
204,1734.82,907.69,3.15597,0.286468,20.0,55.3,4.0,annealing_T=100_h=25,absent,not_yet_detected,7.63,183.0,annealing_T=125_h=25,20260827-053720,first_future_detection,annealing_T=125_h=25,20260827-053720,20260625-095817,
204,1734.82,907.69,0.735901,0.268581,20.0,56.3,5.0,annealing_T=100_h=25,absent,not_yet_detected,7.63,183.0,annealing_T=125_h=25,20260827-053720,first_future_detection,annealing_T=125_h=25,20260827-053720,20260625-095817,
204,1734.82,907.69,6.63946,0.377356,20.0,58.3,7.0,annealing_T=100_h=25,absent,not_yet_detected,7.63,183.0,annealing_T=125_h=25,20260827-053720,first_future_detection,annealing_T=125_h=25,20260827-053720,20260625-095817,
205,412.51,72.93,-0.272597,0.308215,20.0,52.3,1.0,annealing_T=100_h=25,absent,not_yet_detected,3.91,48.0,annealing_T=150_h=5,20260908-043207,first_future_detection,annealing_T=150_h=5,20260908-043207,20260625-095817,
205,412.51,72.93,-1.23275,0.283249,20.0,53.3,2.0,annealing_T=100_h=25,absent,not_yet_detected,3.91,48.0,annealing_T=150_h=5,20260908-043207,first_future_detection,annealing_T=150_h=5,20260908-043207,20260625-095817,
205,412.51,72.93,0.581906,0.30098,20.0,54.3,3.0,annealing_T=100_h=25,absent,not_yet_detected,3.91,48.0,annealing_T=150_h=5,20260908-043207,first_future_detection,annealing_T=150_h=5,20260908-043207,20260625-095817,
205,412.51,72.93,-0.198824,0.268066,20.0,55.3,4.0,annealing_T=100_h=25,absent,not_yet_detected,3.91,48.0,annealing_T=150_h=5,20260908-043207,first_future_detection,annealing_T=150_h=5,20260908-043207,20260625-095817,
205,412.51,72.93,1.18569,0.211916,20.0,56.3,5.0,annealing_T=100_h=25,absent,not_yet_detected,3.91,48.0,annealing_T=150_h=5,20260908-043207,first_future_detection,annealing_T=150_h=5,20260908-043207,20260625-095817,
205,412.51,72.93,5.23685,0.486095,20.0,58.3,7.0,annealing_T=100_h=25,absent,not_yet_detected,3.91,48.0,annealing_T=150_h=5,20260908-043207,first_future_detection,annealing_T=150_h=5,20260908-043207,20260625-095817,
206,730.83,246.78,-0.360633,0.311319,20.0,52.3,1.0,annealing_T=100_h=25,absent,not_yet_detected,3.66,42.0,annealing_T=150_h=5,20260908-043207,first_future_detection,annealing_T=150_h=5,20260908-043207,20260625-095817,
206,730.83,246.78,0.466527,0.221833,20.0,53.3,2.0,annealing_T=100_h=25,absent,not_yet_detected,3.66,42.0,annealing_T=150_h=5,20260908-043207,first_future_detection,annealing_T=150_h=5,20260908-043207,20260625-095817,
206,730.83,246.78,3.35467,0.236243,20.0,54.3,3.0,annealing_T=100_h=25,absent,not_yet_detected,3.66,42.0,annealing_T=150_h=5,20260908-043207,first_future_detection,annealing_T=150_h=5,20260908-043207,20260625-095817,
206,730.83,246.78,1.34384,0.155633,20.0,55.3,4.0,annealing_T=100_h=25,absent,not_yet_detected,3.66,42.0,annealing_T=150_h=5,20260908-043207,first_future_detection,annealing_T=150_h=5,20260908-043207,20260625-095817,
206,730.83,246.78,2.20996,0.535173,20.0,56.3,5.0,annealing_T=100_h=25,absent,not_yet_detected,3.66,42.0,annealing_T=150_h=5,20260908-043207,first_future_detection,annealing_T=150_h=5,20260908-043207,20260625-095817,
206,730.83,246.78,4.68455,0.141121,20.0,58.3,7.0,annealing_T=100_h=25,absent,not_yet_detected,3.66,42.0,annealing_T=150_h=5,20260908-043207,first_future_detection,annealing_T=150_h=5,20260908-043207,20260625-095817,
207,1097.64,198.52,-0.409986,0.148946,20.0,52.3,1.0,annealing_T=100_h=25,absent,not_yet_detected,4.44,62.0,annealing_T=150_h=5,20260908-043207,first_future_detection,annealing_T=150_h=5,20260908-043207,20260625-095817,
207,1097.64,198.52,1.86239,0.104636,20.0,53.3,2.0,annealing_T=100_h=25,absent,not_yet_detected,4.44,62.0,annealing_T=150_h=5,20260908-043207,first_future_detection,annealing_T=150_h=5,20260908-043207,20260625-095817,
207,1097.64,198.52,3.70979,0.105649,20.0,54.3,3.0,annealing_T=100_h=25,absent,not_yet_detected,4.44,62.0,annealing_T=150_h=5,20260908-043207,first_future_detection,annealing_T=150_h=5,20260908-043207,20260625-095817,
207,1097.64,198.52,6.42199,0.235412,20.0,55.3,4.0,annealing_T=100_h=25,absent,not_yet_detected,4.44,62.0,annealing_T=150_h=5,20260908-043207,first_future_detection,annealing_T=150_h=5,20260908-043207,20260625-095817,
207,1097.64,198.52,8.79732,0.345744,20.0,56.3,5.0,annealing_T=100_h=25,absent,not_yet_detected,4.44,62.0,annealing_T=150_h=5,20260908-043207,first_future_detection,annealing_T=150_h=5,20260908-043207,20260625-095817,
207,1097.64,198.52,18.2211,0.246719,20.0,58.3,7.0,annealing_T=100_h=25,absent,not_yet_detected,4.44,62.0,annealing_T=150_h=5,20260908-043207,first_future_detection,annealing_T=150_h=5,20260908-043207,20260625-095817,
208,1764.68,189.61,0.573254,0.103229,20.0,52.3,1.0,annealing_T=100_h=25,absent,not_yet_detected,2.99,28.0,annealing_T=150_h=25,20260916-045914,first_future_detection,annealing_T=150_h=25,20260916-045914,20260625-095817,
208,1764.68,189.61,0.693154,0.120342,20.0,53.3,2.0,annealing_T=100_h=25,absent,not_yet_detected,2.99,28.0,annealing_T=150_h=25,20260916-045914,first_future_detection,annealing_T=150_h=25,20260916-045914,20260625-095817,
208,1764.68,189.61,1.25632,0.0713444,20.0,54.3,3.0,annealing_T=100_h=25,absent,not_yet_detected,2.99,28.0,annealing_T=150_h=25,20260916-045914,first_future_detection,annealing_T=150_h=25,20260916-045914,20260625-095817,
208,1764.68,189.61,2.21041,0.134953,20.0,55.3,4.0,annealing_T=100_h=25,absent,not_yet_detected,2.99,28.0,annealing_T=150_h=25,20260916-045914,first_future_detection,annealing_T=150_h=25,20260916-045914,20260625-095817,
208,1764.68,189.61,1.49098,0.146006,20.0,56.3,5.0,annealing_T=100_h=25,absent,not_yet_detected,2.99,28.0,annealing_T=150_h=25,20260916-045914,first_future_detection,annealing_T=150_h=25,20260916-045914,20260625-095817,
208,1764.68,189.61,3.92698,0.298511,20.0,58.3,7.0,annealing_T=100_h=25,absent,not_yet_detected,2.99,28.0,annealing_T=150_h=25,20260916-045914,first_future_detection,annealing_T=150_h=25,20260916-045914,20260625-095817,
