sensor,phase,run_number,local_spot,spot,x,y,integration_area,integration_radius,x_ref,y_ref,match_distance,match_type,candidate_count
A2,annealing_100_25,20260701-110203,0,0,1774.8,746.4,283.0,9.49,1774.35,745.52,0.9883825170449105,matched,1
A2,annealing_100_5,20260617-090129,0,0,1774.83,745.88,442.0,11.86,1774.35,745.52,0.6000000000000227,matched,1
A2,annealing_125_25,20260831-115727,0,0,1773.54,744.1,97.0,5.56,1774.35,745.52,1.634778272427119,matched,1
A2,annealing_125_5,20260727-122841,1,0,1775.44,748.81,185.0,7.67,1774.35,745.52,3.4658620861194227,matched,1
A2,annealing_75_25,20260608-115621,0,0,1771.62,743.19,423.0,11.6,1774.35,745.52,3.589122455419954,matched,1
A2,annealing_75_5,20260521-181553,0,0,1776.55,750.37,527.0,12.95,1774.35,745.52,5.32564550078208,matched,1
A2,before_annealing,20260514-190549,0,0,1774.35,745.52,505.0,12.68,1774.35,745.52,0.0,reference,1
A2,annealing_100_25,20260701-110203,1,1,1613.05,750.3,83.0,5.14,1612.74,749.59,0.7747257579297698,matched,1
A2,annealing_100_5,20260617-090129,1,1,1613.56,750.14,92.0,5.41,1612.74,749.59,0.9873702446396921,matched,1
A2,annealing_125_5,20260727-122841,0,1,1613.26,754.29,36.0,3.39,1612.74,749.59,4.728678462318975,matched,1
A2,annealing_75_25,20260608-115621,1,1,1609.08,746.78,115.0,6.05,1612.74,749.59,4.614293011935949,matched,1
A2,annealing_75_5,20260521-181553,1,1,1614.98,755.23,103.0,5.73,1612.74,749.59,6.068541834740854,matched,1
A2,before_annealing,20260514-190549,1,1,1612.74,749.59,102.0,5.7,1612.74,749.59,0.0,reference,1
A2,annealing_75_5,20260521-181553,5,2,2667.92,749.17,113.0,6.0,2665.61,748.44,2.4226019070411895,matched,1
A2,before_annealing,20260514-190549,2,2,2665.61,748.44,118.0,6.13,2665.61,748.44,0.0,reference,1
A2,annealing_100_5,20260617-090129,2,3,1967.11,747.55,48.0,3.91,1967.98,747.04,1.0084641788383941,matched,1
A2,before_annealing,20260514-190549,3,3,1967.98,747.04,60.0,4.37,1967.98,747.04,0.0,reference,1
A2,annealing_100_25,20260701-110203,4,4,368.38,735.16,198.0,7.94,367.95,734.78,0.573846669416145,matched,1
A2,annealing_100_5,20260617-090129,4,4,368.92,735.7,261.0,9.11,367.95,734.78,1.336899397860657,matched,2
A2,annealing_125_25,20260831-115727,2,4,367.43,731.06,160.0,7.14,367.95,734.78,3.7561682603419384,matched,1
A2,annealing_150_25,20260917-164036,0,4,368.58,734.03,133.0,6.51,367.95,734.78,0.9794896630388675,matched,1
A2,annealing_75_25,20260608-115621,7,4,365.53,728.23,250.0,8.92,367.95,734.78,6.98275733503603,matched,1
A2,before_annealing,20260514-190549,4,4,367.95,734.78,304.0,9.84,367.95,734.78,0.0,reference,1
A2,annealing_100_25,20260701-110203,3,5,762.35,738.57,73.0,4.82,761.29,737.6,1.4368368035376107,matched,1
A2,annealing_100_5,20260617-090129,6,5,762.4,738.35,121.0,6.21,761.29,737.6,1.3396268137059777,matched,1
A2,annealing_125_25,20260831-115727,3,5,761.31,733.78,45.0,3.78,761.29,737.6,3.8200523556622077,matched,1
A2,annealing_125_5,20260727-122841,4,5,763.3,742.89,80.0,5.05,761.29,737.6,5.658992843253963,matched,1
A2,annealing_150_25,20260917-164036,1,5,761.95,736.1,31.0,3.14,761.29,737.6,1.6387800340497525,matched,1
A2,annealing_75_25,20260608-115621,4,5,758.97,732.06,203.0,8.04,761.29,737.6,6.0061635009380625,matched,1
A2,annealing_75_5,20260521-181553,7,5,763.79,746.49,150.0,6.91,761.29,737.6,9.234830805163664,matched,1
A2,before_annealing,20260514-190549,5,5,761.29,737.6,183.0,7.63,761.29,737.6,0.0,reference,1
A2,annealing_100_25,20260701-110203,2,6,718.55,737.15,165.0,7.25,718.05,736.61,0.7359347797189373,matched,1
A2,annealing_100_5,20260617-090129,5,6,718.96,737.24,202.0,8.02,718.05,736.61,1.1067971810589974,matched,1
A2,annealing_125_25,20260831-115727,1,6,717.56,733.14,185.0,7.67,718.05,736.61,3.504425773218802,matched,1
A2,annealing_125_5,20260727-122841,2,6,719.81,742.55,197.0,7.92,718.05,736.61,6.195256249744579,matched,1
A2,annealing_75_25,20260608-115621,5,6,715.78,730.85,156.0,7.05,718.05,736.61,6.191163057132304,matched,1
A2,annealing_75_5,20260521-181553,6,6,720.55,745.78,172.0,7.4,718.05,736.61,9.504677795696141,matched,1
A2,before_annealing,20260514-190549,6,6,718.05,736.61,167.0,7.29,718.05,736.61,0.0,reference,1
A2,annealing_100_25,20260701-110203,5,7,912.74,726.36,489.0,12.48,912.02,726.03,0.792022726946687,matched,1
A2,annealing_100_5,20260617-090129,7,7,913.34,726.51,396.0,11.23,912.02,726.03,1.4045639892864081,matched,1
A2,annealing_125_25,20260831-115727,6,7,911.41,722.59,274.0,9.34,912.02,726.03,3.4936656966572532,matched,1
A2,annealing_125_5,20260727-122841,5,7,913.84,731.15,387.0,11.1,912.02,726.03,5.43385682549699,matched,1
A2,annealing_150_25,20260917-164036,2,7,912.52,725.19,123.0,6.26,912.02,726.03,0.9775479527879246,matched,1
A2,annealing_75_25,20260608-115621,6,7,909.58,720.74,718.0,15.12,912.02,726.03,5.825607264483191,matched,1
A2,annealing_75_5,20260521-181553,8,7,914.68,734.44,625.0,14.1,912.02,726.03,8.820640566308164,matched,1
A2,before_annealing,20260514-190549,7,7,912.02,726.03,634.0,14.21,912.02,726.03,0.0,reference,1
A2,annealing_100_25,20260701-110203,6,8,1711.76,734.62,60.0,4.37,1710.97,734.17,0.9091754506144474,matched,1
A2,annealing_100_5,20260617-090129,8,8,1711.73,734.52,100.0,5.64,1710.97,734.17,0.8367197858303591,matched,1
A2,annealing_125_25,20260831-115727,4,8,1710.86,732.99,52.0,4.07,1710.97,734.17,1.1851160280748505,matched,1
A2,annealing_125_5,20260727-122841,7,8,1713.27,736.9,53.0,4.11,1710.97,734.17,3.569719876965123,matched,1
A2,annealing_75_25,20260608-115621,8,8,1708.54,731.14,114.0,6.02,1710.97,734.17,3.8840442839906117,matched,1
A2,annealing_75_5,20260521-181553,9,8,1713.59,738.95,147.0,6.84,1710.97,734.17,5.4509448722217195,matched,1
A2,before_annealing,20260514-190549,8,8,1710.97,734.17,171.0,7.38,1710.97,734.17,0.0,reference,1
A2,annealing_100_25,20260701-110203,7,9,2222.78,725.49,168.0,7.31,2222.08,724.77,1.004191216850865,matched,1
A2,annealing_100_5,20260617-090129,10,9,2222.59,724.94,188.0,7.74,2222.08,724.77,0.5375872022288546,matched,1
A2,annealing_125_25,20260831-115727,7,9,2220.95,723.87,89.0,5.32,2222.08,724.77,1.4446106741957176,matched,1
A2,annealing_125_5,20260727-122841,8,9,2223.16,726.58,137.0,6.6,2222.08,724.77,2.1077238908358127,matched,1
A2,annealing_150_25,20260917-164036,3,9,2221.32,724.91,48.0,3.91,2222.08,724.77,0.7727871634542313,matched,1
A2,annealing_150_5,20260909-160823,2,9,2218.03,717.75,52.0,4.07,2222.08,724.77,8.10449875069381,matched,1
A2,annealing_75_25,20260608-115621,9,9,2219.0,723.78,225.0,8.46,2222.08,724.77,3.235197057367537,matched,1
A2,annealing_75_5,20260521-181553,11,9,2224.46,727.02,194.0,7.86,2222.08,724.77,3.2751946507040643,matched,1
A2,before_annealing,20260514-190549,9,9,2222.08,724.77,196.0,7.9,2222.08,724.77,0.0,reference,1
A2,annealing_75_25,20260608-115621,10,10,1267.06,721.18,44.0,3.74,1269.93,725.43,5.128294063331459,matched,1
A2,annealing_75_5,20260521-181553,10,10,1272.68,732.99,32.0,3.19,1269.93,725.43,8.044631750428412,matched,1
A2,before_annealing,20260514-190549,10,10,1269.93,725.43,53.0,4.11,1269.93,725.43,0.0,reference,1
A2,annealing_100_25,20260701-110203,8,11,1021.17,703.73,143.0,6.75,1020.01,705.52,2.1330025785262885,matched,1
A2,annealing_100_5,20260617-090129,11,11,1021.8,704.6,190.0,7.78,1020.01,705.52,2.0125854019146106,matched,1
A2,annealing_125_25,20260831-115727,9,11,1020.3,700.69,167.0,7.29,1020.01,705.52,4.8386981720292574,matched,1
A2,annealing_125_5,20260727-122841,9,11,1021.2,710.61,143.0,6.75,1020.01,705.52,5.227255494042782,matched,1
A2,annealing_150_25,20260917-164036,4,11,1022.07,700.79,151.0,6.93,1020.01,705.52,5.15911814169829,matched,1
A2,annealing_75_25,20260608-115621,12,11,1018.06,698.81,222.0,8.41,1020.01,705.52,6.987603308717565,matched,1
A2,annealing_75_5,20260521-181553,13,11,1022.69,713.0,320.0,10.09,1020.01,705.52,7.94561514295782,matched,1
A2,before_annealing,20260514-190549,11,11,1020.01,705.52,301.0,9.79,1020.01,705.52,0.0,reference,1
A2,annealing_100_25,20260701-110203,10,12,2427.88,707.82,54.0,4.15,2426.65,707.29,1.3393281898026848,matched,1
A2,annealing_100_5,20260617-090129,12,12,2426.43,707.43,140.0,6.68,2426.65,707.29,0.2607680962083135,matched,1
A2,annealing_125_5,20260727-122841,10,12,2427.96,708.99,133.0,6.51,2426.65,707.29,2.146182657650558,matched,1
A2,annealing_75_25,20260608-115621,11,12,2423.63,706.75,100.0,5.64,2426.65,707.29,3.067898303399226,matched,1
A2,annealing_75_5,20260521-181553,14,12,2428.38,709.2,127.0,6.36,2426.65,707.29,2.577013775671441,matched,1
A2,before_annealing,20260514-190549,12,12,2426.65,707.29,111.0,5.94,2426.65,707.29,0.0,reference,1
A2,annealing_100_25,20260701-110203,9,13,355.84,696.35,511.0,12.75,355.18,695.73,0.9055385138137215,matched,1
A2,annealing_100_5,20260617-090129,13,13,356.41,696.65,559.0,13.34,355.18,695.73,1.5360013020827714,matched,2
A2,annealing_125_25,20260831-115727,10,13,354.5,691.55,261.0,9.11,355.18,695.73,4.234949822607175,matched,2
A2,before_annealing,20260514-190549,13,13,355.18,695.73,698.0,14.91,355.18,695.73,0.0,reference,1
A2,annealing_75_5,20260521-181553,15,14,1812.64,708.44,70.0,4.72,1810.17,704.15,4.950252518811621,matched,1
A2,before_annealing,20260514-190549,14,14,1810.17,704.15,58.0,4.3,1810.17,704.15,0.0,reference,1
A2,annealing_100_5,20260617-090129,14,15,2577.13,698.07,202.0,8.02,2579.76,697.53,2.6848649872946417,matched,1
A2,annealing_150_25,20260917-164036,5,15,2575.63,698.59,59.0,4.33,2579.76,697.53,4.263859753791279,matched,1
A2,annealing_150_5,20260909-160823,6,15,2572.29,694.8,37.0,3.43,2579.76,697.53,7.953225760658621,matched,1
A2,annealing_75_25,20260608-115621,13,15,2578.22,697.69,178.0,7.53,2579.76,697.53,1.548289378637377,matched,1
A2,annealing_75_5,20260521-181553,17,15,2582.36,698.43,213.0,8.23,2579.76,697.53,2.7513632984394274,matched,1
A2,before_annealing,20260514-190549,15,15,2579.76,697.53,246.0,8.85,2579.76,697.53,0.0,reference,1
A2,annealing_100_25,20260701-110203,11,16,1614.31,693.19,197.0,7.92,1613.7,692.35,1.038123306741512,matched,1
A2,annealing_100_5,20260617-090129,15,16,1614.54,692.83,234.0,8.63,1613.7,692.35,0.9674709297957639,matched,1
A2,annealing_125_25,20260831-115727,11,16,1613.07,689.52,80.0,5.05,1613.7,692.35,2.8992757716368356,matched,1
A2,annealing_125_5,20260727-122841,12,16,1615.14,695.53,183.0,7.63,1613.7,692.35,3.4908451698693024,matched,1
A2,annealing_75_25,20260608-115621,15,16,1611.17,689.7,235.0,8.65,1613.7,692.35,3.663795845840723,matched,1
A2,annealing_75_5,20260521-181553,16,16,1615.66,697.61,239.0,8.72,1613.7,692.35,5.613305621467625,matched,1
A2,before_annealing,20260514-190549,16,16,1613.7,692.35,255.0,9.01,1613.7,692.35,0.0,reference,1
A2,before_annealing,20260514-190549,17,17,397.7,693.14,60.0,4.37,397.7,693.14,0.0,reference,1
A2,annealing_100_25,20260701-110203,12,18,1707.88,687.08,83.0,5.14,1707.43,686.39,0.8237718130648294,matched,1
A2,annealing_100_5,20260617-090129,16,18,1708.32,686.04,77.0,4.95,1707.43,686.39,0.9563472172803084,matched,1
A2,annealing_125_25,20260831-115727,12,18,1706.81,684.95,95.0,5.5,1707.43,686.39,1.5678010077812734,matched,1
A2,annealing_125_5,20260727-122841,14,18,1708.71,689.66,69.0,4.69,1707.43,686.39,3.5115950791627175,matched,1
A2,annealing_75_25,20260608-115621,18,18,1705.04,683.83,68.0,4.65,1707.43,686.39,3.502242138973289,matched,1
A2,annealing_75_5,20260521-181553,19,18,1709.81,691.62,73.0,4.82,1707.43,686.39,5.746068220966371,matched,1
A2,before_annealing,20260514-190549,18,18,1707.43,686.39,78.0,4.98,1707.43,686.39,0.0,reference,1
A2,annealing_100_25,20260701-110203,13,19,939.2,686.13,39.0,3.52,939.21,685.78,0.35014282800025437,matched,1
A2,annealing_100_5,20260617-090129,17,19,940.57,686.6,66.0,4.58,939.21,685.78,1.5880806024884628,matched,1
A2,annealing_125_25,20260831-115727,14,19,938.9,682.9,76.0,4.92,939.21,685.78,2.8966359798911583,matched,1
A2,annealing_125_5,20260727-122841,13,19,940.72,690.94,50.0,3.99,939.21,685.78,5.376402142697365,matched,1
A2,annealing_150_25,20260917-164036,7,19,939.59,684.73,43.0,3.7,939.21,685.78,1.11664676599178,matched,1
A2,annealing_75_25,20260608-115621,20,19,936.59,680.5,63.0,4.48,939.21,685.78,5.894302333609953,matched,1
A2,annealing_75_5,20260521-181553,18,19,941.67,694.03,108.0,5.86,939.21,685.78,8.608954640372989,matched,1
A2,before_annealing,20260514-190549,19,19,939.21,685.78,86.0,5.23,939.21,685.78,0.0,reference,1
A2,annealing_100_5,20260617-090129,18,20,2087.76,682.86,62.0,4.44,2086.82,683.38,1.0742439201597018,matched,1
A2,annealing_125_25,20260831-115727,15,20,2086.1,681.48,47.0,3.87,2086.82,683.38,2.031846450891474,matched,1
A2,annealing_125_5,20260727-122841,15,20,2088.14,685.54,53.0,4.11,2086.82,683.38,2.5314027731672994,matched,1
A2,annealing_75_25,20260608-115621,19,20,2084.44,681.41,85.0,5.2,2086.82,683.38,3.0895468923453207,matched,1
A2,annealing_75_5,20260521-181553,20,20,2089.17,686.27,110.0,5.92,2086.82,683.38,3.7248624135663713,matched,1
A2,before_annealing,20260514-190549,20,20,2086.82,683.38,112.0,5.97,2086.82,683.38,0.0,reference,1
A2,annealing_100_25,20260701-110203,14,21,2537.96,683.59,106.0,5.81,2537.06,682.54,1.382931668594044,matched,1
A2,annealing_100_5,20260617-090129,19,21,2537.34,682.27,126.0,6.33,2537.06,682.54,0.3889730067756659,matched,1
A2,annealing_125_25,20260831-115727,13,21,2536.06,682.28,98.0,5.59,2537.06,682.54,1.033247308247157,matched,1
A2,annealing_125_5,20260727-122841,16,21,2538.52,684.08,80.0,5.05,2537.06,682.54,2.122074456752247,matched,1
A2,annealing_150_25,20260917-164036,6,21,2536.68,682.85,331.0,10.26,2537.06,682.54,0.49040799340969105,matched,1
A2,annealing_150_5,20260909-160823,8,21,2534.52,679.89,94.0,5.47,2537.06,682.54,3.670708378501307,matched,1
A2,annealing_75_25,20260608-115621,16,21,2534.03,682.56,137.0,6.6,2537.06,682.54,3.0300660058814652,matched,1
A2,annealing_75_5,20260521-181553,21,21,2539.0,683.89,149.0,6.89,2537.06,682.54,2.36349317748122,matched,1
A2,before_annealing,20260514-190549,21,21,2537.06,682.54,159.0,7.11,2537.06,682.54,0.0,reference,1
A2,before_annealing,20260514-190549,22,22,2350.07,682.8,35.0,3.34,2350.07,682.8,0.0,reference,1
A2,annealing_100_25,20260701-110203,15,23,1018.97,668.74,49.0,3.95,1020.87,668.59,1.9059118552545673,matched,1
A2,annealing_100_5,20260617-090129,20,23,1019.49,668.96,63.0,4.48,1020.87,668.59,1.4287407042567208,matched,1
A2,annealing_125_5,20260727-122841,17,23,1019.87,673.11,49.0,3.95,1020.87,668.59,4.629298002937361,matched,1
A2,annealing_75_25,20260608-115621,21,23,1016.64,665.1,51.0,4.03,1020.87,668.59,5.483885483851775,matched,1
A2,annealing_75_5,20260521-181553,23,23,1020.82,676.7,57.0,4.26,1020.87,668.59,8.110154129238248,matched,1
A2,before_annealing,20260514-190549,23,23,1020.87,668.59,91.0,5.38,1020.87,668.59,0.0,reference,1
A2,annealing_100_25,20260701-110203,17,24,1895.82,656.73,182.0,7.61,1895.15,656.57,0.6888396039716231,matched,1
A2,annealing_100_5,20260617-090129,21,24,1895.93,656.64,494.0,12.54,1895.15,656.57,0.7831347265955894,matched,1
A2,annealing_125_25,20260831-115727,17,24,1894.37,654.81,199.0,7.96,1895.15,656.57,1.925097400133479,matched,1
A2,annealing_125_5,20260727-122841,18,24,1896.34,658.97,169.0,7.33,1895.15,656.57,2.678824369009562,matched,1
A2,annealing_150_25,20260917-164036,8,24,1895.22,656.16,536.0,13.06,1895.15,656.57,0.4159326868617784,matched,1
A2,annealing_75_25,20260608-115621,22,24,1892.61,654.32,321.0,10.11,1895.15,656.57,3.3932432862971926,matched,1
A2,annealing_75_5,20260521-181553,25,24,1897.23,660.58,321.0,10.11,1895.15,656.57,4.517355421040016,matched,1
A2,before_annealing,20260514-190549,24,24,1895.15,656.57,377.0,10.95,1895.15,656.57,0.0,reference,1
A2,annealing_75_5,20260521-181553,24,25,1194.85,671.16,48.0,3.91,1191.97,663.78,7.922045190479492,matched,1
A2,before_annealing,20260514-190549,25,25,1191.97,663.78,45.0,3.78,1191.97,663.78,0.0,reference,1
A2,annealing_100_25,20260701-110203,16,26,2443.02,657.98,243.0,8.79,2442.15,657.1,1.237457069962349,matched,1
A2,annealing_100_5,20260617-090129,22,26,2442.73,657.37,202.0,8.02,2442.15,657.1,0.6397655820688588,matched,1
A2,annealing_125_25,20260831-115727,16,26,2441.23,656.82,100.0,5.64,2442.15,657.1,0.9616652224137663,matched,1
A2,annealing_125_5,20260727-122841,19,26,2442.87,658.72,106.0,5.81,2442.15,657.1,1.7727944043232218,matched,1
A2,annealing_150_25,20260917-164036,9,26,2441.52,656.36,90.0,5.35,2442.15,657.1,0.9718538984848242,matched,1
A2,annealing_150_5,20260909-160823,13,26,2438.88,653.25,89.0,5.32,2442.15,657.1,5.0512770662477084,matched,1
A2,annealing_75_25,20260608-115621,23,26,2439.54,656.64,251.0,8.94,2442.15,657.1,2.6502264054228837,matched,1
A2,annealing_75_5,20260521-181553,26,26,2444.05,658.82,177.0,7.51,2442.15,657.1,2.56288899486506,matched,1
A2,before_annealing,20260514-190549,26,26,2442.15,657.1,190.0,7.78,2442.15,657.1,0.0,reference,1
A2,annealing_100_5,20260617-090129,23,27,2377.68,652.42,39.0,3.52,2377.89,652.25,0.27018512172212844,matched,1
A2,annealing_125_25,20260831-115727,18,27,2377.38,651.18,45.0,3.78,2377.89,652.25,1.1853269591129132,matched,1
A2,annealing_125_5,20260727-122841,20,27,2379.9,653.95,30.0,3.09,2377.89,652.25,2.632508309578724,matched,1
A2,annealing_150_25,20260917-164036,10,27,2377.3,652.77,31.0,3.14,2377.89,652.25,0.7864477096410264,matched,1
A2,annealing_150_5,20260909-160823,14,27,2375.62,647.98,67.0,4.62,2377.89,652.25,4.835886681881592,matched,1
A2,annealing_75_25,20260608-115621,24,27,2375.13,652.47,32.0,3.19,2377.89,652.25,2.768754232502175,matched,1
A2,annealing_75_5,20260521-181553,29,27,2380.35,655.09,37.0,3.43,2377.89,652.25,3.7572862547323114,matched,1
A2,before_annealing,20260514-190549,27,27,2377.89,652.25,44.0,3.74,2377.89,652.25,0.0,reference,1
A2,annealing_100_5,20260617-090129,24,28,1230.75,649.17,39.0,3.52,1230.39,648.38,0.8681589716174513,matched,1
A2,annealing_75_25,20260608-115621,26,28,1227.51,643.27,35.0,3.34,1230.39,648.38,5.865705413673684,matched,1
A2,annealing_75_5,20260521-181553,28,28,1232.21,654.23,55.0,4.18,1230.39,648.38,6.126573267333056,matched,1
A2,before_annealing,20260514-190549,28,28,1230.39,648.38,60.0,4.37,1230.39,648.38,0.0,reference,1
A2,annealing_100_25,20260701-110203,18,29,1870.2,644.93,58.0,4.3,1868.9,644.91,1.3001538370515549,matched,1
A2,annealing_100_5,20260617-090129,25,29,1870.2,644.93,132.0,6.48,1868.9,644.91,1.3001538370515549,matched,1
A2,annealing_125_25,20260831-115727,20,29,1868.08,642.96,33.0,3.24,1868.9,644.91,2.11539594402561,matched,1
A2,annealing_125_5,20260727-122841,21,29,1869.84,647.56,42.0,3.66,1868.9,644.91,2.8117787964204357,matched,1
A2,annealing_75_25,20260608-115621,25,29,1866.95,642.45,151.0,6.93,1868.9,644.91,3.1391240816507713,matched,1
A2,annealing_75_5,20260521-181553,30,29,1871.37,648.92,169.0,7.33,1868.9,644.91,4.709670901453618,matched,1
A2,before_annealing,20260514-190549,29,29,1868.9,644.91,194.0,7.86,1868.9,644.91,0.0,reference,1
A2,before_annealing,20260514-190549,30,30,404.45,647.46,34.0,3.29,404.45,647.46,0.0,reference,1
A2,before_annealing,20260514-190549,31,31,1025.2,647.67,42.0,3.66,1025.2,647.67,0.0,reference,1
A2,annealing_100_25,20260701-110203,19,32,1018.79,632.98,157.0,7.07,1018.6,632.01,0.9884331034521407,matched,1
A2,annealing_100_5,20260617-090129,26,32,1019.79,632.48,222.0,8.41,1018.6,632.01,1.2794530081249116,matched,1
A2,annealing_125_25,20260831-115727,21,32,1018.14,629.32,102.0,5.7,1018.6,632.01,2.7290474528669733,matched,1
A2,annealing_125_5,20260727-122841,22,32,1019.93,637.49,196.0,7.9,1018.6,632.01,5.639086805503175,matched,1
A2,annealing_150_25,20260917-164036,11,32,1018.83,631.49,213.0,8.23,1018.6,632.01,0.5685947590331707,matched,1
A2,annealing_75_25,20260608-115621,27,32,1016.23,627.67,217.0,8.31,1018.6,632.01,4.944946915791948,matched,1
A2,annealing_75_5,20260521-181553,27,32,1020.71,640.13,520.0,12.87,1018.6,632.01,8.389666262730605,matched,2
A2,before_annealing,20260514-190549,32,32,1018.6,632.01,511.0,12.75,1018.6,632.01,0.0,reference,1
A2,annealing_100_25,20260701-110203,22,33,879.84,625.23,128.0,6.38,878.81,625.1,1.0381714694597308,matched,1
A2,annealing_100_5,20260617-090129,29,33,880.17,625.58,191.0,7.8,878.81,625.1,1.4422205101856147,matched,1
A2,annealing_125_25,20260831-115727,22,33,878.59,621.99,55.0,4.18,878.81,625.1,3.1177716401301825,matched,1
A2,annealing_125_5,20260727-122841,24,33,880.94,630.66,101.0,5.67,878.81,625.1,5.9540322471414155,matched,1
A2,annealing_75_25,20260608-115621,29,33,876.75,619.79,225.0,8.46,878.81,625.1,5.695586010236383,matched,1
A2,annealing_75_5,20260521-181553,31,33,881.07,633.5,374.0,10.91,878.81,625.1,8.698712548417731,matched,1
A2,before_annealing,20260514-190549,33,33,878.81,625.1,411.0,11.44,878.81,625.1,0.0,reference,1
A2,before_annealing,20260514-190549,34,34,627.55,628.23,30.0,3.09,627.55,628.23,0.0,reference,1
A2,annealing_100_25,20260701-110203,21,35,1597.35,624.02,198.0,7.94,1596.63,623.27,1.0396634070696689,matched,1
A2,annealing_100_5,20260617-090129,28,35,1597.33,623.59,267.0,9.22,1596.63,623.27,0.7696752561956096,matched,1
A2,annealing_125_25,20260831-115727,23,35,1596.01,621.17,156.0,7.05,1596.63,623.27,2.1896118377466456,matched,1
A2,annealing_125_5,20260727-122841,23,35,1597.67,626.85,430.0,11.7,1596.63,623.27,3.7280021459221584,matched,1
A2,annealing_150_25,20260917-164036,12,35,1596.48,623.38,78.0,4.98,1596.63,623.27,0.18601075237746414,matched,1
A2,annealing_75_25,20260608-115621,28,35,1594.29,620.43,224.0,8.44,1596.63,623.27,3.679836952909852,matched,1
A2,annealing_75_5,20260521-181553,34,35,1598.49,628.55,230.0,8.56,1596.63,623.27,5.5980353696631235,matched,1
A2,before_annealing,20260514-190549,35,35,1596.63,623.27,238.0,8.7,1596.63,623.27,0.0,reference,1
A2,annealing_100_25,20260701-110203,20,36,483.59,629.28,45.0,3.78,484.19,629.12,0.6209669878504147,matched,1
A2,annealing_100_5,20260617-090129,27,36,484.66,629.87,89.0,5.32,484.19,629.12,0.8850988645343669,matched,1
A2,annealing_75_25,20260608-115621,30,36,482.08,622.96,46.0,3.83,484.19,629.12,6.511351626198639,matched,1
A2,annealing_75_5,20260521-181553,32,36,485.3,638.82,71.0,4.75,484.19,629.12,9.76330374412273,matched,1
A2,before_annealing,20260514-190549,36,36,484.19,629.12,35.0,3.34,484.19,629.12,0.0,reference,1
A2,annealing_100_25,20260701-110203,23,37,1104.03,614.4,391.0,11.16,1103.45,614.24,0.6016643582595743,matched,1
A2,annealing_100_5,20260617-090129,30,37,1104.65,614.46,495.0,12.55,1103.45,614.24,1.2200000000000497,matched,1
A2,annealing_125_25,20260831-115727,25,37,1103.02,611.17,296.0,9.71,1103.45,614.24,3.0999677417677045,matched,1
A2,annealing_125_5,20260727-122841,25,37,1104.81,618.62,441.0,11.85,1103.45,614.24,4.586283898757216,matched,1
A2,annealing_150_25,20260917-164036,13,37,1103.82,613.39,208.0,8.14,1103.45,614.24,0.9270382947861204,matched,1
A2,annealing_75_25,20260608-115621,31,37,1101.4,609.5,569.0,13.46,1103.45,614.24,5.164310215314326,matched,1
A2,annealing_75_5,20260521-181553,33,37,1105.58,621.76,580.0,13.59,1103.45,614.24,7.8158364875424065,matched,1
A2,before_annealing,20260514-190549,37,37,1103.45,614.24,616.0,14.0,1103.45,614.24,0.0,reference,1
A2,annealing_100_25,20260701-110203,25,38,1867.7,609.19,385.0,11.07,1867.0,608.92,0.7502666192761845,matched,1
A2,annealing_100_5,20260617-090129,31,38,1867.76,609.02,454.0,12.02,1867.0,608.92,0.766550715869466,matched,1
A2,annealing_125_25,20260831-115727,27,38,1866.57,607.09,243.0,8.79,1867.0,608.92,1.8798404187589404,matched,1
A2,annealing_125_5,20260727-122841,26,38,1868.23,611.48,407.0,11.38,1867.0,608.92,2.8401584462843523,matched,1
A2,annealing_150_25,20260917-164036,16,38,1867.5,608.22,78.0,4.98,1867.0,608.92,0.8602325267042071,matched,1
A2,annealing_75_25,20260608-115621,32,38,1864.7,606.6,525.0,12.93,1867.0,608.92,3.266863939621529,matched,1
A2,annealing_75_5,20260521-181553,38,38,1868.99,613.07,479.0,12.35,1867.0,608.92,4.602455866165453,matched,1
A2,before_annealing,20260514-190549,38,38,1867.0,608.92,487.0,12.45,1867.0,608.92,0.0,reference,1
A2,annealing_125_25,20260831-115727,24,39,2167.85,620.29,127.0,6.36,2169.11,620.88,1.3912943613774145,matched,1
A2,before_annealing,20260514-190549,39,39,2169.11,620.88,32.0,3.19,2169.11,620.88,0.0,reference,1
A2,annealing_100_25,20260701-110203,26,40,2074.29,612.2,189.0,7.76,2073.6,611.35,1.0948059188733472,matched,1
A2,annealing_100_5,20260617-090129,33,40,2073.63,611.59,212.0,8.21,2073.6,611.35,0.24186773244899032,matched,1
A2,annealing_75_25,20260608-115621,34,40,2070.96,609.66,188.0,7.74,2073.6,611.35,3.134597262807379,matched,1
A2,annealing_75_5,20260521-181553,39,40,2075.04,614.66,194.0,7.86,2073.6,611.35,3.609667574722054,matched,1
A2,before_annealing,20260514-190549,40,40,2073.6,611.35,181.0,7.59,2073.6,611.35,0.0,reference,1
A2,annealing_100_5,20260617-090129,32,41,1430.71,615.87,77.0,4.95,1429.57,615.89,1.1401754250992377,matched,1
A2,annealing_125_25,20260831-115727,26,41,1429.35,613.29,113.0,6.0,1429.57,615.89,2.609291091465291,matched,1
A2,annealing_150_25,20260917-164036,14,41,1430.65,615.51,63.0,4.48,1429.57,615.89,1.1449017425090813,matched,1
A2,annealing_75_25,20260608-115621,33,41,1427.63,612.19,289.0,9.59,1429.57,615.89,4.177750590927949,matched,1
A2,annealing_75_5,20260521-181553,37,41,1431.88,621.32,84.0,5.17,1429.57,615.89,5.900932129757255,matched,1
A2,before_annealing,20260514-190549,41,41,1429.57,615.89,90.0,5.35,1429.57,615.89,0.0,reference,1
A2,annealing_100_25,20260701-110203,24,42,1187.62,612.5,144.0,6.77,1187.26,611.89,0.7083078426785522,matched,1
A2,annealing_100_5,20260617-090129,35,42,1187.76,612.33,162.0,7.18,1187.26,611.89,0.6660330322139045,matched,1
A2,annealing_125_25,20260831-115727,28,42,1186.93,608.99,76.0,4.92,1187.26,611.89,2.918715470887805,matched,1
A2,annealing_125_5,20260727-122841,28,42,1187.64,616.44,99.0,5.61,1187.26,611.89,4.565840557882054,matched,1
A2,annealing_150_25,20260917-164036,15,42,1187.88,611.29,46.0,3.83,1187.26,611.89,0.8627861844050204,matched,1
A2,annealing_75_25,20260608-115621,35,42,1185.14,607.82,175.0,7.46,1187.26,611.89,4.589041294213751,matched,1
A2,annealing_75_5,20260521-181553,35,42,1189.05,618.96,182.0,7.61,1187.26,611.89,7.293078910857922,matched,1
A2,before_annealing,20260514-190549,42,42,1187.26,611.89,202.0,8.02,1187.26,611.89,0.0,reference,1
A2,annealing_100_25,20260701-110203,27,43,763.88,612.56,57.0,4.26,763.7,612.69,0.22203603311176853,matched,1
A2,annealing_100_5,20260617-090129,34,43,764.73,613.59,84.0,5.17,763.7,612.69,1.3678084661237855,matched,1
A2,annealing_125_5,20260727-122841,27,43,764.96,618.32,81.0,5.08,763.7,612.69,5.769272051134348,matched,1
A2,annealing_75_25,20260608-115621,36,43,761.55,607.52,67.0,4.62,763.7,612.69,5.599232090206758,matched,1
A2,annealing_75_5,20260521-181553,36,43,765.2,621.82,70.0,4.72,763.7,612.69,9.252399688729401,matched,1
A2,before_annealing,20260514-190549,43,43,763.7,612.69,78.0,4.98,763.7,612.69,0.0,reference,1
A2,annealing_75_25,20260608-115621,37,44,1791.85,603.58,59.0,4.33,1794.46,606.31,3.7769034936042702,matched,1
A2,annealing_75_5,20260521-181553,40,44,1796.86,610.57,61.0,4.41,1794.46,606.31,4.889539855651065,matched,1
A2,before_annealing,20260514-190549,44,44,1794.46,606.31,75.0,4.89,1794.46,606.31,0.0,reference,1
A2,annealing_100_25,20260701-110203,28,45,2301.03,582.0,937.0,17.27,2300.27,581.18,1.1180339887500799,matched,1
A2,annealing_100_5,20260617-090129,37,45,2300.41,581.41,821.0,16.17,2300.27,581.18,0.26925824035667456,matched,1
A2,annealing_125_25,20260831-115727,29,45,2299.57,580.56,279.0,9.42,2300.27,581.18,0.9350935782047436,matched,1
A2,annealing_125_5,20260727-122841,33,45,2301.14,583.02,300.0,9.77,2300.27,581.18,2.0353132437047443,matched,1
A2,annealing_150_25,20260917-164036,17,45,2299.76,580.84,91.0,5.38,2300.27,581.18,0.612943716828636,matched,1
A2,annealing_150_5,20260909-160823,21,45,2298.51,575.66,185.0,7.67,2300.27,581.18,5.793789778719881,matched,1
A2,annealing_75_25,20260608-115621,38,45,2297.71,580.44,710.0,15.03,2300.27,581.18,2.664807685368602,matched,1
A2,annealing_75_5,20260521-181553,42,45,2301.78,583.44,668.0,14.58,2300.27,581.18,2.7180323765549836,matched,1
A2,before_annealing,20260514-190549,45,45,2300.27,581.18,744.0,15.39,2300.27,581.18,0.0,reference,1
A2,annealing_100_5,20260617-090129,38,46,711.13,578.16,52.0,4.07,709.99,577.75,1.2114866899805143,matched,1
A2,annealing_125_25,20260831-115727,31,46,709.57,574.54,53.0,4.11,709.99,577.75,3.237360035584581,matched,1
A2,annealing_75_25,20260608-115621,44,46,707.98,572.29,61.0,4.41,709.99,577.75,5.818221377706451,matched,1
A2,annealing_75_5,20260521-181553,44,46,711.53,586.88,93.0,5.44,709.99,577.75,9.258968625068334,matched,1
A2,before_annealing,20260514-190549,46,46,709.99,577.75,89.0,5.32,709.99,577.75,0.0,reference,1
A2,annealing_100_25,20260701-110203,29,47,1467.15,574.24,146.0,6.82,1466.55,573.34,1.0816653826392535,matched,1
A2,annealing_100_5,20260617-090129,40,47,1467.23,574.17,127.0,6.36,1466.55,573.34,1.0729864864013738,matched,1
A2,annealing_125_5,20260727-122841,35,47,1467.13,577.33,87.0,5.26,1466.55,573.34,4.031935019317679,matched,1
A2,annealing_75_25,20260608-115621,42,47,1464.21,570.27,127.0,6.36,1466.55,573.34,3.860116578550436,matched,1
A2,annealing_75_5,20260521-181553,45,47,1468.43,579.56,325.0,10.17,1466.55,573.34,6.497907355449086,matched,1
A2,before_annealing,20260514-190549,47,47,1466.55,573.34,113.0,6.0,1466.55,573.34,0.0,reference,1
A2,annealing_100_25,20260701-110203,31,48,1737.93,573.07,84.0,5.17,1737.11,572.42,1.046374693883786,matched,1
A2,annealing_100_5,20260617-090129,39,48,1737.69,573.0,134.0,6.53,1737.11,572.42,0.8202438661765334,matched,1
A2,annealing_125_25,20260831-115727,33,48,1736.68,569.96,43.0,3.7,1737.11,572.42,2.4972985404231265,matched,1
A2,annealing_125_5,20260727-122841,34,48,1738.09,575.5,146.0,6.82,1737.11,572.42,3.2321509865722993,matched,1
A2,annealing_75_25,20260608-115621,43,48,1734.63,570.14,139.0,6.65,1737.11,572.42,3.368798005223649,matched,1
A2,annealing_75_5,20260521-181553,47,48,1738.52,577.31,118.0,6.13,1737.11,572.42,5.089223909399163,matched,1
A2,before_annealing,20260514-190549,48,48,1737.11,572.42,138.0,6.63,1737.11,572.42,0.0,reference,1
A2,annealing_100_5,20260617-090129,42,49,2422.99,570.91,69.0,4.69,2422.73,571.27,0.444072066223363,matched,1
A2,annealing_125_25,20260831-115727,34,49,2422.45,570.1,34.0,3.29,2422.73,571.27,1.2030378215168533,matched,1
A2,annealing_75_25,20260608-115621,45,49,2420.46,570.76,110.0,5.92,2422.73,571.27,2.326585480914017,matched,1
A2,annealing_75_5,20260521-181553,49,49,2424.22,572.74,91.0,5.38,2422.73,571.27,2.0930838492519666,matched,1
A2,before_annealing,20260514-190549,49,49,2422.73,571.27,190.0,7.78,2422.73,571.27,0.0,reference,1
A2,annealing_100_25,20260701-110203,30,50,2368.36,565.41,434.0,11.75,2367.7,564.64,1.014149890302405,matched,1
A2,annealing_100_5,20260617-090129,41,50,2367.85,564.76,432.0,11.73,2367.7,564.64,0.19209372712305933,matched,1
A2,annealing_125_25,20260831-115727,32,50,2366.78,563.91,239.0,8.72,2367.7,564.64,1.1744360348692149,matched,1
A2,annealing_125_5,20260727-122841,37,50,2368.43,566.26,398.0,11.26,2367.7,564.64,1.7768792868397227,matched,1
A2,annealing_150_25,20260917-164036,19,50,2367.18,564.35,111.0,5.94,2367.7,564.64,0.5953990258641342,matched,1
A2,annealing_150_5,20260909-160823,23,50,2365.95,559.78,175.0,7.46,2367.7,564.64,5.165471904869887,matched,1
A2,annealing_75_25,20260608-115621,41,50,2365.14,563.91,589.0,13.69,2367.7,564.64,2.662048083712942,matched,1
A2,annealing_75_5,20260521-181553,48,50,2369.15,566.51,471.0,12.24,2367.7,564.64,2.366305136705917,matched,1
A2,before_annealing,20260514-190549,50,50,2367.7,564.64,475.0,12.3,2367.7,564.64,0.0,reference,1
A2,annealing_75_5,20260521-181553,50,51,2587.83,566.05,112.0,5.97,2585.8,564.99,2.290087334578935,matched,1
A2,before_annealing,20260514-190549,51,51,2585.8,564.99,44.0,3.74,2585.8,564.99,0.0,reference,1
A2,annealing_100_25,20260701-110203,32,52,1182.39,542.41,530.0,12.99,1181.81,541.57,1.0207840124140082,matched,1
A2,annealing_100_5,20260617-090129,46,52,1182.4,542.23,479.0,12.35,1181.81,541.57,0.8852683209062265,matched,1
A2,annealing_125_25,20260831-115727,36,52,1181.13,538.79,247.0,8.87,1181.81,541.57,2.861957372149393,matched,1
A2,annealing_125_5,20260727-122841,38,52,1182.71,546.52,484.0,12.41,1181.81,541.57,5.0311529493744755,matched,1
A2,annealing_150_25,20260917-164036,20,52,1181.79,541.09,119.0,6.15,1181.81,541.57,0.48041648597859,matched,1
A2,annealing_75_25,20260608-115621,48,52,1179.67,537.4,478.0,12.33,1181.81,541.57,4.68705664569995,matched,1
A2,annealing_75_5,20260521-181553,51,52,1183.4,548.66,585.0,13.65,1181.81,541.57,7.266099366234906,matched,1
A2,before_annealing,20260514-190549,52,52,1181.81,541.57,658.0,14.47,1181.81,541.57,0.0,reference,1
A2,annealing_100_25,20260701-110203,33,53,1751.56,549.54,149.0,6.89,1750.72,548.82,1.106345334875028,matched,1
A2,annealing_100_5,20260617-090129,45,53,1751.7,549.08,179.0,7.55,1750.72,548.82,1.0139033484509412,matched,1
A2,annealing_125_25,20260831-115727,35,53,1750.76,547.09,74.0,4.85,1750.72,548.82,1.730462365958896,matched,1
A2,annealing_125_5,20260727-122841,39,53,1752.22,552.09,87.0,5.26,1750.72,548.82,3.597624216062578,matched,1
A2,annealing_75_25,20260608-115621,47,53,1748.79,546.33,199.0,7.96,1750.72,548.82,3.150396800404719,matched,1
A2,annealing_75_5,20260521-181553,54,53,1752.66,553.5,202.0,8.02,1750.72,548.82,5.066162255593453,matched,1
A2,before_annealing,20260514-190549,53,53,1750.72,548.82,223.0,8.43,1750.72,548.82,0.0,reference,1
A2,annealing_100_25,20260701-110203,34,54,1637.0,551.91,39.0,3.52,1634.6,551.61,2.4186773244896496,matched,1
A2,annealing_100_5,20260617-090129,47,54,1634.77,551.86,48.0,3.91,1634.6,551.61,0.3023243291566604,matched,1
A2,annealing_75_25,20260608-115621,50,54,1633.24,548.03,39.0,3.52,1634.6,551.61,3.8296213912082773,matched,1
A2,annealing_75_5,20260521-181553,53,54,1637.1,557.48,33.0,3.24,1634.6,551.61,6.3801959217566395,matched,1
A2,before_annealing,20260514-190549,54,54,1634.6,551.61,94.0,5.47,1634.6,551.61,0.0,reference,1
A2,annealing_100_5,20260617-090129,44,55,1986.6,551.49,91.0,5.38,1986.03,550.67,0.9986490875177374,matched,1
A2,annealing_75_25,20260608-115621,46,55,1983.95,549.55,80.0,5.05,1986.03,550.67,2.3623716896372824,matched,1
A2,annealing_75_5,20260521-181553,55,55,1987.64,554.79,77.0,4.95,1986.03,550.67,4.423403666861125,matched,1
A2,before_annealing,20260514-190549,55,55,1986.03,550.67,90.0,5.35,1986.03,550.67,0.0,reference,1
A2,annealing_100_5,20260617-090129,43,56,1220.93,553.58,62.0,4.44,1220.4,553.09,0.7218032973047297,matched,1
A2,annealing_75_25,20260608-115621,49,56,1217.92,548.18,51.0,4.03,1220.4,553.09,5.50077267299794,matched,1
A2,annealing_75_5,20260521-181553,52,56,1222.76,560.11,35.0,3.34,1220.4,553.09,7.406078584514161,matched,1
A2,before_annealing,20260514-190549,56,56,1220.4,553.09,35.0,3.34,1220.4,553.09,0.0,reference,1
A2,annealing_100_25,20260701-110203,35,57,1598.51,536.06,88.0,5.29,1597.45,535.59,1.1595257651297806,matched,1
A2,annealing_100_5,20260617-090129,48,57,1598.44,536.05,151.0,6.93,1597.45,535.59,1.0916501271011454,matched,1
A2,annealing_125_25,20260831-115727,37,57,1597.1,533.19,144.0,6.77,1597.45,535.59,2.425386567126978,matched,1
A2,annealing_125_5,20260727-122841,40,57,1598.92,539.07,207.0,8.12,1597.45,535.59,3.7777374180850907,matched,1
A2,annealing_150_25,20260917-164036,21,57,1597.68,535.08,233.0,8.61,1597.45,535.59,0.5594640292279738,matched,1
A2,annealing_75_25,20260608-115621,51,57,1595.52,532.67,181.0,7.59,1597.45,535.59,3.500185709358958,matched,1
A2,annealing_75_5,20260521-181553,56,57,1599.15,540.94,294.0,9.67,1597.45,535.59,5.61359955821578,matched,1
A2,before_annealing,20260514-190549,57,57,1597.45,535.59,277.0,9.39,1597.45,535.59,0.0,reference,1
A2,before_annealing,20260514-190549,58,58,2485.52,539.19,91.0,5.38,2485.52,539.19,0.0,reference,1
A2,annealing_100_5,20260617-090129,49,59,2185.12,534.24,44.0,3.74,2184.19,533.61,1.1232987136108052,matched,1
A2,annealing_75_25,20260608-115621,52,59,2181.64,533.21,30.0,3.09,2184.19,533.61,2.5811818998282376,matched,1
A2,annealing_75_5,20260521-181553,57,59,2185.85,536.93,86.0,5.23,2184.19,533.61,3.711872842649529,matched,1
A2,before_annealing,20260514-190549,59,59,2184.19,533.61,97.0,5.56,2184.19,533.61,0.0,reference,1
A2,annealing_100_25,20260701-110203,36,60,686.31,512.6,217.0,8.31,685.78,512.12,0.7150524456289822,matched,1
A2,annealing_100_5,20260617-090129,464,60,687.04,512.72,331.0,10.26,685.78,512.12,1.3955644019535625,matched,1
A2,annealing_125_25,20260831-115727,38,60,685.55,508.36,242.0,8.78,685.78,512.12,3.7670280062670014,matched,1
A2,annealing_125_5,20260727-122841,41,60,687.07,517.92,222.0,8.41,685.78,512.12,5.941725338653721,matched,1
A2,annealing_150_25,20260917-164036,22,60,686.85,511.33,71.0,4.75,685.78,512.12,1.3300375934537112,matched,1
A2,annealing_75_25,20260608-115621,53,60,684.04,506.4,301.0,9.79,685.78,512.12,5.978795865389648,matched,1
A2,annealing_75_5,20260521-181553,58,60,687.46,521.42,332.0,10.28,685.78,512.12,9.45052379500731,matched,1
A2,before_annealing,20260514-190549,60,60,685.78,512.12,423.0,11.6,685.78,512.12,0.0,reference,1
A2,annealing_100_25,20260701-110203,38,61,439.86,501.7,161.0,7.16,439.26,501.15,0.8139410298050097,matched,2
A2,annealing_100_5,20260617-090129,51,61,440.31,501.96,322.0,10.12,439.26,501.15,1.326122166318031,matched,2
A2,annealing_125_25,20260831-115727,39,61,439.05,497.39,145.0,6.79,439.26,501.15,3.765859795584525,matched,1
A2,annealing_150_25,20260917-164036,23,61,439.79,501.03,43.0,3.7,439.26,501.15,0.5434151267677708,matched,1
A2,annealing_75_25,20260608-115621,55,61,437.6,494.63,358.0,10.67,439.26,501.15,6.728001189060511,matched,1
A2,before_annealing,20260514-190549,61,61,439.26,501.15,535.0,13.05,439.26,501.15,0.0,reference,1
A2,annealing_100_25,20260701-110203,39,62,1282.89,492.35,154.0,7.0,1281.62,491.5,1.5282015573871695,matched,1
A2,annealing_100_5,20260617-090129,52,62,1282.57,492.2,199.0,7.96,1281.62,491.5,1.1800423721206246,matched,1
A2,annealing_125_25,20260831-115727,41,62,1281.57,489.02,210.0,8.18,1281.62,491.5,2.4805039810490297,matched,1
A2,annealing_125_5,20260727-122841,44,62,1282.6,496.39,257.0,9.04,1281.62,491.5,4.987233702163946,matched,1
A2,annealing_150_25,20260917-164036,24,62,1282.25,491.05,75.0,4.89,1281.62,491.5,0.7742092740339186,matched,1
A2,annealing_75_25,20260608-115621,56,62,1279.85,487.66,210.0,8.18,1281.62,491.5,4.228297529739333,matched,1
A2,annealing_75_5,20260521-181553,60,62,1283.04,498.15,339.0,10.39,1281.62,491.5,6.79991911716602,matched,1
A2,before_annealing,20260514-190549,62,62,1281.62,491.5,346.0,10.49,1281.62,491.5,0.0,reference,1
A2,before_annealing,20260514-190549,63,63,1385.45,498.88,72.0,4.79,1385.45,498.88,0.0,reference,1
A2,before_annealing,20260514-190549,64,64,2643.84,491.58,113.0,6.0,2643.84,491.58,0.0,reference,1
A2,annealing_100_25,20260701-110203,40,65,2295.76,485.59,32.0,3.19,2294.11,484.42,2.022720939724559,matched,1
A2,annealing_125_25,20260831-115727,42,65,2294.02,483.68,41.0,3.61,2294.11,484.42,0.745452882481542,matched,1
A2,annealing_150_25,20260917-164036,26,65,2293.48,484.02,41.0,3.61,2294.11,484.42,0.7462573282723358,matched,1
A2,annealing_150_5,20260909-160823,34,65,2293.92,478.6,34.0,3.29,2294.11,484.42,5.82310054867679,matched,1
A2,annealing_75_25,20260608-115621,57,65,2292.23,483.73,35.0,3.34,2294.11,484.42,2.0026232796011354,matched,1
A2,before_annealing,20260514-190549,65,65,2294.11,484.42,46.0,3.83,2294.11,484.42,0.0,reference,1
A2,annealing_100_25,20260701-110203,41,66,2706.59,467.81,194.0,7.86,2705.63,467.02,1.2432618388738963,matched,1
A2,annealing_100_5,20260617-090129,53,66,2705.86,466.95,299.0,9.76,2705.63,467.02,0.24041630560344157,matched,1
A2,annealing_125_5,20260727-122841,45,66,2706.51,467.63,142.0,6.72,2705.63,467.02,1.070747402518544,matched,1
A2,annealing_150_25,20260917-164036,27,66,2705.53,467.47,129.0,6.41,2705.63,467.02,0.460977222864669,matched,1
A2,annealing_150_5,20260909-160823,37,66,2705.56,466.45,48.0,3.91,2705.63,467.02,0.5742821606144624,matched,1
A2,annealing_75_25,20260608-115621,58,66,2703.69,467.39,290.0,9.61,2705.63,467.02,1.9749683541769005,matched,1
A2,annealing_75_5,20260521-181553,63,66,2706.81,467.52,262.0,9.13,2705.63,467.02,1.2815615474879127,matched,1
A2,before_annealing,20260514-190549,66,66,2705.63,467.02,313.0,9.98,2705.63,467.02,0.0,reference,1
A2,annealing_75_25,20260608-115621,59,67,2092.42,468.49,131.0,6.46,2094.53,469.61,2.388828164603002,matched,1
A2,annealing_75_5,20260521-181553,62,67,2095.71,472.64,130.0,6.43,2094.53,469.61,3.2516611139538276,matched,1
A2,before_annealing,20260514-190549,67,67,2094.53,469.61,130.0,6.43,2094.53,469.61,0.0,reference,1
A2,annealing_100_25,20260701-110203,43,68,2404.19,458.35,80.0,5.05,2402.93,457.67,1.4317821063278307,matched,1
A2,annealing_100_5,20260617-090129,56,68,2403.15,457.95,214.0,8.25,2402.93,457.67,0.356089876295433,matched,1
A2,annealing_125_5,20260727-122841,47,68,2403.7,459.34,84.0,5.17,2402.93,457.67,1.8389671013913858,matched,1
A2,annealing_75_25,20260608-115621,62,68,2400.98,457.23,180.0,7.57,2402.93,457.67,1.999024762227644,matched,1
A2,annealing_75_5,20260521-181553,66,68,2403.84,459.52,183.0,7.63,2402.93,457.67,2.061698329048272,matched,1
A2,before_annealing,20260514-190549,68,68,2402.93,457.67,181.0,7.59,2402.93,457.67,0.0,reference,1
A2,annealing_100_25,20260701-110203,42,69,1598.15,452.99,250.0,8.92,1597.42,452.46,0.902108640907545,matched,1
A2,annealing_100_5,20260617-090129,57,69,1598.17,452.62,323.0,10.14,1597.42,452.46,0.7668767828015189,matched,1
A2,annealing_125_25,20260831-115727,43,69,1597.3,450.22,203.0,8.04,1597.42,452.46,2.243211982849551,matched,1
A2,annealing_125_5,20260727-122841,46,69,1598.25,455.98,271.0,9.29,1597.42,452.46,3.616531487489104,matched,1
A2,annealing_150_25,20260917-164036,28,69,1597.29,451.93,81.0,5.08,1597.42,452.46,0.5457105459856896,matched,1
A2,annealing_75_25,20260608-115621,61,69,1595.73,449.42,589.0,13.69,1597.42,452.46,3.4781748087179234,matched,1
A2,annealing_75_5,20260521-181553,65,69,1598.79,457.84,330.0,10.25,1597.42,452.46,5.5516934353402165,matched,1
A2,before_annealing,20260514-190549,69,69,1597.42,452.46,480.0,12.36,1597.42,452.46,0.0,reference,1
A2,annealing_100_25,20260701-110203,45,70,2577.19,448.55,126.0,6.33,2576.06,448.34,1.1493476410556824,matched,1
A2,annealing_100_5,20260617-090129,58,70,2576.23,447.99,305.0,9.85,2576.06,448.34,0.3891015291668755,matched,1
A2,annealing_125_25,20260831-115727,44,70,2575.64,447.63,179.0,7.55,2576.06,448.34,0.8249242389456332,matched,1
A2,annealing_125_5,20260727-122841,48,70,2576.39,449.33,148.0,6.86,2576.06,448.34,1.0435516278555508,matched,1
A2,annealing_75_25,20260608-115621,63,70,2574.16,448.24,393.0,11.18,2576.06,448.34,1.902629759044134,matched,1
A2,annealing_75_5,20260521-181553,68,70,2577.09,449.18,293.0,9.66,2576.06,448.34,1.3290974381137244,matched,1
A2,before_annealing,20260514-190549,70,70,2576.06,448.34,437.0,11.79,2576.06,448.34,0.0,reference,1
A2,annealing_100_25,20260701-110203,44,71,2190.2,447.2,187.0,7.72,2189.5,446.38,1.078146557755361,matched,1
A2,annealing_100_5,20260617-090129,59,71,2189.41,446.74,238.0,8.7,2189.5,446.38,0.37107950630563796,matched,1
A2,annealing_125_25,20260831-115727,45,71,2189.64,445.23,95.0,5.5,2189.5,446.38,1.1584903970253322,matched,1
A2,annealing_125_5,20260727-122841,49,71,2189.74,448.26,157.0,7.07,2189.5,446.38,1.8952572384771091,matched,1
A2,annealing_150_5,20260909-160823,39,71,2188.43,439.26,74.0,4.85,2189.5,446.38,7.199951388724816,matched,1
A2,annealing_75_25,20260608-115621,64,71,2187.46,445.08,188.0,7.74,2189.5,446.38,2.4190080611688507,matched,1
A2,annealing_75_5,20260521-181553,67,71,2190.29,449.25,243.0,8.79,2189.5,446.38,2.9767431867730827,matched,1
A2,before_annealing,20260514-190549,71,71,2189.5,446.38,258.0,9.06,2189.5,446.38,0.0,reference,1
A2,annealing_75_25,20260608-115621,65,72,2656.47,446.89,36.0,3.39,2658.74,445.59,2.6158937287282806,matched,1
A2,annealing_75_5,20260521-181553,70,72,2660.23,445.01,33.0,3.24,2658.74,445.59,1.598905875904109,matched,1
A2,before_annealing,20260514-190549,72,72,2658.74,445.59,60.0,4.37,2658.74,445.59,0.0,reference,1
A2,annealing_100_25,20260701-110203,47,73,608.55,436.33,245.0,8.83,607.76,435.43,1.197539143410311,matched,1
A2,annealing_100_5,20260617-090129,60,73,608.93,436.28,264.0,9.17,607.76,435.43,1.4461673485457505,matched,1
A2,annealing_125_25,20260831-115727,46,73,607.9,431.8,168.0,7.31,607.76,435.43,3.6326987213365167,matched,1
A2,annealing_125_5,20260727-122841,50,73,608.89,441.41,206.0,8.1,607.76,435.43,6.085827799075505,matched,1
A2,annealing_75_25,20260608-115621,66,73,606.02,429.21,318.0,10.06,607.76,435.43,6.458792456798745,matched,1
A2,annealing_75_5,20260521-181553,69,73,609.25,445.19,358.0,10.67,607.76,435.43,9.87307956009673,matched,1
A2,before_annealing,20260514-190549,73,73,607.76,435.43,461.0,12.11,607.76,435.43,0.0,reference,1
A2,before_annealing,20260514-190549,74,74,490.21,434.1,50.0,3.99,490.21,434.1,0.0,reference,1
A2,annealing_75_25,20260608-115621,68,75,1228.82,429.59,52.0,4.07,1230.79,433.73,4.584811882727629,matched,1
A2,before_annealing,20260514-190549,75,75,1230.79,433.73,71.0,4.75,1230.79,433.73,0.0,reference,1
A2,annealing_100_25,20260701-110203,50,76,985.82,428.79,57.0,4.26,984.66,429.23,1.2406449935417416,matched,1
A2,annealing_100_5,20260617-090129,62,76,985.82,428.86,69.0,4.69,984.66,429.23,1.2175795661886715,matched,1
A2,annealing_125_25,20260831-115727,47,76,984.12,425.11,65.0,4.55,984.66,429.23,4.1552376586664685,matched,1
A2,annealing_125_5,20260727-122841,52,76,984.96,433.74,31.0,3.14,984.66,429.23,4.519966814037462,matched,1
A2,annealing_75_25,20260608-115621,69,76,982.95,424.29,78.0,4.98,984.66,429.23,5.227590267035062,matched,1
A2,annealing_75_5,20260521-181553,72,76,985.14,437.08,75.0,4.89,984.66,429.23,7.864661467603007,matched,1
A2,before_annealing,20260514-190549,76,76,984.66,429.23,96.0,5.53,984.66,429.23,0.0,reference,1
A2,annealing_100_25,20260701-110203,49,77,2487.02,430.37,40.0,3.57,2486.59,430.0,0.5672741841471922,matched,1
A2,annealing_100_5,20260617-090129,61,77,2485.89,430.13,95.0,5.5,2486.59,430.0,0.7119691004533699,matched,1
A2,annealing_125_5,20260727-122841,53,77,2486.53,431.45,38.0,3.48,2486.59,430.0,1.4512408483776773,matched,1
A2,annealing_75_25,20260608-115621,67,77,2483.83,428.62,68.0,4.65,2486.59,430.0,3.085773808949903,matched,1
A2,annealing_75_5,20260521-181553,74,77,2487.14,431.83,103.0,5.73,2486.59,430.0,1.9108636790728013,matched,1
A2,before_annealing,20260514-190549,77,77,2486.59,430.0,112.0,5.97,2486.59,430.0,0.0,reference,1
A2,annealing_75_25,20260608-115621,73,78,799.63,421.01,32.0,3.19,800.83,428.54,7.625018032765598,matched,1
A2,annealing_75_5,20260521-181553,75,78,801.59,436.15,41.0,3.61,800.83,428.54,7.647855908684429,matched,1
A2,before_annealing,20260514-190549,78,78,800.83,428.54,48.0,3.91,800.83,428.54,0.0,reference,1
A2,annealing_100_5,20260617-090129,63,79,407.55,428.35,58.0,4.3,406.73,427.01,1.570986950932462,matched,2
A2,before_annealing,20260514-190549,79,79,406.73,427.01,35.0,3.34,406.73,427.01,0.0,reference,1
A2,annealing_125_5,20260727-122841,51,80,1181.81,433.97,142.0,6.72,1180.59,428.4,5.702043493345226,matched,1
A2,annealing_75_25,20260608-115621,70,80,1179.26,424.75,45.0,3.78,1180.59,428.4,3.884765115164576,matched,1
A2,annealing_75_5,20260521-181553,73,80,1181.81,437.09,35.0,3.34,1180.59,428.4,8.775220794942998,matched,1
A2,before_annealing,20260514-190549,80,80,1180.59,428.4,33.0,3.24,1180.59,428.4,0.0,reference,1
A2,annealing_100_25,20260701-110203,51,81,2363.31,423.87,61.0,4.41,2363.53,423.2,0.7051950084906539,matched,1
A2,annealing_100_5,20260617-090129,64,81,2364.06,423.58,148.0,6.86,2363.53,423.2,0.6521502894270051,matched,1
A2,annealing_125_25,20260831-115727,48,81,2362.69,423.48,76.0,4.92,2363.53,423.2,0.8854377448472937,matched,1
A2,annealing_125_5,20260727-122841,54,81,2363.2,425.67,34.0,3.29,2363.53,423.2,2.491947029934703,matched,1
A2,annealing_150_25,20260917-164036,30,81,2362.43,423.39,72.0,4.79,2363.53,423.2,1.1162884931776371,matched,1
A2,annealing_150_5,20260909-160823,40,81,2362.96,419.06,54.0,4.15,2363.53,423.2,4.179054917083535,matched,1
A2,annealing_75_25,20260608-115621,71,81,2361.18,421.95,118.0,6.13,2363.53,423.2,2.6617663308415542,matched,1
A2,annealing_75_5,20260521-181553,77,81,2364.18,425.11,134.0,6.53,2363.53,423.2,2.017572799182132,matched,1
A2,before_annealing,20260514-190549,81,81,2363.53,423.2,146.0,6.82,2363.53,423.2,0.0,reference,1
A2,annealing_100_25,20260701-110203,52,82,474.56,409.75,147.0,6.84,474.41,409.04,0.7256721022610447,matched,1
A2,annealing_100_5,20260617-090129,66,82,475.3,410.22,237.0,8.69,474.41,409.04,1.4780054127099778,matched,2
A2,annealing_125_25,20260831-115727,49,82,473.65,405.03,107.0,5.84,474.41,409.04,4.081384568991319,matched,1
A2,annealing_75_25,20260608-115621,74,82,472.41,403.02,372.0,10.88,474.41,409.04,6.343532139116225,matched,1
A2,before_annealing,20260514-190549,82,82,474.41,409.04,431.0,11.71,474.41,409.04,0.0,reference,1
A2,annealing_75_25,20260608-115621,75,83,2364.9,405.05,130.0,6.43,2367.29,406.8,2.9621951319923863,matched,1
A2,annealing_75_5,20260521-181553,81,83,2367.89,408.68,119.0,6.15,2367.29,406.8,1.9734234213670097,matched,1
A2,before_annealing,20260514-190549,83,83,2367.29,406.8,151.0,6.93,2367.29,406.8,0.0,reference,1
A2,annealing_100_25,20260701-110203,53,84,1318.07,407.78,78.0,4.98,1317.7,407.22,0.6711929677818876,matched,1
A2,annealing_100_5,20260617-090129,67,84,1318.08,408.52,96.0,5.53,1317.7,407.22,1.3544002362668843,matched,1
A2,annealing_75_25,20260608-115621,76,84,1315.36,403.53,94.0,5.47,1317.7,407.22,4.369404993817932,matched,1
A2,annealing_75_5,20260521-181553,79,84,1318.19,414.67,98.0,5.59,1317.7,407.22,7.466096704436652,matched,1
A2,before_annealing,20260514-190549,84,84,1317.7,407.22,94.0,5.47,1317.7,407.22,0.0,reference,1
A2,annealing_100_25,20260701-110203,54,85,1662.71,407.04,70.0,4.72,1661.41,406.76,1.329812016790305,matched,1
A2,annealing_100_5,20260617-090129,68,85,1663.35,407.61,91.0,5.38,1661.41,406.76,2.1180415482231147,matched,1
A2,annealing_125_25,20260831-115727,50,85,1661.71,405.26,54.0,4.15,1661.41,406.76,1.5297058540778266,matched,1
A2,annealing_125_5,20260727-122841,56,85,1662.79,410.84,58.0,4.3,1661.41,406.76,4.307063965162294,matched,1
A2,annealing_75_25,20260608-115621,77,85,1659.89,403.66,91.0,5.38,1661.41,406.76,3.4525932282850427,matched,1
A2,annealing_75_5,20260521-181553,80,85,1662.32,412.45,72.0,4.79,1661.41,406.76,5.762308565149883,matched,1
A2,before_annealing,20260514-190549,85,85,1661.41,406.76,108.0,5.86,1661.41,406.76,0.0,reference,1
A2,annealing_100_25,20260701-110203,56,86,679.47,393.39,42.0,3.66,679.2,392.2,1.2202458768625217,matched,1
A2,annealing_100_5,20260617-090129,70,86,680.62,393.18,55.0,4.18,679.2,392.2,1.7253405460951525,matched,1
A2,annealing_125_5,20260727-122841,58,86,680.43,399.25,30.0,3.09,679.2,392.2,7.156493554807405,matched,1
A2,annealing_75_25,20260608-115621,79,86,677.61,387.59,39.0,3.52,679.2,392.2,4.87649464267113,matched,1
A2,annealing_75_5,20260521-181553,82,86,679.2,401.8,42.0,3.66,679.2,392.2,9.600000000000023,matched,1
A2,before_annealing,20260514-190549,86,86,679.2,392.2,85.0,5.2,679.2,392.2,0.0,reference,1
A2,annealing_100_25,20260701-110203,58,87,1869.13,375.14,450.0,11.97,1868.98,374.65,0.5124451190127935,matched,1
A2,annealing_100_5,20260617-090129,72,87,1869.64,375.21,475.0,12.3,1868.98,374.65,0.86556340033536,matched,1
A2,annealing_125_25,20260831-115727,54,87,1868.23,372.94,224.0,8.44,1868.98,374.65,1.8672439583514335,matched,1
A2,annealing_125_5,20260727-122841,60,87,1868.81,377.94,497.0,12.58,1868.98,374.65,3.2943891694819785,matched,1
A2,annealing_150_25,20260917-164036,33,87,1868.31,374.51,165.0,7.25,1868.98,374.65,0.6844705983459726,matched,1
A2,annealing_75_25,20260608-115621,80,87,1866.87,372.26,462.0,12.13,1868.98,374.65,3.1881342506237833,matched,1
A2,annealing_75_5,20260521-181553,83,87,1869.29,379.14,631.0,14.17,1868.98,374.65,4.500688836167198,matched,1
A2,before_annealing,20260514-190549,87,87,1868.98,374.65,628.0,14.14,1868.98,374.65,0.0,reference,1
A2,annealing_100_25,20260701-110203,60,88,2213.8,375.76,156.0,7.05,2213.55,375.6,0.29681644159309944,matched,1
A2,annealing_100_5,20260617-090129,74,88,2214.35,375.98,195.0,7.88,2213.55,375.6,0.8856635930191328,matched,1
A2,annealing_125_25,20260831-115727,55,88,2213.09,374.39,133.0,6.51,2213.55,375.6,1.2944883158994218,matched,1
A2,annealing_125_5,20260727-122841,62,88,2213.15,377.98,182.0,7.61,2213.55,375.6,2.413379373409836,matched,1
A2,annealing_150_25,20260917-164036,34,88,2213.09,375.27,66.0,4.58,2213.55,375.6,0.5661271941887799,matched,1
A2,annealing_150_5,20260909-160823,47,88,2213.9,368.78,94.0,5.47,2213.55,375.6,6.828975032902128,matched,1
A2,annealing_75_25,20260608-115621,82,88,2211.65,373.26,193.0,7.84,2213.55,375.6,3.0142329040736873,matched,1
A2,annealing_75_5,20260521-181553,86,88,2214.19,377.68,159.0,7.11,2213.55,375.6,2.1762352813976182,matched,1
A2,before_annealing,20260514-190549,88,88,2213.55,375.6,173.0,7.42,2213.55,375.6,0.0,reference,1
A2,annealing_100_25,20260701-110203,59,89,2341.97,375.77,158.0,7.09,2341.56,375.35,0.5869412236330366,matched,1
A2,annealing_100_5,20260617-090129,73,89,2342.16,375.68,208.0,8.14,2341.56,375.35,0.6847627326307123,matched,1
A2,annealing_125_25,20260831-115727,53,89,2340.81,374.29,316.0,10.03,2341.56,375.35,1.2984991336154232,matched,1
A2,annealing_125_5,20260727-122841,61,89,2341.12,377.24,485.0,12.42,2341.56,375.35,1.9405411616350725,matched,1
A2,annealing_150_25,20260917-164036,32,89,2341.0,375.22,289.0,9.59,2341.56,375.35,0.5748912940721382,matched,1
A2,annealing_150_5,20260909-160823,46,89,2341.78,370.11,187.0,7.72,2341.56,375.35,5.244616287203498,matched,1
A2,annealing_75_25,20260608-115621,81,89,2339.31,373.6,242.0,8.78,2341.56,375.35,2.850438562747845,matched,1
A2,annealing_75_5,20260521-181553,85,89,2342.21,377.3,203.0,8.04,2341.56,375.35,2.0554804791094647,matched,1
A2,before_annealing,20260514-190549,89,89,2341.56,375.35,238.0,8.7,2341.56,375.35,0.0,reference,1
A2,annealing_75_25,20260608-115621,85,90,1472.53,371.18,38.0,3.48,1474.81,374.35,3.904779123074694,matched,1
A2,annealing_75_5,20260521-181553,87,90,1474.73,380.94,49.0,3.95,1474.81,374.35,6.590485566329666,matched,1
A2,before_annealing,20260514-190549,90,90,1474.81,374.35,68.0,4.65,1474.81,374.35,0.0,reference,1
A2,annealing_100_25,20260701-110203,61,91,2376.03,375.82,32.0,3.19,2376.08,374.88,0.9413288479590798,matched,1
A2,annealing_125_5,20260727-122841,63,91,2376.15,377.11,55.0,4.18,2376.08,374.88,2.2310983842045387,matched,1
A2,annealing_75_25,20260608-115621,83,91,2375.22,374.41,43.0,3.7,2376.08,374.88,0.9800510190802268,matched,1
A2,annealing_75_5,20260521-181553,88,91,2377.32,377.83,44.0,3.74,2376.08,374.88,3.2000156249619343,matched,1
A2,before_annealing,20260514-190549,91,91,2376.08,374.88,34.0,3.29,2376.08,374.88,0.0,reference,1
A2,annealing_75_25,20260608-115621,84,92,2569.03,371.2,68.0,4.65,2570.66,372.31,1.9720547659735272,matched,1
A2,annealing_75_5,20260521-181553,89,92,2570.62,373.78,70.0,4.72,2570.66,372.31,1.4705441169852438,matched,1
A2,before_annealing,20260514-190549,92,92,2570.66,372.31,126.0,6.33,2570.66,372.31,0.0,reference,1
A2,before_annealing,20260514-190549,93,93,1080.63,372.48,37.0,3.43,1080.63,372.48,0.0,reference,1
A2,annealing_100_25,20260701-110203,62,94,913.05,370.32,44.0,3.74,912.52,370.17,0.550817574156784,matched,1
A2,annealing_100_5,20260617-090129,75,94,913.27,371.33,70.0,4.72,912.52,370.17,1.3813399291991548,matched,1
A2,annealing_75_25,20260608-115621,86,94,910.2,365.68,66.0,4.58,912.52,370.17,5.05395884431203,matched,1
A2,annealing_75_5,20260521-181553,84,94,912.26,379.19,193.0,7.84,912.52,370.17,9.023746450338665,matched,1
A2,before_annealing,20260514-190549,94,94,912.52,370.17,149.0,6.89,912.52,370.17,0.0,reference,1
A2,annealing_100_25,20260701-110203,63,95,624.62,357.21,149.0,6.89,624.26,356.39,0.8955445270895237,matched,1
A2,annealing_100_5,20260617-090129,76,95,625.49,357.45,170.0,7.36,624.26,356.39,1.6237302731673293,matched,1
A2,annealing_125_25,20260831-115727,56,95,624.3,353.0,179.0,7.55,624.26,356.39,3.39023597998722,matched,1
A2,annealing_125_5,20260727-122841,64,95,624.85,363.0,177.0,7.51,624.26,356.39,6.636279077917099,matched,1
A2,annealing_150_25,20260917-164036,35,95,623.16,356.01,31.0,3.14,624.26,356.39,1.1637869220781125,matched,1
A2,annealing_75_25,20260608-115621,88,95,622.46,351.0,152.0,6.96,624.26,356.39,5.682613835199405,matched,1
A2,annealing_75_5,20260521-181553,90,95,624.19,366.31,195.0,7.88,624.26,356.39,9.920246972732096,matched,1
A2,before_annealing,20260514-190549,95,95,624.26,356.39,188.0,7.74,624.26,356.39,0.0,reference,1
A2,annealing_100_25,20260701-110203,64,96,2702.55,351.52,137.0,6.6,2702.23,351.12,0.5122499389947124,matched,1
A2,annealing_100_5,20260617-090129,77,96,2702.78,350.97,143.0,6.75,2702.23,351.12,0.5700877125497384,matched,1
A2,annealing_125_5,20260727-122841,65,96,2702.08,352.35,58.0,4.3,2702.23,351.12,1.239112585683832,matched,1
A2,annealing_75_25,20260608-115621,87,96,2699.75,350.51,179.0,7.55,2702.23,351.12,2.553918557824448,matched,1
A2,annealing_75_5,20260521-181553,91,96,2702.79,351.39,166.0,7.27,2702.23,351.12,0.6216912416947251,matched,1
A2,before_annealing,20260514-190549,96,96,2702.23,351.12,167.0,7.29,2702.23,351.12,0.0,reference,1
A2,before_annealing,20260514-190549,97,97,2366.69,335.43,127.0,6.36,2366.69,335.43,0.0,reference,1
A2,annealing_100_25,20260701-110203,65,98,1515.59,332.54,137.0,6.6,1515.41,332.16,0.4204759208324986,matched,1
A2,annealing_100_5,20260617-090129,78,98,1516.11,333.05,192.0,7.82,1515.41,332.16,1.1322985472037492,matched,1
A2,annealing_125_25,20260831-115727,57,98,1514.8,329.92,161.0,7.16,1515.41,332.16,2.321572742775939,matched,1
A2,annealing_125_5,20260727-122841,66,98,1515.45,336.38,130.0,6.43,1515.41,332.16,4.220189569201809,matched,1
A2,annealing_150_25,20260917-164036,36,98,1514.75,331.95,141.0,6.7,1515.41,332.16,0.6926037828370007,matched,1
A2,annealing_75_25,20260608-115621,90,98,1513.67,328.62,212.0,8.21,1515.41,332.16,3.9445151793344864,matched,1
A2,annealing_75_5,20260521-181553,93,98,1515.38,337.98,240.0,8.74,1515.41,332.16,5.820077319074027,matched,1
A2,before_annealing,20260514-190549,98,98,1515.41,332.16,236.0,8.67,1515.41,332.16,0.0,reference,1
A2,annealing_125_5,20260727-122841,68,99,1361.73,336.16,62.0,4.44,1361.06,332.27,3.9472775428135827,matched,1
A2,annealing_75_25,20260608-115621,89,99,1359.18,328.64,182.0,7.61,1361.06,332.27,4.087945694355482,matched,1
A2,annealing_75_5,20260521-181553,92,99,1361.17,338.67,154.0,7.0,1361.06,332.27,6.400945242696618,matched,1
A2,before_annealing,20260514-190549,99,99,1361.06,332.27,145.0,6.79,1361.06,332.27,0.0,reference,1
A2,annealing_100_25,20260701-110203,66,100,965.55,329.72,135.0,6.56,964.94,329.21,0.7951100552753226,matched,1
A2,annealing_100_5,20260617-090129,79,100,965.99,330.41,260.0,9.1,964.94,329.21,1.5945218719102017,matched,1
A2,annealing_125_25,20260831-115727,58,100,965.79,325.98,65.0,4.55,964.94,329.21,3.3399700597459847,matched,1
A2,annealing_125_5,20260727-122841,67,100,965.34,335.25,100.0,5.64,964.94,329.21,6.053230542445928,matched,1
A2,annealing_75_25,20260608-115621,91,100,963.18,324.92,208.0,8.14,964.94,329.21,4.636992559838764,matched,1
A2,annealing_75_5,20260521-181553,94,100,964.89,338.32,189.0,7.76,964.94,329.21,9.110137210821813,matched,1
A2,before_annealing,20260514-190549,100,100,964.94,329.21,213.0,8.23,964.94,329.21,0.0,reference,1
A2,annealing_100_5,20260617-090129,80,101,1474.68,331.32,45.0,3.78,1474.18,330.18,1.2448293055676223,matched,1
A2,annealing_75_25,20260608-115621,92,101,1472.33,326.89,55.0,4.18,1474.18,330.18,3.7744668497684066,matched,1
A2,annealing_75_5,20260521-181553,95,101,1474.62,336.25,109.0,5.89,1474.18,330.18,6.085926387987269,matched,1
A2,before_annealing,20260514-190549,101,101,1474.18,330.18,112.0,5.97,1474.18,330.18,0.0,reference,1
A2,annealing_100_25,20260701-110203,67,102,1866.67,314.74,477.0,12.32,1864.67,313.98,2.1395326592506096,matched,1
A2,annealing_100_5,20260617-090129,466,102,1866.74,314.81,843.0,16.38,1864.67,313.98,2.230201784592531,matched,1
A2,annealing_125_25,20260831-115727,59,102,1866.27,312.78,448.0,11.94,1864.67,313.98,1.9999999999999545,matched,1
A2,annealing_125_5,20260727-122841,69,102,1866.13,317.75,659.0,14.48,1864.67,313.98,4.042833164997038,matched,1
A2,annealing_150_25,20260917-164036,37,102,1866.39,314.43,462.0,12.13,1864.67,313.98,1.777892010218867,matched,1
A2,annealing_75_25,20260608-115621,93,102,1862.92,311.57,645.0,14.33,1864.67,313.98,2.978355250805404,matched,1
A2,annealing_75_5,20260521-181553,96,102,1864.78,318.48,545.0,13.17,1864.67,313.98,4.50134424366766,matched,1
A2,before_annealing,20260514-190549,102,102,1864.67,313.98,866.0,16.6,1864.67,313.98,0.0,reference,1
A2,annealing_100_5,20260617-090129,467,103,1889.69,312.93,45.0,3.78,1888.81,313.81,1.2445079348883976,matched,1
A2,annealing_75_25,20260608-115621,94,103,1887.24,311.82,77.0,4.95,1888.81,313.81,2.5347583711272828,matched,1
A2,annealing_75_5,20260521-181553,98,103,1888.42,318.55,61.0,4.41,1888.81,313.81,4.756017241348058,matched,1
A2,before_annealing,20260514-190549,103,103,1888.81,313.81,101.0,5.67,1888.81,313.81,0.0,reference,1
A2,annealing_100_25,20260701-110203,70,104,388.72,307.76,93.0,5.44,388.29,306.97,0.8994442728707257,matched,1
A2,annealing_100_5,20260617-090129,83,104,388.6,307.77,149.0,6.89,388.29,306.97,0.8579627031520244,matched,1
A2,annealing_125_25,20260831-115727,63,104,387.28,302.88,56.0,4.22,388.29,306.97,4.212861260473736,matched,1
A2,annealing_75_25,20260608-115621,98,104,386.72,300.93,178.0,7.53,388.29,306.97,6.240713100279504,matched,1
A2,before_annealing,20260514-190549,104,104,388.29,306.97,191.0,7.8,388.29,306.97,0.0,reference,1
A2,annealing_100_25,20260701-110203,68,105,1598.78,304.94,248.0,8.88,1598.42,304.47,0.592030404624543,matched,1
A2,annealing_100_5,20260617-090129,81,105,1599.08,305.22,252.0,8.96,1598.42,304.47,0.9990495483207066,matched,1
A2,annealing_125_25,20260831-115727,60,105,1598.08,302.27,126.0,6.33,1598.42,304.47,2.226117696798689,matched,1
A2,annealing_125_5,20260727-122841,71,105,1598.38,308.42,246.0,8.85,1598.42,304.47,3.950202526453537,matched,1
A2,annealing_150_25,20260917-164036,39,105,1597.62,304.28,62.0,4.44,1598.42,304.47,0.8222530024270582,matched,1
A2,annealing_75_25,20260608-115621,95,105,1596.36,301.11,327.0,10.2,1598.42,304.47,3.9412180858207786,matched,1
A2,annealing_75_5,20260521-181553,99,105,1598.35,309.92,302.0,9.8,1598.42,304.47,5.4504495227457985,matched,1
A2,before_annealing,20260514-190549,105,105,1598.42,304.47,318.0,10.06,1598.42,304.47,0.0,reference,1
A2,annealing_100_25,20260701-110203,69,106,2653.37,304.55,231.0,8.57,2653.2,304.3,0.3023243291566604,matched,1
A2,annealing_100_5,20260617-090129,82,106,2653.69,304.12,236.0,8.67,2653.2,304.3,0.5220153254457518,matched,1
A2,annealing_125_25,20260831-115727,62,106,2652.69,303.16,93.0,5.44,2653.2,304.3,1.24887949778981,matched,1
A2,annealing_125_5,20260727-122841,72,106,2652.8,305.25,376.0,10.94,2653.2,304.3,1.0307764064042635,matched,1
A2,annealing_150_5,20260909-160823,55,106,2654.22,302.37,101.0,5.67,2653.2,304.3,2.182956710519013,matched,1
A2,annealing_75_25,20260608-115621,97,106,2651.28,303.68,218.0,8.33,2653.2,304.3,2.017622363079508,matched,1
A2,annealing_75_5,20260521-181553,104,106,2653.64,304.79,248.0,8.88,2653.2,304.3,0.6585590330411215,matched,1
A2,before_annealing,20260514-190549,106,106,2653.2,304.3,276.0,9.37,2653.2,304.3,0.0,reference,1
A2,annealing_100_25,20260701-110203,71,107,2680.17,303.16,271.0,9.29,2679.97,302.83,0.38587562763167116,matched,1
A2,annealing_100_5,20260617-090129,84,107,2680.51,302.77,333.0,10.3,2679.97,302.83,0.543323108288661,matched,1
A2,annealing_125_25,20260831-115727,61,107,2679.46,302.16,173.0,7.42,2679.97,302.83,0.8420213774006595,matched,1
A2,annealing_125_5,20260727-122841,75,107,2679.34,303.76,213.0,8.23,2679.97,302.83,1.123298713610755,matched,1
A2,annealing_150_25,20260917-164036,40,107,2678.85,302.67,90.0,5.35,2679.97,302.83,1.1313708498983635,matched,1
A2,annealing_150_5,20260909-160823,53,107,2681.03,301.6,292.0,9.64,2679.97,302.83,1.6237302731675458,matched,1
A2,annealing_75_25,20260608-115621,96,107,2678.07,302.14,341.0,10.42,2679.97,302.83,2.021410398706461,matched,1
A2,annealing_75_5,20260521-181553,101,107,2680.18,303.33,261.0,9.11,2679.97,302.83,0.5423098745182641,matched,1
A2,before_annealing,20260514-190549,107,107,2679.97,302.83,336.0,10.34,2679.97,302.83,0.0,reference,1
A2,annealing_100_25,20260701-110203,72,108,683.03,303.83,111.0,5.94,682.65,303.43,0.5517245689653293,matched,1
A2,annealing_75_5,20260521-181553,100,108,683.01,313.24,55.0,4.18,682.65,303.43,9.816603282194919,matched,1
A2,before_annealing,20260514-190549,108,108,682.65,303.43,94.0,5.47,682.65,303.43,0.0,reference,1
A2,annealing_100_25,20260701-110203,73,109,1320.12,298.57,233.0,8.61,1319.92,298.05,0.5571355310872825,matched,1
A2,annealing_100_5,20260617-090129,85,109,1320.7,299.0,342.0,10.43,1319.92,298.05,1.2291867230001858,matched,1
A2,annealing_125_25,20260831-115727,64,109,1319.49,295.73,240.0,8.74,1319.92,298.05,2.359512661546876,matched,1
A2,annealing_125_5,20260727-122841,73,109,1319.7,303.13,286.0,9.54,1319.92,298.05,5.084761547998082,matched,1
A2,annealing_150_25,20260917-164036,38,109,1319.42,298.12,204.0,8.06,1319.92,298.05,0.5048762224545725,matched,1
A2,annealing_75_25,20260608-115621,99,109,1318.11,294.0,353.0,10.6,1319.92,298.05,4.4360568075714175,matched,1
A2,annealing_75_5,20260521-181553,103,109,1319.8,304.82,332.0,10.28,1319.92,298.05,6.771063431987606,matched,1
A2,before_annealing,20260514-190549,109,109,1319.92,298.05,378.0,10.97,1319.92,298.05,0.0,reference,1
A2,annealing_100_25,20260701-110203,74,110,1045.2,300.1,90.0,5.35,1044.43,299.18,1.199708297879114,matched,1
A2,annealing_100_5,20260617-090129,86,110,1045.72,300.75,145.0,6.79,1044.43,299.18,2.031994094479579,matched,1
A2,annealing_125_25,20260831-115727,65,110,1044.0,296.83,90.0,5.35,1044.43,299.18,2.389016534057511,matched,1
A2,annealing_125_5,20260727-122841,74,110,1044.36,305.58,122.0,6.23,1044.43,299.18,6.400382801051804,matched,1
A2,annealing_150_25,20260917-164036,41,110,1043.84,299.31,82.0,5.11,1044.43,299.18,0.6041522986798697,matched,1
A2,annealing_75_25,20260608-115621,100,110,1042.8,295.12,148.0,6.86,1044.43,299.18,4.374985714262434,matched,1
A2,annealing_75_5,20260521-181553,102,110,1044.14,308.1,115.0,6.05,1044.43,299.18,8.924712880535724,matched,1
A2,before_annealing,20260514-190549,110,110,1044.43,299.18,150.0,6.91,1044.43,299.18,0.0,reference,1
A2,annealing_100_25,20260701-110203,75,111,840.17,290.06,172.0,7.4,839.6,289.43,0.8495881355103316,matched,1
A2,annealing_100_5,20260617-090129,87,111,840.54,290.65,455.0,12.03,839.6,289.43,1.540129864654217,matched,1
A2,annealing_125_25,20260831-115727,66,111,839.49,286.21,196.0,7.9,839.6,289.43,3.221878334139913,matched,1
A2,annealing_125_5,20260727-122841,76,111,839.85,295.17,127.0,6.36,839.6,289.43,5.745441671447035,matched,1
A2,annealing_75_25,20260608-115621,101,111,838.05,284.54,287.0,9.56,839.6,289.43,5.129775823561891,matched,1
A2,annealing_75_5,20260521-181553,105,111,839.29,298.9,312.0,9.97,839.6,289.43,9.4750725590889,matched,1
A2,before_annealing,20260514-190549,111,111,839.6,289.43,278.0,9.41,839.6,289.43,0.0,reference,1
A2,annealing_100_25,20260701-110203,77,112,1510.29,291.37,92.0,5.41,1510.6,290.76,0.6842514157822275,matched,1
A2,annealing_100_5,20260617-090129,90,112,1512.67,291.57,33.0,3.24,1510.6,290.76,2.2228360263412776,matched,1
A2,annealing_75_25,20260608-115621,102,112,1508.87,287.5,120.0,6.18,1510.6,290.76,3.690596157804319,matched,1
A2,annealing_75_5,20260521-181553,106,112,1510.54,297.02,122.0,6.23,1510.6,290.76,6.260287533332625,matched,1
A2,before_annealing,20260514-190549,112,112,1510.6,290.76,157.0,7.07,1510.6,290.76,0.0,reference,1
A2,annealing_100_25,20260701-110203,76,113,1472.28,275.21,790.0,15.86,1472.15,274.43,0.7907591289387222,matched,1
A2,annealing_100_5,20260617-090129,89,113,1472.75,275.29,768.0,15.64,1472.15,274.43,1.0486181383134254,matched,1
A2,annealing_125_25,20260831-115727,67,113,1471.63,272.19,643.0,14.31,1472.15,274.43,2.2995651762887745,matched,1
A2,annealing_125_5,20260727-122841,77,113,1471.81,279.12,573.0,13.51,1472.15,274.43,4.702307943978156,matched,1
A2,annealing_150_25,20260917-164036,42,113,1471.51,274.27,197.0,7.92,1472.15,274.43,0.6596969000989288,matched,1
A2,annealing_75_25,20260608-115621,103,113,1470.38,270.9,790.0,15.86,1472.15,274.43,3.94889858061715,matched,1
A2,annealing_75_5,20260521-181553,107,113,1472.04,280.61,785.0,15.81,1472.15,274.43,6.180978886875453,matched,1
A2,before_annealing,20260514-190549,113,113,1472.15,274.43,849.0,16.44,1472.15,274.43,0.0,reference,1
A2,annealing_100_25,20260701-110203,78,114,902.08,274.5,174.0,7.44,901.76,273.69,0.8709190547921406,matched,1
A2,annealing_100_5,20260617-090129,92,114,902.59,274.78,215.0,8.27,901.76,273.69,1.3700364958642575,matched,1
A2,annealing_125_25,20260831-115727,68,114,901.6,270.72,123.0,6.26,901.76,273.69,2.974306641891487,matched,1
A2,annealing_125_5,20260727-122841,78,114,901.74,279.58,232.0,8.59,901.76,273.69,5.8900339557594945,matched,1
A2,annealing_150_25,20260917-164036,43,114,901.47,273.77,153.0,6.98,901.76,273.69,0.30083217912978716,matched,1
A2,annealing_75_25,20260608-115621,104,114,900.19,269.07,221.0,8.39,901.76,273.69,4.879477431037041,matched,1
A2,annealing_75_5,20260521-181553,108,114,901.6,282.85,219.0,8.35,901.76,273.69,9.161397273342121,matched,1
A2,before_annealing,20260514-190549,114,114,901.76,273.69,221.0,8.39,901.76,273.69,0.0,reference,1
A2,annealing_100_25,20260701-110203,79,115,1795.43,271.8,167.0,7.29,1795.41,271.47,0.3306055050963138,matched,1
A2,annealing_100_5,20260617-090129,91,115,1795.88,272.21,226.0,8.48,1795.41,271.47,0.876641317757699,matched,1
A2,annealing_125_25,20260831-115727,70,115,1795.1,269.66,153.0,6.98,1795.41,271.47,1.836355085488674,matched,1
A2,annealing_125_5,20260727-122841,79,115,1795.11,275.21,231.0,8.57,1795.41,271.47,3.752012793155129,matched,1
A2,annealing_150_25,20260917-164036,44,115,1795.43,271.4,55.0,4.18,1795.41,271.47,0.07280109889284829,matched,1
A2,annealing_75_25,20260608-115621,105,115,1793.49,269.1,213.0,8.23,1795.41,271.47,3.050131144721535,matched,1
A2,annealing_75_5,20260521-181553,109,115,1795.04,276.42,234.0,8.63,1795.41,271.47,4.9638090213061155,matched,1
A2,before_annealing,20260514-190549,115,115,1795.41,271.47,247.0,8.87,1795.41,271.47,0.0,reference,1
A2,annealing_100_25,20260701-110203,81,116,1677.45,256.36,516.0,12.82,1677.11,255.78,0.6723094525589488,matched,1
A2,annealing_100_5,20260617-090129,94,116,1677.8,256.59,1089.0,18.62,1677.11,255.78,1.0640488710581075,matched,1
A2,annealing_125_25,20260831-115727,72,116,1676.95,253.87,361.0,10.72,1677.11,255.78,1.9166898549321798,matched,1
A2,annealing_125_5,20260727-122841,80,116,1676.92,259.78,344.0,10.46,1677.11,255.78,4.004509957535342,matched,1
A2,annealing_150_25,20260917-164036,46,116,1676.57,255.59,263.0,9.15,1677.11,255.78,0.5724508712544334,matched,1
A2,annealing_75_25,20260608-115621,107,116,1675.5,252.63,892.0,16.85,1677.11,255.78,3.5375980551780772,matched,1
A2,annealing_75_5,20260521-181553,519,116,1676.98,261.17,912.0,17.04,1677.11,255.78,5.391567490071893,matched,1
A2,before_annealing,20260514-190549,116,116,1677.11,255.78,1101.0,18.72,1677.11,255.78,0.0,reference,1
A2,annealing_100_25,20260701-110203,80,117,1753.17,274.14,59.0,4.33,1753.23,274.02,0.13416407864996704,matched,1
A2,annealing_100_5,20260617-090129,93,117,1754.34,275.39,81.0,5.08,1753.23,274.02,1.7632356620712362,matched,1
A2,annealing_125_25,20260831-115727,69,117,1752.22,272.7,53.0,4.11,1753.23,274.02,1.6620770138594552,matched,1
A2,annealing_150_25,20260917-164036,45,117,1752.39,273.71,30.0,3.09,1753.23,274.02,0.8953770155637589,matched,1
A2,annealing_75_25,20260608-115621,106,117,1751.61,271.81,90.0,5.35,1753.23,274.02,2.740164228654971,matched,1
A2,annealing_75_5,20260521-181553,110,117,1753.04,279.21,95.0,5.5,1753.23,274.02,5.193476677525374,matched,1
A2,before_annealing,20260514-190549,117,117,1753.23,274.02,78.0,4.98,1753.23,274.02,0.0,reference,1
A2,annealing_100_25,20260701-110203,83,118,2093.56,255.44,196.0,7.9,2093.36,254.85,0.6229767250868457,matched,1
A2,annealing_100_5,20260617-090129,95,118,2093.73,255.31,548.0,13.21,2093.36,254.85,0.5903388857257554,matched,1
A2,annealing_125_5,20260727-122841,81,118,2092.5,257.75,211.0,8.2,2093.36,254.85,3.0248305737677694,matched,1
A2,annealing_75_25,20260608-115621,108,118,2091.43,252.74,661.0,14.51,2093.36,254.85,2.8595454184189943,matched,1
A2,annealing_75_5,20260521-181553,111,118,2093.27,257.85,702.0,14.95,2093.36,254.85,3.0013496963866433,matched,1
A2,before_annealing,20260514-190549,118,118,2093.36,254.85,731.0,15.25,2093.36,254.85,0.0,reference,1
A2,annealing_100_25,20260701-110203,82,119,2309.19,264.03,38.0,3.48,2309.23,263.57,0.46173585522458427,matched,1
A2,annealing_100_5,20260617-090129,96,119,2310.12,264.12,73.0,4.82,2309.23,263.57,1.046231331971943,matched,1
A2,annealing_125_5,20260727-122841,82,119,2307.8,264.82,40.0,3.57,2309.23,263.57,1.8993156662333757,matched,1
A2,annealing_75_25,20260608-115621,109,119,2307.08,261.46,91.0,5.38,2309.23,263.57,3.012407674933864,matched,1
A2,annealing_75_5,20260521-181553,112,119,2309.03,265.7,89.0,5.32,2309.23,263.57,2.1393690658696336,matched,1
A2,before_annealing,20260514-190549,119,119,2309.23,263.57,86.0,5.23,2309.23,263.57,0.0,reference,1
A2,annealing_100_5,20260617-090129,98,120,946.1,257.0,42.0,3.66,945.49,256.57,0.7463243262818267,matched,1
A2,annealing_150_25,20260917-164036,47,120,944.41,256.8,32.0,3.19,945.49,256.57,1.1042191811411795,matched,1
A2,annealing_75_5,20260521-181553,113,120,943.56,264.95,32.0,3.19,945.49,256.57,8.599377884475143,matched,1
A2,before_annealing,20260514-190549,120,120,945.49,256.57,35.0,3.34,945.49,256.57,0.0,reference,1
A2,annealing_100_25,20260701-110203,84,121,925.55,232.8,155.0,7.02,925.27,231.89,0.952102935611497,matched,1
A2,annealing_100_5,20260617-090129,99,121,926.0,233.17,208.0,8.14,925.27,231.89,1.4735331689514253,matched,1
A2,annealing_125_25,20260831-115727,73,121,924.83,229.2,162.0,7.18,925.27,231.89,2.7257476038694293,matched,1
A2,annealing_125_5,20260727-122841,83,121,924.82,237.7,161.0,7.16,925.27,231.89,5.8274007928063405,matched,1
A2,annealing_150_25,20260917-164036,50,121,925.86,231.95,45.0,3.78,925.27,231.89,0.5930430001273413,matched,1
A2,annealing_75_25,20260608-115621,110,121,923.84,227.07,194.0,7.86,925.27,231.89,5.027653528237581,matched,1
A2,annealing_75_5,20260521-181553,115,121,924.76,240.67,222.0,8.41,925.27,231.89,8.794799599763488,matched,1
A2,before_annealing,20260514-190549,121,121,925.27,231.89,204.0,8.06,925.27,231.89,0.0,reference,1
A2,annealing_100_25,20260701-110203,85,122,1059.15,229.82,144.0,6.77,1058.88,229.6,0.34828149534534514,matched,1
A2,annealing_100_5,20260617-090129,100,122,1059.91,230.73,169.0,7.33,1058.88,229.6,1.5289865924853407,matched,1
A2,annealing_125_25,20260831-115727,74,122,1059.08,226.38,155.0,7.02,1058.88,229.6,3.2262052011612528,matched,1
A2,annealing_125_5,20260727-122841,84,122,1058.31,235.0,111.0,5.94,1058.88,229.6,5.430000000000023,matched,1
A2,annealing_150_25,20260917-164036,48,122,1058.39,229.59,97.0,5.56,1058.88,229.6,0.4901020301937228,matched,1
A2,annealing_75_25,20260608-115621,111,122,1057.33,225.27,184.0,7.65,1058.88,229.6,4.59906512239177,matched,1
A2,annealing_75_5,20260521-181553,116,122,1058.14,237.77,227.0,8.5,1058.88,229.6,8.203444398543837,matched,1
A2,before_annealing,20260514-190549,122,122,1058.88,229.6,224.0,8.44,1058.88,229.6,0.0,reference,1
A2,annealing_100_25,20260701-110203,86,123,2309.97,221.38,432.0,11.73,2309.81,221.02,0.39395431207177156,matched,1
A2,annealing_100_5,20260617-090129,101,123,2310.34,221.38,570.0,13.47,2309.81,221.02,0.6407027391858111,matched,1
A2,annealing_125_25,20260831-115727,79,123,2309.43,219.96,305.0,9.85,2309.81,221.02,1.1260550608207787,matched,1
A2,annealing_125_5,20260727-122841,89,123,2309.07,223.17,333.0,10.3,2309.81,221.02,2.2737853900488454,matched,1
A2,annealing_150_25,20260917-164036,52,123,2309.26,220.99,68.0,4.65,2309.81,221.02,0.5508175741565441,matched,1
A2,annealing_150_5,20260909-160823,68,123,2311.78,215.34,147.0,6.84,2309.81,221.02,6.011929806642879,matched,1
A2,annealing_75_25,20260608-115621,112,123,2308.03,219.54,449.0,11.95,2309.81,221.02,2.314908205523309,matched,1
A2,annealing_75_5,20260521-181553,119,123,2309.7,223.1,442.0,11.86,2309.81,221.02,2.0829066229670405,matched,1
A2,before_annealing,20260514-190549,123,123,2309.81,221.02,540.0,13.11,2309.81,221.02,0.0,reference,1
A2,annealing_100_25,20260701-110203,87,124,1598.43,223.81,113.0,6.0,1598.04,222.95,0.9442986815621959,matched,1
A2,annealing_100_5,20260617-090129,104,124,1598.87,223.84,210.0,8.18,1598.04,222.95,1.2169634341260651,matched,1
A2,annealing_125_25,20260831-115727,77,124,1597.88,221.14,121.0,6.21,1598.04,222.95,1.8170580618130951,matched,1
A2,annealing_125_5,20260727-122841,88,124,1597.59,227.27,127.0,6.36,1598.04,222.95,4.343374264324941,matched,1
A2,annealing_150_25,20260917-164036,51,124,1597.56,222.88,99.0,5.61,1598.04,222.95,0.48507731342541316,matched,1
A2,annealing_75_25,20260608-115621,115,124,1596.49,220.06,190.0,7.78,1598.04,222.95,3.279420680547066,matched,1
A2,annealing_75_5,20260521-181553,118,124,1597.71,228.81,187.0,7.72,1598.04,222.95,5.86928445383252,matched,1
A2,before_annealing,20260514-190549,124,124,1598.04,222.95,218.0,8.33,1598.04,222.95,0.0,reference,1
A2,annealing_100_5,20260617-090129,103,125,1320.82,232.31,35.0,3.34,1319.53,231.42,1.5672268502038664,matched,1
A2,annealing_125_5,20260727-122841,85,125,1318.52,237.18,36.0,3.39,1319.53,231.42,5.8478799577282885,matched,1
A2,annealing_150_25,20260917-164036,49,125,1318.56,230.51,31.0,3.14,1319.53,231.42,1.3300375934536763,matched,1
A2,annealing_75_25,20260608-115621,113,125,1317.71,227.6,35.0,3.34,1319.53,231.42,4.231406385588569,matched,1
A2,annealing_75_5,20260521-181553,117,125,1318.98,238.69,52.0,4.07,1319.53,231.42,7.290774993099163,matched,1
A2,before_annealing,20260514-190549,125,125,1319.53,231.42,33.0,3.24,1319.53,231.42,0.0,reference,1
A2,annealing_100_25,20260701-110203,88,126,1907.34,225.58,95.0,5.5,1907.5,225.68,0.18867962264119847,matched,1
A2,annealing_100_5,20260617-090129,105,126,1908.06,226.18,113.0,6.0,1907.5,225.68,0.7507329751648977,matched,1
A2,annealing_125_25,20260831-115727,78,126,1906.91,224.18,90.0,5.35,1907.5,225.68,1.6118622769951232,matched,1
A2,annealing_125_5,20260727-122841,87,126,1907.07,228.67,118.0,6.13,1907.5,225.68,3.020761493398633,matched,1
A2,annealing_75_25,20260608-115621,116,126,1905.79,222.96,98.0,5.59,1907.5,225.68,3.2128647652834874,matched,1
A2,annealing_75_5,20260521-181553,120,126,1907.2,229.86,107.0,5.84,1907.5,225.68,4.190751722543347,matched,1
A2,before_annealing,20260514-190549,126,126,1907.5,225.68,114.0,6.02,1907.5,225.68,0.0,reference,1
A2,annealing_100_5,20260617-090129,106,127,744.72,221.82,66.0,4.58,743.13,222.15,1.6238842323269567,matched,1
A2,annealing_75_25,20260608-115621,117,127,742.89,216.22,58.0,4.3,743.13,222.15,5.934854673873665,matched,1
A2,annealing_75_5,20260521-181553,121,127,744.54,230.43,48.0,3.91,743.13,222.15,8.399196390131614,matched,1
A2,before_annealing,20260514-190549,127,127,743.13,222.15,57.0,4.26,743.13,222.15,0.0,reference,1
A2,annealing_100_25,20260701-110203,89,128,1122.64,211.14,171.0,7.38,1122.48,210.59,0.5728001396647939,matched,1
A2,annealing_100_5,20260617-090129,107,128,1123.4,211.53,228.0,8.52,1122.48,210.59,1.3152946437966397,matched,1
A2,annealing_125_25,20260831-115727,80,128,1122.81,206.92,81.0,5.08,1122.48,210.59,3.6848066435024878,matched,1
A2,annealing_125_5,20260727-122841,90,128,1121.93,216.07,165.0,7.25,1122.48,210.59,5.507531207355964,matched,1
A2,annealing_150_25,20260917-164036,53,128,1121.82,211.03,60.0,4.37,1122.48,210.59,0.7932212806021445,matched,1
A2,annealing_75_25,20260608-115621,118,128,1121.06,206.4,207.0,8.12,1122.48,210.59,4.42408182564475,matched,1
A2,annealing_75_5,20260521-181553,122,128,1122.07,218.78,188.0,7.74,1122.48,210.59,8.200256093561958,matched,1
A2,before_annealing,20260514-190549,128,128,1122.48,210.59,191.0,7.8,1122.48,210.59,0.0,reference,1
A2,annealing_150_5,20260909-160823,75,129,995.61,209.99,31.0,3.14,1001.45,213.83,6.9893633472584895,matched,1
A2,annealing_75_25,20260608-115621,119,129,1000.27,209.09,61.0,4.41,1001.45,213.83,4.884669896727949,matched,1
A2,annealing_75_5,20260521-181553,123,129,1000.8,222.08,54.0,4.15,1001.45,213.83,8.275566445869437,matched,1
A2,before_annealing,20260514-190549,129,129,1001.45,213.83,58.0,4.3,1001.45,213.83,0.0,reference,1
A2,annealing_100_25,20260701-110203,90,130,1784.55,210.41,65.0,4.55,1784.07,209.83,0.7528612089887478,matched,1
A2,annealing_100_5,20260617-090129,108,130,1785.49,209.64,75.0,4.89,1784.07,209.83,1.4326548781895159,matched,1
A2,annealing_125_5,20260727-122841,91,130,1782.91,213.32,75.0,4.89,1784.07,209.83,3.6777302783101873,matched,1
A2,annealing_75_25,20260608-115621,120,130,1782.37,206.72,86.0,5.23,1784.07,209.83,3.544305291591039,matched,1
A2,annealing_75_5,20260521-181553,124,130,1784.22,214.99,90.0,5.35,1784.07,209.83,5.16217977215052,matched,1
A2,before_annealing,20260514-190549,130,130,1784.07,209.83,66.0,4.58,1784.07,209.83,0.0,reference,1
A2,annealing_100_25,20260701-110203,91,131,1191.16,197.63,327.0,10.2,1191.01,196.87,0.7746612162745812,matched,1
A2,annealing_100_5,20260617-090129,109,131,1191.53,198.0,370.0,10.85,1191.01,196.87,1.243905141077876,matched,1
A2,annealing_125_25,20260831-115727,81,131,1190.82,194.46,271.0,9.29,1191.01,196.87,2.4174780247191503,matched,1
A2,annealing_125_5,20260727-122841,92,131,1190.49,202.36,277.0,9.39,1191.01,196.87,5.514571606208417,matched,1
A2,annealing_150_25,20260917-164036,55,131,1190.42,196.78,45.0,3.78,1191.01,196.87,0.5968249324549906,matched,1
A2,annealing_75_25,20260608-115621,121,131,1189.37,192.76,404.0,11.34,1191.01,196.87,4.425121467259451,matched,1
A2,annealing_75_5,20260521-181553,125,131,1190.54,204.27,486.0,12.44,1191.01,196.87,7.414910653541289,matched,1
A2,before_annealing,20260514-190549,131,131,1191.01,196.87,494.0,12.54,1191.01,196.87,0.0,reference,1
A2,annealing_75_25,20260608-115621,123,132,1810.78,192.64,53.0,4.11,1812.41,195.68,3.4494202411420503,matched,1
A2,annealing_75_5,20260521-181553,128,132,1811.33,200.51,93.0,5.44,1812.41,195.68,4.949272673838064,matched,1
A2,before_annealing,20260514-190549,132,132,1812.41,195.68,54.0,4.15,1812.41,195.68,0.0,reference,1
A2,before_annealing,20260514-190549,133,133,747.83,195.26,34.0,3.29,747.83,195.26,0.0,reference,1
A2,annealing_100_25,20260701-110203,92,134,1783.02,185.87,411.0,11.44,1782.84,185.28,0.6168468205316673,matched,1
A2,annealing_100_5,20260617-090129,110,134,1783.46,185.94,519.0,12.85,1782.84,185.28,0.9055385138138201,matched,1
A2,annealing_125_25,20260831-115727,82,134,1782.63,183.62,816.0,16.12,1782.84,185.28,1.6732304085211662,matched,1
A2,annealing_125_5,20260727-122841,93,134,1782.26,188.95,567.0,13.43,1782.84,185.28,3.715548411742178,matched,1
A2,annealing_150_25,20260917-164036,54,134,1782.2,185.37,1368.0,20.87,1782.84,185.28,0.6462971452821354,matched,1
A2,annealing_75_25,20260608-115621,124,134,1781.29,182.8,516.0,12.82,1782.84,185.28,2.9245341509375145,matched,1
A2,annealing_75_5,20260521-181553,127,134,1782.29,190.34,809.0,16.05,1782.84,185.28,5.089803532554078,matched,1
A2,before_annealing,20260514-190549,134,134,1782.84,185.28,689.0,14.81,1782.84,185.28,0.0,reference,1
A2,annealing_100_25,20260701-110203,96,135,1222.78,187.42,41.0,3.61,1223.19,187.63,0.46065171225131735,matched,1
A2,annealing_100_5,20260617-090129,113,135,1223.52,187.06,54.0,4.15,1223.19,187.63,0.6586349520029621,matched,1
A2,annealing_75_25,20260608-115621,127,135,1220.77,182.39,66.0,4.58,1223.19,187.63,5.771828133269428,matched,1
A2,annealing_75_5,20260521-181553,131,135,1225.7,195.24,109.0,5.89,1223.19,187.63,8.013251524818134,matched,1
A2,before_annealing,20260514-190549,135,135,1223.19,187.63,155.0,7.02,1223.19,187.63,0.0,reference,1
A2,annealing_100_25,20260701-110203,93,136,1456.03,185.54,207.0,8.12,1455.71,185.11,0.5360037313302405,matched,1
A2,annealing_100_5,20260617-090129,111,136,1456.52,185.88,226.0,8.48,1455.71,185.11,1.1175866856758288,matched,1
A2,annealing_125_25,20260831-115727,84,136,1455.2,182.78,97.0,5.56,1455.71,185.11,2.3851624682608206,matched,1
A2,annealing_125_5,20260727-122841,94,136,1455.33,189.77,179.0,7.55,1455.71,185.11,4.67546789102439,matched,1
A2,annealing_150_25,20260917-164036,58,136,1455.01,184.85,69.0,4.69,1455.71,185.11,0.7467261881038282,matched,1
A2,annealing_75_25,20260608-115621,126,136,1454.37,181.34,228.0,8.52,1455.71,185.11,4.001062358924248,matched,1
A2,annealing_75_5,20260521-181553,129,136,1455.2,191.27,258.0,9.06,1455.71,185.11,6.181075958116026,matched,1
A2,before_annealing,20260514-190549,136,136,1455.71,185.11,237.0,8.69,1455.71,185.11,0.0,reference,1
A2,annealing_100_25,20260701-110203,95,137,1073.07,185.35,146.0,6.82,1072.98,184.53,0.824924238945598,matched,1
A2,annealing_100_5,20260617-090129,112,137,1073.69,185.8,159.0,7.11,1072.98,184.53,1.4549914089093714,matched,1
A2,annealing_125_25,20260831-115727,85,137,1072.6,181.88,85.0,5.2,1072.98,184.53,2.677106647109919,matched,1
A2,annealing_125_5,20260727-122841,95,137,1072.14,190.1,204.0,8.06,1072.98,184.53,5.632983223834399,matched,1
A2,annealing_150_25,20260917-164036,60,137,1073.58,184.51,45.0,3.78,1072.98,184.53,0.6003332407920549,matched,1
A2,annealing_75_25,20260608-115621,125,137,1071.42,180.37,217.0,8.31,1072.98,184.53,4.442881947565094,matched,1
A2,annealing_75_5,20260521-181553,130,137,1072.31,192.95,227.0,8.5,1072.98,184.53,8.446614706496318,matched,1
A2,before_annealing,20260514-190549,137,137,1072.98,184.53,218.0,8.33,1072.98,184.53,0.0,reference,1
A2,annealing_100_25,20260701-110203,98,138,2487.52,175.67,70.0,4.72,2487.4,175.37,0.32310988842801386,matched,1
A2,annealing_100_5,20260617-090129,114,138,2487.69,174.88,114.0,6.02,2487.4,175.37,0.5693856338194596,matched,1
A2,annealing_125_25,20260831-115727,87,138,2487.02,174.71,74.0,4.85,2487.4,175.37,0.7615773105864423,matched,1
A2,annealing_125_5,20260727-122841,96,138,2485.87,176.65,49.0,3.95,2487.4,175.37,1.9948182874639522,matched,1
A2,annealing_150_5,20260909-160823,81,138,2488.82,171.71,56.0,4.22,2487.4,175.37,3.9258120179142786,matched,1
A2,annealing_75_25,20260608-115621,128,138,2485.5,174.21,94.0,5.47,2487.4,175.37,2.2261176967986973,matched,1
A2,annealing_75_5,20260521-181553,133,138,2486.51,176.87,117.0,6.1,2487.4,175.37,1.7441616897523502,matched,1
A2,before_annealing,20260514-190549,138,138,2487.4,175.37,137.0,6.6,2487.4,175.37,0.0,reference,1
A2,annealing_100_5,20260617-090129,115,139,1500.31,171.99,90.0,5.35,1500.28,171.65,0.34132096331752126,matched,1
A2,annealing_150_25,20260917-164036,62,139,1499.06,171.33,129.0,6.41,1500.28,171.65,1.2612692020342295,matched,1
A2,annealing_75_25,20260608-115621,129,139,1498.18,168.26,93.0,5.44,1500.28,171.65,3.987743722959102,matched,1
A2,annealing_75_5,20260521-181553,132,139,1499.78,177.5,123.0,6.26,1500.28,171.65,5.871328640095011,matched,1
A2,before_annealing,20260514-190549,139,139,1500.28,171.65,126.0,6.33,1500.28,171.65,0.0,reference,1
A2,annealing_100_25,20260701-110203,99,140,1822.76,171.27,36.0,3.39,1822.22,171.37,0.5491812087098025,matched,1
A2,annealing_100_5,20260617-090129,116,140,1822.08,171.37,61.0,4.41,1822.22,171.37,0.14000000000010004,matched,1
A2,annealing_75_25,20260608-115621,130,140,1820.45,168.97,59.0,4.33,1822.22,171.37,2.9820965779129223,matched,1
A2,annealing_75_5,20260521-181553,134,140,1822.19,175.81,49.0,3.95,1822.22,171.37,4.440101350194608,matched,1
A2,before_annealing,20260514-190549,140,140,1822.22,171.37,33.0,3.24,1822.22,171.37,0.0,reference,1
A2,annealing_100_25,20260701-110203,101,141,428.79,160.08,51.0,4.03,428.0,159.24,1.1531261856362633,matched,2
A2,annealing_100_5,20260617-090129,117,141,428.79,161.39,73.0,4.82,428.0,159.24,2.2905457864884373,matched,2
A2,annealing_125_25,20260831-115727,89,141,427.68,155.28,30.0,3.09,428.0,159.24,3.9729082546668577,matched,1
A2,annealing_75_25,20260608-115621,131,141,426.68,152.9,87.0,5.26,428.0,159.24,6.47595552795107,matched,1
A2,before_annealing,20260514-190549,141,141,428.0,159.24,63.0,4.48,428.0,159.24,0.0,reference,1
A2,before_annealing,20260514-190549,142,142,2482.26,154.28,35.0,3.34,2482.26,154.28,0.0,reference,1
A2,annealing_100_25,20260701-110203,102,143,794.95,144.81,102.0,5.7,794.75,143.8,1.0296115772464876,matched,1
A2,annealing_100_5,20260617-090129,473,143,795.38,145.21,248.0,8.88,794.75,143.8,1.544344521148045,matched,1
A2,annealing_125_25,20260831-115727,90,143,795.28,140.47,42.0,3.66,794.75,143.8,3.3719134033957716,matched,1
A2,annealing_125_5,20260727-122841,98,143,794.53,150.45,77.0,4.95,794.75,143.8,6.653638102572134,matched,1
A2,annealing_75_25,20260608-115621,509,143,793.73,138.96,260.0,9.1,794.75,143.8,4.9463117572591395,matched,1
A2,annealing_75_5,20260521-181553,136,143,794.11,153.28,134.0,6.53,794.75,143.8,9.501578816175751,matched,1
A2,before_annealing,20260514-190549,143,143,794.75,143.8,198.0,7.94,794.75,143.8,0.0,reference,1
A2,annealing_75_25,20260608-115621,132,144,1578.3,144.45,60.0,4.37,1576.73,146.91,2.918304302159019,matched,1
A2,annealing_75_5,20260521-181553,137,144,1576.88,152.88,111.0,5.94,1576.73,146.91,5.971884124796798,matched,1
A2,before_annealing,20260514-190549,144,144,1576.73,146.91,85.0,5.2,1576.73,146.91,0.0,reference,1
A2,annealing_125_5,20260727-122841,97,145,1337.56,151.56,81.0,5.08,1339.34,145.83,6.000108332355324,matched,1
A2,annealing_75_25,20260608-115621,133,145,1337.16,141.53,53.0,4.11,1339.34,145.83,4.821037232795385,matched,1
A2,before_annealing,20260514-190549,145,145,1339.34,145.83,45.0,3.78,1339.34,145.83,0.0,reference,1
A2,annealing_100_5,20260617-090129,118,146,1542.71,137.97,89.0,5.32,1542.62,136.18,1.7922611416866678,matched,1
A2,annealing_125_5,20260727-122841,99,146,1541.81,140.78,49.0,3.95,1542.62,136.18,4.6707708143303135,matched,1
A2,annealing_75_25,20260608-115621,134,146,1540.68,132.68,71.0,4.75,1542.62,136.18,4.001699638903366,matched,1
A2,annealing_75_5,20260521-181553,140,146,1542.07,142.22,74.0,4.85,1542.62,136.18,6.064989694962379,matched,1
A2,before_annealing,20260514-190549,146,146,1542.62,136.18,119.0,6.15,1542.62,136.18,0.0,reference,1
A2,annealing_100_25,20260701-110203,103,147,562.15,132.49,41.0,3.61,561.79,131.55,1.0065783625729323,matched,2
A2,annealing_100_5,20260617-090129,119,147,562.69,133.08,159.0,7.11,561.79,131.55,1.775077463098489,matched,2
A2,annealing_125_25,20260831-115727,91,147,563.06,127.81,44.0,3.74,561.79,131.55,3.949746827329572,matched,1
A2,annealing_75_25,20260608-115621,135,147,560.69,126.14,169.0,7.33,561.79,131.55,5.5206974197106575,matched,1
A2,before_annealing,20260514-190549,147,147,561.79,131.55,146.0,6.82,561.79,131.55,0.0,reference,1
A2,annealing_100_25,20260701-110203,106,148,765.8,118.36,281.0,9.46,765.43,117.59,0.8542833253669401,matched,1
A2,annealing_100_5,20260617-090129,120,148,766.28,118.85,535.0,13.05,765.43,117.59,1.5199013125857928,matched,1
A2,annealing_125_25,20260831-115727,92,148,765.49,114.52,185.0,7.67,765.43,117.59,3.070586263240304,matched,1
A2,annealing_125_5,20260727-122841,100,148,764.95,123.97,374.0,10.91,765.43,117.59,6.398030947096133,matched,1
A2,annealing_150_25,20260917-164036,65,148,765.13,117.66,139.0,6.65,765.43,117.59,0.30805843601494143,matched,1
A2,annealing_75_25,20260608-115621,136,148,764.23,112.54,666.0,14.56,765.43,117.59,5.190616533707707,matched,1
A2,annealing_75_5,20260521-181553,139,148,764.35,127.39,767.0,15.63,765.43,117.59,9.859330606080709,matched,1
A2,before_annealing,20260514-190549,148,148,765.43,117.59,779.0,15.75,765.43,117.59,0.0,reference,1
A2,annealing_100_25,20260701-110203,105,149,2684.88,128.1,41.0,3.61,2685.01,128.06,0.13601470508745642,matched,1
A2,annealing_100_5,20260617-090129,122,149,2684.74,127.87,55.0,4.18,2685.01,128.06,0.3301514803847393,matched,1
A2,annealing_125_5,20260727-122841,101,149,2684.78,129.73,44.0,3.74,2685.01,128.06,1.6857639217873797,matched,1
A2,annealing_150_25,20260917-164036,64,149,2684.1,127.65,74.0,4.85,2685.01,128.06,0.9980981915626137,matched,1
A2,annealing_150_5,20260909-160823,86,149,2687.87,127.23,226.0,8.48,2685.01,128.06,2.9780026863651625,matched,1
A2,annealing_75_5,20260521-181553,142,149,2684.6,128.63,171.0,7.38,2685.01,128.06,0.7021395872618533,matched,1
A2,before_annealing,20260514-190549,149,149,2685.01,128.06,208.0,8.14,2685.01,128.06,0.0,reference,1
A2,annealing_100_25,20260701-110203,104,150,956.89,114.01,618.0,14.03,956.59,113.34,0.7340980860893012,matched,1
A2,annealing_100_5,20260617-090129,121,150,957.46,114.36,740.0,15.35,956.59,113.34,1.3406341782902598,matched,1
A2,annealing_125_25,20260831-115727,93,150,956.85,110.55,213.0,8.23,956.59,113.34,2.802088506810595,matched,1
A2,annealing_125_5,20260727-122841,102,150,956.35,119.27,251.0,8.94,956.59,113.34,5.934854673873651,matched,1
A2,annealing_150_25,20260917-164036,66,150,956.34,113.43,185.0,7.67,956.59,113.34,0.2657066051117296,matched,1
A2,annealing_75_25,20260608-115621,137,150,955.47,108.85,631.0,14.17,956.59,113.34,4.627580361268737,matched,1
A2,annealing_75_5,20260521-181553,141,150,955.57,122.31,733.0,15.27,956.59,113.34,9.027807042687606,matched,1
A2,before_annealing,20260514-190549,150,150,956.59,113.34,749.0,15.44,956.59,113.34,0.0,reference,1
A2,annealing_100_25,20260701-110203,108,151,1755.85,116.64,38.0,3.48,1755.2,116.76,0.6609841147862963,matched,1
A2,annealing_100_5,20260617-090129,123,151,1755.5,117.48,170.0,7.36,1755.2,116.76,0.7799999999999815,matched,1
A2,annealing_125_5,20260727-122841,105,151,1754.6,120.73,97.0,5.56,1755.2,116.76,4.015084058895923,matched,1
A2,annealing_75_25,20260608-115621,138,151,1754.12,114.31,106.0,5.81,1755.2,116.76,2.6774801586567074,matched,1
A2,annealing_75_5,20260521-181553,143,151,1754.49,121.9,116.0,6.08,1755.2,116.76,5.1888052574749866,matched,1
A2,before_annealing,20260514-190549,151,151,1755.2,116.76,159.0,7.11,1755.2,116.76,0.0,reference,1
A2,annealing_100_25,20260701-110203,110,152,1572.16,116.67,36.0,3.39,1571.16,116.26,1.0807867504739301,matched,1
A2,annealing_100_5,20260617-090129,124,152,1571.44,117.12,62.0,4.44,1571.16,116.26,0.9044335243675921,matched,1
A2,annealing_125_25,20260831-115727,94,152,1571.52,114.6,33.0,3.24,1571.16,116.26,1.6985876486069136,matched,1
A2,annealing_125_5,20260727-122841,104,152,1570.69,121.51,41.0,3.61,1571.16,116.26,5.270996110793483,matched,1
A2,annealing_75_25,20260608-115621,140,152,1569.9,114.06,61.0,4.41,1571.16,116.26,2.535271188650238,matched,1
A2,annealing_75_5,20260521-181553,144,152,1571.1,122.15,105.0,5.78,1571.16,116.26,5.890305594788782,matched,1
A2,before_annealing,20260514-190549,152,152,1571.16,116.26,83.0,5.14,1571.16,116.26,0.0,reference,1
A2,annealing_100_25,20260701-110203,107,153,1968.09,116.57,99.0,5.61,1967.83,116.15,0.49396356140912334,matched,1
A2,annealing_100_5,20260617-090129,125,153,1968.06,116.55,62.0,4.44,1967.83,116.15,0.4614108798023748,matched,1
A2,annealing_125_5,20260727-122841,103,153,1966.95,119.68,85.0,5.2,1967.83,116.15,3.6380351839969607,matched,1
A2,annealing_150_25,20260917-164036,67,153,1966.45,115.7,47.0,3.87,1967.83,116.15,1.451516448408242,matched,1
A2,annealing_150_5,20260909-160823,88,153,1971.21,107.15,79.0,5.01,1967.83,116.15,9.613760970608784,matched,1
A2,annealing_75_25,20260608-115621,139,153,1965.77,113.79,94.0,5.47,1967.83,116.15,3.1326027517066017,matched,1
A2,annealing_75_5,20260521-181553,146,153,1967.26,119.14,41.0,3.61,1967.83,116.15,3.043846251044868,matched,1
A2,before_annealing,20260514-190549,153,153,1967.83,116.15,51.0,4.03,1967.83,116.15,0.0,reference,1
A2,annealing_100_5,20260617-090129,126,154,2065.95,117.12,46.0,3.83,2064.88,116.49,1.2416923934692479,matched,1
A2,annealing_125_5,20260727-122841,106,154,2065.16,119.7,43.0,3.7,2064.88,116.49,3.2221886971435905,matched,1
A2,annealing_75_25,20260608-115621,141,154,2063.34,114.35,56.0,4.22,2064.88,116.49,2.636512848442027,matched,1
A2,annealing_75_5,20260521-181553,145,154,2064.25,119.4,56.0,4.22,2064.88,116.49,2.977414986191915,matched,1
A2,before_annealing,20260514-190549,154,154,2064.88,116.49,63.0,4.48,2064.88,116.49,0.0,reference,1
A2,annealing_100_25,20260701-110203,109,155,1993.12,114.14,71.0,4.75,1992.67,112.93,1.2909686285885575,matched,1
A2,annealing_100_5,20260617-090129,128,155,1992.96,113.87,50.0,3.99,1992.67,112.93,0.9837174391053433,matched,1
A2,annealing_75_25,20260608-115621,142,155,1989.94,110.98,63.0,4.48,1992.67,112.93,3.3549068541466407,matched,1
A2,annealing_75_5,20260521-181553,147,155,1992.14,116.69,63.0,4.48,1992.67,112.93,3.797169998828062,matched,1
A2,before_annealing,20260514-190549,155,155,1992.67,112.93,47.0,3.87,1992.67,112.93,0.0,reference,1
A2,annealing_100_25,20260701-110203,111,156,1148.99,105.1,44.0,3.74,1149.46,104.3,0.927846970141101,matched,1
A2,annealing_100_5,20260617-090129,129,156,1149.65,104.68,73.0,4.82,1149.46,104.3,0.42485291572499306,matched,1
A2,annealing_125_25,20260831-115727,95,156,1149.2,101.64,70.0,4.72,1149.46,104.3,2.6726765610526044,matched,1
A2,annealing_125_5,20260727-122841,107,156,1148.27,109.9,59.0,4.33,1149.46,104.3,5.725041484565874,matched,1
A2,annealing_150_25,20260917-164036,69,156,1149.16,104.56,59.0,4.33,1149.46,104.3,0.3969886648255531,matched,1
A2,annealing_75_25,20260608-115621,144,156,1147.74,99.55,59.0,4.33,1149.46,104.3,5.051821453693717,matched,1
A2,annealing_75_5,20260521-181553,148,156,1148.14,111.99,61.0,4.41,1149.46,104.3,7.8024675584073915,matched,1
A2,before_annealing,20260514-190549,156,156,1149.46,104.3,56.0,4.22,1149.46,104.3,0.0,reference,1
A2,annealing_100_25,20260701-110203,112,157,1435.62,99.31,63.0,4.48,1435.35,98.08,1.2592855117089214,matched,1
A2,annealing_100_5,20260617-090129,130,157,1436.63,99.2,79.0,5.01,1435.35,98.08,1.7008233300376976,matched,1
A2,annealing_125_25,20260831-115727,96,157,1434.5,96.17,70.0,4.72,1435.35,98.08,2.0905980005730016,matched,1
A2,annealing_125_5,20260727-122841,108,157,1434.36,102.32,90.0,5.35,1435.35,98.08,4.354044097158408,matched,1
A2,annealing_75_25,20260608-115621,145,157,1433.9,94.59,76.0,4.92,1435.35,98.08,3.7792327263611907,matched,1
A2,annealing_75_5,20260521-181553,151,157,1434.72,104.68,105.0,5.78,1435.35,98.08,6.629999999999997,matched,1
A2,before_annealing,20260514-190549,157,157,1435.35,98.08,158.0,7.09,1435.35,98.08,0.0,reference,1
A2,annealing_100_5,20260617-090129,131,158,1518.66,97.73,82.0,5.11,1518.0,97.12,0.8987213138677125,matched,1
A2,annealing_75_25,20260608-115621,146,158,1516.34,93.38,109.0,5.89,1518.0,97.12,4.0918455493823735,matched,1
A2,annealing_75_5,20260521-181553,150,158,1516.86,102.86,114.0,6.02,1518.0,97.12,5.852110730326296,matched,1
A2,before_annealing,20260514-190549,158,158,1518.0,97.12,131.0,6.46,1518.0,97.12,0.0,reference,1
A2,annealing_125_5,20260727-122841,109,159,1983.97,101.4,105.0,5.78,1984.99,98.41,3.1591929349123355,matched,1
A2,annealing_75_5,20260521-181553,152,159,1984.24,101.43,31.0,3.14,1984.99,98.41,3.111735849971855,matched,1
A2,before_annealing,20260514-190549,159,159,1984.99,98.41,33.0,3.24,1984.99,98.41,0.0,reference,1
A2,annealing_100_25,20260701-110203,113,160,836.7,76.55,123.0,6.26,836.02,76.32,0.7178439941937861,matched,1
A2,annealing_100_5,20260617-090129,132,160,836.97,76.96,106.0,5.81,836.02,76.32,1.1454693361238821,matched,1
A2,annealing_125_5,20260727-122841,110,160,835.62,81.99,114.0,6.02,836.02,76.32,5.6840918359928,matched,1
A2,annealing_75_25,20260608-115621,147,160,834.93,71.2,91.0,5.38,836.02,76.32,5.2347397260990896,matched,1
A2,annealing_75_5,20260521-181553,154,160,835.08,85.42,94.0,5.47,836.02,76.32,9.148420628720569,matched,1
A2,before_annealing,20260514-190549,160,160,836.02,76.32,84.0,5.17,836.02,76.32,0.0,reference,1
A2,annealing_100_25,20260701-110203,114,161,2383.91,69.06,183.0,7.63,2383.6,68.72,0.4601086828130594,matched,1
A2,annealing_100_5,20260617-090129,133,161,2384.03,69.12,282.0,9.47,2383.6,68.72,0.5872818744012579,matched,1
A2,annealing_125_25,20260831-115727,97,161,2383.54,67.98,247.0,8.87,2383.6,68.72,0.742428447730814,matched,1
A2,annealing_125_5,20260727-122841,111,161,2382.27,70.72,298.0,9.74,2383.6,68.72,2.4018534509831793,matched,1
A2,annealing_150_25,20260917-164036,73,161,2383.13,69.05,61.0,4.41,2383.6,68.72,0.5742821606142844,matched,1
A2,annealing_150_5,20260909-160823,92,161,2387.16,64.24,189.0,7.76,2383.6,68.72,5.722237324683384,matched,1
A2,annealing_75_25,20260608-115621,148,161,2382.33,67.38,277.0,9.39,2383.6,68.72,1.846212338816953,matched,1
A2,annealing_75_5,20260521-181553,155,161,2383.09,70.56,284.0,9.51,2383.6,68.72,1.9093716243832082,matched,1
A2,before_annealing,20260514-190549,161,161,2383.6,68.72,364.0,10.76,2383.6,68.72,0.0,reference,1
A2,annealing_100_25,20260701-110203,116,162,1436.93,53.08,179.0,7.55,1437.86,52.77,0.9803060746520408,matched,1
A2,annealing_100_5,20260617-090129,134,162,1438.4,53.68,297.0,9.72,1437.86,52.77,1.0581587782559856,matched,1
A2,annealing_125_25,20260831-115727,98,162,1438.32,50.72,171.0,7.38,1437.86,52.77,2.1009759636892684,matched,1
A2,annealing_125_5,20260727-122841,112,162,1435.33,57.33,184.0,7.65,1437.86,52.77,5.2148346090743685,matched,1
A2,annealing_75_25,20260608-115621,149,162,1436.36,49.26,358.0,10.67,1437.86,52.77,3.817080035838918,matched,1
A2,annealing_75_5,20260521-181553,156,162,1437.08,59.27,806.0,16.02,1437.86,52.77,6.546632722247366,matched,1
A2,before_annealing,20260514-190549,162,162,1437.86,52.77,361.0,10.72,1437.86,52.77,0.0,reference,1
A2,annealing_100_25,20260701-110203,115,163,2184.78,58.4,68.0,4.65,2185.64,57.16,1.5090394295708254,matched,1
A2,annealing_75_25,20260608-115621,150,163,2183.23,56.04,69.0,4.69,2185.64,57.16,2.6575364531835293,matched,1
A2,annealing_75_5,20260521-181553,157,163,2184.79,60.4,58.0,4.3,2185.64,57.16,3.349641771891415,matched,1
A2,before_annealing,20260514-190549,163,163,2185.64,57.16,73.0,4.82,2185.64,57.16,0.0,reference,1
A2,annealing_100_25,20260701-110203,117,164,582.95,37.95,109.0,5.89,582.85,37.61,0.3544009029333967,matched,1
A2,annealing_100_5,20260617-090129,136,164,583.24,38.54,128.0,6.38,582.85,37.61,1.008464178838291,matched,2
A2,annealing_125_25,20260831-115727,99,164,583.03,34.0,64.0,4.51,582.85,37.61,3.6144847488957508,matched,1
A2,annealing_75_25,20260608-115621,151,164,581.56,31.84,88.0,5.29,582.85,37.61,5.912444502910805,matched,1
A2,before_annealing,20260514-190549,164,164,582.85,37.61,124.0,6.28,582.85,37.61,0.0,reference,1
A2,annealing_100_25,20260701-110203,118,165,1219.6,36.48,88.0,5.29,1219.44,36.05,0.45880278987812745,matched,1
A2,annealing_100_5,20260617-090129,137,165,1219.56,36.78,60.0,4.37,1219.44,36.05,0.7397972695272534,matched,1
A2,annealing_125_25,20260831-115727,100,165,1219.42,33.13,77.0,4.95,1219.44,36.05,2.9200684923473914,matched,1
A2,annealing_125_5,20260727-122841,114,165,1218.36,41.11,43.0,3.7,1219.44,36.05,5.173973328110646,matched,1
A2,annealing_75_25,20260608-115621,152,165,1218.01,31.62,73.0,4.82,1219.44,36.05,4.655083243079564,matched,1
A2,annealing_75_5,20260521-181553,159,165,1217.86,43.21,87.0,5.26,1219.44,36.05,7.332257496842329,matched,1
A2,before_annealing,20260514-190549,165,165,1219.44,36.05,98.0,5.59,1219.44,36.05,0.0,reference,1
A2,annealing_100_25,20260701-110203,119,166,1705.39,12.48,48.0,3.91,1704.29,11.44,1.5138031576134006,matched,1
A2,annealing_100_5,20260617-090129,139,166,1705.52,15.91,91.0,5.38,1704.29,11.44,4.636140636348303,matched,1
A2,annealing_75_25,20260608-115621,153,166,1704.32,11.78,34.0,3.29,1704.29,11.44,0.3413209633175177,matched,1
A2,annealing_75_5,20260521-181553,160,166,1702.95,16.63,655.0,14.44,1704.29,11.44,5.360195891942736,matched,1
A2,before_annealing,20260514-190549,166,166,1704.29,11.44,612.0,13.96,1704.29,11.44,0.0,reference,1
A2,annealing_75_25,20260608-115621,156,167,797.79,-4.62,50.0,3.99,798.69,-0.9,3.8273228241161164,matched,1
A2,before_annealing,20260514-190549,167,167,798.69,-0.9,53.0,4.11,798.69,-0.9,0.0,reference,1
A2,annealing_100_25,20260701-110203,120,168,1137.38,-3.96,186.0,7.69,1137.17,-4.45,0.5331041174104881,matched,1
A2,annealing_100_5,20260617-090129,141,168,1137.93,-3.75,138.0,6.63,1137.17,-4.45,1.0332473082471527,matched,1
A2,annealing_125_25,20260831-115727,101,168,1137.24,-7.27,231.0,8.57,1137.17,-4.45,2.8208686605370317,matched,1
A2,annealing_125_5,20260727-122841,115,168,1135.84,0.97,250.0,8.92,1137.17,-4.45,5.58079743405908,matched,1
A2,annealing_75_25,20260608-115621,158,168,1136.37,-9.43,145.0,6.79,1137.17,-4.45,5.043847737590845,matched,1
A2,annealing_75_5,20260521-181553,163,168,1136.02,2.81,131.0,6.46,1137.17,-4.45,7.35051698862061,matched,1
A2,before_annealing,20260514-190549,168,168,1137.17,-4.45,119.0,6.15,1137.17,-4.45,0.0,reference,1
A2,annealing_100_25,20260701-110203,121,169,1612.98,-9.56,436.0,11.78,1613.02,-10.05,0.4916299421312714,matched,1
A2,annealing_100_5,20260617-090129,140,169,1613.46,-9.21,475.0,12.3,1613.02,-10.05,0.948261567290401,matched,1
A2,annealing_125_25,20260831-115727,103,169,1612.82,-12.03,195.0,7.88,1613.02,-10.05,1.990075375456923,matched,1
A2,annealing_125_5,20260727-122841,116,169,1611.83,-5.71,270.0,9.27,1613.02,-10.05,4.500188884924736,matched,1
A2,annealing_150_25,20260917-164036,75,169,1612.23,-9.78,85.0,5.2,1613.02,-10.05,0.8348652585896381,matched,1
A2,annealing_75_25,20260608-115621,155,169,1611.93,-13.24,582.0,13.61,1613.02,-10.05,3.371082912062505,matched,1
A2,annealing_75_5,20260521-181553,162,169,1611.45,-4.44,649.0,14.37,1613.02,-10.05,5.825547184599898,matched,1
A2,before_annealing,20260514-190549,169,169,1613.02,-10.05,599.0,13.81,1613.02,-10.05,0.0,reference,1
A2,annealing_100_5,20260617-090129,142,170,2126.17,-2.11,30.0,3.09,2125.44,-3.15,1.2706297651165057,matched,1
A2,annealing_125_25,20260831-115727,102,170,2124.02,-3.98,31.0,3.14,2125.44,-3.15,1.6447796204963772,matched,1
A2,annealing_75_25,20260608-115621,157,170,2123.33,-5.73,122.0,6.23,2125.44,-3.15,3.3329416436536268,matched,1
A2,annealing_75_5,20260521-181553,165,170,2123.75,-0.03,130.0,6.43,2125.44,-3.15,3.548309456628633,matched,1
A2,before_annealing,20260514-190549,170,170,2125.44,-3.15,80.0,5.05,2125.44,-3.15,0.0,reference,1
A2,annealing_100_5,20260617-090129,143,171,1195.11,-4.51,48.0,3.91,1194.75,-5.35,0.9138927727036295,matched,1
A2,annealing_150_25,20260917-164036,74,171,1194.0,-4.91,31.0,3.14,1194.75,-5.35,0.8695401083331347,matched,1
A2,annealing_75_25,20260608-115621,159,171,1193.68,-9.35,77.0,4.95,1194.75,-5.35,4.140640047142454,matched,1
A2,annealing_75_5,20260521-181553,164,171,1193.01,1.95,101.0,5.67,1194.75,-5.35,7.504505313476701,matched,1
A2,before_annealing,20260514-190549,171,171,1194.75,-5.35,91.0,5.38,1194.75,-5.35,0.0,reference,1
A2,annealing_100_5,20260617-090129,145,172,789.27,-9.57,64.0,4.51,789.33,-10.72,1.1515641536623167,matched,1
A2,annealing_125_25,20260831-115727,104,172,789.34,-14.45,36.0,3.39,789.33,-10.72,3.730013404801649,matched,1
A2,annealing_125_5,20260727-122841,117,172,787.52,-4.32,85.0,5.2,789.33,-10.72,6.651022477784917,matched,1
A2,annealing_75_25,20260608-115621,162,172,788.12,-16.15,64.0,4.51,789.33,-10.72,5.563182542394243,matched,1
A2,annealing_75_5,20260521-181553,166,172,787.71,-1.34,58.0,4.3,789.33,-10.72,9.518865478616663,matched,1
A2,before_annealing,20260514-190549,172,172,789.33,-10.72,149.0,6.89,789.33,-10.72,0.0,reference,1
A2,annealing_100_25,20260701-110203,122,173,1776.22,-12.15,73.0,4.82,1776.66,-13.4,1.3251792331605745,matched,1
A2,annealing_100_5,20260617-090129,144,173,1776.82,-11.82,143.0,6.75,1776.66,-13.4,1.5880806024884107,matched,1
A2,annealing_125_25,20260831-115727,105,173,1775.89,-14.26,78.0,4.98,1776.66,-13.4,1.154339638061507,matched,1
A2,annealing_125_5,20260727-122841,119,173,1775.13,-9.16,113.0,6.0,1776.66,-13.4,4.507604685417735,matched,1
A2,annealing_75_25,20260608-115621,160,173,1775.26,-15.55,152.0,6.96,1776.66,-13.4,2.56563832213355,matched,1
A2,annealing_75_5,20260521-181553,170,173,1774.49,-7.72,116.0,6.08,1776.66,-13.4,6.08040294717384,matched,1
A2,before_annealing,20260514-190549,173,173,1776.66,-13.4,114.0,6.02,1776.66,-13.4,0.0,reference,1
A2,annealing_100_5,20260617-090129,146,174,1548.51,-13.88,136.0,6.58,1547.55,-14.74,1.2888754788574686,matched,1
A2,annealing_125_5,20260727-122841,122,174,1546.65,-11.81,45.0,3.78,1547.55,-14.74,3.0651101122145272,matched,1
A2,annealing_75_25,20260608-115621,163,174,1546.58,-18.05,122.0,6.23,1547.55,-14.74,3.4492028064467384,matched,1
A2,annealing_75_5,20260521-181553,171,174,1545.9,-9.14,124.0,6.28,1547.55,-14.74,5.838021925275679,matched,1
A2,before_annealing,20260514-190549,174,174,1547.55,-14.74,119.0,6.15,1547.55,-14.74,0.0,reference,1
A2,annealing_75_25,20260608-115621,161,175,881.86,-13.72,34.0,3.29,883.38,-10.83,3.2653483734511313,matched,1
A2,annealing_75_5,20260521-181553,167,175,878.88,-2.75,44.0,3.74,883.38,-10.83,9.248589081584283,matched,1
A2,before_annealing,20260514-190549,175,175,883.38,-10.83,32.0,3.19,883.38,-10.83,0.0,reference,1
A2,annealing_100_25,20260701-110203,123,176,427.44,-19.53,147.0,6.84,427.46,-19.59,0.06324555320336062,matched,1
A2,annealing_100_5,20260617-090129,148,176,428.06,-18.29,141.0,6.7,427.46,-19.59,1.4317821063276455,matched,2
A2,annealing_125_25,20260831-115727,107,176,427.92,-23.95,71.0,4.75,427.46,-19.59,4.3841989005974655,matched,1
A2,annealing_150_25,20260917-164036,76,176,426.46,-20.79,63.0,4.48,427.46,-19.59,1.5620499351813304,matched,1
A2,annealing_75_25,20260608-115621,167,176,426.68,-25.94,127.0,6.36,427.46,-19.59,6.397726158566024,matched,1
A2,before_annealing,20260514-190549,176,176,427.46,-19.59,161.0,7.16,427.46,-19.59,0.0,reference,1
A2,annealing_100_25,20260701-110203,126,177,1117.49,-25.4,165.0,7.25,1117.39,-25.98,0.5885575587824728,matched,1
A2,annealing_100_5,20260617-090129,150,177,1118.06,-24.96,294.0,9.67,1117.39,-25.98,1.2203687967167105,matched,1
A2,annealing_125_25,20260831-115727,108,177,1117.54,-28.72,188.0,7.74,1117.39,-25.98,2.7441027677548724,matched,1
A2,annealing_125_5,20260727-122841,120,177,1116.42,-20.21,330.0,10.25,1117.39,-25.98,5.8509657322530995,matched,1
A2,annealing_150_25,20260917-164036,77,177,1116.56,-25.97,64.0,4.51,1117.39,-25.98,0.8300602387780399,matched,1
A2,annealing_75_25,20260608-115621,164,177,1116.55,-29.92,478.0,12.33,1117.39,-25.98,4.028548125565866,matched,1
A2,annealing_75_5,20260521-181553,168,177,1115.62,-17.62,604.0,13.87,1117.39,-25.98,8.54532035678012,matched,1
A2,before_annealing,20260514-190549,177,177,1117.39,-25.98,629.0,14.15,1117.39,-25.98,0.0,reference,1
A2,annealing_100_5,20260617-090129,149,178,1873.95,-17.94,66.0,4.58,1873.48,-18.46,0.7009279563550203,matched,1
A2,annealing_75_25,20260608-115621,166,178,1873.01,-21.2,79.0,5.01,1873.48,-18.46,2.780017985553334,matched,1
A2,annealing_75_5,20260521-181553,172,178,1872.43,-14.24,93.0,5.44,1873.48,-18.46,4.3486664622617255,matched,1
A2,before_annealing,20260514-190549,178,178,1873.48,-18.46,93.0,5.44,1873.48,-18.46,0.0,reference,1
A2,annealing_100_25,20260701-110203,124,179,2017.78,-17.49,67.0,4.62,2018.84,-18.77,1.6619265928433444,matched,1
A2,annealing_100_5,20260617-090129,147,179,2018.48,-17.92,131.0,6.46,2018.84,-18.77,0.9230926280714868,matched,1
A2,annealing_125_5,20260727-122841,123,179,2016.52,-15.31,134.0,6.53,2018.84,-18.77,4.165813245934063,matched,1
A2,annealing_75_25,20260608-115621,165,179,2017.08,-20.09,99.0,5.61,2018.84,-18.77,2.199999999999993,matched,1
A2,annealing_75_5,20260521-181553,173,179,2017.75,-15.17,117.0,6.1,2018.84,-18.77,3.7613960174381824,matched,1
A2,before_annealing,20260514-190549,179,179,2018.84,-18.77,100.0,5.64,2018.84,-18.77,0.0,reference,1
A2,annealing_100_25,20260701-110203,127,180,2703.42,-43.2,88.0,5.29,2703.28,-43.63,0.45221676218376083,matched,1
A2,annealing_100_5,20260617-090129,151,180,2703.71,-43.26,97.0,5.56,2703.28,-43.63,0.5672741841471922,matched,1
A2,annealing_125_25,20260831-115727,109,180,2703.57,-44.07,117.0,6.1,2703.28,-43.63,0.526972485050194,matched,1
A2,annealing_125_5,20260727-122841,124,180,2701.3,-42.34,101.0,5.67,2703.28,-43.63,2.3631546711969724,matched,1
A2,annealing_150_25,20260917-164036,78,180,2702.79,-42.98,91.0,5.38,2703.28,-43.63,0.8140024569988957,matched,1
A2,annealing_150_5,20260909-160823,98,180,2708.11,-44.38,116.0,6.08,2703.28,-43.63,4.887882977322524,matched,1
A2,annealing_75_25,20260608-115621,168,180,2702.93,-43.96,104.0,5.75,2703.28,-43.63,0.48104053883249126,matched,1
A2,annealing_75_5,20260521-181553,174,180,2702.06,-42.57,107.0,5.84,2703.28,-43.63,1.6161683080671474,matched,1
A2,before_annealing,20260514-190549,180,180,2703.28,-43.63,97.0,5.56,2703.28,-43.63,0.0,reference,1
A2,before_annealing,20260514-190549,181,181,1347.57,-43.69,49.0,3.95,1347.57,-43.69,0.0,reference,1
A2,annealing_100_5,20260617-090129,152,182,1500.98,-44.4,47.0,3.87,1499.62,-45.41,1.694018890095486,matched,1
A2,annealing_75_25,20260608-115621,169,182,1499.11,-48.89,44.0,3.74,1499.62,-45.41,3.517172159562284,matched,1
A2,annealing_75_5,20260521-181553,175,182,1497.66,-39.42,60.0,4.37,1499.62,-45.41,6.302515370865762,matched,1
A2,before_annealing,20260514-190549,182,182,1499.62,-45.41,45.0,3.78,1499.62,-45.41,0.0,reference,1
A2,annealing_100_25,20260701-110203,128,183,1395.9,-48.71,48.0,3.91,1395.01,-49.65,1.294488315899442,matched,1
A2,annealing_100_5,20260617-090129,153,183,1395.8,-49.49,61.0,4.41,1395.01,-49.65,0.8060397012554291,matched,1
A2,annealing_125_5,20260727-122841,125,183,1393.73,-44.84,55.0,4.18,1395.01,-49.65,4.977398919114268,matched,1
A2,annealing_75_25,20260608-115621,170,183,1394.78,-53.76,75.0,4.89,1395.01,-49.65,4.116430492550555,matched,1
A2,annealing_75_5,20260521-181553,176,183,1393.67,-43.4,91.0,5.38,1395.01,-49.65,6.392034105040412,matched,1
A2,before_annealing,20260514-190549,183,183,1395.01,-49.65,91.0,5.38,1395.01,-49.65,0.0,reference,1
A2,annealing_100_25,20260701-110203,129,184,1910.26,-59.18,78.0,4.98,1910.17,-59.18,0.08999999999991815,matched,1
A2,annealing_100_5,20260617-090129,156,184,1910.32,-58.88,110.0,5.92,1910.17,-59.18,0.3354101966249049,matched,1
A2,annealing_75_25,20260608-115621,172,184,1909.02,-62.21,93.0,5.44,1910.17,-59.18,3.240894938130549,matched,1
A2,annealing_75_5,20260521-181553,180,184,1908.32,-55.19,132.0,6.48,1910.17,-59.18,4.398022282799454,matched,1
A2,before_annealing,20260514-190549,184,184,1910.17,-59.18,141.0,6.7,1910.17,-59.18,0.0,reference,1
A2,annealing_100_5,20260617-090129,154,185,354.39,-55.5,120.0,6.18,353.3,-57.88,2.617728022541677,matched,1
A2,annealing_75_25,20260608-115621,173,185,352.69,-63.43,89.0,5.32,353.3,-57.88,5.583421889844971,matched,1
A2,before_annealing,20260514-190549,185,185,353.3,-57.88,96.0,5.53,353.3,-57.88,0.0,reference,1
A2,annealing_75_25,20260608-115621,171,186,1412.24,-62.3,90.0,5.35,1412.58,-56.99,5.320873988359421,matched,1
A2,annealing_75_5,20260521-181553,178,186,1411.36,-52.09,74.0,4.85,1412.58,-56.99,5.049594043089014,matched,1
A2,before_annealing,20260514-190549,186,186,1412.58,-56.99,54.0,4.15,1412.58,-56.99,0.0,reference,1
A2,annealing_75_25,20260608-115621,175,187,543.49,-71.28,64.0,4.51,544.13,-65.01,6.302578837269704,matched,1
A2,before_annealing,20260514-190549,187,187,544.13,-65.01,75.0,4.89,544.13,-65.01,0.0,reference,1
A2,annealing_100_25,20260701-110203,131,188,712.68,-64.96,46.0,3.83,712.87,-66.12,1.1754573577974003,matched,2
A2,annealing_100_5,20260617-090129,157,188,713.09,-64.16,60.0,4.37,712.87,-66.12,1.9723082923316129,matched,2
A2,annealing_125_25,20260831-115727,111,188,713.39,-69.66,42.0,3.66,712.87,-66.12,3.5779882615793928,matched,1
A2,annealing_75_25,20260608-115621,176,188,711.89,-71.81,31.0,3.14,712.87,-66.12,5.7737769267612,matched,1
A2,before_annealing,20260514-190549,188,188,712.87,-66.12,77.0,4.95,712.87,-66.12,0.0,reference,1
A2,annealing_100_5,20260617-090129,158,189,1104.45,-78.59,110.0,5.92,1104.11,-79.77,1.2280065146407333,matched,1
A2,annealing_125_25,20260831-115727,112,189,1104.44,-82.5,191.0,7.8,1104.11,-79.77,2.7498727243274597,matched,1
A2,annealing_125_5,20260727-122841,127,189,1102.12,-73.83,64.0,4.51,1104.11,-79.77,6.264479228156161,matched,1
A2,annealing_75_25,20260608-115621,177,189,1103.14,-84.19,110.0,5.92,1104.11,-79.77,4.525185079087885,matched,1
A2,annealing_75_5,20260521-181553,183,189,1102.51,-71.76,130.0,6.43,1104.11,-79.77,8.16823726393887,matched,1
A2,before_annealing,20260514-190549,189,189,1104.11,-79.77,115.0,6.05,1104.11,-79.77,0.0,reference,1
A2,annealing_100_25,20260701-110203,133,190,1388.38,-84.85,88.0,5.29,1388.33,-85.29,0.442831796509723,matched,1
A2,annealing_100_5,20260617-090129,159,190,1388.82,-84.33,160.0,7.14,1388.33,-85.29,1.0778218776773945,matched,1
A2,annealing_125_25,20260831-115727,114,190,1388.5,-87.64,172.0,7.4,1388.33,-85.29,2.356140912594151,matched,1
A2,annealing_125_5,20260727-122841,128,190,1386.64,-80.32,181.0,7.59,1388.33,-85.29,5.249476164342452,matched,1
A2,annealing_150_25,20260917-164036,80,190,1387.22,-84.71,77.0,4.95,1388.33,-85.29,1.2523977004130087,matched,1
A2,annealing_75_25,20260608-115621,180,190,1387.59,-89.09,233.0,8.61,1388.33,-85.29,3.871382182115322,matched,1
A2,annealing_75_5,20260521-181553,184,190,1386.53,-78.81,301.0,9.79,1388.33,-85.29,6.725355009216977,matched,1
A2,before_annealing,20260514-190549,190,190,1388.33,-85.29,375.0,10.93,1388.33,-85.29,0.0,reference,1
A2,annealing_75_5,20260521-181553,186,191,1695.69,-77.84,63.0,4.48,1697.84,-82.63,5.250390461670383,matched,1
A2,before_annealing,20260514-190549,191,191,1697.84,-82.63,66.0,4.58,1697.84,-82.63,0.0,reference,1
A2,annealing_100_25,20260701-110203,132,192,2168.68,-81.02,51.0,4.03,2169.06,-81.45,0.5738466694162203,matched,1
A2,annealing_100_5,20260617-090129,160,192,2168.72,-80.31,55.0,4.18,2169.06,-81.45,1.1896217886370861,matched,1
A2,annealing_125_25,20260831-115727,113,192,2168.04,-82.29,53.0,4.11,2169.06,-81.45,1.3213629327327026,matched,1
A2,annealing_125_5,20260727-122841,129,192,2167.29,-78.38,65.0,4.55,2169.06,-81.45,3.543698632784676,matched,1
A2,annealing_150_25,20260917-164036,82,192,2167.71,-81.84,46.0,3.83,2169.06,-81.45,1.405204611435557,matched,1
A2,annealing_150_5,20260909-160823,103,192,2173.81,-88.15,61.0,4.41,2169.06,-81.45,8.212947095896821,matched,1
A2,annealing_75_25,20260608-115621,178,192,2167.69,-83.75,51.0,4.03,2169.06,-81.45,2.6771066471098397,matched,1
A2,annealing_75_5,20260521-181553,188,192,2167.52,-78.99,48.0,3.91,2169.06,-81.45,2.9022749697435506,matched,1
A2,before_annealing,20260514-190549,192,192,2169.06,-81.45,50.0,3.99,2169.06,-81.45,0.0,reference,1
A2,annealing_100_25,20260701-110203,135,193,2104.04,-87.65,34.0,3.29,2104.73,-86.73,1.150000000000034,matched,1
A2,annealing_100_5,20260617-090129,162,193,2105.04,-86.27,174.0,7.44,2104.73,-86.73,0.5547071299343226,matched,1
A2,annealing_150_25,20260917-164036,81,193,2103.8,-87.07,267.0,9.22,2104.73,-86.73,0.9902019995938648,matched,1
A2,annealing_75_25,20260608-115621,179,193,2103.96,-89.19,221.0,8.39,2104.73,-86.73,2.577692766797459,matched,1
A2,annealing_75_5,20260521-181553,187,193,2102.97,-84.04,320.0,10.09,2104.73,-86.73,3.214607285501723,matched,1
A2,before_annealing,20260514-190549,193,193,2104.73,-86.73,177.0,7.51,2104.73,-86.73,0.0,reference,1
A2,annealing_100_5,20260617-090129,163,194,1735.96,-86.37,62.0,4.44,1736.79,-87.26,1.2169634341260547,matched,1
A2,annealing_75_25,20260608-115621,182,194,1735.42,-90.0,51.0,4.03,1736.79,-87.26,3.0634131291746587,matched,1
A2,annealing_75_5,20260521-181553,189,194,1733.75,-82.11,57.0,4.26,1736.79,-87.26,5.980309356546686,matched,1
A2,before_annealing,20260514-190549,194,194,1736.79,-87.26,48.0,3.91,1736.79,-87.26,0.0,reference,1
A2,annealing_100_25,20260701-110203,136,195,2445.01,-93.98,212.0,8.21,2445.04,-93.8,0.18248287590891146,matched,1
A2,annealing_100_5,20260617-090129,164,195,2445.19,-94.07,269.0,9.25,2445.04,-93.8,0.3088689042296507,matched,1
A2,annealing_125_25,20260831-115727,115,195,2445.82,-95.04,54.0,4.15,2445.04,-93.8,1.4649232061785131,matched,1
A2,annealing_125_5,20260727-122841,130,195,2442.88,-92.47,77.0,4.95,2445.04,-93.8,2.5366316248125913,matched,1
A2,annealing_150_5,20260909-160823,105,195,2450.58,-98.07,64.0,4.51,2445.04,-93.8,6.994605063904578,matched,1
A2,annealing_75_25,20260608-115621,183,195,2444.08,-95.43,175.0,7.46,2445.04,-93.8,1.8916923639958219,matched,1
A2,annealing_75_5,20260521-181553,191,195,2443.58,-92.84,103.0,5.73,2445.04,-93.8,1.7473408368146421,matched,1
A2,before_annealing,20260514-190549,195,195,2445.04,-93.8,130.0,6.43,2445.04,-93.8,0.0,reference,1
A2,annealing_75_25,20260608-115621,184,196,2248.54,-96.56,87.0,5.26,2250.15,-96.93,1.6519685227026613,matched,1
A2,before_annealing,20260514-190549,196,196,2250.15,-96.93,182.0,7.61,2250.15,-96.93,0.0,reference,1
A2,annealing_100_25,20260701-110203,137,197,949.98,-104.98,256.0,9.03,949.73,-105.62,0.6870953354520759,matched,1
A2,annealing_100_5,20260617-090129,165,197,950.33,-104.52,295.0,9.69,949.73,-105.62,1.2529964086141852,matched,1
A2,annealing_125_25,20260831-115727,117,197,950.13,-108.62,222.0,8.41,949.73,-105.62,3.026549190084308,matched,1
A2,annealing_125_5,20260727-122841,131,197,948.49,-99.77,280.0,9.44,949.73,-105.62,5.979974916335363,matched,1
A2,annealing_150_25,20260917-164036,83,197,949.19,-105.47,44.0,3.74,949.73,-105.62,0.5604462507680485,matched,1
A2,annealing_75_25,20260608-115621,186,197,949.07,-110.07,408.0,11.4,949.73,-105.62,4.498677583468264,matched,1
A2,annealing_75_5,20260521-181553,528,197,947.62,-96.62,409.0,11.41,949.73,-105.62,9.244030506224007,matched,1
A2,before_annealing,20260514-190549,197,197,949.73,-105.62,392.0,11.17,949.73,-105.62,0.0,reference,1
A2,annealing_100_25,20260701-110203,138,198,2427.76,-105.98,102.0,5.7,2427.43,-106.43,0.5580322571323764,matched,1
A2,annealing_100_5,20260617-090129,167,198,2427.83,-106.17,148.0,6.86,2427.43,-106.43,0.4770744176751416,matched,1
A2,annealing_125_25,20260831-115727,118,198,2427.53,-107.17,93.0,5.44,2427.43,-106.43,0.7467261881038224,matched,1
A2,annealing_125_5,20260727-122841,132,198,2425.97,-104.51,115.0,6.05,2427.43,-106.43,2.412053067409611,matched,1
A2,annealing_150_25,20260917-164036,84,198,2427.4,-107.33,46.0,3.83,2427.43,-106.43,0.900499861188201,matched,1
A2,annealing_150_5,20260909-160823,106,198,2433.25,-110.88,78.0,4.98,2427.43,-106.43,7.326315581518571,matched,1
A2,annealing_75_25,20260608-115621,187,198,2426.91,-107.44,165.0,7.25,2427.43,-106.43,1.1360017605619996,matched,1
A2,annealing_75_5,20260521-181553,192,198,2426.21,-104.68,152.0,6.96,2427.43,-106.43,2.133283853592745,matched,1
A2,before_annealing,20260514-190549,198,198,2427.43,-106.43,151.0,6.93,2427.43,-106.43,0.0,reference,1
A2,annealing_100_25,20260701-110203,139,199,2658.57,-121.69,280.0,9.44,2658.59,-121.96,0.27073972741361235,matched,1
A2,annealing_100_5,20260617-090129,168,199,2658.67,-121.76,383.0,11.04,2658.59,-121.96,0.2154065922853426,matched,1
A2,annealing_125_25,20260831-115727,119,199,2658.48,-122.23,376.0,10.94,2658.59,-121.96,0.29154759474232256,matched,1
A2,annealing_125_5,20260727-122841,133,199,2656.46,-120.77,361.0,10.72,2658.59,-121.96,2.4398770460825396,matched,1
A2,annealing_150_25,20260917-164036,85,199,2657.88,-122.04,163.0,7.2,2658.59,-121.96,0.7144928271158876,matched,1
A2,annealing_150_5,20260909-160823,107,199,2664.24,-123.43,374.0,10.91,2658.59,-121.96,5.8380990056692195,matched,1
A2,annealing_75_25,20260608-115621,189,199,2657.8,-122.55,366.0,10.79,2658.59,-121.96,0.9860020283954524,matched,1
A2,annealing_75_5,20260521-181553,193,199,2656.99,-121.43,408.0,11.4,2658.59,-121.96,1.6854969593568392,matched,1
A2,before_annealing,20260514-190549,199,199,2658.59,-121.96,429.0,11.69,2658.59,-121.96,0.0,reference,1
A2,annealing_100_5,20260617-090129,170,200,765.53,-119.44,47.0,3.87,765.92,-121.61,2.2047675614449695,matched,1
A2,annealing_125_25,20260831-115727,120,200,765.83,-124.59,36.0,3.39,765.92,-121.61,2.9813587506370327,matched,1
A2,annealing_75_25,20260608-115621,193,200,765.52,-126.4,32.0,3.19,765.92,-121.61,4.80667244567383,matched,1
A2,before_annealing,20260514-190549,200,200,765.92,-121.61,110.0,5.92,765.92,-121.61,0.0,reference,1
A2,annealing_100_25,20260701-110203,141,201,800.09,-130.5,152.0,6.96,799.8,-131.29,0.841546195998789,matched,1
A2,annealing_100_5,20260617-090129,174,201,800.2,-130.1,191.0,7.8,799.8,-131.29,1.2554282137980122,matched,1
A2,annealing_125_25,20260831-115727,125,201,800.53,-135.36,103.0,5.73,799.8,-131.29,4.134948609112356,matched,1
A2,annealing_125_5,20260727-122841,134,201,798.51,-124.83,351.0,10.57,799.8,-131.29,6.587541271217952,matched,1
A2,annealing_150_25,20260917-164036,87,201,799.33,-131.15,78.0,4.98,799.8,-131.29,0.49040799340948243,matched,1
A2,annealing_75_25,20260608-115621,196,201,799.12,-136.03,237.0,8.69,799.8,-131.29,4.788527957525154,matched,1
A2,annealing_75_5,20260521-181553,195,201,797.73,-121.68,357.0,10.66,799.8,-131.29,9.830411995435362,matched,1
A2,before_annealing,20260514-190549,201,201,799.8,-131.29,684.0,14.76,799.8,-131.29,0.0,reference,1
A2,annealing_100_25,20260701-110203,140,202,2499.99,-128.01,236.0,8.67,2500.19,-128.44,0.4742362280552963,matched,1
A2,annealing_100_5,20260617-090129,172,202,2500.32,-128.06,214.0,8.25,2500.19,-128.44,0.40162171256049506,matched,1
A2,annealing_125_25,20260831-115727,123,202,2500.25,-128.66,166.0,7.27,2500.19,-128.44,0.22803508501981215,matched,1
A2,annealing_125_5,20260727-122841,137,202,2498.11,-126.5,192.0,7.82,2500.19,-128.44,2.844292530665524,matched,1
A2,annealing_150_25,20260917-164036,86,202,2499.34,-128.12,76.0,4.92,2500.19,-128.44,0.9082400563726757,matched,1
A2,annealing_150_5,20260909-160823,109,202,2505.88,-131.37,242.0,8.78,2500.19,-128.44,6.40007812452322,matched,1
A2,annealing_75_25,20260608-115621,191,202,2499.2,-129.29,251.0,8.94,2500.19,-128.44,1.30483715459074,matched,1
A2,annealing_75_5,20260521-181553,197,202,2498.51,-127.03,345.0,10.48,2500.19,-128.44,2.1932852071719813,matched,1
A2,before_annealing,20260514-190549,202,202,2500.19,-128.44,370.0,10.85,2500.19,-128.44,0.0,reference,1
A2,annealing_100_5,20260617-090129,171,203,2701.25,-121.95,45.0,3.78,2702.02,-122.37,0.8770974860299016,matched,1
A2,annealing_75_25,20260608-115621,190,203,2700.88,-122.76,87.0,5.26,2702.02,-122.37,1.2048651376812718,matched,1
A2,annealing_75_5,20260521-181553,198,203,2699.37,-122.02,77.0,4.95,2702.02,-122.37,2.673013280924823,matched,1
A2,before_annealing,20260514-190549,203,203,2702.02,-122.37,60.0,4.37,2702.02,-122.37,0.0,reference,1
A2,annealing_75_25,20260608-115621,194,204,861.46,-128.57,82.0,5.11,862.76,-123.35,5.3794423502812885,matched,1
A2,annealing_75_5,20260521-181553,194,204,859.8,-113.97,65.0,4.55,862.76,-123.35,9.835954452924238,matched,1
A2,before_annealing,20260514-190549,204,204,862.76,-123.35,44.0,3.74,862.76,-123.35,0.0,reference,1
A2,annealing_100_5,20260617-090129,169,205,954.27,-123.97,86.0,5.23,953.59,-125.6,1.7661540136692262,matched,1
A2,annealing_150_5,20260909-160823,108,205,955.43,-126.61,102.0,5.7,953.59,-125.6,2.0989759407862945,matched,1
A2,annealing_75_25,20260608-115621,192,205,953.08,-129.73,106.0,5.81,953.59,-125.6,4.161369966729701,matched,1
A2,annealing_75_5,20260521-181553,529,205,951.31,-116.55,87.0,5.26,953.59,-125.6,9.33278629349244,matched,1
A2,before_annealing,20260514-190549,205,205,953.59,-125.6,94.0,5.47,953.59,-125.6,0.0,reference,1
A2,annealing_100_25,20260701-110203,142,206,1887.42,-127.87,57.0,4.26,1887.71,-127.54,0.43931765272975065,matched,1
A2,annealing_100_5,20260617-090129,173,206,1887.82,-126.82,79.0,5.01,1887.71,-127.54,0.7283543093852035,matched,1
A2,annealing_125_25,20260831-115727,124,206,1887.7,-128.67,30.0,3.09,1887.71,-127.54,1.130044246921313,matched,1
A2,annealing_125_5,20260727-122841,136,206,1885.82,-124.02,103.0,5.73,1887.71,-127.54,3.9953097501946515,matched,1
A2,annealing_75_25,20260608-115621,195,206,1886.98,-130.16,91.0,5.38,1887.71,-127.54,2.7197977866010508,matched,1
A2,annealing_75_5,20260521-181553,196,206,1885.83,-123.31,125.0,6.31,1887.71,-127.54,4.628963166844217,matched,1
A2,before_annealing,20260514-190549,206,206,1887.71,-127.54,129.0,6.41,1887.71,-127.54,0.0,reference,1
A2,annealing_100_25,20260701-110203,144,207,710.24,-134.24,81.0,5.08,710.64,-134.7,0.6095900261650965,matched,1
A2,annealing_100_5,20260617-090129,175,207,711.49,-133.89,116.0,6.08,710.64,-134.7,1.1741379816699749,matched,1
A2,annealing_125_25,20260831-115727,126,207,711.11,-138.2,150.0,6.91,710.64,-134.7,3.5314161465338554,matched,1
A2,annealing_125_5,20260727-122841,138,207,709.84,-128.49,108.0,5.86,710.64,-134.7,6.261317752677919,matched,1
A2,annealing_150_25,20260917-164036,89,207,710.11,-135.2,60.0,4.37,710.64,-134.7,0.728628849277855,matched,1
A2,annealing_75_25,20260608-115621,197,207,709.62,-140.07,121.0,6.21,710.64,-134.7,5.466013172322219,matched,1
A2,annealing_75_5,20260521-181553,199,207,708.25,-125.39,114.0,6.02,710.64,-134.7,9.611878068306927,matched,1
A2,before_annealing,20260514-190549,207,207,710.64,-134.7,123.0,6.26,710.64,-134.7,0.0,reference,1
A2,annealing_100_25,20260701-110203,145,208,992.08,-135.55,97.0,5.56,991.76,-136.91,1.3971399357258356,matched,1
A2,annealing_100_5,20260617-090129,176,208,992.51,-135.65,103.0,5.73,991.76,-136.91,1.4663219291819847,matched,1
A2,annealing_125_5,20260727-122841,139,208,990.82,-130.2,34.0,3.29,991.76,-136.91,6.775522120102627,matched,1
A2,annealing_150_25,20260917-164036,90,208,991.17,-136.45,77.0,4.95,991.76,-136.91,0.7481310045707535,matched,1
A2,annealing_75_25,20260608-115621,198,208,991.39,-141.8,56.0,4.22,991.76,-136.91,4.903977977112065,matched,1
A2,annealing_75_5,20260521-181553,200,208,989.68,-128.17,42.0,3.66,991.76,-136.91,8.984097060918272,matched,1
A2,before_annealing,20260514-190549,208,208,991.76,-136.91,53.0,4.11,991.76,-136.91,0.0,reference,1
A2,annealing_100_25,20260701-110203,147,209,1993.13,-161.03,86.0,5.23,1992.85,-161.8,0.8193289937504518,matched,1
A2,annealing_100_5,20260617-090129,177,209,1993.19,-160.9,127.0,6.36,1992.85,-161.8,0.9620810776645122,matched,1
A2,annealing_125_25,20260831-115727,128,209,1993.2,-162.6,86.0,5.23,1992.85,-161.8,0.8732124598286881,matched,1
A2,annealing_125_5,20260727-122841,141,209,1990.93,-158.41,198.0,7.94,1992.85,-161.8,3.89595944537408,matched,1
A2,annealing_150_25,20260917-164036,91,209,1992.11,-161.71,137.0,6.6,1992.85,-161.8,0.7454528824815249,matched,1
A2,annealing_75_25,20260608-115621,199,209,1992.6,-163.87,54.0,4.15,1992.85,-161.8,2.0850419660045145,matched,1
A2,annealing_75_5,20260521-181553,201,209,1991.29,-157.91,78.0,4.98,1992.85,-161.8,4.191145428161607,matched,1
A2,before_annealing,20260514-190549,209,209,1992.85,-161.8,103.0,5.73,1992.85,-161.8,0.0,reference,1
A2,annealing_100_25,20260701-110203,149,210,1215.58,-173.54,82.0,5.11,1214.99,-174.34,0.9940321926376035,matched,1
A2,annealing_100_5,20260617-090129,178,210,1215.64,-172.84,124.0,6.28,1214.99,-174.34,1.6347782724272177,matched,1
A2,annealing_125_25,20260831-115727,130,210,1214.98,-176.2,60.0,4.37,1214.99,-174.34,1.8600268815261636,matched,1
A2,annealing_125_5,20260727-122841,142,210,1212.56,-168.25,71.0,4.75,1214.99,-174.34,6.556904757581915,matched,1
A2,annealing_150_25,20260917-164036,92,210,1214.49,-174.08,41.0,3.61,1214.99,-174.34,0.5635601121442106,matched,1
A2,annealing_75_25,20260608-115621,200,210,1214.34,-178.2,165.0,7.25,1214.99,-174.34,3.91434541143216,matched,1
A2,annealing_75_5,20260521-181553,202,210,1212.94,-166.81,154.0,7.0,1214.99,-174.34,7.804063044337855,matched,1
A2,before_annealing,20260514-190549,210,210,1214.99,-174.34,171.0,7.38,1214.99,-174.34,0.0,reference,1
A2,annealing_100_25,20260701-110203,150,211,2185.18,-186.42,216.0,8.29,2185.41,-186.85,0.48764741360947894,matched,1
A2,annealing_100_5,20260617-090129,179,211,2185.66,-186.44,337.0,10.36,2185.41,-186.85,0.48020828814171584,matched,1
A2,annealing_125_25,20260831-115727,131,211,2185.55,-187.78,448.0,11.94,2185.41,-186.85,0.940478601564174,matched,1
A2,annealing_125_5,20260727-122841,143,211,2183.03,-184.04,370.0,10.85,2185.41,-186.85,3.682458417959172,matched,1
A2,annealing_150_25,20260917-164036,93,211,2184.74,-187.05,138.0,6.63,2185.41,-186.85,0.6992138442566082,matched,1
A2,annealing_150_5,20260909-160823,117,211,2191.91,-193.8,358.0,10.67,2185.41,-186.85,9.515907733894872,matched,1
A2,annealing_75_25,20260608-115621,202,211,2184.8,-188.85,334.0,10.31,2185.41,-186.85,2.0909567188250455,matched,1
A2,annealing_75_5,20260521-181553,532,211,2183.46,-184.16,317.0,10.05,2185.41,-186.85,3.322438863244782,matched,1
A2,before_annealing,20260514-190549,211,211,2185.41,-186.85,323.0,10.14,2185.41,-186.85,0.0,reference,1
A2,annealing_75_5,20260521-181553,203,212,2406.46,-179.15,54.0,4.15,2406.79,-179.66,0.6074537019394505,matched,1
A2,before_annealing,20260514-190549,212,212,2406.79,-179.66,42.0,3.66,2406.79,-179.66,0.0,reference,1
A2,annealing_75_5,20260521-181553,204,213,1943.33,-178.19,33.0,3.24,1943.18,-182.68,4.492504869223854,matched,1
A2,before_annealing,20260514-190549,213,213,1943.18,-182.68,40.0,3.57,1943.18,-182.68,0.0,reference,1
A2,annealing_100_25,20260701-110203,152,214,2682.51,-187.25,68.0,4.65,2682.35,-186.49,0.7766595135579588,matched,1
A2,annealing_100_5,20260617-090129,181,214,2682.33,-186.31,76.0,4.92,2682.35,-186.49,0.1811077027627531,matched,1
A2,annealing_125_25,20260831-115727,132,214,2682.23,-186.89,153.0,6.98,2682.35,-186.49,0.4176122603563689,matched,1
A2,annealing_125_5,20260727-122841,145,214,2679.83,-186.33,59.0,4.33,2682.35,-186.49,2.525074256333842,matched,1
A2,annealing_150_25,20260917-164036,94,214,2681.24,-187.01,109.0,5.89,2682.35,-186.49,1.2257650672132339,matched,1
A2,annealing_150_5,20260909-160823,116,214,2688.57,-187.8,104.0,5.75,2682.35,-186.49,6.3564534136579,matched,1
A2,annealing_75_25,20260608-115621,203,214,2681.56,-187.14,130.0,6.43,2682.35,-186.49,1.0230347012686876,matched,1
A2,annealing_75_5,20260521-181553,206,214,2680.39,-186.21,136.0,6.58,2682.35,-186.49,1.9798989873223694,matched,1
A2,before_annealing,20260514-190549,214,214,2682.35,-186.49,118.0,6.13,2682.35,-186.49,0.0,reference,1
A2,annealing_100_25,20260701-110203,151,215,2367.67,-185.68,54.0,4.15,2368.26,-186.56,1.0594810050209318,matched,1
A2,annealing_100_5,20260617-090129,180,215,2368.3,-185.61,89.0,5.32,2368.26,-186.56,0.9508417323613723,matched,1
A2,annealing_125_25,20260831-115727,133,215,2367.9,-187.56,74.0,4.85,2368.26,-186.56,1.0628264204469569,matched,1
A2,annealing_125_5,20260727-122841,144,215,2366.94,-184.42,49.0,3.95,2368.26,-186.56,2.5143587651726427,matched,1
A2,annealing_150_5,20260909-160823,119,215,2374.12,-192.04,34.0,3.29,2368.26,-186.56,8.023091673413438,matched,1
A2,annealing_75_25,20260608-115621,204,215,2367.48,-188.34,95.0,5.5,2368.26,-186.56,1.9433990840793138,matched,1
A2,annealing_75_5,20260521-181553,205,215,2366.37,-184.78,84.0,5.17,2368.26,-186.56,2.596247291765798,matched,1
A2,before_annealing,20260514-190549,215,215,2368.26,-186.56,66.0,4.58,2368.26,-186.56,0.0,reference,1
A2,annealing_100_25,20260701-110203,153,216,1311.78,-203.57,288.0,9.57,1311.69,-204.43,0.8646964785403076,matched,1
A2,annealing_100_5,20260617-090129,182,216,1312.11,-203.03,427.0,11.66,1311.69,-204.43,1.461642911247438,matched,1
A2,annealing_125_25,20260831-115727,135,216,1311.89,-206.48,241.0,8.76,1311.69,-204.43,2.0597329924045855,matched,1
A2,annealing_125_5,20260727-122841,146,216,1309.82,-199.15,525.0,12.93,1311.69,-204.43,5.601365904848607,matched,1
A2,annealing_150_25,20260917-164036,95,216,1310.68,-204.38,105.0,5.78,1311.69,-204.43,1.0112368664165596,matched,1
A2,annealing_75_25,20260608-115621,206,216,1311.21,-208.18,412.0,11.45,1311.69,-204.43,3.7805951912364297,matched,1
A2,annealing_75_5,20260521-181553,207,216,1309.33,-197.29,426.0,11.64,1311.69,-204.43,7.519920212342735,matched,1
A2,before_annealing,20260514-190549,216,216,1311.69,-204.43,380.0,11.0,1311.69,-204.43,0.0,reference,1
A2,before_annealing,20260514-190549,217,217,1333.99,-198.57,30.0,3.09,1333.99,-198.57,0.0,reference,1
A2,annealing_100_25,20260701-110203,154,218,2171.54,-200.61,105.0,5.78,2171.17,-201.35,0.8273451516748561,matched,1
A2,annealing_100_5,20260617-090129,183,218,2171.54,-201.17,129.0,6.41,2171.17,-201.35,0.4114608122287245,matched,1
A2,annealing_125_25,20260831-115727,134,218,2171.92,-202.03,122.0,6.23,2171.17,-201.35,1.0123734488813945,matched,1
A2,annealing_125_5,20260727-122841,147,218,2169.42,-198.59,95.0,5.5,2171.17,-201.35,3.268042227389351,matched,1
A2,annealing_150_25,20260917-164036,96,218,2169.88,-201.46,59.0,4.33,2171.17,-201.35,1.2946814279968293,matched,1
A2,annealing_75_25,20260608-115621,205,218,2170.62,-202.89,131.0,6.46,2171.17,-201.35,1.6352675622050894,matched,1
A2,annealing_75_5,20260521-181553,533,218,2169.43,-198.28,144.0,6.77,2171.17,-201.35,3.5288099977188883,matched,1
A2,before_annealing,20260514-190549,218,218,2171.17,-201.35,126.0,6.33,2171.17,-201.35,0.0,reference,1
A2,annealing_100_25,20260701-110203,156,219,2091.0,-204.78,58.0,4.3,2091.32,-205.45,0.7424957912339221,matched,1
A2,annealing_100_5,20260617-090129,184,219,2091.0,-204.65,175.0,7.46,2091.32,-205.45,0.8616263691415657,matched,1
A2,annealing_125_25,20260831-115727,136,219,2091.16,-206.98,96.0,5.53,2091.32,-205.45,1.5383432646844795,matched,1
A2,annealing_125_5,20260727-122841,149,219,2088.7,-202.8,81.0,5.08,2091.32,-205.45,3.726513115501097,matched,1
A2,annealing_75_25,20260608-115621,207,219,2090.46,-207.66,192.0,7.82,2091.32,-205.45,2.371434165225814,matched,1
A2,annealing_75_5,20260521-181553,209,219,2089.28,-202.1,221.0,8.39,2091.32,-205.45,3.922257003308148,matched,1
A2,before_annealing,20260514-190549,219,219,2091.32,-205.45,207.0,8.12,2091.32,-205.45,0.0,reference,1
A2,annealing_75_5,20260521-181553,208,220,1221.52,-195.41,32.0,3.19,1224.39,-202.32,7.48231247676817,matched,1
A2,before_annealing,20260514-190549,220,220,1224.39,-202.32,33.0,3.24,1224.39,-202.32,0.0,reference,1
A2,annealing_100_25,20260701-110203,155,221,1461.07,-202.59,41.0,3.61,1461.09,-203.55,0.9602083107326319,matched,1
A2,annealing_100_5,20260617-090129,185,221,1462.25,-202.4,60.0,4.37,1461.09,-203.55,1.633431969810865,matched,1
A2,annealing_75_25,20260608-115621,208,221,1460.71,-206.93,47.0,3.87,1461.09,-203.55,3.401293871455373,matched,1
A2,annealing_75_5,20260521-181553,211,221,1458.5,-197.29,30.0,3.09,1461.09,-203.55,6.774636521615002,matched,1
A2,before_annealing,20260514-190549,221,221,1461.09,-203.55,42.0,3.66,1461.09,-203.55,0.0,reference,1
A2,annealing_100_25,20260701-110203,157,222,624.89,-212.16,105.0,5.78,624.91,-213.73,1.5701273833673426,matched,2
A2,annealing_100_5,20260617-090129,186,222,625.19,-212.02,149.0,6.89,624.91,-213.73,1.7327723451163395,matched,2
A2,annealing_125_25,20260831-115727,137,222,625.34,-216.94,123.0,6.26,624.91,-213.73,3.238672567580753,matched,1
A2,annealing_75_25,20260608-115621,210,222,624.63,-219.05,158.0,7.09,624.91,-213.73,5.327363325323345,matched,1
A2,before_annealing,20260514-190549,222,222,624.91,-213.73,182.0,7.61,624.91,-213.73,0.0,reference,1
A2,annealing_75_25,20260608-115621,209,223,1873.87,-213.2,64.0,4.51,1874.39,-211.84,1.4560219778561645,matched,1
A2,before_annealing,20260514-190549,223,223,1874.39,-211.84,49.0,3.95,1874.39,-211.84,0.0,reference,1
A2,annealing_100_25,20260701-110203,158,224,1784.89,-216.52,115.0,6.05,1784.52,-216.69,0.40718546143014883,matched,1
A2,annealing_100_5,20260617-090129,187,224,1785.25,-216.03,125.0,6.31,1784.52,-216.69,0.9841239759298734,matched,1
A2,annealing_125_25,20260831-115727,138,224,1785.12,-218.38,46.0,3.83,1784.52,-216.69,1.7933488227335705,matched,1
A2,annealing_125_5,20260727-122841,150,224,1783.1,-212.65,95.0,5.5,1784.52,-216.69,4.28228910747513,matched,1
A2,annealing_150_25,20260917-164036,97,224,1783.88,-216.75,79.0,5.01,1784.52,-216.69,0.6428063471994013,matched,1
A2,annealing_75_25,20260608-115621,211,224,1784.7,-219.51,115.0,6.05,1784.52,-216.69,2.825738841435985,matched,1
A2,annealing_75_5,20260521-181553,212,224,1782.7,-211.06,149.0,6.89,1784.52,-216.69,5.916865724351003,matched,1
A2,before_annealing,20260514-190549,224,224,1784.52,-216.69,137.0,6.6,1784.52,-216.69,0.0,reference,1
A2,annealing_100_5,20260617-090129,188,225,1399.84,-219.84,78.0,4.98,1399.44,-221.92,2.118112367179755,matched,1
A2,annealing_75_25,20260608-115621,212,225,1399.25,-224.54,85.0,5.2,1399.44,-221.92,2.6268802789621084,matched,1
A2,annealing_75_5,20260521-181553,213,225,1397.3,-214.72,132.0,6.48,1399.44,-221.92,7.511298156776914,matched,1
A2,before_annealing,20260514-190549,225,225,1399.44,-221.92,114.0,6.02,1399.44,-221.92,0.0,reference,1
A2,annealing_75_25,20260608-115621,214,226,995.16,-229.27,30.0,3.09,995.64,-224.84,4.455928634976112,matched,1
A2,annealing_75_5,20260521-181553,214,226,992.9,-215.75,34.0,3.29,995.64,-224.84,9.493982304596955,matched,1
A2,before_annealing,20260514-190549,226,226,995.64,-224.84,132.0,6.48,995.64,-224.84,0.0,reference,1
A2,annealing_100_25,20260701-110203,159,227,2688.15,-226.01,47.0,3.87,2688.14,-226.56,0.550090901579018,matched,1
A2,annealing_100_5,20260617-090129,189,227,2688.43,-226.29,77.0,4.95,2688.14,-226.56,0.39623225512315935,matched,1
A2,annealing_125_25,20260831-115727,139,227,2688.39,-226.13,39.0,3.52,2688.14,-226.56,0.4973932046178414,matched,1
A2,annealing_125_5,20260727-122841,151,227,2685.49,-226.64,45.0,3.78,2688.14,-226.56,2.6512072721687527,matched,1
A2,annealing_150_5,20260909-160823,125,227,2695.61,-227.4,49.0,3.95,2688.14,-226.56,7.517080550320304,matched,1
A2,annealing_75_25,20260608-115621,213,227,2687.91,-226.41,136.0,6.58,2688.14,-226.56,0.274590604354938,matched,1
A2,annealing_75_5,20260521-181553,215,227,2686.89,-225.37,135.0,6.56,2688.14,-226.56,1.7258621034138257,matched,1
A2,before_annealing,20260514-190549,227,227,2688.14,-226.56,127.0,6.36,2688.14,-226.56,0.0,reference,1
A2,before_annealing,20260514-190549,228,228,1947.05,-225.98,72.0,4.79,1947.05,-225.98,0.0,reference,1
A2,annealing_100_5,20260617-090129,195,229,2051.44,-239.84,33.0,3.24,2051.26,-240.48,0.664830805543729,matched,1
A2,annealing_75_5,20260521-181553,218,229,2049.92,-236.42,182.0,7.61,2051.26,-240.48,4.275418108208881,matched,1
A2,before_annealing,20260514-190549,229,229,2051.26,-240.48,194.0,7.86,2051.26,-240.48,0.0,reference,1
A2,annealing_100_5,20260617-090129,192,230,2664.76,-242.89,210.0,8.18,2664.43,-243.05,0.3667424164181996,matched,1
A2,annealing_125_25,20260831-115727,142,230,2664.93,-242.84,46.0,3.83,2664.43,-243.05,0.5423098745182531,matched,1
A2,annealing_125_5,20260727-122841,156,230,2661.64,-241.49,51.0,4.03,2664.43,-243.05,3.1965137259207577,matched,1
A2,annealing_75_25,20260608-115621,216,230,2663.86,-243.13,202.0,8.02,2664.43,-243.05,0.575586657246036,matched,1
A2,annealing_75_5,20260521-181553,221,230,2662.68,-241.64,227.0,8.5,2664.43,-243.05,2.2473539997072267,matched,1
A2,before_annealing,20260514-190549,230,230,2664.43,-243.05,223.0,8.43,2664.43,-243.05,0.0,reference,1
A2,annealing_100_25,20260701-110203,160,231,2300.47,-239.16,117.0,6.1,2300.64,-239.88,0.7397972695272828,matched,1
A2,annealing_100_5,20260617-090129,191,231,2301.29,-239.44,146.0,6.82,2300.64,-239.88,0.7849203781276902,matched,1
A2,annealing_125_25,20260831-115727,140,231,2300.59,-240.01,106.0,5.81,2300.64,-239.88,0.139283882771739,matched,1
A2,annealing_125_5,20260727-122841,155,231,2298.26,-238.1,135.0,6.56,2300.64,-239.88,2.9720026917885454,matched,1
A2,annealing_150_25,20260917-164036,98,231,2299.92,-239.47,80.0,5.05,2300.64,-239.88,0.8285529554589188,matched,1
A2,annealing_150_5,20260909-160823,127,231,2308.4,-245.39,116.0,6.08,2300.64,-239.88,9.517231740375102,matched,1
A2,annealing_75_25,20260608-115621,215,231,2300.41,-241.11,140.0,6.68,2300.64,-239.88,1.251319303775041,matched,1
A2,annealing_75_5,20260521-181553,219,231,2298.88,-237.02,141.0,6.7,2300.64,-239.88,3.358154254944088,matched,1
A2,before_annealing,20260514-190549,231,231,2300.64,-239.88,149.0,6.89,2300.64,-239.88,0.0,reference,1
A2,annealing_75_5,20260521-181553,216,232,1311.1,-229.81,39.0,3.52,1314.26,-238.15,8.918587332083517,matched,1
A2,before_annealing,20260514-190549,232,232,1314.26,-238.15,37.0,3.43,1314.26,-238.15,0.0,reference,1
A2,annealing_100_25,20260701-110203,161,233,1174.95,-245.12,177.0,7.51,1174.88,-246.12,1.0024470060806163,matched,1
A2,annealing_100_5,20260617-090129,193,233,1175.21,-244.48,202.0,8.02,1174.88,-246.12,1.6728717822953438,matched,1
A2,annealing_125_25,20260831-115727,143,233,1175.17,-247.87,117.0,6.1,1174.88,-246.12,1.7738658348364396,matched,1
A2,annealing_125_5,20260727-122841,153,233,1172.63,-239.82,174.0,7.44,1174.88,-246.12,6.689730936293338,matched,1
A2,annealing_75_25,20260608-115621,217,233,1174.41,-249.99,210.0,8.18,1174.88,-246.12,3.8984355836668714,matched,1
A2,annealing_75_5,20260521-181553,217,233,1172.6,-238.0,224.0,8.44,1174.88,-246.12,8.434026321988863,matched,1
A2,before_annealing,20260514-190549,233,233,1174.88,-246.12,216.0,8.29,1174.88,-246.12,0.0,reference,1
A2,before_annealing,20260514-190549,234,234,1426.76,-241.58,39.0,3.52,1426.76,-241.58,0.0,reference,1
A2,annealing_100_25,20260701-110203,162,235,1478.54,-244.22,110.0,5.92,1478.19,-245.11,0.956347217280399,matched,1
A2,annealing_100_5,20260617-090129,194,235,1478.67,-243.86,166.0,7.27,1478.19,-245.11,1.3389921583041544,matched,1
A2,annealing_125_25,20260831-115727,141,235,1478.87,-246.38,166.0,7.27,1478.19,-245.11,1.4405901568453574,matched,1
A2,annealing_125_5,20260727-122841,154,235,1476.08,-240.91,241.0,8.76,1478.19,-245.11,4.700223398946127,matched,1
A2,annealing_150_25,20260917-164036,100,235,1477.34,-243.99,32.0,3.19,1478.19,-245.11,1.4060227594175858,matched,1
A2,annealing_75_25,20260608-115621,218,235,1478.0,-248.63,158.0,7.09,1478.19,-245.11,3.5251241112902525,matched,1
A2,annealing_75_5,20260521-181553,220,235,1475.96,-238.48,135.0,6.56,1478.19,-245.11,6.994983917065171,matched,1
A2,before_annealing,20260514-190549,235,235,1478.19,-245.11,111.0,5.94,1478.19,-245.11,0.0,reference,1
A2,annealing_100_25,20260701-110203,165,236,2184.09,-249.67,58.0,4.3,2183.03,-250.93,1.6465721970202014,matched,1
A2,annealing_100_5,20260617-090129,196,236,2183.48,-249.77,142.0,6.72,2183.03,-250.93,1.2442266674524496,matched,1
A2,annealing_75_25,20260608-115621,219,236,2182.75,-252.03,144.0,6.77,2183.03,-250.93,1.1350770898930607,matched,1
A2,annealing_75_5,20260521-181553,225,236,2181.66,-247.38,129.0,6.41,2183.03,-250.93,3.805180679021829,matched,1
A2,before_annealing,20260514-190549,236,236,2183.03,-250.93,141.0,6.7,2183.03,-250.93,0.0,reference,1
A2,annealing_100_25,20260701-110203,164,237,1267.64,-249.18,46.0,3.83,1267.0,-250.05,1.0800462953041114,matched,1
A2,annealing_100_5,20260617-090129,197,237,1268.48,-249.14,49.0,3.95,1267.0,-250.05,1.7373830895919584,matched,1
A2,annealing_125_25,20260831-115727,144,237,1267.73,-252.03,79.0,5.01,1267.0,-250.05,2.1102843410308445,matched,1
A2,annealing_125_5,20260727-122841,157,237,1265.01,-244.82,74.0,4.85,1267.0,-250.05,5.595801997926681,matched,1
A2,annealing_75_25,20260608-115621,221,237,1267.09,-254.47,71.0,4.75,1267.0,-250.05,4.420916194636568,matched,1
A2,annealing_75_5,20260521-181553,222,237,1264.92,-242.73,82.0,5.11,1267.0,-250.05,7.609783176937436,matched,1
A2,before_annealing,20260514-190549,237,237,1267.0,-250.05,88.0,5.29,1267.0,-250.05,0.0,reference,1
A2,annealing_100_25,20260701-110203,167,238,1017.76,-261.68,230.0,8.56,1017.76,-262.64,0.9599999999999795,matched,1
A2,annealing_100_5,20260617-090129,199,238,1018.15,-261.1,305.0,9.85,1017.76,-262.64,1.5886157496386208,matched,1
A2,annealing_125_25,20260831-115727,145,238,1018.27,-265.23,172.0,7.4,1017.76,-262.64,2.639734835168138,matched,1
A2,annealing_125_5,20260727-122841,158,238,1015.64,-256.36,147.0,6.84,1017.76,-262.64,6.628182254585315,matched,1
A2,annealing_150_25,20260917-164036,101,238,1017.24,-262.59,98.0,5.59,1017.76,-262.64,0.522398315464342,matched,1
A2,annealing_75_25,20260608-115621,223,238,1017.59,-266.9,268.0,9.24,1017.76,-262.64,4.263390669408553,matched,1
A2,annealing_75_5,20260521-181553,223,238,1014.92,-253.71,385.0,11.07,1017.76,-262.64,9.370725692282312,matched,1
A2,before_annealing,20260514-190549,238,238,1017.76,-262.64,400.0,11.28,1017.76,-262.64,0.0,reference,1
A2,annealing_100_25,20260701-110203,166,239,2441.52,-265.85,484.0,12.41,2441.81,-266.18,0.43931765272973994,matched,1
A2,annealing_100_5,20260617-090129,198,239,2442.2,-265.72,671.0,14.61,2441.81,-266.18,0.6030754513324862,matched,1
A2,annealing_125_5,20260727-122841,159,239,2439.04,-263.47,49.0,3.95,2441.81,-266.18,3.875177415293368,matched,1
A2,annealing_75_25,20260608-115621,222,239,2441.39,-266.9,637.0,14.24,2441.81,-266.18,0.8335466393669994,matched,1
A2,annealing_75_5,20260521-181553,227,239,2440.06,-263.88,605.0,13.88,2441.81,-266.18,2.8900692033236943,matched,1
A2,before_annealing,20260514-190549,239,239,2441.81,-266.18,621.0,14.06,2441.81,-266.18,0.0,reference,1
A2,annealing_100_25,20260701-110203,168,240,1097.98,-263.28,97.0,5.56,1097.49,-264.22,1.060047168761896,matched,1
A2,annealing_100_5,20260617-090129,201,240,1097.93,-263.15,89.0,5.32,1097.49,-264.22,1.1569356075426822,matched,1
A2,annealing_75_25,20260608-115621,225,240,1097.6,-268.21,83.0,5.14,1097.49,-264.22,3.991516002723727,matched,1
A2,annealing_75_5,20260521-181553,226,240,1094.83,-255.41,314.0,10.0,1097.49,-264.22,9.202809353670268,matched,1
A2,before_annealing,20260514-190549,240,240,1097.49,-264.22,282.0,9.47,1097.49,-264.22,0.0,reference,1
A2,annealing_100_25,20260701-110203,169,241,1587.1,-261.17,47.0,3.87,1587.04,-261.9,0.7324616030891565,matched,1
A2,annealing_100_5,20260617-090129,200,241,1588.23,-260.87,39.0,3.52,1587.04,-261.9,1.573848785620802,matched,1
A2,annealing_75_25,20260608-115621,224,241,1586.49,-264.65,111.0,5.94,1587.04,-261.9,2.8044607324760227,matched,1
A2,annealing_75_5,20260521-181553,228,241,1584.79,-255.54,141.0,6.7,1587.04,-261.9,6.746265633667252,matched,1
A2,before_annealing,20260514-190549,241,241,1587.04,-261.9,124.0,6.28,1587.04,-261.9,0.0,reference,1
A2,annealing_100_25,20260701-110203,170,242,1199.13,-281.94,159.0,7.11,1199.22,-282.62,0.6859300255856967,matched,1
A2,annealing_100_5,20260617-090129,202,242,1199.73,-280.97,152.0,6.96,1199.22,-282.62,1.727020555754886,matched,1
A2,annealing_125_25,20260831-115727,147,242,1198.11,-283.01,48.0,3.91,1199.22,-282.62,1.1765202930677703,matched,1
A2,annealing_125_5,20260727-122841,160,242,1196.78,-276.44,120.0,6.18,1199.22,-282.62,6.644245630619051,matched,1
A2,annealing_75_25,20260608-115621,226,242,1198.78,-286.69,173.0,7.42,1199.22,-282.62,4.093714694504246,matched,1
A2,annealing_75_5,20260521-181553,229,242,1196.66,-274.77,211.0,8.2,1199.22,-282.62,8.256881978083499,matched,1
A2,before_annealing,20260514-190549,242,242,1199.22,-282.62,248.0,8.88,1199.22,-282.62,0.0,reference,1
A2,annealing_100_25,20260701-110203,172,243,2507.0,-286.78,43.0,3.7,2506.16,-286.75,0.8405355435674584,matched,1
A2,annealing_100_5,20260617-090129,204,243,2506.59,-286.23,120.0,6.18,2506.16,-286.75,0.674759216313665,matched,1
A2,annealing_125_25,20260831-115727,149,243,2506.54,-286.74,35.0,3.34,2506.16,-286.75,0.3801315561750731,matched,1
A2,annealing_125_5,20260727-122841,162,243,2503.93,-285.02,98.0,5.59,2506.16,-286.75,2.822374886509612,matched,1
A2,annealing_150_5,20260909-160823,131,243,2514.48,-290.78,45.0,3.78,2506.16,-286.75,9.244636282731868,matched,1
A2,annealing_75_25,20260608-115621,227,243,2505.65,-287.65,148.0,6.86,2506.16,-286.75,1.0344563789738637,matched,1
A2,annealing_75_5,20260521-181553,232,243,2504.2,-284.93,119.0,6.15,2506.16,-286.75,2.674696244436014,matched,1
A2,before_annealing,20260514-190549,243,243,2506.16,-286.75,120.0,6.18,2506.16,-286.75,0.0,reference,1
A2,annealing_100_25,20260701-110203,171,244,477.71,-288.74,209.0,8.16,477.82,-290.19,1.4541664278891773,matched,2
A2,annealing_100_5,20260617-090129,203,244,478.26,-288.49,364.0,10.76,477.82,-290.19,1.7560182231400558,matched,2
A2,annealing_125_25,20260831-115727,151,244,478.49,-293.87,168.0,7.31,477.82,-290.19,3.7404946196993882,matched,1
A2,annealing_150_25,20260917-164036,102,244,477.41,-289.57,128.0,6.38,477.82,-290.19,0.7433034373659115,matched,1
A2,annealing_75_25,20260608-115621,228,244,477.75,-295.94,294.0,9.67,477.82,-290.19,5.750426071170726,matched,1
A2,before_annealing,20260514-190549,244,244,477.82,-290.19,203.0,8.04,477.82,-290.19,0.0,reference,1
A2,annealing_100_25,20260701-110203,173,245,1382.54,-290.0,114.0,6.02,1382.78,-290.7,0.7399999999999922,matched,1
A2,before_annealing,20260514-190549,245,245,1382.78,-290.7,115.0,6.05,1382.78,-290.7,0.0,reference,1
A2,annealing_100_25,20260701-110203,174,246,2025.46,-292.7,136.0,6.58,2025.51,-293.37,0.6718630812896454,matched,1
A2,annealing_100_5,20260617-090129,205,246,2025.85,-292.39,259.0,9.08,2025.51,-293.37,1.0373041983911855,matched,1
A2,annealing_125_25,20260831-115727,150,246,2025.98,-294.25,151.0,6.93,2025.51,-293.37,0.9976472322419472,matched,1
A2,annealing_125_5,20260727-122841,164,246,2023.2,-290.17,135.0,6.56,2025.51,-293.37,3.9466568130507214,matched,1
A2,annealing_150_25,20260917-164036,103,246,2024.96,-293.33,124.0,6.28,2025.51,-293.37,0.5514526271584456,matched,1
A2,annealing_75_25,20260608-115621,229,246,2025.32,-295.23,235.0,8.65,2025.51,-293.37,1.8696791168540317,matched,1
A2,annealing_75_5,20260521-181553,233,246,2023.7,-289.13,232.0,8.59,2025.51,-293.37,4.610173532525634,matched,1
A2,before_annealing,20260514-190549,246,246,2025.51,-293.37,192.0,7.82,2025.51,-293.37,0.0,reference,1
A2,annealing_100_25,20260701-110203,175,247,1028.78,-299.21,475.0,12.3,1028.69,-300.41,1.203370267207934,matched,1
A2,annealing_100_5,20260617-090129,206,247,1029.14,-299.04,452.0,11.99,1028.69,-300.41,1.442012482608959,matched,1
A2,annealing_125_25,20260831-115727,152,247,1029.28,-303.03,258.0,9.06,1028.69,-300.41,2.685609800399088,matched,1
A2,annealing_125_5,20260727-122841,163,247,1026.68,-294.02,282.0,9.47,1028.69,-300.41,6.698671510083213,matched,1
A2,annealing_150_25,20260917-164036,104,247,1027.71,-300.63,56.0,4.22,1028.69,-300.41,1.0043903623591888,matched,1
A2,annealing_75_25,20260608-115621,230,247,1028.68,-304.62,494.0,12.54,1028.69,-300.41,4.210011876467788,matched,1
A2,annealing_75_5,20260521-181553,231,247,1025.71,-291.61,545.0,13.17,1028.69,-300.41,9.29087724598707,matched,1
A2,before_annealing,20260514-190549,247,247,1028.69,-300.41,574.0,13.52,1028.69,-300.41,0.0,reference,1
A2,annealing_100_25,20260701-110203,176,248,2227.41,-301.38,136.0,6.58,2227.66,-301.73,0.43011626335214986,matched,1
A2,annealing_100_5,20260617-090129,208,248,2227.96,-301.43,202.0,8.02,2227.66,-301.73,0.4242640687120652,matched,1
A2,annealing_75_25,20260608-115621,232,248,2227.27,-303.24,191.0,7.8,2227.66,-301.73,1.5595512174981216,matched,1
A2,annealing_75_5,20260521-181553,234,248,2225.7,-298.67,178.0,7.53,2227.66,-301.73,3.6338959808998603,matched,1
A2,before_annealing,20260514-190549,248,248,2227.66,-301.73,171.0,7.38,2227.66,-301.73,0.0,reference,1
A2,annealing_100_25,20260701-110203,177,249,2371.02,-303.6,196.0,7.9,2371.54,-304.21,0.8015609770940252,matched,1
A2,annealing_100_5,20260617-090129,207,249,2371.91,-303.71,381.0,11.01,2371.54,-304.21,0.6220128616032945,matched,1
A2,annealing_125_25,20260831-115727,153,249,2371.46,-303.88,200.0,7.98,2371.54,-304.21,0.3395585369269603,matched,1
A2,annealing_125_5,20260727-122841,165,249,2368.83,-302.42,224.0,8.44,2371.54,-304.21,3.2477992548801513,matched,1
A2,annealing_150_25,20260917-164036,105,249,2370.79,-304.05,86.0,5.23,2371.54,-304.21,0.7668767828015071,matched,1
A2,annealing_150_5,20260909-160823,134,249,2379.17,-308.79,135.0,6.56,2371.54,-304.21,8.899061748296955,matched,1
A2,annealing_75_25,20260608-115621,231,249,2371.22,-305.16,369.0,10.84,2371.54,-304.21,1.002447006080716,matched,1
A2,annealing_75_5,20260521-181553,235,249,2369.6,-301.73,266.0,9.2,2371.54,-304.21,3.1486505045812914,matched,1
A2,before_annealing,20260514-190549,249,249,2371.54,-304.21,406.0,11.37,2371.54,-304.21,0.0,reference,1
A2,annealing_100_25,20260701-110203,178,250,1710.51,-321.87,30.0,3.09,1711.01,-322.0,0.5166236541235785,matched,1
A2,annealing_75_25,20260608-115621,237,250,1709.1,-326.49,30.0,3.09,1711.01,-322.0,4.879364712746978,matched,1
A2,before_annealing,20260514-190549,250,250,1711.01,-322.0,37.0,3.43,1711.01,-322.0,0.0,reference,1
A2,annealing_100_25,20260701-110203,179,251,1768.72,-321.06,78.0,4.98,1768.59,-321.93,0.8796590248499906,matched,1
A2,annealing_100_5,20260617-090129,210,251,1769.09,-320.89,140.0,6.68,1768.59,-321.93,1.153949738940151,matched,1
A2,annealing_125_25,20260831-115727,154,251,1768.78,-322.33,64.0,4.51,1768.59,-321.93,0.44283179650969345,matched,1
A2,annealing_125_5,20260727-122841,166,251,1766.49,-318.67,51.0,4.03,1768.59,-321.93,3.8778344472140063,matched,1
A2,annealing_75_25,20260608-115621,234,251,1768.23,-324.07,161.0,7.16,1768.59,-321.93,2.1700691233230036,matched,1
A2,annealing_75_5,20260521-181553,236,251,1766.1,-316.31,184.0,7.65,1768.59,-321.93,6.146909792733264,matched,1
A2,before_annealing,20260514-190549,251,251,1768.59,-321.93,145.0,6.79,1768.59,-321.93,0.0,reference,1
A2,annealing_100_25,20260701-110203,180,252,2568.92,-321.92,33.0,3.24,2564.3,-321.6,4.631068991064481,matched,1
A2,annealing_100_5,20260617-090129,209,252,2568.65,-322.12,221.0,8.39,2564.3,-321.6,4.380970212178941,matched,1
A2,annealing_75_25,20260608-115621,233,252,2568.09,-322.7,555.0,13.29,2564.3,-321.6,3.946403425905624,matched,1
A2,annealing_75_5,20260521-181553,237,252,2566.18,-320.76,384.0,11.06,2564.3,-321.6,2.0591260281970976,matched,1
A2,before_annealing,20260514-190549,252,252,2564.3,-321.6,123.0,6.26,2564.3,-321.6,0.0,reference,1
A2,annealing_100_25,20260701-110203,181,253,2307.87,-330.21,199.0,7.96,2308.05,-331.04,0.8492938243035638,matched,1
A2,annealing_100_5,20260617-090129,211,253,2308.16,-330.31,370.0,10.85,2308.05,-331.04,0.7382411530116393,matched,1
A2,annealing_125_25,20260831-115727,155,253,2308.42,-331.27,260.0,9.1,2308.05,-331.04,0.4356604182157262,matched,1
A2,annealing_125_5,20260727-122841,167,253,2305.43,-328.67,235.0,8.65,2308.05,-331.04,3.5328883367581594,matched,1
A2,annealing_150_25,20260917-164036,106,253,2307.48,-330.83,115.0,6.05,2308.05,-331.04,0.6074537019396637,matched,1
A2,annealing_75_25,20260608-115621,235,253,2307.63,-331.98,516.0,12.82,2308.05,-331.04,1.0295630140987277,matched,1
A2,annealing_75_5,20260521-181553,238,253,2305.86,-328.01,402.0,11.31,2308.05,-331.04,3.738582619121907,matched,1
A2,before_annealing,20260514-190549,253,253,2308.05,-331.04,609.0,13.92,2308.05,-331.04,0.0,reference,1
A2,annealing_100_25,20260701-110203,182,254,2649.41,-337.71,330.0,10.25,2649.72,-337.99,0.41773197148408775,matched,1
A2,annealing_100_5,20260617-090129,212,254,2649.97,-337.6,442.0,11.86,2649.72,-337.99,0.4632493928760073,matched,1
A2,annealing_125_25,20260831-115727,156,254,2650.13,-337.92,149.0,6.89,2649.72,-337.99,0.4159326868620121,matched,1
A2,annealing_125_5,20260727-122841,168,254,2647.19,-336.98,226.0,8.48,2649.72,-337.99,2.724151243965484,matched,1
A2,annealing_150_25,20260917-164036,107,254,2649.29,-337.51,124.0,6.28,2649.72,-337.99,0.6444377394286253,matched,1
A2,annealing_150_5,20260909-160823,138,254,2658.47,-339.78,127.0,6.36,2649.72,-337.99,8.931214922954204,matched,1
A2,annealing_75_25,20260608-115621,236,254,2649.4,-337.98,674.0,14.65,2649.72,-337.99,0.32015621187135124,matched,1
A2,annealing_75_5,20260521-181553,240,254,2647.69,-336.62,532.0,13.01,2649.72,-337.99,2.4490406284908746,matched,1
A2,before_annealing,20260514-190549,254,254,2649.72,-337.99,517.0,12.83,2649.72,-337.99,0.0,reference,1
A2,annealing_100_25,20260701-110203,183,255,1067.81,-334.85,141.0,6.7,1067.42,-336.16,1.3668211294825328,matched,1
A2,annealing_100_5,20260617-090129,214,255,1068.18,-334.67,155.0,7.02,1067.42,-336.16,1.6726326554267716,matched,1
A2,annealing_75_25,20260608-115621,239,255,1067.63,-340.15,169.0,7.33,1067.42,-336.16,3.9955224939924485,matched,1
A2,annealing_75_5,20260521-181553,239,255,1064.29,-327.38,200.0,7.98,1067.42,-336.16,9.321228459811572,matched,1
A2,before_annealing,20260514-190549,255,255,1067.42,-336.16,181.0,7.59,1067.42,-336.16,0.0,reference,1
A2,annealing_100_25,20260701-110203,184,256,553.03,-341.1,40.0,3.57,553.46,-343.09,2.0359273071502,matched,2
A2,annealing_100_5,20260617-090129,216,256,553.6,-340.55,70.0,4.72,553.46,-343.09,2.543855341799099,matched,2
A2,annealing_75_25,20260608-115621,240,256,554.27,-348.53,76.0,4.92,553.46,-343.09,5.499972727205098,matched,1
A2,before_annealing,20260514-190549,256,256,553.46,-343.09,72.0,4.79,553.46,-343.09,0.0,reference,1
A2,annealing_100_25,20260701-110203,185,257,1713.41,-359.25,339.0,10.39,1713.67,-360.05,0.8411896337925316,matched,1
A2,annealing_100_5,20260617-090129,217,257,1713.79,-358.94,433.0,11.74,1713.67,-360.05,1.1164676439557055,matched,1
A2,annealing_125_25,20260831-115727,158,257,1714.19,-361.39,237.0,8.69,1713.67,-360.05,1.437358688706446,matched,1
A2,annealing_125_5,20260727-122841,170,257,1711.03,-355.66,391.0,11.16,1713.67,-360.05,5.122665321880828,matched,1
A2,annealing_150_25,20260917-164036,108,257,1713.19,-359.72,173.0,7.42,1713.67,-360.05,0.5824946351684339,matched,1
A2,annealing_75_25,20260608-115621,242,257,1713.49,-362.52,503.0,12.65,1713.67,-360.05,2.476550019684617,matched,1
A2,annealing_75_5,20260521-181553,242,257,1710.82,-354.42,420.0,11.56,1713.67,-360.05,6.310261484281038,matched,1
A2,before_annealing,20260514-190549,257,257,1713.67,-360.05,462.0,12.13,1713.67,-360.05,0.0,reference,1
A2,annealing_100_25,20260701-110203,186,258,2054.33,-357.08,247.0,8.87,2054.51,-357.79,0.7324616030893063,matched,1
A2,annealing_100_5,20260617-090129,218,258,2054.92,-356.85,274.0,9.34,2054.51,-357.79,1.025524256173337,matched,1
A2,annealing_125_25,20260831-115727,157,258,2055.02,-358.38,224.0,8.44,2054.51,-357.79,0.779871784333636,matched,1
A2,annealing_125_5,20260727-122841,171,258,2051.86,-354.87,297.0,9.72,2054.51,-357.79,3.9432093527988816,matched,1
A2,annealing_150_25,20260917-164036,109,258,2053.88,-356.95,60.0,4.37,2054.51,-357.79,1.0500000000000909,matched,1
A2,annealing_75_25,20260608-115621,241,258,2054.13,-359.3,248.0,8.88,2054.51,-357.79,1.5570806016388667,matched,1
A2,annealing_75_5,20260521-181553,244,258,2052.56,-353.6,205.0,8.08,2054.51,-357.79,4.621536541021941,matched,1
A2,before_annealing,20260514-190549,258,258,2054.51,-357.79,220.0,8.37,2054.51,-357.79,0.0,reference,1
A2,annealing_100_25,20260701-110203,187,259,2202.94,-363.39,270.0,9.27,2203.26,-363.88,0.5852349955360784,matched,1
A2,annealing_100_5,20260617-090129,219,259,2203.44,-363.04,289.0,9.59,2203.26,-363.88,0.8590692637965225,matched,1
A2,annealing_125_25,20260831-115727,159,259,2202.62,-363.71,92.0,5.41,2203.26,-363.88,0.6621933252460527,matched,1
A2,annealing_125_5,20260727-122841,172,259,2200.44,-361.43,257.0,9.04,2203.26,-363.88,3.73562578425635,matched,1
A2,annealing_75_25,20260608-115621,244,259,2203.03,-365.28,260.0,9.1,2203.26,-363.88,1.4187670703818667,matched,1
A2,annealing_75_5,20260521-181553,246,259,2201.13,-360.54,284.0,9.51,2203.26,-363.88,3.961376023555489,matched,1
A2,before_annealing,20260514-190549,259,259,2203.26,-363.88,260.0,9.1,2203.26,-363.88,0.0,reference,1
A2,annealing_100_25,20260701-110203,188,260,1663.24,-370.41,753.0,15.48,1663.36,-371.23,0.828733974204004,matched,1
A2,annealing_100_5,20260617-090129,220,260,1663.58,-369.98,782.0,15.78,1663.36,-371.23,1.2692123541787685,matched,1
A2,annealing_125_25,20260831-115727,160,260,1663.78,-372.7,279.0,9.42,1663.36,-371.23,1.5288230767489004,matched,1
A2,annealing_125_5,20260727-122841,173,260,1660.62,-366.73,403.0,11.33,1663.36,-371.23,5.268548187119489,matched,1
A2,annealing_150_25,20260917-164036,110,260,1662.51,-370.98,167.0,7.29,1663.36,-371.23,0.8860022573333802,matched,1
A2,annealing_75_25,20260608-115621,243,260,1663.32,-373.81,975.0,17.62,1663.36,-371.23,2.580310058888256,matched,1
A2,annealing_75_5,20260521-181553,245,260,1660.61,-365.34,799.0,15.95,1663.36,-371.23,6.500353836523094,matched,1
A2,before_annealing,20260514-190549,260,260,1663.36,-371.23,722.0,15.16,1663.36,-371.23,0.0,reference,1
A2,annealing_100_25,20260701-110203,189,261,1217.59,-373.49,312.0,9.97,1217.45,-374.29,0.8121576201698674,matched,1
A2,annealing_100_5,20260617-090129,221,261,1217.96,-373.1,276.0,9.37,1217.45,-374.29,1.2946814279968588,matched,1
A2,annealing_125_25,20260831-115727,161,261,1217.94,-375.99,109.0,5.89,1217.45,-374.29,1.7692088627406235,matched,1
A2,annealing_125_5,20260727-122841,174,261,1214.98,-368.59,193.0,7.84,1217.45,-374.29,6.212157435223342,matched,1
A2,annealing_75_25,20260608-115621,245,261,1217.39,-378.28,299.0,9.76,1217.45,-374.29,3.9904511023190863,matched,1
A2,annealing_75_5,20260521-181553,247,261,1214.67,-366.63,336.0,10.34,1217.45,-374.29,8.148864951635916,matched,1
A2,before_annealing,20260514-190549,261,261,1217.45,-374.29,340.0,10.4,1217.45,-374.29,0.0,reference,1
A2,annealing_75_25,20260608-115621,246,262,903.95,-377.23,62.0,4.44,903.31,-372.08,5.189614629237943,matched,1
A2,annealing_75_5,20260521-181553,248,262,900.47,-363.24,45.0,3.78,903.31,-372.08,9.284998653742448,matched,1
A2,before_annealing,20260514-190549,262,262,903.31,-372.08,63.0,4.48,903.31,-372.08,0.0,reference,1
A2,before_annealing,20260514-190549,263,263,831.42,-377.56,33.0,3.24,831.42,-377.56,0.0,reference,1
A2,annealing_100_25,20260701-110203,190,264,1866.66,-380.56,48.0,3.91,1866.96,-381.55,1.0344563789739956,matched,1
A2,annealing_100_5,20260617-090129,222,264,1867.42,-380.3,117.0,6.1,1866.96,-381.55,1.3319534526401564,matched,1
A2,annealing_125_25,20260831-115727,163,264,1867.58,-382.68,44.0,3.74,1866.96,-381.55,1.2889142717806543,matched,1
A2,annealing_125_5,20260727-122841,175,264,1864.57,-377.97,52.0,4.07,1866.96,-381.55,4.304474416232528,matched,1
A2,annealing_75_25,20260608-115621,247,264,1867.34,-383.13,185.0,7.67,1866.96,-381.55,1.625053845261707,matched,1
A2,before_annealing,20260514-190549,264,264,1866.96,-381.55,33.0,3.24,1866.96,-381.55,0.0,reference,1
A2,annealing_100_25,20260701-110203,192,265,2204.89,-397.84,147.0,6.84,2205.38,-398.18,0.5964059020501502,matched,1
A2,annealing_100_5,20260617-090129,223,265,2205.36,-397.1,191.0,7.8,2205.38,-398.18,1.0801851693112459,matched,1
A2,annealing_125_25,20260831-115727,166,265,2205.57,-399.43,66.0,4.58,2205.38,-398.18,1.2643575443678978,matched,1
A2,annealing_125_5,20260727-122841,180,265,2202.42,-395.46,126.0,6.33,2205.38,-398.18,4.019950248448401,matched,1
A2,annealing_75_25,20260608-115621,248,265,2205.31,-399.7,244.0,8.81,2205.38,-398.18,1.5216109883935407,matched,1
A2,annealing_75_5,20260521-181553,252,265,2202.97,-394.53,157.0,7.07,2205.38,-398.18,4.373854135656759,matched,1
A2,before_annealing,20260514-190549,265,265,2205.38,-398.18,277.0,9.39,2205.38,-398.18,0.0,reference,1
A2,annealing_100_25,20260701-110203,193,266,792.11,-400.13,190.0,7.78,792.24,-401.67,1.5454772725601829,matched,2
A2,annealing_100_5,20260617-090129,225,266,792.59,-400.14,274.0,9.34,792.24,-401.67,1.5695222202951147,matched,2
A2,annealing_125_25,20260831-115727,165,266,792.83,-404.24,207.0,8.12,792.24,-401.67,2.6368541863364388,matched,1
A2,annealing_150_25,20260917-164036,111,266,791.84,-401.26,191.0,7.8,792.24,-401.67,0.5728001396647895,matched,2
A2,annealing_75_25,20260608-115621,249,266,792.44,-406.38,300.0,9.77,792.24,-401.67,4.714244372113078,matched,1
A2,before_annealing,20260514-190549,266,266,792.24,-401.67,296.0,9.71,792.24,-401.67,0.0,reference,1
A2,annealing_100_25,20260701-110203,191,267,543.63,-397.74,169.0,7.33,543.5,-398.95,1.216963434126083,matched,1
A2,annealing_100_5,20260617-090129,224,267,544.33,-397.05,134.0,6.53,543.5,-398.95,2.073378884815793,matched,2
A2,annealing_125_25,20260831-115727,164,267,544.4,-402.19,117.0,6.1,543.5,-398.95,3.3626775046084956,matched,1
A2,annealing_150_25,20260917-164036,112,267,543.07,-398.97,80.0,5.05,543.5,-398.95,0.4304648650005695,matched,1
A2,annealing_75_25,20260608-115621,250,267,544.05,-404.64,157.0,7.07,543.5,-398.95,5.716519920371128,matched,1
A2,before_annealing,20260514-190549,267,267,543.5,-398.95,155.0,7.02,543.5,-398.95,0.0,reference,1
A2,annealing_100_25,20260701-110203,196,268,1372.23,-399.19,39.0,3.52,1372.81,-400.53,1.4601369798754666,matched,1
A2,annealing_100_5,20260617-090129,227,268,1373.68,-397.87,36.0,3.39,1372.81,-400.53,2.7986603938313124,matched,1
A2,annealing_75_25,20260608-115621,252,268,1372.22,-403.96,43.0,3.7,1372.81,-400.53,3.480373543170323,matched,1
A2,annealing_75_5,20260521-181553,254,268,1370.19,-392.79,42.0,3.66,1372.81,-400.53,8.171413586399765,matched,1
A2,before_annealing,20260514-190549,268,268,1372.81,-400.53,45.0,3.78,1372.81,-400.53,0.0,reference,1
A2,annealing_100_5,20260617-090129,229,269,1389.53,-402.9,106.0,5.81,1389.25,-404.01,1.1447707194019312,matched,1
A2,annealing_125_25,20260831-115727,168,269,1389.99,-407.43,42.0,3.66,1389.25,-404.01,3.499142752160895,matched,1
A2,annealing_75_5,20260521-181553,255,269,1386.19,-397.63,104.0,5.75,1389.25,-404.01,7.075874504257379,matched,1
A2,before_annealing,20260514-190549,269,269,1389.25,-404.01,95.0,5.5,1389.25,-404.01,0.0,reference,1
A2,annealing_100_25,20260701-110203,195,270,835.75,-402.68,155.0,7.02,835.53,-404.02,1.357939615741416,matched,1
A2,annealing_100_5,20260617-090129,228,270,836.14,-402.33,166.0,7.27,835.53,-404.02,1.7967192323788403,matched,1
A2,annealing_125_5,20260727-122841,179,270,833.53,-396.92,247.0,8.87,835.53,-404.02,7.376313442363978,matched,1
A2,annealing_75_25,20260608-115621,254,270,835.42,-408.33,129.0,6.41,835.53,-404.02,4.311403483785764,matched,1
A2,annealing_75_5,20260521-181553,253,270,832.4,-394.96,112.0,5.97,835.53,-404.02,9.585431654338787,matched,1
A2,before_annealing,20260514-190549,270,270,835.53,-404.02,104.0,5.75,835.53,-404.02,0.0,reference,1
A2,annealing_100_25,20260701-110203,197,271,1436.52,-406.82,95.0,5.5,1437.26,-407.27,0.8660831368869869,matched,1
A2,annealing_100_5,20260617-090129,231,271,1436.78,-406.84,78.0,4.98,1437.26,-407.27,0.644437739428739,matched,1
A2,annealing_125_25,20260831-115727,169,271,1437.22,-408.41,92.0,5.41,1437.26,-407.27,1.1407015385279777,matched,1
A2,annealing_125_5,20260727-122841,181,271,1433.61,-402.53,68.0,4.65,1437.26,-407.27,5.982482762198379,matched,1
A2,annealing_150_25,20260917-164036,114,271,1436.19,-406.97,79.0,5.01,1437.26,-407.27,1.1112605455066946,matched,1
A2,annealing_75_25,20260608-115621,256,271,1436.59,-410.72,80.0,5.05,1437.26,-407.27,3.514455861154101,matched,1
A2,annealing_75_5,20260521-181553,256,271,1433.89,-400.19,90.0,5.35,1437.26,-407.27,7.8411287452763485,matched,1
A2,before_annealing,20260514-190549,271,271,1437.26,-407.27,102.0,5.7,1437.26,-407.27,0.0,reference,1
A2,annealing_75_25,20260608-115621,253,272,2177.71,-403.89,42.0,3.66,2176.35,-404.06,1.3705838172108817,matched,1
A2,annealing_75_5,20260521-181553,257,272,2173.5,-399.63,64.0,4.51,2176.35,-404.06,5.267580089566702,matched,1
A2,before_annealing,20260514-190549,272,272,2176.35,-404.06,69.0,4.69,2176.35,-404.06,0.0,reference,1
A2,annealing_100_5,20260617-090129,230,273,937.95,-403.74,104.0,5.75,938.52,-409.28,5.56924590945664,matched,1
A2,annealing_75_25,20260608-115621,255,273,937.62,-407.17,59.0,4.33,938.52,-409.28,2.293926764306083,matched,1
A2,before_annealing,20260514-190549,273,273,938.52,-409.28,229.0,8.54,938.52,-409.28,0.0,reference,1
A2,annealing_100_25,20260701-110203,200,274,1148.03,-417.8,151.0,6.93,1147.96,-418.63,0.8329465769183307,matched,1
A2,annealing_100_5,20260617-090129,234,274,1148.26,-416.92,175.0,7.46,1147.96,-418.63,1.7361163555476065,matched,1
A2,annealing_125_25,20260831-115727,171,274,1149.01,-420.76,115.0,6.05,1147.96,-418.63,2.374742091259572,matched,1
A2,annealing_125_5,20260727-122841,183,274,1145.69,-412.33,154.0,7.0,1147.96,-418.63,6.696484152150296,matched,1
A2,annealing_150_25,20260917-164036,117,274,1147.67,-418.09,79.0,5.01,1147.96,-418.63,0.612943716828879,matched,1
A2,annealing_75_25,20260608-115621,259,274,1148.18,-422.8,209.0,8.16,1147.96,-418.63,4.175799324680264,matched,1
A2,annealing_75_5,20260521-181553,258,274,1145.25,-410.39,195.0,7.88,1147.96,-418.63,8.674197369209462,matched,1
A2,before_annealing,20260514-190549,274,274,1147.96,-418.63,204.0,8.06,1147.96,-418.63,0.0,reference,1
A2,annealing_100_25,20260701-110203,201,275,2062.24,-416.35,94.0,5.47,2062.04,-417.02,0.6992138442564423,matched,1
A2,annealing_100_5,20260617-090129,235,275,2062.32,-415.66,40.0,3.57,2062.04,-417.02,1.3885243966167806,matched,1
A2,annealing_125_5,20260727-122841,184,275,2059.14,-413.83,73.0,4.82,2062.04,-417.02,4.311159936722426,matched,1
A2,annealing_75_25,20260608-115621,258,275,2061.87,-418.5,198.0,7.94,2062.04,-417.02,1.4897315194356595,matched,1
A2,annealing_75_5,20260521-181553,260,275,2059.83,-413.07,271.0,9.29,2062.04,-417.02,4.52621254472214,matched,1
A2,before_annealing,20260514-190549,275,275,2062.04,-417.02,243.0,8.79,2062.04,-417.02,0.0,reference,1
A2,annealing_100_25,20260701-110203,199,276,1121.56,-415.84,90.0,5.35,1122.02,-417.07,1.3132021931142508,matched,1
A2,annealing_100_5,20260617-090129,233,276,1122.44,-415.46,136.0,6.58,1122.02,-417.07,1.6638810053606914,matched,1
A2,annealing_150_25,20260917-164036,116,276,1121.49,-416.12,56.0,4.22,1122.02,-417.07,1.08784190027777,matched,1
A2,annealing_75_25,20260608-115621,260,276,1122.22,-421.21,72.0,4.79,1122.02,-417.07,4.1448281025875975,matched,1
A2,annealing_75_5,20260521-181553,259,276,1117.97,-408.23,80.0,5.05,1122.02,-417.07,9.723584729923383,matched,1
A2,before_annealing,20260514-190549,276,276,1122.02,-417.07,81.0,5.08,1122.02,-417.07,0.0,reference,1
A2,annealing_100_25,20260701-110203,202,277,1238.11,-437.06,103.0,5.73,1238.46,-438.48,1.4624978632463503,matched,1
A2,annealing_100_5,20260617-090129,237,277,1238.7,-436.68,75.0,4.89,1238.46,-438.48,1.815929514050599,matched,1
A2,annealing_125_25,20260831-115727,173,277,1240.57,-440.37,31.0,3.14,1238.46,-438.48,2.8327018904218506,matched,1
A2,annealing_125_5,20260727-122841,186,277,1234.4,-433.26,61.0,4.41,1238.46,-438.48,6.6130174655749885,matched,1
A2,annealing_75_25,20260608-115621,263,277,1238.29,-441.68,97.0,5.56,1238.46,-438.48,3.204512443414747,matched,1
A2,annealing_75_5,20260521-181553,261,277,1235.93,-430.61,242.0,8.78,1238.46,-438.48,8.266668010752575,matched,1
A2,before_annealing,20260514-190549,277,277,1238.46,-438.48,288.0,9.57,1238.46,-438.48,0.0,reference,1
A2,annealing_100_5,20260617-090129,236,278,1783.77,-435.7,196.0,7.9,1783.75,-436.57,0.8702298546935787,matched,1
A2,annealing_75_25,20260608-115621,261,278,1784.08,-438.82,224.0,8.44,1783.75,-436.57,2.2740712389896567,matched,1
A2,annealing_75_5,20260521-181553,263,278,1780.95,-430.94,135.0,6.56,1783.75,-436.57,6.28783746609275,matched,1
A2,before_annealing,20260514-190549,278,278,1783.75,-436.57,146.0,6.82,1783.75,-436.57,0.0,reference,1
A2,annealing_100_25,20260701-110203,204,279,2047.29,-437.62,60.0,4.37,2047.71,-437.98,0.5531726674376374,matched,1
A2,annealing_100_5,20260617-090129,238,279,2048.19,-436.91,93.0,5.44,2047.71,-437.98,1.172731853408955,matched,1
A2,annealing_125_25,20260831-115727,172,279,2048.62,-437.9,63.0,4.48,2047.71,-437.98,0.913509715328601,matched,1
A2,annealing_125_5,20260727-122841,187,279,2044.17,-435.13,39.0,3.52,2047.71,-437.98,4.5446782064300075,matched,1
A2,annealing_75_25,20260608-115621,262,279,2047.38,-438.79,91.0,5.38,2047.71,-437.98,0.8746427842267698,matched,1
A2,annealing_75_5,20260521-181553,264,279,2045.37,-433.63,76.0,4.92,2047.71,-437.98,4.939443288468942,matched,1
A2,before_annealing,20260514-190549,279,279,2047.71,-437.98,86.0,5.23,2047.71,-437.98,0.0,reference,1
A2,annealing_100_25,20260701-110203,203,280,444.16,-440.95,161.0,7.16,443.7,-442.66,1.7707907838025807,matched,1
A2,annealing_100_5,20260617-090129,239,280,444.33,-440.76,184.0,7.65,443.7,-442.66,2.0017242567347093,matched,1
A2,annealing_125_25,20260831-115727,174,280,444.72,-446.27,43.0,3.7,443.7,-442.66,3.751333096380508,matched,1
A2,annealing_75_25,20260608-115621,264,280,444.38,-448.59,120.0,6.18,443.7,-442.66,5.96886086284472,matched,1
A2,before_annealing,20260514-190549,280,280,443.7,-442.66,124.0,6.28,443.7,-442.66,0.0,reference,1
A2,before_annealing,20260514-190549,281,281,2677.81,-442.68,34.0,3.29,2677.81,-442.68,0.0,reference,1
A2,annealing_100_25,20260701-110203,206,282,520.52,-449.2,114.0,6.02,520.61,-450.05,0.85475142585435,matched,1
A2,annealing_100_5,20260617-090129,240,282,520.65,-448.4,143.0,6.75,520.61,-450.05,1.6504847772700328,matched,1
A2,annealing_75_25,20260608-115621,266,282,520.51,-456.02,162.0,7.18,520.61,-450.05,5.970837462199055,matched,1
A2,before_annealing,20260514-190549,282,282,520.61,-450.05,205.0,8.08,520.61,-450.05,0.0,reference,1
A2,annealing_100_25,20260701-110203,205,283,1862.75,-448.99,91.0,5.38,1862.84,-450.12,1.1335784048754523,matched,1
A2,annealing_100_5,20260617-090129,241,283,1863.48,-449.15,106.0,5.81,1862.84,-450.12,1.1621101496846935,matched,1
A2,annealing_125_25,20260831-115727,175,283,1863.41,-451.05,98.0,5.59,1862.84,-450.12,1.090779537761962,matched,1
A2,annealing_125_5,20260727-122841,189,283,1860.2,-445.7,87.0,5.26,1862.84,-450.12,5.1483978090275295,matched,1
A2,annealing_150_25,20260917-164036,118,283,1862.31,-449.73,102.0,5.7,1862.84,-450.12,0.658027355054454,matched,1
A2,annealing_75_25,20260608-115621,265,283,1863.41,-452.09,111.0,5.94,1862.84,-450.12,2.050804720103811,matched,1
A2,annealing_75_5,20260521-181553,266,283,1859.91,-444.62,114.0,6.02,1862.84,-450.12,6.231765399948801,matched,1
A2,before_annealing,20260514-190549,283,283,1862.84,-450.12,115.0,6.05,1862.84,-450.12,0.0,reference,1
A2,annealing_100_25,20260701-110203,209,284,2576.83,-480.5,295.0,9.69,2576.48,-481.17,0.7559100475585423,matched,1
A2,annealing_100_5,20260617-090129,243,284,2576.86,-480.53,362.0,10.73,2576.48,-481.17,0.7443117626372286,matched,1
A2,annealing_125_25,20260831-115727,177,284,2577.23,-480.73,307.0,9.89,2576.48,-481.17,0.8695401083331338,matched,1
A2,annealing_125_5,20260727-122841,191,284,2573.67,-479.49,317.0,10.05,2576.48,-481.17,3.273912033027112,matched,1
A2,annealing_150_25,20260917-164036,119,284,2575.61,-481.06,226.0,8.48,2576.48,-481.17,0.8769264507356436,matched,1
A2,annealing_75_25,20260608-115621,267,284,2576.99,-481.22,501.0,12.63,2576.48,-481.17,0.5124451190125241,matched,1
A2,annealing_75_5,20260521-181553,269,284,2573.92,-479.21,510.0,12.74,2576.48,-481.17,3.224158805021841,matched,1
A2,before_annealing,20260514-190549,284,284,2576.48,-481.17,596.0,13.77,2576.48,-481.17,0.0,reference,1
A2,annealing_75_25,20260608-115621,269,285,626.95,-481.42,42.0,3.66,627.09,-474.89,6.531500593278729,matched,1
A2,before_annealing,20260514-190549,285,285,627.09,-474.89,54.0,4.15,627.09,-474.89,0.0,reference,1
A2,annealing_100_25,20260701-110203,208,286,885.25,-475.85,69.0,4.69,885.17,-477.31,1.4621901381147209,matched,2
A2,annealing_100_5,20260617-090129,244,286,885.33,-475.88,51.0,4.03,885.17,-477.31,1.4389232085139378,matched,2
A2,annealing_75_25,20260608-115621,270,286,885.6,-482.75,66.0,4.58,885.17,-477.31,5.456968022629419,matched,1
A2,before_annealing,20260514-190549,286,286,885.17,-477.31,56.0,4.22,885.17,-477.31,0.0,reference,1
A2,annealing_100_25,20260701-110203,210,287,1346.97,-482.09,184.0,7.65,1347.34,-483.27,1.236648697084154,matched,1
A2,annealing_100_5,20260617-090129,245,287,1347.62,-481.95,176.0,7.48,1347.34,-483.27,1.3493702234746277,matched,1
A2,annealing_125_25,20260831-115727,178,287,1348.03,-484.86,161.0,7.16,1347.34,-483.27,1.7332628190785657,matched,1
A2,annealing_125_5,20260727-122841,192,287,1344.09,-477.89,204.0,8.06,1347.34,-483.27,6.285451455543981,matched,1
A2,annealing_75_25,20260608-115621,268,287,1347.65,-486.74,524.0,12.91,1347.34,-483.27,3.4838197427536772,matched,1
A2,annealing_75_5,20260521-181553,270,287,1344.11,-476.09,297.0,9.72,1347.34,-483.27,7.873074367742261,matched,1
A2,before_annealing,20260514-190549,287,287,1347.34,-483.27,305.0,9.85,1347.34,-483.27,0.0,reference,1
A2,before_annealing,20260514-190549,288,288,2442.12,-477.97,46.0,3.83,2442.12,-477.97,0.0,reference,1
A2,annealing_100_25,20260701-110203,212,289,1966.3,-487.76,73.0,4.82,1966.86,-488.16,0.6881860213633856,matched,1
A2,annealing_100_5,20260617-090129,248,289,1967.05,-487.05,189.0,7.76,1966.86,-488.16,1.126143862923406,matched,1
A2,annealing_125_25,20260831-115727,180,289,1967.68,-488.51,38.0,3.48,1966.86,-488.16,0.891571646027533,matched,1
A2,annealing_125_5,20260727-122841,193,289,1963.81,-484.54,171.0,7.38,1966.86,-488.16,4.733592715897699,matched,1
A2,annealing_75_25,20260608-115621,272,289,1967.0,-490.17,165.0,7.25,1966.86,-488.16,2.0148697228356953,matched,1
A2,annealing_75_5,20260521-181553,273,289,1963.99,-483.48,161.0,7.16,1966.86,-488.16,5.489927139771478,matched,1
A2,before_annealing,20260514-190549,289,289,1966.86,-488.16,171.0,7.38,1966.86,-488.16,0.0,reference,1
A2,annealing_100_25,20260701-110203,211,290,2045.02,-484.18,124.0,6.28,2045.49,-484.82,0.7940403012442179,matched,1
A2,annealing_100_5,20260617-090129,246,290,2045.61,-484.14,147.0,6.84,2045.49,-484.82,0.6905070600652705,matched,1
A2,annealing_125_25,20260831-115727,179,290,2045.97,-485.67,130.0,6.43,2045.49,-484.82,0.9761659694949707,matched,1
A2,annealing_125_5,20260727-122841,194,290,2042.35,-482.11,112.0,5.97,2045.49,-484.82,4.147734321289216,matched,1
A2,annealing_150_25,20260917-164036,120,290,2045.01,-484.91,118.0,6.13,2045.49,-484.82,0.48836461788301494,matched,1
A2,annealing_75_25,20260608-115621,271,290,2045.62,-486.49,144.0,6.77,2045.49,-484.82,1.6750522379914075,matched,1
A2,annealing_75_5,20260521-181553,271,290,2042.63,-480.72,121.0,6.21,2045.49,-484.82,4.998959891817412,matched,1
A2,before_annealing,20260514-190549,290,290,2045.49,-484.82,131.0,6.46,2045.49,-484.82,0.0,reference,1
A2,annealing_75_25,20260608-115621,273,291,388.69,-498.71,111.0,5.94,387.95,-492.58,6.174504028664971,matched,1
A2,before_annealing,20260514-190549,291,291,387.95,-492.58,82.0,5.11,387.95,-492.58,0.0,reference,1
A2,annealing_75_5,20260521-181553,275,292,2281.85,-495.76,32.0,3.19,2284.88,-498.58,4.139239060503896,matched,1
A2,before_annealing,20260514-190549,292,292,2284.88,-498.58,49.0,3.95,2284.88,-498.58,0.0,reference,1
A2,annealing_100_25,20260701-110203,213,293,800.68,-514.0,383.0,11.04,800.82,-515.26,1.2677539193392404,matched,2
A2,annealing_100_5,20260617-090129,249,293,801.08,-513.66,455.0,12.03,800.82,-515.26,1.6209873534361914,matched,2
A2,annealing_125_25,20260831-115727,181,293,801.7,-518.17,369.0,10.84,800.82,-515.26,3.04014802271202,matched,1
A2,annealing_150_25,20260917-164036,122,293,800.48,-514.96,139.0,6.65,800.82,-515.26,0.45343136195017913,matched,1
A2,annealing_75_25,20260608-115621,274,293,801.36,-520.11,387.0,11.1,800.82,-515.26,4.879969262198296,matched,1
A2,before_annealing,20260514-190549,293,293,800.82,-515.26,714.0,15.08,800.82,-515.26,0.0,reference,1
A2,annealing_100_25,20260701-110203,216,294,1189.66,-519.74,280.0,9.44,1190.12,-520.17,0.6296824596570729,matched,1
A2,annealing_100_5,20260617-090129,479,294,1190.39,-518.78,345.0,10.48,1190.12,-520.17,1.4159802258506562,matched,1
A2,annealing_125_25,20260831-115727,183,294,1190.56,-522.74,208.0,8.14,1190.12,-520.17,2.6073933343476017,matched,1
A2,annealing_125_5,20260727-122841,377,294,1186.8,-514.87,498.0,12.59,1190.12,-520.17,6.253990725928452,matched,1
A2,annealing_150_25,20260917-164036,124,294,1189.59,-519.94,94.0,5.47,1190.12,-520.17,0.5777542730261085,matched,1
A2,annealing_75_25,20260608-115621,517,294,1190.46,-524.17,322.0,10.12,1190.12,-520.17,4.014423993551267,matched,1
A2,annealing_75_5,20260521-181553,538,294,1186.66,-512.64,432.0,11.73,1190.12,-520.17,8.286887232248201,matched,1
A2,before_annealing,20260514-190549,294,294,1190.12,-520.17,325.0,10.17,1190.12,-520.17,0.0,reference,1
A2,annealing_100_25,20260701-110203,214,295,1356.05,-518.44,295.0,9.69,1356.17,-519.49,1.0568348972284805,matched,1
A2,annealing_100_5,20260617-090129,250,295,1356.32,-518.1,347.0,10.51,1356.17,-519.49,1.3980700983856,matched,1
A2,annealing_125_25,20260831-115727,182,295,1357.0,-521.25,274.0,9.34,1356.17,-519.49,1.945893111144558,matched,1
A2,annealing_125_5,20260727-122841,196,295,1353.09,-514.08,341.0,10.42,1356.17,-519.49,6.225311237199358,matched,1
A2,annealing_150_25,20260917-164036,123,295,1355.65,-519.19,143.0,6.75,1356.17,-519.49,0.6003332407921069,matched,1
A2,annealing_75_25,20260608-115621,275,295,1356.62,-522.94,453.0,12.01,1356.17,-519.49,3.479224051422982,matched,1
A2,annealing_75_5,20260521-181553,276,295,1352.75,-512.38,376.0,10.94,1356.17,-519.49,7.889771859819566,matched,1
A2,before_annealing,20260514-190549,295,295,1356.17,-519.49,374.0,10.91,1356.17,-519.49,0.0,reference,1
A2,before_annealing,20260514-190549,296,296,699.99,-514.25,36.0,3.39,699.99,-514.25,0.0,reference,1
A2,annealing_100_25,20260701-110203,215,297,1730.92,-516.3,81.0,5.08,1731.03,-517.23,0.9364827814755039,matched,1
A2,annealing_100_5,20260617-090129,251,297,1731.74,-516.05,98.0,5.59,1731.03,-517.23,1.3771347065556812,matched,1
A2,annealing_75_25,20260608-115621,277,297,1732.05,-519.89,107.0,5.84,1731.03,-517.23,2.8488594208910683,matched,1
A2,annealing_75_5,20260521-181553,277,297,1728.0,-511.89,100.0,5.64,1731.03,-517.23,6.139747551813525,matched,1
A2,before_annealing,20260514-190549,297,297,1731.03,-517.23,112.0,5.97,1731.03,-517.23,0.0,reference,1
A2,annealing_100_25,20260701-110203,217,298,1698.14,-536.07,1006.0,17.89,1698.34,-537.06,1.0099999999998615,matched,1
A2,annealing_100_5,20260617-090129,252,298,1698.5,-535.85,1057.0,18.34,1698.34,-537.06,1.2205326705991277,matched,1
A2,annealing_125_25,20260831-115727,184,298,1699.24,-538.48,1322.0,20.51,1698.34,-537.06,1.681190054693511,matched,1
A2,annealing_125_5,20260727-122841,197,298,1695.17,-532.55,1057.0,18.34,1698.34,-537.06,5.512621880738687,matched,1
A2,annealing_150_25,20260917-164036,125,298,1697.7,-536.63,476.0,12.31,1698.34,-537.06,0.7710382610479158,matched,1
A2,annealing_75_25,20260608-115621,276,298,1698.68,-539.49,1407.0,21.16,1698.34,-537.06,2.453670719554767,matched,1
A2,annealing_75_5,20260521-181553,278,298,1694.91,-531.37,1106.0,18.76,1698.34,-537.06,6.643869354525132,matched,1
A2,before_annealing,20260514-190549,298,298,1698.34,-537.06,1036.0,18.16,1698.34,-537.06,0.0,reference,1
A2,annealing_75_25,20260608-115621,278,299,2088.82,-526.26,102.0,5.7,2089.08,-525.27,1.0235721762532894,matched,1
A2,before_annealing,20260514-190549,299,299,2089.08,-525.27,91.0,5.38,2089.08,-525.27,0.0,reference,1
A2,annealing_75_5,20260521-181553,279,300,1028.6,-530.62,137.0,6.6,1032.35,-539.37,9.519716382329886,matched,1
A2,before_annealing,20260514-190549,300,300,1032.35,-539.37,160.0,7.14,1032.35,-539.37,0.0,reference,1
A2,annealing_100_25,20260701-110203,218,301,1190.49,-538.68,131.0,6.46,1190.66,-539.89,1.2218837915285203,matched,1
A2,annealing_100_5,20260617-090129,480,301,1190.52,-538.57,152.0,6.96,1190.66,-539.89,1.3274034804835566,matched,1
A2,annealing_125_25,20260831-115727,185,301,1191.34,-541.8,112.0,5.97,1190.66,-539.89,2.0274368054269054,matched,1
A2,annealing_125_5,20260727-122841,378,301,1187.64,-533.88,145.0,6.79,1190.66,-539.89,6.72610585703197,matched,1
A2,annealing_150_25,20260917-164036,126,301,1190.25,-539.6,62.0,4.44,1190.66,-539.89,0.5021951811796346,matched,1
A2,annealing_75_25,20260608-115621,518,301,1191.2,-543.58,165.0,7.25,1190.66,-539.89,3.7293028839181677,matched,1
A2,annealing_75_5,20260521-181553,539,301,1187.12,-531.74,171.0,7.38,1190.66,-539.89,8.885611965419207,matched,1
A2,before_annealing,20260514-190549,301,301,1190.66,-539.89,167.0,7.29,1190.66,-539.89,0.0,reference,1
A2,annealing_100_25,20260701-110203,219,302,2149.91,-561.25,542.0,13.13,2150.23,-561.75,0.5936328831863215,matched,1
A2,annealing_100_5,20260617-090129,254,302,2150.3,-560.93,467.0,12.19,2150.23,-561.75,0.8229823813424592,matched,1
A2,annealing_125_25,20260831-115727,186,302,2150.95,-562.28,424.0,11.62,2150.23,-561.75,0.8940357934667286,matched,1
A2,annealing_125_5,20260727-122841,198,302,2146.65,-559.09,496.0,12.57,2150.23,-561.75,4.460044842823815,matched,1
A2,annealing_150_25,20260917-164036,127,302,2149.65,-561.68,576.0,13.54,2150.23,-561.75,0.5842088667590749,matched,1
A2,annealing_75_25,20260608-115621,279,302,2150.54,-563.32,514.0,12.79,2150.23,-561.75,1.6003124694884194,matched,1
A2,annealing_75_5,20260521-181553,281,302,2147.2,-558.28,548.0,13.21,2150.23,-561.75,4.6067124937423,matched,1
A2,before_annealing,20260514-190549,302,302,2150.23,-561.75,470.0,12.23,2150.23,-561.75,0.0,reference,1
A2,annealing_100_25,20260701-110203,220,303,2104.53,-559.47,220.0,8.37,2104.76,-560.03,0.6053924347065689,matched,1
A2,annealing_100_5,20260617-090129,255,303,2104.92,-559.16,179.0,7.55,2104.76,-560.03,0.8845903006476847,matched,1
A2,annealing_125_25,20260831-115727,187,303,2105.47,-560.63,240.0,8.74,2104.76,-560.03,0.9295697929684641,matched,1
A2,annealing_125_5,20260727-122841,199,303,2101.07,-557.05,156.0,7.05,2104.76,-560.03,4.74304754351045,matched,1
A2,annealing_75_25,20260608-115621,280,303,2104.76,-561.75,260.0,9.1,2104.76,-560.03,1.7200000000000273,matched,1
A2,annealing_75_5,20260521-181553,282,303,2101.68,-556.52,293.0,9.66,2104.76,-560.03,4.669743033615692,matched,1
A2,before_annealing,20260514-190549,303,303,2104.76,-560.03,241.0,8.76,2104.76,-560.03,0.0,reference,1
A2,annealing_100_25,20260701-110203,223,304,506.93,-561.85,36.0,3.39,507.95,-563.78,2.1829567105189627,matched,2
A2,annealing_100_5,20260617-090129,257,304,507.85,-562.2,40.0,3.57,507.95,-563.78,1.5831613941729894,matched,1
A2,annealing_75_25,20260608-115621,283,304,508.48,-569.87,32.0,3.19,507.95,-563.78,6.113018894130822,matched,1
A2,before_annealing,20260514-190549,304,304,507.95,-563.78,117.0,6.1,507.95,-563.78,0.0,reference,1
A2,annealing_100_25,20260701-110203,222,305,1240.33,-566.07,154.0,7.0,1240.26,-566.99,0.9226592003551017,matched,1
A2,annealing_100_5,20260617-090129,256,305,1240.62,-565.44,254.0,8.99,1240.26,-566.99,1.5912573644762142,matched,1
A2,annealing_125_5,20260727-122841,201,305,1236.98,-560.59,65.0,4.55,1240.26,-566.99,7.19155059775008,matched,1
A2,annealing_75_25,20260608-115621,281,305,1240.77,-570.81,197.0,7.92,1240.26,-566.99,3.853894134508563,matched,1
A2,annealing_75_5,20260521-181553,285,305,1236.65,-559.17,196.0,7.9,1240.26,-566.99,8.613042435748245,matched,1
A2,before_annealing,20260514-190549,305,305,1240.26,-566.99,206.0,8.1,1240.26,-566.99,0.0,reference,1
A2,annealing_75_25,20260608-115621,282,306,993.66,-570.28,92.0,5.41,992.66,-565.58,4.8052055106935185,matched,1
A2,annealing_75_5,20260521-181553,284,306,988.57,-556.65,117.0,6.1,992.66,-565.58,9.822066992237453,matched,1
A2,before_annealing,20260514-190549,306,306,992.66,-565.58,80.0,5.05,992.66,-565.58,0.0,reference,1
A2,annealing_100_25,20260701-110203,224,307,1034.92,-567.6,53.0,4.11,1035.24,-568.24,0.7155417527998921,matched,1
A2,annealing_100_5,20260617-090129,258,307,1036.34,-567.0,109.0,5.89,1035.24,-568.24,1.657588609999424,matched,1
A2,annealing_125_5,20260727-122841,202,307,1032.11,-562.17,31.0,3.14,1035.24,-568.24,6.829480214482014,matched,1
A2,annealing_150_25,20260917-164036,128,307,1034.49,-568.23,51.0,4.03,1035.24,-568.24,0.7500666637039669,matched,1
A2,annealing_75_25,20260608-115621,284,307,1036.25,-572.87,99.0,5.61,1035.24,-568.24,4.738881724626596,matched,1
A2,annealing_75_5,20260521-181553,286,307,1031.59,-559.44,117.0,6.1,1035.24,-568.24,9.526935498889443,matched,1
A2,before_annealing,20260514-190549,307,307,1035.24,-568.24,104.0,5.75,1035.24,-568.24,0.0,reference,1
A2,annealing_100_25,20260701-110203,226,308,1309.19,-571.76,57.0,4.26,1309.25,-573.4,1.6410971939528594,matched,1
A2,annealing_100_5,20260617-090129,259,308,1309.38,-572.37,64.0,4.51,1309.25,-573.4,1.0381714694596322,matched,1
A2,annealing_125_25,20260831-115727,189,308,1310.45,-575.35,66.0,4.58,1309.25,-573.4,2.289650628371125,matched,1
A2,annealing_125_5,20260727-122841,203,308,1306.0,-567.53,64.0,4.51,1309.25,-573.4,6.709649767312751,matched,1
A2,annealing_150_25,20260917-164036,129,308,1309.12,-573.6,64.0,4.51,1309.25,-573.4,0.23853720883762886,matched,1
A2,annealing_75_25,20260608-115621,285,308,1310.93,-576.86,60.0,4.37,1309.25,-573.4,3.8462969204158517,matched,1
A2,annealing_75_5,20260521-181553,287,308,1306.3,-566.45,64.0,4.51,1309.25,-573.4,7.5501655610985985,matched,1
A2,before_annealing,20260514-190549,308,308,1309.25,-573.4,66.0,4.58,1309.25,-573.4,0.0,reference,1
A2,annealing_100_25,20260701-110203,227,309,1669.26,-577.54,122.0,6.23,1669.27,-578.54,1.0000499987500624,matched,1
A2,annealing_100_5,20260617-090129,260,309,1669.27,-577.19,174.0,7.44,1669.27,-578.54,1.349999999999909,matched,1
A2,annealing_125_25,20260831-115727,191,309,1670.21,-579.54,78.0,4.98,1669.27,-578.54,1.3724430771438583,matched,1
A2,annealing_125_5,20260727-122841,205,309,1665.69,-574.41,105.0,5.78,1669.27,-578.54,5.465647262676164,matched,1
A2,annealing_150_25,20260917-164036,130,309,1669.29,-577.97,30.0,3.09,1669.27,-578.54,0.5703507692639037,matched,1
A2,annealing_75_25,20260608-115621,286,309,1669.79,-581.34,175.0,7.46,1669.27,-578.54,2.847876401812474,matched,1
A2,annealing_75_5,20260521-181553,288,309,1665.61,-572.49,219.0,8.35,1669.27,-578.54,7.070933460300702,matched,1
A2,before_annealing,20260514-190549,309,309,1669.27,-578.54,217.0,8.31,1669.27,-578.54,0.0,reference,1
A2,annealing_100_25,20260701-110203,228,310,2423.69,-582.53,248.0,8.88,2423.9,-582.81,0.35,matched,1
A2,annealing_100_5,20260617-090129,261,310,2424.05,-582.27,295.0,9.69,2423.9,-582.81,0.5604462507680714,matched,1
A2,annealing_125_25,20260831-115727,192,310,2424.66,-583.43,150.0,6.91,2423.9,-582.81,0.9808159868189579,matched,1
A2,annealing_125_5,20260727-122841,206,310,2420.43,-581.21,263.0,9.15,2423.9,-582.81,3.8211124034764374,matched,1
A2,annealing_150_25,20260917-164036,131,310,2423.44,-582.63,136.0,6.58,2423.9,-582.81,0.49396356140915443,matched,1
A2,annealing_75_25,20260608-115621,287,310,2424.33,-583.4,263.0,9.15,2423.9,-582.81,0.7300684899376885,matched,1
A2,annealing_75_5,20260521-181553,290,310,2420.86,-580.43,302.0,9.8,2423.9,-582.81,3.8608289265389315,matched,1
A2,before_annealing,20260514-190549,310,310,2423.9,-582.81,325.0,10.17,2423.9,-582.81,0.0,reference,1
A2,before_annealing,20260514-190549,311,311,1425.62,-578.86,114.0,6.02,1425.62,-578.86,0.0,reference,1
A2,annealing_125_25,20260831-115727,193,312,363.37,-583.28,87.0,5.26,361.36,-579.46,4.316537964619271,matched,1
A2,annealing_75_25,20260608-115621,289,312,363.24,-586.64,49.0,3.95,361.36,-579.46,7.422048234820309,matched,1
A2,before_annealing,20260514-190549,312,312,361.36,-579.46,78.0,4.98,361.36,-579.46,0.0,reference,1
A2,annealing_75_25,20260608-115621,288,313,1754.75,-582.95,50.0,3.99,1754.08,-580.47,2.5689102748052894,matched,1
A2,annealing_75_5,20260521-181553,291,313,1750.32,-575.03,60.0,4.37,1754.08,-580.47,6.6129569785384605,matched,1
A2,before_annealing,20260514-190549,313,313,1754.08,-580.47,55.0,4.18,1754.08,-580.47,0.0,reference,1
A2,annealing_100_25,20260701-110203,231,314,1455.67,-602.59,260.0,9.1,1456.2,-603.36,0.934772699644113,matched,1
A2,annealing_100_5,20260617-090129,263,314,1456.28,-602.11,570.0,13.47,1456.2,-603.36,1.252557383915,matched,1
A2,annealing_125_25,20260831-115727,195,314,1456.72,-605.16,203.0,8.04,1456.2,-603.36,1.8736061485808102,matched,1
A2,annealing_125_5,20260727-122841,209,314,1452.64,-598.4,228.0,8.52,1456.2,-603.36,6.1053419232668675,matched,1
A2,annealing_150_25,20260917-164036,135,314,1455.48,-603.75,91.0,5.38,1456.2,-603.36,0.8188406438373883,matched,1
A2,annealing_75_25,20260608-115621,291,314,1456.8,-606.61,709.0,15.02,1456.2,-603.36,3.3049205739321317,matched,1
A2,annealing_75_5,20260521-181553,293,314,1452.43,-596.66,703.0,14.96,1456.2,-603.36,7.687841049345419,matched,1
A2,before_annealing,20260514-190549,314,314,1456.2,-603.36,693.0,14.85,1456.2,-603.36,0.0,reference,1
A2,annealing_100_25,20260701-110203,230,315,510.24,-601.02,223.0,8.43,510.35,-602.31,1.2946814279968293,matched,1
A2,annealing_100_5,20260617-090129,264,315,510.64,-600.48,372.0,10.88,510.35,-602.31,1.852835664596219,matched,1
A2,annealing_125_25,20260831-115727,196,315,511.12,-605.25,133.0,6.51,510.35,-602.31,3.0391610684529855,matched,1
A2,annealing_150_25,20260917-164036,134,315,509.58,-601.98,91.0,5.38,510.35,-602.31,0.8377350416450368,matched,1
A2,annealing_75_25,20260608-115621,292,315,511.19,-607.98,429.0,11.69,510.35,-602.31,5.731884506861664,matched,1
A2,before_annealing,20260514-190549,315,315,510.35,-602.31,445.0,11.9,510.35,-602.31,0.0,reference,1
A2,before_annealing,20260514-190549,316,316,1895.69,-594.79,34.0,3.29,1895.69,-594.79,0.0,reference,1
A2,annealing_100_5,20260617-090129,267,317,1280.29,-598.84,75.0,4.89,1279.7,-599.43,0.8343860018000103,matched,1
A2,annealing_75_25,20260608-115621,294,317,1280.12,-603.87,62.0,4.44,1279.7,-599.43,4.459820624195592,matched,1
A2,annealing_75_5,20260521-181553,295,317,1276.64,-591.51,63.0,4.48,1279.7,-599.43,8.490583018850886,matched,1
A2,before_annealing,20260514-190549,317,317,1279.7,-599.43,73.0,4.82,1279.7,-599.43,0.0,reference,1
A2,annealing_100_25,20260701-110203,232,318,2296.19,-601.21,48.0,3.91,2295.04,-601.38,1.1624973118249329,matched,1
A2,annealing_100_5,20260617-090129,266,318,2294.89,-598.62,75.0,4.89,2295.04,-601.38,2.7640730815229864,matched,1
A2,annealing_75_25,20260608-115621,293,318,2296.34,-601.35,44.0,3.74,2295.04,-601.38,1.300346107773031,matched,1
A2,annealing_75_5,20260521-181553,296,318,2292.35,-598.45,39.0,3.52,2295.04,-601.38,3.977562067397566,matched,1
A2,before_annealing,20260514-190549,318,318,2295.04,-601.38,57.0,4.26,2295.04,-601.38,0.0,reference,1
A2,annealing_100_5,20260617-090129,268,319,1196.69,-603.71,36.0,3.39,1196.67,-605.18,1.4701360481260723,matched,1
A2,annealing_75_25,20260608-115621,296,319,1196.11,-608.67,44.0,3.74,1196.67,-605.18,3.534642839099908,matched,1
A2,before_annealing,20260514-190549,319,319,1196.67,-605.18,38.0,3.48,1196.67,-605.18,0.0,reference,1
A2,annealing_100_25,20260701-110203,235,320,2177.47,-618.71,220.0,8.37,2177.82,-619.21,0.6103277807868938,matched,1
A2,annealing_100_5,20260617-090129,270,320,2177.69,-618.48,311.0,9.95,2177.82,-619.21,0.7414849964767021,matched,1
A2,annealing_125_25,20260831-115727,198,320,2178.42,-619.92,158.0,7.09,2177.82,-619.21,0.9295697929686512,matched,1
A2,annealing_125_5,20260727-122841,212,320,2174.09,-616.63,244.0,8.81,2177.82,-619.21,4.535339017096776,matched,1
A2,annealing_150_25,20260917-164036,137,320,2177.55,-618.75,44.0,3.74,2177.82,-619.21,0.5333854141238057,matched,1
A2,annealing_75_25,20260608-115621,298,320,2178.28,-620.71,353.0,10.6,2177.82,-619.21,1.5689486925964258,matched,1
A2,annealing_75_5,20260521-181553,298,320,2174.62,-615.77,421.0,11.58,2177.82,-619.21,4.698254995208553,matched,1
A2,before_annealing,20260514-190549,320,320,2177.82,-619.21,439.0,11.82,2177.82,-619.21,0.0,reference,1
A2,annealing_100_25,20260701-110203,236,321,1674.65,-620.62,122.0,6.23,1674.73,-621.2,0.5854912467322085,matched,1
A2,annealing_100_5,20260617-090129,271,321,1674.79,-620.18,210.0,8.18,1674.73,-621.2,1.0217631819556763,matched,1
A2,annealing_125_25,20260831-115727,199,321,1675.7,-622.66,161.0,7.16,1674.73,-621.2,1.7528548142957612,matched,1
A2,annealing_125_5,20260727-122841,213,321,1671.42,-616.8,164.0,7.23,1674.73,-621.2,5.5060058118386,matched,1
A2,annealing_75_25,20260608-115621,301,321,1675.63,-624.17,183.0,7.63,1674.73,-621.2,3.103369136921944,matched,1
A2,annealing_75_5,20260521-181553,297,321,1670.92,-615.34,250.0,8.92,1674.73,-621.2,6.989685257577751,matched,1
A2,before_annealing,20260514-190549,321,321,1674.73,-621.2,275.0,9.36,1674.73,-621.2,0.0,reference,1
A2,annealing_150_25,20260917-164036,136,322,1912.19,-619.24,73.0,4.82,1912.54,-619.14,0.3640054944639447,matched,1
A2,annealing_75_25,20260608-115621,300,322,1913.63,-621.64,67.0,4.62,1912.54,-619.14,2.727288030260155,matched,1
A2,annealing_75_5,20260521-181553,299,322,1908.94,-614.83,73.0,4.82,1912.54,-619.14,5.615701202877418,matched,1
A2,before_annealing,20260514-190549,322,322,1912.54,-619.14,52.0,4.07,1912.54,-619.14,0.0,reference,1
A2,annealing_100_25,20260701-110203,238,323,1421.75,-633.91,76.0,4.92,1421.71,-635.26,1.3505924625882,matched,1
A2,annealing_100_5,20260617-090129,274,323,1421.79,-634.49,94.0,5.47,1421.71,-635.26,0.7741446893184506,matched,1
A2,annealing_125_25,20260831-115727,202,323,1422.58,-637.18,131.0,6.46,1421.71,-635.26,2.1079136604708584,matched,1
A2,annealing_125_5,20260727-122841,216,323,1418.47,-630.22,115.0,6.05,1421.71,-635.26,5.99159411175354,matched,1
A2,annealing_150_25,20260917-164036,139,323,1420.96,-635.77,32.0,3.19,1421.71,-635.26,0.9069729874698533,matched,1
A2,annealing_75_25,20260608-115621,304,323,1422.51,-638.81,88.0,5.29,1421.71,-635.26,3.639024594585698,matched,1
A2,annealing_75_5,20260521-181553,301,323,1417.91,-628.12,99.0,5.61,1421.71,-635.26,8.088238374330931,matched,1
A2,before_annealing,20260514-190549,323,323,1421.71,-635.26,188.0,7.74,1421.71,-635.26,0.0,reference,1
A2,annealing_100_25,20260701-110203,237,324,922.94,-636.07,128.0,6.38,922.89,-637.16,1.0911461863562684,matched,2
A2,annealing_100_5,20260617-090129,273,324,923.21,-635.6,196.0,7.9,922.89,-637.16,1.5924823389915073,matched,2
A2,annealing_125_25,20260831-115727,201,324,923.94,-639.96,297.0,9.72,922.89,-637.16,2.9904013108612237,matched,1
A2,annealing_150_25,20260917-164036,138,324,922.51,-636.87,161.0,7.16,922.89,-637.16,0.47801673610865913,matched,2
A2,annealing_75_25,20260608-115621,306,324,924.03,-641.57,166.0,7.27,922.89,-637.16,4.554964324778043,matched,1
A2,before_annealing,20260514-190549,324,324,922.89,-637.16,186.0,7.69,922.89,-637.16,0.0,reference,1
A2,annealing_100_25,20260701-110203,241,325,2307.5,-638.6,93.0,5.44,2308.0,-638.89,0.5780138406647187,matched,1
A2,annealing_100_5,20260617-090129,277,325,2308.04,-638.36,100.0,5.64,2308.0,-638.89,0.5315072906367025,matched,1
A2,annealing_125_25,20260831-115727,203,325,2308.88,-639.13,117.0,6.1,2308.0,-638.89,0.912140340079418,matched,1
A2,annealing_125_5,20260727-122841,219,325,2304.2,-636.61,84.0,5.17,2308.0,-638.89,4.431523440082571,matched,1
A2,annealing_75_25,20260608-115621,302,325,2308.12,-639.65,244.0,8.81,2308.0,-638.89,0.7694153624668277,matched,1
A2,annealing_75_5,20260521-181553,304,325,2304.51,-635.83,245.0,8.83,2308.0,-638.89,4.641519147865076,matched,1
A2,before_annealing,20260514-190549,325,325,2308.0,-638.89,235.0,8.65,2308.0,-638.89,0.0,reference,1
A2,annealing_100_25,20260701-110203,240,326,1475.2,-637.06,58.0,4.3,1475.37,-638.26,1.2119818480489122,matched,1
A2,annealing_100_5,20260617-090129,275,326,1475.28,-636.77,144.0,6.77,1475.37,-638.26,1.4927156460625757,matched,1
A2,annealing_125_5,20260727-122841,218,326,1471.93,-632.05,31.0,3.14,1475.37,-638.26,7.0991337499725455,matched,1
A2,annealing_75_25,20260608-115621,305,326,1476.13,-641.32,153.0,6.98,1475.37,-638.26,3.152966856787539,matched,1
A2,annealing_75_5,20260521-181553,302,326,1471.83,-631.66,157.0,7.07,1475.37,-638.26,7.489432555274134,matched,1
A2,before_annealing,20260514-190549,326,326,1475.37,-638.26,139.0,6.65,1475.37,-638.26,0.0,reference,1
A2,annealing_100_25,20260701-110203,239,327,1733.62,-635.01,65.0,4.55,1733.88,-636.01,1.0332473082472142,matched,1
A2,annealing_100_5,20260617-090129,276,327,1734.43,-635.26,111.0,5.94,1733.88,-636.01,0.9300537618868868,matched,1
A2,annealing_125_25,20260831-115727,204,327,1735.34,-637.51,49.0,3.95,1733.88,-636.01,2.0932271735288177,matched,1
A2,annealing_125_5,20260727-122841,217,327,1731.12,-631.33,46.0,3.83,1733.88,-636.01,5.433231082882518,matched,1
A2,annealing_75_25,20260608-115621,303,327,1734.64,-638.46,105.0,5.78,1733.88,-636.01,2.5651705596315053,matched,1
A2,annealing_75_5,20260521-181553,303,327,1730.24,-630.31,99.0,5.61,1733.88,-636.01,6.76310579541687,matched,1
A2,before_annealing,20260514-190549,327,327,1733.88,-636.01,96.0,5.53,1733.88,-636.01,0.0,reference,1
A2,annealing_100_25,20260701-110203,242,328,1533.88,-652.85,442.0,11.86,1534.21,-654.12,1.3121737689802773,matched,1
A2,annealing_100_5,20260617-090129,278,328,1534.51,-652.51,510.0,12.74,1534.21,-654.12,1.637711818361221,matched,1
A2,annealing_125_25,20260831-115727,205,328,1535.08,-655.18,294.0,9.67,1534.21,-654.12,1.3713132391979939,matched,1
A2,annealing_125_5,20260727-122841,220,328,1530.57,-649.07,342.0,10.43,1534.21,-654.12,6.225118472768231,matched,1
A2,annealing_150_25,20260917-164036,141,328,1533.72,-653.7,193.0,7.84,1534.21,-654.12,0.6453681120104824,matched,1
A2,annealing_75_25,20260608-115621,307,328,1535.07,-656.75,609.0,13.92,1534.21,-654.12,2.767038127673669,matched,1
A2,annealing_75_5,20260521-181553,305,328,1530.49,-647.2,638.0,14.25,1534.21,-654.12,7.85651322152516,matched,1
A2,before_annealing,20260514-190549,328,328,1534.21,-654.12,632.0,14.18,1534.21,-654.12,0.0,reference,1
A2,annealing_100_5,20260617-090129,279,329,1295.0,-647.74,158.0,7.09,1294.49,-650.07,2.385162468260848,matched,1
A2,annealing_75_25,20260608-115621,309,329,1294.96,-653.85,197.0,7.92,1294.49,-650.07,3.809107507015235,matched,1
A2,annealing_75_5,20260521-181553,306,329,1290.51,-642.7,226.0,8.48,1294.49,-650.07,8.375995463227055,matched,1
A2,before_annealing,20260514-190549,329,329,1294.49,-650.07,201.0,8.0,1294.49,-650.07,0.0,reference,1
A2,annealing_100_5,20260617-090129,280,330,2440.3,-646.17,108.0,5.86,2439.53,-646.88,1.0473776778221042,matched,1
A2,annealing_75_25,20260608-115621,308,330,2440.55,-647.14,101.0,5.67,2439.53,-646.88,1.0526157893552415,matched,1
A2,annealing_75_5,20260521-181553,309,330,2436.94,-644.17,90.0,5.35,2439.53,-646.88,3.748626415102064,matched,1
A2,before_annealing,20260514-190549,330,330,2439.53,-646.88,106.0,5.81,2439.53,-646.88,0.0,reference,1
A2,annealing_100_25,20260701-110203,243,331,1031.24,-649.28,128.0,6.38,1031.37,-651.13,1.8545619428857192,matched,2
A2,annealing_100_5,20260617-090129,281,331,1031.27,-649.55,162.0,7.18,1031.37,-651.13,1.583161394173099,matched,2
A2,annealing_125_25,20260831-115727,206,331,1032.83,-652.7,94.0,5.47,1031.37,-651.13,2.143944961980196,matched,1
A2,annealing_150_25,20260917-164036,140,331,1031.27,-650.61,66.0,4.58,1031.37,-651.13,0.529528091794914,matched,2
A2,annealing_75_25,20260608-115621,311,331,1031.94,-655.24,161.0,7.16,1031.37,-651.13,4.149337296484862,matched,1
A2,before_annealing,20260514-190549,331,331,1031.37,-651.13,162.0,7.18,1031.37,-651.13,0.0,reference,1
A2,annealing_100_5,20260617-090129,282,332,1693.66,-648.69,98.0,5.59,1693.94,-650.64,1.9699999999999287,matched,1
A2,annealing_125_5,20260727-122841,222,332,1690.57,-645.08,36.0,3.39,1693.94,-650.64,6.501576731839761,matched,1
A2,annealing_75_25,20260608-115621,310,332,1694.44,-652.31,96.0,5.53,1693.94,-650.64,1.7432441022415257,matched,1
A2,annealing_75_5,20260521-181553,308,332,1689.63,-644.29,90.0,5.35,1693.94,-650.64,7.674542331631237,matched,1
A2,before_annealing,20260514-190549,332,332,1693.94,-650.64,89.0,5.32,1693.94,-650.64,0.0,reference,1
A2,annealing_100_25,20260701-110203,244,333,1199.95,-671.67,94.0,5.47,1199.92,-673.6,1.9302331465396205,matched,1
A2,annealing_100_5,20260617-090129,283,333,1200.38,-671.59,163.0,7.2,1199.92,-673.6,2.0619650821485793,matched,1
A2,annealing_125_25,20260831-115727,207,333,1201.67,-674.61,56.0,4.22,1199.92,-673.6,2.020544481074342,matched,1
A2,annealing_125_5,20260727-122841,223,333,1196.18,-666.67,160.0,7.14,1199.92,-673.6,7.8748015848020545,matched,1
A2,annealing_75_25,20260608-115621,312,333,1200.83,-677.12,491.0,12.5,1199.92,-673.6,3.635725512191426,matched,1
A2,annealing_75_5,20260521-181553,310,333,1196.05,-665.33,444.0,11.89,1199.92,-673.6,9.130706434882276,matched,1
A2,before_annealing,20260514-190549,333,333,1199.92,-673.6,451.0,11.98,1199.92,-673.6,0.0,reference,1
A2,annealing_100_25,20260701-110203,246,334,1674.75,-687.52,271.0,9.29,1675.11,-688.35,0.9047098982546814,matched,1
A2,annealing_100_5,20260617-090129,285,334,1675.41,-686.85,332.0,10.28,1675.11,-688.35,1.5297058540778712,matched,1
A2,annealing_125_25,20260831-115727,209,334,1676.4,-689.36,180.0,7.57,1675.11,-688.35,1.638352831352415,matched,1
A2,annealing_125_5,20260727-122841,225,334,1671.6,-683.57,281.0,9.46,1675.11,-688.35,5.93030353354697,matched,1
A2,annealing_150_25,20260917-164036,142,334,1674.92,-687.89,97.0,5.56,1675.11,-688.35,0.4976946855251398,matched,1
A2,annealing_75_25,20260608-115621,314,334,1675.87,-690.8,440.0,11.83,1675.11,-688.35,2.5651705596313965,matched,1
A2,annealing_75_5,20260521-181553,311,334,1671.29,-682.12,357.0,10.66,1675.11,-688.35,7.307892993195764,matched,1
A2,before_annealing,20260514-190549,334,334,1675.11,-688.35,499.0,12.6,1675.11,-688.35,0.0,reference,1
A2,annealing_100_25,20260701-110203,245,335,2619.54,-684.87,139.0,6.65,2619.86,-685.23,0.4816637831518108,matched,1
A2,annealing_100_5,20260617-090129,284,335,2620.27,-684.67,254.0,8.99,2619.86,-685.23,0.6940461079783871,matched,1
A2,annealing_125_25,20260831-115727,208,335,2620.8,-684.55,113.0,6.0,2619.86,-685.23,1.1601724009819356,matched,1
A2,annealing_125_5,20260727-122841,226,335,2616.36,-684.36,157.0,7.07,2619.86,-685.23,3.6065080063684882,matched,1
A2,annealing_75_25,20260608-115621,313,335,2620.66,-684.83,266.0,9.2,2619.86,-685.23,0.8944271909996616,matched,1
A2,annealing_75_5,20260521-181553,312,335,2617.0,-682.61,233.0,8.61,2619.86,-685.23,3.8786595622715785,matched,1
A2,before_annealing,20260514-190549,335,335,2619.86,-685.23,273.0,9.32,2619.86,-685.23,0.0,reference,1
A2,annealing_100_25,20260701-110203,247,336,1470.81,-688.42,36.0,3.39,1471.31,-689.0,0.7657675887630969,matched,1
A2,annealing_100_5,20260617-090129,287,336,1472.57,-687.7,30.0,3.09,1471.31,-689.0,1.810414317221298,matched,1
A2,annealing_75_25,20260608-115621,315,336,1473.9,-691.4,45.0,3.78,1471.31,-689.0,3.531019682754635,matched,1
A2,annealing_75_5,20260521-181553,314,336,1468.3,-682.4,47.0,3.87,1471.31,-689.0,7.2539713261082195,matched,1
A2,before_annealing,20260514-190549,336,336,1471.31,-689.0,53.0,4.11,1471.31,-689.0,0.0,reference,1
A2,annealing_100_5,20260617-090129,288,337,2136.49,-689.45,97.0,5.56,2136.16,-690.57,1.1676043850551274,matched,1
A2,annealing_125_25,20260831-115727,210,337,2142.68,-687.73,51.0,4.03,2136.16,-690.57,7.111680532757355,matched,1
A2,annealing_75_25,20260608-115621,316,337,2137.41,-691.42,128.0,6.38,2136.16,-690.57,1.5116216457830463,matched,1
A2,annealing_75_5,20260521-181553,315,337,2132.62,-685.85,71.0,4.75,2136.16,-690.57,5.9,matched,1
A2,before_annealing,20260514-190549,337,337,2136.16,-690.57,151.0,6.93,2136.16,-690.57,0.0,reference,1
A2,annealing_100_25,20260701-110203,249,338,1174.0,-692.65,58.0,4.3,1174.68,-693.54,1.1200446419674808,matched,1
A2,annealing_100_5,20260617-090129,286,338,1175.06,-691.62,187.0,7.72,1174.68,-693.54,1.9572429588581366,matched,1
A2,annealing_125_25,20260831-115727,212,338,1174.93,-695.19,63.0,4.48,1174.68,-693.54,1.6688319268279534,matched,1
A2,annealing_125_5,20260727-122841,227,338,1171.28,-687.53,57.0,4.26,1174.68,-693.54,6.905077841704647,matched,1
A2,annealing_75_25,20260608-115621,317,338,1175.87,-696.63,162.0,7.18,1174.68,-693.54,3.3112233388884817,matched,1
A2,annealing_75_5,20260521-181553,313,338,1171.27,-684.89,207.0,8.12,1174.68,-693.54,9.29788147913277,matched,1
A2,before_annealing,20260514-190549,338,338,1174.68,-693.54,175.0,7.46,1174.68,-693.54,0.0,reference,1
A2,annealing_100_25,20260701-110203,250,339,1698.52,-698.85,42.0,3.66,1699.4,-699.77,1.2731064370272098,matched,1
A2,annealing_100_5,20260617-090129,289,339,1698.26,-698.97,46.0,3.83,1699.4,-699.77,1.3926952286843506,matched,1
A2,annealing_125_25,20260831-115727,213,339,1702.71,-701.19,43.0,3.7,1699.4,-699.77,3.601735692690379,matched,1
A2,annealing_125_5,20260727-122841,228,339,1695.91,-695.77,81.0,5.08,1699.4,-699.77,5.308493194871786,matched,1
A2,annealing_150_25,20260917-164036,144,339,1698.85,-699.75,141.0,6.7,1699.4,-699.77,0.5503635162328616,matched,1
A2,annealing_75_25,20260608-115621,318,339,1699.79,-702.59,109.0,5.89,1699.4,-699.77,2.846840353795798,matched,1
A2,annealing_75_5,20260521-181553,316,339,1694.73,-693.98,116.0,6.08,1699.4,-699.77,7.438615462570993,matched,1
A2,before_annealing,20260514-190549,339,339,1699.4,-699.77,223.0,8.43,1699.4,-699.77,0.0,reference,1
A2,annealing_100_25,20260701-110203,251,340,1734.41,-718.44,418.0,11.53,1734.89,-719.64,1.2924395537122244,matched,1
A2,annealing_100_5,20260617-090129,290,340,1735.0,-718.24,740.0,15.35,1734.89,-719.64,1.4043147795276936,matched,1
A2,annealing_125_25,20260831-115727,215,340,1735.94,-720.36,242.0,8.78,1734.89,-719.64,1.2731457104353545,matched,1
A2,annealing_125_5,20260727-122841,229,340,1731.01,-714.98,434.0,11.75,1734.89,-719.64,6.063827174318258,matched,1
A2,annealing_150_25,20260917-164036,145,340,1734.54,-718.79,120.0,6.18,1734.89,-719.64,0.9192388155425848,matched,1
A2,annealing_75_25,20260608-115621,319,340,1735.79,-721.74,670.0,14.6,1734.89,-719.64,2.2847319317591395,matched,1
A2,annealing_75_5,20260521-181553,317,340,1730.83,-713.55,761.0,15.56,1734.89,-719.64,7.31926908919202,matched,1
A2,before_annealing,20260514-190549,340,340,1734.89,-719.64,779.0,15.75,1734.89,-719.64,0.0,reference,1
A2,annealing_100_25,20260701-110203,402,341,716.6,-715.64,284.0,9.51,716.93,-717.46,1.8496756472420062,matched,2
A2,annealing_100_5,20260617-090129,485,341,717.04,-715.74,384.0,11.06,716.93,-717.46,1.7235138525698297,matched,2
A2,annealing_125_25,20260831-115727,214,341,718.15,-719.82,204.0,8.06,716.93,-717.46,2.6566896694947513,matched,1
A2,annealing_150_25,20260917-164036,146,341,715.81,-717.31,72.0,4.79,716.93,-717.46,1.1300000000000165,matched,1
A2,annealing_75_25,20260608-115621,320,341,718.04,-722.4,404.0,11.34,716.93,-717.46,5.0631709431935485,matched,1
A2,before_annealing,20260514-190549,341,341,716.93,-717.46,333.0,10.3,716.93,-717.46,0.0,reference,1
A2,annealing_100_25,20260701-110203,254,342,1496.46,-716.28,41.0,3.61,1496.37,-716.47,0.210237960416398,matched,1
A2,annealing_100_5,20260617-090129,292,342,1496.37,-715.38,127.0,6.36,1496.37,-716.47,1.0900000000000318,matched,1
A2,annealing_125_25,20260831-115727,217,342,1496.94,-717.7,41.0,3.61,1496.37,-716.47,1.3556548233234857,matched,1
A2,annealing_125_5,20260727-122841,232,342,1492.43,-710.65,72.0,4.79,1496.37,-716.47,7.028228795365104,matched,1
A2,annealing_75_25,20260608-115621,321,342,1497.32,-719.6,125.0,6.31,1496.37,-716.47,3.2709937327974288,matched,1
A2,annealing_75_5,20260521-181553,319,342,1492.63,-709.39,120.0,6.18,1496.37,-716.47,8.00712182997105,matched,1
A2,before_annealing,20260514-190549,342,342,1496.37,-716.47,141.0,6.7,1496.37,-716.47,0.0,reference,1
A2,annealing_100_25,20260701-110203,253,343,1026.12,-720.2,278.0,9.41,1026.55,-721.95,1.8020543831971483,matched,2
A2,annealing_100_5,20260617-090129,291,343,1026.4,-720.03,386.0,11.08,1026.55,-721.95,1.925850461484546,matched,2
A2,annealing_125_25,20260831-115727,216,343,1027.48,-723.86,398.0,11.26,1026.55,-721.95,2.12438226315322,matched,1
A2,annealing_75_25,20260608-115621,322,343,1028.46,-726.09,399.0,11.27,1026.55,-721.95,4.559353024278796,matched,1
A2,before_annealing,20260514-190549,343,343,1026.55,-721.95,502.0,12.64,1026.55,-721.95,0.0,reference,1
A2,annealing_100_25,20260701-110203,255,344,400.04,-721.31,92.0,5.41,399.39,-722.79,1.616446720433463,matched,1
A2,annealing_100_5,20260617-090129,293,344,399.24,-720.74,37.0,3.43,399.39,-722.79,2.0554804791093995,matched,1
A2,annealing_75_25,20260608-115621,323,344,400.68,-728.29,82.0,5.11,399.39,-722.79,5.649256588260092,matched,1
A2,before_annealing,20260514-190549,344,344,399.39,-722.79,58.0,4.3,399.39,-722.79,0.0,reference,1
A2,annealing_100_5,20260617-090129,294,345,1315.6,-729.01,135.0,6.56,1315.22,-730.81,1.8396738841435312,matched,1
A2,annealing_75_25,20260608-115621,325,345,1316.21,-734.33,158.0,7.09,1315.22,-730.81,3.65656943049092,matched,1
A2,annealing_75_5,20260521-181553,321,345,1310.94,-722.98,138.0,6.63,1315.22,-730.81,8.923413024174025,matched,1
A2,before_annealing,20260514-190549,345,345,1315.22,-730.81,156.0,7.05,1315.22,-730.81,0.0,reference,1
A2,annealing_100_25,20260701-110203,256,346,2677.83,-740.88,512.0,12.77,2678.43,-741.15,0.6579513659837488,matched,1
A2,annealing_100_5,20260617-090129,295,346,2678.57,-740.67,581.0,13.6,2678.43,-741.15,0.5000000000001091,matched,1
A2,annealing_125_25,20260831-115727,219,346,2679.02,-740.99,205.0,8.08,2678.43,-741.15,0.6113100686232491,matched,1
A2,annealing_125_5,20260727-122841,233,346,2673.9,-740.64,202.0,8.02,2678.43,-741.15,4.55861821169504,matched,1
A2,annealing_75_25,20260608-115621,324,346,2679.1,-740.62,614.0,13.98,2678.43,-741.15,0.8542833253669818,matched,1
A2,annealing_75_5,20260521-181553,322,346,2675.17,-739.06,727.0,15.21,2678.43,-741.15,3.8724281788044297,matched,1
A2,before_annealing,20260514-190549,346,346,2678.43,-741.15,721.0,15.15,2678.43,-741.15,0.0,reference,1
A2,annealing_100_25,20260701-110203,403,347,705.79,-736.18,638.0,14.25,706.05,-737.84,1.6802380783687374,matched,2
A2,annealing_100_5,20260617-090129,486,347,706.09,-736.1,560.0,13.35,706.05,-737.84,1.74045970938716,matched,1
A2,annealing_75_25,20260608-115621,326,347,707.13,-743.13,181.0,7.59,706.05,-737.84,5.39912029871531,matched,1
A2,before_annealing,20260514-190549,347,347,706.05,-737.84,219.0,8.35,706.05,-737.84,0.0,reference,1
A2,annealing_100_25,20260701-110203,257,348,1740.12,-751.55,101.0,5.67,1739.95,-752.94,1.4003570973149047,matched,1
A2,annealing_100_5,20260617-090129,296,348,1740.18,-751.58,373.0,10.9,1739.95,-752.94,1.3793114224133887,matched,1
A2,annealing_125_5,20260727-122841,235,348,1736.09,-748.3,202.0,8.02,1739.95,-752.94,6.0356606929152266,matched,1
A2,annealing_75_25,20260608-115621,327,348,1741.01,-755.03,376.0,10.94,1739.95,-752.94,2.343437645852678,matched,1
A2,annealing_75_5,20260521-181553,324,348,1735.71,-746.67,216.0,8.29,1739.95,-752.94,7.569048817387907,matched,1
A2,before_annealing,20260514-190549,348,348,1739.95,-752.94,247.0,8.87,1739.95,-752.94,0.0,reference,1
A2,annealing_100_25,20260701-110203,258,349,908.14,-750.05,54.0,4.15,907.68,-751.61,1.6264070831130248,matched,2
A2,annealing_100_5,20260617-090129,297,349,907.76,-749.9,74.0,4.85,907.68,-751.61,1.7118703221915295,matched,2
A2,annealing_125_25,20260831-115727,220,349,910.18,-753.13,79.0,5.01,907.68,-751.61,2.9258161254596886,matched,1
A2,annealing_75_25,20260608-115621,328,349,909.49,-756.07,67.0,4.62,907.68,-751.61,4.813283702421928,matched,1
A2,before_annealing,20260514-190549,349,349,907.68,-751.61,176.0,7.48,907.68,-751.61,0.0,reference,1
A2,annealing_125_5,20260727-122841,236,350,1303.55,-747.57,33.0,3.24,1307.76,-753.82,7.535688422433633,matched,1
A2,annealing_75_5,20260521-181553,325,350,1304.4,-747.04,30.0,3.09,1307.76,-753.82,7.566901611624172,matched,1
A2,before_annealing,20260514-190549,350,350,1307.76,-753.82,32.0,3.19,1307.76,-753.82,0.0,reference,1
A2,annealing_100_25,20260701-110203,259,351,1459.18,-759.33,175.0,7.46,1459.26,-760.83,1.502131818450028,matched,1
A2,annealing_100_5,20260617-090129,298,351,1459.25,-759.44,192.0,7.82,1459.26,-760.83,1.3900359707575778,matched,1
A2,annealing_125_25,20260831-115727,221,351,1460.28,-762.15,152.0,6.96,1459.26,-760.83,1.6681726529348797,matched,1
A2,annealing_125_5,20260727-122841,237,351,1455.78,-755.62,151.0,6.93,1459.26,-760.83,6.265341171875679,matched,1
A2,annealing_150_25,20260917-164036,148,351,1458.53,-760.21,93.0,5.44,1459.26,-760.83,0.9577577981932761,matched,1
A2,annealing_75_25,20260608-115621,329,351,1460.04,-763.58,275.0,9.36,1459.26,-760.83,2.8584786163272162,matched,1
A2,annealing_75_5,20260521-181553,326,351,1454.91,-753.37,269.0,9.25,1459.26,-760.83,8.635629681731364,matched,1
A2,before_annealing,20260514-190549,351,351,1459.26,-760.83,277.0,9.39,1459.26,-760.83,0.0,reference,1
A2,annealing_100_5,20260617-090129,299,352,2164.13,-758.94,59.0,4.33,2163.52,-760.94,2.0909567188251783,matched,1
A2,annealing_75_5,20260521-181553,328,352,2160.94,-756.68,35.0,3.34,2163.52,-760.94,4.9803614326673635,matched,1
A2,before_annealing,20260514-190549,352,352,2163.52,-760.94,32.0,3.19,2163.52,-760.94,0.0,reference,1
A2,annealing_100_25,20260701-110203,260,353,822.83,-776.45,368.0,10.82,822.9,-778.2,1.75139944044755,matched,2
A2,annealing_100_5,20260617-090129,301,353,823.24,-776.26,460.0,12.1,822.9,-778.2,1.9695684806576879,matched,2
A2,annealing_125_25,20260831-115727,223,353,824.13,-780.71,138.0,6.63,822.9,-778.2,2.7951744131627994,matched,1
A2,annealing_150_25,20260917-164036,150,353,822.18,-778.02,78.0,4.98,822.9,-778.2,0.7421590126112209,matched,1
A2,annealing_75_25,20260608-115621,331,353,824.31,-782.85,430.0,11.7,822.9,-778.2,4.8590739858536525,matched,1
A2,before_annealing,20260514-190549,353,353,822.9,-778.2,416.0,11.51,822.9,-778.2,0.0,reference,1
A2,annealing_100_25,20260701-110203,261,354,881.28,-768.53,107.0,5.84,882.27,-770.86,2.5316002844051444,matched,2
A2,annealing_100_5,20260617-090129,300,354,881.94,-768.31,114.0,6.02,882.27,-770.86,2.571264280465993,matched,2
A2,annealing_125_25,20260831-115727,222,354,883.21,-772.14,81.0,5.08,882.27,-770.86,1.5880806024884357,matched,1
A2,annealing_150_25,20260917-164036,149,354,882.55,-770.79,49.0,3.95,882.27,-770.86,0.2886173937932219,matched,1
A2,annealing_75_25,20260608-115621,332,354,883.36,-775.17,97.0,5.56,882.27,-770.86,4.4456945464122475,matched,1
A2,before_annealing,20260514-190549,354,354,882.27,-770.86,99.0,5.61,882.27,-770.86,0.0,reference,1
A2,annealing_100_25,20260701-110203,262,355,2262.16,-776.9,219.0,8.35,2262.89,-776.93,0.7306161783043302,matched,1
A2,annealing_100_5,20260617-090129,302,355,2262.86,-776.26,270.0,9.27,2262.89,-776.93,0.6706713054842364,matched,1
A2,annealing_125_5,20260727-122841,240,355,2258.47,-774.42,45.0,3.78,2262.89,-776.93,5.0829617350517795,matched,1
A2,annealing_75_25,20260608-115621,330,355,2263.72,-777.85,237.0,8.69,2262.89,-776.93,1.2390722335683313,matched,1
A2,annealing_75_5,20260521-181553,330,355,2259.11,-773.23,40.0,3.57,2262.89,-776.93,5.289461220199801,matched,1
A2,before_annealing,20260514-190549,355,355,2262.89,-776.93,56.0,4.22,2262.89,-776.93,0.0,reference,1
A2,annealing_100_25,20260701-110203,263,356,1268.22,-792.53,465.0,12.17,1268.61,-793.85,1.3764083696345473,matched,1
A2,annealing_100_5,20260617-090129,304,356,1268.68,-792.02,508.0,12.72,1268.61,-793.85,1.8313383084510007,matched,1
A2,annealing_125_25,20260831-115727,225,356,1270.23,-795.48,295.0,9.69,1268.61,-793.85,2.298107917396476,matched,1
A2,annealing_125_5,20260727-122841,241,356,1264.43,-787.57,221.0,8.39,1268.61,-793.85,7.543924708001684,matched,1
A2,annealing_150_25,20260917-164036,151,356,1268.1,-793.32,126.0,6.33,1268.61,-793.85,0.7355270219373057,matched,1
A2,annealing_75_25,20260608-115621,334,356,1269.69,-797.21,467.0,12.19,1268.61,-793.85,3.5293058807647184,matched,1
A2,annealing_75_5,20260521-181553,332,356,1264.32,-785.83,517.0,12.83,1268.61,-793.85,9.095300984574363,matched,1
A2,before_annealing,20260514-190549,356,356,1268.61,-793.85,671.0,14.61,1268.61,-793.85,0.0,reference,1
A2,annealing_100_5,20260617-090129,303,357,2322.0,-779.82,66.0,4.58,2322.0,-780.74,0.9199999999999591,matched,1
A2,annealing_75_5,20260521-181553,331,357,2318.31,-777.12,66.0,4.58,2322.0,-780.74,5.169187557053858,matched,1
A2,before_annealing,20260514-190549,357,357,2322.0,-780.74,64.0,4.51,2322.0,-780.74,0.0,reference,1
A2,annealing_100_25,20260701-110203,266,358,1333.66,-795.25,278.0,9.41,1333.94,-796.7,1.4767870530310443,matched,1
A2,annealing_100_5,20260617-090129,308,358,1334.03,-794.67,267.0,9.22,1333.94,-796.7,2.0319940944796904,matched,1
A2,annealing_125_25,20260831-115727,228,358,1335.07,-798.21,124.0,6.28,1333.94,-796.7,1.8860010604450108,matched,1
A2,annealing_125_5,20260727-122841,243,358,1329.74,-790.73,348.0,10.52,1333.94,-796.7,7.299376685717809,matched,1
A2,annealing_75_25,20260608-115621,338,358,1335.08,-799.67,279.0,9.42,1333.94,-796.7,3.1812733299732665,matched,1
A2,annealing_75_5,20260521-181553,334,358,1329.55,-788.87,331.0,10.26,1333.94,-796.7,8.976692041058417,matched,1
A2,before_annealing,20260514-190549,358,358,1333.94,-796.7,863.0,16.57,1333.94,-796.7,0.0,reference,1
A2,annealing_100_25,20260701-110203,264,359,2241.47,-793.28,243.0,8.79,2242.03,-793.94,0.8655634003356174,matched,1
A2,annealing_100_5,20260617-090129,305,359,2241.96,-792.93,290.0,9.61,2242.03,-793.94,1.0124228365659451,matched,1
A2,annealing_125_25,20260831-115727,226,359,2242.69,-792.98,62.0,4.44,2242.03,-793.94,1.1649892703368034,matched,1
A2,annealing_125_5,20260727-122841,244,359,2237.17,-791.57,250.0,8.92,2242.03,-793.94,5.407078693712647,matched,1
A2,annealing_150_25,20260917-164036,153,359,2241.13,-793.65,67.0,4.62,2242.03,-793.94,0.9455686120003183,matched,1
A2,annealing_75_25,20260608-115621,335,359,2242.84,-794.69,290.0,9.61,2242.03,-793.94,1.103902169578406,matched,1
A2,annealing_75_5,20260521-181553,335,359,2238.42,-789.97,300.0,9.77,2242.03,-793.94,5.3659109198719595,matched,1
A2,before_annealing,20260514-190549,359,359,2242.03,-793.94,295.0,9.69,2242.03,-793.94,0.0,reference,1
A2,annealing_100_25,20260701-110203,265,360,2424.69,-793.74,225.0,8.46,2425.27,-794.23,0.759275970909079,matched,1
A2,annealing_100_5,20260617-090129,306,360,2425.21,-793.62,316.0,10.03,2425.27,-794.23,0.6129437168288864,matched,1
A2,annealing_125_25,20260831-115727,224,360,2426.2,-794.09,490.0,12.49,2425.27,-794.23,0.9404786015639546,matched,1
A2,annealing_125_5,20260727-122841,245,360,2420.81,-792.72,219.0,8.35,2425.27,-794.23,4.708683467807142,matched,1
A2,annealing_75_25,20260608-115621,336,360,2426.11,-794.47,314.0,10.0,2425.27,-794.23,0.8736131867138046,matched,1
A2,annealing_75_5,20260521-181553,336,360,2421.87,-791.08,243.0,8.79,2425.27,-794.23,4.634921790062965,matched,1
A2,before_annealing,20260514-190549,360,360,2425.27,-794.23,298.0,9.74,2425.27,-794.23,0.0,reference,1
A2,annealing_125_25,20260831-115727,227,361,584.1,-797.04,66.0,4.58,582.74,-794.13,3.2121176815303407,matched,1
A2,before_annealing,20260514-190549,361,361,582.74,-794.13,168.0,7.31,582.74,-794.13,0.0,reference,1
A2,annealing_100_25,20260701-110203,268,362,2345.79,-797.13,157.0,7.07,2346.28,-798.11,1.095673308975019,matched,1
A2,annealing_100_5,20260617-090129,309,362,2346.27,-797.43,290.0,9.61,2346.28,-798.11,0.6800735254368391,matched,1
A2,annealing_125_25,20260831-115727,229,362,2347.2,-798.39,133.0,6.51,2346.28,-798.11,0.9616652224133313,matched,1
A2,annealing_125_5,20260727-122841,247,362,2341.88,-796.27,173.0,7.42,2346.28,-798.11,4.769234739452538,matched,1
A2,annealing_150_25,20260917-164036,154,362,2346.41,-797.81,82.0,5.11,2346.28,-798.11,0.32695565448536146,matched,1
A2,annealing_75_25,20260608-115621,337,362,2347.22,-798.64,352.0,10.59,2346.28,-798.11,1.0791200118611548,matched,1
A2,annealing_75_5,20260521-181553,337,362,2342.68,-794.53,308.0,9.9,2346.28,-798.11,5.077046385449212,matched,1
A2,before_annealing,20260514-190549,362,362,2346.28,-798.11,390.0,11.14,2346.28,-798.11,0.0,reference,1
A2,annealing_100_25,20260701-110203,269,363,2141.49,-798.98,119.0,6.15,2142.13,-799.58,0.8772684879787067,matched,1
A2,annealing_100_5,20260617-090129,310,363,2142.08,-797.98,162.0,7.18,2142.13,-799.58,1.6007810593582406,matched,1
A2,annealing_125_25,20260831-115727,230,363,2143.03,-798.47,36.0,3.39,2142.13,-799.58,1.4290206436578143,matched,1
A2,annealing_125_5,20260727-122841,248,363,2137.22,-796.28,102.0,5.7,2142.13,-799.58,5.915919201612162,matched,1
A2,annealing_150_25,20260917-164036,155,363,2141.29,-799.12,32.0,3.19,2142.13,-799.58,0.9577055915051754,matched,1
A2,annealing_75_25,20260608-115621,339,363,2143.47,-800.25,134.0,6.53,2142.13,-799.58,1.498165544924564,matched,1
A2,annealing_75_5,20260521-181553,338,363,2138.64,-794.85,245.0,8.83,2142.13,-799.58,5.878179990439373,matched,1
A2,before_annealing,20260514-190549,363,363,2142.13,-799.58,220.0,8.37,2142.13,-799.58,0.0,reference,1
A2,annealing_100_25,20260701-110203,271,364,1690.92,-806.9,108.0,5.86,1691.1,-807.72,0.839523674472628,matched,1
A2,annealing_100_5,20260617-090129,312,364,1691.47,-806.43,134.0,6.53,1691.1,-807.72,1.342013412749771,matched,1
A2,annealing_125_5,20260727-122841,249,364,1687.36,-803.28,157.0,7.07,1691.1,-807.72,5.805273464704359,matched,1
A2,annealing_75_25,20260608-115621,341,364,1692.8,-810.49,112.0,5.97,1691.1,-807.72,3.250061537878945,matched,1
A2,annealing_75_5,20260521-181553,339,364,1687.38,-801.74,144.0,6.77,1691.1,-807.72,7.042641549873082,matched,1
A2,before_annealing,20260514-190549,364,364,1691.1,-807.72,119.0,6.15,1691.1,-807.72,0.0,reference,1
A2,annealing_100_25,20260701-110203,272,365,752.92,-805.94,30.0,3.09,752.75,-808.08,2.1467417171145504,matched,1
A2,annealing_100_5,20260617-090129,313,365,753.81,-804.79,31.0,3.14,752.75,-808.08,3.4565445172889633,matched,1
A2,annealing_125_25,20260831-115727,231,365,754.83,-808.97,33.0,3.24,752.75,-808.08,2.2624102192131614,matched,1
A2,annealing_125_5,20260727-122841,250,365,749.08,-799.51,33.0,3.24,752.75,-808.08,9.322757102917599,matched,1
A2,annealing_150_25,20260917-164036,156,365,753.13,-807.72,35.0,3.34,752.75,-808.08,0.5234500931321021,matched,1
A2,before_annealing,20260514-190549,365,365,752.75,-808.08,57.0,4.26,752.75,-808.08,0.0,reference,1
A2,annealing_100_25,20260701-110203,273,366,1058.03,-816.31,64.0,4.51,1058.34,-817.61,1.336450522840312,matched,2
A2,annealing_100_5,20260617-090129,314,366,1058.5,-816.09,202.0,8.02,1058.34,-817.61,1.5283978539634144,matched,2
A2,annealing_125_25,20260831-115727,233,366,1059.41,-820.03,65.0,4.55,1058.34,-817.61,2.6459969765667064,matched,1
A2,annealing_150_25,20260917-164036,157,366,1058.94,-817.2,42.0,3.66,1058.34,-817.61,0.7267048919610611,matched,1
A2,annealing_75_25,20260608-115621,343,366,1059.94,-821.63,152.0,6.96,1058.34,-817.61,4.326707755326247,matched,1
A2,before_annealing,20260514-190549,366,366,1058.34,-817.61,192.0,7.82,1058.34,-817.61,0.0,reference,1
A2,annealing_125_5,20260727-122841,253,367,1588.75,-810.01,44.0,3.74,1594.46,-815.19,7.709507117838408,matched,1
A2,annealing_75_25,20260608-115621,342,367,1595.0,-817.81,45.0,3.78,1594.46,-815.19,2.6750700925395186,matched,1
A2,annealing_75_5,20260521-181553,341,367,1589.15,-807.86,39.0,3.52,1594.46,-815.19,9.051243008559654,matched,1
A2,before_annealing,20260514-190549,367,367,1594.46,-815.19,35.0,3.34,1594.46,-815.19,0.0,reference,1
A2,annealing_100_5,20260617-090129,315,368,1752.07,-817.96,85.0,5.2,1752.14,-818.65,0.6935416353759458,matched,1
A2,annealing_75_25,20260608-115621,344,368,1753.8,-820.66,71.0,4.75,1752.14,-818.65,2.6068563443349695,matched,1
A2,annealing_75_5,20260521-181553,342,368,1748.0,-812.8,50.0,3.99,1752.14,-818.65,7.16673565858272,matched,1
A2,before_annealing,20260514-190549,368,368,1752.14,-818.65,68.0,4.65,1752.14,-818.65,0.0,reference,1
A2,annealing_100_25,20260701-110203,274,369,680.27,-828.21,73.0,4.82,680.92,-830.72,2.5927977167530685,matched,2
A2,annealing_100_5,20260617-090129,316,369,680.23,-828.28,120.0,6.18,680.92,-830.72,2.53568531170573,matched,2
A2,annealing_75_25,20260608-115621,347,369,682.49,-835.63,50.0,3.99,680.92,-830.72,5.154900581000554,matched,1
A2,before_annealing,20260514-190549,369,369,680.92,-830.72,84.0,5.17,680.92,-830.72,0.0,reference,1
A2,annealing_100_25,20260701-110203,275,370,1553.04,-837.36,365.0,10.78,1553.2,-838.58,1.2304470732217996,matched,1
A2,annealing_100_5,20260617-090129,319,370,1553.43,-837.06,196.0,7.9,1553.2,-838.58,1.537302832886318,matched,1
A2,annealing_125_25,20260831-115727,234,370,1554.38,-839.53,269.0,9.25,1553.2,-838.58,1.5148927354766808,matched,1
A2,annealing_125_5,20260727-122841,254,370,1548.55,-833.43,304.0,9.84,1553.2,-838.58,6.93865981296113,matched,1
A2,annealing_150_25,20260917-164036,158,370,1554.04,-838.15,31.0,3.14,1553.2,-838.58,0.9436630754670425,matched,1
A2,annealing_75_25,20260608-115621,346,370,1554.77,-841.39,510.0,12.74,1553.2,-838.58,3.2188507265792077,matched,2
A2,annealing_75_5,20260521-181553,344,370,1548.83,-831.67,347.0,10.51,1553.2,-838.58,8.17587915761982,matched,1
A2,before_annealing,20260514-190549,370,370,1553.2,-838.58,567.0,13.43,1553.2,-838.58,0.0,reference,1
A2,annealing_100_25,20260701-110203,276,371,2608.62,-836.9,131.0,6.46,2609.24,-837.2,0.688767014308834,matched,1
A2,annealing_100_5,20260617-090129,318,371,2609.86,-835.89,138.0,6.63,2609.24,-837.2,1.4493101807413702,matched,1
A2,annealing_125_25,20260831-115727,235,371,2610.81,-835.99,47.0,3.87,2609.24,-837.2,1.9821705274775432,matched,1
A2,annealing_125_5,20260727-122841,255,371,2604.68,-835.75,93.0,5.44,2609.24,-837.2,4.784986938331142,matched,1
A2,annealing_75_25,20260608-115621,345,371,2610.18,-836.37,161.0,7.16,2609.24,-837.2,1.2539936203985131,matched,1
A2,annealing_75_5,20260521-181553,346,371,2606.11,-834.62,155.0,7.02,2609.24,-837.2,4.0562667565136845,matched,1
A2,before_annealing,20260514-190549,371,371,2609.24,-837.2,181.0,7.59,2609.24,-837.2,0.0,reference,1
A2,annealing_100_25,20260701-110203,277,372,1316.65,-844.84,217.0,8.31,1316.93,-846.2,1.3885243966167904,matched,1
A2,annealing_100_5,20260617-090129,320,372,1317.09,-844.33,355.0,10.63,1316.93,-846.2,1.876832437912338,matched,1
A2,annealing_125_25,20260831-115727,237,372,1318.24,-847.42,353.0,10.6,1316.93,-846.2,1.790111728356542,matched,1
A2,annealing_125_5,20260727-122841,256,372,1312.87,-840.28,195.0,7.88,1316.93,-846.2,7.178439941937403,matched,1
A2,annealing_75_25,20260608-115621,348,372,1318.32,-849.36,349.0,10.54,1316.93,-846.2,3.4522021957005133,matched,1
A2,annealing_75_5,20260521-181553,345,372,1312.48,-838.39,343.0,10.45,1316.93,-846.2,8.988804147382528,matched,1
A2,before_annealing,20260514-190549,372,372,1316.93,-846.2,339.0,10.39,1316.93,-846.2,0.0,reference,1
A2,annealing_100_25,20260701-110203,278,373,2256.23,-854.27,330.0,10.25,2256.76,-854.96,0.8700574693664134,matched,1
A2,annealing_100_5,20260617-090129,321,373,2256.87,-854.39,445.0,11.9,2256.76,-854.96,0.5805170109479868,matched,1
A2,annealing_125_25,20260831-115727,238,373,2257.4,-855.78,201.0,8.0,2256.76,-854.96,1.040192289915539,matched,1
A2,annealing_125_5,20260727-122841,257,373,2251.84,-853.66,300.0,9.77,2256.76,-854.96,5.08885055783729,matched,1
A2,annealing_150_25,20260917-164036,160,373,2255.8,-855.99,69.0,4.69,2256.76,-854.96,1.408012784032877,matched,1
A2,annealing_75_25,20260608-115621,349,373,2258.05,-855.27,374.0,10.91,2256.76,-854.96,1.326725291836962,matched,1
A2,annealing_75_5,20260521-181553,347,373,2252.94,-851.48,470.0,12.23,2256.76,-854.96,5.167475205552647,matched,1
A2,before_annealing,20260514-190549,373,373,2256.76,-854.96,518.0,12.84,2256.76,-854.96,0.0,reference,1
A2,annealing_100_25,20260701-110203,279,374,2345.28,-858.56,446.0,11.91,2345.84,-859.0,0.7121797525905851,matched,1
A2,annealing_100_5,20260617-090129,323,374,2345.77,-858.28,477.0,12.32,2345.84,-859.0,0.723394774656316,matched,1
A2,annealing_125_25,20260831-115727,240,374,2347.06,-859.03,170.0,7.36,2345.84,-859.0,1.220368796716595,matched,1
A2,annealing_125_5,20260727-122841,258,374,2341.26,-857.34,229.0,8.54,2345.84,-859.0,4.8715500613253715,matched,1
A2,annealing_150_25,20260917-164036,161,374,2345.85,-858.86,92.0,5.41,2345.84,-859.0,0.14035668847615154,matched,1
A2,annealing_75_25,20260608-115621,350,374,2347.01,-859.44,524.0,12.91,2345.84,-859.0,1.2500000000000873,matched,1
A2,annealing_75_5,20260521-181553,350,374,2342.14,-855.6,368.0,10.82,2345.84,-859.0,5.024937810560631,matched,1
A2,before_annealing,20260514-190549,374,374,2345.84,-859.0,427.0,11.66,2345.84,-859.0,0.0,reference,1
A2,annealing_100_5,20260617-090129,322,375,1863.53,-849.01,107.0,5.84,1863.54,-850.64,1.6300306745579929,matched,1
A2,annealing_125_25,20260831-115727,239,375,1864.53,-851.5,32.0,3.19,1863.54,-850.64,1.3113733259449962,matched,1
A2,annealing_150_25,20260917-164036,159,375,1863.96,-852.57,33.0,3.24,1863.54,-850.64,1.9751708786837423,matched,1
A2,annealing_75_25,20260608-115621,351,375,1864.56,-852.01,112.0,5.97,1863.54,-850.64,1.7080105386091666,matched,1
A2,annealing_75_5,20260521-181553,348,375,1859.3,-844.81,126.0,6.33,1863.54,-850.64,7.2087793696298235,matched,1
A2,before_annealing,20260514-190549,375,375,1863.54,-850.64,126.0,6.33,1863.54,-850.64,0.0,reference,1
A2,annealing_100_25,20260701-110203,280,376,1545.16,-873.87,531.0,13.0,1545.45,-875.23,1.3905754204644982,matched,1
A2,annealing_100_5,20260617-090129,324,376,1545.47,-873.66,606.0,13.89,1545.45,-875.23,1.5701273833673994,matched,1
A2,annealing_125_25,20260831-115727,241,376,1546.87,-876.33,217.0,8.31,1545.45,-875.23,1.796218249545308,matched,1
A2,annealing_125_5,20260727-122841,260,376,1541.18,-869.84,308.0,9.9,1545.45,-875.23,6.876408946535953,matched,1
A2,annealing_150_25,20260917-164036,163,376,1545.1,-874.72,128.0,6.38,1545.45,-875.23,0.6185466837677542,matched,1
A2,annealing_75_25,20260608-115621,352,376,1546.94,-877.72,544.0,13.16,1545.45,-875.23,2.901758087780591,matched,1
A2,annealing_75_5,20260521-181553,352,376,1540.83,-868.34,555.0,13.29,1545.45,-875.23,8.29557110752484,matched,1
A2,before_annealing,20260514-190549,376,376,1545.45,-875.23,554.0,13.28,1545.45,-875.23,0.0,reference,1
A2,annealing_100_25,20260701-110203,281,377,628.57,-872.02,151.0,6.93,628.97,-873.79,1.8146349495146172,matched,1
A2,annealing_100_5,20260617-090129,325,377,629.05,-871.94,239.0,8.72,628.97,-873.79,1.8517289218456496,matched,1
A2,annealing_125_25,20260831-115727,242,377,630.51,-876.34,134.0,6.53,628.97,-873.79,2.9789427654790948,matched,1
A2,annealing_150_25,20260917-164036,162,377,628.54,-872.84,95.0,5.5,628.97,-873.79,1.042784733298261,matched,1
A2,annealing_75_25,20260608-115621,353,377,630.58,-878.81,185.0,7.67,628.97,-873.79,5.271859254570427,matched,1
A2,before_annealing,20260514-190549,377,377,628.97,-873.79,238.0,8.7,628.97,-873.79,0.0,reference,1
A2,annealing_100_25,20260701-110203,282,378,2565.11,-883.21,47.0,3.87,2565.06,-883.93,0.7217340230305717,matched,1
A2,annealing_100_5,20260617-090129,327,378,2565.48,-883.71,66.0,4.58,2565.06,-883.93,0.4741307836452123,matched,1
A2,annealing_125_25,20260831-115727,243,378,2566.39,-884.1,50.0,3.99,2565.06,-883.93,1.340820644232416,matched,1
A2,annealing_125_5,20260727-122841,262,378,2560.06,-883.6,119.0,6.15,2565.06,-883.93,5.010878166549248,matched,1
A2,annealing_75_25,20260608-115621,354,378,2566.21,-884.06,78.0,4.98,2565.06,-883.93,1.1573245007344344,matched,1
A2,annealing_75_5,20260521-181553,354,378,2561.25,-881.6,269.0,9.25,2565.06,-883.93,4.465982534672437,matched,1
A2,before_annealing,20260514-190549,378,378,2565.06,-883.93,283.0,9.49,2565.06,-883.93,0.0,reference,1
A2,annealing_100_5,20260617-090129,326,379,1094.54,-882.77,54.0,4.15,1094.75,-885.56,2.7978920636793356,matched,2
A2,annealing_75_25,20260608-115621,355,379,1096.56,-888.92,89.0,5.32,1094.75,-885.56,3.8165036355281905,matched,1
A2,before_annealing,20260514-190549,379,379,1094.75,-885.56,77.0,4.95,1094.75,-885.56,0.0,reference,1
A2,before_annealing,20260514-190549,380,380,346.6,-888.4,141.0,6.7,346.6,-888.4,0.0,reference,1
A2,annealing_100_25,20260701-110203,283,381,1746.97,-910.45,288.0,9.57,1747.29,-911.9,1.48489056835841,matched,1
A2,annealing_100_5,20260617-090129,328,381,1747.39,-910.39,338.0,10.37,1747.29,-911.9,1.5133076356114774,matched,1
A2,annealing_125_25,20260831-115727,246,381,1748.73,-912.6,242.0,8.78,1747.29,-911.9,1.6011246047701038,matched,1
A2,annealing_125_5,20260727-122841,263,381,1743.04,-907.18,384.0,11.06,1747.29,-911.9,6.351448653653768,matched,1
A2,annealing_150_25,20260917-164036,165,381,1746.91,-910.94,88.0,5.29,1747.29,-911.9,1.0324727599311092,matched,1
A2,annealing_75_25,20260608-115621,357,381,1748.87,-913.81,374.0,10.91,1747.29,-911.9,2.4788101984620865,matched,1
A2,annealing_75_5,20260521-181553,355,381,1742.78,-905.82,404.0,11.34,1747.29,-911.9,7.570105679579317,matched,1
A2,before_annealing,20260514-190549,381,381,1747.29,-911.9,383.0,11.04,1747.29,-911.9,0.0,reference,1
A2,annealing_100_5,20260617-090129,329,382,2047.25,-908.64,31.0,3.14,2047.72,-911.77,3.1650908359792767,matched,1
A2,annealing_75_25,20260608-115621,359,382,2048.38,-911.69,43.0,3.7,2047.72,-911.77,0.664830805543859,matched,1
A2,annealing_75_5,20260521-181553,356,382,2043.16,-906.12,46.0,3.83,2047.72,-911.77,7.260585375849474,matched,1
A2,before_annealing,20260514-190549,382,382,2047.72,-911.77,32.0,3.19,2047.72,-911.77,0.0,reference,1
A2,annealing_100_25,20260701-110203,285,383,2360.58,-915.59,48.0,3.91,2361.5,-915.63,0.9208691546577782,matched,1
A2,annealing_100_5,20260617-090129,330,383,2361.42,-914.5,84.0,5.17,2361.5,-915.63,1.1328283188550585,matched,1
A2,annealing_125_25,20260831-115727,247,383,2362.4,-915.29,59.0,4.33,2361.5,-915.63,0.9620810776645518,matched,1
A2,annealing_125_5,20260727-122841,264,383,2355.96,-914.02,60.0,4.37,2361.5,-915.63,5.769202717880491,matched,1
A2,annealing_75_25,20260608-115621,358,383,2362.69,-915.41,124.0,6.28,2361.5,-915.63,1.2101652779683203,matched,1
A2,annealing_75_5,20260521-181553,357,383,2357.15,-912.42,86.0,5.23,2361.5,-915.63,5.406163149591348,matched,1
A2,before_annealing,20260514-190549,383,383,2361.5,-915.63,91.0,5.38,2361.5,-915.63,0.0,reference,1
A2,annealing_75_5,20260521-181553,359,384,1972.75,-912.0,48.0,3.91,1977.02,-915.87,5.762794461023218,matched,1
A2,before_annealing,20260514-190549,384,384,1977.02,-915.87,31.0,3.14,1977.02,-915.87,0.0,reference,1
A2,annealing_100_5,20260617-090129,331,385,1345.33,-915.98,59.0,4.33,1345.41,-920.07,4.090782321268181,matched,1
A2,annealing_75_25,20260608-115621,360,385,1347.75,-921.95,59.0,4.33,1345.41,-920.07,3.00166620396066,matched,1
A2,annealing_75_5,20260521-181553,358,385,1340.69,-911.77,43.0,3.7,1345.41,-920.07,9.548214492773054,matched,1
A2,before_annealing,20260514-190549,385,385,1345.41,-920.07,54.0,4.15,1345.41,-920.07,0.0,reference,1
A2,annealing_100_25,20260701-110203,286,386,912.71,-924.4,44.0,3.74,912.83,-926.44,2.0435263639112455,matched,2
A2,annealing_100_5,20260617-090129,332,386,912.69,-924.36,118.0,6.13,912.83,-926.44,2.0847062143141817,matched,2
A2,annealing_125_25,20260831-115727,248,386,914.23,-928.47,42.0,3.66,912.83,-926.44,2.46594809353316,matched,1
A2,annealing_150_25,20260917-164036,166,386,912.51,-925.06,84.0,5.17,912.83,-926.44,1.4166156853573002,matched,2
A2,annealing_75_25,20260608-115621,361,386,914.46,-930.51,129.0,6.41,912.83,-926.44,4.384267327615809,matched,1
A2,before_annealing,20260514-190549,386,386,912.83,-926.44,125.0,6.31,912.83,-926.44,0.0,reference,1
A2,annealing_100_25,20260701-110203,288,387,359.42,-929.16,68.0,4.65,360.39,-931.07,2.1421951358361953,matched,1
A2,annealing_100_5,20260617-090129,333,387,360.75,-928.91,115.0,6.05,360.39,-931.07,2.189794510907442,matched,1
A2,annealing_125_25,20260831-115727,251,387,362.68,-934.48,48.0,3.91,360.39,-931.07,4.107578362003563,matched,1
A2,annealing_150_25,20260917-164036,168,387,360.11,-930.76,48.0,3.91,360.39,-931.07,0.41773197148413405,matched,1
A2,annealing_75_25,20260608-115621,362,387,362.39,-937.06,96.0,5.53,360.39,-931.07,6.315069279113155,matched,1
A2,annealing_75_5,20260521-181553,366,387,357.55,-937.21,73.0,4.82,360.39,-931.07,6.764998152253974,matched,1
A2,before_annealing,20260514-190549,387,387,360.39,-931.07,121.0,6.21,360.39,-931.07,0.0,reference,1
A2,annealing_100_25,20260701-110203,289,388,1029.42,-932.86,95.0,5.5,1029.67,-934.26,1.4221462653327668,matched,2
A2,annealing_100_5,20260617-090129,334,388,1029.34,-932.6,120.0,6.18,1029.67,-934.26,1.6924833824885834,matched,2
A2,annealing_125_25,20260831-115727,250,388,1031.06,-936.2,125.0,6.31,1029.67,-934.26,2.386566571457804,matched,1
A2,annealing_150_25,20260917-164036,167,388,1029.16,-933.71,106.0,5.81,1029.67,-934.26,0.7500666637039275,matched,2
A2,annealing_75_25,20260608-115621,363,388,1031.28,-938.1,119.0,6.15,1029.67,-934.26,4.163856385611771,matched,1
A2,before_annealing,20260514-190549,388,388,1029.67,-934.26,114.0,6.02,1029.67,-934.26,0.0,reference,1
A2,annealing_100_25,20260701-110203,290,389,1857.47,-936.74,124.0,6.28,1857.23,-937.64,0.9314504817755818,matched,1
A2,annealing_100_5,20260617-090129,335,389,1857.42,-936.15,141.0,6.7,1857.23,-937.64,1.5020652449211545,matched,1
A2,annealing_125_25,20260831-115727,252,389,1859.06,-938.31,136.0,6.58,1857.23,-937.64,1.9487944991711361,matched,1
A2,annealing_125_5,20260727-122841,269,389,1853.29,-933.43,186.0,7.69,1857.23,-937.64,5.766081858593471,matched,1
A2,annealing_150_25,20260917-164036,170,389,1856.75,-936.86,136.0,6.58,1857.23,-937.64,0.9158602513484112,matched,1
A2,annealing_75_25,20260608-115621,364,389,1858.85,-939.54,127.0,6.36,1857.23,-937.64,2.4968780506864086,matched,1
A2,annealing_75_5,20260521-181553,363,389,1852.44,-932.14,152.0,6.96,1857.23,-937.64,7.293428549043286,matched,1
A2,before_annealing,20260514-190549,389,389,1857.23,-937.64,148.0,6.86,1857.23,-937.64,0.0,reference,1
A2,annealing_100_25,20260701-110203,291,390,1065.48,-948.06,332.0,10.28,1065.64,-949.88,1.8270194306575418,matched,2
A2,annealing_100_5,20260617-090129,336,390,1065.83,-948.24,618.0,14.03,1065.64,-949.88,1.6509694121939054,matched,2
A2,annealing_125_25,20260831-115727,253,390,1067.47,-951.75,433.0,11.74,1065.64,-949.88,2.6164479738759856,matched,1
A2,annealing_150_25,20260917-164036,172,390,1065.18,-949.15,104.0,5.75,1065.64,-949.88,0.8628441342444533,matched,2
A2,annealing_75_25,20260608-115621,365,390,1067.51,-953.73,556.0,13.3,1065.64,-949.88,4.280116820835591,matched,1
A2,before_annealing,20260514-190549,390,390,1065.64,-949.88,392.0,11.17,1065.64,-949.88,0.0,reference,1
A2,annealing_100_5,20260617-090129,337,391,719.2,-946.99,82.0,5.11,719.49,-948.77,1.8034688796871106,matched,1
A2,annealing_75_25,20260608-115621,368,391,721.38,-954.13,67.0,4.62,719.49,-948.77,5.683458454145688,matched,1
A2,before_annealing,20260514-190549,391,391,719.49,-948.77,131.0,6.46,719.49,-948.77,0.0,reference,1
A2,before_annealing,20260514-190549,392,392,363.54,-948.76,70.0,4.72,363.54,-948.76,0.0,reference,1
A2,annealing_100_25,20260701-110203,293,393,1745.97,-951.45,110.0,5.92,1746.05,-952.99,1.5420765220960588,matched,1
A2,annealing_100_5,20260617-090129,339,393,1746.59,-951.56,96.0,5.53,1746.05,-952.99,1.5285614151875426,matched,1
A2,annealing_125_25,20260831-115727,254,393,1747.81,-953.81,258.0,9.06,1746.05,-952.99,1.9416487838947247,matched,1
A2,annealing_125_5,20260727-122841,272,393,1741.33,-948.03,72.0,4.79,1746.05,-952.99,6.846897107449521,matched,1
A2,annealing_150_25,20260917-164036,171,393,1745.85,-952.36,292.0,9.64,1746.05,-952.99,0.660984114786439,matched,1
A2,annealing_75_25,20260608-115621,367,393,1748.08,-955.25,122.0,6.23,1746.05,-952.99,3.0378446306550715,matched,1
A2,annealing_75_5,20260521-181553,367,393,1741.28,-946.87,155.0,7.02,1746.05,-952.99,7.759336311824606,matched,1
A2,before_annealing,20260514-190549,393,393,1746.05,-952.99,169.0,7.33,1746.05,-952.99,0.0,reference,1
A2,annealing_100_25,20260701-110203,295,394,2651.67,-956.86,87.0,5.26,2652.03,-957.45,0.6911584478251924,matched,1
A2,annealing_100_5,20260617-090129,494,394,2652.4,-957.31,134.0,6.53,2652.03,-957.45,0.39560080889698296,matched,1
A2,annealing_125_5,20260727-122841,278,394,2647.14,-956.92,123.0,6.26,2652.03,-957.45,4.9186380228680475,matched,1
A2,annealing_75_25,20260608-115621,370,394,2654.49,-957.51,55.0,4.18,2652.03,-957.45,2.4607315985287657,matched,1
A2,annealing_75_5,20260521-181553,374,394,2648.63,-955.6,98.0,5.59,2652.03,-957.45,3.870723446592472,matched,1
A2,before_annealing,20260514-190549,394,394,2652.03,-957.45,130.0,6.43,2652.03,-957.45,0.0,reference,1
A2,annealing_100_25,20260701-110203,297,395,907.72,-960.76,160.0,7.14,908.31,-963.07,2.3841560351621656,matched,2
A2,annealing_100_5,20260617-090129,342,395,908.0,-960.71,244.0,8.81,908.31,-963.07,2.3802730935756156,matched,2
A2,annealing_125_25,20260831-115727,257,395,909.62,-964.61,98.0,5.59,908.31,-963.07,2.0218061232472424,matched,1
A2,annealing_150_25,20260917-164036,176,395,907.47,-962.28,46.0,3.83,908.31,-963.07,1.1531261856362403,matched,1
A2,annealing_75_25,20260608-115621,371,395,909.95,-966.85,247.0,8.87,908.31,-963.07,4.120436870041831,matched,1
A2,before_annealing,20260514-190549,395,395,908.31,-963.07,315.0,10.01,908.31,-963.07,0.0,reference,1
A2,annealing_100_25,20260701-110203,296,396,1370.66,-958.67,101.0,5.67,1371.33,-959.85,1.3569450983735278,matched,1
A2,annealing_100_5,20260617-090129,341,396,1371.35,-958.35,141.0,6.7,1371.33,-959.85,1.5001333274079338,matched,1
A2,annealing_125_5,20260727-122841,276,396,1367.51,-954.11,70.0,4.72,1371.33,-959.85,6.894925670375252,matched,1
A2,annealing_75_25,20260608-115621,372,396,1372.82,-962.96,128.0,6.38,1371.33,-959.85,3.448506923293052,matched,1
A2,annealing_75_5,20260521-181553,370,396,1366.23,-952.4,144.0,6.77,1371.33,-959.85,9.028427327059777,matched,1
A2,before_annealing,20260514-190549,396,396,1371.33,-959.85,109.0,5.89,1371.33,-959.85,0.0,reference,1
A2,annealing_100_25,20260701-110203,299,397,752.85,-962.26,40.0,3.57,753.21,-963.52,1.3104197800704882,matched,1
A2,annealing_100_5,20260617-090129,343,397,753.32,-960.64,117.0,6.1,753.21,-963.52,2.882099928871304,matched,2
A2,annealing_75_25,20260608-115621,373,397,755.02,-968.03,84.0,5.17,753.21,-963.52,4.859650193172315,matched,1
A2,before_annealing,20260514-190549,397,397,753.21,-963.52,112.0,5.97,753.21,-963.52,0.0,reference,1
A2,annealing_100_25,20260701-110203,301,398,1133.92,-973.51,238.0,8.7,1134.37,-974.68,1.2535549449464674,matched,2
A2,annealing_100_5,20260617-090129,346,398,1134.32,-972.88,201.0,8.0,1134.37,-974.68,1.800694310536864,matched,2
A2,annealing_125_25,20260831-115727,258,398,1135.94,-976.49,240.0,8.74,1134.37,-974.68,2.396038397021368,matched,1
A2,annealing_150_25,20260917-164036,178,398,1133.08,-974.27,62.0,4.44,1134.37,-974.68,1.3535878250043032,matched,2
A2,annealing_75_25,20260608-115621,374,398,1136.3,-978.28,426.0,11.64,1134.37,-974.68,4.08471541236356,matched,1
A2,before_annealing,20260514-190549,398,398,1134.37,-974.68,403.0,11.33,1134.37,-974.68,0.0,reference,1
A2,annealing_100_25,20260701-110203,302,399,2652.39,-970.38,44.0,3.74,2652.76,-971.38,1.0662551289444078,matched,1
A2,annealing_100_5,20260617-090129,495,399,2652.14,-970.89,84.0,5.17,2652.76,-971.38,0.7902531240054907,matched,1
A2,annealing_125_5,20260727-122841,281,399,2647.14,-970.4,43.0,3.7,2652.76,-971.38,5.704804992285356,matched,1
A2,annealing_75_25,20260608-115621,375,399,2653.63,-971.13,78.0,4.98,2652.76,-971.38,0.9052071586105637,matched,1
A2,annealing_75_5,20260521-181553,375,399,2647.73,-968.11,58.0,4.3,2652.76,-971.38,5.999483311086205,matched,1
A2,before_annealing,20260514-190549,399,399,2652.76,-971.38,103.0,5.73,2652.76,-971.38,0.0,reference,1
A2,annealing_150_5,20260909-160823,226,400,642.23,-984.42,564.0,13.4,639.69,-990.64,6.7186308128963415,matched,1
A2,before_annealing,20260514-190549,400,400,639.69,-990.64,35.0,3.34,639.69,-990.64,0.0,reference,1
A2,annealing_100_5,20260617-090129,349,401,2577.98,-1002.38,77.0,4.95,2577.56,-1003.31,1.0204410811016813,matched,1
A2,annealing_75_25,20260608-115621,376,401,2579.1,-1002.64,74.0,4.85,2577.56,-1003.31,1.6794344286097724,matched,1
A2,annealing_75_5,20260521-181553,380,401,2573.04,-1000.48,272.0,9.3,2577.56,-1003.31,5.332851019857898,matched,1
A2,before_annealing,20260514-190549,401,401,2577.56,-1003.31,306.0,9.87,2577.56,-1003.31,0.0,reference,1
A2,annealing_100_25,20260701-110203,305,402,998.96,-1007.58,44.0,3.74,999.64,-1009.07,1.6378339354159075,matched,2
A2,annealing_100_5,20260617-090129,350,402,1000.84,-1006.76,59.0,4.33,999.64,-1009.07,2.6030943125442807,matched,2
A2,annealing_75_25,20260608-115621,378,402,1001.56,-1013.18,141.0,6.7,999.64,-1009.07,4.536353160854985,matched,1
A2,before_annealing,20260514-190549,402,402,999.64,-1009.07,140.0,6.68,999.64,-1009.07,0.0,reference,1
A2,annealing_75_5,20260521-181553,382,403,2065.91,-1003.67,108.0,5.86,2070.47,-1008.46,6.6134484196975665,matched,1
A2,before_annealing,20260514-190549,403,403,2070.47,-1008.46,69.0,4.69,2070.47,-1008.46,0.0,reference,1
A2,annealing_100_5,20260617-090129,353,404,944.24,-1028.4,39.0,3.52,947.11,-1030.13,3.351089375113724,matched,1
A2,before_annealing,20260514-190549,404,404,947.11,-1030.13,38.0,3.48,947.11,-1030.13,0.0,reference,1
A2,annealing_100_25,20260701-110203,308,405,2290.87,-1041.15,432.0,11.73,2291.4,-1041.95,0.959635347410744,matched,1
A2,annealing_100_5,20260617-090129,351,405,2291.33,-1040.99,994.0,17.79,2291.4,-1041.95,0.9625487000666993,matched,1
A2,annealing_125_25,20260831-115727,262,405,2292.89,-1041.86,180.0,7.57,2291.4,-1041.95,1.4927156460623623,matched,1
A2,annealing_125_5,20260727-122841,287,405,2286.23,-1039.52,189.0,7.76,2291.4,-1041.95,5.712600108532109,matched,1
A2,annealing_150_25,20260917-164036,181,405,2291.12,-1041.29,101.0,5.67,2291.4,-1041.95,0.7169379331575503,matched,1
A2,annealing_75_25,20260608-115621,535,405,2293.02,-1042.39,1530.0,22.07,2291.4,-1041.95,1.6786899654193725,matched,1
A2,annealing_75_5,20260521-181553,383,405,2286.63,-1037.95,435.0,11.77,2291.4,-1041.95,6.225182728241784,matched,1
A2,before_annealing,20260514-190549,405,405,2291.4,-1041.95,525.0,12.93,2291.4,-1041.95,0.0,reference,1
A2,annealing_100_25,20260701-110203,306,406,2066.77,-1034.01,182.0,7.61,2066.97,-1034.5,0.5292447448959093,matched,1
A2,annealing_100_5,20260617-090129,354,406,2067.17,-1033.65,174.0,7.44,2066.97,-1034.5,0.8732124598286229,matched,1
A2,annealing_125_25,20260831-115727,261,406,2068.45,-1034.74,183.0,7.63,2066.97,-1034.5,1.4993331851193243,matched,1
A2,annealing_125_5,20260727-122841,284,406,2061.89,-1031.42,207.0,8.12,2066.97,-1034.5,5.940774360300079,matched,1
A2,annealing_75_25,20260608-115621,381,406,2068.62,-1035.63,201.0,8.0,2066.97,-1034.5,1.9998499943747148,matched,1
A2,annealing_75_5,20260521-181553,384,406,2062.56,-1029.76,103.0,5.73,2066.97,-1034.5,6.474233545370356,matched,1
A2,before_annealing,20260514-190549,406,406,2066.97,-1034.5,81.0,5.08,2066.97,-1034.5,0.0,reference,1
A2,annealing_100_25,20260701-110203,307,407,2643.44,-1036.08,176.0,7.48,2644.31,-1037.06,1.3104579352271655,matched,1
A2,annealing_100_5,20260617-090129,355,407,2644.29,-1036.1,110.0,5.92,2644.31,-1037.06,0.9602083107326603,matched,1
A2,annealing_125_5,20260727-122841,286,407,2639.58,-1035.69,100.0,5.64,2644.31,-1037.06,4.924408593932867,matched,1
A2,annealing_75_25,20260608-115621,382,407,2645.68,-1036.22,222.0,8.41,2644.31,-1037.06,1.607015867998684,matched,1
A2,annealing_75_5,20260521-181553,386,407,2639.51,-1034.41,144.0,6.77,2644.31,-1037.06,5.482928049865023,matched,1
A2,before_annealing,20260514-190549,407,407,2644.31,-1037.06,161.0,7.16,2644.31,-1037.06,0.0,reference,1
A2,annealing_100_25,20260701-110203,309,408,1823.19,-1039.84,73.0,4.82,1823.7,-1041.34,1.5843295111813043,matched,1
A2,annealing_100_5,20260617-090129,356,408,1823.75,-1040.51,136.0,6.58,1823.7,-1041.34,0.8315046602394208,matched,1
A2,annealing_125_25,20260831-115727,263,408,1826.8,-1043.09,46.0,3.83,1823.7,-1041.34,3.5598455022654334,matched,1
A2,annealing_125_5,20260727-122841,285,408,1818.83,-1036.92,83.0,5.14,1823.7,-1041.34,6.576724108551292,matched,1
A2,annealing_150_25,20260917-164036,180,408,1823.69,-1040.42,30.0,3.09,1823.7,-1041.34,0.9200543462207629,matched,1
A2,annealing_75_25,20260608-115621,384,408,1825.48,-1043.71,109.0,5.89,1823.7,-1041.34,2.964000674763834,matched,1
A2,annealing_75_5,20260521-181553,388,408,1818.61,-1036.18,123.0,6.26,1823.7,-1041.34,7.24801352095869,matched,1
A2,before_annealing,20260514-190549,408,408,1823.7,-1041.34,120.0,6.18,1823.7,-1041.34,0.0,reference,1
A2,annealing_100_25,20260701-110203,310,409,469.47,-1049.23,335.0,10.33,470.07,-1051.25,2.1072256642324487,matched,1
A2,annealing_100_5,20260617-090129,360,409,469.97,-1049.08,365.0,10.78,470.07,-1051.25,2.1723029254688004,matched,1
A2,annealing_125_25,20260831-115727,265,409,470.85,-1053.89,141.0,6.7,470.07,-1051.25,2.7528167392691754,matched,1
A2,annealing_150_25,20260917-164036,182,409,469.0,-1050.42,84.0,5.17,470.07,-1051.25,1.3541787178950437,matched,1
A2,annealing_75_25,20260608-115621,386,409,472.25,-1056.76,452.0,11.99,470.07,-1051.25,5.925580140374437,matched,1
A2,before_annealing,20260514-190549,409,409,470.07,-1051.25,497.0,12.58,470.07,-1051.25,0.0,reference,1
A2,annealing_100_5,20260617-090129,357,410,1690.71,-1040.46,59.0,4.33,1690.67,-1041.66,1.200666481584335,matched,1
A2,annealing_75_25,20260608-115621,385,410,1692.74,-1043.77,52.0,4.07,1690.67,-1041.66,2.9558416737029938,matched,1
A2,annealing_75_5,20260521-181553,389,410,1685.3,-1035.26,41.0,3.61,1690.67,-1041.66,8.354453901961662,matched,1
A2,before_annealing,20260514-190549,410,410,1690.67,-1041.66,35.0,3.34,1690.67,-1041.66,0.0,reference,1
A2,annealing_100_5,20260617-090129,359,411,1336.53,-1045.79,127.0,6.36,1336.69,-1047.73,1.9465867563507766,matched,1
A2,annealing_75_25,20260608-115621,388,411,1338.33,-1051.18,89.0,5.32,1336.69,-1047.73,3.8199607327824583,matched,1
A2,annealing_75_5,20260521-181553,390,411,1331.35,-1040.05,65.0,4.55,1336.69,-1047.73,9.354036561827334,matched,1
A2,before_annealing,20260514-190549,411,411,1336.69,-1047.73,174.0,7.44,1336.69,-1047.73,0.0,reference,1
A2,annealing_100_25,20260701-110203,311,412,1188.69,-1047.11,134.0,6.53,1188.66,-1048.52,1.4103191128252603,matched,1
A2,annealing_100_5,20260617-090129,358,412,1188.54,-1046.71,195.0,7.88,1188.66,-1048.52,1.81397353894698,matched,1
A2,annealing_125_25,20260831-115727,264,412,1190.1,-1049.3,45.0,3.78,1188.66,-1048.52,1.6376812876745768,matched,1
A2,annealing_125_5,20260727-122841,290,412,1183.15,-1042.03,92.0,5.41,1188.66,-1048.52,8.513530407533647,matched,1
A2,annealing_75_25,20260608-115621,387,412,1190.67,-1051.84,209.0,8.16,1188.66,-1048.52,3.8810436740649465,matched,1
A2,annealing_75_5,20260521-181553,387,412,1183.4,-1040.09,219.0,8.35,1188.66,-1048.52,9.936422897602586,matched,1
A2,before_annealing,20260514-190549,412,412,1188.66,-1048.52,184.0,7.65,1188.66,-1048.52,0.0,reference,1
A2,annealing_100_5,20260617-090129,361,413,1001.62,-1047.25,36.0,3.39,1000.78,-1049.39,2.2989562849259406,matched,2
A2,before_annealing,20260514-190549,413,413,1000.78,-1049.39,65.0,4.55,1000.78,-1049.39,0.0,reference,1
A2,annealing_100_25,20260701-110203,312,414,2123.37,-1068.65,64.0,4.51,2124.3,-1069.81,1.486775033419718,matched,1
A2,annealing_100_5,20260617-090129,362,414,2123.8,-1068.6,71.0,4.75,2124.3,-1069.81,1.3092364186807852,matched,1
A2,annealing_125_25,20260831-115727,267,414,2126.1,-1069.91,288.0,9.57,2124.3,-1069.81,1.8027756377317299,matched,1
A2,annealing_125_5,20260727-122841,291,414,2119.18,-1066.23,77.0,4.95,2124.3,-1069.81,6.247463485287691,matched,1
A2,annealing_150_25,20260917-164036,185,414,2124.48,-1069.19,332.0,10.28,2124.3,-1069.81,0.6456004956626085,matched,1
A2,annealing_75_25,20260608-115621,389,414,2126.09,-1070.08,106.0,5.81,2124.3,-1069.81,1.810248601711892,matched,1
A2,annealing_75_5,20260521-181553,393,414,2120.05,-1064.76,87.0,5.26,2124.3,-1069.81,6.60037877700966,matched,1
A2,before_annealing,20260514-190549,414,414,2124.3,-1069.81,112.0,5.97,2124.3,-1069.81,0.0,reference,1
A2,before_annealing,20260514-190549,415,415,937.34,-1071.4,86.0,5.23,937.34,-1071.4,0.0,reference,1
A2,annealing_100_25,20260701-110203,313,416,1739.21,-1089.29,202.0,8.02,1739.54,-1090.62,1.3703284277864771,matched,1
A2,annealing_100_5,20260617-090129,363,416,1739.55,-1089.15,467.0,12.19,1739.54,-1090.62,1.470034013211739,matched,1
A2,annealing_125_25,20260831-115727,269,416,1741.26,-1091.35,211.0,8.2,1739.54,-1090.62,1.8685020738549156,matched,1
A2,annealing_125_5,20260727-122841,293,416,1734.68,-1085.97,224.0,8.44,1739.54,-1090.62,6.726224795529641,matched,1
A2,annealing_75_25,20260608-115621,390,416,1741.56,-1092.63,466.0,12.18,1739.54,-1090.62,2.8496491012054106,matched,1
A2,annealing_75_5,20260521-181553,394,416,1734.11,-1084.57,492.0,12.51,1739.54,-1090.62,8.129415723162406,matched,1
A2,before_annealing,20260514-190549,416,416,1739.54,-1090.62,312.0,9.97,1739.54,-1090.62,0.0,reference,1
A2,annealing_100_25,20260701-110203,314,417,2464.53,-1091.72,169.0,7.33,2465.33,-1092.09,0.8814193099765188,matched,1
A2,annealing_100_5,20260617-090129,365,417,2465.36,-1091.63,167.0,7.29,2465.33,-1092.09,0.4609772228644668,matched,1
A2,annealing_125_25,20260831-115727,271,417,2466.82,-1092.25,137.0,6.6,2465.33,-1092.09,1.4985659811969345,matched,1
A2,annealing_125_5,20260727-122841,295,417,2460.06,-1090.45,165.0,7.25,2465.33,-1092.09,5.519284373902054,matched,1
A2,annealing_150_25,20260917-164036,187,417,2464.78,-1092.03,97.0,5.56,2465.33,-1092.09,0.553263047744645,matched,1
A2,annealing_150_5,20260909-160823,235,417,2457.54,-1086.14,62.0,4.44,2465.33,-1092.09,9.802377262684663,matched,1
A2,annealing_75_25,20260608-115621,391,417,2467.23,-1091.92,203.0,8.04,2465.33,-1092.09,1.9075901027213087,matched,1
A2,annealing_75_5,20260521-181553,397,417,2460.38,-1089.12,150.0,6.91,2465.33,-1092.09,5.772642375896705,matched,1
A2,before_annealing,20260514-190549,417,417,2465.33,-1092.09,191.0,7.8,2465.33,-1092.09,0.0,reference,1
A2,annealing_100_25,20260701-110203,315,418,548.44,-1088.69,72.0,4.79,548.32,-1090.23,1.5446682491719343,matched,1
A2,annealing_100_5,20260617-090129,364,418,548.5,-1088.52,92.0,5.41,548.32,-1090.23,1.719447585708883,matched,1
A2,annealing_125_25,20260831-115727,272,418,550.45,-1092.55,70.0,4.72,548.32,-1090.23,3.149492022533108,matched,1
A2,annealing_150_25,20260917-164036,186,418,548.72,-1089.12,85.0,5.2,548.32,-1090.23,1.1798728745082092,matched,1
A2,annealing_75_25,20260608-115621,392,418,550.48,-1095.82,102.0,5.7,548.32,-1090.23,5.992804018153684,matched,1
A2,before_annealing,20260514-190549,418,418,548.32,-1090.23,83.0,5.14,548.32,-1090.23,0.0,reference,1
A2,annealing_100_25,20260701-110203,316,419,907.15,-1093.26,106.0,5.81,907.43,-1094.93,1.6933103672983958,matched,2
A2,annealing_100_5,20260617-090129,366,419,907.57,-1093.12,128.0,6.38,907.43,-1094.93,1.8154062906139368,matched,2
A2,annealing_125_25,20260831-115727,270,419,909.79,-1096.85,266.0,9.2,907.43,-1094.93,3.04236749916894,matched,1
A2,annealing_150_25,20260917-164036,188,419,905.87,-1094.32,35.0,3.34,907.43,-1094.93,1.6750223879100796,matched,1
A2,annealing_75_25,20260608-115621,393,419,909.34,-1099.64,142.0,6.72,907.43,-1094.93,5.082538735710792,matched,1
A2,before_annealing,20260514-190549,419,419,907.43,-1094.93,248.0,8.88,907.43,-1094.93,0.0,reference,1
A2,annealing_100_25,20260701-110203,318,420,1432.97,-1114.24,102.0,5.7,1433.18,-1116.01,1.78241409330154,matched,1
A2,annealing_100_5,20260617-090129,367,420,1432.81,-1114.26,259.0,9.08,1433.18,-1116.01,1.7886866690396301,matched,1
A2,annealing_125_25,20260831-115727,274,420,1435.15,-1117.55,86.0,5.23,1433.18,-1116.01,2.5004999500099965,matched,1
A2,annealing_125_5,20260727-122841,298,420,1428.44,-1110.42,191.0,7.8,1433.18,-1116.01,7.329099535413554,matched,1
A2,annealing_150_25,20260917-164036,189,420,1432.95,-1115.74,49.0,3.95,1433.18,-1116.01,0.3546829570193619,matched,1
A2,annealing_75_25,20260608-115621,394,420,1434.89,-1118.7,274.0,9.34,1433.18,-1116.01,3.187506862737776,matched,1
A2,annealing_75_5,20260521-181553,399,420,1427.48,-1108.73,212.0,8.21,1433.18,-1116.01,9.245993727014968,matched,1
A2,before_annealing,20260514-190549,420,420,1433.18,-1116.01,231.0,8.57,1433.18,-1116.01,0.0,reference,1
A2,annealing_100_25,20260701-110203,319,421,1077.47,-1118.87,221.0,8.39,1077.89,-1120.77,1.945867415832951,matched,2
A2,annealing_100_5,20260617-090129,368,421,1077.8,-1118.93,279.0,9.42,1077.89,-1120.77,1.8421997720116363,matched,2
A2,annealing_125_25,20260831-115727,275,421,1079.97,-1122.45,184.0,7.65,1077.89,-1120.77,2.673723994730928,matched,1
A2,annealing_75_25,20260608-115621,397,421,1080.17,-1124.49,279.0,9.42,1077.89,-1120.77,4.363118151047491,matched,1
A2,before_annealing,20260514-190549,421,421,1077.89,-1120.77,329.0,10.23,1077.89,-1120.77,0.0,reference,1
A2,annealing_100_25,20260701-110203,322,422,1491.82,-1118.31,58.0,4.3,1492.16,-1119.52,1.2568611697399943,matched,1
A2,annealing_100_5,20260617-090129,369,422,1492.16,-1117.82,223.0,8.43,1492.16,-1119.52,1.7000000000000455,matched,1
A2,annealing_125_25,20260831-115727,276,422,1494.52,-1120.23,48.0,3.91,1492.16,-1119.52,2.464487776394839,matched,1
A2,annealing_125_5,20260727-122841,299,422,1486.7,-1114.09,107.0,5.84,1492.16,-1119.52,7.700422066354616,matched,1
A2,annealing_150_25,20260917-164036,191,422,1491.79,-1119.88,38.0,3.48,1492.16,-1119.52,0.5162363799657858,matched,1
A2,annealing_75_25,20260608-115621,395,422,1494.11,-1122.25,251.0,8.94,1492.16,-1119.52,3.3549068541465337,matched,1
A2,annealing_75_5,20260521-181553,402,422,1486.17,-1112.71,207.0,8.12,1492.16,-1119.52,9.069520384231978,matched,1
A2,before_annealing,20260514-190549,422,422,1492.16,-1119.52,213.0,8.23,1492.16,-1119.52,0.0,reference,1
A2,before_annealing,20260514-190549,423,423,2228.56,-1117.31,158.0,7.09,2228.56,-1117.31,0.0,reference,1
A2,annealing_100_25,20260701-110203,317,424,683.93,-1117.78,274.0,9.34,684.08,-1119.81,2.0355343278854123,matched,1
A2,annealing_100_5,20260617-090129,370,424,684.06,-1117.67,225.0,8.46,684.08,-1119.81,2.140093455903143,matched,1
A2,annealing_75_25,20260608-115621,400,424,686.4,-1124.72,237.0,8.69,684.08,-1119.81,5.430515629293457,matched,1
A2,before_annealing,20260514-190549,424,424,684.08,-1119.81,242.0,8.78,684.08,-1119.81,0.0,reference,1
A2,annealing_100_5,20260617-090129,371,425,1901.7,-1113.32,34.0,3.29,1901.88,-1115.92,2.606223321206518,matched,1
A2,annealing_125_25,20260831-115727,273,425,1903.22,-1115.9,55.0,4.18,1901.88,-1115.92,1.3401492454199941,matched,1
A2,annealing_75_25,20260608-115621,396,425,1904.14,-1117.38,84.0,5.17,1901.88,-1115.92,2.6905761464786804,matched,1
A2,annealing_75_5,20260521-181553,403,425,1896.51,-1110.34,131.0,6.46,1901.88,-1115.92,7.74424302304641,matched,1
A2,before_annealing,20260514-190549,425,425,1901.88,-1115.92,114.0,6.02,1901.88,-1115.92,0.0,reference,1
A2,annealing_100_25,20260701-110203,320,426,367.86,-1121.91,150.0,6.91,368.19,-1124.25,2.3631546711968743,matched,1
A2,annealing_100_5,20260617-090129,373,426,367.95,-1121.9,178.0,7.53,368.19,-1124.25,2.3622235287964553,matched,1
A2,annealing_125_25,20260831-115727,279,426,369.45,-1126.75,33.0,3.24,368.19,-1124.25,2.7995713957675696,matched,1
A2,annealing_75_25,20260608-115621,399,426,370.37,-1129.8,236.0,8.67,368.19,-1124.25,5.962792969741573,matched,1
A2,before_annealing,20260514-190549,426,426,368.19,-1124.25,308.0,9.9,368.19,-1124.25,0.0,reference,1
A2,annealing_100_25,20260701-110203,321,427,2138.17,-1118.0,82.0,5.11,2139.58,-1118.77,1.60654909666638,matched,1
A2,annealing_100_5,20260617-090129,372,427,2138.9,-1117.92,94.0,5.47,2139.58,-1118.77,1.088531120363411,matched,1
A2,annealing_125_25,20260831-115727,277,427,2140.47,-1119.3,89.0,5.32,2139.58,-1118.77,1.0358571330061614,matched,1
A2,annealing_125_5,20260727-122841,301,427,2133.79,-1116.69,93.0,5.44,2139.58,-1118.77,6.152276001611052,matched,1
A2,annealing_150_25,20260917-164036,190,427,2138.65,-1118.08,62.0,4.44,2139.58,-1118.77,1.158015543937028,matched,1
A2,annealing_75_25,20260608-115621,398,427,2141.17,-1119.98,84.0,5.17,2139.58,-1118.77,1.9980490484471474,matched,1
A2,annealing_75_5,20260521-181553,404,427,2133.93,-1114.75,76.0,4.92,2139.58,-1118.77,6.934183441473183,matched,1
A2,before_annealing,20260514-190549,427,427,2139.58,-1118.77,88.0,5.29,2139.58,-1118.77,0.0,reference,1
A2,before_annealing,20260514-190549,428,428,2399.82,-1123.97,47.0,3.87,2399.82,-1123.97,0.0,reference,1
A2,annealing_100_25,20260701-110203,323,429,2083.81,-1130.07,223.0,8.43,2084.2,-1131.01,1.0176934705499507,matched,1
A2,annealing_100_5,20260617-090129,374,429,2084.15,-1129.82,235.0,8.65,2084.2,-1131.01,1.1910499569707824,matched,1
A2,annealing_125_25,20260831-115727,278,429,2085.92,-1131.23,231.0,8.57,2084.2,-1131.01,1.7340126873817527,matched,1
A2,annealing_125_5,20260727-122841,302,429,2079.07,-1127.68,209.0,8.16,2084.2,-1131.01,6.116028122891193,matched,1
A2,annealing_150_25,20260917-164036,192,429,2084.04,-1130.67,91.0,5.38,2084.2,-1131.01,0.3757658845609827,matched,1
A2,annealing_75_25,20260608-115621,401,429,2086.37,-1131.78,241.0,8.76,2084.2,-1131.01,2.3025637884758563,matched,1
A2,annealing_75_5,20260521-181553,405,429,2079.45,-1125.89,266.0,9.2,2084.2,-1131.01,6.984046105231471,matched,1
A2,before_annealing,20260514-190549,429,429,2084.2,-1131.01,320.0,10.09,2084.2,-1131.01,0.0,reference,1
A2,annealing_75_5,20260521-181553,406,430,1391.14,-1120.2,30.0,3.09,1395.6,-1126.2,7.476068485507493,matched,1
A2,before_annealing,20260514-190549,430,430,1395.6,-1126.2,43.0,3.7,1395.6,-1126.2,0.0,reference,1
A2,annealing_100_25,20260701-110203,324,431,2496.19,-1135.31,302.0,9.8,2496.69,-1136.06,0.9013878188659973,matched,1
A2,annealing_100_5,20260617-090129,375,431,2496.57,-1135.35,260.0,9.1,2496.69,-1136.06,0.7200694410958053,matched,1
A2,annealing_125_25,20260831-115727,280,431,2498.17,-1135.59,186.0,7.69,2496.69,-1136.06,1.5528361149844756,matched,1
A2,annealing_125_5,20260727-122841,303,431,2490.85,-1134.42,201.0,8.0,2496.69,-1136.06,6.065904714055545,matched,1
A2,annealing_150_25,20260917-164036,193,431,2496.79,-1135.49,115.0,6.05,2496.69,-1136.06,0.578705451849133,matched,1
A2,annealing_75_25,20260608-115621,402,431,2498.61,-1135.7,297.0,9.72,2496.69,-1136.06,1.9534584715320178,matched,1
A2,annealing_75_5,20260521-181553,407,431,2491.58,-1133.04,244.0,8.81,2496.69,-1136.06,5.935697094697572,matched,1
A2,before_annealing,20260514-190549,431,431,2496.69,-1136.06,334.0,10.31,2496.69,-1136.06,0.0,reference,1
A2,annealing_75_25,20260608-115621,403,432,2294.86,-1136.33,155.0,7.02,2293.45,-1135.79,1.50986754385967,matched,1
A2,annealing_75_5,20260521-181553,408,432,2288.26,-1132.02,163.0,7.2,2293.45,-1135.79,6.414748631084129,matched,1
A2,before_annealing,20260514-190549,432,432,2293.45,-1135.79,160.0,7.14,2293.45,-1135.79,0.0,reference,1
A2,annealing_75_5,20260521-181553,409,433,2380.83,-1132.92,65.0,4.55,2386.24,-1136.06,6.255213825281884,matched,1
A2,before_annealing,20260514-190549,433,433,2386.24,-1136.06,95.0,5.5,2386.24,-1136.06,0.0,reference,1
A2,annealing_100_25,20260701-110203,325,434,796.72,-1145.11,56.0,4.22,797.28,-1146.92,1.89465036352372,matched,1
A2,annealing_100_5,20260617-090129,376,434,796.98,-1145.38,117.0,6.1,797.28,-1146.92,1.5689486925963707,matched,1
A2,annealing_75_25,20260608-115621,404,434,799.08,-1151.69,114.0,6.02,797.28,-1146.92,5.098323253776684,matched,1
A2,before_annealing,20260514-190549,434,434,797.28,-1146.92,138.0,6.63,797.28,-1146.92,0.0,reference,1
A2,annealing_100_25,20260701-110203,326,435,2306.56,-1148.3,54.0,4.15,2306.28,-1148.87,0.6350590523721277,matched,1
A2,annealing_100_5,20260617-090129,377,435,2306.46,-1148.31,79.0,5.01,2306.28,-1148.87,0.5882176467940077,matched,1
A2,annealing_125_25,20260831-115727,281,435,2307.89,-1148.96,57.0,4.26,2306.28,-1148.87,1.61251356583409,matched,1
A2,annealing_125_5,20260727-122841,305,435,2300.85,-1147.2,53.0,4.11,2306.28,-1148.87,5.681003432493475,matched,1
A2,annealing_150_25,20260917-164036,194,435,2304.99,-1148.63,48.0,3.91,2306.28,-1148.87,1.3121356637181136,matched,1
A2,annealing_75_25,20260608-115621,405,435,2308.25,-1149.55,50.0,3.99,2306.28,-1148.87,2.0840585404444134,matched,1
A2,annealing_75_5,20260521-181553,411,435,2301.14,-1145.04,60.0,4.37,2306.28,-1148.87,6.410031201172332,matched,1
A2,before_annealing,20260514-190549,435,435,2306.28,-1148.87,64.0,4.51,2306.28,-1148.87,0.0,reference,1
A2,annealing_100_5,20260617-090129,378,436,2496.74,-1156.75,43.0,3.7,2495.9,-1157.17,0.9391485505496676,matched,1
A2,annealing_75_5,20260521-181553,415,436,2490.8,-1156.79,35.0,3.34,2495.9,-1157.17,5.11413726839622,matched,1
A2,before_annealing,20260514-190549,436,436,2495.9,-1157.17,90.0,5.35,2495.9,-1157.17,0.0,reference,1
A2,annealing_75_25,20260608-115621,406,437,2687.33,-1158.64,78.0,4.98,2684.89,-1158.65,2.440020491717286,matched,1
A2,annealing_75_5,20260521-181553,414,437,2680.12,-1157.42,97.0,5.56,2684.89,-1158.65,4.926032886613717,matched,1
A2,before_annealing,20260514-190549,437,437,2684.89,-1158.65,117.0,6.1,2684.89,-1158.65,0.0,reference,1
A2,annealing_75_25,20260608-115621,407,438,872.89,-1164.56,45.0,3.78,870.49,-1159.98,5.17072528761674,matched,1
A2,before_annealing,20260514-190549,438,438,870.49,-1159.98,49.0,3.95,870.49,-1159.98,0.0,reference,1
A2,annealing_100_5,20260617-090129,379,439,1034.97,-1163.63,34.0,3.29,1034.86,-1165.87,2.2426992665087866,matched,2
A2,annealing_125_25,20260831-115727,282,439,1036.85,-1167.8,32.0,3.19,1034.86,-1165.87,2.772183255125873,matched,1
A2,annealing_75_25,20260608-115621,408,439,1037.03,-1169.41,137.0,6.6,1034.86,-1165.87,4.1521681083503434,matched,1
A2,before_annealing,20260514-190549,439,439,1034.86,-1165.87,213.0,8.23,1034.86,-1165.87,0.0,reference,1
A2,before_annealing,20260514-190549,440,440,1427.87,-1165.36,78.0,4.98,1427.87,-1165.36,0.0,reference,1
A2,annealing_100_25,20260701-110203,328,441,2423.33,-1175.41,181.0,7.59,2424.05,-1175.96,0.9060353194000312,matched,1
A2,annealing_100_5,20260617-090129,380,441,2423.49,-1174.93,344.0,10.46,2424.05,-1175.96,1.172390719854261,matched,1
A2,annealing_125_25,20260831-115727,283,441,2425.77,-1175.96,108.0,5.86,2424.05,-1175.96,1.7199999999998,matched,1
A2,annealing_125_5,20260727-122841,307,441,2418.15,-1174.26,146.0,6.82,2424.05,-1175.96,6.140032573203601,matched,1
A2,annealing_150_25,20260917-164036,195,441,2422.92,-1175.19,67.0,4.62,2424.05,-1175.96,1.367406303920023,matched,1
A2,annealing_75_25,20260608-115621,409,441,2426.0,-1176.05,200.0,7.98,2424.05,-1175.96,1.9520758181995073,matched,1
A2,annealing_75_5,20260521-181553,417,441,2418.72,-1172.66,195.0,7.88,2424.05,-1175.96,6.268883473155628,matched,1
A2,before_annealing,20260514-190549,441,441,2424.05,-1175.96,206.0,8.1,2424.05,-1175.96,0.0,reference,1
A2,annealing_100_25,20260701-110203,327,442,703.83,-1172.47,49.0,3.95,703.88,-1173.66,1.191049956970792,matched,1
A2,annealing_100_5,20260617-090129,381,442,704.12,-1171.54,62.0,4.44,703.88,-1173.66,2.1335416564952525,matched,1
A2,annealing_75_25,20260608-115621,410,442,706.01,-1178.68,72.0,4.79,703.88,-1173.66,5.453191725952775,matched,1
A2,before_annealing,20260514-190549,442,442,703.88,-1173.66,61.0,4.41,703.88,-1173.66,0.0,reference,1
A2,annealing_100_25,20260701-110203,329,443,997.73,-1187.15,170.0,7.36,998.04,-1189.25,2.122757640428974,matched,2
A2,annealing_100_5,20260617-090129,382,443,998.07,-1187.12,200.0,7.98,998.04,-1189.25,2.1302112571293184,matched,2
A2,annealing_125_25,20260831-115727,284,443,1000.32,-1191.08,100.0,5.64,998.04,-1189.25,2.9235765767292854,matched,1
A2,annealing_150_25,20260917-164036,196,443,998.03,-1188.07,57.0,4.26,998.04,-1189.25,1.1800423721206583,matched,1
A2,annealing_75_25,20260608-115621,412,443,1000.62,-1193.15,248.0,8.88,998.04,-1189.25,4.67615226441579,matched,1
A2,before_annealing,20260514-190549,443,443,998.04,-1189.25,302.0,9.8,998.04,-1189.25,0.0,reference,1
A2,annealing_100_25,20260701-110203,330,444,1427.4,-1190.23,141.0,6.7,1427.8,-1191.74,1.5620819440733138,matched,1
A2,annealing_100_5,20260617-090129,383,444,1427.71,-1189.89,182.0,7.61,1427.8,-1191.74,1.8521878954360027,matched,1
A2,annealing_125_25,20260831-115727,285,444,1429.39,-1193.09,244.0,8.81,1427.8,-1191.74,2.0858091954922955,matched,1
A2,annealing_125_5,20260727-122841,309,444,1422.38,-1185.87,157.0,7.07,1427.8,-1191.74,7.989574456752982,matched,1
A2,annealing_150_25,20260917-164036,197,444,1427.54,-1190.9,200.0,7.98,1427.8,-1191.74,0.8793179174791435,matched,1
A2,annealing_75_25,20260608-115621,414,444,1430.17,-1194.41,186.0,7.69,1427.8,-1191.74,3.5701260481950703,matched,1
A2,annealing_75_5,20260521-181553,419,444,1421.82,-1184.0,223.0,8.43,1427.8,-1191.74,9.781001993660995,matched,1
A2,before_annealing,20260514-190549,444,444,1427.8,-1191.74,238.0,8.7,1427.8,-1191.74,0.0,reference,1
A2,annealing_100_25,20260701-110203,332,445,1687.22,-1197.4,304.0,9.84,1687.68,-1198.72,1.397855500400476,matched,1
A2,annealing_100_5,20260617-090129,384,445,1687.54,-1197.16,482.0,12.39,1687.68,-1198.72,1.5662694531911991,matched,1
A2,annealing_125_25,20260831-115727,288,445,1689.45,-1199.38,378.0,10.97,1687.68,-1198.72,1.8890473789717515,matched,1
A2,annealing_125_5,20260727-122841,310,445,1682.2,-1193.76,358.0,10.67,1687.68,-1198.72,7.391346291441131,matched,1
A2,annealing_150_25,20260917-164036,199,445,1686.49,-1197.75,64.0,4.51,1687.68,-1198.72,1.535252422242083,matched,1
A2,annealing_75_25,20260608-115621,413,445,1690.08,-1200.74,511.0,12.75,1687.68,-1198.72,3.136941185294884,matched,1
A2,annealing_75_5,20260521-181553,420,445,1681.69,-1192.35,523.0,12.9,1687.68,-1198.72,8.743969350358086,matched,1
A2,before_annealing,20260514-190549,445,445,1687.68,-1198.72,598.0,13.8,1687.68,-1198.72,0.0,reference,1
A2,annealing_100_25,20260701-110203,333,446,2489.33,-1193.13,153.0,6.98,2489.76,-1193.93,0.9082400563728609,matched,1
A2,annealing_100_5,20260617-090129,387,446,2489.59,-1192.96,88.0,5.29,2489.76,-1193.93,0.9847842403288538,matched,1
A2,annealing_125_25,20260831-115727,287,446,2490.66,-1193.07,203.0,8.04,2489.76,-1193.93,1.2448293055674597,matched,1
A2,annealing_125_5,20260727-122841,312,446,2484.06,-1192.35,138.0,6.63,2489.76,-1193.93,5.91493026163484,matched,1
A2,annealing_75_25,20260608-115621,415,446,2491.88,-1193.9,154.0,7.0,2489.76,-1193.93,2.1202122535254664,matched,1
A2,annealing_75_5,20260521-181553,423,446,2483.93,-1190.55,74.0,4.85,2489.76,-1193.93,6.738939085642873,matched,1
A2,before_annealing,20260514-190549,446,446,2489.76,-1193.93,269.0,9.25,2489.76,-1193.93,0.0,reference,1
A2,annealing_100_25,20260701-110203,331,447,2686.58,-1194.89,297.0,9.72,2686.9,-1195.46,0.6536818798161933,matched,1
A2,annealing_100_5,20260617-090129,385,447,2686.61,-1194.88,376.0,10.94,2686.9,-1195.46,0.6484597134748576,matched,1
A2,annealing_125_25,20260831-115727,286,447,2688.6,-1194.82,269.0,9.25,2686.9,-1195.46,1.8164801127453913,matched,1
A2,annealing_125_5,20260727-122841,311,447,2681.27,-1194.46,211.0,8.2,2686.9,-1195.46,5.718120320525026,matched,1
A2,annealing_150_25,20260917-164036,198,447,2686.54,-1195.11,416.0,11.51,2686.9,-1195.46,0.502095608425514,matched,1
A2,annealing_75_25,20260608-115621,411,447,2688.98,-1194.74,409.0,11.41,2686.9,-1195.46,2.2010906387515567,matched,1
A2,annealing_75_5,20260521-181553,422,447,2681.69,-1193.33,417.0,11.52,2686.9,-1195.46,5.628587744718994,matched,1
A2,before_annealing,20260514-190549,447,447,2686.9,-1195.46,381.0,11.01,2686.9,-1195.46,0.0,reference,1
A2,annealing_75_25,20260608-115621,419,448,823.82,-1200.2,70.0,4.72,822.4,-1195.64,4.775981574503791,matched,1
A2,before_annealing,20260514-190549,448,448,822.4,-1195.64,90.0,5.35,822.4,-1195.64,0.0,reference,1
A2,annealing_100_25,20260701-110203,334,449,2063.67,-1196.74,117.0,6.1,2064.14,-1197.56,0.9451454914454746,matched,1
A2,annealing_100_5,20260617-090129,386,449,2063.88,-1196.06,187.0,7.72,2064.14,-1197.56,1.5223665787187648,matched,1
A2,annealing_125_25,20260831-115727,289,449,2065.75,-1197.54,242.0,8.78,2064.14,-1197.56,1.6101242188105889,matched,1
A2,annealing_125_5,20260727-122841,313,449,2058.21,-1194.1,74.0,4.85,2064.14,-1197.56,6.865602668375028,matched,1
A2,annealing_75_25,20260608-115621,417,449,2066.2,-1198.54,175.0,7.46,2064.14,-1197.56,2.281227739617378,matched,1
A2,annealing_75_5,20260521-181553,424,449,2058.8,-1192.64,165.0,7.25,2064.14,-1197.56,7.260991667809238,matched,1
A2,before_annealing,20260514-190549,449,449,2064.14,-1197.56,204.0,8.06,2064.14,-1197.56,0.0,reference,1
A2,annealing_75_25,20260608-115621,418,450,1789.35,-1203.83,191.0,7.8,1786.89,-1201.97,3.0840233462149227,matched,1
A2,before_annealing,20260514-190549,450,450,1786.89,-1201.97,198.0,7.94,1786.89,-1201.97,0.0,reference,1
A2,annealing_100_25,20260701-110203,336,451,1619.65,-1208.16,374.0,10.91,1620.06,-1209.43,1.3345411196361971,matched,1
A2,annealing_100_5,20260617-090129,389,451,1619.9,-1207.83,318.0,10.06,1620.06,-1209.43,1.6079800993794637,matched,1
A2,annealing_125_25,20260831-115727,291,451,1622.09,-1210.4,345.0,10.48,1620.06,-1209.43,2.249844439066831,matched,1
A2,annealing_125_5,20260727-122841,314,451,1614.83,-1204.41,434.0,11.75,1620.06,-1209.43,7.249365489475614,matched,1
A2,annealing_150_25,20260917-164036,200,451,1619.85,-1208.82,190.0,7.78,1620.06,-1209.43,0.6451356446517047,matched,1
A2,annealing_75_25,20260608-115621,420,451,1622.55,-1211.72,391.0,11.16,1620.06,-1209.43,3.3829277260976,matched,1
A2,annealing_75_5,20260521-181553,426,451,1614.25,-1202.74,399.0,11.27,1620.06,-1209.43,8.860711032417212,matched,1
A2,before_annealing,20260514-190549,451,451,1620.06,-1209.43,388.0,11.11,1620.06,-1209.43,0.0,reference,1
A2,annealing_75_5,20260521-181553,427,452,1843.15,-1208.58,72.0,4.79,1848.92,-1214.57,8.317030720154873,matched,1
A2,before_annealing,20260514-190549,452,452,1848.92,-1214.57,62.0,4.44,1848.92,-1214.57,0.0,reference,1
A2,annealing_100_5,20260617-090129,390,453,759.47,-1224.1,77.0,4.95,758.86,-1225.88,1.8816216410322053,matched,1
A2,annealing_75_25,20260608-115621,421,453,761.75,-1230.86,95.0,5.5,758.86,-1225.88,5.757820768311379,matched,1
A2,before_annealing,20260514-190549,453,453,758.86,-1225.88,84.0,5.17,758.86,-1225.88,0.0,reference,1
A2,annealing_100_25,20260701-110203,337,454,1617.86,-1229.97,74.0,4.85,1618.32,-1231.46,1.5593909067325167,matched,1
A2,annealing_100_5,20260617-090129,391,454,1617.13,-1229.61,57.0,4.26,1618.32,-1231.46,2.199681795169495,matched,1
A2,annealing_125_25,20260831-115727,292,454,1619.88,-1231.53,36.0,3.39,1618.32,-1231.46,1.561569723067315,matched,1
A2,annealing_125_5,20260727-122841,316,454,1612.61,-1225.96,89.0,5.32,1618.32,-1231.46,7.9280577697189125,matched,1
A2,annealing_75_25,20260608-115621,422,454,1620.88,-1233.15,103.0,5.73,1618.32,-1231.46,3.0675234310435298,matched,1
A2,annealing_75_5,20260521-181553,430,454,1612.15,-1224.96,98.0,5.59,1618.32,-1231.46,8.962081231499639,matched,1
A2,before_annealing,20260514-190549,454,454,1618.32,-1231.46,105.0,5.78,1618.32,-1231.46,0.0,reference,1
A2,annealing_75_25,20260608-115621,424,455,1231.05,-1237.75,74.0,4.85,1228.28,-1234.04,4.630010799123493,matched,1
A2,annealing_75_5,20260521-181553,431,455,1222.38,-1226.36,68.0,4.65,1228.28,-1234.04,9.684647644597058,matched,1
A2,before_annealing,20260514-190549,455,455,1228.28,-1234.04,49.0,3.95,1228.28,-1234.04,0.0,reference,1
A2,annealing_100_25,20260701-110203,339,456,2495.37,-1235.85,59.0,4.33,2495.69,-1238.1,2.2726416347502094,matched,1
A2,annealing_100_5,20260617-090129,393,456,2495.91,-1236.58,85.0,5.2,2495.69,-1238.1,1.5358385331797926,matched,1
A2,annealing_125_25,20260831-115727,293,456,2497.72,-1236.15,45.0,3.78,2495.69,-1238.1,2.814853459773396,matched,1
A2,annealing_125_5,20260727-122841,318,456,2489.53,-1235.69,48.0,3.91,2495.69,-1238.1,6.614657965458041,matched,1
A2,annealing_75_25,20260608-115621,423,456,2497.31,-1236.49,79.0,5.01,2495.69,-1238.1,2.283965849131577,matched,1
A2,annealing_75_5,20260521-181553,433,456,2490.27,-1233.95,51.0,4.03,2495.69,-1238.1,6.826338696548806,matched,1
A2,before_annealing,20260514-190549,456,456,2495.69,-1238.1,90.0,5.35,2495.69,-1238.1,0.0,reference,1
A2,annealing_100_25,20260701-110203,338,457,642.02,-1237.04,68.0,4.65,641.35,-1237.86,1.0589145385723253,matched,1
A2,annealing_100_5,20260617-090129,392,457,641.81,-1235.18,75.0,4.89,641.35,-1237.86,2.719191056178115,matched,1
A2,annealing_125_25,20260831-115727,295,457,643.57,-1240.64,107.0,5.84,641.35,-1237.86,3.5576396669703967,matched,1
A2,annealing_150_25,20260917-164036,202,457,641.3,-1236.23,32.0,3.19,641.35,-1237.86,1.6307666908542195,matched,1
A2,annealing_75_25,20260608-115621,425,457,643.94,-1242.77,52.0,4.07,641.35,-1237.86,5.551234097027522,matched,1
A2,before_annealing,20260514-190549,457,457,641.35,-1237.86,76.0,4.92,641.35,-1237.86,0.0,reference,1
A2,annealing_100_25,20260701-110203,340,458,955.03,-1251.08,215.0,8.27,955.12,-1252.72,1.6424676556938143,matched,1
A2,annealing_100_5,20260617-090129,394,458,954.91,-1250.77,307.0,9.89,955.12,-1252.72,1.9612750954417875,matched,2
A2,annealing_125_25,20260831-115727,297,458,957.45,-1254.76,194.0,7.86,955.12,-1252.72,3.0968532415986463,matched,1
A2,annealing_150_25,20260917-164036,203,458,955.2,-1252.16,136.0,6.58,955.12,-1252.72,0.5656854249491898,matched,1
A2,annealing_75_25,20260608-115621,427,458,957.88,-1257.14,228.0,8.52,955.12,-1252.72,5.210950009355357,matched,1
A2,before_annealing,20260514-190549,458,458,955.12,-1252.72,474.0,12.28,955.12,-1252.72,0.0,reference,1
A2,annealing_100_5,20260617-090129,395,459,422.27,-1248.69,34.0,3.29,423.27,-1250.99,2.5079872407968486,matched,1
A2,annealing_75_25,20260608-115621,428,459,425.91,-1257.1,50.0,3.99,423.27,-1250.99,6.655952223386148,matched,1
A2,before_annealing,20260514-190549,459,459,423.27,-1250.99,44.0,3.74,423.27,-1250.99,0.0,reference,1
A2,annealing_100_25,20260701-110203,341,460,392.55,-1263.66,240.0,8.74,392.86,-1265.96,2.3207972767994605,matched,1
A2,annealing_100_5,20260617-090129,396,460,392.74,-1263.91,433.0,11.74,392.86,-1265.96,2.0535091916034403,matched,1
A2,annealing_125_25,20260831-115727,298,460,395.09,-1268.49,161.0,7.16,392.86,-1265.96,3.372506486279854,matched,1
A2,annealing_150_25,20260917-164036,206,460,392.18,-1264.27,116.0,6.08,392.86,-1265.96,1.8216750533506776,matched,1
A2,annealing_75_25,20260608-115621,430,460,395.74,-1271.7,326.0,10.19,392.86,-1265.96,6.42199345997799,matched,1
A2,before_annealing,20260514-190549,460,460,392.86,-1265.96,426.0,11.64,392.86,-1265.96,0.0,reference,1
A2,annealing_100_25,20260701-110203,342,461,2452.65,-1268.32,293.0,9.66,2453.12,-1269.28,1.0688779163215423,matched,1
A2,annealing_100_5,20260617-090129,397,461,2452.84,-1268.38,332.0,10.28,2453.12,-1269.28,0.9425497334356484,matched,1
A2,annealing_125_25,20260831-115727,299,461,2454.92,-1269.04,183.0,7.63,2453.12,-1269.28,1.8159295140507683,matched,1
A2,annealing_125_5,20260727-122841,323,461,2447.3,-1267.15,201.0,8.0,2453.12,-1269.28,6.19752369902658,matched,1
A2,annealing_150_25,20260917-164036,205,461,2452.69,-1268.57,664.0,14.54,2453.12,-1269.28,0.8300602387778316,matched,1
A2,annealing_75_25,20260608-115621,429,461,2455.56,-1269.08,300.0,9.77,2453.12,-1269.28,2.448182999695955,matched,1
A2,annealing_75_5,20260521-181553,441,461,2447.78,-1265.93,258.0,9.06,2453.12,-1269.28,6.303816304429888,matched,1
A2,before_annealing,20260514-190549,461,461,2453.12,-1269.28,323.0,10.14,2453.12,-1269.28,0.0,reference,1
A2,annealing_100_25,20260701-110203,343,462,2598.99,-1267.54,78.0,4.98,2599.8,-1268.33,1.1314592347939854,matched,1
A2,annealing_100_5,20260617-090129,398,462,2599.58,-1267.57,125.0,6.31,2599.8,-1268.33,0.7912016177941614,matched,1
A2,annealing_125_25,20260831-115727,300,462,2601.33,-1267.96,88.0,5.29,2599.8,-1268.33,1.574102919125411,matched,1
A2,annealing_125_5,20260727-122841,324,462,2594.32,-1267.52,93.0,5.44,2599.8,-1268.33,5.5395396920682956,matched,1
A2,annealing_150_25,20260917-164036,207,462,2599.72,-1267.76,49.0,3.95,2599.8,-1268.33,0.5755866572463164,matched,1
A2,annealing_75_25,20260608-115621,431,462,2602.24,-1267.96,150.0,6.91,2599.8,-1268.33,2.4678938388832625,matched,1
A2,annealing_75_5,20260521-181553,442,462,2594.56,-1265.71,193.0,7.84,2599.8,-1268.33,5.858498101049611,matched,1
A2,before_annealing,20260514-190549,462,462,2599.8,-1268.33,199.0,7.96,2599.8,-1268.33,0.0,reference,1
A2,annealing_100_5,20260617-090129,400,463,1617.07,-1267.61,46.0,3.83,1617.05,-1269.15,1.5401298646544672,matched,1
A2,annealing_75_25,20260608-115621,432,463,1619.64,-1271.25,140.0,6.68,1617.05,-1269.15,3.3343815018681306,matched,1
A2,annealing_75_5,20260521-181553,440,463,1610.81,-1262.29,92.0,5.41,1617.05,-1269.15,9.273467528384508,matched,1
A2,before_annealing,20260514-190549,463,463,1617.05,-1269.15,101.0,5.67,1617.05,-1269.15,0.0,reference,1
A2,annealing_100_25,20260701-110203,345,464,2398.71,-1277.56,205.0,8.08,2399.44,-1278.24,0.997647232241995,matched,1
A2,annealing_100_5,20260617-090129,401,464,2398.8,-1277.45,324.0,10.16,2399.44,-1278.24,1.0167103815737202,matched,1
A2,annealing_125_25,20260831-115727,302,464,2400.65,-1278.32,99.0,5.61,2399.44,-1278.24,1.2126417442922195,matched,1
A2,annealing_125_5,20260727-122841,326,464,2393.06,-1276.41,142.0,6.72,2399.44,-1278.24,6.637266003408416,matched,1
A2,annealing_150_25,20260917-164036,209,464,2399.26,-1278.05,71.0,4.75,2399.44,-1278.24,0.26172504656597506,matched,1
A2,annealing_75_25,20260608-115621,433,464,2401.67,-1278.19,338.0,10.37,2399.44,-1278.24,2.230560467685213,matched,1
A2,annealing_75_5,20260521-181553,444,464,2393.65,-1274.95,314.0,10.0,2399.44,-1278.24,6.659444421271142,matched,1
A2,before_annealing,20260514-190549,464,464,2399.44,-1278.24,370.0,10.85,2399.44,-1278.24,0.0,reference,1
A2,annealing_100_25,20260701-110203,344,465,777.67,-1273.02,151.0,6.93,778.13,-1274.8,1.8384776310850062,matched,1
A2,annealing_100_5,20260617-090129,399,465,777.68,-1272.87,199.0,7.96,778.13,-1274.8,1.981766888410513,matched,1
A2,annealing_125_25,20260831-115727,301,465,780.21,-1276.97,88.0,5.29,778.13,-1274.8,3.005877575684094,matched,1
A2,annealing_150_25,20260917-164036,208,465,777.95,-1273.86,99.0,5.61,778.13,-1274.8,0.9570788891204761,matched,1
A2,annealing_75_25,20260608-115621,434,465,780.85,-1279.39,252.0,8.96,778.13,-1274.8,5.335400641001712,matched,1
A2,before_annealing,20260514-190549,465,465,778.13,-1274.8,260.0,9.1,778.13,-1274.8,0.0,reference,1
A2,annealing_100_25,20260701-110203,346,466,989.85,-1275.5,79.0,5.01,989.8,-1278.53,3.0304125131737165,matched,1
A2,annealing_100_5,20260617-090129,402,466,989.85,-1275.06,98.0,5.59,989.8,-1278.53,3.4703602118512418,matched,1
A2,annealing_125_25,20260831-115727,303,466,991.79,-1278.94,44.0,3.74,989.8,-1278.53,2.031797233977865,matched,1
A2,annealing_75_25,20260608-115621,436,466,992.2,-1280.85,88.0,5.29,989.8,-1278.53,3.338023367204032,matched,1
A2,before_annealing,20260514-190549,466,466,989.8,-1278.53,163.0,7.2,989.8,-1278.53,0.0,reference,1
A2,annealing_125_5,20260727-122841,327,467,2221.19,-1273.96,45.0,3.78,2227.46,-1277.11,7.016794139776292,matched,1
A2,annealing_75_25,20260608-115621,435,467,2229.84,-1279.25,42.0,3.66,2227.46,-1277.11,3.20062493897691,matched,1
A2,before_annealing,20260514-190549,467,467,2227.46,-1277.11,64.0,4.51,2227.46,-1277.11,0.0,reference,1
A2,annealing_100_25,20260701-110203,347,468,2496.02,-1287.86,340.0,10.4,2496.67,-1289.32,1.5981551864572554,matched,1
A2,annealing_100_5,20260617-090129,404,468,2496.39,-1288.33,396.0,11.23,2496.67,-1289.32,1.0288342918080298,matched,1
A2,annealing_125_25,20260831-115727,305,468,2498.09,-1288.66,150.0,6.91,2496.67,-1289.32,1.5658863304850754,matched,1
A2,annealing_125_5,20260727-122841,329,468,2491.22,-1287.05,258.0,9.06,2496.67,-1289.32,5.903846203959152,matched,1
A2,annealing_75_25,20260608-115621,438,468,2499.35,-1288.48,363.0,10.75,2496.67,-1289.32,2.8085583490465327,matched,1
A2,annealing_75_5,20260521-181553,447,468,2491.08,-1286.15,372.0,10.88,2496.67,-1289.32,6.426274192718565,matched,1
A2,before_annealing,20260514-190549,468,468,2496.67,-1289.32,413.0,11.47,2496.67,-1289.32,0.0,reference,1
A2,annealing_75_25,20260608-115621,437,469,2346.54,-1285.71,155.0,7.02,2343.39,-1285.02,3.2246860312285675,matched,1
A2,annealing_75_5,20260521-181553,446,469,2337.55,-1280.71,128.0,6.38,2343.39,-1285.02,7.258216034260479,matched,1
A2,before_annealing,20260514-190549,469,469,2343.39,-1285.02,136.0,6.58,2343.39,-1285.02,0.0,reference,1
A2,annealing_100_25,20260701-110203,348,470,1334.41,-1283.7,95.0,5.5,1335.2,-1285.04,1.555538491969814,matched,2
A2,annealing_100_5,20260617-090129,403,470,1334.8,-1283.08,128.0,6.38,1335.2,-1285.04,2.000399960008052,matched,2
A2,annealing_125_25,20260831-115727,304,470,1337.06,-1286.49,112.0,5.97,1335.2,-1285.04,2.3584104816591536,matched,1
A2,annealing_75_25,20260608-115621,439,470,1337.42,-1287.75,142.0,6.72,1335.2,-1285.04,3.5032128111207173,matched,1
A2,before_annealing,20260514-190549,470,470,1335.2,-1285.04,112.0,5.97,1335.2,-1285.04,0.0,reference,1
A2,annealing_100_25,20260701-110203,349,471,444.28,-1307.63,242.0,8.78,444.31,-1310.25,2.6201717500956745,matched,1
A2,annealing_100_5,20260617-090129,405,471,444.54,-1307.61,262.0,9.13,444.31,-1310.25,2.650000000000101,matched,1
A2,annealing_125_25,20260831-115727,306,471,446.93,-1312.36,207.0,8.12,444.31,-1310.25,3.3640005945302094,matched,1
A2,annealing_150_25,20260917-164036,210,471,443.8,-1308.13,204.0,8.06,444.31,-1310.25,2.180481598179523,matched,1
A2,annealing_75_25,20260608-115621,442,471,447.21,-1314.78,325.0,10.17,444.31,-1310.25,5.3787452068302715,matched,1
A2,before_annealing,20260514-190549,471,471,444.31,-1310.25,324.0,10.16,444.31,-1310.25,0.0,reference,1
A2,annealing_100_25,20260701-110203,350,472,1055.29,-1313.37,82.0,5.11,1055.44,-1315.74,2.3747420912597197,matched,1
A2,annealing_100_5,20260617-090129,406,472,1055.8,-1313.3,144.0,6.77,1055.44,-1315.74,2.4664144015149185,matched,1
A2,annealing_125_25,20260831-115727,307,472,1057.87,-1317.37,55.0,4.18,1055.44,-1315.74,2.926055365162939,matched,1
A2,annealing_75_25,20260608-115621,443,472,1058.77,-1318.59,102.0,5.7,1055.44,-1315.74,4.383081108078995,matched,1
A2,before_annealing,20260514-190549,472,472,1055.44,-1315.74,165.0,7.25,1055.44,-1315.74,0.0,reference,1
A2,annealing_100_25,20260701-110203,351,473,484.66,-1319.6,135.0,6.56,484.41,-1321.98,2.393094231324901,matched,1
A2,annealing_100_5,20260617-090129,409,473,484.65,-1319.65,173.0,7.42,484.41,-1321.98,2.3423279018958123,matched,1
A2,annealing_125_25,20260831-115727,309,473,486.69,-1323.81,76.0,4.92,484.41,-1321.98,2.923576576729197,matched,1
A2,annealing_75_25,20260608-115621,444,473,487.46,-1326.13,255.0,9.01,484.41,-1321.98,5.150242712727282,matched,1
A2,before_annealing,20260514-190549,473,473,484.41,-1321.98,282.0,9.47,484.41,-1321.98,0.0,reference,1
A2,annealing_100_5,20260617-090129,411,474,2331.1,-1321.18,63.0,4.48,2331.21,-1322.6,1.4242541907958666,matched,1
A2,annealing_75_25,20260608-115621,446,474,2334.24,-1322.04,115.0,6.05,2331.21,-1322.6,3.0813146544938244,matched,1
A2,annealing_75_5,20260521-181553,453,474,2325.83,-1318.47,107.0,5.84,2331.21,-1322.6,6.782425819719681,matched,1
A2,before_annealing,20260514-190549,474,474,2331.21,-1322.6,143.0,6.75,2331.21,-1322.6,0.0,reference,1
A2,annealing_100_25,20260701-110203,352,475,2178.3,-1326.46,601.0,13.83,2178.47,-1328.68,2.2264994947226,matched,1
A2,annealing_100_5,20260617-090129,410,475,2178.18,-1327.04,536.0,13.06,2178.47,-1328.68,1.6654428840402504,matched,1
A2,annealing_125_25,20260831-115727,308,475,2180.43,-1328.49,623.0,14.08,2178.47,-1328.68,1.9691876497683412,matched,1
A2,annealing_125_5,20260727-122841,333,475,2172.8,-1324.76,351.0,10.57,2178.47,-1328.68,6.893134265339406,matched,1
A2,annealing_150_25,20260917-164036,212,475,2178.46,-1327.71,348.0,10.52,2178.47,-1328.68,0.9700515450222469,matched,1
A2,annealing_75_25,20260608-115621,445,475,2181.1,-1328.53,453.0,12.01,2178.47,-1328.68,2.634274093559856,matched,1
A2,annealing_75_5,20260521-181553,451,475,2172.63,-1323.94,413.0,11.47,2178.47,-1328.68,7.5215158046763735,matched,1
A2,before_annealing,20260514-190549,475,475,2178.47,-1328.68,527.0,12.95,2178.47,-1328.68,0.0,reference,1
A2,annealing_100_25,20260701-110203,353,476,1018.45,-1322.45,37.0,3.43,1013.95,-1326.46,6.027445561761627,matched,1
A2,annealing_100_5,20260617-090129,412,476,1014.2,-1323.7,65.0,4.55,1013.95,-1326.46,2.771299334247376,matched,2
A2,annealing_125_25,20260831-115727,310,476,1017.81,-1327.38,50.0,3.99,1013.95,-1326.46,3.9681229819650703,matched,1
A2,annealing_150_25,20260917-164036,211,476,1014.93,-1323.38,51.0,4.03,1013.95,-1326.46,3.2321509865721567,matched,2
A2,annealing_75_25,20260608-115621,447,476,1017.95,-1329.51,49.0,3.95,1013.95,-1326.46,5.03015904321123,matched,1
A2,before_annealing,20260514-190549,476,476,1013.95,-1326.46,54.0,4.15,1013.95,-1326.46,0.0,reference,1
A2,annealing_100_5,20260617-090129,413,477,2227.93,-1331.04,85.0,5.2,2228.49,-1332.21,1.2971121771073268,matched,1
A2,annealing_75_25,20260608-115621,448,477,2230.91,-1332.12,90.0,5.35,2228.49,-1332.21,2.421672975444946,matched,1
A2,annealing_75_5,20260521-181553,454,477,2222.01,-1328.19,51.0,4.03,2228.49,-1332.21,7.625667183925233,matched,1
A2,before_annealing,20260514-190549,477,477,2228.49,-1332.21,74.0,4.85,2228.49,-1332.21,0.0,reference,1
A2,annealing_100_25,20260701-110203,354,478,1396.35,-1344.22,418.0,11.53,1396.42,-1346.71,2.490983741416244,matched,2
A2,annealing_100_5,20260617-090129,414,478,1396.37,-1344.58,404.0,11.34,1396.42,-1346.71,2.130586773637836,matched,2
A2,annealing_125_25,20260831-115727,311,478,1398.86,-1346.99,131.0,6.46,1396.42,-1346.71,2.4560130292812254,matched,1
A2,annealing_150_25,20260917-164036,213,478,1396.14,-1344.89,64.0,4.51,1396.42,-1346.71,1.8414125013151597,matched,2
A2,annealing_75_25,20260608-115621,449,478,1399.35,-1348.57,424.0,11.62,1396.42,-1346.71,3.4705186932213272,matched,1
A2,before_annealing,20260514-190549,478,478,1396.42,-1346.71,300.0,9.77,1396.42,-1346.71,0.0,reference,1
A2,annealing_100_25,20260701-110203,356,479,630.18,-1350.31,50.0,3.99,630.29,-1352.21,1.9031815467790636,matched,1
A2,annealing_100_5,20260617-090129,416,479,629.69,-1350.12,55.0,4.18,630.29,-1352.21,2.174419462753334,matched,1
A2,annealing_125_25,20260831-115727,313,479,633.12,-1354.7,68.0,4.65,630.29,-1352.21,3.7694827231332786,matched,1
A2,annealing_150_25,20260917-164036,214,479,629.4,-1349.97,48.0,3.91,630.29,-1352.21,2.41033192734943,matched,1
A2,annealing_75_25,20260608-115621,450,479,633.52,-1356.35,61.0,4.41,630.29,-1352.21,5.250952294584199,matched,1
A2,before_annealing,20260514-190549,479,479,630.29,-1352.21,55.0,4.18,630.29,-1352.21,0.0,reference,1
A2,annealing_100_5,20260617-090129,417,480,2639.19,-1357.71,53.0,4.11,2640.01,-1358.75,1.3243866504915371,matched,1
A2,annealing_75_25,20260608-115621,451,480,2642.18,-1357.7,58.0,4.3,2640.01,-1358.75,2.4106845500807954,matched,1
A2,annealing_75_5,20260521-181553,458,480,2632.8,-1355.51,57.0,4.26,2640.01,-1358.75,7.904536672063745,matched,1
A2,before_annealing,20260514-190549,480,480,2640.01,-1358.75,57.0,4.26,2640.01,-1358.75,0.0,reference,1
A2,annealing_75_5,20260521-181553,461,481,2602.55,-1371.05,114.0,6.02,2608.79,-1374.1,6.945509340573735,matched,1
A2,before_annealing,20260514-190549,481,481,2608.79,-1374.1,108.0,5.86,2608.79,-1374.1,0.0,reference,1
A2,annealing_100_25,20260701-110203,360,482,1809.26,-1392.9,349.0,10.54,1809.4,-1395.16,2.264332131115042,matched,1
A2,annealing_100_5,20260617-090129,421,482,1809.18,-1393.33,505.0,12.68,1809.4,-1395.16,1.8431766057544725,matched,1
A2,annealing_125_25,20260831-115727,315,482,1811.85,-1395.14,428.0,11.67,1809.4,-1395.16,2.4500816312929468,matched,1
A2,annealing_125_5,20260727-122841,339,482,1803.61,-1389.61,383.0,11.04,1809.4,-1395.16,8.020386524351817,matched,1
A2,annealing_150_25,20260917-164036,217,482,1808.89,-1393.29,440.0,11.83,1809.4,-1395.16,1.9382982226686463,matched,1
A2,annealing_75_25,20260608-115621,540,482,1812.42,-1395.9,1317.0,20.47,1809.4,-1395.16,3.1093407661431876,matched,1
A2,annealing_75_5,20260521-181553,459,482,1803.08,-1388.49,1537.0,22.12,1809.4,-1395.16,9.188650608223334,matched,1
A2,before_annealing,20260514-190549,482,482,1809.4,-1395.16,1495.0,21.81,1809.4,-1395.16,0.0,reference,1
A2,annealing_100_25,20260701-110203,358,483,466.46,-1381.05,43.0,3.7,465.31,-1382.92,2.1953131895017597,matched,1
A2,annealing_100_5,20260617-090129,420,483,465.78,-1381.21,59.0,4.33,465.31,-1382.92,1.7734147850968471,matched,1
A2,annealing_75_25,20260608-115621,452,483,469.16,-1388.35,49.0,3.95,465.31,-1382.92,6.656380397783648,matched,1
A2,before_annealing,20260514-190549,483,483,465.31,-1382.92,60.0,4.37,465.31,-1382.92,0.0,reference,1
A2,annealing_75_5,20260521-181553,465,484,2352.84,-1384.72,31.0,3.14,2359.42,-1387.27,7.056833567542798,matched,1
A2,before_annealing,20260514-190549,484,484,2359.42,-1387.27,57.0,4.26,2359.42,-1387.27,0.0,reference,1
A2,annealing_100_25,20260701-110203,359,485,1866.48,-1382.78,42.0,3.66,1867.32,-1386.43,3.7454105248958394,matched,1
A2,before_annealing,20260514-190549,485,485,1867.32,-1386.43,33.0,3.24,1867.32,-1386.43,0.0,reference,1
A2,annealing_100_25,20260701-110203,361,486,660.16,-1391.98,34.0,3.29,659.43,-1394.9,3.009867106700967,matched,1
A2,annealing_100_5,20260617-090129,422,486,658.77,-1392.91,57.0,4.26,659.43,-1394.9,2.0965924735150594,matched,1
A2,annealing_125_25,20260831-115727,316,486,662.34,-1396.59,76.0,4.92,659.43,-1394.9,3.3651448705813385,matched,1
A2,annealing_150_25,20260917-164036,218,486,658.67,-1392.48,63.0,4.48,659.43,-1394.9,2.5365330670031367,matched,1
A2,annealing_75_25,20260608-115621,453,486,662.54,-1398.8,112.0,5.97,659.43,-1394.9,4.988196066715805,matched,1
A2,before_annealing,20260514-190549,486,486,659.43,-1394.9,136.0,6.58,659.43,-1394.9,0.0,reference,1
A2,annealing_100_25,20260701-110203,363,487,987.97,-1400.68,123.0,6.26,988.13,-1403.15,2.4751767613647564,matched,1
A2,annealing_100_5,20260617-090129,423,487,988.54,-1400.92,207.0,8.12,988.13,-1403.15,2.2673773395709977,matched,1
A2,annealing_125_25,20260831-115727,317,487,990.55,-1404.3,130.0,6.43,988.13,-1403.15,2.679346935355608,matched,1
A2,annealing_150_25,20260917-164036,219,487,987.55,-1400.75,202.0,8.02,988.13,-1403.15,2.469088900789213,matched,1
A2,annealing_75_25,20260608-115621,454,487,991.3,-1406.08,262.0,9.13,988.13,-1403.15,4.316688545632958,matched,1
A2,before_annealing,20260514-190549,487,487,988.13,-1403.15,461.0,12.11,988.13,-1403.15,0.0,reference,1
A2,annealing_100_25,20260701-110203,362,488,914.45,-1406.37,281.0,9.46,914.49,-1408.73,2.3603389587092356,matched,1
A2,annealing_100_5,20260617-090129,424,488,914.66,-1406.51,435.0,11.77,914.49,-1408.73,2.2264994947226255,matched,1
A2,annealing_125_25,20260831-115727,318,488,917.41,-1410.01,177.0,7.51,914.49,-1408.73,3.1882283481582196,matched,1
A2,annealing_150_25,20260917-164036,220,488,914.12,-1407.07,112.0,5.97,914.49,-1408.73,1.7007351351695759,matched,1
A2,annealing_75_25,20260608-115621,455,488,917.75,-1411.74,419.0,11.55,914.49,-1408.73,4.4370823747142545,matched,1
A2,before_annealing,20260514-190549,488,488,914.49,-1408.73,458.0,12.07,914.49,-1408.73,0.0,reference,1
A2,annealing_100_25,20260701-110203,365,489,1027.62,-1404.55,32.0,3.19,1027.5,-1407.35,2.802570248896487,matched,1
A2,annealing_100_5,20260617-090129,426,489,1027.3,-1404.63,96.0,5.53,1027.5,-1407.35,2.7273430293967293,matched,2
A2,annealing_125_25,20260831-115727,320,489,1029.49,-1407.96,52.0,4.07,1027.5,-1407.35,2.081393763803522,matched,1
A2,annealing_75_25,20260608-115621,458,489,1030.27,-1410.18,123.0,6.26,1027.5,-1407.35,3.9600252524448343,matched,1
A2,before_annealing,20260514-190549,489,489,1027.5,-1407.35,112.0,5.97,1027.5,-1407.35,0.0,reference,1
A2,annealing_100_25,20260701-110203,364,490,1456.36,-1407.33,258.0,9.06,1456.29,-1409.98,2.6509243670841447,matched,2
A2,annealing_100_5,20260617-090129,425,490,1456.28,-1407.56,368.0,10.82,1456.29,-1409.98,2.4200206610688992,matched,2
A2,annealing_75_25,20260608-115621,456,490,1459.4,-1411.62,328.0,10.22,1456.29,-1409.98,3.515920931989281,matched,1
A2,before_annealing,20260514-190549,490,490,1456.29,-1409.98,263.0,9.15,1456.29,-1409.98,0.0,reference,1
A2,annealing_100_25,20260701-110203,366,491,1897.17,-1403.65,46.0,3.83,1895.94,-1406.31,2.9306142700804676,matched,1
A2,annealing_100_5,20260617-090129,427,491,1895.68,-1404.01,44.0,3.74,1895.94,-1406.31,2.314649001468643,matched,1
A2,annealing_125_25,20260831-115727,319,491,1898.96,-1405.31,44.0,3.74,1895.94,-1406.31,3.1812576129574746,matched,1
A2,annealing_75_25,20260608-115621,457,491,1898.95,-1406.69,52.0,4.07,1895.94,-1406.31,3.033891889965763,matched,1
A2,annealing_75_5,20260521-181553,469,491,1890.08,-1399.67,45.0,3.78,1895.94,-1406.31,8.856026196889879,matched,1
A2,before_annealing,20260514-190549,491,491,1895.94,-1406.31,50.0,3.99,1895.94,-1406.31,0.0,reference,1
A2,annealing_100_25,20260701-110203,368,492,1340.19,-1422.85,399.0,11.27,1340.15,-1425.53,2.6802984908402157,matched,2
A2,annealing_100_5,20260617-090129,428,492,1340.01,-1423.14,698.0,14.91,1340.15,-1425.53,2.394096906977539,matched,2
A2,annealing_125_25,20260831-115727,322,492,1342.61,-1426.04,323.0,10.14,1340.15,-1425.53,2.5123096942851317,matched,1
A2,annealing_150_25,20260917-164036,221,492,1339.54,-1423.49,181.0,7.59,1340.15,-1425.53,2.129248693788494,matched,2
A2,annealing_75_25,20260608-115621,460,492,1343.28,-1427.52,676.0,14.67,1340.15,-1425.53,3.7090430032555965,matched,1
A2,before_annealing,20260514-190549,492,492,1340.15,-1425.53,1040.0,18.19,1340.15,-1425.53,0.0,reference,1
A2,annealing_100_25,20260701-110203,367,493,2558.02,-1410.16,32.0,3.19,2558.0,-1412.68,2.520079363829621,matched,1
A2,annealing_100_5,20260617-090129,429,493,2557.86,-1410.93,50.0,3.99,2558.0,-1412.68,1.755591068557813,matched,1
A2,annealing_75_25,20260608-115621,459,493,2561.28,-1411.74,42.0,3.66,2558.0,-1412.68,3.4120375144481363,matched,1
A2,annealing_75_5,20260521-181553,471,493,2551.86,-1410.16,33.0,3.24,2558.0,-1412.68,6.637017402417922,matched,1
A2,before_annealing,20260514-190549,493,493,2558.0,-1412.68,38.0,3.48,2558.0,-1412.68,0.0,reference,1
A2,annealing_100_5,20260617-090129,431,494,2415.95,-1430.21,51.0,4.03,2415.64,-1431.38,1.2103718436910769,matched,1
A2,annealing_75_25,20260608-115621,462,494,2419.13,-1430.89,58.0,4.3,2415.64,-1431.38,3.5242304124449157,matched,1
A2,annealing_75_5,20260521-181553,473,494,2408.81,-1427.38,47.0,3.87,2415.64,-1431.38,7.915105811042516,matched,1
A2,before_annealing,20260514-190549,494,494,2415.64,-1431.38,136.0,6.58,2415.64,-1431.38,0.0,reference,1
A2,annealing_100_25,20260701-110203,369,495,678.35,-1429.82,86.0,5.23,678.48,-1433.12,3.302559613390756,matched,1
A2,annealing_100_5,20260617-090129,430,495,678.27,-1430.47,101.0,5.67,678.48,-1433.12,2.6583077323739803,matched,1
A2,annealing_75_25,20260608-115621,463,495,682.09,-1436.58,79.0,5.01,678.48,-1433.12,5.000369986311048,matched,1
A2,before_annealing,20260514-190549,495,495,678.48,-1433.12,95.0,5.5,678.48,-1433.12,0.0,reference,1
A2,annealing_100_25,20260701-110203,370,496,2690.51,-1435.3,213.0,8.23,2690.48,-1437.66,2.3601906702638695,matched,1
A2,annealing_100_5,20260617-090129,432,496,2690.28,-1436.64,241.0,8.76,2690.48,-1437.66,1.0394229168148499,matched,1
A2,annealing_125_25,20260831-115727,324,496,2693.17,-1436.58,231.0,8.57,2690.48,-1437.66,2.8987066081272572,matched,1
A2,annealing_125_5,20260727-122841,346,496,2684.91,-1435.55,219.0,8.35,2690.48,-1437.66,5.95625721405669,matched,1
A2,annealing_75_25,20260608-115621,461,496,2693.77,-1435.91,274.0,9.34,2690.48,-1437.66,3.726472863177694,matched,1
A2,annealing_75_5,20260521-181553,474,496,2684.39,-1434.98,282.0,9.47,2690.48,-1437.66,6.653608043761078,matched,1
A2,before_annealing,20260514-190549,496,496,2690.48,-1437.66,272.0,9.3,2690.48,-1437.66,0.0,reference,1
A2,before_annealing,20260514-190549,497,497,626.75,-1439.7,267.0,9.22,626.75,-1439.7,0.0,reference,1
A2,before_annealing,20260514-190549,498,498,907.69,-1433.27,37.0,3.43,907.69,-1433.27,0.0,reference,1
A2,annealing_100_25,20260701-110203,371,499,2173.69,-1449.31,306.0,9.87,2173.58,-1451.57,2.262675407565121,matched,1
A2,annealing_100_5,20260617-090129,434,499,2173.35,-1450.05,424.0,11.62,2173.58,-1451.57,1.5373028328862057,matched,1
A2,annealing_125_25,20260831-115727,325,499,2175.91,-1451.34,284.0,9.51,2173.58,-1451.57,2.3413244115243126,matched,1
A2,annealing_125_5,20260727-122841,347,499,2167.8,-1447.38,495.0,12.55,2173.58,-1451.57,7.138942498717552,matched,1
A2,annealing_150_25,20260917-164036,223,499,2172.82,-1451.62,86.0,5.23,2173.58,-1451.57,0.7616429609729457,matched,1
A2,annealing_75_25,20260608-115621,465,499,2176.87,-1451.44,399.0,11.27,2173.58,-1451.57,3.292567387313391,matched,1
A2,annealing_75_5,20260521-181553,475,499,2167.58,-1446.74,466.0,12.18,2173.58,-1451.57,7.7025255598407005,matched,1
A2,before_annealing,20260514-190549,499,499,2173.58,-1451.57,493.0,12.53,2173.58,-1451.57,0.0,reference,1
A2,annealing_100_5,20260617-090129,436,500,2533.55,-1446.13,171.0,7.38,2533.89,-1446.99,0.9247702417355447,matched,1
A2,annealing_125_25,20260831-115727,326,500,2535.7,-1445.78,34.0,3.29,2533.89,-1446.99,2.177200036744417,matched,1
A2,annealing_75_25,20260608-115621,466,500,2537.4,-1445.91,181.0,7.59,2533.89,-1446.99,3.672397037358757,matched,1
A2,annealing_75_5,20260521-181553,478,500,2527.71,-1443.63,107.0,5.84,2533.89,-1446.99,7.03434431912437,matched,1
A2,before_annealing,20260514-190549,500,500,2533.89,-1446.99,103.0,5.73,2533.89,-1446.99,0.0,reference,1
A2,annealing_100_5,20260617-090129,433,501,2583.15,-1444.09,144.0,6.77,2583.99,-1445.37,1.5310127367201785,matched,1
A2,annealing_75_25,20260608-115621,464,501,2587.22,-1443.42,124.0,6.28,2583.99,-1445.37,3.7729829048114447,matched,1
A2,annealing_75_5,20260521-181553,477,501,2577.55,-1442.34,134.0,6.53,2583.99,-1445.37,7.117197482155085,matched,1
A2,before_annealing,20260514-190549,501,501,2583.99,-1445.37,132.0,6.48,2583.99,-1445.37,0.0,reference,1
A2,annealing_100_25,20260701-110203,372,502,1096.44,-1447.82,141.0,6.7,1096.39,-1449.97,2.1505813167607464,matched,1
A2,annealing_100_5,20260617-090129,435,502,1096.42,-1448.03,174.0,7.44,1096.39,-1449.97,1.9402319448973646,matched,1
A2,annealing_125_25,20260831-115727,327,502,1099.11,-1451.35,91.0,5.38,1096.39,-1449.97,3.0500491799311344,matched,1
A2,annealing_75_25,20260608-115621,467,502,1099.96,-1452.71,307.0,9.89,1096.39,-1449.97,4.500277769204874,matched,1
A2,before_annealing,20260514-190549,502,502,1096.39,-1449.97,207.0,8.12,1096.39,-1449.97,0.0,reference,1
A2,annealing_100_25,20260701-110203,373,503,502.3,-1460.65,75.0,4.89,502.48,-1463.23,2.5862714474702044,matched,1
A2,annealing_100_5,20260617-090129,437,503,502.44,-1460.6,102.0,5.7,502.48,-1463.23,2.630304164920965,matched,1
A2,annealing_75_25,20260608-115621,468,503,505.99,-1467.33,122.0,6.23,502.48,-1463.23,5.397230771423359,matched,1
A2,before_annealing,20260514-190549,503,503,502.48,-1463.23,98.0,5.59,502.48,-1463.23,0.0,reference,1
A2,annealing_75_25,20260608-115621,470,504,1654.56,-1466.72,79.0,5.01,1651.53,-1465.74,3.1845407832213217,matched,1
A2,annealing_75_5,20260521-181553,480,504,1645.16,-1458.19,173.0,7.42,1651.53,-1465.74,9.878228586138201,matched,1
A2,before_annealing,20260514-190549,504,504,1651.53,-1465.74,317.0,10.05,1651.53,-1465.74,0.0,reference,1
A2,annealing_100_5,20260617-090129,440,505,2541.91,-1465.84,63.0,4.48,2541.64,-1466.85,1.0454664030947967,matched,1
A2,annealing_75_25,20260608-115621,469,505,2545.95,-1466.18,79.0,5.01,2541.64,-1466.85,4.3617656975128,matched,1
A2,annealing_75_5,20260521-181553,483,505,2535.59,-1463.24,96.0,5.53,2541.64,-1466.85,7.045182751355424,matched,1
A2,before_annealing,20260514-190549,505,505,2541.64,-1466.85,101.0,5.67,2541.64,-1466.85,0.0,reference,1
A2,annealing_100_25,20260701-110203,374,506,1428.42,-1477.22,451.0,11.98,1428.42,-1479.81,2.589999999999918,matched,2
A2,annealing_100_5,20260617-090129,439,506,1428.24,-1477.58,559.0,13.34,1428.42,-1479.81,2.23725277963848,matched,2
A2,annealing_125_25,20260831-115727,330,506,1430.71,-1480.42,305.0,9.85,1428.42,-1479.81,2.369852316073723,matched,1
A2,annealing_150_25,20260917-164036,224,506,1427.89,-1478.22,222.0,8.41,1428.42,-1479.81,1.6760071598891548,matched,2
A2,annealing_75_25,20260608-115621,471,506,1431.73,-1481.62,743.0,15.38,1428.42,-1479.81,3.7725588133254386,matched,1
A2,before_annealing,20260514-190549,506,506,1428.42,-1479.81,705.0,14.98,1428.42,-1479.81,0.0,reference,1
A2,annealing_100_5,20260617-090129,438,507,902.21,-1466.42,34.0,3.29,902.88,-1469.58,3.230247668523116,matched,1
A2,annealing_125_25,20260831-115727,329,507,904.04,-1470.1,33.0,3.24,902.88,-1469.58,1.2712198865656197,matched,1
A2,before_annealing,20260514-190549,507,507,902.88,-1469.58,41.0,3.61,902.88,-1469.58,0.0,reference,1
A2,annealing_100_25,20260701-110203,376,508,1277.33,-1481.73,313.0,9.98,1277.55,-1484.83,3.1077966471439935,matched,2
A2,annealing_100_5,20260617-090129,441,508,1277.5,-1482.63,101.0,5.67,1277.55,-1484.83,2.200568108466356,matched,1
A2,annealing_75_25,20260608-115621,472,508,1280.69,-1486.61,326.0,10.19,1277.55,-1484.83,3.609432088293189,matched,1
A2,before_annealing,20260514-190549,508,508,1277.55,-1484.83,130.0,6.43,1277.55,-1484.83,0.0,reference,1
A2,annealing_100_25,20260701-110203,377,509,1695.56,-1488.41,63.0,4.48,1695.74,-1490.82,2.416712643240673,matched,2
A2,annealing_100_5,20260617-090129,442,509,1695.38,-1488.47,62.0,4.44,1695.74,-1490.82,2.37741456208199,matched,2
A2,annealing_125_25,20260831-115727,331,509,1696.51,-1491.42,72.0,4.79,1695.74,-1490.82,0.9761659694950114,matched,1
A2,annealing_150_25,20260917-164036,225,509,1693.91,-1489.05,180.0,7.57,1695.74,-1490.82,2.54593794111319,matched,2
A2,annealing_75_25,20260608-115621,473,509,1697.58,-1491.74,79.0,5.01,1695.74,-1490.82,2.057182539299766,matched,1
A2,before_annealing,20260514-190549,509,509,1695.74,-1490.82,107.0,5.84,1695.74,-1490.82,0.0,reference,1
A2,annealing_75_25,20260608-115621,474,510,465.27,-1507.52,30.0,3.09,460.45,-1502.83,6.7252137512498775,matched,1
A2,before_annealing,20260514-190549,510,510,460.45,-1502.83,31.0,3.14,460.45,-1502.83,0.0,reference,1
A2,annealing_100_25,20260701-110203,379,511,543.45,-1518.96,228.0,8.52,543.78,-1521.49,2.551430971043468,matched,1
A2,annealing_100_5,20260617-090129,444,511,543.62,-1519.14,283.0,9.49,543.78,-1521.49,2.3554405108173637,matched,1
A2,annealing_125_25,20260831-115727,332,511,546.57,-1523.57,247.0,8.87,543.78,-1521.49,3.4800143677864503,matched,1
A2,annealing_150_25,20260917-164036,226,511,542.98,-1519.26,219.0,8.35,543.78,-1521.49,2.3691559678501557,matched,1
A2,annealing_75_25,20260608-115621,476,511,547.23,-1525.7,250.0,8.92,543.78,-1521.49,5.443032243152765,matched,1
A2,before_annealing,20260514-190549,511,511,543.78,-1521.49,721.0,15.15,543.78,-1521.49,0.0,reference,1
A2,annealing_100_25,20260701-110203,378,512,1141.01,-1508.69,55.0,4.18,1141.45,-1511.43,2.7751036016696924,matched,1
A2,annealing_100_5,20260617-090129,443,512,1140.64,-1508.35,99.0,5.61,1141.45,-1511.43,3.1847291878589714,matched,2
A2,annealing_75_25,20260608-115621,475,512,1144.7,-1513.29,69.0,4.69,1141.45,-1511.43,3.744609458942231,matched,1
A2,before_annealing,20260514-190549,512,512,1141.45,-1511.43,78.0,4.98,1141.45,-1511.43,0.0,reference,1
A2,annealing_100_25,20260701-110203,380,513,1621.39,-1524.36,302.0,9.8,1621.62,-1526.71,2.3612284938142993,matched,2
A2,annealing_100_5,20260617-090129,445,513,1621.31,-1524.8,344.0,10.46,1621.62,-1526.71,1.9349935400409684,matched,2
A2,annealing_125_25,20260831-115727,334,513,1624.4,-1527.0,178.0,7.53,1621.62,-1526.71,2.795084971874932,matched,1
A2,annealing_150_25,20260917-164036,228,513,1621.82,-1524.42,55.0,4.18,1621.62,-1526.71,2.2987170334775553,matched,2
A2,annealing_75_25,20260608-115621,477,513,1624.89,-1527.98,354.0,10.62,1621.62,-1526.71,3.507962371520157,matched,1
A2,before_annealing,20260514-190549,513,513,1621.62,-1526.71,352.0,10.59,1621.62,-1526.71,0.0,reference,1
A2,annealing_125_25,20260831-115727,333,514,439.68,-1523.95,110.0,5.92,437.11,-1522.02,3.214000622277508,matched,1
A2,before_annealing,20260514-190549,514,514,437.11,-1522.02,74.0,4.85,437.11,-1522.02,0.0,reference,1
A2,annealing_100_25,20260701-110203,381,515,1825.66,-1521.7,41.0,3.61,1826.43,-1524.22,2.635014231460597,matched,1
A2,annealing_100_5,20260617-090129,446,515,1825.67,-1522.05,90.0,5.35,1826.43,-1524.22,2.299239004540481,matched,1
A2,annealing_75_25,20260608-115621,480,515,1829.18,-1524.57,69.0,4.69,1826.43,-1524.22,2.7721832551258108,matched,1
A2,annealing_75_5,20260521-181553,491,515,1819.35,-1517.33,122.0,6.23,1826.43,-1524.22,9.879195311360311,matched,1
A2,before_annealing,20260514-190549,515,515,1826.43,-1524.22,105.0,5.78,1826.43,-1524.22,0.0,reference,1
A2,annealing_100_25,20260701-110203,382,516,2366.11,-1528.49,194.0,7.86,2366.17,-1530.74,2.250799857828322,matched,1
A2,annealing_100_5,20260617-090129,447,516,2365.69,-1529.36,308.0,9.9,2366.17,-1530.74,1.4610954794264195,matched,1
A2,annealing_125_25,20260831-115727,335,516,2368.33,-1530.51,158.0,7.09,2366.17,-1530.74,2.172210855326752,matched,1
A2,annealing_125_5,20260727-122841,355,516,2360.12,-1527.27,221.0,8.39,2366.17,-1530.74,6.97448205962295,matched,1
A2,annealing_150_25,20260917-164036,229,516,2366.1,-1529.8,124.0,6.28,2366.17,-1530.74,0.9426027795419052,matched,1
A2,annealing_75_25,20260608-115621,479,516,2369.28,-1530.26,290.0,9.61,2366.17,-1530.74,3.1468237955120415,matched,1
A2,annealing_75_5,20260521-181553,492,516,2359.68,-1526.75,319.0,10.08,2366.17,-1530.74,7.618411908003081,matched,1
A2,before_annealing,20260514-190549,516,516,2366.17,-1530.74,302.0,9.8,2366.17,-1530.74,0.0,reference,1
A2,annealing_100_25,20260701-110203,383,517,957.06,-1542.99,109.0,5.89,956.83,-1545.54,2.5603515383633795,matched,1
A2,annealing_100_5,20260617-090129,448,517,956.69,-1543.24,108.0,5.86,956.83,-1545.54,2.3042569301186417,matched,1
A2,annealing_125_25,20260831-115727,336,517,959.69,-1546.5,202.0,8.02,956.83,-1545.54,3.0168195173062884,matched,1
A2,annealing_75_25,20260608-115621,482,517,960.61,-1548.43,132.0,6.48,956.83,-1545.54,4.758203442477042,matched,1
A2,before_annealing,20260514-190549,517,517,956.83,-1545.54,330.0,10.25,956.83,-1545.54,0.0,reference,1
A2,annealing_100_25,20260701-110203,386,518,2621.81,-1549.49,104.0,5.75,2621.77,-1551.92,2.4303291958087296,matched,1
A2,annealing_100_5,20260617-090129,450,518,2621.83,-1550.73,155.0,7.02,2621.77,-1551.92,1.1915116449284595,matched,1
A2,annealing_125_25,20260831-115727,338,518,2624.91,-1551.77,55.0,4.18,2621.77,-1551.92,3.143580760852062,matched,1
A2,annealing_125_5,20260727-122841,358,518,2615.63,-1549.13,114.0,6.02,2621.77,-1551.92,6.744160437000163,matched,1
A2,annealing_150_25,20260917-164036,230,518,2621.75,-1551.22,42.0,3.66,2621.77,-1551.92,0.7002856560005087,matched,1
A2,annealing_75_25,20260608-115621,484,518,2625.25,-1550.39,220.0,8.37,2621.77,-1551.92,3.8014865513375216,matched,1
A2,annealing_75_5,20260521-181553,495,518,2615.32,-1548.95,725.0,15.19,2621.77,-1551.92,7.10094359926889,matched,1
A2,before_annealing,20260514-190549,518,518,2621.77,-1551.92,773.0,15.69,2621.77,-1551.92,0.0,reference,1
A2,annealing_100_25,20260701-110203,384,519,421.55,-1548.09,229.0,8.54,421.52,-1550.65,2.560175775215617,matched,1
A2,annealing_100_5,20260617-090129,449,519,421.46,-1548.13,207.0,8.12,421.52,-1550.65,2.5207141845119825,matched,1
A2,annealing_75_25,20260608-115621,481,519,425.21,-1554.89,180.0,7.57,421.52,-1550.65,5.620827341237236,matched,1
A2,before_annealing,20260514-190549,519,519,421.52,-1550.65,180.0,7.57,421.52,-1550.65,0.0,reference,1
A2,annealing_100_25,20260701-110203,385,520,1553.23,-1547.35,123.0,6.26,1553.21,-1550.22,2.8700696855652614,matched,2
A2,annealing_100_5,20260617-090129,451,520,1553.16,-1548.08,168.0,7.31,1553.21,-1550.22,2.140584032454793,matched,2
A2,annealing_125_25,20260831-115727,337,520,1555.7,-1550.17,48.0,3.91,1553.21,-1550.22,2.4905019574375045,matched,1
A2,annealing_75_25,20260608-115621,483,520,1556.87,-1551.39,179.0,7.55,1553.21,-1550.22,3.8424601494353987,matched,1
A2,before_annealing,20260514-190549,520,520,1553.21,-1550.22,110.0,5.92,1553.21,-1550.22,0.0,reference,1
A2,annealing_100_25,20260701-110203,387,521,1135.05,-1566.62,367.0,10.81,1135.31,-1569.16,2.5532724100653588,matched,2
A2,annealing_100_5,20260617-090129,452,521,1135.12,-1566.65,423.0,11.6,1135.31,-1569.16,2.5171809629027417,matched,2
A2,annealing_125_25,20260831-115727,341,521,1138.01,-1570.37,201.0,8.0,1135.31,-1569.16,2.9587328368745602,matched,1
A2,annealing_75_25,20260608-115621,487,521,1138.65,-1571.78,583.0,13.62,1135.31,-1569.16,4.244997055358272,matched,1
A2,before_annealing,20260514-190549,521,521,1135.31,-1569.16,482.0,12.39,1135.31,-1569.16,0.0,reference,1
A2,annealing_75_25,20260608-115621,488,522,1937.15,-1563.25,57.0,4.26,1934.52,-1562.24,2.8172681803478623,matched,1
A2,annealing_75_5,20260521-181553,498,522,1927.54,-1555.99,88.0,5.29,1934.52,-1562.24,9.3692529051147,matched,1
A2,before_annealing,20260514-190549,522,522,1934.52,-1562.24,87.0,5.26,1934.52,-1562.24,0.0,reference,1
A2,before_annealing,20260514-190549,523,523,1467.32,-1561.58,38.0,3.48,1467.32,-1561.58,0.0,reference,1
A2,annealing_125_25,20260831-115727,340,524,1455.5,-1566.43,87.0,5.26,1453.37,-1566.41,2.1300938946441925,matched,1
A2,before_annealing,20260514-190549,524,524,1453.37,-1566.41,48.0,3.91,1453.37,-1566.41,0.0,reference,1
A2,annealing_100_25,20260701-110203,390,525,1105.98,-1592.29,861.0,16.55,1106.12,-1594.7,2.4140629652103853,matched,1
A2,annealing_100_5,20260617-090129,454,525,1106.07,-1592.52,771.0,15.67,1106.12,-1594.7,2.1805733191067604,matched,1
A2,annealing_125_25,20260831-115727,345,525,1109.0,-1595.94,203.0,8.04,1106.12,-1594.7,3.135602015562666,matched,1
A2,annealing_150_25,20260917-164036,233,525,1105.51,-1592.41,234.0,8.63,1106.12,-1594.7,2.3698523160736644,matched,1
A2,annealing_75_25,20260608-115621,490,525,1109.82,-1597.29,875.0,16.69,1106.12,-1594.7,4.516425577821461,matched,1
A2,before_annealing,20260514-190549,525,525,1106.12,-1594.7,942.0,17.32,1106.12,-1594.7,0.0,reference,1
A2,annealing_100_25,20260701-110203,388,526,1316.72,-1581.39,155.0,7.02,1316.6,-1584.07,2.682685221936996,matched,2
A2,annealing_100_5,20260617-090129,453,526,1316.19,-1581.55,194.0,7.86,1316.6,-1584.07,2.5531353273964523,matched,2
A2,annealing_125_25,20260831-115727,342,526,1319.26,-1584.85,462.0,12.13,1316.6,-1584.07,2.7720028860014545,matched,1
A2,annealing_150_25,20260917-164036,232,526,1316.43,-1582.03,31.0,3.14,1316.6,-1584.07,2.0470710783946413,matched,2
A2,annealing_75_25,20260608-115621,491,526,1320.26,-1586.3,191.0,7.8,1316.6,-1584.07,4.285848807412679,matched,1
A2,before_annealing,20260514-190549,526,526,1316.6,-1584.07,154.0,7.0,1316.6,-1584.07,0.0,reference,1
A2,annealing_100_25,20260701-110203,389,527,403.62,-1586.0,199.0,7.96,403.48,-1588.66,2.6636816626617437,matched,1
A2,annealing_100_5,20260617-090129,455,527,403.52,-1586.13,245.0,8.83,403.48,-1588.66,2.530316185775971,matched,1
A2,annealing_125_25,20260831-115727,344,527,406.54,-1590.63,149.0,6.89,403.48,-1588.66,3.6392993831230926,matched,1
A2,annealing_150_25,20260917-164036,231,527,403.08,-1586.51,158.0,7.09,403.48,-1588.66,2.186892772862999,matched,1
A2,annealing_75_25,20260608-115621,492,527,407.1,-1593.05,225.0,8.46,403.48,-1588.66,5.690035149276225,matched,1
A2,before_annealing,20260514-190549,527,527,403.48,-1588.66,233.0,8.61,403.48,-1588.66,0.0,reference,1
A2,annealing_75_25,20260608-115621,493,528,1044.54,-1590.57,77.0,4.95,1040.66,-1588.83,4.252293498807333,matched,1
A2,before_annealing,20260514-190549,528,528,1040.66,-1588.83,85.0,5.2,1040.66,-1588.83,0.0,reference,1
A2,annealing_100_5,20260617-090129,456,529,590.44,-1589.18,59.0,4.33,590.71,-1590.3,1.1520850663035893,matched,1
A2,annealing_75_25,20260608-115621,495,529,595.26,-1595.26,67.0,4.62,590.71,-1590.3,6.730832043662948,matched,1
A2,before_annealing,20260514-190549,529,529,590.71,-1590.3,88.0,5.29,590.71,-1590.3,0.0,reference,1
A2,annealing_100_25,20260701-110203,391,530,2090.61,-1592.32,153.0,6.98,2091.07,-1594.86,2.581317493064317,matched,1
A2,annealing_100_5,20260617-090129,457,530,2089.96,-1593.01,170.0,7.36,2091.07,-1594.86,2.157452201092749,matched,1
A2,annealing_125_25,20260831-115727,343,530,2093.37,-1594.51,354.0,10.62,2091.07,-1594.86,2.326478024826085,matched,1
A2,annealing_125_5,20260727-122841,364,530,2084.3,-1590.24,189.0,7.76,2091.07,-1594.86,8.196175937594235,matched,1
A2,annealing_150_25,20260917-164036,234,530,2090.46,-1593.78,72.0,4.79,2091.07,-1594.86,1.2403628501370065,matched,1
A2,annealing_75_25,20260608-115621,494,530,2094.12,-1595.05,126.0,6.33,2091.07,-1594.86,3.05591230240633,matched,1
A2,annealing_75_5,20260521-181553,508,530,2083.78,-1589.75,131.0,6.46,2091.07,-1594.86,8.902595127264771,matched,1
A2,before_annealing,20260514-190549,530,530,2091.07,-1594.86,143.0,6.75,2091.07,-1594.86,0.0,reference,1
A2,annealing_100_5,20260617-090129,459,531,1816.08,-1592.87,50.0,3.99,1816.51,-1595.56,2.7241512439657876,matched,1
A2,annealing_150_25,20260917-164036,235,531,1816.79,-1593.49,33.0,3.24,1816.51,-1595.56,2.0888513590008557,matched,1
A2,annealing_75_25,20260608-115621,496,531,1820.4,-1595.47,64.0,4.51,1816.51,-1595.56,3.8910409918170696,matched,1
A2,annealing_75_5,20260521-181553,507,531,1809.91,-1588.81,73.0,4.82,1816.51,-1595.56,9.440471386535675,matched,1
A2,before_annealing,20260514-190549,531,531,1816.51,-1595.56,42.0,3.66,1816.51,-1595.56,0.0,reference,1
A2,annealing_125_25,20260831-115727,347,532,2381.58,-1602.47,76.0,4.92,2383.96,-1596.34,6.575811736964636,matched,1
A2,before_annealing,20260514-190549,532,532,2383.96,-1596.34,31.0,3.14,2383.96,-1596.34,0.0,reference,1
A2,annealing_100_25,20260701-110203,392,533,2486.1,-1609.75,232.0,8.59,2486.38,-1611.84,2.108672568228593,matched,1
A2,annealing_100_5,20260617-090129,461,533,2485.47,-1610.71,220.0,8.37,2486.38,-1611.84,1.4508618128547928,matched,1
A2,annealing_125_25,20260831-115727,348,533,2488.67,-1611.61,97.0,5.56,2486.38,-1611.84,2.3015212360523294,matched,1
A2,annealing_125_5,20260727-122841,367,533,2479.79,-1608.95,215.0,8.27,2486.38,-1611.84,7.1958460239224955,matched,1
A2,annealing_150_25,20260917-164036,237,533,2485.82,-1610.83,265.0,9.18,2486.38,-1611.84,1.1548592987892163,matched,1
A2,annealing_75_25,20260608-115621,498,533,2489.71,-1611.05,234.0,8.63,2486.38,-1611.84,3.4224260401065583,matched,1
A2,annealing_75_5,20260521-181553,509,533,2479.36,-1608.28,496.0,12.57,2486.38,-1611.84,7.871086329090754,matched,1
A2,before_annealing,20260514-190549,533,533,2486.38,-1611.84,515.0,12.8,2486.38,-1611.84,0.0,reference,1
A2,annealing_75_25,20260608-115621,497,534,720.18,-1604.24,43.0,3.7,715.94,-1599.73,6.190129239361569,matched,1
A2,before_annealing,20260514-190549,534,534,715.94,-1599.73,56.0,4.22,715.94,-1599.73,0.0,reference,1
A2,annealing_100_5,20260617-090129,460,535,1703.62,-1604.89,67.0,4.62,1704.1,-1606.82,1.9887936041729886,matched,2
A2,annealing_75_25,20260608-115621,499,535,1707.26,-1607.75,73.0,4.82,1704.1,-1606.82,3.294009714618437,matched,1
A2,before_annealing,20260514-190549,535,535,1704.1,-1606.82,64.0,4.51,1704.1,-1606.82,0.0,reference,1
A2,annealing_75_5,20260521-181553,512,536,636.54,617.28,85.0,5.2,639.15,609.03,8.653011036627658,matched,1
A2,before_annealing,20260514-190549,536,536,639.15,609.03,327.0,10.2,639.15,609.03,0.0,reference,1
A2,annealing_100_25,20260701-110203,393,537,648.27,573.81,1638.0,22.83,647.62,573.04,1.0076705810928204,matched,1
A2,annealing_100_5,20260617-090129,36,537,648.81,573.76,1630.0,22.78,647.62,573.04,1.3908630414242442,matched,1
A2,annealing_125_25,20260831-115727,30,537,647.51,569.38,217.0,8.31,647.62,573.04,3.661652632350558,matched,1
A2,annealing_125_5,20260727-122841,30,537,648.96,578.96,2376.0,27.5,647.62,573.04,6.069761115563029,matched,1
A2,annealing_75_25,20260608-115621,39,537,645.77,567.13,1824.0,24.1,647.62,573.04,6.192786125807972,matched,1
A2,annealing_75_5,20260521-181553,41,537,649.53,582.51,2614.0,28.85,647.62,573.04,9.660693556882984,matched,1
A2,before_annealing,20260514-190549,537,537,647.62,573.04,3258.0,32.2,647.62,573.04,0.0,reference,1
A2,annealing_125_5,20260727-122841,36,538,610.72,576.21,48.0,3.91,606.93,576.1,3.7915959700369695,matched,1
A2,before_annealing,20260514-190549,538,538,606.93,576.1,333.0,10.3,606.93,576.1,0.0,reference,1
A2,before_annealing,20260514-190549,539,539,664.03,552.18,100.0,5.64,664.03,552.18,0.0,reference,1
A2,annealing_100_25,20260701-110203,395,540,1057.95,584.0,106.0,5.81,1057.43,583.5,0.7213875518748443,matched,1
A2,annealing_100_5,20260617-090129,462,540,1058.4,583.79,213.0,8.23,1057.43,583.5,1.012422836565845,matched,1
A2,annealing_125_25,20260831-115727,349,540,1057.11,579.95,73.0,4.82,1057.43,583.5,3.5643933565194206,matched,2
A2,annealing_75_25,20260608-115621,500,540,1055.22,578.81,238.0,8.7,1057.43,583.5,5.18461184660922,matched,2
A2,annealing_75_5,20260521-181553,513,540,1060.21,578.47,1190.0,19.46,1057.43,583.5,5.747112318373426,matched,2
A2,before_annealing,20260514-190549,540,540,1057.43,583.5,194.0,7.86,1057.43,583.5,0.0,reference,1
A2,annealing_75_5,20260521-181553,514,541,1081.32,585.67,334.0,10.31,1079.31,577.7,8.219549866020559,matched,1
A2,before_annealing,20260514-190549,541,541,1079.31,577.7,303.0,9.82,1079.31,577.7,0.0,reference,1
A2,annealing_100_25,20260701-110203,396,542,1058.77,570.53,213.0,8.23,1058.38,570.12,0.5658621740316935,matched,1
A2,annealing_100_5,20260617-090129,463,542,1059.62,570.41,279.0,9.42,1058.38,570.12,1.2734598540980542,matched,1
A2,annealing_125_25,20260831-115727,350,542,1058.03,567.19,146.0,6.82,1058.38,570.12,2.9508303916016256,matched,1
A2,annealing_125_5,20260727-122841,32,542,1059.26,576.9,253.0,8.97,1058.38,570.12,6.836870629169417,matched,2
A2,annealing_150_25,20260917-164036,18,542,1058.85,569.48,252.0,8.96,1058.38,570.12,0.7940403012440832,matched,1
A2,annealing_75_25,20260608-115621,501,542,1056.55,565.26,408.0,11.4,1058.38,570.12,5.193120449209771,matched,1
A2,before_annealing,20260514-190549,542,542,1058.38,570.12,399.0,11.27,1058.38,570.12,0.0,reference,1
A2,annealing_100_25,20260701-110203,37,543,2145.06,492.78,668.0,14.58,2144.25,491.93,1.1741379816698945,matched,1
A2,annealing_100_5,20260617-090129,50,543,2144.45,492.18,964.0,17.52,2144.25,491.93,0.3201562118715288,matched,1
A2,annealing_125_25,20260831-115727,40,543,2143.78,490.66,347.0,10.51,2144.25,491.93,1.3541787178950073,matched,1
A2,annealing_125_5,20260727-122841,43,543,2144.81,494.24,849.0,16.44,2144.25,491.93,2.3769097584889396,matched,1
A2,annealing_150_25,20260917-164036,25,543,2143.81,491.75,99.0,5.61,2144.25,491.93,0.4753945729602416,matched,1
A2,annealing_150_5,20260909-160823,32,543,2143.27,484.55,121.0,6.21,2144.25,491.93,7.444783408535131,matched,1
A2,annealing_75_25,20260608-115621,54,543,2142.03,490.63,752.0,15.47,2144.25,491.93,2.572625118434309,matched,1
A2,annealing_75_5,20260521-181553,61,543,2145.46,494.81,686.0,14.78,2144.25,491.93,3.1238597919881204,matched,1
A2,before_annealing,20260514-190549,543,543,2144.25,491.93,724.0,15.18,2144.25,491.93,0.0,reference,1
A2,before_annealing,20260514-190549,544,544,2165.14,487.07,107.0,5.84,2165.14,487.07,0.0,reference,1
A2,annealing_100_25,20260701-110203,55,545,1191.21,391.05,311.0,9.95,1190.82,390.28,0.8631338250816831,matched,1
A2,annealing_100_5,20260617-090129,69,545,1191.72,391.42,282.0,9.47,1190.82,390.28,1.4524462124293147,matched,1
A2,annealing_125_25,20260831-115727,51,545,1190.35,387.66,299.0,9.76,1190.82,390.28,2.661822683801412,matched,1
A2,annealing_125_5,20260727-122841,57,545,1190.94,395.83,291.0,9.62,1190.82,390.28,5.551297145712897,matched,1
A2,annealing_75_25,20260608-115621,78,545,1188.81,385.96,473.0,12.27,1190.82,390.28,4.764714052280567,matched,1
A2,annealing_75_5,20260521-181553,515,545,1191.2,397.63,330.0,10.25,1190.82,390.28,7.359816573801307,matched,1
A2,before_annealing,20260514-190549,545,545,1190.82,390.28,327.0,10.2,1190.82,390.28,0.0,reference,1
A2,annealing_75_5,20260521-181553,516,546,1178.99,391.99,146.0,6.82,1178.53,384.44,7.564000264410374,matched,1
A2,before_annealing,20260514-190549,546,546,1178.53,384.44,119.0,6.15,1178.53,384.44,0.0,reference,1
A2,annealing_75_25,20260608-115621,502,547,822.23,389.64,91.0,5.38,823.61,395.05,5.583233829959145,matched,1
A2,annealing_75_5,20260521-181553,517,547,823.06,403.86,78.0,4.98,823.61,395.05,8.827151295859844,matched,1
A2,before_annealing,20260514-190549,547,547,823.61,395.05,84.0,5.17,823.61,395.05,0.0,reference,1
A2,annealing_100_25,20260701-110203,57,548,839.55,385.7,300.0,9.77,839.07,385.17,0.7150524456289059,matched,1
A2,annealing_100_5,20260617-090129,71,548,840.12,386.0,416.0,11.51,839.07,385.17,1.3384319183282645,matched,1
A2,annealing_125_25,20260831-115727,52,548,838.67,381.75,318.0,10.06,839.07,385.17,3.443312358761572,matched,1
A2,annealing_125_5,20260727-122841,59,548,839.48,391.01,453.0,12.01,839.07,385.17,5.85437443284931,matched,1
A2,annealing_150_25,20260917-164036,31,548,838.8,384.95,119.0,6.15,839.07,385.17,0.3482814953454512,matched,1
A2,annealing_75_25,20260608-115621,503,548,837.08,380.19,385.0,11.07,839.07,385.17,5.362881688047968,matched,1
A2,annealing_75_5,20260521-181553,518,548,839.11,394.32,399.0,11.27,839.07,385.17,9.15008743127625,matched,1
A2,before_annealing,20260514-190549,548,548,839.07,385.17,522.0,12.89,839.07,385.17,0.0,reference,1
A2,annealing_100_25,20260701-110203,94,549,2389.09,186.42,193.0,7.84,2388.9,185.79,0.6580273550544954,matched,1
A2,annealing_100_5,20260617-090129,468,549,2389.2,186.37,423.0,11.6,2388.9,185.79,0.6529931086924661,matched,1
A2,annealing_125_25,20260831-115727,83,549,2388.35,185.89,171.0,7.38,2388.9,185.79,0.5590169943751254,matched,1
A2,annealing_125_5,20260727-122841,368,549,2387.81,188.03,550.0,13.23,2388.9,185.79,2.4911242441918384,matched,1
A2,annealing_150_25,20260917-164036,56,549,2388.18,186.48,100.0,5.64,2388.9,185.79,0.997246208315862,matched,1
A2,annealing_150_5,20260909-160823,77,549,2391.39,182.34,70.0,4.72,2388.9,185.79,4.25471503158541,matched,1
A2,annealing_75_25,20260608-115621,504,549,2387.19,184.52,680.0,14.71,2388.9,185.79,2.130023474049072,matched,1
A2,annealing_75_5,20260521-181553,521,549,2388.6,187.74,525.0,12.93,2388.9,185.79,1.9729419656949303,matched,1
A2,before_annealing,20260514-190549,549,549,2388.9,185.79,643.0,14.31,2388.9,185.79,0.0,reference,1
A2,annealing_100_25,20260701-110203,97,550,2367.29,176.78,283.0,9.49,2367.21,176.65,0.15264337522469548,matched,1
A2,annealing_100_5,20260617-090129,469,550,2367.6,176.86,769.0,15.65,2367.21,176.65,0.44294469180689366,matched,1
A2,annealing_125_25,20260831-115727,86,550,2366.76,175.72,269.0,9.25,2367.21,176.65,1.0331505214632808,matched,1
A2,annealing_125_5,20260727-122841,369,550,2366.28,178.39,329.0,10.23,2367.21,176.65,1.9729419656947915,matched,1
A2,annealing_150_25,20260917-164036,61,550,2366.4,176.04,91.0,5.38,2367.21,176.65,1.014001972384634,matched,1
A2,annealing_150_5,20260909-160823,80,550,2369.31,171.57,140.0,6.68,2367.21,176.65,5.496944605869677,matched,1
A2,annealing_75_25,20260608-115621,505,550,2365.52,175.14,609.0,13.92,2367.21,176.65,2.2663186007267915,matched,1
A2,annealing_75_5,20260521-181553,522,550,2366.89,178.41,578.0,13.56,2367.21,176.65,1.7888543819998521,matched,1
A2,before_annealing,20260514-190549,550,550,2367.21,176.65,658.0,14.47,2367.21,176.65,0.0,reference,1
A2,annealing_100_5,20260617-090129,470,551,1628.85,172.42,192.0,7.82,1627.65,171.87,1.3200378782442361,matched,1
A2,annealing_125_5,20260727-122841,370,551,1627.91,174.79,148.0,6.86,1627.65,171.87,2.9315524897227956,matched,1
A2,annealing_75_25,20260608-115621,506,551,1626.86,168.75,202.0,8.02,1627.65,171.87,3.2184623657890317,matched,1
A2,annealing_75_5,20260521-181553,523,551,1627.23,177.06,184.0,7.65,1627.65,171.87,5.206966487312938,matched,1
A2,before_annealing,20260514-190549,551,551,1627.65,171.87,191.0,7.8,1627.65,171.87,0.0,reference,1
A2,annealing_100_25,20260701-110203,100,552,1629.47,149.6,840.0,16.35,1629.33,149.07,0.5481788029466564,matched,1
A2,annealing_100_5,20260617-090129,471,552,1630.01,149.81,687.0,14.79,1629.33,149.07,1.004987562112139,matched,1
A2,annealing_125_25,20260831-115727,88,552,1629.11,147.17,719.0,15.13,1629.33,149.07,1.9126944345608459,matched,1
A2,annealing_125_5,20260727-122841,371,552,1628.59,153.12,1239.0,19.86,1629.33,149.07,4.1170499146840696,matched,1
A2,annealing_150_25,20260917-164036,63,552,1628.64,149.04,484.0,12.41,1629.33,149.07,0.6906518659931077,matched,1
A2,annealing_75_25,20260608-115621,507,552,1627.91,145.95,670.0,14.6,1629.33,149.07,3.4279439902074813,matched,1
A2,annealing_75_5,20260521-181553,524,552,1628.62,154.52,753.0,15.48,1629.33,149.07,5.496053129291987,matched,1
A2,before_annealing,20260514-190549,552,552,1629.33,149.07,827.0,16.22,1629.33,149.07,0.0,reference,1
A2,annealing_100_25,20260701-110203,397,553,1044.62,109.63,570.0,13.47,1044.42,109.12,0.5478138369920187,matched,1
A2,annealing_100_5,20260617-090129,474,553,1045.03,109.86,509.0,12.73,1044.42,109.12,0.9590099061010112,matched,1
A2,annealing_125_25,20260831-115727,351,553,1044.35,106.17,459.0,12.09,1044.42,109.12,2.9508303916016656,matched,1
A2,annealing_125_5,20260727-122841,372,553,1043.81,114.58,753.0,15.48,1044.42,109.12,5.493969421101658,matched,1
A2,annealing_150_25,20260917-164036,68,553,1043.85,108.8,211.0,8.2,1044.42,109.12,0.6536818798163151,matched,1
A2,annealing_75_25,20260608-115621,510,553,1043.29,104.87,494.0,12.54,1044.42,109.12,4.397658467866763,matched,1
A2,annealing_75_5,20260521-181553,525,553,1043.34,117.59,495.0,12.55,1044.42,109.12,8.538577164844288,matched,1
A2,before_annealing,20260514-190549,553,553,1044.42,109.12,673.0,14.64,1044.42,109.12,0.0,reference,1
A2,annealing_100_25,20260701-110203,398,554,1019.51,101.05,589.0,13.69,1019.16,100.45,0.6946221994724968,matched,1
A2,annealing_100_5,20260617-090129,475,554,1019.98,101.47,753.0,15.48,1019.16,100.45,1.3087398519186593,matched,1
A2,annealing_125_25,20260831-115727,352,554,1019.52,97.48,417.0,11.52,1019.16,100.45,2.9917386249470397,matched,1
A2,annealing_125_5,20260727-122841,373,554,1019.08,105.76,463.0,12.14,1019.16,100.45,5.310602602341849,matched,1
A2,annealing_150_25,20260917-164036,70,554,1018.39,100.49,124.0,6.28,1019.16,100.45,0.7710382610480309,matched,1
A2,annealing_75_25,20260608-115621,511,554,1018.07,96.14,757.0,15.52,1019.16,100.45,4.445694546412275,matched,1
A2,annealing_75_5,20260521-181553,526,554,1018.01,109.11,825.0,16.21,1019.16,100.45,8.736023122680015,matched,1
A2,before_annealing,20260514-190549,554,554,1019.16,100.45,737.0,15.32,1019.16,100.45,0.0,reference,1
A2,annealing_100_25,20260701-110203,399,555,1035.9,94.97,302.0,9.8,1035.75,94.47,0.5220153254455536,matched,1
A2,annealing_100_5,20260617-090129,476,555,1036.38,95.14,338.0,10.37,1035.75,94.47,0.9196738552335495,matched,1
A2,annealing_125_25,20260831-115727,353,555,1035.62,91.7,310.0,9.93,1035.75,94.47,2.7730488636156427,matched,1
A2,annealing_125_5,20260727-122841,374,555,1035.2,99.81,313.0,9.98,1035.75,94.47,5.368249249056902,matched,1
A2,annealing_150_25,20260917-164036,72,555,1035.27,94.72,59.0,4.33,1035.75,94.47,0.5412023651094084,matched,1
A2,annealing_75_25,20260608-115621,512,555,1034.54,90.03,366.0,10.79,1035.75,94.47,4.6019235108810825,matched,1
A2,annealing_75_5,20260521-181553,527,555,1034.46,102.72,431.0,11.71,1035.75,94.47,8.350245505372875,matched,1
A2,before_annealing,20260514-190549,555,555,1035.75,94.47,330.0,10.25,1035.75,94.47,0.0,reference,1
A2,annealing_100_25,20260701-110203,130,556,868.09,-65.76,292.0,9.64,868.07,-66.46,0.700285656000452,matched,1
A2,annealing_100_5,20260617-090129,155,556,868.65,-65.22,485.0,12.42,868.07,-66.46,1.3689411966917728,matched,1
A2,annealing_125_25,20260831-115727,110,556,867.9,-69.6,145.0,6.79,868.07,-66.46,3.144598543534616,matched,1
A2,annealing_125_5,20260727-122841,375,556,866.74,-60.48,309.0,9.92,868.07,-66.46,6.126116224819773,matched,1
A2,annealing_150_25,20260917-164036,79,556,866.27,-66.77,37.0,3.43,868.07,-66.46,1.8264993840678532,matched,1
A2,annealing_75_25,20260608-115621,174,556,867.13,-71.16,355.0,10.63,868.07,-66.46,4.793078342777231,matched,1
A2,annealing_75_5,20260521-181553,179,556,866.22,-57.03,261.0,9.11,868.07,-66.46,9.609755459947976,matched,1
A2,before_annealing,20260514-190549,556,556,868.07,-66.46,369.0,10.84,868.07,-66.46,0.0,reference,1
A2,annealing_100_25,20260701-110203,134,557,870.01,-84.07,33.0,3.24,870.18,-84.85,0.7983107164506736,matched,1
A2,annealing_100_5,20260617-090129,161,557,870.06,-83.39,65.0,4.55,870.18,-84.85,1.464923206178393,matched,1
A2,annealing_125_5,20260727-122841,376,557,869.26,-79.24,62.0,4.44,870.18,-84.85,5.684936235350395,matched,1
A2,annealing_150_5,20260909-160823,101,557,873.4,-88.37,75.0,4.89,870.18,-84.85,4.7706184085504315,matched,1
A2,annealing_75_25,20260608-115621,181,557,868.58,-89.23,66.0,4.58,870.18,-84.85,4.663089104874556,matched,1
A2,annealing_75_5,20260521-181553,185,557,868.14,-75.92,83.0,5.14,870.18,-84.85,9.160049126505802,matched,2
A2,before_annealing,20260514-190549,557,557,870.18,-84.85,87.0,5.26,870.18,-84.85,0.0,reference,1
A2,annealing_100_25,20260701-110203,143,558,1578.24,-127.97,42.0,3.66,1577.88,-129.35,1.426183718880536,matched,1
A2,annealing_100_5,20260617-090129,477,558,1577.92,-127.95,66.0,4.58,1577.88,-129.35,1.4005713120009182,matched,1
A2,annealing_75_25,20260608-115621,513,558,1576.71,-133.26,65.0,4.55,1577.88,-129.35,4.081298812878095,matched,2
A2,annealing_75_5,20260521-181553,530,558,1574.88,-124.0,69.0,4.69,1577.88,-129.35,6.133718285020917,matched,1
A2,before_annealing,20260514-190549,558,558,1577.88,-129.35,66.0,4.58,1577.88,-129.35,0.0,reference,1
A2,annealing_100_25,20260701-110203,146,559,1574.16,-142.15,83.0,5.14,1574.15,-142.92,0.7700649323271199,matched,1
A2,annealing_100_5,20260617-090129,478,559,1574.17,-142.35,152.0,6.96,1574.15,-142.92,0.5703507692639604,matched,1
A2,annealing_125_25,20260831-115727,127,559,1573.75,-145.78,57.0,4.26,1574.15,-142.92,2.8878365604722425,matched,1
A2,annealing_125_5,20260727-122841,140,559,1571.38,-139.16,73.0,4.82,1574.15,-142.92,4.670171303067996,matched,1
A2,annealing_75_25,20260608-115621,514,559,1573.26,-146.05,163.0,7.2,1574.15,-142.92,3.2540743691563545,matched,1
A2,annealing_75_5,20260521-181553,531,559,1571.75,-137.04,183.0,7.63,1574.15,-142.92,6.350936938751666,matched,2
A2,before_annealing,20260514-190549,559,559,1574.15,-142.92,190.0,7.78,1574.15,-142.92,0.0,reference,1
A2,annealing_125_25,20260831-115727,354,560,1517.57,-241.93,141.0,6.7,1517.15,-239.91,2.063201395889386,matched,1
A2,before_annealing,20260514-190549,560,560,1517.15,-239.91,187.0,7.72,1517.15,-239.91,0.0,reference,1
A2,annealing_100_25,20260701-110203,400,561,1510.33,-256.66,1301.0,20.35,1510.39,-257.67,1.0117806086301528,matched,1
A2,annealing_100_5,20260617-090129,190,561,1510.88,-256.18,1297.0,20.32,1510.39,-257.67,1.568502470511295,matched,1
A2,annealing_125_25,20260831-115727,355,561,1510.62,-259.24,825.0,16.21,1510.39,-257.67,1.5867577004696976,matched,1
A2,annealing_125_5,20260727-122841,152,561,1508.23,-252.68,1642.0,22.86,1510.39,-257.67,5.437435057083482,matched,1
A2,annealing_150_25,20260917-164036,99,561,1509.75,-257.45,790.0,15.86,1510.39,-257.67,0.6767569726276487,matched,1
A2,annealing_75_25,20260608-115621,515,561,1510.14,-260.59,1543.0,22.16,1510.39,-257.67,2.9306825143641473,matched,1
A2,annealing_75_5,20260521-181553,534,561,1508.22,-250.96,1486.0,21.75,1510.39,-257.67,7.052162788818791,matched,1
A2,before_annealing,20260514-190549,561,561,1510.39,-257.67,952.0,17.41,1510.39,-257.67,0.0,reference,1
A2,annealing_100_25,20260701-110203,194,562,581.81,-399.76,101.0,5.67,581.72,-401.3,1.5426276284314528,matched,1
A2,annealing_100_5,20260617-090129,226,562,582.01,-399.28,78.0,4.98,581.72,-401.3,2.04071066052984,matched,2
A2,annealing_125_25,20260831-115727,167,562,582.54,-404.07,85.0,5.2,581.72,-401.3,2.8888232898534647,matched,2
A2,annealing_150_25,20260917-164036,113,562,581.73,-400.37,40.0,3.57,581.72,-401.3,0.9300537618869205,matched,1
A2,annealing_75_25,20260608-115621,251,562,582.11,-406.02,125.0,6.31,581.72,-401.3,4.736084880996086,matched,1
A2,before_annealing,20260514-190549,562,562,581.72,-401.3,155.0,7.02,581.72,-401.3,0.0,reference,1
A2,annealing_100_25,20260701-110203,198,563,595.93,-412.4,153.0,6.98,595.69,-413.78,1.400714103591428,matched,2
A2,annealing_100_5,20260617-090129,232,563,596.29,-412.22,187.0,7.72,595.69,-413.78,1.6714065932620108,matched,2
A2,annealing_125_25,20260831-115727,170,563,596.54,-417.12,169.0,7.33,595.69,-413.78,3.446461953946403,matched,1
A2,annealing_75_25,20260608-115621,257,563,596.25,-419.18,202.0,8.02,595.69,-413.78,5.428959384633514,matched,1
A2,before_annealing,20260514-190549,563,563,595.69,-413.78,243.0,8.79,595.69,-413.78,0.0,reference,1
A2,annealing_100_25,20260701-110203,221,564,2637.38,-558.34,51.0,4.03,2638.8,-558.99,1.5616977940690628,matched,1
A2,annealing_100_5,20260617-090129,481,564,2639.33,-558.35,200.0,7.98,2638.8,-558.99,0.8309632964215162,matched,1
A2,annealing_125_5,20260727-122841,200,564,2633.93,-556.83,55.0,4.18,2638.8,-558.99,5.3275228765349505,matched,1
A2,annealing_75_25,20260608-115621,519,564,2639.88,-558.23,181.0,7.59,2638.8,-558.99,1.3206059215374695,matched,1
A2,annealing_75_5,20260521-181553,540,564,2635.84,-556.75,154.0,7.0,2638.8,-558.99,3.7120344825984923,matched,1
A2,before_annealing,20260514-190549,564,564,2638.8,-558.99,151.0,6.93,2638.8,-558.99,0.0,reference,1
A2,annealing_100_25,20260701-110203,225,565,2662.67,-582.35,509.0,12.73,2662.9,-582.49,0.2692582403567336,matched,1
A2,annealing_100_5,20260617-090129,482,565,2662.98,-582.25,1456.0,21.53,2662.9,-582.49,0.25298221281345595,matched,1
A2,annealing_125_25,20260831-115727,188,565,2663.86,-582.59,398.0,11.26,2662.9,-582.49,0.9651942809611308,matched,1
A2,annealing_125_5,20260727-122841,204,565,2659.46,-581.78,598.0,13.8,2662.9,-582.49,3.5125062277525467,matched,1
A2,annealing_150_25,20260917-164036,132,565,2662.64,-582.8,184.0,7.65,2662.9,-582.49,0.40459856648297665,matched,1
A2,annealing_75_25,20260608-115621,520,565,2663.3,-582.55,1413.0,21.21,2662.9,-582.49,0.40447496832321556,matched,1
A2,annealing_75_5,20260521-181553,541,565,2659.81,-581.07,1491.0,21.79,2662.9,-582.49,3.4006617003166872,matched,1
A2,before_annealing,20260514-190549,565,565,2662.9,-582.49,1529.0,22.06,2662.9,-582.49,0.0,reference,1
A2,annealing_100_25,20260701-110203,229,566,1508.82,-593.79,348.0,10.52,1508.95,-594.8,1.0183319694480824,matched,1
A2,annealing_100_5,20260617-090129,262,566,1509.11,-593.35,342.0,10.43,1508.95,-594.8,1.4588008774331593,matched,1
A2,annealing_125_25,20260831-115727,194,566,1510.0,-596.14,263.0,9.15,1508.95,-594.8,1.702380685980662,matched,1
A2,annealing_125_5,20260727-122841,207,566,1505.81,-589.77,312.0,9.97,1508.95,-594.8,5.929628993453162,matched,1
A2,annealing_150_25,20260917-164036,133,566,1508.63,-594.17,139.0,6.65,1508.95,-594.8,0.7066116330771476,matched,1
A2,annealing_75_25,20260608-115621,290,566,1509.66,-597.93,384.0,11.06,1508.95,-594.8,3.2095170976332286,matched,1
A2,annealing_75_5,20260521-181553,542,566,1505.18,-588.34,626.0,14.12,1508.95,-594.8,7.479605604575609,matched,1
A2,before_annealing,20260514-190549,566,566,1508.95,-594.8,524.0,12.91,1508.95,-594.8,0.0,reference,1
A2,annealing_100_25,20260701-110203,234,567,1492.1,-614.67,60.0,4.37,1492.4,-614.78,0.31953090617358465,matched,1
A2,annealing_100_5,20260617-090129,269,567,1492.35,-614.37,132.0,6.48,1492.4,-614.78,0.4130375285612581,matched,1
A2,annealing_125_25,20260831-115727,197,567,1493.28,-617.17,73.0,4.82,1492.4,-614.78,2.546860812843868,matched,1
A2,annealing_125_5,20260727-122841,211,567,1488.74,-610.78,101.0,5.67,1492.4,-614.78,5.421770928396053,matched,1
A2,annealing_75_25,20260608-115621,297,567,1493.23,-618.49,182.0,7.61,1492.4,-614.78,3.8017101415021304,matched,1
A2,annealing_75_5,20260521-181553,543,567,1488.84,-608.57,168.0,7.31,1492.4,-614.78,7.158051410824057,matched,1
A2,before_annealing,20260514-190549,567,567,1492.4,-614.78,202.0,8.02,1492.4,-614.78,0.0,reference,1
A2,annealing_125_5,20260727-122841,210,568,1349.57,-607.17,70.0,4.72,1341.98,-608.49,7.703927569752905,matched,1
A2,annealing_75_25,20260608-115621,521,568,1342.89,-612.13,124.0,6.28,1341.98,-608.49,3.752026119312078,matched,1
A2,annealing_75_5,20260521-181553,544,568,1338.4,-601.93,117.0,6.1,1341.98,-608.49,7.473285756613369,matched,1
A2,before_annealing,20260514-190549,568,568,1341.98,-608.49,103.0,5.73,1341.98,-608.49,0.0,reference,1
A2,annealing_100_5,20260617-090129,272,569,1351.47,-619.2,204.0,8.06,1351.73,-619.46,0.36769552621699186,matched,1
A2,annealing_125_25,20260831-115727,200,569,1351.72,-623.25,72.0,4.79,1351.73,-619.46,3.79001319258914,matched,1
A2,annealing_125_5,20260727-122841,214,569,1347.93,-615.41,33.0,3.24,1351.73,-619.46,5.553602434456414,matched,2
A2,annealing_75_25,20260608-115621,522,569,1352.15,-623.94,255.0,9.01,1351.73,-619.46,4.49964443039672,matched,1
A2,annealing_75_5,20260521-181553,545,569,1347.79,-613.18,256.0,9.03,1351.73,-619.46,7.413636084945195,matched,2
A2,before_annealing,20260514-190549,569,569,1351.73,-619.46,270.0,9.27,1351.73,-619.46,0.0,reference,1
A2,annealing_100_25,20260701-110203,248,570,780.6,-695.8,310.0,9.93,780.71,-697.51,1.7135343591536552,matched,2
A2,annealing_100_5,20260617-090129,483,570,780.97,-695.56,454.0,12.02,780.71,-697.51,1.9672569735548462,matched,2
A2,annealing_125_25,20260831-115727,211,570,781.97,-699.77,342.0,10.43,780.71,-697.51,2.5875084540924567,matched,2
A2,annealing_150_25,20260917-164036,143,570,780.49,-697.15,110.0,5.92,780.71,-697.51,0.4219004621946056,matched,1
A2,annealing_75_25,20260608-115621,523,570,781.88,-702.34,399.0,11.27,780.71,-697.51,4.9696881189869755,matched,2
A2,before_annealing,20260514-190549,570,570,780.71,-697.51,461.0,12.11,780.71,-697.51,0.0,reference,1
A2,annealing_100_25,20260701-110203,252,571,779.3,-714.93,71.0,4.75,780.54,-716.08,1.691183017890208,matched,2
A2,annealing_100_5,20260617-090129,484,571,779.52,-714.6,98.0,5.59,780.54,-716.08,1.7974426277353102,matched,2
A2,annealing_125_25,20260831-115727,218,571,781.44,-719.68,57.0,4.26,780.54,-716.08,3.710795063055828,matched,1
A2,annealing_75_25,20260608-115621,524,571,781.11,-721.73,99.0,5.61,780.54,-716.08,5.67867942395059,matched,1
A2,before_annealing,20260514-190549,571,571,780.54,-716.08,109.0,5.89,780.54,-716.08,0.0,reference,1
A2,annealing_100_25,20260701-110203,267,572,1794.32,-792.51,38.0,3.48,1793.78,-794.17,1.745623097922302,matched,1
A2,annealing_100_5,20260617-090129,307,572,1793.69,-793.41,407.0,11.38,1793.78,-794.17,0.7653103945458806,matched,1
A2,annealing_125_5,20260727-122841,246,572,1788.77,-789.17,49.0,3.95,1793.78,-794.17,7.078142411678357,matched,1
A2,annealing_150_25,20260917-164036,152,572,1793.61,-793.3,100.0,5.64,1793.78,-794.17,0.8864536084872308,matched,1
A2,annealing_75_25,20260608-115621,333,572,1794.74,-796.52,518.0,12.84,1793.78,-794.17,2.538523192724498,matched,1
A2,annealing_75_5,20260521-181553,550,572,1789.3,-788.26,160.0,7.14,1793.78,-794.17,7.416097356426747,matched,1
A2,before_annealing,20260514-190549,572,572,1793.78,-794.17,285.0,9.52,1793.78,-794.17,0.0,reference,1
A2,annealing_100_25,20260701-110203,270,573,1793.76,-807.83,127.0,6.36,1794.17,-809.25,1.478005412709964,matched,1
A2,annealing_125_25,20260831-115727,232,573,1795.63,-810.09,76.0,4.92,1794.17,-809.25,1.6843990026119582,matched,1
A2,annealing_125_5,20260727-122841,251,573,1790.11,-804.81,97.0,5.56,1794.17,-809.25,6.016410890223663,matched,1
A2,annealing_75_5,20260521-181553,551,573,1789.34,-802.89,132.0,6.48,1794.17,-809.25,7.9861442511390734,matched,2
A2,before_annealing,20260514-190549,573,573,1794.17,-809.25,148.0,6.86,1794.17,-809.25,0.0,reference,1
A2,annealing_100_25,20260701-110203,404,574,958.24,-892.02,249.0,8.9,958.23,-893.93,1.910026177831047,matched,2
A2,annealing_100_5,20260617-090129,487,574,958.1,-891.88,274.0,9.34,958.23,-893.93,2.054117815511032,matched,2
A2,annealing_125_25,20260831-115727,245,574,960.08,-895.78,90.0,5.35,958.23,-893.93,2.616295090390258,matched,1
A2,annealing_150_25,20260917-164036,164,574,958.08,-892.58,33.0,3.24,958.23,-893.93,1.3583077707205196,matched,2
A2,annealing_75_25,20260608-115621,526,574,959.88,-897.94,227.0,8.5,958.23,-893.93,4.3361964900129655,matched,1
A2,before_annealing,20260514-190549,574,574,958.23,-893.93,530.0,12.99,958.23,-893.93,0.0,reference,1
A2,annealing_100_25,20260701-110203,405,575,943.34,-890.86,50.0,3.99,943.02,-892.31,1.4848905683584344,matched,1
A2,annealing_100_5,20260617-090129,488,575,942.76,-890.65,52.0,4.07,943.02,-892.31,1.680238078368625,matched,2
A2,annealing_125_25,20260831-115727,244,575,944.62,-894.4,67.0,4.62,943.02,-892.31,2.6321284163201852,matched,1
A2,annealing_75_25,20260608-115621,525,575,944.71,-896.15,205.0,8.08,943.02,-892.31,4.195437998588518,matched,1
A2,before_annealing,20260514-190549,575,575,943.02,-892.31,195.0,7.88,943.02,-892.31,0.0,reference,1
A2,annealing_100_25,20260701-110203,406,576,1225.87,-922.97,242.0,8.78,1226.38,-924.35,1.4712239802287788,matched,2
A2,annealing_100_5,20260617-090129,489,576,1226.2,-922.28,258.0,9.06,1226.38,-924.35,2.0778113485107905,matched,2
A2,annealing_125_25,20260831-115727,356,576,1227.94,-925.86,225.0,8.46,1226.38,-924.35,2.1711057090800074,matched,1
A2,annealing_150_25,20260917-164036,238,576,1225.68,-923.71,117.0,6.1,1226.38,-924.35,0.9484724561103745,matched,2
A2,annealing_75_25,20260608-115621,527,576,1227.75,-927.74,285.0,9.52,1226.38,-924.35,3.656364314452214,matched,2
A2,annealing_75_5,20260521-181553,555,576,1220.27,-928.13,254.0,8.99,1226.38,-924.35,7.184740774725372,matched,2
A2,before_annealing,20260514-190549,576,576,1226.38,-924.35,306.0,9.87,1226.38,-924.35,0.0,reference,1
A2,annealing_100_25,20260701-110203,407,577,1224.79,-935.13,138.0,6.63,1225.16,-936.43,1.3516286472252537,matched,1
A2,annealing_100_5,20260617-090129,490,577,1225.24,-934.58,234.0,8.63,1225.16,-936.43,1.8517289218456496,matched,1
A2,annealing_125_25,20260831-115727,357,577,1226.85,-937.31,102.0,5.7,1225.16,-936.43,1.905387099777735,matched,1
A2,annealing_125_5,20260727-122841,382,577,1220.77,-929.89,144.0,6.77,1225.16,-936.43,7.876782337985505,matched,2
A2,annealing_150_25,20260917-164036,239,577,1224.76,-935.66,88.0,5.29,1225.16,-936.43,0.8676981041814282,matched,1
A2,annealing_75_25,20260608-115621,528,577,1227.12,-939.77,223.0,8.43,1225.16,-936.43,3.8726218508911328,matched,1
A2,before_annealing,20260514-190549,577,577,1225.16,-936.43,245.0,8.83,1225.16,-936.43,0.0,reference,1
A2,annealing_100_25,20260701-110203,287,578,631.7,-931.04,266.0,9.2,632.12,-932.77,1.7802527910384043,matched,1
A2,annealing_100_5,20260617-090129,491,578,632.36,-930.52,391.0,11.16,632.12,-932.77,2.26276379677597,matched,1
A2,annealing_125_25,20260831-115727,249,578,633.99,-935.04,187.0,7.72,632.12,-932.77,2.9410542327539515,matched,1
A2,annealing_150_25,20260917-164036,169,578,632.54,-931.68,50.0,3.99,632.12,-932.77,1.1681181447097015,matched,1
A2,annealing_75_25,20260608-115621,529,578,634.0,-937.77,376.0,10.94,632.12,-932.77,5.3417600095848545,matched,1
A2,before_annealing,20260514-190549,578,578,632.12,-932.77,441.0,11.85,632.12,-932.77,0.0,reference,1
A2,annealing_100_25,20260701-110203,408,579,625.48,-958.47,1166.0,19.27,625.69,-960.47,2.0109947787102818,matched,1
A2,annealing_100_5,20260617-090129,492,579,625.72,-958.29,881.0,16.75,625.69,-960.47,2.18020641224639,matched,1
A2,annealing_125_25,20260831-115727,358,579,627.43,-962.87,890.0,16.83,625.69,-960.47,2.96438863848847,matched,1
A2,annealing_150_25,20260917-164036,173,579,625.09,-959.49,431.0,11.71,625.69,-960.47,1.1490865937778854,matched,1
A2,annealing_75_25,20260608-115621,530,579,627.58,-965.54,972.0,17.59,625.69,-960.47,5.410822488309823,matched,1
A2,before_annealing,20260514-190549,579,579,625.69,-960.47,1606.0,22.61,625.69,-960.47,0.0,reference,1
A2,annealing_100_25,20260701-110203,409,580,602.99,-969.99,483.0,12.4,603.32,-971.7,1.7415510328440427,matched,1
A2,annealing_100_5,20260617-090129,493,580,603.35,-969.84,462.0,12.13,603.32,-971.7,1.8602419197513127,matched,1
A2,annealing_125_25,20260831-115727,359,580,604.94,-974.19,426.0,11.64,603.32,-971.7,2.970605998782077,matched,1
A2,annealing_150_25,20260917-164036,177,580,602.83,-971.3,108.0,5.86,603.32,-971.7,0.6325345840348033,matched,1
A2,annealing_75_25,20260608-115621,531,580,605.15,-977.06,496.0,12.57,603.32,-971.7,5.663788484751056,matched,1
A2,before_annealing,20260514-190549,580,580,603.32,-971.7,468.0,12.21,603.32,-971.7,0.0,reference,1
A2,annealing_100_25,20260701-110203,304,581,629.75,-1006.91,153.0,6.98,630.25,-1008.19,1.3741906709042313,matched,1
A2,annealing_100_5,20260617-090129,348,581,630.36,-1006.5,210.0,8.18,630.25,-1008.19,1.6935760980836343,matched,1
A2,annealing_125_25,20260831-115727,260,581,632.06,-1010.95,226.0,8.48,630.25,-1008.19,3.3005605584506026,matched,1
A2,annealing_75_25,20260608-115621,377,581,632.23,-1013.4,254.0,8.99,630.25,-1008.19,5.573553624035501,matched,1
A2,before_annealing,20260514-190549,581,581,630.25,-1008.19,292.0,9.64,630.25,-1008.19,0.0,reference,1
A2,annealing_100_25,20260701-110203,292,582,2402.31,-959.53,652.0,14.41,2402.9,-960.34,1.002097799618514,matched,1
A2,annealing_100_5,20260617-090129,338,582,2402.76,-959.44,978.0,17.64,2402.9,-960.34,0.9108238029388139,matched,1
A2,annealing_125_25,20260831-115727,255,582,2404.08,-960.06,354.0,10.62,2402.9,-960.34,1.2127654348635033,matched,1
A2,annealing_125_5,20260727-122841,273,582,2397.87,-958.31,629.0,14.15,2402.9,-960.34,5.424186574962403,matched,1
A2,annealing_150_25,20260917-164036,174,582,2402.53,-959.65,113.0,6.0,2402.9,-960.34,0.7829431652425318,matched,1
A2,annealing_75_25,20260608-115621,366,582,2404.27,-960.34,861.0,16.55,2402.9,-960.34,1.3699999999998909,matched,1
A2,annealing_75_5,20260521-181553,368,582,2398.63,-956.86,850.0,16.45,2402.9,-960.34,5.5084752881355445,matched,1
A2,before_annealing,20260514-190549,582,582,2402.9,-960.34,1112.0,18.81,2402.9,-960.34,0.0,reference,1
A2,annealing_100_25,20260701-110203,298,583,2445.63,-965.9,316.0,10.03,2446.25,-966.49,0.8558621384311274,matched,1
A2,annealing_100_5,20260617-090129,340,583,2446.13,-965.68,623.0,14.08,2446.25,-966.49,0.8188406438374133,matched,1
A2,annealing_125_25,20260831-115727,256,583,2447.6,-966.31,249.0,8.9,2446.25,-966.49,1.3619471355378583,matched,1
A2,annealing_125_5,20260727-122841,277,583,2441.26,-964.72,389.0,11.13,2446.25,-966.49,5.294619910814917,matched,1
A2,annealing_150_25,20260917-164036,175,583,2445.64,-966.02,186.0,7.69,2446.25,-966.49,0.7700649323272557,matched,1
A2,annealing_75_25,20260608-115621,369,583,2447.73,-966.41,560.0,13.35,2446.25,-966.49,1.4821605850919328,matched,1
A2,annealing_75_5,20260521-181553,371,583,2442.1,-963.22,555.0,13.29,2446.25,-966.49,5.283502626099531,matched,1
A2,before_annealing,20260514-190549,583,583,2446.25,-966.49,972.0,17.59,2446.25,-966.49,0.0,reference,1
A2,before_annealing,20260514-190549,584,584,660.41,-955.07,49.0,3.95,660.41,-955.07,0.0,reference,1
A2,before_annealing,20260514-190549,585,585,664.78,-961.39,49.0,3.95,664.78,-961.39,0.0,reference,1
A2,annealing_100_25,20260701-110203,300,586,963.44,-964.14,39.0,3.52,962.19,-965.4,1.774852106514787,matched,1
A2,annealing_100_5,20260617-090129,344,586,962.02,-963.84,71.0,4.75,962.19,-965.4,1.5692354826474753,matched,1
A2,annealing_75_25,20260608-115621,532,586,965.36,-969.05,95.0,5.5,962.19,-965.4,4.834397583980818,matched,1
A2,annealing_75_5,20260521-181553,559,586,957.21,-957.56,147.0,6.84,962.19,-965.4,9.287949181600892,matched,1
A2,before_annealing,20260514-190549,586,586,962.19,-965.4,129.0,6.41,962.19,-965.4,0.0,reference,1
A2,annealing_100_25,20260701-110203,303,587,942.26,-992.04,564.0,13.4,942.47,-994.02,1.991105220725436,matched,2
A2,annealing_100_5,20260617-090129,345,587,942.29,-992.23,1921.0,24.73,942.47,-994.02,1.7990275150758237,matched,2
A2,annealing_125_25,20260831-115727,259,587,944.08,-995.92,435.0,11.77,942.47,-994.02,2.4904015740438243,matched,1
A2,annealing_150_25,20260917-164036,179,587,942.02,-992.65,240.0,8.74,942.47,-994.02,1.442012482608959,matched,2
A2,annealing_75_25,20260608-115621,533,587,944.33,-998.33,1842.0,24.21,942.47,-994.02,4.694219849985784,matched,2
A2,before_annealing,20260514-190549,587,587,942.47,-994.02,2091.0,25.8,942.47,-994.02,0.0,reference,1
A2,annealing_100_25,20260701-110203,335,588,2524.79,-1210.16,1060.0,18.37,2525.23,-1210.84,0.8099382692525556,matched,1
A2,annealing_100_5,20260617-090129,388,588,2524.95,-1210.09,1281.0,20.19,2525.23,-1210.84,0.8005623023850874,matched,1
A2,annealing_125_25,20260831-115727,290,588,2526.8,-1210.4,435.0,11.77,2525.23,-1210.84,1.6304907236781085,matched,1
A2,annealing_125_5,20260727-122841,315,588,2519.49,-1209.29,547.0,13.2,2525.23,-1210.84,5.945595008071318,matched,1
A2,annealing_150_25,20260917-164036,201,588,2524.81,-1209.73,87.0,5.26,2525.23,-1210.84,1.186802426691081,matched,1
A2,annealing_75_25,20260608-115621,416,588,2527.4,-1210.54,1302.0,20.36,2525.23,-1210.84,2.190639176131087,matched,1
A2,annealing_75_5,20260521-181553,425,588,2520.02,-1207.94,1297.0,20.32,2525.23,-1210.84,5.9627258867064805,matched,1
A2,before_annealing,20260514-190549,588,588,2525.23,-1210.84,1439.0,21.4,2525.23,-1210.84,0.0,reference,1
A2,annealing_150_25,20260917-164036,204,589,2516.4,-1254.47,62.0,4.44,2518.4,-1254.6,2.004220546746283,matched,1
A2,annealing_75_5,20260521-181553,438,589,2512.97,-1252.07,36.0,3.39,2518.4,-1254.6,5.990475774093659,matched,1
A2,before_annealing,20260514-190549,589,589,2518.4,-1254.6,513.0,12.78,2518.4,-1254.6,0.0,reference,1
A2,annealing_100_25,20260701-110203,355,590,515.09,-1351.55,331.0,10.26,515.22,-1354.29,2.743082208028051,matched,1
A2,annealing_100_5,20260617-090129,415,590,515.45,-1351.44,347.0,10.51,515.22,-1354.29,2.8592656399851153,matched,1
A2,annealing_125_25,20260831-115727,312,590,517.8,-1355.73,129.0,6.41,515.22,-1354.29,2.9546573405387946,matched,1
A2,annealing_150_25,20260917-164036,215,590,514.65,-1351.36,70.0,4.72,515.22,-1354.29,2.9849288098714233,matched,1
A2,annealing_75_25,20260608-115621,537,590,518.26,-1358.87,499.0,12.6,515.22,-1354.29,5.497090139337276,matched,1
A2,before_annealing,20260514-190549,590,590,515.22,-1354.29,639.0,14.26,515.22,-1354.29,0.0,reference,1
A2,annealing_100_25,20260701-110203,357,591,511.56,-1385.95,542.0,13.13,511.53,-1388.66,2.7101660465735673,matched,1
A2,annealing_100_5,20260617-090129,419,591,511.48,-1386.32,501.0,12.63,511.53,-1388.66,2.340534127074561,matched,1
A2,annealing_125_25,20260831-115727,314,591,513.91,-1390.65,397.0,11.24,511.53,-1388.66,3.1023378281547633,matched,1
A2,annealing_150_25,20260917-164036,216,591,510.75,-1385.95,158.0,7.09,511.53,-1388.66,2.820017730440742,matched,1
A2,annealing_75_25,20260608-115621,538,591,514.56,-1393.07,779.0,15.75,511.53,-1388.66,5.350607442150709,matched,1
A2,before_annealing,20260514-190549,591,591,511.53,-1388.66,641.0,14.28,511.53,-1388.66,0.0,reference,1
A2,annealing_100_25,20260701-110203,410,592,1973.59,-1436.71,511.0,12.75,1973.6,-1439.26,2.5500196077677066,matched,1
A2,annealing_100_5,20260617-090129,496,592,1973.34,-1437.33,622.0,14.07,1973.6,-1439.26,1.9474342094151065,matched,1
A2,annealing_125_25,20260831-115727,323,592,1975.76,-1439.21,301.0,9.79,1973.6,-1439.26,2.1605786262018674,matched,1
A2,annealing_125_5,20260727-122841,385,592,1967.72,-1434.21,481.0,12.37,1973.6,-1439.26,7.750928976580688,matched,1
A2,annealing_150_25,20260917-164036,222,592,1973.58,-1438.26,537.0,13.07,1973.6,-1439.26,1.0001999800039987,matched,1
A2,annealing_75_25,20260608-115621,541,592,1976.65,-1439.62,618.0,14.03,1973.6,-1439.26,3.071172414567609,matched,1
A2,annealing_75_5,20260521-181553,562,592,1967.44,-1433.63,717.0,15.11,1973.6,-1439.26,8.345208205910556,matched,1
A2,before_annealing,20260514-190549,592,592,1973.6,-1439.26,816.0,16.12,1973.6,-1439.26,0.0,reference,1
A2,annealing_100_25,20260701-110203,411,593,1984.94,-1450.24,266.0,9.2,1985.38,-1452.84,2.636967955815841,matched,1
A2,annealing_100_5,20260617-090129,497,593,1984.81,-1450.94,153.0,6.98,1985.38,-1452.84,1.983658236692921,matched,1
A2,annealing_125_25,20260831-115727,328,593,1987.43,-1452.93,115.0,6.05,1985.38,-1452.84,2.0519746587128798,matched,1
A2,annealing_125_5,20260727-122841,386,593,1978.46,-1447.91,141.0,6.7,1985.38,-1452.84,8.496546357197104,matched,2
A2,annealing_75_25,20260608-115621,542,593,1987.66,-1453.01,136.0,6.58,1985.38,-1452.84,2.286328935214682,matched,1
A2,annealing_75_5,20260521-181553,563,593,1979.02,-1447.23,148.0,6.86,1985.38,-1452.84,8.480666247412435,matched,2
A2,before_annealing,20260514-190549,593,593,1985.38,-1452.84,187.0,7.72,1985.38,-1452.84,0.0,reference,1
A2,annealing_100_25,20260701-110203,412,594,2305.41,-1601.79,439.0,11.82,2305.29,-1604.03,2.2432119828495956,matched,1
A2,annealing_100_5,20260617-090129,458,594,2305.1,-1602.61,554.0,13.28,2305.29,-1604.03,1.4326548781895196,matched,1
A2,annealing_125_25,20260831-115727,346,594,2307.87,-1603.43,428.0,11.67,2305.29,-1604.03,2.6488488065572025,matched,1
A2,annealing_125_5,20260727-122841,366,594,2298.97,-1600.37,352.0,10.59,2305.29,-1604.03,7.3032869312387465,matched,1
A2,annealing_150_25,20260917-164036,236,594,2305.47,-1602.81,195.0,7.88,2305.29,-1604.03,1.2332072007574426,matched,1
A2,annealing_75_25,20260608-115621,543,594,2308.88,-1603.46,497.0,12.58,2305.29,-1604.03,3.6349690507624643,matched,1
A2,annealing_75_5,20260521-181553,505,594,2298.8,-1599.76,714.0,15.08,2305.29,-1604.03,7.768719328177394,matched,1
A2,before_annealing,20260514-190549,594,594,2305.29,-1604.03,556.0,13.3,2305.29,-1604.03,0.0,reference,1
A2,annealing_100_25,20260701-110203,413,595,2320.21,-1607.29,222.0,8.41,2320.17,-1609.08,1.7904468715937558,matched,1
A2,annealing_150_5,20260909-160823,299,595,2329.79,-1608.21,303.0,9.82,2320.17,-1609.08,9.659259806009864,matched,1
A2,annealing_75_25,20260608-115621,544,595,2323.39,-1609.09,109.0,5.89,2320.17,-1609.08,3.22001552791267,matched,1
A2,before_annealing,20260514-190549,595,595,2320.17,-1609.08,141.0,6.7,2320.17,-1609.08,0.0,reference,1
A2,annealing_75_5,20260521-181553,2,596,1084.87,757.77,30.0,3.09,1084.87,757.77,,new,0
A2,annealing_125_5,20260727-122841,3,597,369.45,741.33,160.0,7.14,370.25,745.32,4.069410276686303,matched,2
A2,annealing_75_5,20260521-181553,3,597,370.25,745.32,306.0,9.87,370.25,745.32,,new,0
A2,annealing_100_5,20260617-090129,3,598,1513.49,744.82,36.0,3.39,1514.94,749.4,4.804050374423593,matched,1
A2,annealing_75_25,20260608-115621,3,598,1509.98,741.12,60.0,4.37,1514.94,749.4,9.651942809610919,matched,1
A2,annealing_75_5,20260521-181553,4,598,1514.94,749.4,46.0,3.83,1514.94,749.4,,new,0
A2,annealing_125_5,20260727-122841,11,599,356.76,702.3,450.0,11.97,357.67,706.44,4.238832386400867,matched,2
A2,annealing_150_5,20260909-160823,3,599,365.33,706.44,187.0,7.72,357.67,706.44,7.659999999999968,matched,1
A2,annealing_75_5,20260521-181553,12,599,357.67,706.44,749.0,15.44,357.67,706.44,,new,0
A2,annealing_75_25,20260608-115621,14,600,352.93,688.84,519.0,12.85,355.41,684.56,4.946594788336804,matched,2
A2,annealing_75_5,20260521-181553,22,600,355.41,684.56,44.0,3.74,355.41,684.56,,new,0
A2,annealing_125_5,20260727-122841,31,601,609.92,589.83,33.0,3.24,606.68,590.83,3.390811112403647,matched,1
A2,annealing_75_5,20260521-181553,43,601,606.68,590.83,50.0,3.99,606.68,590.83,,new,0
A2,annealing_75_5,20260521-181553,46,602,2694.69,585.95,30.0,3.09,2694.69,585.95,,new,0
A2,annealing_125_5,20260727-122841,42,603,440.46,507.46,158.0,7.09,440.83,511.64,4.19634364655709,matched,2
A2,annealing_75_5,20260521-181553,59,603,440.83,511.64,415.0,11.49,440.83,511.64,,new,0
A2,annealing_100_5,20260617-090129,55,604,1940.62,464.53,110.0,5.92,1942.11,468.44,4.184280105346704,matched,1
A2,annealing_75_25,20260608-115621,60,604,1939.17,463.09,83.0,5.14,1942.11,468.44,6.104596628770752,matched,1
A2,annealing_75_5,20260521-181553,64,604,1942.11,468.44,81.0,5.08,1942.11,468.44,,new,0
A2,annealing_75_5,20260521-181553,71,605,407.97,437.74,38.0,3.48,407.97,437.74,,new,0
A2,annealing_125_5,20260727-122841,55,606,474.3,416.27,165.0,7.25,474.6,419.89,3.632409668525845,matched,2
A2,annealing_75_5,20260521-181553,76,606,474.6,419.89,360.0,10.7,474.6,419.89,,new,0
A2,annealing_75_25,20260608-115621,72,607,2619.76,422.64,47.0,3.87,2623.95,424.78,4.704859190241148,matched,1
A2,annealing_75_5,20260521-181553,78,607,2623.95,424.78,39.0,3.52,2623.95,424.78,,new,0
A2,annealing_125_5,20260727-122841,70,608,388.31,314.5,103.0,5.73,388.04,318.41,3.919311163967488,matched,2
A2,annealing_75_5,20260521-181553,97,608,388.04,318.41,204.0,8.06,388.04,318.41,,new,0
A2,annealing_75_5,20260521-181553,114,609,2073.53,256.67,36.0,3.39,2073.53,256.67,,new,0
A2,annealing_75_5,20260521-181553,126,610,961.99,206.1,73.0,4.82,961.99,206.1,,new,0
A2,annealing_75_5,20260521-181553,135,611,427.0,169.39,74.0,4.85,427.0,169.39,,new,0
A2,annealing_75_5,20260521-181553,138,612,560.77,142.18,145.0,6.79,560.77,142.18,,new,0
A2,annealing_100_5,20260617-090129,127,613,1671.05,108.81,119.0,6.15,1669.72,113.28,4.663668084244396,matched,1
A2,annealing_75_25,20260608-115621,143,613,1669.33,105.08,128.0,6.38,1669.72,113.28,8.209269151392231,matched,1
A2,annealing_75_5,20260521-181553,149,613,1669.72,113.28,67.0,4.62,1669.72,113.28,,new,0
A2,annealing_75_5,20260521-181553,153,614,713.86,89.06,39.0,3.52,713.86,89.06,,new,0
A2,annealing_125_5,20260727-122841,113,615,581.84,44.16,106.0,5.81,581.2,47.93,3.8239377609997796,matched,2
A2,annealing_75_5,20260521-181553,158,615,581.2,47.93,108.0,5.86,581.2,47.93,,new,0
A2,annealing_75_5,20260521-181553,161,616,797.37,9.08,55.0,4.18,797.37,9.08,,new,0
A2,annealing_125_5,20260727-122841,121,617,426.5,-12.47,108.0,5.86,425.59,-8.95,3.6357255121914878,matched,2
A2,annealing_75_5,20260521-181553,169,617,425.59,-8.95,249.0,8.9,425.59,-8.95,,new,0
A2,annealing_75_5,20260521-181553,177,618,351.31,-45.76,91.0,5.38,351.31,-45.76,,new,0
A2,annealing_75_5,20260521-181553,181,619,542.86,-54.21,60.0,4.37,542.86,-54.21,,new,0
A2,annealing_125_5,20260727-122841,126,620,710.93,-59.47,102.0,5.7,710.7,-55.75,3.7271034329623784,matched,2
A2,annealing_75_5,20260521-181553,182,620,710.7,-55.75,82.0,5.11,710.7,-55.75,,new,0
A2,annealing_125_25,20260831-115727,116,621,1630.51,-95.96,37.0,3.43,1629.95,-88.05,7.92979823198547,matched,1
A2,annealing_75_25,20260608-115621,185,621,1630.17,-96.53,53.0,4.11,1629.95,-88.05,8.482853293556365,matched,1
A2,annealing_75_5,20260521-181553,190,621,1629.95,-88.05,43.0,3.7,1629.95,-88.05,,new,0
A2,annealing_125_5,20260727-122841,148,622,623.11,-206.03,135.0,6.56,622.19,-202.83,3.329624603465059,matched,2
A2,annealing_75_5,20260521-181553,210,622,622.19,-202.83,151.0,6.93,622.19,-202.83,,new,0
A2,annealing_75_25,20260608-115621,220,623,2017.78,-250.0,42.0,3.66,2017.38,-244.39,5.624242171172934,matched,1
A2,annealing_75_5,20260521-181553,224,623,2017.38,-244.39,32.0,3.19,2017.38,-244.39,,new,0
A2,annealing_125_5,20260727-122841,161,624,475.85,-282.21,212.0,8.21,474.84,-279.36,3.023673262771608,matched,2
A2,annealing_75_5,20260521-181553,230,624,474.84,-279.36,211.0,8.2,474.84,-279.36,,new,0
A2,annealing_125_5,20260727-122841,169,625,550.74,-335.11,39.0,3.52,549.89,-332.05,3.175862087685807,matched,2
A2,annealing_75_5,20260521-181553,241,625,549.89,-332.05,78.0,4.98,549.89,-332.05,,new,0
A2,annealing_75_5,20260521-181553,243,626,1299.77,-349.95,73.0,4.82,1299.77,-349.95,,new,0
A2,annealing_125_5,20260727-122841,176,627,541.33,-391.23,158.0,7.09,539.93,-388.15,3.383252872606555,matched,2
A2,annealing_75_5,20260521-181553,249,627,539.93,-388.15,135.0,6.56,539.93,-388.15,,new,0
A2,annealing_125_5,20260727-122841,177,628,789.83,-394.2,232.0,8.59,788.91,-391.72,2.6451464987784594,matched,2
A2,annealing_75_5,20260521-181553,250,628,788.91,-391.72,337.0,10.36,788.91,-391.72,,new,0
A2,annealing_75_5,20260521-181553,251,629,933.81,-391.98,64.0,4.51,933.81,-391.98,,new,0
A2,annealing_125_5,20260727-122841,185,630,441.99,-434.57,132.0,6.48,440.31,-431.15,3.8103543142338,matched,2
A2,annealing_75_5,20260521-181553,262,630,440.31,-431.15,129.0,6.41,440.31,-431.15,,new,0
A2,annealing_125_5,20260727-122841,188,631,517.45,-441.79,117.0,6.1,516.77,-439.03,2.8425340807104407,matched,2
A2,annealing_75_5,20260521-181553,265,631,516.77,-439.03,174.0,7.44,516.77,-439.03,,new,0
A2,annealing_75_5,20260521-181553,267,632,622.45,-464.89,46.0,3.83,622.45,-464.89,,new,0
A2,annealing_75_5,20260521-181553,268,633,881.87,-467.75,48.0,3.91,881.87,-467.75,,new,0
A2,annealing_75_5,20260521-181553,272,634,384.46,-481.16,99.0,5.61,384.46,-481.16,,new,0
A2,annealing_125_5,20260727-122841,195,635,798.01,-508.17,565.0,13.41,796.87,-505.55,2.8572714256787,matched,2
A2,annealing_75_5,20260521-181553,274,635,796.87,-505.55,447.0,11.93,796.87,-505.55,,new,0
A2,annealing_75_5,20260521-181553,280,636,1105.54,-533.98,49.0,3.95,1105.54,-533.98,,new,0
A2,annealing_75_5,20260521-181553,283,637,503.79,-552.74,90.0,5.35,503.79,-552.74,,new,0
A2,annealing_75_5,20260521-181553,289,638,358.37,-569.31,56.0,4.22,358.37,-569.31,,new,0
A2,annealing_125_5,20260727-122841,208,639,507.43,-594.51,238.0,8.7,506.12,-591.34,3.4300145772284623,matched,2
A2,annealing_75_5,20260521-181553,292,639,506.12,-591.34,420.0,11.56,506.12,-591.34,,new,0
A2,annealing_75_5,20260521-181553,294,640,722.0,-589.6,60.0,4.37,722.0,-589.6,,new,0
A2,annealing_125_5,20260727-122841,215,641,919.99,-630.47,264.0,9.17,918.76,-627.99,2.768266605657796,matched,2
A2,annealing_75_5,20260521-181553,300,641,918.76,-627.99,162.0,7.18,918.76,-627.99,,new,0
A2,annealing_125_5,20260727-122841,221,642,1028.26,-644.0,105.0,5.78,1026.9,-642.04,2.385623608199724,matched,2
A2,annealing_75_5,20260521-181553,307,642,1026.9,-642.04,150.0,6.91,1026.9,-642.04,,new,0
A2,annealing_125_5,20260727-122841,231,643,1023.85,-715.0,331.0,10.26,1022.01,-712.86,2.8222685910451646,matched,2
A2,annealing_75_5,20260521-181553,318,643,1022.01,-712.86,487.0,12.45,1022.01,-712.86,,new,0
A2,annealing_75_5,20260521-181553,320,644,395.16,-711.34,52.0,4.07,395.16,-711.34,,new,0
A2,annealing_125_5,20260727-122841,234,645,903.65,-743.63,51.0,4.03,902.82,-742.15,1.6968500228364123,matched,2
A2,annealing_75_5,20260521-181553,323,645,902.82,-742.15,162.0,7.18,902.82,-742.15,,new,0
A2,annealing_125_5,20260727-122841,238,646,878.38,-763.35,113.0,6.0,876.71,-761.06,2.8342547521350685,matched,2
A2,annealing_75_5,20260521-181553,327,646,876.71,-761.06,122.0,6.23,876.71,-761.06,,new,0
A2,annealing_125_5,20260727-122841,239,647,819.43,-770.55,144.0,6.77,818.01,-768.43,2.5516269319788702,matched,2
A2,annealing_75_5,20260521-181553,329,647,818.01,-768.43,368.0,10.82,818.01,-768.43,,new,0
A2,annealing_125_5,20260727-122841,242,648,578.12,-785.39,58.0,4.3,577.72,-783.12,2.30497288487303,matched,2
A2,annealing_75_5,20260521-181553,333,648,577.72,-783.12,161.0,7.16,577.72,-783.12,,new,0
A2,annealing_125_5,20260727-122841,252,649,1054.28,-810.87,105.0,5.78,1053.23,-808.96,2.1795871168640595,matched,2
A2,annealing_75_5,20260521-181553,340,649,1053.23,-808.96,266.0,9.2,1053.23,-808.96,,new,0
A2,annealing_75_5,20260521-181553,343,650,675.28,-819.69,59.0,4.33,675.28,-819.69,,new,0
A2,annealing_75_5,20260521-181553,349,651,1547.89,-848.4,44.0,3.74,1547.89,-848.4,,new,0
A2,annealing_125_5,20260727-122841,259,652,625.03,-865.15,146.0,6.82,623.58,-863.07,2.5355275585170634,matched,2
A2,annealing_75_5,20260521-181553,351,652,623.58,-863.07,308.0,9.9,623.58,-863.07,,new,0
A2,annealing_75_5,20260521-181553,353,653,1089.34,-876.54,52.0,4.07,1089.34,-876.54,,new,0
A2,annealing_125_5,20260727-122841,265,654,909.15,-918.99,63.0,4.48,906.93,-917.08,2.9285662020859284,matched,2
A2,annealing_75_5,20260521-181553,360,654,906.93,-917.08,117.0,6.1,906.93,-917.08,,new,0
A2,annealing_125_5,20260727-122841,266,655,355.16,-922.09,76.0,4.92,354.96,-919.38,2.7173700520908475,matched,1
A2,annealing_75_5,20260521-181553,361,655,354.96,-919.38,114.0,6.02,354.96,-919.38,,new,0
A2,annealing_125_5,20260727-122841,268,656,1025.67,-927.32,137.0,6.6,1024.25,-925.42,2.3720033726790004,matched,2
A2,annealing_75_5,20260521-181553,362,656,1024.25,-925.42,125.0,6.31,1024.25,-925.42,,new,0
A2,annealing_125_5,20260727-122841,270,657,715.24,-940.56,78.0,4.98,714.16,-938.23,2.5681316165648034,matched,2
A2,annealing_75_5,20260521-181553,364,657,714.16,-938.23,112.0,5.97,714.16,-938.23,,new,0
A2,annealing_125_5,20260727-122841,271,658,1061.9,-942.74,123.0,6.26,1060.11,-941.06,2.4548930730280083,matched,2
A2,annealing_75_5,20260521-181553,365,658,1060.11,-941.06,379.0,10.98,1060.11,-941.06,,new,0
A2,annealing_125_5,20260727-122841,275,659,903.8,-955.1,269.0,9.25,902.23,-953.02,2.6060122793263982,matched,2
A2,annealing_75_5,20260521-181553,369,659,902.23,-953.02,293.0,9.66,902.23,-953.02,,new,0
A2,annealing_75_5,20260521-181553,372,660,747.42,-953.15,92.0,5.41,747.42,-953.15,,new,0
A2,annealing_125_5,20260727-122841,279,661,1129.65,-968.42,172.0,7.4,1129.35,-966.01,2.4286004199950133,matched,2
A2,annealing_75_5,20260521-181553,373,661,1129.35,-966.01,482.0,12.39,1129.35,-966.01,,new,0
A2,annealing_75_5,20260521-181553,376,662,622.45,-978.84,114.0,6.02,622.45,-978.84,,new,0
A2,annealing_100_5,20260617-090129,347,663,973.49,-996.0,73.0,4.82,971.21,-989.05,7.3144309416386255,matched,1
A2,annealing_75_5,20260521-181553,377,663,971.21,-989.05,52.0,4.07,971.21,-989.05,,new,0
A2,annealing_125_5,20260727-122841,282,664,626.11,-999.98,98.0,5.59,624.27,-997.53,3.0640006527415005,matched,2
A2,annealing_150_5,20260909-160823,228,664,620.13,-996.17,199.0,7.96,624.27,-997.53,4.357659922481322,matched,1
A2,annealing_75_5,20260521-181553,378,664,624.27,-997.53,233.0,8.61,624.27,-997.53,,new,0
A2,annealing_75_5,20260521-181553,379,665,1031.7,-991.46,33.0,3.24,1031.7,-991.46,,new,0
A2,annealing_75_5,20260521-181553,381,666,993.55,-1000.24,112.0,5.97,993.55,-1000.24,,new,0
A2,annealing_125_5,20260727-122841,288,667,465.28,-1042.28,351.0,10.57,464.18,-1039.76,2.7496181553080845,matched,1
A2,annealing_75_5,20260521-181553,385,667,464.18,-1039.76,498.0,12.59,464.18,-1039.76,,new,0
A2,annealing_125_5,20260727-122841,289,668,996.09,-1042.19,80.0,5.05,994.9,-1040.25,2.2758954281777406,matched,2
A2,annealing_75_5,20260521-181553,391,668,994.9,-1040.25,49.0,3.95,994.9,-1040.25,,new,0
A2,annealing_75_5,20260521-181553,392,669,930.9,-1061.28,78.0,4.98,930.9,-1061.28,,new,0
A2,annealing_125_5,20260727-122841,292,670,543.7,-1081.61,92.0,5.41,542.04,-1079.22,2.9099312706659695,matched,2
A2,annealing_75_5,20260521-181553,395,670,542.04,-1079.22,88.0,5.29,542.04,-1079.22,,new,0
A2,annealing_125_5,20260727-122841,294,671,902.68,-1087.15,161.0,7.16,901.34,-1085.37,2.22800359066149,matched,2
A2,annealing_75_5,20260521-181553,396,671,901.34,-1085.37,195.0,7.88,901.34,-1085.37,,new,0
A2,annealing_125_5,20260727-122841,296,672,1073.1,-1113.65,440.0,11.83,1071.45,-1111.91,2.3979366130070208,matched,2
A2,annealing_75_5,20260521-181553,398,672,1071.45,-1111.91,321.0,10.11,1071.45,-1111.91,,new,0
A2,annealing_125_5,20260727-122841,297,673,679.43,-1111.39,188.0,7.74,677.92,-1109.21,2.651886121235271,matched,2
A2,annealing_75_5,20260521-181553,400,673,677.92,-1109.21,205.0,8.08,677.92,-1109.21,,new,0
A2,annealing_125_5,20260727-122841,300,674,363.53,-1115.4,114.0,6.02,361.8,-1112.13,3.6994323888942406,matched,1
A2,annealing_75_5,20260521-181553,401,674,361.8,-1112.13,262.0,9.13,361.8,-1112.13,,new,0
A2,annealing_125_5,20260727-122841,304,675,792.5,-1139.18,80.0,5.05,790.67,-1136.83,2.9784895500909165,matched,2
A2,annealing_75_5,20260521-181553,410,675,790.67,-1136.83,128.0,6.38,790.67,-1136.83,,new,0
A2,annealing_75_5,20260521-181553,412,676,863.87,-1150.56,54.0,4.15,863.87,-1150.56,,new,0
A2,annealing_75_5,20260521-181553,413,677,1028.11,-1156.81,144.0,6.77,1028.11,-1156.81,,new,0
A2,annealing_125_5,20260727-122841,306,678,698.28,-1165.41,61.0,4.41,697.44,-1163.82,1.7982491484775756,matched,2
A2,annealing_75_5,20260521-181553,416,678,697.44,-1163.82,59.0,4.33,697.44,-1163.82,,new,0
A2,annealing_125_5,20260727-122841,308,679,993.23,-1181.92,115.0,6.05,991.63,-1179.79,2.6640007507507457,matched,2
A2,annealing_75_5,20260521-181553,418,679,991.63,-1179.79,267.0,9.22,991.63,-1179.79,,new,0
A2,annealing_75_5,20260521-181553,421,680,815.28,-1185.67,60.0,4.37,815.28,-1185.67,,new,0
A2,annealing_75_5,20260521-181553,428,681,752.44,-1215.53,103.0,5.73,752.44,-1215.53,,new,0
A2,annealing_75_5,20260521-181553,429,682,376.75,-1223.34,42.0,3.66,376.75,-1223.34,,new,0
A2,annealing_125_5,20260727-122841,317,683,636.47,-1228.99,111.0,5.94,634.79,-1226.89,2.689312179721765,matched,1
A2,annealing_75_5,20260521-181553,432,683,634.79,-1226.89,55.0,4.18,634.79,-1226.89,,new,0
A2,annealing_125_5,20260727-122841,320,684,949.99,-1245.27,239.0,8.72,948.16,-1243.4,2.616447973875984,matched,2
A2,annealing_75_5,20260521-181553,434,684,948.16,-1243.4,230.0,8.56,948.16,-1243.4,,new,0
A2,annealing_125_25,20260831-115727,296,685,2086.9,-1242.26,117.0,6.1,2079.27,-1237.22,9.14431517392097,matched,1
A2,annealing_125_5,20260727-122841,319,685,2079.71,-1239.13,36.0,3.39,2079.27,-1237.22,1.960025510038163,matched,1
A2,annealing_75_25,20260608-115621,426,685,2086.54,-1243.02,33.0,3.24,2079.27,-1237.22,9.30015591267153,matched,1
A2,annealing_75_5,20260521-181553,435,685,2079.27,-1237.22,30.0,3.09,2079.27,-1237.22,,new,0
A2,annealing_75_5,20260521-181553,436,686,416.96,-1239.59,48.0,3.91,416.96,-1239.59,,new,0
A2,annealing_125_5,20260727-122841,321,687,387.75,-1256.74,343.0,10.45,385.81,-1254.54,2.9331893904076822,matched,1
A2,annealing_75_5,20260521-181553,437,687,385.81,-1254.54,364.0,10.76,385.81,-1254.54,,new,0
A2,annealing_125_5,20260727-122841,322,688,772.92,-1266.53,304.0,9.84,771.22,-1264.37,2.7487451682540747,matched,2
A2,annealing_75_5,20260521-181553,439,688,771.22,-1264.37,242.0,8.78,771.22,-1264.37,,new,0
A2,annealing_125_5,20260727-122841,325,689,983.8,-1269.73,53.0,4.11,982.53,-1267.62,2.46272207120505,matched,1
A2,annealing_150_5,20260909-160823,262,689,975.12,-1273.16,185.0,7.67,982.53,-1267.62,9.252010592298392,matched,1
A2,annealing_75_5,20260521-181553,443,689,982.53,-1267.62,115.0,6.05,982.53,-1267.62,,new,0
A2,annealing_125_5,20260727-122841,328,690,1329.18,-1278.92,91.0,5.38,1328.46,-1277.21,1.8553975315279914,matched,2
A2,annealing_75_5,20260521-181553,445,690,1328.46,-1277.21,139.0,6.65,1328.46,-1277.21,,new,0
A2,annealing_125_5,20260727-122841,330,691,438.91,-1300.33,191.0,7.8,438.04,-1297.58,2.88433701220922,matched,1
A2,annealing_75_5,20260521-181553,448,691,438.04,-1297.58,356.0,10.65,438.04,-1297.58,,new,0
A2,annealing_125_5,20260727-122841,331,692,1050.85,-1308.62,108.0,5.86,1049.08,-1305.2,3.850883015621077,matched,2
A2,annealing_75_5,20260521-181553,449,692,1049.08,-1305.2,117.0,6.1,1049.08,-1305.2,,new,0
A2,annealing_125_5,20260727-122841,332,693,479.16,-1312.49,140.0,6.68,478.15,-1309.57,3.089741089476677,matched,1
A2,annealing_75_5,20260521-181553,450,693,478.15,-1309.57,257.0,9.04,478.15,-1309.57,,new,0
A2,annealing_125_5,20260727-122841,334,694,1009.21,-1319.75,36.0,3.39,1007.88,-1317.41,2.6915608854342725,matched,2
A2,annealing_75_5,20260521-181553,452,694,1007.88,-1317.41,62.0,4.44,1007.88,-1317.41,,new,0
A2,annealing_125_5,20260727-122841,336,695,509.79,-1344.46,223.0,8.43,508.78,-1341.73,2.9108418026406375,matched,1
A2,annealing_150_5,20260909-160823,270,695,506.37,-1346.26,195.0,7.88,508.78,-1341.73,5.13117920170399,matched,1
A2,annealing_75_5,20260521-181553,455,695,508.78,-1341.73,543.0,13.15,508.78,-1341.73,,new,0
A2,annealing_125_5,20260727-122841,335,696,1390.79,-1339.8,320.0,10.09,1390.36,-1338.53,1.3408206442324822,matched,2
A2,annealing_75_5,20260521-181553,456,696,1390.36,-1338.53,312.0,9.97,1390.36,-1338.53,,new,0
A2,annealing_125_5,20260727-122841,337,697,625.26,-1343.26,53.0,4.11,623.74,-1341.02,2.707027890510178,matched,1
A2,annealing_75_5,20260521-181553,457,697,623.74,-1341.02,49.0,3.95,623.74,-1341.02,,new,0
A2,annealing_125_5,20260727-122841,338,698,505.93,-1379.09,483.0,12.4,504.8,-1376.37,2.9453862225521696,matched,1
A2,annealing_75_5,20260521-181553,460,698,504.8,-1376.37,558.0,13.33,504.8,-1376.37,,new,0
A2,annealing_75_5,20260521-181553,462,699,459.62,-1371.87,51.0,4.03,459.62,-1371.87,,new,0
A2,annealing_150_5,20260909-160823,274,700,652.05,-1375.68,75.0,4.89,652.65,-1383.64,7.982581036231364,matched,1
A2,annealing_75_5,20260521-181553,463,700,652.65,-1383.64,89.0,5.32,652.65,-1383.64,,new,0
A2,annealing_125_5,20260727-122841,340,701,982.5,-1395.51,141.0,6.7,981.41,-1392.77,2.9488472323944013,matched,2
A2,annealing_75_5,20260521-181553,464,701,981.41,-1392.77,430.0,11.7,981.41,-1392.77,,new,0
A2,annealing_125_5,20260727-122841,341,702,908.74,-1400.5,194.0,7.86,908.01,-1398.13,2.4798790293075808,matched,1
A2,annealing_75_5,20260521-181553,466,702,908.01,-1398.13,397.0,11.24,908.01,-1398.13,,new,0
A2,annealing_75_5,20260521-181553,467,703,1020.7,-1397.2,117.0,6.1,1020.7,-1397.2,,new,0
A2,annealing_125_5,20260727-122841,342,704,1450.6,-1403.07,194.0,7.86,1450.03,-1401.71,1.4746185947558288,matched,2
A2,annealing_75_5,20260521-181553,468,704,1450.03,-1401.71,290.0,9.61,1450.03,-1401.71,,new,0
A2,annealing_125_5,20260727-122841,344,705,1334.33,-1418.13,457.0,12.06,1333.75,-1416.92,1.3418271125595889,matched,2
A2,annealing_75_5,20260521-181553,470,705,1333.75,-1416.92,921.0,17.12,1333.75,-1416.92,,new,0
A2,annealing_125_5,20260727-122841,345,706,673.43,-1423.89,83.0,5.14,672.04,-1421.43,2.8255441953719536,matched,1
A2,annealing_75_5,20260521-181553,472,706,672.04,-1421.43,71.0,4.75,672.04,-1421.43,,new,0
A2,annealing_125_5,20260727-122841,348,707,1090.91,-1442.41,156.0,7.05,1089.75,-1440.33,2.3815961034568462,matched,2
A2,annealing_75_5,20260521-181553,476,707,1089.75,-1440.33,159.0,7.11,1089.75,-1440.33,,new,0
A2,annealing_75_5,20260521-181553,479,708,495.59,-1451.37,71.0,4.75,495.59,-1451.37,,new,0
A2,annealing_125_5,20260727-122841,349,709,1422.5,-1472.88,509.0,12.73,1421.79,-1471.63,1.4375673897247572,matched,2
A2,annealing_75_5,20260521-181553,481,709,1421.79,-1471.63,779.0,15.75,1421.79,-1471.63,,new,0
A2,annealing_75_5,20260521-181553,482,710,895.43,-1458.4,35.0,3.34,895.43,-1458.4,,new,0
A2,annealing_75_5,20260521-181553,484,711,1270.14,-1475.53,145.0,6.79,1270.14,-1475.53,,new,0
A2,annealing_125_5,20260727-122841,351,712,1688.72,-1484.21,66.0,4.58,1688.39,-1483.86,0.4810405388322771,matched,2
A2,annealing_75_5,20260521-181553,485,712,1688.39,-1483.86,59.0,4.33,1688.39,-1483.86,,new,0
A2,annealing_125_5,20260727-122841,352,713,1134.4,-1503.09,217.0,8.31,1133.78,-1501.63,1.5861904047117386,matched,1
A2,annealing_75_5,20260521-181553,486,713,1133.78,-1501.63,112.0,5.97,1133.78,-1501.63,,new,0
A2,annealing_125_5,20260727-122841,353,714,537.74,-1512.09,303.0,9.82,536.45,-1509.4,2.983320297922933,matched,1
A2,annealing_75_5,20260521-181553,487,714,536.45,-1509.4,268.0,9.24,536.45,-1509.4,,new,0
A2,annealing_75_5,20260521-181553,488,715,429.31,-1508.87,82.0,5.11,429.31,-1508.87,,new,0
A2,annealing_75_5,20260521-181553,489,716,985.06,-1506.7,35.0,3.34,985.06,-1506.7,,new,0
A2,annealing_125_5,20260727-122841,354,717,1615.51,-1520.32,304.0,9.84,1614.66,-1519.43,1.2306908628894662,matched,2
A2,annealing_75_5,20260521-181553,490,717,1614.66,-1519.43,337.0,10.36,1614.66,-1519.43,,new,0
A2,annealing_125_5,20260727-122841,356,718,950.76,-1537.36,143.0,6.75,949.55,-1535.08,2.5811818998280542,matched,1
A2,annealing_75_5,20260521-181553,493,718,949.55,-1535.08,350.0,10.56,949.55,-1535.08,,new,0
A2,annealing_75_5,20260521-181553,494,719,414.3,-1537.73,198.0,7.94,414.3,-1537.73,,new,0
A2,annealing_75_5,20260521-181553,496,720,1545.91,-1542.43,188.0,7.74,1545.91,-1542.43,,new,0
A2,annealing_125_5,20260727-122841,359,721,1129.05,-1561.18,324.0,10.16,1128.18,-1559.66,1.7513708916159805,matched,1
A2,annealing_75_5,20260521-181553,497,721,1128.18,-1559.66,561.0,13.36,1128.18,-1559.66,,new,0
A2,annealing_125_5,20260727-122841,360,722,397.46,-1578.93,376.0,10.94,396.13,-1575.95,3.2633265236565077,matched,1
A2,annealing_75_5,20260521-181553,499,722,396.13,-1575.95,406.0,11.37,396.13,-1575.95,,new,0
A2,annealing_125_5,20260727-122841,363,723,1099.94,-1587.1,271.0,9.29,1098.71,-1584.85,2.5642542775629806,matched,2
A2,annealing_75_5,20260521-181553,500,723,1098.71,-1584.85,941.0,17.31,1098.71,-1584.85,,new,0
A2,annealing_125_5,20260727-122841,361,724,1310.64,-1576.63,166.0,7.27,1309.64,-1575.37,1.6086018774080024,matched,2
A2,annealing_75_5,20260521-181553,501,724,1309.64,-1575.37,185.0,7.67,1309.64,-1575.37,,new,0
A2,annealing_125_5,20260727-122841,362,725,1035.32,-1581.22,59.0,4.33,1033.59,-1578.52,3.206696119060911,matched,2
A2,annealing_75_5,20260521-181553,502,725,1033.59,-1578.52,92.0,5.41,1033.59,-1578.52,,new,0
A2,annealing_75_5,20260521-181553,503,726,583.68,-1578.85,55.0,4.18,583.68,-1578.85,,new,0
A2,annealing_75_5,20260521-181553,504,727,1125.91,-1583.78,43.0,3.7,1125.91,-1583.78,,new,0
A2,annealing_125_5,20260727-122841,365,728,710.68,-1589.89,33.0,3.24,709.96,-1587.17,2.81368086321104,matched,1
A2,annealing_75_5,20260521-181553,506,728,709.96,-1587.17,46.0,3.83,709.96,-1587.17,,new,0
A2,annealing_75_5,20260521-181553,510,729,1696.26,-1599.69,71.0,4.75,1696.26,-1599.69,,new,0
A2,annealing_125_5,20260727-122841,29,730,643.49,614.33,107.0,5.84,648.92,617.54,6.307852249379257,matched,2
A2,annealing_75_5,20260521-181553,511,730,648.92,617.54,84.0,5.17,648.92,617.54,,new,0
A2,annealing_150_5,20260909-160823,67,731,1679.02,242.86,234.0,8.63,1674.21,241.51,4.995858284619324,matched,1
A2,annealing_75_5,20260521-181553,520,731,1674.21,241.51,92.0,5.41,1674.21,241.51,,new,0
A2,annealing_75_25,20260608-115621,516,732,1530.49,-245.81,52.0,4.07,1529.62,-242.76,3.1716557190212615,matched,1
A2,annealing_75_5,20260521-181553,535,732,1529.62,-242.76,75.0,4.89,1529.62,-242.76,,new,0
A2,annealing_125_5,20260727-122841,178,733,579.54,-393.58,73.0,4.82,578.32,-390.3,3.499542827284674,matched,2
A2,annealing_75_5,20260521-181553,536,733,578.32,-390.3,157.0,7.07,578.32,-390.3,,new,0
A2,annealing_125_5,20260727-122841,182,734,593.65,-406.28,169.0,7.33,592.27,-403.23,3.3476708320860507,matched,2
A2,annealing_75_5,20260521-181553,537,734,592.27,-403.23,220.0,8.37,592.27,-403.23,,new,0
A2,annealing_125_5,20260727-122841,224,735,777.16,-689.55,385.0,11.07,775.94,-687.37,2.498159322381095,matched,2
A2,annealing_75_5,20260521-181553,546,735,775.94,-687.37,567.0,13.43,775.94,-687.37,,new,0
A2,annealing_125_5,20260727-122841,230,736,776.65,-709.47,80.0,5.05,775.18,-706.49,3.3228451664199143,matched,2
A2,annealing_75_5,20260521-181553,547,736,775.18,-706.49,103.0,5.73,775.18,-706.49,,new,0
A2,annealing_125_5,20260727-122841,379,737,713.37,-709.48,470.0,12.23,712.29,-707.19,2.5318965223720977,matched,2
A2,annealing_75_5,20260521-181553,548,737,712.29,-707.19,336.0,10.34,712.29,-707.19,,new,0
A2,annealing_125_5,20260727-122841,380,738,702.43,-729.79,515.0,12.8,701.26,-727.31,2.7421342053225612,matched,2
A2,annealing_75_5,20260521-181553,549,738,701.26,-727.31,182.0,7.61,701.26,-727.31,,new,0
A2,annealing_75_5,20260521-181553,552,739,937.44,-882.76,177.0,7.51,937.44,-882.76,,new,0
A2,annealing_125_5,20260727-122841,261,740,953.89,-886.29,362.0,10.73,952.94,-884.33,2.178095498365388,matched,2
A2,annealing_75_5,20260521-181553,553,740,952.94,-884.33,209.0,8.16,952.94,-884.33,,new,0
A2,annealing_125_5,20260727-122841,381,741,1221.78,-918.01,295.0,9.69,1221.49,-915.79,2.2388613177238335,matched,2
A2,annealing_75_5,20260521-181553,554,741,1221.49,-915.79,319.0,10.08,1221.49,-915.79,,new,1
A2,annealing_125_5,20260727-122841,267,742,627.74,-924.42,207.0,8.12,626.65,-922.06,2.5995576546789905,matched,2
A2,annealing_75_5,20260521-181553,556,742,626.65,-922.06,414.0,11.48,626.65,-922.06,,new,0
A2,annealing_125_5,20260727-122841,383,743,621.51,-952.01,949.0,17.38,620.11,-949.61,2.77848879788993,matched,2
A2,annealing_75_5,20260521-181553,557,743,620.11,-949.61,1286.0,20.23,620.11,-949.61,,new,0
A2,annealing_125_5,20260727-122841,384,744,599.09,-963.37,493.0,12.53,597.8,-959.51,4.0698525771826555,matched,2
A2,annealing_75_5,20260521-181553,558,744,597.8,-959.51,589.0,13.69,597.8,-959.51,,new,0
A2,annealing_125_5,20260727-122841,280,745,938.2,-986.42,797.0,15.93,936.49,-984.54,2.541357904743074,matched,2
A2,annealing_75_5,20260521-181553,560,745,936.49,-984.54,1755.0,23.64,936.49,-984.54,,new,0
A2,annealing_75_5,20260521-181553,561,746,951.3,-1005.09,143.0,6.75,951.3,-1005.09,,new,0
A2,annealing_75_25,20260608-115621,2,747,1081.47,743.79,49.0,3.95,1081.47,743.79,,new,0
A2,annealing_75_25,20260608-115621,17,748,1142.63,680.98,151.0,6.93,1142.63,680.98,,new,0
A2,annealing_75_25,20260608-115621,40,749,1155.97,582.9,65.0,4.55,1155.97,582.9,,new,0
A2,annealing_100_5,20260617-090129,102,750,993.1,231.77,34.0,3.29,991.69,225.59,6.3388090364042355,matched,1
A2,annealing_125_25,20260831-115727,76,750,993.3,227.72,35.0,3.34,991.69,225.59,2.6700187265260253,matched,1
A2,annealing_125_5,20260727-122841,86,750,992.93,235.39,31.0,3.14,991.69,225.59,9.878137476265422,matched,1
A2,annealing_75_25,20260608-115621,114,750,991.69,225.59,34.0,3.29,991.69,225.59,,new,0
A2,annealing_75_25,20260608-115621,122,751,961.68,193.26,86.0,5.23,961.68,193.26,,new,0
A2,annealing_75_25,20260608-115621,154,752,1573.99,7.94,35.0,3.34,1573.99,7.94,,new,0
A2,annealing_100_5,20260617-090129,166,753,1909.67,-101.16,45.0,3.78,1909.66,-104.29,3.1300159744001403,matched,1
A2,annealing_75_25,20260608-115621,188,753,1909.66,-104.29,35.0,3.34,1909.66,-104.29,,new,0
A2,annealing_100_25,20260701-110203,148,754,1984.74,-173.8,70.0,4.72,1983.87,-177.49,3.7911739606618142,matched,1
A2,annealing_75_25,20260608-115621,201,754,1983.87,-177.49,32.0,3.19,1983.87,-177.49,,new,0
A2,annealing_100_5,20260617-090129,215,755,1540.55,-333.45,89.0,5.32,1540.35,-337.35,3.9051248379533634,matched,1
A2,annealing_75_25,20260608-115621,238,755,1540.35,-337.35,98.0,5.59,1540.35,-337.35,,new,0
A2,annealing_100_5,20260617-090129,265,756,726.71,-597.9,74.0,4.85,727.23,-605.16,7.278598766246141,matched,2
A2,annealing_75_25,20260608-115621,295,756,727.23,-605.16,52.0,4.07,727.23,-605.16,,new,0
A2,annealing_75_25,20260608-115621,299,757,2619.5,-616.22,43.0,3.7,2619.5,-616.22,,new,0
A2,annealing_100_5,20260617-090129,311,758,1082.12,-801.02,34.0,3.29,1081.43,-806.25,5.275319895513442,matched,1
A2,annealing_75_25,20260608-115621,340,758,1081.43,-806.25,44.0,3.74,1081.43,-806.25,,new,0
A2,annealing_75_25,20260608-115621,356,759,867.25,-892.21,69.0,4.69,867.25,-892.21,,new,0
A2,annealing_75_25,20260608-115621,379,760,721.65,-1011.64,30.0,3.09,721.65,-1011.64,,new,0
A2,annealing_75_25,20260608-115621,380,761,921.14,-1017.71,31.0,3.14,921.14,-1017.71,,new,0
A2,annealing_75_25,20260608-115621,383,762,2323.44,-1036.69,80.0,5.05,2323.44,-1036.69,,new,0
A2,annealing_75_25,20260608-115621,440,763,2110.57,-1287.23,40.0,3.57,2110.57,-1287.23,,new,0
A2,annealing_75_25,20260608-115621,441,764,992.02,-1292.48,47.0,3.87,992.02,-1292.48,,new,0
A2,annealing_75_25,20260608-115621,478,765,995.98,-1520.19,42.0,3.66,995.98,-1520.19,,new,0
A2,annealing_75_25,20260608-115621,485,766,1862.38,-1551.33,36.0,3.39,1862.38,-1551.33,,new,0
A2,annealing_75_25,20260608-115621,486,767,2190.72,-1557.35,42.0,3.66,2190.72,-1557.35,,new,0
A2,annealing_75_25,20260608-115621,489,768,2165.87,-1570.45,33.0,3.24,2165.87,-1570.45,,new,0
A2,annealing_100_5,20260617-090129,472,769,782.0,157.23,135.0,6.56,780.19,151.12,6.372456355284014,matched,1
A2,annealing_75_25,20260608-115621,508,769,780.19,151.12,128.0,6.38,780.19,151.12,,new,0
A2,annealing_75_25,20260608-115621,534,770,2295.72,-1016.69,201.0,8.0,2295.72,-1016.69,,new,0
A2,annealing_75_25,20260608-115621,536,771,2294.13,-1070.79,154.0,7.0,2294.13,-1070.79,,new,0
A2,annealing_75_25,20260608-115621,539,772,1822.34,-1372.65,51.0,4.03,1822.34,-1372.65,,new,0
A2,annealing_100_5,20260617-090129,9,773,2573.48,729.08,33.0,3.24,2573.48,729.08,,new,0
A2,annealing_100_5,20260617-090129,54,774,1473.41,468.39,247.0,8.87,1473.41,468.39,,new,0
A2,annealing_100_5,20260617-090129,65,775,1425.38,414.61,66.0,4.58,1425.38,414.61,,new,0
A2,annealing_100_5,20260617-090129,88,776,2015.99,296.88,85.0,5.2,2015.99,296.88,,new,0
A2,annealing_100_5,20260617-090129,97,777,2560.31,263.45,54.0,4.15,2560.31,263.45,,new,0
A2,annealing_125_25,20260831-115727,71,777,2560.2,262.6,407.0,11.38,2560.31,263.45,0.8570880934886274,matched,1
A2,annealing_150_5,20260909-160823,62,777,2561.98,260.48,443.0,11.87,2560.31,263.45,3.4073156589902363,matched,1
A2,annealing_100_5,20260617-090129,135,778,2451.91,48.96,33.0,3.24,2451.91,48.96,,new,0
A2,annealing_100_5,20260617-090129,138,779,668.47,26.39,34.0,3.29,668.47,26.39,,new,0
A2,annealing_100_5,20260617-090129,213,780,1495.32,-331.26,30.0,3.09,1495.32,-331.26,,new,0
A2,annealing_100_25,20260701-110203,207,781,1620.72,-452.84,72.0,4.79,1620.73,-451.55,1.2900387591076115,matched,1
A2,annealing_100_5,20260617-090129,242,781,1620.73,-451.55,125.0,6.31,1620.73,-451.55,,new,0
A2,annealing_125_25,20260831-115727,176,781,1621.01,-454.41,185.0,7.67,1620.73,-451.55,2.873673607075108,matched,1
A2,annealing_125_5,20260727-122841,190,781,1617.08,-448.83,76.0,4.92,1620.73,-451.55,4.552021528947421,matched,1
A2,annealing_100_5,20260617-090129,247,782,1430.72,-494.15,426.0,11.64,1430.72,-494.15,,new,0
A2,annealing_100_5,20260617-090129,253,783,1573.27,-534.05,31.0,3.14,1573.27,-534.05,,new,0
A2,annealing_100_5,20260617-090129,317,784,1425.7,-830.33,30.0,3.09,1425.7,-830.33,,new,0
A2,annealing_100_5,20260617-090129,352,785,739.98,-1027.02,37.0,3.43,739.98,-1027.02,,new,0
A2,annealing_125_5,20260727-122841,283,785,735.99,-1021.29,41.0,3.61,739.98,-1027.02,6.9823348530416585,matched,1
A2,annealing_100_5,20260617-090129,407,786,2063.09,-1312.13,32.0,3.19,2063.09,-1312.13,,new,0
A2,annealing_100_5,20260617-090129,408,787,2266.25,-1313.71,36.0,3.39,2266.25,-1313.71,,new,0
A2,annealing_100_5,20260617-090129,418,788,463.88,-1359.96,30.0,3.09,463.88,-1359.96,,new,0
A2,annealing_100_5,20260617-090129,465,789,706.34,510.64,71.0,4.75,706.34,510.64,,new,0
A2,annealing_100_25,20260701-110203,46,790,2447.31,444.18,30.0,3.09,2447.31,444.18,,new,0
A2,annealing_100_25,20260701-110203,48,791,390.54,433.21,42.0,3.66,390.54,433.21,,new,0
A2,annealing_100_25,20260701-110203,125,792,710.09,-20.38,69.0,4.69,710.09,-20.38,,new,0
A2,annealing_125_25,20260831-115727,106,792,710.32,-24.4,253.0,8.97,710.09,-20.38,4.026574226311991,matched,1
A2,annealing_125_5,20260727-122841,118,792,709.29,-14.55,359.0,10.69,710.09,-20.38,5.884632528884033,matched,1
A2,annealing_100_25,20260701-110203,163,793,1354.97,-246.87,82.0,5.11,1354.97,-246.87,,new,0
A2,annealing_100_25,20260701-110203,233,794,1477.83,-602.59,103.0,5.73,1477.83,-602.59,,new,0
A2,annealing_100_25,20260701-110203,284,795,953.71,-908.1,53.0,4.11,953.71,-908.1,,new,0
A2,annealing_100_25,20260701-110203,294,796,2125.79,-952.85,115.0,6.05,2125.79,-952.85,,new,0
A2,annealing_125_5,20260727-122841,274,796,2121.43,-950.67,77.0,4.95,2125.79,-952.85,4.874628190949684,matched,1
A2,annealing_100_25,20260701-110203,375,797,1573.57,-1475.15,131.0,6.46,1573.57,-1475.15,,new,0
A2,annealing_125_5,20260727-122841,350,797,1567.79,-1471.05,163.0,7.2,1573.57,-1475.15,7.086494196709738,matched,1
A2,annealing_100_25,20260701-110203,394,798,641.96,553.78,243.0,8.79,641.96,553.78,,new,0
A2,annealing_150_5,20260909-160823,25,798,647.17,547.67,412.0,11.45,641.96,553.78,8.029707342113992,matched,1
A2,annealing_100_25,20260701-110203,401,799,1506.3,-277.67,170.0,7.36,1506.3,-277.67,,new,0
A2,annealing_125_25,20260831-115727,148,799,1505.84,-280.86,30.0,3.09,1506.3,-277.67,3.2229955010828077,matched,1
A2,annealing_125_25,20260831-115727,5,800,1030.31,732.03,45.0,3.78,1032.0,739.2,7.366478127300809,matched,1
A2,annealing_125_5,20260727-122841,6,800,1032.0,739.2,55.0,4.18,1032.0,739.2,,new,0
A2,annealing_125_25,20260831-115727,122,801,1333.26,-125.47,72.0,4.79,1331.77,-117.96,7.6563829580292095,matched,1
A2,annealing_125_5,20260727-122841,135,801,1331.77,-117.96,47.0,3.87,1331.77,-117.96,,new,0
A2,annealing_125_5,20260727-122841,343,802,341.42,-1400.79,74.0,4.85,341.42,-1400.79,,new,0
A2,annealing_125_5,20260727-122841,357,803,773.57,-1549.62,262.0,9.13,773.57,-1549.62,,new,0
A2,annealing_125_25,20260831-115727,8,804,948.9,707.77,62.0,4.44,948.9,707.77,,new,0
A2,annealing_125_25,20260831-115727,19,805,1590.02,647.7,50.0,3.99,1590.02,647.7,,new,0
A2,annealing_125_25,20260831-115727,75,806,1475.78,229.55,85.0,5.2,1475.78,229.55,,new,0
A2,annealing_125_25,20260831-115727,121,807,1672.06,-135.84,584.0,13.63,1672.06,-135.84,,new,0
A2,annealing_150_25,20260917-164036,88,807,1671.44,-134.74,103.0,5.73,1672.06,-135.84,1.2626955294131093,matched,1
A2,annealing_125_25,20260831-115727,129,808,898.43,-172.6,67.0,4.62,898.43,-172.6,,new,0
A2,annealing_125_25,20260831-115727,146,809,1610.68,-265.91,45.0,3.78,1610.68,-265.91,,new,0
A2,annealing_125_25,20260831-115727,162,810,991.5,-378.96,30.0,3.09,991.5,-378.96,,new,0
A2,annealing_125_25,20260831-115727,190,811,2606.11,-580.39,87.0,5.26,2606.11,-580.39,,new,0
A2,annealing_125_25,20260831-115727,236,812,2650.39,-835.61,41.0,3.61,2650.39,-835.61,,new,0
A2,annealing_125_25,20260831-115727,266,813,484.56,-1055.11,69.0,4.69,484.56,-1055.11,,new,0
A2,annealing_150_25,20260917-164036,184,813,482.43,-1051.11,35.0,3.34,484.56,-1055.11,4.531765660313867,matched,1
A2,annealing_125_25,20260831-115727,268,814,2440.65,-1081.38,30.0,3.09,2440.65,-1081.38,,new,0
A2,annealing_125_25,20260831-115727,294,815,384.33,-1238.49,55.0,4.18,384.33,-1238.49,,new,0
A2,annealing_125_25,20260831-115727,321,816,349.85,-1412.19,84.0,5.17,349.85,-1412.19,,new,0
A2,annealing_125_25,20260831-115727,339,817,782.46,-1559.91,232.0,8.59,782.46,-1559.91,,new,0
A2,annealing_150_5,20260909-160823,0,818,1770.98,733.84,123.0,6.26,1770.98,733.84,,new,0
A2,annealing_150_5,20260909-160823,1,819,715.61,711.92,214.0,8.25,715.61,711.92,,new,0
A2,annealing_150_5,20260909-160823,4,820,758.7,714.06,30.0,3.09,758.7,714.06,,new,0
A2,annealing_150_5,20260909-160823,5,821,909.72,703.53,501.0,12.63,909.72,703.53,,new,0
A2,annealing_150_5,20260909-160823,7,822,1018.12,684.88,76.0,4.92,1018.12,684.88,,new,0
A2,annealing_150_5,20260909-160823,9,823,1611.29,678.08,90.0,5.35,1611.29,678.08,,new,0
A2,annealing_150_5,20260909-160823,10,824,353.32,667.26,85.0,5.2,353.32,667.26,,new,0
A2,annealing_150_5,20260909-160823,11,825,936.41,663.7,49.0,3.95,936.41,663.7,,new,0
A2,annealing_150_5,20260909-160823,12,826,1892.96,645.81,383.0,11.04,1892.96,645.81,,new,0
A2,annealing_150_5,20260909-160823,15,827,1867.37,633.72,38.0,3.48,1867.37,633.72,,new,0
A2,annealing_150_5,20260909-160823,16,828,1594.81,609.32,177.0,7.51,1594.81,609.32,,new,0
A2,annealing_150_5,20260909-160823,17,829,877.96,602.4,85.0,5.2,877.96,602.4,,new,0
A2,annealing_150_5,20260909-160823,18,830,1865.39,597.31,131.0,6.46,1865.39,597.31,,new,0
A2,annealing_150_5,20260909-160823,19,831,1102.32,593.84,218.0,8.33,1102.32,593.84,,new,0
A2,annealing_150_5,20260909-160823,20,832,1185.21,592.6,73.0,4.82,1185.21,592.6,,new,0
A2,annealing_150_5,20260909-160823,22,833,1057.25,550.91,250.0,8.92,1057.25,550.91,,new,0
A2,annealing_150_5,20260909-160823,24,834,1736.21,561.02,30.0,3.09,1736.21,561.02,,new,0
A2,annealing_150_5,20260909-160823,26,835,1749.7,536.79,62.0,4.44,1749.7,536.79,,new,0
A2,annealing_150_5,20260909-160823,27,836,1181.0,522.8,141.0,6.7,1181.0,522.8,,new,0
A2,annealing_150_5,20260909-160823,28,837,1597.72,522.07,36.0,3.39,1597.72,522.07,,new,0
A2,annealing_150_5,20260909-160823,29,838,1033.87,511.59,43.0,3.7,1033.87,511.59,,new,0
A2,annealing_150_5,20260909-160823,30,839,686.16,487.57,95.0,5.5,686.16,487.57,,new,0
A2,annealing_150_5,20260909-160823,31,840,727.69,488.32,30.0,3.09,727.69,488.32,,new,0
A2,annealing_150_5,20260909-160823,33,841,1019.09,477.51,50.0,3.99,1019.09,477.51,,new,0
A2,annealing_150_5,20260909-160823,35,842,1281.97,473.79,125.0,6.31,1281.97,473.79,,new,0
A2,annealing_150_5,20260909-160823,36,843,439.23,473.58,46.0,3.83,439.23,473.58,,new,0
A2,annealing_150_5,20260909-160823,38,844,1597.9,438.24,176.0,7.48,1597.9,438.24,,new,0
A2,annealing_150_5,20260909-160823,41,845,608.95,410.3,133.0,6.51,608.95,410.3,,new,0
A2,annealing_150_5,20260909-160823,42,846,984.97,407.12,45.0,3.78,984.97,407.12,,new,0
A2,annealing_150_5,20260909-160823,43,847,407.45,399.3,94.0,5.47,407.45,399.3,,new,0
A2,annealing_150_5,20260909-160823,44,848,474.78,382.5,57.0,4.26,474.78,382.5,,new,0
A2,annealing_150_5,20260909-160823,45,849,1190.64,372.79,64.0,4.51,1190.64,372.79,,new,0
A2,annealing_150_5,20260909-160823,48,850,839.83,362.7,194.0,7.86,839.83,362.7,,new,0
A2,annealing_150_5,20260909-160823,49,851,1868.96,363.78,185.0,7.67,1868.96,363.78,,new,0
A2,annealing_150_5,20260909-160823,50,852,625.51,331.23,187.0,7.72,625.51,331.23,,new,0
A2,annealing_150_5,20260909-160823,51,853,1516.31,317.49,141.0,6.7,1516.31,317.49,,new,0
A2,annealing_150_5,20260909-160823,52,854,1867.71,303.72,508.0,12.72,1867.71,303.72,,new,0
A2,annealing_150_5,20260909-160823,54,855,965.93,307.47,61.0,4.41,965.93,307.47,,new,0
A2,annealing_150_5,20260909-160823,56,856,1600.3,290.4,101.0,5.67,1600.3,290.4,,new,0
A2,annealing_150_5,20260909-160823,57,857,1321.52,281.05,138.0,6.63,1321.52,281.05,,new,0
A2,annealing_150_5,20260909-160823,58,858,1046.12,279.57,81.0,5.08,1046.12,279.57,,new,0
A2,annealing_150_5,20260909-160823,59,859,389.31,277.91,31.0,3.14,389.31,277.91,,new,0
A2,annealing_150_5,20260909-160823,60,860,1512.03,276.42,30.0,3.09,1512.03,276.42,,new,0
A2,annealing_150_5,20260909-160823,61,861,841.26,267.09,315.0,10.01,841.26,267.09,,new,0
A2,annealing_150_5,20260909-160823,63,862,1473.62,259.18,347.0,10.51,1473.62,259.18,,new,0
A2,annealing_150_5,20260909-160823,64,863,1755.04,262.55,54.0,4.15,1755.04,262.55,,new,0
A2,annealing_150_5,20260909-160823,65,864,1796.82,260.75,70.0,4.72,1796.82,260.75,,new,0
A2,annealing_150_5,20260909-160823,66,865,903.76,252.14,189.0,7.76,903.76,252.14,,new,0
A2,annealing_150_5,20260909-160823,69,866,1477.67,216.73,51.0,4.03,1477.67,216.73,,new,0
A2,annealing_150_5,20260909-160823,70,867,1909.33,215.35,97.0,5.56,1909.33,215.35,,new,0
A2,annealing_150_5,20260909-160823,71,868,927.47,210.61,151.0,6.93,927.47,210.61,,new,0
A2,annealing_150_5,20260909-160823,72,869,1321.33,214.74,36.0,3.39,1321.33,214.74,,new,0
A2,annealing_150_5,20260909-160823,73,870,1600.66,209.32,131.0,6.46,1600.66,209.32,,new,0
A2,annealing_150_5,20260909-160823,74,871,1060.69,209.47,85.0,5.2,1060.69,209.47,,new,0
A2,annealing_150_5,20260909-160823,76,872,1125.1,190.98,56.0,4.22,1125.1,190.98,,new,0
A2,annealing_150_5,20260909-160823,78,873,1193.67,179.03,103.0,5.73,1193.67,179.03,,new,0
A2,annealing_150_5,20260909-160823,79,874,1785.31,173.74,298.0,9.74,1785.31,173.74,,new,0
A2,annealing_150_5,20260909-160823,82,875,1457.52,169.65,97.0,5.56,1457.52,169.65,,new,0
A2,annealing_150_5,20260909-160823,83,876,1075.75,164.75,58.0,4.3,1075.75,164.75,,new,0
A2,annealing_150_5,20260909-160823,84,877,1632.28,135.8,628.0,14.14,1632.28,135.8,,new,0
A2,annealing_150_5,20260909-160823,85,878,1416.71,138.23,30.0,3.09,1416.71,138.23,,new,0
A2,annealing_150_5,20260909-160823,87,879,798.12,121.15,161.0,7.16,798.12,121.15,,new,0
A2,annealing_150_5,20260909-160823,89,880,769.04,94.33,171.0,7.38,769.04,94.33,,new,0
A2,annealing_150_5,20260909-160823,90,881,960.24,92.56,152.0,6.96,960.24,92.56,,new,0
A2,annealing_150_5,20260909-160823,91,882,1153.29,85.72,70.0,4.72,1153.29,85.72,,new,0
A2,annealing_150_5,20260909-160823,93,883,587.28,12.06,203.0,8.04,587.28,12.06,,new,0
A2,annealing_150_5,20260909-160823,94,884,1617.4,-23.78,126.0,6.33,1617.4,-23.78,,new,0
A2,annealing_150_5,20260909-160823,95,885,1780.73,-23.92,98.0,5.59,1780.73,-23.92,,new,0
A2,annealing_150_5,20260909-160823,96,886,1141.4,-23.21,41.0,3.61,1141.4,-23.21,,new,0
A2,annealing_150_5,20260909-160823,97,887,1122.4,-44.63,158.0,7.09,1122.4,-44.63,,new,0
A2,annealing_150_5,20260909-160823,99,888,715.42,-44.59,34.0,3.29,715.42,-44.59,,new,0
A2,annealing_150_5,20260909-160823,100,889,431.82,-46.86,66.0,4.58,431.82,-46.86,,new,0
A2,annealing_150_5,20260909-160823,102,890,718.06,-89.68,63.0,4.48,718.06,-89.68,,new,0
A2,annealing_150_5,20260909-160823,104,891,1393.98,-101.28,274.0,9.34,1393.98,-101.28,,new,0
A2,annealing_150_5,20260909-160823,110,892,1339.12,-139.53,87.0,5.26,1339.12,-139.53,,new,0
A2,annealing_150_5,20260909-160823,111,893,1893.58,-137.38,36.0,3.39,1893.58,-137.38,,new,0
A2,annealing_150_5,20260909-160823,112,894,806.02,-153.89,71.0,4.75,806.02,-153.89,,new,0
A2,annealing_150_5,20260909-160823,113,895,1580.16,-155.85,33.0,3.24,1580.16,-155.85,,new,0
A2,annealing_150_5,20260909-160823,114,896,717.69,-159.07,75.0,4.89,717.69,-159.07,,new,0
A2,annealing_150_5,20260909-160823,115,897,1999.08,-170.91,87.0,5.26,1999.08,-170.91,,new,0
A2,annealing_150_5,20260909-160823,118,898,1220.85,-191.9,39.0,3.52,1220.85,-191.9,,new,0
A2,annealing_150_5,20260909-160823,120,899,2178.23,-208.54,83.0,5.14,2178.23,-208.54,,new,0
A2,annealing_150_5,20260909-160823,121,900,2097.37,-213.65,52.0,4.07,2097.37,-213.65,,new,0
A2,annealing_150_5,20260909-160823,122,901,1318.69,-221.16,186.0,7.69,1318.69,-221.16,,new,0
A2,annealing_150_5,20260909-160823,123,902,1231.14,-221.02,38.0,3.48,1231.14,-221.02,,new,0
A2,annealing_150_5,20260909-160823,124,903,1792.56,-227.93,95.0,5.5,1792.56,-227.93,,new,0
A2,annealing_150_5,20260909-160823,126,904,631.96,-237.5,138.0,6.63,631.96,-237.5,,new,0
A2,annealing_150_5,20260909-160823,128,905,1486.39,-259.66,90.0,5.35,1486.39,-259.66,,new,0
A2,annealing_150_5,20260909-160823,129,906,1182.76,-263.78,55.0,4.18,1182.76,-263.78,,new,0
A2,annealing_150_5,20260909-160823,130,907,1025.87,-282.78,116.0,6.08,1025.87,-282.78,,new,0
A2,annealing_150_5,20260909-160823,132,908,2033.88,-302.45,159.0,7.11,2033.88,-302.45,,new,0
A2,annealing_150_5,20260909-160823,133,909,1207.03,-300.45,42.0,3.66,1207.03,-300.45,,new,0
A2,annealing_150_5,20260909-160823,135,910,485.68,-316.47,74.0,4.85,485.68,-316.47,,new,0
A2,annealing_150_5,20260909-160823,136,911,1037.2,-320.33,238.0,8.7,1037.2,-320.33,,new,0
A2,annealing_150_5,20260909-160823,137,912,2316.7,-336.67,204.0,8.06,2316.7,-336.67,,new,0
A2,annealing_150_5,20260909-160823,139,913,2063.83,-365.96,88.0,5.29,2063.83,-365.96,,new,0
A2,annealing_150_5,20260909-160823,140,914,563.12,-368.35,102.0,5.7,563.12,-368.35,,new,0
A2,annealing_150_5,20260909-160823,141,915,1722.73,-372.08,173.0,7.42,1722.73,-372.08,,new,0
A2,annealing_150_5,20260909-160823,142,916,2212.59,-371.09,93.0,5.44,2212.59,-371.09,,new,0
A2,annealing_150_5,20260909-160823,143,917,1672.62,-384.03,165.0,7.25,1672.62,-384.03,,new,0
A2,annealing_150_5,20260909-160823,144,918,1227.2,-392.74,48.0,3.91,1227.2,-392.74,,new,0
A2,annealing_150_5,20260909-160823,145,919,801.86,-423.82,426.0,11.64,801.86,-423.82,,new,0
A2,annealing_150_5,20260909-160823,146,920,1446.47,-423.08,88.0,5.29,1446.47,-423.08,,new,0
A2,annealing_150_5,20260909-160823,147,921,553.45,-424.28,79.0,5.01,553.45,-424.28,,new,0
A2,annealing_150_5,20260909-160823,148,922,591.28,-425.39,63.0,4.48,591.28,-425.39,,new,0
A2,annealing_150_5,20260909-160823,149,923,1158.14,-437.29,113.0,6.0,1158.14,-437.29,,new,0
A2,annealing_150_5,20260909-160823,150,924,605.78,-438.64,33.0,3.24,605.78,-438.64,,new,0
A2,annealing_150_5,20260909-160823,151,925,2058.12,-446.05,148.0,6.86,2058.12,-446.05,,new,0
A2,annealing_150_5,20260909-160823,152,926,1873.2,-460.74,115.0,6.05,1873.2,-460.74,,new,0
A2,annealing_150_5,20260909-160823,153,927,1631.14,-466.0,30.0,3.09,1631.14,-466.0,,new,0
A2,annealing_150_5,20260909-160823,154,928,454.88,-469.44,89.0,5.32,454.88,-469.44,,new,0
A2,annealing_150_5,20260909-160823,155,929,2587.49,-483.24,295.0,9.69,2587.49,-483.24,,new,0
A2,annealing_150_5,20260909-160823,156,930,2451.87,-482.21,43.0,3.7,2451.87,-482.21,,new,0
A2,annealing_150_5,20260909-160823,157,931,2056.05,-493.63,119.0,6.15,2056.05,-493.63,,new,0
A2,annealing_150_5,20260909-160823,158,932,1357.83,-499.59,183.0,7.63,1357.83,-499.59,,new,0
A2,annealing_150_5,20260909-160823,159,933,2458.18,-507.63,90.0,5.35,2458.18,-507.63,,new,0
A2,annealing_150_5,20260909-160823,160,934,811.75,-537.88,536.0,13.06,811.75,-537.88,,new,0
A2,annealing_150_5,20260909-160823,161,935,1367.21,-535.51,184.0,7.65,1367.21,-535.51,,new,0
A2,annealing_150_5,20260909-160823,162,936,1709.38,-549.23,387.0,11.1,1709.38,-549.23,,new,0
A2,annealing_150_5,20260909-160823,163,937,2161.64,-569.25,726.0,15.2,2161.64,-569.25,,new,0
A2,annealing_150_5,20260909-160823,164,938,2115.05,-567.99,76.0,4.92,2115.05,-567.99,,new,0
A2,annealing_150_5,20260909-160823,165,939,2674.88,-584.33,225.0,8.46,2674.88,-584.33,,new,0
A2,annealing_150_5,20260909-160823,166,940,2435.71,-587.22,197.0,7.92,2435.71,-587.22,,new,0
A2,annealing_150_5,20260909-160823,167,941,1047.24,-587.74,73.0,4.82,1047.24,-587.74,,new,0
A2,annealing_150_5,20260909-160823,168,942,1320.93,-589.71,74.0,4.85,1320.93,-589.71,,new,0
A2,annealing_150_5,20260909-160823,169,943,373.72,-607.33,119.0,6.15,373.72,-607.33,,new,0
A2,annealing_150_5,20260909-160823,170,944,1521.16,-608.9,193.0,7.84,1521.16,-608.9,,new,0
A2,annealing_150_5,20260909-160823,171,945,1468.11,-618.86,139.0,6.65,1468.11,-618.86,,new,0
A2,annealing_150_5,20260909-160823,172,946,522.3,-627.88,132.0,6.48,522.3,-627.88,,new,0
A2,annealing_150_5,20260909-160823,173,947,1363.64,-636.88,328.0,10.22,1363.64,-636.88,,new,0
A2,annealing_150_5,20260909-160823,174,948,2190.04,-627.12,73.0,4.82,2190.04,-627.12,,new,0
A2,annealing_150_5,20260909-160823,175,949,1924.98,-629.7,98.0,5.59,1924.98,-629.7,,new,0
A2,annealing_150_5,20260909-160823,176,950,1503.96,-630.8,32.0,3.19,1503.96,-630.8,,new,0
A2,annealing_150_5,20260909-160823,177,951,1687.33,-634.01,122.0,6.23,1687.33,-634.01,,new,0
A2,annealing_150_5,20260909-160823,178,952,1746.14,-647.57,70.0,4.72,1746.14,-647.57,,new,0
A2,annealing_150_5,20260909-160823,179,953,1434.39,-650.66,113.0,6.0,1434.39,-650.66,,new,0
A2,annealing_150_5,20260909-160823,180,954,935.41,-658.33,164.0,7.23,935.41,-658.33,,new,0
A2,annealing_150_5,20260909-160823,181,955,1547.14,-668.47,218.0,8.33,1547.14,-668.47,,new,0
A2,annealing_150_5,20260909-160823,182,956,1044.55,-670.39,109.0,5.89,1044.55,-670.39,,new,0
A2,annealing_150_5,20260909-160823,183,957,2633.3,-687.56,129.0,6.41,2633.3,-687.56,,new,0
A2,annealing_150_5,20260909-160823,184,958,1213.53,-691.3,210.0,8.18,1213.53,-691.3,,new,0
A2,annealing_150_5,20260909-160823,185,959,1688.79,-701.22,165.0,7.25,1688.79,-701.22,,new,0
A2,annealing_150_5,20260909-160823,186,960,1713.68,-712.12,33.0,3.24,1713.68,-712.12,,new,0
A2,annealing_150_5,20260909-160823,187,961,794.35,-719.87,238.0,8.7,794.35,-719.87,,new,0
A2,annealing_150_5,20260909-160823,188,962,1748.55,-731.49,192.0,7.82,1748.55,-731.49,,new,0
A2,annealing_150_5,20260909-160823,189,963,1510.75,-731.36,45.0,3.78,1510.75,-731.36,,new,0
A2,annealing_150_5,20260909-160823,190,964,730.83,-740.56,162.0,7.18,730.83,-740.56,,new,0
A2,annealing_150_5,20260909-160823,191,965,2691.58,-743.26,87.0,5.26,2691.58,-743.26,,new,0
A2,annealing_150_5,20260909-160823,192,966,922.17,-772.14,51.0,4.03,922.17,-772.14,,new,0
A2,annealing_150_5,20260909-160823,193,967,1473.22,-775.78,112.0,5.97,1473.22,-775.78,,new,0
A2,annealing_150_5,20260909-160823,194,968,2335.86,-786.41,42.0,3.66,2335.86,-786.41,,new,0
A2,annealing_150_5,20260909-160823,195,969,896.26,-791.7,94.0,5.47,896.26,-791.7,,new,0
A2,annealing_150_5,20260909-160823,196,970,2440.28,-798.82,216.0,8.29,2440.28,-798.82,,new,0
A2,annealing_150_5,20260909-160823,197,971,2256.16,-800.36,55.0,4.18,2256.16,-800.36,,new,0
A2,annealing_150_5,20260909-160823,198,972,836.41,-801.27,51.0,4.03,836.41,-801.27,,new,0
A2,annealing_150_5,20260909-160823,199,973,2361.34,-803.52,95.0,5.5,2361.34,-803.52,,new,0
A2,annealing_150_5,20260909-160823,200,974,2156.55,-807.04,56.0,4.22,2156.55,-807.04,,new,0
A2,annealing_150_5,20260909-160823,201,975,1283.25,-810.93,125.0,6.31,1283.25,-810.93,,new,0
A2,annealing_150_5,20260909-160823,202,976,1348.16,-813.21,96.0,5.53,1348.16,-813.21,,new,0
A2,annealing_150_5,20260909-160823,203,977,596.76,-818.42,55.0,4.18,596.76,-818.42,,new,0
A2,annealing_150_5,20260909-160823,204,978,768.23,-829.6,45.0,3.78,768.23,-829.6,,new,0
A2,annealing_150_5,20260909-160823,205,979,1072.98,-837.33,56.0,4.22,1072.98,-837.33,,new,0
A2,annealing_150_5,20260909-160823,206,980,2664.11,-838.54,62.0,4.44,2664.11,-838.54,,new,0
A2,annealing_150_5,20260909-160823,207,981,2623.74,-839.46,32.0,3.19,2623.74,-839.46,,new,0
A2,annealing_150_5,20260909-160823,208,982,1569.15,-852.18,51.0,4.03,1569.15,-852.18,,new,0
A2,annealing_150_5,20260909-160823,209,983,2271.58,-862.52,142.0,6.72,2271.58,-862.52,,new,0
A2,annealing_150_5,20260909-160823,210,984,1332.77,-862.03,95.0,5.5,1332.77,-862.03,,new,0
A2,annealing_150_5,20260909-160823,211,985,1878.83,-860.19,30.0,3.09,1878.83,-860.19,,new,0
A2,annealing_150_5,20260909-160823,212,986,2361.56,-864.57,114.0,6.02,2361.56,-864.57,,new,0
A2,annealing_150_5,20260909-160823,213,987,1561.18,-889.01,245.0,8.83,1561.18,-889.01,,new,0
A2,annealing_150_5,20260909-160823,214,988,645.01,-897.68,141.0,6.7,645.01,-897.68,,new,0
A2,annealing_150_5,20260909-160823,215,989,974.01,-913.62,58.0,4.3,974.01,-913.62,,new,0
A2,annealing_150_5,20260909-160823,216,990,1763.49,-923.34,194.0,7.86,1763.49,-923.34,,new,0
A2,annealing_150_5,20260909-160823,217,991,1873.65,-947.89,143.0,6.75,1873.65,-947.89,,new,0
A2,annealing_150_5,20260909-160823,218,992,929.2,-947.45,57.0,4.26,929.2,-947.45,,new,0
A2,annealing_150_5,20260909-160823,219,993,1045.92,-953.69,146.0,6.82,1045.92,-953.69,,new,0
A2,annealing_150_5,20260909-160823,220,994,648.95,-956.75,100.0,5.64,648.95,-956.75,,new,0
A2,annealing_150_5,20260909-160823,221,995,375.81,-958.14,67.0,4.62,375.81,-958.14,,new,0
A2,annealing_150_5,20260909-160823,222,996,2419.48,-964.71,341.0,10.42,2419.48,-964.71,,new,0
A2,annealing_150_5,20260909-160823,223,997,1762.71,-964.57,228.0,8.52,1762.71,-964.57,,new,0
A2,annealing_150_5,20260909-160823,224,998,2463.02,-970.43,173.0,7.42,2463.02,-970.43,,new,0
A2,annealing_150_5,20260909-160823,225,999,736.03,-971.5,68.0,4.65,736.03,-971.5,,new,0
A2,annealing_150_5,20260909-160823,227,1000,924.47,-983.23,124.0,6.28,924.47,-983.23,,new,0
A2,annealing_150_5,20260909-160823,229,1001,1150.97,-993.46,71.0,4.75,1150.97,-993.46,,new,0
A2,annealing_150_5,20260909-160823,230,1002,959.44,-1014.13,357.0,10.66,959.44,-1014.13,,new,0
A2,annealing_150_5,20260909-160823,231,1003,1902.79,-1011.7,98.0,5.59,1902.79,-1011.7,,new,0
A2,annealing_150_5,20260909-160823,232,1004,647.41,-1032.56,210.0,8.18,647.41,-1032.56,,new,0
A2,annealing_150_5,20260909-160823,233,1005,2309.23,-1047.54,154.0,7.0,2309.23,-1047.54,,new,0
A2,annealing_150_5,20260909-160823,234,1006,2142.84,-1077.4,323.0,10.14,2142.84,-1077.4,,new,0
A2,annealing_150_5,20260909-160823,236,1007,2483.46,-1095.98,191.0,7.8,2483.46,-1095.98,,new,0
A2,annealing_150_5,20260909-160823,237,1008,1757.7,-1102.14,142.0,6.72,1757.7,-1102.14,,new,0
A2,annealing_150_5,20260909-160823,238,1009,566.84,-1115.0,92.0,5.41,566.84,-1115.0,,new,0
A2,annealing_150_5,20260909-160823,239,1010,924.52,-1115.79,85.0,5.2,924.52,-1115.79,,new,0
A2,annealing_150_5,20260909-160823,240,1011,2157.85,-1126.27,91.0,5.38,2157.85,-1126.27,,new,0
A2,annealing_150_5,20260909-160823,241,1012,1920.67,-1125.55,71.0,4.75,1920.67,-1125.55,,new,0
A2,annealing_150_5,20260909-160823,242,1013,1451.83,-1130.71,72.0,4.79,1451.83,-1130.71,,new,0
A2,annealing_150_5,20260909-160823,243,1014,1096.33,-1139.51,303.0,9.82,1096.33,-1139.51,,new,0
A2,annealing_150_5,20260909-160823,244,1015,1510.73,-1134.32,43.0,3.7,1510.73,-1134.32,,new,0
A2,annealing_150_5,20260909-160823,245,1016,2102.6,-1139.18,107.0,5.84,2102.6,-1139.18,,new,0
A2,annealing_150_5,20260909-160823,246,1017,2515.86,-1139.29,138.0,6.63,2515.86,-1139.29,,new,0
A2,annealing_150_5,20260909-160823,247,1018,2324.97,-1154.45,64.0,4.51,2324.97,-1154.45,,new,0
A2,annealing_150_5,20260909-160823,248,1019,2514.73,-1161.55,39.0,3.52,2514.73,-1161.55,,new,0
A2,annealing_150_5,20260909-160823,249,1020,2443.06,-1180.28,99.0,5.61,2443.06,-1180.28,,new,0
A2,annealing_150_5,20260909-160823,250,1021,2508.7,-1197.09,190.0,7.78,2508.7,-1197.09,,new,0
A2,annealing_150_5,20260909-160823,251,1022,2707.28,-1196.54,81.0,5.08,2707.28,-1196.54,,new,0
A2,annealing_150_5,20260909-160823,252,1023,1447.21,-1206.78,266.0,9.2,1447.21,-1206.78,,new,0
A2,annealing_150_5,20260909-160823,253,1024,1706.84,-1210.94,197.0,7.92,1706.84,-1210.94,,new,0
A2,annealing_150_5,20260909-160823,254,1025,1017.26,-1208.92,99.0,5.61,1017.26,-1208.92,,new,0
A2,annealing_150_5,20260909-160823,255,1026,2544.4,-1213.89,187.0,7.72,2544.4,-1213.89,,new,0
A2,annealing_150_5,20260909-160823,256,1027,1639.57,-1222.46,247.0,8.87,1639.57,-1222.46,,new,0
A2,annealing_150_5,20260909-160823,257,1028,2105.08,-1250.15,76.0,4.92,2105.08,-1250.15,,new,0
A2,annealing_150_5,20260909-160823,258,1029,661.05,-1261.74,55.0,4.18,661.05,-1261.74,,new,0
A2,annealing_150_5,20260909-160823,259,1030,402.87,-1262.46,77.0,4.95,402.87,-1262.46,,new,0
A2,annealing_150_5,20260909-160823,260,1031,2473.54,-1273.0,156.0,7.05,2473.54,-1273.0,,new,0
A2,annealing_150_5,20260909-160823,261,1032,2619.68,-1270.43,67.0,4.62,2619.68,-1270.43,,new,0
A2,annealing_150_5,20260909-160823,263,1033,2419.64,-1282.47,154.0,7.0,2419.64,-1282.47,,new,0
A2,annealing_150_5,20260909-160823,264,1034,2517.18,-1292.26,106.0,5.81,2517.18,-1292.26,,new,0
A2,annealing_150_5,20260909-160823,265,1035,413.61,-1292.37,160.0,7.14,413.61,-1292.37,,new,0
A2,annealing_150_5,20260909-160823,266,1036,798.49,-1296.73,112.0,5.97,798.49,-1296.73,,new,0
A2,annealing_150_5,20260909-160823,267,1037,1355.59,-1300.71,99.0,5.61,1355.59,-1300.71,,new,0
A2,annealing_150_5,20260909-160823,268,1038,2199.57,-1334.43,368.0,10.82,2199.57,-1334.43,,new,0
A2,annealing_150_5,20260909-160823,269,1039,465.88,-1335.42,259.0,9.08,465.88,-1335.42,,new,0
A2,annealing_150_5,20260909-160823,271,1040,1037.14,-1345.63,38.0,3.48,1037.14,-1345.63,,new,0
A2,annealing_150_5,20260909-160823,272,1041,1418.38,-1360.84,119.0,6.15,1418.38,-1360.84,,new,0
A2,annealing_150_5,20260909-160823,273,1042,537.19,-1378.05,169.0,7.33,537.19,-1378.05,,new,0
A2,annealing_150_5,20260909-160823,275,1043,1831.47,-1404.69,193.0,7.84,1831.47,-1404.69,,new,0
A2,annealing_150_5,20260909-160823,276,1044,533.72,-1412.92,247.0,8.87,533.72,-1412.92,,new,0
A2,annealing_150_5,20260909-160823,277,1045,1010.65,-1422.08,153.0,6.98,1010.65,-1422.08,,new,0
A2,annealing_150_5,20260909-160823,278,1046,1478.24,-1423.96,85.0,5.2,1478.24,-1423.96,,new,0
A2,annealing_150_5,20260909-160823,279,1047,937.36,-1428.43,202.0,8.02,937.36,-1428.43,,new,0
A2,annealing_150_5,20260909-160823,280,1048,1362.99,-1440.37,253.0,8.97,1362.99,-1440.37,,new,0
A2,annealing_150_5,20260909-160823,281,1049,1996.22,-1447.51,638.0,14.25,1996.22,-1447.51,,new,0
A2,annealing_150_5,20260909-160823,282,1050,2712.83,-1438.03,43.0,3.7,2712.83,-1438.03,,new,0
A2,annealing_150_5,20260909-160823,283,1051,2195.97,-1458.1,137.0,6.6,2195.97,-1458.1,,new,0
A2,annealing_150_5,20260909-160823,284,1052,926.1,-1488.9,54.0,4.15,926.1,-1488.9,,new,0
A2,annealing_150_5,20260909-160823,285,1053,1451.35,-1493.97,245.0,8.83,1451.35,-1493.97,,new,0
A2,annealing_150_5,20260909-160823,286,1054,1718.07,-1502.23,59.0,4.33,1718.07,-1502.23,,new,0
A2,annealing_150_5,20260909-160823,287,1055,2389.64,-1534.4,195.0,7.88,2389.64,-1534.4,,new,0
A2,annealing_150_5,20260909-160823,288,1056,1645.25,-1538.25,207.0,8.12,1645.25,-1538.25,,new,0
A2,annealing_150_5,20260909-160823,289,1057,567.51,-1545.66,134.0,6.53,567.51,-1545.66,,new,0
A2,annealing_150_5,20260909-160823,290,1058,2646.72,-1551.73,65.0,4.55,2646.72,-1551.73,,new,0
A2,annealing_150_5,20260909-160823,291,1059,1577.45,-1562.39,135.0,6.56,1577.45,-1562.39,,new,0
A2,annealing_150_5,20260909-160823,292,1060,2210.19,-1562.31,44.0,3.74,2210.19,-1562.31,,new,0
A2,annealing_150_5,20260909-160823,293,1061,980.98,-1564.55,221.0,8.39,980.98,-1564.55,,new,0
A2,annealing_150_5,20260909-160823,294,1062,1958.16,-1570.59,93.0,5.44,1958.16,-1570.59,,new,0
A2,annealing_150_5,20260909-160823,295,1063,804.03,-1579.46,287.0,9.56,804.03,-1579.46,,new,0
A2,annealing_150_5,20260909-160823,296,1064,1477.45,-1579.71,101.0,5.67,1477.45,-1579.71,,new,0
A2,annealing_150_5,20260909-160823,297,1065,1450.37,-1597.06,127.0,6.36,1450.37,-1597.06,,new,0
A2,annealing_150_5,20260909-160823,298,1066,2115.27,-1601.72,95.0,5.5,2115.27,-1601.72,,new,0
A2,annealing_150_5,20260909-160823,300,1067,2404.31,-1606.28,62.0,4.44,2404.31,-1606.28,,new,0
A2,annealing_150_5,20260909-160823,301,1068,1130.73,-1612.13,154.0,7.0,1130.73,-1612.13,,new,0
A2,annealing_150_5,20260909-160823,302,1069,428.37,-1614.03,201.0,8.0,428.37,-1614.03,,new,0
A2,annealing_150_5,20260909-160823,303,1070,2510.45,-1614.18,54.0,4.15,2510.45,-1614.18,,new,0
A2,annealing_150_5,20260909-160823,304,1071,1047.66,88.57,1202.0,19.56,1047.66,88.57,,new,0
A2,annealing_150_5,20260909-160823,305,1072,1023.37,80.05,395.0,11.21,1023.37,80.05,,new,0
A2,annealing_150_5,20260909-160823,306,1073,1525.71,-254.93,105.0,5.78,1525.71,-254.93,,new,0
A2,annealing_150_5,20260909-160823,307,1074,1518.17,-272.22,582.0,13.61,1518.17,-272.22,,new,0
A2,annealing_150_5,20260909-160823,308,1075,1200.91,-538.95,372.0,10.88,1200.91,-538.95,,new,0
A2,annealing_150_5,20260909-160823,309,1076,1201.77,-558.07,142.0,6.72,1201.77,-558.07,,new,0
A2,annealing_150_5,20260909-160823,310,1077,1242.37,-941.9,206.0,8.1,1242.37,-941.9,,new,0
A2,annealing_150_5,20260909-160823,311,1078,1242.1,-954.04,105.0,5.78,1242.1,-954.04,,new,0
A2,annealing_150_5,20260909-160823,312,1079,487.31,-1077.12,130.0,6.43,487.31,-1077.12,,new,0
A2,annealing_150_5,20260909-160823,313,1080,499.63,-1077.96,38.0,3.48,499.63,-1077.96,,new,0
A2,annealing_150_5,20260909-160823,314,1081,1341.03,-1599.2,272.0,9.3,1341.03,-1599.2,,new,0
A2,annealing_150_5,20260909-160823,315,1082,1331.61,-1612.64,58.0,4.3,1331.61,-1612.64,,new,0
A2,annealing_150_25,20260917-164036,29,1083,2639.75,446.32,151.0,6.93,2639.75,446.32,,new,0
A2,annealing_150_25,20260917-164036,57,1084,1809.23,179.48,80.0,5.05,1809.23,179.48,,new,0
A2,annealing_150_25,20260917-164036,59,1085,1755.24,183.79,61.0,4.41,1755.24,183.79,,new,0
A2,annealing_150_25,20260917-164036,71,1086,671.84,95.18,93.0,5.44,671.84,95.18,,new,0
A2,annealing_150_25,20260917-164036,115,1087,1891.9,-410.61,43.0,3.7,1891.9,-410.61,,new,0
A2,annealing_150_25,20260917-164036,121,1088,2446.43,-503.36,81.0,5.08,2446.43,-503.36,,new,0
A2,annealing_150_25,20260917-164036,147,1089,1038.17,-720.39,38.0,3.48,1038.17,-720.39,,new,0
A2,annealing_150_25,20260917-164036,183,1090,549.07,-1051.55,80.0,5.05,549.07,-1051.55,,new,0
A2,annealing_150_25,20260917-164036,227,1091,1177.67,-1521.39,209.0,8.16,1177.67,-1521.39,,new,0
