spot,phase,run_number,detection,detected,status,local_spot
0,before_annealing,20260516-064844,present,True,reference,0.0
1,before_annealing,20260516-064844,present,True,reference,1.0
2,before_annealing,20260516-064844,present,True,reference,2.0
3,before_annealing,20260516-064844,present,True,reference,3.0
4,before_annealing,20260516-064844,present,True,reference,4.0
5,before_annealing,20260516-064844,present,True,reference,5.0
6,before_annealing,20260516-064844,present,True,reference,6.0
7,before_annealing,20260516-064844,present,True,reference,7.0
8,before_annealing,20260516-064844,present,True,reference,8.0
9,before_annealing,20260516-064844,present,True,reference,9.0
10,before_annealing,20260516-064844,present,True,reference,10.0
11,before_annealing,20260516-064844,present,True,reference,11.0
12,before_annealing,20260516-064844,present,True,reference,12.0
13,before_annealing,20260516-064844,present,True,reference,13.0
14,before_annealing,20260516-064844,present,True,reference,14.0
15,before_annealing,20260516-064844,present,True,reference,15.0
16,before_annealing,20260516-064844,present,True,reference,16.0
17,before_annealing,20260516-064844,present,True,reference,17.0
18,before_annealing,20260516-064844,present,True,reference,18.0
19,before_annealing,20260516-064844,present,True,reference,19.0
20,before_annealing,20260516-064844,present,True,reference,20.0
21,before_annealing,20260516-064844,present,True,reference,21.0
22,before_annealing,20260516-064844,present,True,reference,22.0
23,before_annealing,20260516-064844,present,True,reference,23.0
24,before_annealing,20260516-064844,present,True,reference,24.0
25,before_annealing,20260516-064844,present,True,reference,25.0
26,before_annealing,20260516-064844,present,True,reference,26.0
27,before_annealing,20260516-064844,present,True,reference,27.0
28,before_annealing,20260516-064844,present,True,reference,28.0
29,before_annealing,20260516-064844,present,True,reference,29.0
30,before_annealing,20260516-064844,present,True,reference,30.0
31,before_annealing,20260516-064844,present,True,reference,31.0
32,before_annealing,20260516-064844,present,True,reference,32.0
33,before_annealing,20260516-064844,present,True,reference,33.0
34,before_annealing,20260516-064844,present,True,reference,34.0
35,before_annealing,20260516-064844,present,True,reference,35.0
36,before_annealing,20260516-064844,present,True,reference,36.0
37,before_annealing,20260516-064844,present,True,reference,37.0
38,before_annealing,20260516-064844,present,True,reference,38.0
39,before_annealing,20260516-064844,present,True,reference,39.0
40,before_annealing,20260516-064844,present,True,reference,40.0
41,before_annealing,20260516-064844,present,True,reference,41.0
42,before_annealing,20260516-064844,present,True,reference,42.0
43,before_annealing,20260516-064844,present,True,reference,43.0
44,before_annealing,20260516-064844,present,True,reference,44.0
45,before_annealing,20260516-064844,present,True,reference,45.0
46,before_annealing,20260516-064844,present,True,reference,46.0
47,before_annealing,20260516-064844,present,True,reference,47.0
48,before_annealing,20260516-064844,present,True,reference,48.0
49,before_annealing,20260516-064844,present,True,reference,49.0
50,before_annealing,20260516-064844,present,True,reference,50.0
51,before_annealing,20260516-064844,present,True,reference,51.0
52,before_annealing,20260516-064844,present,True,reference,52.0
53,before_annealing,20260516-064844,present,True,reference,53.0
54,before_annealing,20260516-064844,present,True,reference,54.0
55,before_annealing,20260516-064844,present,True,reference,55.0
56,before_annealing,20260516-064844,present,True,reference,56.0
57,before_annealing,20260516-064844,present,True,reference,57.0
58,before_annealing,20260516-064844,present,True,reference,58.0
59,before_annealing,20260516-064844,present,True,reference,59.0
60,before_annealing,20260516-064844,present,True,reference,60.0
61,before_annealing,20260516-064844,present,True,reference,61.0
62,before_annealing,20260516-064844,present,True,reference,62.0
63,before_annealing,20260516-064844,present,True,reference,63.0
64,before_annealing,20260516-064844,present,True,reference,64.0
65,before_annealing,20260516-064844,present,True,reference,65.0
66,before_annealing,20260516-064844,present,True,reference,66.0
67,before_annealing,20260516-064844,present,True,reference,67.0
68,before_annealing,20260516-064844,present,True,reference,68.0
69,before_annealing,20260516-064844,present,True,reference,69.0
70,before_annealing,20260516-064844,present,True,reference,70.0
71,before_annealing,20260516-064844,present,True,reference,71.0
72,before_annealing,20260516-064844,present,True,reference,72.0
73,before_annealing,20260516-064844,present,True,reference,73.0
74,before_annealing,20260516-064844,present,True,reference,74.0
75,before_annealing,20260516-064844,present,True,reference,75.0
76,before_annealing,20260516-064844,present,True,reference,76.0
77,before_annealing,20260516-064844,present,True,reference,77.0
78,before_annealing,20260516-064844,present,True,reference,78.0
79,before_annealing,20260516-064844,present,True,reference,79.0
80,before_annealing,20260516-064844,present,True,reference,80.0
81,before_annealing,20260516-064844,present,True,reference,81.0
82,before_annealing,20260516-064844,present,True,reference,82.0
83,before_annealing,20260516-064844,present,True,reference,83.0
84,before_annealing,20260516-064844,present,True,reference,84.0
85,before_annealing,20260516-064844,present,True,reference,85.0
86,before_annealing,20260516-064844,present,True,reference,86.0
87,before_annealing,20260516-064844,present,True,reference,87.0
88,before_annealing,20260516-064844,present,True,reference,88.0
89,before_annealing,20260516-064844,present,True,reference,89.0
90,before_annealing,20260516-064844,present,True,reference,90.0
91,before_annealing,20260516-064844,present,True,reference,91.0
92,before_annealing,20260516-064844,present,True,reference,92.0
93,before_annealing,20260516-064844,present,True,reference,93.0
94,before_annealing,20260516-064844,present,True,reference,94.0
95,before_annealing,20260516-064844,present,True,reference,95.0
96,before_annealing,20260516-064844,present,True,reference,96.0
97,before_annealing,20260516-064844,present,True,reference,97.0
98,before_annealing,20260516-064844,present,True,reference,98.0
99,before_annealing,20260516-064844,present,True,reference,99.0
100,before_annealing,20260516-064844,present,True,reference,100.0
101,before_annealing,20260516-064844,present,True,reference,101.0
102,before_annealing,20260516-064844,present,True,reference,102.0
103,before_annealing,20260516-064844,present,True,reference,103.0
104,before_annealing,20260516-064844,present,True,reference,104.0
105,before_annealing,20260516-064844,present,True,reference,105.0
106,before_annealing,20260516-064844,present,True,reference,106.0
107,before_annealing,20260516-064844,present,True,reference,107.0
108,before_annealing,20260516-064844,present,True,reference,108.0
109,before_annealing,20260516-064844,present,True,reference,109.0
110,before_annealing,20260516-064844,present,True,reference,110.0
111,before_annealing,20260516-064844,present,True,reference,111.0
112,before_annealing,20260516-064844,present,True,reference,112.0
113,before_annealing,20260516-064844,present,True,reference,113.0
114,before_annealing,20260516-064844,present,True,reference,114.0
115,before_annealing,20260516-064844,present,True,reference,115.0
116,before_annealing,20260516-064844,present,True,reference,116.0
117,before_annealing,20260516-064844,present,True,reference,117.0
118,before_annealing,20260516-064844,present,True,reference,118.0
119,before_annealing,20260516-064844,present,True,reference,119.0
120,before_annealing,20260516-064844,present,True,reference,120.0
121,before_annealing,20260516-064844,present,True,reference,121.0
122,before_annealing,20260516-064844,present,True,reference,122.0
123,before_annealing,20260516-064844,present,True,reference,123.0
124,before_annealing,20260516-064844,present,True,reference,124.0
125,before_annealing,20260516-064844,present,True,reference,125.0
126,before_annealing,20260516-064844,present,True,reference,126.0
127,before_annealing,20260516-064844,present,True,reference,127.0
128,before_annealing,20260516-064844,present,True,reference,128.0
129,before_annealing,20260516-064844,present,True,reference,129.0
130,before_annealing,20260516-064844,present,True,reference,130.0
131,before_annealing,20260516-064844,present,True,reference,131.0
132,before_annealing,20260516-064844,present,True,reference,132.0
133,before_annealing,20260516-064844,present,True,reference,133.0
134,before_annealing,20260516-064844,present,True,reference,134.0
135,before_annealing,20260516-064844,present,True,reference,135.0
136,before_annealing,20260516-064844,present,True,reference,136.0
137,before_annealing,20260516-064844,present,True,reference,137.0
138,before_annealing,20260516-064844,present,True,reference,138.0
139,before_annealing,20260516-064844,present,True,reference,139.0
140,before_annealing,20260516-064844,present,True,reference,140.0
141,before_annealing,20260516-064844,present,True,reference,141.0
142,before_annealing,20260516-064844,present,True,reference,142.0
143,before_annealing,20260516-064844,present,True,reference,143.0
144,before_annealing,20260516-064844,present,True,reference,144.0
145,before_annealing,20260516-064844,present,True,reference,145.0
146,before_annealing,20260516-064844,present,True,reference,146.0
147,before_annealing,20260516-064844,present,True,reference,147.0
148,before_annealing,20260516-064844,present,True,reference,148.0
149,before_annealing,20260516-064844,present,True,reference,149.0
150,before_annealing,20260516-064844,present,True,reference,150.0
151,before_annealing,20260516-064844,present,True,reference,151.0
152,before_annealing,20260516-064844,present,True,reference,152.0
153,before_annealing,20260516-064844,present,True,reference,153.0
154,before_annealing,20260516-064844,present,True,reference,154.0
155,before_annealing,20260516-064844,present,True,reference,155.0
156,before_annealing,20260516-064844,present,True,reference,156.0
157,before_annealing,20260516-064844,present,True,reference,157.0
158,before_annealing,20260516-064844,present,True,reference,158.0
159,before_annealing,20260516-064844,present,True,reference,159.0
160,before_annealing,20260516-064844,present,True,reference,160.0
161,before_annealing,20260516-064844,present,True,reference,161.0
162,before_annealing,20260516-064844,present,True,reference,162.0
163,before_annealing,20260516-064844,present,True,reference,163.0
164,before_annealing,20260516-064844,present,True,reference,164.0
165,before_annealing,20260516-064844,present,True,reference,165.0
166,before_annealing,20260516-064844,present,True,reference,166.0
167,before_annealing,20260516-064844,present,True,reference,167.0
168,before_annealing,20260516-064844,present,True,reference,168.0
169,before_annealing,20260516-064844,present,True,reference,169.0
170,before_annealing,20260516-064844,present,True,reference,170.0
171,before_annealing,20260516-064844,present,True,reference,171.0
172,before_annealing,20260516-064844,present,True,reference,172.0
173,before_annealing,20260516-064844,present,True,reference,173.0
174,before_annealing,20260516-064844,present,True,reference,174.0
175,before_annealing,20260516-064844,absent,False,not_yet_detected,
176,before_annealing,20260516-064844,absent,False,not_yet_detected,
177,before_annealing,20260516-064844,absent,False,not_yet_detected,
178,before_annealing,20260516-064844,absent,False,not_yet_detected,
179,before_annealing,20260516-064844,absent,False,not_yet_detected,
180,before_annealing,20260516-064844,absent,False,not_yet_detected,
181,before_annealing,20260516-064844,absent,False,not_yet_detected,
182,before_annealing,20260516-064844,absent,False,not_yet_detected,
183,before_annealing,20260516-064844,absent,False,not_yet_detected,
184,before_annealing,20260516-064844,absent,False,not_yet_detected,
185,before_annealing,20260516-064844,absent,False,not_yet_detected,
186,before_annealing,20260516-064844,absent,False,not_yet_detected,
187,before_annealing,20260516-064844,absent,False,not_yet_detected,
188,before_annealing,20260516-064844,absent,False,not_yet_detected,
189,before_annealing,20260516-064844,absent,False,not_yet_detected,
190,before_annealing,20260516-064844,absent,False,not_yet_detected,
191,before_annealing,20260516-064844,absent,False,not_yet_detected,
192,before_annealing,20260516-064844,absent,False,not_yet_detected,
193,before_annealing,20260516-064844,absent,False,not_yet_detected,
194,before_annealing,20260516-064844,absent,False,not_yet_detected,
195,before_annealing,20260516-064844,absent,False,not_yet_detected,
196,before_annealing,20260516-064844,absent,False,not_yet_detected,
197,before_annealing,20260516-064844,absent,False,not_yet_detected,
198,before_annealing,20260516-064844,absent,False,not_yet_detected,
199,before_annealing,20260516-064844,absent,False,not_yet_detected,
200,before_annealing,20260516-064844,absent,False,not_yet_detected,
201,before_annealing,20260516-064844,absent,False,not_yet_detected,
202,before_annealing,20260516-064844,absent,False,not_yet_detected,
203,before_annealing,20260516-064844,absent,False,not_yet_detected,
204,before_annealing,20260516-064844,absent,False,not_yet_detected,
205,before_annealing,20260516-064844,absent,False,not_yet_detected,
206,before_annealing,20260516-064844,absent,False,not_yet_detected,
207,before_annealing,20260516-064844,absent,False,not_yet_detected,
208,before_annealing,20260516-064844,absent,False,not_yet_detected,
209,before_annealing,20260516-064844,absent,False,not_yet_detected,
210,before_annealing,20260516-064844,absent,False,not_yet_detected,
0,annealing_T=75_h=5,20260523-062735,present,True,present,0.0
1,annealing_T=75_h=5,20260523-062735,present,True,present,1.0
2,annealing_T=75_h=5,20260523-062735,present,True,present,2.0
3,annealing_T=75_h=5,20260523-062735,present,True,present,3.0
4,annealing_T=75_h=5,20260523-062735,present,True,present,4.0
5,annealing_T=75_h=5,20260523-062735,present,True,present,5.0
6,annealing_T=75_h=5,20260523-062735,present,True,present,6.0
7,annealing_T=75_h=5,20260523-062735,present,True,present,8.0
8,annealing_T=75_h=5,20260523-062735,present,True,present,9.0
9,annealing_T=75_h=5,20260523-062735,present,True,present,10.0
10,annealing_T=75_h=5,20260523-062735,present,True,present,11.0
11,annealing_T=75_h=5,20260523-062735,present,True,present,13.0
12,annealing_T=75_h=5,20260523-062735,present,True,present,14.0
13,annealing_T=75_h=5,20260523-062735,absent,False,disappeared,
14,annealing_T=75_h=5,20260523-062735,present,True,present,16.0
15,annealing_T=75_h=5,20260523-062735,absent,False,disappeared,
16,annealing_T=75_h=5,20260523-062735,present,True,present,17.0
17,annealing_T=75_h=5,20260523-062735,present,True,present,18.0
18,annealing_T=75_h=5,20260523-062735,present,True,present,19.0
19,annealing_T=75_h=5,20260523-062735,present,True,present,20.0
20,annealing_T=75_h=5,20260523-062735,present,True,present,21.0
21,annealing_T=75_h=5,20260523-062735,absent,False,disappeared,
22,annealing_T=75_h=5,20260523-062735,present,True,present,22.0
23,annealing_T=75_h=5,20260523-062735,present,True,present,23.0
24,annealing_T=75_h=5,20260523-062735,present,True,present,24.0
25,annealing_T=75_h=5,20260523-062735,present,True,present,25.0
26,annealing_T=75_h=5,20260523-062735,present,True,present,27.0
27,annealing_T=75_h=5,20260523-062735,present,True,present,26.0
28,annealing_T=75_h=5,20260523-062735,present,True,present,28.0
29,annealing_T=75_h=5,20260523-062735,present,True,present,30.0
30,annealing_T=75_h=5,20260523-062735,present,True,present,31.0
31,annealing_T=75_h=5,20260523-062735,present,True,present,33.0
32,annealing_T=75_h=5,20260523-062735,present,True,present,35.0
33,annealing_T=75_h=5,20260523-062735,present,True,present,37.0
34,annealing_T=75_h=5,20260523-062735,present,True,present,36.0
35,annealing_T=75_h=5,20260523-062735,present,True,present,38.0
36,annealing_T=75_h=5,20260523-062735,present,True,present,39.0
37,annealing_T=75_h=5,20260523-062735,present,True,present,40.0
38,annealing_T=75_h=5,20260523-062735,present,True,present,41.0
39,annealing_T=75_h=5,20260523-062735,present,True,present,42.0
40,annealing_T=75_h=5,20260523-062735,present,True,present,43.0
41,annealing_T=75_h=5,20260523-062735,present,True,present,44.0
42,annealing_T=75_h=5,20260523-062735,absent,False,disappeared,
43,annealing_T=75_h=5,20260523-062735,present,True,present,45.0
44,annealing_T=75_h=5,20260523-062735,present,True,present,46.0
45,annealing_T=75_h=5,20260523-062735,present,True,present,47.0
46,annealing_T=75_h=5,20260523-062735,present,True,present,49.0
47,annealing_T=75_h=5,20260523-062735,present,True,present,51.0
48,annealing_T=75_h=5,20260523-062735,absent,False,disappeared,
49,annealing_T=75_h=5,20260523-062735,present,True,present,52.0
50,annealing_T=75_h=5,20260523-062735,present,True,present,53.0
51,annealing_T=75_h=5,20260523-062735,present,True,present,54.0
52,annealing_T=75_h=5,20260523-062735,present,True,present,55.0
53,annealing_T=75_h=5,20260523-062735,absent,False,disappeared,
54,annealing_T=75_h=5,20260523-062735,present,True,present,56.0
55,annealing_T=75_h=5,20260523-062735,present,True,present,57.0
56,annealing_T=75_h=5,20260523-062735,present,True,present,58.0
57,annealing_T=75_h=5,20260523-062735,present,True,present,59.0
58,annealing_T=75_h=5,20260523-062735,present,True,present,61.0
59,annealing_T=75_h=5,20260523-062735,present,True,present,60.0
60,annealing_T=75_h=5,20260523-062735,present,True,present,62.0
61,annealing_T=75_h=5,20260523-062735,present,True,present,63.0
62,annealing_T=75_h=5,20260523-062735,present,True,present,65.0
63,annealing_T=75_h=5,20260523-062735,present,True,present,64.0
64,annealing_T=75_h=5,20260523-062735,present,True,present,66.0
65,annealing_T=75_h=5,20260523-062735,absent,False,disappeared,
66,annealing_T=75_h=5,20260523-062735,present,True,present,67.0
67,annealing_T=75_h=5,20260523-062735,present,True,present,68.0
68,annealing_T=75_h=5,20260523-062735,present,True,present,69.0
69,annealing_T=75_h=5,20260523-062735,present,True,present,70.0
70,annealing_T=75_h=5,20260523-062735,present,True,present,71.0
71,annealing_T=75_h=5,20260523-062735,present,True,present,72.0
72,annealing_T=75_h=5,20260523-062735,present,True,present,73.0
73,annealing_T=75_h=5,20260523-062735,present,True,present,74.0
74,annealing_T=75_h=5,20260523-062735,present,True,present,75.0
75,annealing_T=75_h=5,20260523-062735,present,True,present,76.0
76,annealing_T=75_h=5,20260523-062735,present,True,present,77.0
77,annealing_T=75_h=5,20260523-062735,present,True,present,78.0
78,annealing_T=75_h=5,20260523-062735,present,True,present,79.0
79,annealing_T=75_h=5,20260523-062735,present,True,present,80.0
80,annealing_T=75_h=5,20260523-062735,present,True,present,82.0
81,annealing_T=75_h=5,20260523-062735,present,True,present,83.0
82,annealing_T=75_h=5,20260523-062735,present,True,present,84.0
83,annealing_T=75_h=5,20260523-062735,present,True,present,85.0
84,annealing_T=75_h=5,20260523-062735,absent,False,disappeared,
85,annealing_T=75_h=5,20260523-062735,present,True,present,86.0
86,annealing_T=75_h=5,20260523-062735,present,True,present,87.0
87,annealing_T=75_h=5,20260523-062735,present,True,present,88.0
88,annealing_T=75_h=5,20260523-062735,present,True,present,90.0
89,annealing_T=75_h=5,20260523-062735,present,True,present,89.0
90,annealing_T=75_h=5,20260523-062735,present,True,present,91.0
91,annealing_T=75_h=5,20260523-062735,present,True,present,93.0
92,annealing_T=75_h=5,20260523-062735,present,True,present,92.0
93,annealing_T=75_h=5,20260523-062735,present,True,present,94.0
94,annealing_T=75_h=5,20260523-062735,present,True,present,95.0
95,annealing_T=75_h=5,20260523-062735,present,True,present,96.0
96,annealing_T=75_h=5,20260523-062735,present,True,present,97.0
97,annealing_T=75_h=5,20260523-062735,present,True,present,98.0
98,annealing_T=75_h=5,20260523-062735,present,True,present,99.0
99,annealing_T=75_h=5,20260523-062735,present,True,present,100.0
100,annealing_T=75_h=5,20260523-062735,present,True,present,101.0
101,annealing_T=75_h=5,20260523-062735,present,True,present,102.0
102,annealing_T=75_h=5,20260523-062735,present,True,present,103.0
103,annealing_T=75_h=5,20260523-062735,present,True,present,104.0
104,annealing_T=75_h=5,20260523-062735,absent,False,disappeared,
105,annealing_T=75_h=5,20260523-062735,present,True,present,105.0
106,annealing_T=75_h=5,20260523-062735,present,True,present,106.0
107,annealing_T=75_h=5,20260523-062735,present,True,present,107.0
108,annealing_T=75_h=5,20260523-062735,present,True,present,109.0
109,annealing_T=75_h=5,20260523-062735,present,True,present,108.0
110,annealing_T=75_h=5,20260523-062735,present,True,present,110.0
111,annealing_T=75_h=5,20260523-062735,present,True,present,113.0
112,annealing_T=75_h=5,20260523-062735,present,True,present,112.0
113,annealing_T=75_h=5,20260523-062735,present,True,present,114.0
114,annealing_T=75_h=5,20260523-062735,present,True,present,115.0
115,annealing_T=75_h=5,20260523-062735,present,True,present,116.0
116,annealing_T=75_h=5,20260523-062735,present,True,present,117.0
117,annealing_T=75_h=5,20260523-062735,present,True,present,118.0
118,annealing_T=75_h=5,20260523-062735,present,True,present,120.0
119,annealing_T=75_h=5,20260523-062735,present,True,present,119.0
120,annealing_T=75_h=5,20260523-062735,present,True,present,121.0
121,annealing_T=75_h=5,20260523-062735,present,True,present,122.0
122,annealing_T=75_h=5,20260523-062735,present,True,present,123.0
123,annealing_T=75_h=5,20260523-062735,present,True,present,124.0
124,annealing_T=75_h=5,20260523-062735,present,True,present,125.0
125,annealing_T=75_h=5,20260523-062735,present,True,present,127.0
126,annealing_T=75_h=5,20260523-062735,present,True,present,126.0
127,annealing_T=75_h=5,20260523-062735,present,True,present,128.0
128,annealing_T=75_h=5,20260523-062735,present,True,present,129.0
129,annealing_T=75_h=5,20260523-062735,present,True,present,130.0
130,annealing_T=75_h=5,20260523-062735,present,True,present,131.0
131,annealing_T=75_h=5,20260523-062735,present,True,present,132.0
132,annealing_T=75_h=5,20260523-062735,present,True,present,133.0
133,annealing_T=75_h=5,20260523-062735,present,True,present,134.0
134,annealing_T=75_h=5,20260523-062735,present,True,present,135.0
135,annealing_T=75_h=5,20260523-062735,absent,False,disappeared,
136,annealing_T=75_h=5,20260523-062735,present,True,present,137.0
137,annealing_T=75_h=5,20260523-062735,present,True,present,136.0
138,annealing_T=75_h=5,20260523-062735,present,True,present,138.0
139,annealing_T=75_h=5,20260523-062735,present,True,present,139.0
140,annealing_T=75_h=5,20260523-062735,present,True,present,140.0
141,annealing_T=75_h=5,20260523-062735,present,True,present,141.0
142,annealing_T=75_h=5,20260523-062735,present,True,present,142.0
143,annealing_T=75_h=5,20260523-062735,present,True,present,143.0
144,annealing_T=75_h=5,20260523-062735,present,True,present,144.0
145,annealing_T=75_h=5,20260523-062735,present,True,present,145.0
146,annealing_T=75_h=5,20260523-062735,present,True,present,146.0
147,annealing_T=75_h=5,20260523-062735,present,True,present,147.0
148,annealing_T=75_h=5,20260523-062735,present,True,present,149.0
149,annealing_T=75_h=5,20260523-062735,present,True,present,148.0
150,annealing_T=75_h=5,20260523-062735,present,True,present,150.0
151,annealing_T=75_h=5,20260523-062735,present,True,present,151.0
152,annealing_T=75_h=5,20260523-062735,present,True,present,152.0
153,annealing_T=75_h=5,20260523-062735,present,True,present,154.0
154,annealing_T=75_h=5,20260523-062735,present,True,present,153.0
155,annealing_T=75_h=5,20260523-062735,present,True,present,156.0
156,annealing_T=75_h=5,20260523-062735,absent,False,disappeared,
157,annealing_T=75_h=5,20260523-062735,present,True,present,158.0
158,annealing_T=75_h=5,20260523-062735,present,True,present,159.0
159,annealing_T=75_h=5,20260523-062735,present,True,present,160.0
160,annealing_T=75_h=5,20260523-062735,present,True,present,161.0
161,annealing_T=75_h=5,20260523-062735,absent,False,disappeared,
162,annealing_T=75_h=5,20260523-062735,present,True,present,162.0
163,annealing_T=75_h=5,20260523-062735,present,True,present,163.0
164,annealing_T=75_h=5,20260523-062735,present,True,present,164.0
165,annealing_T=75_h=5,20260523-062735,present,True,present,165.0
166,annealing_T=75_h=5,20260523-062735,present,True,present,167.0
167,annealing_T=75_h=5,20260523-062735,present,True,present,166.0
168,annealing_T=75_h=5,20260523-062735,present,True,present,169.0
169,annealing_T=75_h=5,20260523-062735,present,True,present,170.0
170,annealing_T=75_h=5,20260523-062735,present,True,present,172.0
171,annealing_T=75_h=5,20260523-062735,present,True,present,171.0
172,annealing_T=75_h=5,20260523-062735,present,True,present,173.0
173,annealing_T=75_h=5,20260523-062735,present,True,present,174.0
174,annealing_T=75_h=5,20260523-062735,absent,False,disappeared,
175,annealing_T=75_h=5,20260523-062735,present,True,appeared,7.0
176,annealing_T=75_h=5,20260523-062735,present,True,appeared,12.0
177,annealing_T=75_h=5,20260523-062735,present,True,appeared,15.0
178,annealing_T=75_h=5,20260523-062735,present,True,appeared,29.0
179,annealing_T=75_h=5,20260523-062735,present,True,appeared,32.0
180,annealing_T=75_h=5,20260523-062735,present,True,appeared,34.0
181,annealing_T=75_h=5,20260523-062735,present,True,appeared,48.0
182,annealing_T=75_h=5,20260523-062735,present,True,appeared,50.0
183,annealing_T=75_h=5,20260523-062735,present,True,appeared,81.0
184,annealing_T=75_h=5,20260523-062735,present,True,appeared,111.0
185,annealing_T=75_h=5,20260523-062735,present,True,appeared,155.0
186,annealing_T=75_h=5,20260523-062735,present,True,appeared,157.0
187,annealing_T=75_h=5,20260523-062735,present,True,appeared,168.0
188,annealing_T=75_h=5,20260523-062735,absent,False,not_yet_detected,
189,annealing_T=75_h=5,20260523-062735,absent,False,not_yet_detected,
190,annealing_T=75_h=5,20260523-062735,absent,False,not_yet_detected,
191,annealing_T=75_h=5,20260523-062735,absent,False,not_yet_detected,
192,annealing_T=75_h=5,20260523-062735,absent,False,not_yet_detected,
193,annealing_T=75_h=5,20260523-062735,absent,False,not_yet_detected,
194,annealing_T=75_h=5,20260523-062735,absent,False,not_yet_detected,
195,annealing_T=75_h=5,20260523-062735,absent,False,not_yet_detected,
196,annealing_T=75_h=5,20260523-062735,absent,False,not_yet_detected,
197,annealing_T=75_h=5,20260523-062735,absent,False,not_yet_detected,
198,annealing_T=75_h=5,20260523-062735,absent,False,not_yet_detected,
199,annealing_T=75_h=5,20260523-062735,absent,False,not_yet_detected,
200,annealing_T=75_h=5,20260523-062735,absent,False,not_yet_detected,
201,annealing_T=75_h=5,20260523-062735,absent,False,not_yet_detected,
202,annealing_T=75_h=5,20260523-062735,absent,False,not_yet_detected,
203,annealing_T=75_h=5,20260523-062735,absent,False,not_yet_detected,
204,annealing_T=75_h=5,20260523-062735,absent,False,not_yet_detected,
205,annealing_T=75_h=5,20260523-062735,absent,False,not_yet_detected,
206,annealing_T=75_h=5,20260523-062735,absent,False,not_yet_detected,
207,annealing_T=75_h=5,20260523-062735,absent,False,not_yet_detected,
208,annealing_T=75_h=5,20260523-062735,absent,False,not_yet_detected,
209,annealing_T=75_h=5,20260523-062735,absent,False,not_yet_detected,
210,annealing_T=75_h=5,20260523-062735,absent,False,not_yet_detected,
0,annealing_T=75_h=25,20260602-133829,present,True,present,0.0
1,annealing_T=75_h=25,20260602-133829,present,True,present,1.0
2,annealing_T=75_h=25,20260602-133829,present,True,present,2.0
3,annealing_T=75_h=25,20260602-133829,absent,False,disappeared,
4,annealing_T=75_h=25,20260602-133829,present,True,present,3.0
5,annealing_T=75_h=25,20260602-133829,present,True,present,4.0
6,annealing_T=75_h=25,20260602-133829,present,True,present,5.0
7,annealing_T=75_h=25,20260602-133829,present,True,present,6.0
8,annealing_T=75_h=25,20260602-133829,present,True,present,8.0
9,annealing_T=75_h=25,20260602-133829,absent,False,disappeared,
10,annealing_T=75_h=25,20260602-133829,present,True,present,9.0
11,annealing_T=75_h=25,20260602-133829,present,True,present,10.0
12,annealing_T=75_h=25,20260602-133829,present,True,present,11.0
13,annealing_T=75_h=25,20260602-133829,present,True,reappeared,12.0
14,annealing_T=75_h=25,20260602-133829,present,True,present,13.0
15,annealing_T=75_h=25,20260602-133829,absent,False,absent,
16,annealing_T=75_h=25,20260602-133829,present,True,present,14.0
17,annealing_T=75_h=25,20260602-133829,present,True,present,15.0
18,annealing_T=75_h=25,20260602-133829,present,True,present,16.0
19,annealing_T=75_h=25,20260602-133829,present,True,present,17.0
20,annealing_T=75_h=25,20260602-133829,absent,False,disappeared,
21,annealing_T=75_h=25,20260602-133829,absent,False,absent,
22,annealing_T=75_h=25,20260602-133829,present,True,present,18.0
23,annealing_T=75_h=25,20260602-133829,present,True,present,19.0
24,annealing_T=75_h=25,20260602-133829,present,True,present,20.0
25,annealing_T=75_h=25,20260602-133829,present,True,present,21.0
26,annealing_T=75_h=25,20260602-133829,present,True,present,23.0
27,annealing_T=75_h=25,20260602-133829,present,True,present,22.0
28,annealing_T=75_h=25,20260602-133829,present,True,present,24.0
29,annealing_T=75_h=25,20260602-133829,present,True,present,25.0
30,annealing_T=75_h=25,20260602-133829,present,True,present,26.0
31,annealing_T=75_h=25,20260602-133829,present,True,present,27.0
32,annealing_T=75_h=25,20260602-133829,present,True,present,28.0
33,annealing_T=75_h=25,20260602-133829,absent,False,disappeared,
34,annealing_T=75_h=25,20260602-133829,present,True,present,29.0
35,annealing_T=75_h=25,20260602-133829,present,True,present,30.0
36,annealing_T=75_h=25,20260602-133829,present,True,present,31.0
37,annealing_T=75_h=25,20260602-133829,present,True,present,32.0
38,annealing_T=75_h=25,20260602-133829,present,True,present,33.0
39,annealing_T=75_h=25,20260602-133829,present,True,present,34.0
40,annealing_T=75_h=25,20260602-133829,present,True,present,36.0
41,annealing_T=75_h=25,20260602-133829,present,True,present,37.0
42,annealing_T=75_h=25,20260602-133829,absent,False,absent,
43,annealing_T=75_h=25,20260602-133829,present,True,present,38.0
44,annealing_T=75_h=25,20260602-133829,present,True,present,39.0
45,annealing_T=75_h=25,20260602-133829,present,True,present,40.0
46,annealing_T=75_h=25,20260602-133829,present,True,present,42.0
47,annealing_T=75_h=25,20260602-133829,present,True,present,43.0
48,annealing_T=75_h=25,20260602-133829,absent,False,absent,
49,annealing_T=75_h=25,20260602-133829,present,True,present,44.0
50,annealing_T=75_h=25,20260602-133829,present,True,present,45.0
51,annealing_T=75_h=25,20260602-133829,present,True,present,46.0
52,annealing_T=75_h=25,20260602-133829,present,True,present,47.0
53,annealing_T=75_h=25,20260602-133829,absent,False,absent,
54,annealing_T=75_h=25,20260602-133829,present,True,present,48.0
55,annealing_T=75_h=25,20260602-133829,present,True,present,49.0
56,annealing_T=75_h=25,20260602-133829,present,True,present,50.0
57,annealing_T=75_h=25,20260602-133829,present,True,present,51.0
58,annealing_T=75_h=25,20260602-133829,present,True,present,53.0
59,annealing_T=75_h=25,20260602-133829,present,True,present,52.0
60,annealing_T=75_h=25,20260602-133829,present,True,present,54.0
61,annealing_T=75_h=25,20260602-133829,present,True,present,55.0
62,annealing_T=75_h=25,20260602-133829,present,True,present,58.0
63,annealing_T=75_h=25,20260602-133829,present,True,present,56.0
64,annealing_T=75_h=25,20260602-133829,present,True,present,59.0
65,annealing_T=75_h=25,20260602-133829,absent,False,absent,
66,annealing_T=75_h=25,20260602-133829,absent,False,disappeared,
67,annealing_T=75_h=25,20260602-133829,present,True,present,60.0
68,annealing_T=75_h=25,20260602-133829,present,True,present,61.0
69,annealing_T=75_h=25,20260602-133829,present,True,present,62.0
70,annealing_T=75_h=25,20260602-133829,present,True,present,63.0
71,annealing_T=75_h=25,20260602-133829,present,True,present,64.0
72,annealing_T=75_h=25,20260602-133829,present,True,present,65.0
73,annealing_T=75_h=25,20260602-133829,present,True,present,66.0
74,annealing_T=75_h=25,20260602-133829,present,True,present,67.0
75,annealing_T=75_h=25,20260602-133829,present,True,present,68.0
76,annealing_T=75_h=25,20260602-133829,present,True,present,69.0
77,annealing_T=75_h=25,20260602-133829,present,True,present,70.0
78,annealing_T=75_h=25,20260602-133829,present,True,present,72.0
79,annealing_T=75_h=25,20260602-133829,present,True,present,71.0
80,annealing_T=75_h=25,20260602-133829,present,True,present,74.0
81,annealing_T=75_h=25,20260602-133829,present,True,present,75.0
82,annealing_T=75_h=25,20260602-133829,present,True,present,76.0
83,annealing_T=75_h=25,20260602-133829,present,True,present,77.0
84,annealing_T=75_h=25,20260602-133829,absent,False,absent,
85,annealing_T=75_h=25,20260602-133829,present,True,present,78.0
86,annealing_T=75_h=25,20260602-133829,present,True,present,79.0
87,annealing_T=75_h=25,20260602-133829,present,True,present,80.0
88,annealing_T=75_h=25,20260602-133829,absent,False,disappeared,
89,annealing_T=75_h=25,20260602-133829,present,True,present,81.0
90,annealing_T=75_h=25,20260602-133829,present,True,present,82.0
91,annealing_T=75_h=25,20260602-133829,present,True,present,86.0
92,annealing_T=75_h=25,20260602-133829,present,True,present,84.0
93,annealing_T=75_h=25,20260602-133829,present,True,present,87.0
94,annealing_T=75_h=25,20260602-133829,present,True,present,88.0
95,annealing_T=75_h=25,20260602-133829,present,True,present,89.0
96,annealing_T=75_h=25,20260602-133829,present,True,present,90.0
97,annealing_T=75_h=25,20260602-133829,present,True,present,91.0
98,annealing_T=75_h=25,20260602-133829,present,True,present,92.0
99,annealing_T=75_h=25,20260602-133829,present,True,present,93.0
100,annealing_T=75_h=25,20260602-133829,present,True,present,94.0
101,annealing_T=75_h=25,20260602-133829,present,True,present,95.0
102,annealing_T=75_h=25,20260602-133829,absent,False,disappeared,
103,annealing_T=75_h=25,20260602-133829,present,True,present,96.0
104,annealing_T=75_h=25,20260602-133829,absent,False,absent,
105,annealing_T=75_h=25,20260602-133829,absent,False,disappeared,
106,annealing_T=75_h=25,20260602-133829,present,True,present,97.0
107,annealing_T=75_h=25,20260602-133829,present,True,present,98.0
108,annealing_T=75_h=25,20260602-133829,present,True,present,100.0
109,annealing_T=75_h=25,20260602-133829,present,True,present,99.0
110,annealing_T=75_h=25,20260602-133829,present,True,present,101.0
111,annealing_T=75_h=25,20260602-133829,present,True,present,104.0
112,annealing_T=75_h=25,20260602-133829,present,True,present,103.0
113,annealing_T=75_h=25,20260602-133829,present,True,present,105.0
114,annealing_T=75_h=25,20260602-133829,present,True,present,106.0
115,annealing_T=75_h=25,20260602-133829,present,True,present,107.0
116,annealing_T=75_h=25,20260602-133829,present,True,present,108.0
117,annealing_T=75_h=25,20260602-133829,present,True,present,109.0
118,annealing_T=75_h=25,20260602-133829,present,True,present,111.0
119,annealing_T=75_h=25,20260602-133829,present,True,present,110.0
120,annealing_T=75_h=25,20260602-133829,present,True,present,112.0
121,annealing_T=75_h=25,20260602-133829,absent,False,disappeared,
122,annealing_T=75_h=25,20260602-133829,present,True,present,113.0
123,annealing_T=75_h=25,20260602-133829,present,True,present,114.0
124,annealing_T=75_h=25,20260602-133829,present,True,present,115.0
125,annealing_T=75_h=25,20260602-133829,present,True,present,117.0
126,annealing_T=75_h=25,20260602-133829,present,True,present,116.0
127,annealing_T=75_h=25,20260602-133829,present,True,present,118.0
128,annealing_T=75_h=25,20260602-133829,present,True,present,119.0
129,annealing_T=75_h=25,20260602-133829,present,True,present,120.0
130,annealing_T=75_h=25,20260602-133829,present,True,present,121.0
131,annealing_T=75_h=25,20260602-133829,present,True,present,122.0
132,annealing_T=75_h=25,20260602-133829,present,True,present,124.0
133,annealing_T=75_h=25,20260602-133829,present,True,present,125.0
134,annealing_T=75_h=25,20260602-133829,present,True,present,126.0
135,annealing_T=75_h=25,20260602-133829,absent,False,absent,
136,annealing_T=75_h=25,20260602-133829,present,True,present,128.0
137,annealing_T=75_h=25,20260602-133829,present,True,present,127.0
138,annealing_T=75_h=25,20260602-133829,present,True,present,129.0
139,annealing_T=75_h=25,20260602-133829,present,True,present,130.0
140,annealing_T=75_h=25,20260602-133829,present,True,present,131.0
141,annealing_T=75_h=25,20260602-133829,present,True,present,132.0
142,annealing_T=75_h=25,20260602-133829,present,True,present,133.0
143,annealing_T=75_h=25,20260602-133829,present,True,present,134.0
144,annealing_T=75_h=25,20260602-133829,present,True,present,135.0
145,annealing_T=75_h=25,20260602-133829,present,True,present,136.0
146,annealing_T=75_h=25,20260602-133829,present,True,present,137.0
147,annealing_T=75_h=25,20260602-133829,absent,False,disappeared,
148,annealing_T=75_h=25,20260602-133829,present,True,present,138.0
149,annealing_T=75_h=25,20260602-133829,present,True,present,139.0
150,annealing_T=75_h=25,20260602-133829,present,True,present,140.0
151,annealing_T=75_h=25,20260602-133829,present,True,present,142.0
152,annealing_T=75_h=25,20260602-133829,present,True,present,141.0
153,annealing_T=75_h=25,20260602-133829,present,True,present,144.0
154,annealing_T=75_h=25,20260602-133829,present,True,present,143.0
155,annealing_T=75_h=25,20260602-133829,present,True,present,145.0
156,annealing_T=75_h=25,20260602-133829,absent,False,absent,
157,annealing_T=75_h=25,20260602-133829,present,True,present,146.0
158,annealing_T=75_h=25,20260602-133829,present,True,present,147.0
159,annealing_T=75_h=25,20260602-133829,present,True,present,148.0
160,annealing_T=75_h=25,20260602-133829,absent,False,disappeared,
161,annealing_T=75_h=25,20260602-133829,present,True,reappeared,149.0
162,annealing_T=75_h=25,20260602-133829,present,True,present,150.0
163,annealing_T=75_h=25,20260602-133829,present,True,present,151.0
164,annealing_T=75_h=25,20260602-133829,present,True,present,152.0
165,annealing_T=75_h=25,20260602-133829,present,True,present,153.0
166,annealing_T=75_h=25,20260602-133829,present,True,present,155.0
167,annealing_T=75_h=25,20260602-133829,present,True,present,154.0
168,annealing_T=75_h=25,20260602-133829,present,True,present,156.0
169,annealing_T=75_h=25,20260602-133829,present,True,present,157.0
170,annealing_T=75_h=25,20260602-133829,present,True,present,159.0
171,annealing_T=75_h=25,20260602-133829,present,True,present,158.0
172,annealing_T=75_h=25,20260602-133829,present,True,present,160.0
173,annealing_T=75_h=25,20260602-133829,present,True,present,161.0
174,annealing_T=75_h=25,20260602-133829,present,True,reappeared,162.0
175,annealing_T=75_h=25,20260602-133829,present,True,present,7.0
176,annealing_T=75_h=25,20260602-133829,absent,False,disappeared,
177,annealing_T=75_h=25,20260602-133829,absent,False,disappeared,
178,annealing_T=75_h=25,20260602-133829,absent,False,disappeared,
179,annealing_T=75_h=25,20260602-133829,absent,False,disappeared,
180,annealing_T=75_h=25,20260602-133829,absent,False,disappeared,
181,annealing_T=75_h=25,20260602-133829,present,True,present,41.0
182,annealing_T=75_h=25,20260602-133829,absent,False,disappeared,
183,annealing_T=75_h=25,20260602-133829,present,True,present,73.0
184,annealing_T=75_h=25,20260602-133829,absent,False,disappeared,
185,annealing_T=75_h=25,20260602-133829,absent,False,disappeared,
186,annealing_T=75_h=25,20260602-133829,absent,False,disappeared,
187,annealing_T=75_h=25,20260602-133829,absent,False,disappeared,
188,annealing_T=75_h=25,20260602-133829,present,True,appeared,35.0
189,annealing_T=75_h=25,20260602-133829,present,True,appeared,57.0
190,annealing_T=75_h=25,20260602-133829,present,True,appeared,83.0
191,annealing_T=75_h=25,20260602-133829,present,True,appeared,85.0
192,annealing_T=75_h=25,20260602-133829,present,True,appeared,102.0
193,annealing_T=75_h=25,20260602-133829,present,True,appeared,123.0
194,annealing_T=75_h=25,20260602-133829,absent,False,not_yet_detected,
195,annealing_T=75_h=25,20260602-133829,absent,False,not_yet_detected,
196,annealing_T=75_h=25,20260602-133829,absent,False,not_yet_detected,
197,annealing_T=75_h=25,20260602-133829,absent,False,not_yet_detected,
198,annealing_T=75_h=25,20260602-133829,absent,False,not_yet_detected,
199,annealing_T=75_h=25,20260602-133829,absent,False,not_yet_detected,
200,annealing_T=75_h=25,20260602-133829,absent,False,not_yet_detected,
201,annealing_T=75_h=25,20260602-133829,absent,False,not_yet_detected,
202,annealing_T=75_h=25,20260602-133829,absent,False,not_yet_detected,
203,annealing_T=75_h=25,20260602-133829,absent,False,not_yet_detected,
204,annealing_T=75_h=25,20260602-133829,absent,False,not_yet_detected,
205,annealing_T=75_h=25,20260602-133829,absent,False,not_yet_detected,
206,annealing_T=75_h=25,20260602-133829,absent,False,not_yet_detected,
207,annealing_T=75_h=25,20260602-133829,absent,False,not_yet_detected,
208,annealing_T=75_h=25,20260602-133829,absent,False,not_yet_detected,
209,annealing_T=75_h=25,20260602-133829,absent,False,not_yet_detected,
210,annealing_T=75_h=25,20260602-133829,absent,False,not_yet_detected,
0,annealing_T=100_h=5,20260613-015321,present,True,present,0.0
1,annealing_T=100_h=5,20260613-015321,present,True,present,1.0
2,annealing_T=100_h=5,20260613-015321,present,True,present,2.0
3,annealing_T=100_h=5,20260613-015321,absent,False,absent,
4,annealing_T=100_h=5,20260613-015321,present,True,present,3.0
5,annealing_T=100_h=5,20260613-015321,present,True,present,4.0
6,annealing_T=100_h=5,20260613-015321,present,True,present,5.0
7,annealing_T=100_h=5,20260613-015321,present,True,present,6.0
8,annealing_T=100_h=5,20260613-015321,absent,False,disappeared,
9,annealing_T=100_h=5,20260613-015321,absent,False,absent,
10,annealing_T=100_h=5,20260613-015321,present,True,present,8.0
11,annealing_T=100_h=5,20260613-015321,present,True,present,9.0
12,annealing_T=100_h=5,20260613-015321,present,True,present,10.0
13,annealing_T=100_h=5,20260613-015321,absent,False,disappeared,
14,annealing_T=100_h=5,20260613-015321,present,True,present,11.0
15,annealing_T=100_h=5,20260613-015321,absent,False,absent,
16,annealing_T=100_h=5,20260613-015321,present,True,present,12.0
17,annealing_T=100_h=5,20260613-015321,present,True,present,13.0
18,annealing_T=100_h=5,20260613-015321,present,True,present,14.0
19,annealing_T=100_h=5,20260613-015321,present,True,present,15.0
20,annealing_T=100_h=5,20260613-015321,present,True,reappeared,16.0
21,annealing_T=100_h=5,20260613-015321,absent,False,absent,
22,annealing_T=100_h=5,20260613-015321,present,True,present,17.0
23,annealing_T=100_h=5,20260613-015321,present,True,present,18.0
24,annealing_T=100_h=5,20260613-015321,present,True,present,19.0
25,annealing_T=100_h=5,20260613-015321,present,True,present,20.0
26,annealing_T=100_h=5,20260613-015321,present,True,present,22.0
27,annealing_T=100_h=5,20260613-015321,present,True,present,21.0
28,annealing_T=100_h=5,20260613-015321,absent,False,disappeared,
29,annealing_T=100_h=5,20260613-015321,present,True,present,23.0
30,annealing_T=100_h=5,20260613-015321,present,True,present,25.0
31,annealing_T=100_h=5,20260613-015321,present,True,present,26.0
32,annealing_T=100_h=5,20260613-015321,present,True,present,27.0
33,annealing_T=100_h=5,20260613-015321,present,True,reappeared,28.0
34,annealing_T=100_h=5,20260613-015321,present,True,present,29.0
35,annealing_T=100_h=5,20260613-015321,present,True,present,30.0
36,annealing_T=100_h=5,20260613-015321,present,True,present,31.0
37,annealing_T=100_h=5,20260613-015321,present,True,present,32.0
38,annealing_T=100_h=5,20260613-015321,present,True,present,33.0
39,annealing_T=100_h=5,20260613-015321,present,True,present,34.0
40,annealing_T=100_h=5,20260613-015321,present,True,present,35.0
41,annealing_T=100_h=5,20260613-015321,present,True,present,36.0
42,annealing_T=100_h=5,20260613-015321,absent,False,absent,
43,annealing_T=100_h=5,20260613-015321,present,True,present,37.0
44,annealing_T=100_h=5,20260613-015321,present,True,present,38.0
45,annealing_T=100_h=5,20260613-015321,present,True,present,39.0
46,annealing_T=100_h=5,20260613-015321,present,True,present,40.0
47,annealing_T=100_h=5,20260613-015321,present,True,present,41.0
48,annealing_T=100_h=5,20260613-015321,absent,False,absent,
49,annealing_T=100_h=5,20260613-015321,present,True,present,42.0
50,annealing_T=100_h=5,20260613-015321,present,True,present,43.0
51,annealing_T=100_h=5,20260613-015321,present,True,present,44.0
52,annealing_T=100_h=5,20260613-015321,present,True,present,45.0
53,annealing_T=100_h=5,20260613-015321,absent,False,absent,
54,annealing_T=100_h=5,20260613-015321,present,True,present,46.0
55,annealing_T=100_h=5,20260613-015321,present,True,present,47.0
56,annealing_T=100_h=5,20260613-015321,present,True,present,48.0
57,annealing_T=100_h=5,20260613-015321,present,True,present,49.0
58,annealing_T=100_h=5,20260613-015321,absent,False,disappeared,
59,annealing_T=100_h=5,20260613-015321,present,True,present,50.0
60,annealing_T=100_h=5,20260613-015321,present,True,present,51.0
61,annealing_T=100_h=5,20260613-015321,present,True,present,52.0
62,annealing_T=100_h=5,20260613-015321,present,True,present,54.0
63,annealing_T=100_h=5,20260613-015321,present,True,present,53.0
64,annealing_T=100_h=5,20260613-015321,present,True,present,55.0
65,annealing_T=100_h=5,20260613-015321,absent,False,absent,
66,annealing_T=100_h=5,20260613-015321,absent,False,absent,
67,annealing_T=100_h=5,20260613-015321,present,True,present,56.0
68,annealing_T=100_h=5,20260613-015321,absent,False,disappeared,
69,annealing_T=100_h=5,20260613-015321,present,True,present,57.0
70,annealing_T=100_h=5,20260613-015321,present,True,present,58.0
71,annealing_T=100_h=5,20260613-015321,present,True,present,59.0
72,annealing_T=100_h=5,20260613-015321,present,True,present,60.0
73,annealing_T=100_h=5,20260613-015321,present,True,present,61.0
74,annealing_T=100_h=5,20260613-015321,present,True,present,62.0
75,annealing_T=100_h=5,20260613-015321,present,True,present,63.0
76,annealing_T=100_h=5,20260613-015321,present,True,present,64.0
77,annealing_T=100_h=5,20260613-015321,present,True,present,65.0
78,annealing_T=100_h=5,20260613-015321,present,True,present,67.0
79,annealing_T=100_h=5,20260613-015321,present,True,present,66.0
80,annealing_T=100_h=5,20260613-015321,present,True,present,69.0
81,annealing_T=100_h=5,20260613-015321,present,True,present,70.0
82,annealing_T=100_h=5,20260613-015321,present,True,present,71.0
83,annealing_T=100_h=5,20260613-015321,present,True,present,72.0
84,annealing_T=100_h=5,20260613-015321,absent,False,absent,
85,annealing_T=100_h=5,20260613-015321,present,True,present,73.0
86,annealing_T=100_h=5,20260613-015321,present,True,present,74.0
87,annealing_T=100_h=5,20260613-015321,present,True,present,75.0
88,annealing_T=100_h=5,20260613-015321,absent,False,absent,
89,annealing_T=100_h=5,20260613-015321,present,True,present,76.0
90,annealing_T=100_h=5,20260613-015321,absent,False,disappeared,
91,annealing_T=100_h=5,20260613-015321,present,True,present,79.0
92,annealing_T=100_h=5,20260613-015321,present,True,present,78.0
93,annealing_T=100_h=5,20260613-015321,present,True,present,80.0
94,annealing_T=100_h=5,20260613-015321,absent,False,disappeared,
95,annealing_T=100_h=5,20260613-015321,present,True,present,81.0
96,annealing_T=100_h=5,20260613-015321,present,True,present,82.0
97,annealing_T=100_h=5,20260613-015321,present,True,present,83.0
98,annealing_T=100_h=5,20260613-015321,present,True,present,84.0
99,annealing_T=100_h=5,20260613-015321,absent,False,disappeared,
100,annealing_T=100_h=5,20260613-015321,present,True,present,85.0
101,annealing_T=100_h=5,20260613-015321,present,True,present,86.0
102,annealing_T=100_h=5,20260613-015321,absent,False,absent,
103,annealing_T=100_h=5,20260613-015321,present,True,present,87.0
104,annealing_T=100_h=5,20260613-015321,present,True,reappeared,88.0
105,annealing_T=100_h=5,20260613-015321,absent,False,absent,
106,annealing_T=100_h=5,20260613-015321,present,True,present,89.0
107,annealing_T=100_h=5,20260613-015321,present,True,present,90.0
108,annealing_T=100_h=5,20260613-015321,present,True,present,92.0
109,annealing_T=100_h=5,20260613-015321,present,True,present,91.0
110,annealing_T=100_h=5,20260613-015321,present,True,present,93.0
111,annealing_T=100_h=5,20260613-015321,present,True,present,96.0
112,annealing_T=100_h=5,20260613-015321,present,True,present,95.0
113,annealing_T=100_h=5,20260613-015321,present,True,present,97.0
114,annealing_T=100_h=5,20260613-015321,present,True,present,99.0
115,annealing_T=100_h=5,20260613-015321,present,True,present,100.0
116,annealing_T=100_h=5,20260613-015321,present,True,present,101.0
117,annealing_T=100_h=5,20260613-015321,present,True,present,102.0
118,annealing_T=100_h=5,20260613-015321,present,True,present,103.0
119,annealing_T=100_h=5,20260613-015321,present,True,present,104.0
120,annealing_T=100_h=5,20260613-015321,present,True,present,105.0
121,annealing_T=100_h=5,20260613-015321,absent,False,absent,
122,annealing_T=100_h=5,20260613-015321,present,True,present,106.0
123,annealing_T=100_h=5,20260613-015321,present,True,present,107.0
124,annealing_T=100_h=5,20260613-015321,present,True,present,108.0
125,annealing_T=100_h=5,20260613-015321,present,True,present,110.0
126,annealing_T=100_h=5,20260613-015321,present,True,present,109.0
127,annealing_T=100_h=5,20260613-015321,present,True,present,111.0
128,annealing_T=100_h=5,20260613-015321,present,True,present,113.0
129,annealing_T=100_h=5,20260613-015321,absent,False,disappeared,
130,annealing_T=100_h=5,20260613-015321,present,True,present,114.0
131,annealing_T=100_h=5,20260613-015321,present,True,present,115.0
132,annealing_T=100_h=5,20260613-015321,present,True,present,116.0
133,annealing_T=100_h=5,20260613-015321,present,True,present,117.0
134,annealing_T=100_h=5,20260613-015321,present,True,present,118.0
135,annealing_T=100_h=5,20260613-015321,present,True,reappeared,121.0
136,annealing_T=100_h=5,20260613-015321,present,True,present,120.0
137,annealing_T=100_h=5,20260613-015321,present,True,present,119.0
138,annealing_T=100_h=5,20260613-015321,present,True,present,122.0
139,annealing_T=100_h=5,20260613-015321,present,True,present,123.0
140,annealing_T=100_h=5,20260613-015321,absent,False,disappeared,
141,annealing_T=100_h=5,20260613-015321,present,True,present,124.0
142,annealing_T=100_h=5,20260613-015321,present,True,present,125.0
143,annealing_T=100_h=5,20260613-015321,present,True,present,126.0
144,annealing_T=100_h=5,20260613-015321,present,True,present,127.0
145,annealing_T=100_h=5,20260613-015321,present,True,present,128.0
146,annealing_T=100_h=5,20260613-015321,absent,False,disappeared,
147,annealing_T=100_h=5,20260613-015321,present,True,reappeared,129.0
148,annealing_T=100_h=5,20260613-015321,present,True,present,130.0
149,annealing_T=100_h=5,20260613-015321,present,True,present,131.0
150,annealing_T=100_h=5,20260613-015321,present,True,present,132.0
151,annealing_T=100_h=5,20260613-015321,present,True,present,133.0
152,annealing_T=100_h=5,20260613-015321,present,True,present,134.0
153,annealing_T=100_h=5,20260613-015321,present,True,present,136.0
154,annealing_T=100_h=5,20260613-015321,present,True,present,135.0
155,annealing_T=100_h=5,20260613-015321,present,True,present,137.0
156,annealing_T=100_h=5,20260613-015321,present,True,reappeared,138.0
157,annealing_T=100_h=5,20260613-015321,present,True,present,139.0
158,annealing_T=100_h=5,20260613-015321,present,True,present,140.0
159,annealing_T=100_h=5,20260613-015321,present,True,present,141.0
160,annealing_T=100_h=5,20260613-015321,absent,False,absent,
161,annealing_T=100_h=5,20260613-015321,absent,False,disappeared,
162,annealing_T=100_h=5,20260613-015321,present,True,present,142.0
163,annealing_T=100_h=5,20260613-015321,present,True,present,143.0
164,annealing_T=100_h=5,20260613-015321,present,True,present,144.0
165,annealing_T=100_h=5,20260613-015321,present,True,present,145.0
166,annealing_T=100_h=5,20260613-015321,present,True,present,146.0
167,annealing_T=100_h=5,20260613-015321,present,True,present,147.0
168,annealing_T=100_h=5,20260613-015321,present,True,present,148.0
169,annealing_T=100_h=5,20260613-015321,present,True,present,149.0
170,annealing_T=100_h=5,20260613-015321,present,True,present,151.0
171,annealing_T=100_h=5,20260613-015321,present,True,present,150.0
172,annealing_T=100_h=5,20260613-015321,present,True,present,152.0
173,annealing_T=100_h=5,20260613-015321,present,True,present,153.0
174,annealing_T=100_h=5,20260613-015321,absent,False,disappeared,
175,annealing_T=100_h=5,20260613-015321,absent,False,disappeared,
176,annealing_T=100_h=5,20260613-015321,absent,False,absent,
177,annealing_T=100_h=5,20260613-015321,absent,False,absent,
178,annealing_T=100_h=5,20260613-015321,absent,False,absent,
179,annealing_T=100_h=5,20260613-015321,absent,False,absent,
180,annealing_T=100_h=5,20260613-015321,absent,False,absent,
181,annealing_T=100_h=5,20260613-015321,absent,False,disappeared,
182,annealing_T=100_h=5,20260613-015321,absent,False,absent,
183,annealing_T=100_h=5,20260613-015321,present,True,present,68.0
184,annealing_T=100_h=5,20260613-015321,present,True,reappeared,94.0
185,annealing_T=100_h=5,20260613-015321,absent,False,absent,
186,annealing_T=100_h=5,20260613-015321,absent,False,absent,
187,annealing_T=100_h=5,20260613-015321,absent,False,absent,
188,annealing_T=100_h=5,20260613-015321,absent,False,disappeared,
189,annealing_T=100_h=5,20260613-015321,absent,False,disappeared,
190,annealing_T=100_h=5,20260613-015321,present,True,present,77.0
191,annealing_T=100_h=5,20260613-015321,absent,False,disappeared,
192,annealing_T=100_h=5,20260613-015321,absent,False,disappeared,
193,annealing_T=100_h=5,20260613-015321,absent,False,disappeared,
194,annealing_T=100_h=5,20260613-015321,present,True,appeared,7.0
195,annealing_T=100_h=5,20260613-015321,present,True,appeared,24.0
196,annealing_T=100_h=5,20260613-015321,present,True,appeared,98.0
197,annealing_T=100_h=5,20260613-015321,present,True,appeared,112.0
198,annealing_T=100_h=5,20260613-015321,absent,False,not_yet_detected,
199,annealing_T=100_h=5,20260613-015321,absent,False,not_yet_detected,
200,annealing_T=100_h=5,20260613-015321,absent,False,not_yet_detected,
201,annealing_T=100_h=5,20260613-015321,absent,False,not_yet_detected,
202,annealing_T=100_h=5,20260613-015321,absent,False,not_yet_detected,
203,annealing_T=100_h=5,20260613-015321,absent,False,not_yet_detected,
204,annealing_T=100_h=5,20260613-015321,absent,False,not_yet_detected,
205,annealing_T=100_h=5,20260613-015321,absent,False,not_yet_detected,
206,annealing_T=100_h=5,20260613-015321,absent,False,not_yet_detected,
207,annealing_T=100_h=5,20260613-015321,absent,False,not_yet_detected,
208,annealing_T=100_h=5,20260613-015321,absent,False,not_yet_detected,
209,annealing_T=100_h=5,20260613-015321,absent,False,not_yet_detected,
210,annealing_T=100_h=5,20260613-015321,absent,False,not_yet_detected,
0,annealing_T=100_h=25,20260629-230214,present,True,present,0.0
1,annealing_T=100_h=25,20260629-230214,present,True,present,1.0
2,annealing_T=100_h=25,20260629-230214,present,True,present,2.0
3,annealing_T=100_h=25,20260629-230214,absent,False,absent,
4,annealing_T=100_h=25,20260629-230214,present,True,present,3.0
5,annealing_T=100_h=25,20260629-230214,absent,False,disappeared,
6,annealing_T=100_h=25,20260629-230214,present,True,present,4.0
7,annealing_T=100_h=25,20260629-230214,present,True,present,5.0
8,annealing_T=100_h=25,20260629-230214,absent,False,absent,
9,annealing_T=100_h=25,20260629-230214,absent,False,absent,
10,annealing_T=100_h=25,20260629-230214,absent,False,disappeared,
11,annealing_T=100_h=25,20260629-230214,present,True,present,6.0
12,annealing_T=100_h=25,20260629-230214,present,True,present,7.0
13,annealing_T=100_h=25,20260629-230214,absent,False,absent,
14,annealing_T=100_h=25,20260629-230214,present,True,present,8.0
15,annealing_T=100_h=25,20260629-230214,absent,False,absent,
16,annealing_T=100_h=25,20260629-230214,present,True,present,9.0
17,annealing_T=100_h=25,20260629-230214,present,True,present,11.0
18,annealing_T=100_h=25,20260629-230214,absent,False,disappeared,
19,annealing_T=100_h=25,20260629-230214,present,True,present,12.0
20,annealing_T=100_h=25,20260629-230214,absent,False,disappeared,
21,annealing_T=100_h=25,20260629-230214,absent,False,absent,
22,annealing_T=100_h=25,20260629-230214,present,True,present,13.0
23,annealing_T=100_h=25,20260629-230214,present,True,present,14.0
24,annealing_T=100_h=25,20260629-230214,absent,False,disappeared,
25,annealing_T=100_h=25,20260629-230214,present,True,present,15.0
26,annealing_T=100_h=25,20260629-230214,present,True,present,17.0
27,annealing_T=100_h=25,20260629-230214,present,True,present,16.0
28,annealing_T=100_h=25,20260629-230214,absent,False,absent,
29,annealing_T=100_h=25,20260629-230214,present,True,present,18.0
30,annealing_T=100_h=25,20260629-230214,present,True,present,19.0
31,annealing_T=100_h=25,20260629-230214,present,True,present,20.0
32,annealing_T=100_h=25,20260629-230214,present,True,present,21.0
33,annealing_T=100_h=25,20260629-230214,absent,False,disappeared,
34,annealing_T=100_h=25,20260629-230214,present,True,present,22.0
35,annealing_T=100_h=25,20260629-230214,present,True,present,23.0
36,annealing_T=100_h=25,20260629-230214,present,True,present,24.0
37,annealing_T=100_h=25,20260629-230214,present,True,present,25.0
38,annealing_T=100_h=25,20260629-230214,present,True,present,26.0
39,annealing_T=100_h=25,20260629-230214,present,True,present,27.0
40,annealing_T=100_h=25,20260629-230214,absent,False,disappeared,
41,annealing_T=100_h=25,20260629-230214,present,True,present,28.0
42,annealing_T=100_h=25,20260629-230214,absent,False,absent,
43,annealing_T=100_h=25,20260629-230214,present,True,present,29.0
44,annealing_T=100_h=25,20260629-230214,present,True,present,32.0
45,annealing_T=100_h=25,20260629-230214,present,True,present,33.0
46,annealing_T=100_h=25,20260629-230214,absent,False,disappeared,
47,annealing_T=100_h=25,20260629-230214,present,True,present,34.0
48,annealing_T=100_h=25,20260629-230214,absent,False,absent,
49,annealing_T=100_h=25,20260629-230214,absent,False,disappeared,
50,annealing_T=100_h=25,20260629-230214,present,True,present,35.0
51,annealing_T=100_h=25,20260629-230214,present,True,present,36.0
52,annealing_T=100_h=25,20260629-230214,present,True,present,37.0
53,annealing_T=100_h=25,20260629-230214,absent,False,absent,
54,annealing_T=100_h=25,20260629-230214,present,True,present,38.0
55,annealing_T=100_h=25,20260629-230214,present,True,present,39.0
56,annealing_T=100_h=25,20260629-230214,present,True,present,40.0
57,annealing_T=100_h=25,20260629-230214,present,True,present,41.0
58,annealing_T=100_h=25,20260629-230214,absent,False,absent,
59,annealing_T=100_h=25,20260629-230214,present,True,present,42.0
60,annealing_T=100_h=25,20260629-230214,absent,False,disappeared,
61,annealing_T=100_h=25,20260629-230214,present,True,present,43.0
62,annealing_T=100_h=25,20260629-230214,present,True,present,46.0
63,annealing_T=100_h=25,20260629-230214,present,True,present,45.0
64,annealing_T=100_h=25,20260629-230214,absent,False,disappeared,
65,annealing_T=100_h=25,20260629-230214,absent,False,absent,
66,annealing_T=100_h=25,20260629-230214,absent,False,absent,
67,annealing_T=100_h=25,20260629-230214,present,True,present,47.0
68,annealing_T=100_h=25,20260629-230214,absent,False,absent,
69,annealing_T=100_h=25,20260629-230214,present,True,present,48.0
70,annealing_T=100_h=25,20260629-230214,present,True,present,49.0
71,annealing_T=100_h=25,20260629-230214,present,True,present,50.0
72,annealing_T=100_h=25,20260629-230214,absent,False,disappeared,
73,annealing_T=100_h=25,20260629-230214,present,True,present,51.0
74,annealing_T=100_h=25,20260629-230214,present,True,present,52.0
75,annealing_T=100_h=25,20260629-230214,present,True,present,53.0
76,annealing_T=100_h=25,20260629-230214,present,True,present,54.0
77,annealing_T=100_h=25,20260629-230214,present,True,present,55.0
78,annealing_T=100_h=25,20260629-230214,absent,False,disappeared,
79,annealing_T=100_h=25,20260629-230214,present,True,present,56.0
80,annealing_T=100_h=25,20260629-230214,present,True,present,58.0
81,annealing_T=100_h=25,20260629-230214,present,True,present,59.0
82,annealing_T=100_h=25,20260629-230214,present,True,present,60.0
83,annealing_T=100_h=25,20260629-230214,present,True,present,61.0
84,annealing_T=100_h=25,20260629-230214,present,True,reappeared,62.0
85,annealing_T=100_h=25,20260629-230214,present,True,present,63.0
86,annealing_T=100_h=25,20260629-230214,absent,False,disappeared,
87,annealing_T=100_h=25,20260629-230214,absent,False,disappeared,
88,annealing_T=100_h=25,20260629-230214,absent,False,absent,
89,annealing_T=100_h=25,20260629-230214,present,True,present,65.0
90,annealing_T=100_h=25,20260629-230214,present,True,reappeared,66.0
91,annealing_T=100_h=25,20260629-230214,present,True,present,68.0
92,annealing_T=100_h=25,20260629-230214,absent,False,disappeared,
93,annealing_T=100_h=25,20260629-230214,present,True,present,69.0
94,annealing_T=100_h=25,20260629-230214,present,True,reappeared,70.0
95,annealing_T=100_h=25,20260629-230214,present,True,present,71.0
96,annealing_T=100_h=25,20260629-230214,present,True,present,72.0
97,annealing_T=100_h=25,20260629-230214,present,True,present,73.0
98,annealing_T=100_h=25,20260629-230214,present,True,present,75.0
99,annealing_T=100_h=25,20260629-230214,absent,False,absent,
100,annealing_T=100_h=25,20260629-230214,present,True,present,76.0
101,annealing_T=100_h=25,20260629-230214,present,True,present,77.0
102,annealing_T=100_h=25,20260629-230214,absent,False,absent,
103,annealing_T=100_h=25,20260629-230214,present,True,present,78.0
104,annealing_T=100_h=25,20260629-230214,present,True,present,79.0
105,annealing_T=100_h=25,20260629-230214,absent,False,absent,
106,annealing_T=100_h=25,20260629-230214,present,True,present,80.0
107,annealing_T=100_h=25,20260629-230214,present,True,present,81.0
108,annealing_T=100_h=25,20260629-230214,present,True,present,83.0
109,annealing_T=100_h=25,20260629-230214,present,True,present,82.0
110,annealing_T=100_h=25,20260629-230214,present,True,present,84.0
111,annealing_T=100_h=25,20260629-230214,present,True,present,86.0
112,annealing_T=100_h=25,20260629-230214,present,True,present,85.0
113,annealing_T=100_h=25,20260629-230214,present,True,present,87.0
114,annealing_T=100_h=25,20260629-230214,absent,False,disappeared,
115,annealing_T=100_h=25,20260629-230214,present,True,present,89.0
116,annealing_T=100_h=25,20260629-230214,present,True,present,90.0
117,annealing_T=100_h=25,20260629-230214,absent,False,disappeared,
118,annealing_T=100_h=25,20260629-230214,present,True,present,92.0
119,annealing_T=100_h=25,20260629-230214,present,True,present,91.0
120,annealing_T=100_h=25,20260629-230214,present,True,present,93.0
121,annealing_T=100_h=25,20260629-230214,absent,False,absent,
122,annealing_T=100_h=25,20260629-230214,present,True,present,94.0
123,annealing_T=100_h=25,20260629-230214,present,True,present,95.0
124,annealing_T=100_h=25,20260629-230214,present,True,present,96.0
125,annealing_T=100_h=25,20260629-230214,present,True,present,97.0
126,annealing_T=100_h=25,20260629-230214,absent,False,disappeared,
127,annealing_T=100_h=25,20260629-230214,absent,False,disappeared,
128,annealing_T=100_h=25,20260629-230214,present,True,present,98.0
129,annealing_T=100_h=25,20260629-230214,absent,False,absent,
130,annealing_T=100_h=25,20260629-230214,present,True,present,99.0
131,annealing_T=100_h=25,20260629-230214,present,True,present,100.0
132,annealing_T=100_h=25,20260629-230214,present,True,present,101.0
133,annealing_T=100_h=25,20260629-230214,present,True,present,102.0
134,annealing_T=100_h=25,20260629-230214,present,True,present,103.0
135,annealing_T=100_h=25,20260629-230214,absent,False,disappeared,
136,annealing_T=100_h=25,20260629-230214,present,True,present,104.0
137,annealing_T=100_h=25,20260629-230214,absent,False,disappeared,
138,annealing_T=100_h=25,20260629-230214,present,True,present,105.0
139,annealing_T=100_h=25,20260629-230214,present,True,present,106.0
140,annealing_T=100_h=25,20260629-230214,absent,False,absent,
141,annealing_T=100_h=25,20260629-230214,present,True,present,107.0
142,annealing_T=100_h=25,20260629-230214,present,True,present,108.0
143,annealing_T=100_h=25,20260629-230214,present,True,present,109.0
144,annealing_T=100_h=25,20260629-230214,present,True,present,110.0
145,annealing_T=100_h=25,20260629-230214,present,True,present,111.0
146,annealing_T=100_h=25,20260629-230214,absent,False,absent,
147,annealing_T=100_h=25,20260629-230214,present,True,present,112.0
148,annealing_T=100_h=25,20260629-230214,present,True,present,114.0
149,annealing_T=100_h=25,20260629-230214,present,True,present,113.0
150,annealing_T=100_h=25,20260629-230214,present,True,present,115.0
151,annealing_T=100_h=25,20260629-230214,present,True,present,116.0
152,annealing_T=100_h=25,20260629-230214,present,True,present,117.0
153,annealing_T=100_h=25,20260629-230214,present,True,present,119.0
154,annealing_T=100_h=25,20260629-230214,present,True,present,118.0
155,annealing_T=100_h=25,20260629-230214,present,True,present,120.0
156,annealing_T=100_h=25,20260629-230214,absent,False,disappeared,
157,annealing_T=100_h=25,20260629-230214,present,True,present,121.0
158,annealing_T=100_h=25,20260629-230214,absent,False,disappeared,
159,annealing_T=100_h=25,20260629-230214,present,True,present,122.0
160,annealing_T=100_h=25,20260629-230214,absent,False,absent,
161,annealing_T=100_h=25,20260629-230214,absent,False,absent,
162,annealing_T=100_h=25,20260629-230214,present,True,present,123.0
163,annealing_T=100_h=25,20260629-230214,present,True,present,124.0
164,annealing_T=100_h=25,20260629-230214,present,True,present,125.0
165,annealing_T=100_h=25,20260629-230214,present,True,present,126.0
166,annealing_T=100_h=25,20260629-230214,present,True,present,127.0
167,annealing_T=100_h=25,20260629-230214,present,True,present,128.0
168,annealing_T=100_h=25,20260629-230214,absent,False,disappeared,
169,annealing_T=100_h=25,20260629-230214,present,True,present,129.0
170,annealing_T=100_h=25,20260629-230214,present,True,present,131.0
171,annealing_T=100_h=25,20260629-230214,present,True,present,130.0
172,annealing_T=100_h=25,20260629-230214,present,True,present,132.0
173,annealing_T=100_h=25,20260629-230214,present,True,present,133.0
174,annealing_T=100_h=25,20260629-230214,absent,False,absent,
175,annealing_T=100_h=25,20260629-230214,absent,False,absent,
176,annealing_T=100_h=25,20260629-230214,absent,False,absent,
177,annealing_T=100_h=25,20260629-230214,absent,False,absent,
178,annealing_T=100_h=25,20260629-230214,absent,False,absent,
179,annealing_T=100_h=25,20260629-230214,absent,False,absent,
180,annealing_T=100_h=25,20260629-230214,absent,False,absent,
181,annealing_T=100_h=25,20260629-230214,absent,False,absent,
182,annealing_T=100_h=25,20260629-230214,absent,False,absent,
183,annealing_T=100_h=25,20260629-230214,present,True,present,57.0
184,annealing_T=100_h=25,20260629-230214,absent,False,disappeared,
185,annealing_T=100_h=25,20260629-230214,absent,False,absent,
186,annealing_T=100_h=25,20260629-230214,absent,False,absent,
187,annealing_T=100_h=25,20260629-230214,absent,False,absent,
188,annealing_T=100_h=25,20260629-230214,absent,False,absent,
189,annealing_T=100_h=25,20260629-230214,present,True,reappeared,44.0
190,annealing_T=100_h=25,20260629-230214,present,True,present,67.0
191,annealing_T=100_h=25,20260629-230214,absent,False,absent,
192,annealing_T=100_h=25,20260629-230214,absent,False,absent,
193,annealing_T=100_h=25,20260629-230214,absent,False,absent,
194,annealing_T=100_h=25,20260629-230214,absent,False,disappeared,
195,annealing_T=100_h=25,20260629-230214,absent,False,disappeared,
196,annealing_T=100_h=25,20260629-230214,present,True,present,88.0
197,annealing_T=100_h=25,20260629-230214,absent,False,disappeared,
198,annealing_T=100_h=25,20260629-230214,present,True,appeared,10.0
199,annealing_T=100_h=25,20260629-230214,present,True,appeared,30.0
200,annealing_T=100_h=25,20260629-230214,present,True,appeared,31.0
201,annealing_T=100_h=25,20260629-230214,present,True,appeared,64.0
202,annealing_T=100_h=25,20260629-230214,present,True,appeared,74.0
203,annealing_T=100_h=25,20260629-230214,absent,False,not_yet_detected,
204,annealing_T=100_h=25,20260629-230214,absent,False,not_yet_detected,
205,annealing_T=100_h=25,20260629-230214,absent,False,not_yet_detected,
206,annealing_T=100_h=25,20260629-230214,absent,False,not_yet_detected,
207,annealing_T=100_h=25,20260629-230214,absent,False,not_yet_detected,
208,annealing_T=100_h=25,20260629-230214,absent,False,not_yet_detected,
209,annealing_T=100_h=25,20260629-230214,absent,False,not_yet_detected,
210,annealing_T=100_h=25,20260629-230214,absent,False,not_yet_detected,
0,annealing_T=125_h=5,20260725-020716,present,True,present,0.0
1,annealing_T=125_h=5,20260725-020716,present,True,present,1.0
2,annealing_T=125_h=5,20260725-020716,present,True,present,2.0
3,annealing_T=125_h=5,20260725-020716,absent,False,absent,
4,annealing_T=125_h=5,20260725-020716,present,True,present,3.0
5,annealing_T=125_h=5,20260725-020716,absent,False,absent,
6,annealing_T=125_h=5,20260725-020716,present,True,present,4.0
7,annealing_T=125_h=5,20260725-020716,present,True,present,5.0
8,annealing_T=125_h=5,20260725-020716,absent,False,absent,
9,annealing_T=125_h=5,20260725-020716,absent,False,absent,
10,annealing_T=125_h=5,20260725-020716,present,True,reappeared,6.0
11,annealing_T=125_h=5,20260725-020716,absent,False,disappeared,
12,annealing_T=125_h=5,20260725-020716,present,True,present,7.0
13,annealing_T=125_h=5,20260725-020716,absent,False,absent,
14,annealing_T=125_h=5,20260725-020716,present,True,present,8.0
15,annealing_T=125_h=5,20260725-020716,absent,False,absent,
16,annealing_T=125_h=5,20260725-020716,present,True,present,9.0
17,annealing_T=125_h=5,20260725-020716,present,True,present,10.0
18,annealing_T=125_h=5,20260725-020716,absent,False,absent,
19,annealing_T=125_h=5,20260725-020716,present,True,present,11.0
20,annealing_T=125_h=5,20260725-020716,present,True,reappeared,12.0
21,annealing_T=125_h=5,20260725-020716,absent,False,absent,
22,annealing_T=125_h=5,20260725-020716,present,True,present,13.0
23,annealing_T=125_h=5,20260725-020716,present,True,present,14.0
24,annealing_T=125_h=5,20260725-020716,absent,False,absent,
25,annealing_T=125_h=5,20260725-020716,present,True,present,15.0
26,annealing_T=125_h=5,20260725-020716,present,True,present,17.0
27,annealing_T=125_h=5,20260725-020716,present,True,present,16.0
28,annealing_T=125_h=5,20260725-020716,absent,False,absent,
29,annealing_T=125_h=5,20260725-020716,present,True,present,18.0
30,annealing_T=125_h=5,20260725-020716,present,True,present,19.0
31,annealing_T=125_h=5,20260725-020716,present,True,present,20.0
32,annealing_T=125_h=5,20260725-020716,present,True,present,21.0
33,annealing_T=125_h=5,20260725-020716,absent,False,absent,
34,annealing_T=125_h=5,20260725-020716,present,True,present,22.0
35,annealing_T=125_h=5,20260725-020716,present,True,present,23.0
36,annealing_T=125_h=5,20260725-020716,present,True,present,24.0
37,annealing_T=125_h=5,20260725-020716,present,True,present,25.0
38,annealing_T=125_h=5,20260725-020716,present,True,present,26.0
39,annealing_T=125_h=5,20260725-020716,absent,False,disappeared,
40,annealing_T=125_h=5,20260725-020716,present,True,reappeared,28.0
41,annealing_T=125_h=5,20260725-020716,present,True,present,29.0
42,annealing_T=125_h=5,20260725-020716,absent,False,absent,
43,annealing_T=125_h=5,20260725-020716,present,True,present,30.0
44,annealing_T=125_h=5,20260725-020716,present,True,present,31.0
45,annealing_T=125_h=5,20260725-020716,present,True,present,32.0
46,annealing_T=125_h=5,20260725-020716,absent,False,absent,
47,annealing_T=125_h=5,20260725-020716,present,True,present,33.0
48,annealing_T=125_h=5,20260725-020716,absent,False,absent,
49,annealing_T=125_h=5,20260725-020716,absent,False,absent,
50,annealing_T=125_h=5,20260725-020716,present,True,present,34.0
51,annealing_T=125_h=5,20260725-020716,present,True,present,35.0
52,annealing_T=125_h=5,20260725-020716,present,True,present,36.0
53,annealing_T=125_h=5,20260725-020716,absent,False,absent,
54,annealing_T=125_h=5,20260725-020716,present,True,present,37.0
55,annealing_T=125_h=5,20260725-020716,absent,False,disappeared,
56,annealing_T=125_h=5,20260725-020716,absent,False,disappeared,
57,annealing_T=125_h=5,20260725-020716,present,True,present,38.0
58,annealing_T=125_h=5,20260725-020716,present,True,reappeared,40.0
59,annealing_T=125_h=5,20260725-020716,present,True,present,39.0
60,annealing_T=125_h=5,20260725-020716,absent,False,absent,
61,annealing_T=125_h=5,20260725-020716,present,True,present,41.0
62,annealing_T=125_h=5,20260725-020716,present,True,present,44.0
63,annealing_T=125_h=5,20260725-020716,present,True,present,42.0
64,annealing_T=125_h=5,20260725-020716,absent,False,absent,
65,annealing_T=125_h=5,20260725-020716,absent,False,absent,
66,annealing_T=125_h=5,20260725-020716,absent,False,absent,
67,annealing_T=125_h=5,20260725-020716,present,True,present,46.0
68,annealing_T=125_h=5,20260725-020716,absent,False,absent,
69,annealing_T=125_h=5,20260725-020716,present,True,present,47.0
70,annealing_T=125_h=5,20260725-020716,present,True,present,48.0
71,annealing_T=125_h=5,20260725-020716,present,True,present,49.0
72,annealing_T=125_h=5,20260725-020716,present,True,reappeared,50.0
73,annealing_T=125_h=5,20260725-020716,present,True,present,51.0
74,annealing_T=125_h=5,20260725-020716,present,True,present,52.0
75,annealing_T=125_h=5,20260725-020716,present,True,present,54.0
76,annealing_T=125_h=5,20260725-020716,present,True,present,55.0
77,annealing_T=125_h=5,20260725-020716,present,True,present,56.0
78,annealing_T=125_h=5,20260725-020716,absent,False,absent,
79,annealing_T=125_h=5,20260725-020716,present,True,present,57.0
80,annealing_T=125_h=5,20260725-020716,present,True,present,58.0
81,annealing_T=125_h=5,20260725-020716,present,True,present,59.0
82,annealing_T=125_h=5,20260725-020716,absent,False,disappeared,
83,annealing_T=125_h=5,20260725-020716,present,True,present,60.0
84,annealing_T=125_h=5,20260725-020716,absent,False,disappeared,
85,annealing_T=125_h=5,20260725-020716,present,True,present,61.0
86,annealing_T=125_h=5,20260725-020716,absent,False,absent,
87,annealing_T=125_h=5,20260725-020716,absent,False,absent,
88,annealing_T=125_h=5,20260725-020716,absent,False,absent,
89,annealing_T=125_h=5,20260725-020716,present,True,present,62.0
90,annealing_T=125_h=5,20260725-020716,absent,False,disappeared,
91,annealing_T=125_h=5,20260725-020716,present,True,present,64.0
92,annealing_T=125_h=5,20260725-020716,present,True,reappeared,63.0
93,annealing_T=125_h=5,20260725-020716,present,True,present,65.0
94,annealing_T=125_h=5,20260725-020716,present,True,present,66.0
95,annealing_T=125_h=5,20260725-020716,absent,False,disappeared,
96,annealing_T=125_h=5,20260725-020716,present,True,present,67.0
97,annealing_T=125_h=5,20260725-020716,present,True,present,68.0
98,annealing_T=125_h=5,20260725-020716,absent,False,disappeared,
99,annealing_T=125_h=5,20260725-020716,absent,False,absent,
100,annealing_T=125_h=5,20260725-020716,present,True,present,69.0
101,annealing_T=125_h=5,20260725-020716,present,True,present,70.0
102,annealing_T=125_h=5,20260725-020716,absent,False,absent,
103,annealing_T=125_h=5,20260725-020716,present,True,present,71.0
104,annealing_T=125_h=5,20260725-020716,present,True,present,72.0
105,annealing_T=125_h=5,20260725-020716,absent,False,absent,
106,annealing_T=125_h=5,20260725-020716,present,True,present,73.0
107,annealing_T=125_h=5,20260725-020716,present,True,present,74.0
108,annealing_T=125_h=5,20260725-020716,present,True,present,76.0
109,annealing_T=125_h=5,20260725-020716,present,True,present,75.0
110,annealing_T=125_h=5,20260725-020716,present,True,present,77.0
111,annealing_T=125_h=5,20260725-020716,present,True,present,80.0
112,annealing_T=125_h=5,20260725-020716,present,True,present,79.0
113,annealing_T=125_h=5,20260725-020716,present,True,present,81.0
114,annealing_T=125_h=5,20260725-020716,absent,False,absent,
115,annealing_T=125_h=5,20260725-020716,present,True,present,82.0
116,annealing_T=125_h=5,20260725-020716,absent,False,disappeared,
117,annealing_T=125_h=5,20260725-020716,absent,False,absent,
118,annealing_T=125_h=5,20260725-020716,absent,False,disappeared,
119,annealing_T=125_h=5,20260725-020716,present,True,present,83.0
120,annealing_T=125_h=5,20260725-020716,present,True,present,84.0
121,annealing_T=125_h=5,20260725-020716,absent,False,absent,
122,annealing_T=125_h=5,20260725-020716,present,True,present,85.0
123,annealing_T=125_h=5,20260725-020716,absent,False,disappeared,
124,annealing_T=125_h=5,20260725-020716,present,True,present,86.0
125,annealing_T=125_h=5,20260725-020716,present,True,present,87.0
126,annealing_T=125_h=5,20260725-020716,absent,False,absent,
127,annealing_T=125_h=5,20260725-020716,absent,False,absent,
128,annealing_T=125_h=5,20260725-020716,present,True,present,88.0
129,annealing_T=125_h=5,20260725-020716,absent,False,absent,
130,annealing_T=125_h=5,20260725-020716,present,True,present,89.0
131,annealing_T=125_h=5,20260725-020716,absent,False,disappeared,
132,annealing_T=125_h=5,20260725-020716,absent,False,disappeared,
133,annealing_T=125_h=5,20260725-020716,absent,False,disappeared,
134,annealing_T=125_h=5,20260725-020716,present,True,present,90.0
135,annealing_T=125_h=5,20260725-020716,present,True,reappeared,91.0
136,annealing_T=125_h=5,20260725-020716,present,True,present,92.0
137,annealing_T=125_h=5,20260725-020716,absent,False,absent,
138,annealing_T=125_h=5,20260725-020716,present,True,present,93.0
139,annealing_T=125_h=5,20260725-020716,present,True,present,94.0
140,annealing_T=125_h=5,20260725-020716,absent,False,absent,
141,annealing_T=125_h=5,20260725-020716,absent,False,disappeared,
142,annealing_T=125_h=5,20260725-020716,present,True,present,96.0
143,annealing_T=125_h=5,20260725-020716,present,True,present,97.0
144,annealing_T=125_h=5,20260725-020716,present,True,present,98.0
145,annealing_T=125_h=5,20260725-020716,present,True,present,99.0
146,annealing_T=125_h=5,20260725-020716,absent,False,absent,
147,annealing_T=125_h=5,20260725-020716,present,True,present,100.0
148,annealing_T=125_h=5,20260725-020716,present,True,present,102.0
149,annealing_T=125_h=5,20260725-020716,present,True,present,101.0
150,annealing_T=125_h=5,20260725-020716,present,True,present,103.0
151,annealing_T=125_h=5,20260725-020716,present,True,present,105.0
152,annealing_T=125_h=5,20260725-020716,present,True,present,104.0
153,annealing_T=125_h=5,20260725-020716,absent,False,disappeared,
154,annealing_T=125_h=5,20260725-020716,present,True,present,106.0
155,annealing_T=125_h=5,20260725-020716,absent,False,disappeared,
156,annealing_T=125_h=5,20260725-020716,present,True,reappeared,107.0
157,annealing_T=125_h=5,20260725-020716,present,True,present,108.0
158,annealing_T=125_h=5,20260725-020716,absent,False,absent,
159,annealing_T=125_h=5,20260725-020716,present,True,present,109.0
160,annealing_T=125_h=5,20260725-020716,absent,False,absent,
161,annealing_T=125_h=5,20260725-020716,absent,False,absent,
162,annealing_T=125_h=5,20260725-020716,present,True,present,110.0
163,annealing_T=125_h=5,20260725-020716,absent,False,disappeared,
164,annealing_T=125_h=5,20260725-020716,present,True,present,111.0
165,annealing_T=125_h=5,20260725-020716,present,True,present,112.0
166,annealing_T=125_h=5,20260725-020716,present,True,present,113.0
167,annealing_T=125_h=5,20260725-020716,absent,False,disappeared,
168,annealing_T=125_h=5,20260725-020716,present,True,reappeared,114.0
169,annealing_T=125_h=5,20260725-020716,absent,False,disappeared,
170,annealing_T=125_h=5,20260725-020716,present,True,present,115.0
171,annealing_T=125_h=5,20260725-020716,absent,False,disappeared,
172,annealing_T=125_h=5,20260725-020716,present,True,present,116.0
173,annealing_T=125_h=5,20260725-020716,present,True,present,117.0
174,annealing_T=125_h=5,20260725-020716,absent,False,absent,
175,annealing_T=125_h=5,20260725-020716,absent,False,absent,
176,annealing_T=125_h=5,20260725-020716,absent,False,absent,
177,annealing_T=125_h=5,20260725-020716,absent,False,absent,
178,annealing_T=125_h=5,20260725-020716,absent,False,absent,
179,annealing_T=125_h=5,20260725-020716,absent,False,absent,
180,annealing_T=125_h=5,20260725-020716,absent,False,absent,
181,annealing_T=125_h=5,20260725-020716,absent,False,absent,
182,annealing_T=125_h=5,20260725-020716,absent,False,absent,
183,annealing_T=125_h=5,20260725-020716,absent,False,disappeared,
184,annealing_T=125_h=5,20260725-020716,present,True,reappeared,78.0
185,annealing_T=125_h=5,20260725-020716,absent,False,absent,
186,annealing_T=125_h=5,20260725-020716,absent,False,absent,
187,annealing_T=125_h=5,20260725-020716,absent,False,absent,
188,annealing_T=125_h=5,20260725-020716,present,True,reappeared,27.0
189,annealing_T=125_h=5,20260725-020716,present,True,present,43.0
190,annealing_T=125_h=5,20260725-020716,absent,False,disappeared,
191,annealing_T=125_h=5,20260725-020716,absent,False,absent,
192,annealing_T=125_h=5,20260725-020716,absent,False,absent,
193,annealing_T=125_h=5,20260725-020716,absent,False,absent,
194,annealing_T=125_h=5,20260725-020716,absent,False,absent,
195,annealing_T=125_h=5,20260725-020716,absent,False,absent,
196,annealing_T=125_h=5,20260725-020716,absent,False,disappeared,
197,annealing_T=125_h=5,20260725-020716,absent,False,absent,
198,annealing_T=125_h=5,20260725-020716,absent,False,disappeared,
199,annealing_T=125_h=5,20260725-020716,absent,False,disappeared,
200,annealing_T=125_h=5,20260725-020716,absent,False,disappeared,
201,annealing_T=125_h=5,20260725-020716,absent,False,disappeared,
202,annealing_T=125_h=5,20260725-020716,absent,False,disappeared,
203,annealing_T=125_h=5,20260725-020716,present,True,appeared,45.0
204,annealing_T=125_h=5,20260725-020716,present,True,appeared,53.0
205,annealing_T=125_h=5,20260725-020716,present,True,appeared,95.0
206,annealing_T=125_h=5,20260725-020716,absent,False,not_yet_detected,
207,annealing_T=125_h=5,20260725-020716,absent,False,not_yet_detected,
208,annealing_T=125_h=5,20260725-020716,absent,False,not_yet_detected,
209,annealing_T=125_h=5,20260725-020716,absent,False,not_yet_detected,
210,annealing_T=125_h=5,20260725-020716,absent,False,not_yet_detected,
0,annealing_T=125_h=25,20260902-011233,present,True,present,0.0
1,annealing_T=125_h=25,20260902-011233,present,True,present,1.0
2,annealing_T=125_h=25,20260902-011233,present,True,present,2.0
3,annealing_T=125_h=25,20260902-011233,absent,False,absent,
4,annealing_T=125_h=25,20260902-011233,present,True,present,3.0
5,annealing_T=125_h=25,20260902-011233,absent,False,absent,
6,annealing_T=125_h=25,20260902-011233,present,True,present,4.0
7,annealing_T=125_h=25,20260902-011233,absent,False,disappeared,
8,annealing_T=125_h=25,20260902-011233,absent,False,absent,
9,annealing_T=125_h=25,20260902-011233,absent,False,absent,
10,annealing_T=125_h=25,20260902-011233,absent,False,disappeared,
11,annealing_T=125_h=25,20260902-011233,absent,False,absent,
12,annealing_T=125_h=25,20260902-011233,present,True,present,5.0
13,annealing_T=125_h=25,20260902-011233,absent,False,absent,
14,annealing_T=125_h=25,20260902-011233,absent,False,disappeared,
15,annealing_T=125_h=25,20260902-011233,absent,False,absent,
16,annealing_T=125_h=25,20260902-011233,present,True,present,6.0
17,annealing_T=125_h=25,20260902-011233,present,True,present,7.0
18,annealing_T=125_h=25,20260902-011233,absent,False,absent,
19,annealing_T=125_h=25,20260902-011233,present,True,present,8.0
20,annealing_T=125_h=25,20260902-011233,present,True,present,9.0
21,annealing_T=125_h=25,20260902-011233,absent,False,absent,
22,annealing_T=125_h=25,20260902-011233,present,True,present,10.0
23,annealing_T=125_h=25,20260902-011233,present,True,present,11.0
24,annealing_T=125_h=25,20260902-011233,absent,False,absent,
25,annealing_T=125_h=25,20260902-011233,present,True,present,12.0
26,annealing_T=125_h=25,20260902-011233,present,True,present,14.0
27,annealing_T=125_h=25,20260902-011233,present,True,present,13.0
28,annealing_T=125_h=25,20260902-011233,absent,False,absent,
29,annealing_T=125_h=25,20260902-011233,absent,False,disappeared,
30,annealing_T=125_h=25,20260902-011233,present,True,present,15.0
31,annealing_T=125_h=25,20260902-011233,present,True,present,16.0
32,annealing_T=125_h=25,20260902-011233,present,True,present,18.0
33,annealing_T=125_h=25,20260902-011233,absent,False,absent,
34,annealing_T=125_h=25,20260902-011233,present,True,present,19.0
35,annealing_T=125_h=25,20260902-011233,present,True,present,20.0
36,annealing_T=125_h=25,20260902-011233,absent,False,disappeared,
37,annealing_T=125_h=25,20260902-011233,present,True,present,21.0
38,annealing_T=125_h=25,20260902-011233,present,True,present,22.0
39,annealing_T=125_h=25,20260902-011233,absent,False,absent,
40,annealing_T=125_h=25,20260902-011233,absent,False,disappeared,
41,annealing_T=125_h=25,20260902-011233,present,True,present,23.0
42,annealing_T=125_h=25,20260902-011233,absent,False,absent,
43,annealing_T=125_h=25,20260902-011233,absent,False,disappeared,
44,annealing_T=125_h=25,20260902-011233,present,True,present,24.0
45,annealing_T=125_h=25,20260902-011233,present,True,present,25.0
46,annealing_T=125_h=25,20260902-011233,absent,False,absent,
47,annealing_T=125_h=25,20260902-011233,present,True,present,26.0
48,annealing_T=125_h=25,20260902-011233,absent,False,absent,
49,annealing_T=125_h=25,20260902-011233,absent,False,absent,
50,annealing_T=125_h=25,20260902-011233,present,True,present,27.0
51,annealing_T=125_h=25,20260902-011233,absent,False,disappeared,
52,annealing_T=125_h=25,20260902-011233,present,True,present,28.0
53,annealing_T=125_h=25,20260902-011233,absent,False,absent,
54,annealing_T=125_h=25,20260902-011233,absent,False,disappeared,
55,annealing_T=125_h=25,20260902-011233,absent,False,absent,
56,annealing_T=125_h=25,20260902-011233,absent,False,absent,
57,annealing_T=125_h=25,20260902-011233,present,True,present,29.0
58,annealing_T=125_h=25,20260902-011233,absent,False,disappeared,
59,annealing_T=125_h=25,20260902-011233,present,True,present,30.0
60,annealing_T=125_h=25,20260902-011233,absent,False,absent,
61,annealing_T=125_h=25,20260902-011233,present,True,present,31.0
62,annealing_T=125_h=25,20260902-011233,present,True,present,33.0
63,annealing_T=125_h=25,20260902-011233,present,True,present,32.0
64,annealing_T=125_h=25,20260902-011233,absent,False,absent,
65,annealing_T=125_h=25,20260902-011233,absent,False,absent,
66,annealing_T=125_h=25,20260902-011233,absent,False,absent,
67,annealing_T=125_h=25,20260902-011233,absent,False,disappeared,
68,annealing_T=125_h=25,20260902-011233,absent,False,absent,
69,annealing_T=125_h=25,20260902-011233,present,True,present,34.0
70,annealing_T=125_h=25,20260902-011233,absent,False,disappeared,
71,annealing_T=125_h=25,20260902-011233,present,True,present,35.0
72,annealing_T=125_h=25,20260902-011233,absent,False,disappeared,
73,annealing_T=125_h=25,20260902-011233,present,True,present,36.0
74,annealing_T=125_h=25,20260902-011233,present,True,present,37.0
75,annealing_T=125_h=25,20260902-011233,present,True,present,39.0
76,annealing_T=125_h=25,20260902-011233,present,True,present,40.0
77,annealing_T=125_h=25,20260902-011233,present,True,present,41.0
78,annealing_T=125_h=25,20260902-011233,absent,False,absent,
79,annealing_T=125_h=25,20260902-011233,present,True,present,42.0
80,annealing_T=125_h=25,20260902-011233,present,True,present,43.0
81,annealing_T=125_h=25,20260902-011233,present,True,present,44.0
82,annealing_T=125_h=25,20260902-011233,present,True,reappeared,45.0
83,annealing_T=125_h=25,20260902-011233,present,True,present,46.0
84,annealing_T=125_h=25,20260902-011233,absent,False,absent,
85,annealing_T=125_h=25,20260902-011233,present,True,present,47.0
86,annealing_T=125_h=25,20260902-011233,absent,False,absent,
87,annealing_T=125_h=25,20260902-011233,absent,False,absent,
88,annealing_T=125_h=25,20260902-011233,absent,False,absent,
89,annealing_T=125_h=25,20260902-011233,present,True,present,48.0
90,annealing_T=125_h=25,20260902-011233,absent,False,absent,
91,annealing_T=125_h=25,20260902-011233,present,True,present,49.0
92,annealing_T=125_h=25,20260902-011233,absent,False,disappeared,
93,annealing_T=125_h=25,20260902-011233,absent,False,disappeared,
94,annealing_T=125_h=25,20260902-011233,present,True,present,50.0
95,annealing_T=125_h=25,20260902-011233,absent,False,absent,
96,annealing_T=125_h=25,20260902-011233,absent,False,disappeared,
97,annealing_T=125_h=25,20260902-011233,present,True,present,51.0
98,annealing_T=125_h=25,20260902-011233,absent,False,absent,
99,annealing_T=125_h=25,20260902-011233,absent,False,absent,
100,annealing_T=125_h=25,20260902-011233,present,True,present,52.0
101,annealing_T=125_h=25,20260902-011233,present,True,present,53.0
102,annealing_T=125_h=25,20260902-011233,absent,False,absent,
103,annealing_T=125_h=25,20260902-011233,present,True,present,54.0
104,annealing_T=125_h=25,20260902-011233,absent,False,disappeared,
105,annealing_T=125_h=25,20260902-011233,absent,False,absent,
106,annealing_T=125_h=25,20260902-011233,present,True,present,55.0
107,annealing_T=125_h=25,20260902-011233,present,True,present,56.0
108,annealing_T=125_h=25,20260902-011233,absent,False,disappeared,
109,annealing_T=125_h=25,20260902-011233,present,True,present,57.0
110,annealing_T=125_h=25,20260902-011233,present,True,present,58.0
111,annealing_T=125_h=25,20260902-011233,absent,False,disappeared,
112,annealing_T=125_h=25,20260902-011233,present,True,present,59.0
113,annealing_T=125_h=25,20260902-011233,absent,False,disappeared,
114,annealing_T=125_h=25,20260902-011233,absent,False,absent,
115,annealing_T=125_h=25,20260902-011233,absent,False,disappeared,
116,annealing_T=125_h=25,20260902-011233,absent,False,absent,
117,annealing_T=125_h=25,20260902-011233,absent,False,absent,
118,annealing_T=125_h=25,20260902-011233,present,True,reappeared,60.0
119,annealing_T=125_h=25,20260902-011233,present,True,present,61.0
120,annealing_T=125_h=25,20260902-011233,present,True,present,62.0
121,annealing_T=125_h=25,20260902-011233,absent,False,absent,
122,annealing_T=125_h=25,20260902-011233,present,True,present,63.0
123,annealing_T=125_h=25,20260902-011233,absent,False,absent,
124,annealing_T=125_h=25,20260902-011233,absent,False,disappeared,
125,annealing_T=125_h=25,20260902-011233,present,True,present,64.0
126,annealing_T=125_h=25,20260902-011233,absent,False,absent,
127,annealing_T=125_h=25,20260902-011233,absent,False,absent,
128,annealing_T=125_h=25,20260902-011233,present,True,present,65.0
129,annealing_T=125_h=25,20260902-011233,absent,False,absent,
130,annealing_T=125_h=25,20260902-011233,present,True,present,66.0
131,annealing_T=125_h=25,20260902-011233,absent,False,absent,
132,annealing_T=125_h=25,20260902-011233,present,True,reappeared,67.0
133,annealing_T=125_h=25,20260902-011233,absent,False,absent,
134,annealing_T=125_h=25,20260902-011233,present,True,present,68.0
135,annealing_T=125_h=25,20260902-011233,absent,False,disappeared,
136,annealing_T=125_h=25,20260902-011233,present,True,present,69.0
137,annealing_T=125_h=25,20260902-011233,absent,False,absent,
138,annealing_T=125_h=25,20260902-011233,present,True,present,70.0
139,annealing_T=125_h=25,20260902-011233,present,True,present,71.0
140,annealing_T=125_h=25,20260902-011233,absent,False,absent,
141,annealing_T=125_h=25,20260902-011233,absent,False,absent,
142,annealing_T=125_h=25,20260902-011233,present,True,present,72.0
143,annealing_T=125_h=25,20260902-011233,present,True,present,73.0
144,annealing_T=125_h=25,20260902-011233,present,True,present,74.0
145,annealing_T=125_h=25,20260902-011233,present,True,present,75.0
146,annealing_T=125_h=25,20260902-011233,absent,False,absent,
147,annealing_T=125_h=25,20260902-011233,present,True,present,76.0
148,annealing_T=125_h=25,20260902-011233,absent,False,disappeared,
149,annealing_T=125_h=25,20260902-011233,present,True,present,77.0
150,annealing_T=125_h=25,20260902-011233,absent,False,disappeared,
151,annealing_T=125_h=25,20260902-011233,absent,False,disappeared,
152,annealing_T=125_h=25,20260902-011233,present,True,present,78.0
153,annealing_T=125_h=25,20260902-011233,absent,False,absent,
154,annealing_T=125_h=25,20260902-011233,present,True,present,79.0
155,annealing_T=125_h=25,20260902-011233,present,True,reappeared,80.0
156,annealing_T=125_h=25,20260902-011233,absent,False,disappeared,
157,annealing_T=125_h=25,20260902-011233,present,True,present,81.0
158,annealing_T=125_h=25,20260902-011233,absent,False,absent,
159,annealing_T=125_h=25,20260902-011233,present,True,present,82.0
160,annealing_T=125_h=25,20260902-011233,absent,False,absent,
161,annealing_T=125_h=25,20260902-011233,absent,False,absent,
162,annealing_T=125_h=25,20260902-011233,absent,False,disappeared,
163,annealing_T=125_h=25,20260902-011233,absent,False,absent,
164,annealing_T=125_h=25,20260902-011233,present,True,present,83.0
165,annealing_T=125_h=25,20260902-011233,present,True,present,84.0
166,annealing_T=125_h=25,20260902-011233,present,True,present,85.0
167,annealing_T=125_h=25,20260902-011233,absent,False,absent,
168,annealing_T=125_h=25,20260902-011233,present,True,present,86.0
169,annealing_T=125_h=25,20260902-011233,present,True,reappeared,87.0
170,annealing_T=125_h=25,20260902-011233,present,True,present,88.0
171,annealing_T=125_h=25,20260902-011233,absent,False,absent,
172,annealing_T=125_h=25,20260902-011233,present,True,present,89.0
173,annealing_T=125_h=25,20260902-011233,present,True,present,90.0
174,annealing_T=125_h=25,20260902-011233,absent,False,absent,
175,annealing_T=125_h=25,20260902-011233,absent,False,absent,
176,annealing_T=125_h=25,20260902-011233,absent,False,absent,
177,annealing_T=125_h=25,20260902-011233,absent,False,absent,
178,annealing_T=125_h=25,20260902-011233,absent,False,absent,
179,annealing_T=125_h=25,20260902-011233,absent,False,absent,
180,annealing_T=125_h=25,20260902-011233,absent,False,absent,
181,annealing_T=125_h=25,20260902-011233,absent,False,absent,
182,annealing_T=125_h=25,20260902-011233,absent,False,absent,
183,annealing_T=125_h=25,20260902-011233,absent,False,absent,
184,annealing_T=125_h=25,20260902-011233,absent,False,disappeared,
185,annealing_T=125_h=25,20260902-011233,absent,False,absent,
186,annealing_T=125_h=25,20260902-011233,absent,False,absent,
187,annealing_T=125_h=25,20260902-011233,absent,False,absent,
188,annealing_T=125_h=25,20260902-011233,absent,False,disappeared,
189,annealing_T=125_h=25,20260902-011233,absent,False,disappeared,
190,annealing_T=125_h=25,20260902-011233,absent,False,absent,
191,annealing_T=125_h=25,20260902-011233,absent,False,absent,
192,annealing_T=125_h=25,20260902-011233,absent,False,absent,
193,annealing_T=125_h=25,20260902-011233,absent,False,absent,
194,annealing_T=125_h=25,20260902-011233,absent,False,absent,
195,annealing_T=125_h=25,20260902-011233,absent,False,absent,
196,annealing_T=125_h=25,20260902-011233,absent,False,absent,
197,annealing_T=125_h=25,20260902-011233,absent,False,absent,
198,annealing_T=125_h=25,20260902-011233,absent,False,absent,
199,annealing_T=125_h=25,20260902-011233,absent,False,absent,
200,annealing_T=125_h=25,20260902-011233,absent,False,absent,
201,annealing_T=125_h=25,20260902-011233,absent,False,absent,
202,annealing_T=125_h=25,20260902-011233,absent,False,absent,
203,annealing_T=125_h=25,20260902-011233,absent,False,disappeared,
204,annealing_T=125_h=25,20260902-011233,present,True,present,38.0
205,annealing_T=125_h=25,20260902-011233,absent,False,disappeared,
206,annealing_T=125_h=25,20260902-011233,present,True,appeared,17.0
207,annealing_T=125_h=25,20260902-011233,absent,False,not_yet_detected,
208,annealing_T=125_h=25,20260902-011233,absent,False,not_yet_detected,
209,annealing_T=125_h=25,20260902-011233,absent,False,not_yet_detected,
210,annealing_T=125_h=25,20260902-011233,absent,False,not_yet_detected,
0,annealing_T=150_h=5,20260912-010115,present,True,present,0.0
1,annealing_T=150_h=5,20260912-010115,present,True,present,1.0
2,annealing_T=150_h=5,20260912-010115,present,True,present,2.0
3,annealing_T=150_h=5,20260912-010115,absent,False,absent,
4,annealing_T=150_h=5,20260912-010115,present,True,present,3.0
5,annealing_T=150_h=5,20260912-010115,present,True,reappeared,4.0
6,annealing_T=150_h=5,20260912-010115,present,True,present,6.0
7,annealing_T=150_h=5,20260912-010115,absent,False,absent,
8,annealing_T=150_h=5,20260912-010115,absent,False,absent,
9,annealing_T=150_h=5,20260912-010115,absent,False,absent,
10,annealing_T=150_h=5,20260912-010115,absent,False,absent,
11,annealing_T=150_h=5,20260912-010115,absent,False,absent,
12,annealing_T=150_h=5,20260912-010115,present,True,present,7.0
13,annealing_T=150_h=5,20260912-010115,absent,False,absent,
14,annealing_T=150_h=5,20260912-010115,absent,False,absent,
15,annealing_T=150_h=5,20260912-010115,absent,False,absent,
16,annealing_T=150_h=5,20260912-010115,absent,False,disappeared,
17,annealing_T=150_h=5,20260912-010115,present,True,present,8.0
18,annealing_T=150_h=5,20260912-010115,absent,False,absent,
19,annealing_T=150_h=5,20260912-010115,present,True,present,9.0
20,annealing_T=150_h=5,20260912-010115,absent,False,disappeared,
21,annealing_T=150_h=5,20260912-010115,absent,False,absent,
22,annealing_T=150_h=5,20260912-010115,present,True,present,10.0
23,annealing_T=150_h=5,20260912-010115,present,True,present,11.0
24,annealing_T=150_h=5,20260912-010115,absent,False,absent,
25,annealing_T=150_h=5,20260912-010115,absent,False,disappeared,
26,annealing_T=150_h=5,20260912-010115,present,True,present,12.0
27,annealing_T=150_h=5,20260912-010115,present,True,present,13.0
28,annealing_T=150_h=5,20260912-010115,absent,False,absent,
29,annealing_T=150_h=5,20260912-010115,present,True,reappeared,14.0
30,annealing_T=150_h=5,20260912-010115,present,True,present,15.0
31,annealing_T=150_h=5,20260912-010115,absent,False,disappeared,
32,annealing_T=150_h=5,20260912-010115,present,True,present,16.0
33,annealing_T=150_h=5,20260912-010115,absent,False,absent,
34,annealing_T=150_h=5,20260912-010115,present,True,present,17.0
35,annealing_T=150_h=5,20260912-010115,present,True,present,18.0
36,annealing_T=150_h=5,20260912-010115,absent,False,absent,
37,annealing_T=150_h=5,20260912-010115,present,True,present,19.0
38,annealing_T=150_h=5,20260912-010115,present,True,present,20.0
39,annealing_T=150_h=5,20260912-010115,absent,False,absent,
40,annealing_T=150_h=5,20260912-010115,present,True,reappeared,21.0
41,annealing_T=150_h=5,20260912-010115,present,True,present,22.0
42,annealing_T=150_h=5,20260912-010115,absent,False,absent,
43,annealing_T=150_h=5,20260912-010115,present,True,reappeared,23.0
44,annealing_T=150_h=5,20260912-010115,absent,False,disappeared,
45,annealing_T=150_h=5,20260912-010115,present,True,present,24.0
46,annealing_T=150_h=5,20260912-010115,absent,False,absent,
47,annealing_T=150_h=5,20260912-010115,absent,False,disappeared,
48,annealing_T=150_h=5,20260912-010115,absent,False,absent,
49,annealing_T=150_h=5,20260912-010115,absent,False,absent,
50,annealing_T=150_h=5,20260912-010115,present,True,present,25.0
51,annealing_T=150_h=5,20260912-010115,absent,False,absent,
52,annealing_T=150_h=5,20260912-010115,present,True,present,26.0
53,annealing_T=150_h=5,20260912-010115,absent,False,absent,
54,annealing_T=150_h=5,20260912-010115,absent,False,absent,
55,annealing_T=150_h=5,20260912-010115,absent,False,absent,
56,annealing_T=150_h=5,20260912-010115,absent,False,absent,
57,annealing_T=150_h=5,20260912-010115,present,True,present,27.0
58,annealing_T=150_h=5,20260912-010115,absent,False,absent,
59,annealing_T=150_h=5,20260912-010115,present,True,present,28.0
60,annealing_T=150_h=5,20260912-010115,absent,False,absent,
61,annealing_T=150_h=5,20260912-010115,absent,False,disappeared,
62,annealing_T=150_h=5,20260912-010115,present,True,present,30.0
63,annealing_T=150_h=5,20260912-010115,present,True,present,29.0
64,annealing_T=150_h=5,20260912-010115,absent,False,absent,
65,annealing_T=150_h=5,20260912-010115,absent,False,absent,
66,annealing_T=150_h=5,20260912-010115,absent,False,absent,
67,annealing_T=150_h=5,20260912-010115,absent,False,absent,
68,annealing_T=150_h=5,20260912-010115,absent,False,absent,
69,annealing_T=150_h=5,20260912-010115,present,True,present,31.0
70,annealing_T=150_h=5,20260912-010115,present,True,reappeared,32.0
71,annealing_T=150_h=5,20260912-010115,present,True,present,33.0
72,annealing_T=150_h=5,20260912-010115,absent,False,absent,
73,annealing_T=150_h=5,20260912-010115,present,True,present,34.0
74,annealing_T=150_h=5,20260912-010115,present,True,present,35.0
75,annealing_T=150_h=5,20260912-010115,present,True,present,37.0
76,annealing_T=150_h=5,20260912-010115,present,True,present,38.0
77,annealing_T=150_h=5,20260912-010115,present,True,present,39.0
78,annealing_T=150_h=5,20260912-010115,absent,False,absent,
79,annealing_T=150_h=5,20260912-010115,present,True,present,40.0
80,annealing_T=150_h=5,20260912-010115,present,True,present,41.0
81,annealing_T=150_h=5,20260912-010115,present,True,present,42.0
82,annealing_T=150_h=5,20260912-010115,absent,False,disappeared,
83,annealing_T=150_h=5,20260912-010115,present,True,present,43.0
84,annealing_T=150_h=5,20260912-010115,absent,False,absent,
85,annealing_T=150_h=5,20260912-010115,present,True,present,44.0
86,annealing_T=150_h=5,20260912-010115,absent,False,absent,
87,annealing_T=150_h=5,20260912-010115,absent,False,absent,
88,annealing_T=150_h=5,20260912-010115,absent,False,absent,
89,annealing_T=150_h=5,20260912-010115,absent,False,disappeared,
90,annealing_T=150_h=5,20260912-010115,absent,False,absent,
91,annealing_T=150_h=5,20260912-010115,present,True,present,45.0
92,annealing_T=150_h=5,20260912-010115,absent,False,absent,
93,annealing_T=150_h=5,20260912-010115,absent,False,absent,
94,annealing_T=150_h=5,20260912-010115,absent,False,disappeared,
95,annealing_T=150_h=5,20260912-010115,present,True,reappeared,46.0
96,annealing_T=150_h=5,20260912-010115,absent,False,absent,
97,annealing_T=150_h=5,20260912-010115,present,True,present,47.0
98,annealing_T=150_h=5,20260912-010115,absent,False,absent,
99,annealing_T=150_h=5,20260912-010115,absent,False,absent,
100,annealing_T=150_h=5,20260912-010115,absent,False,disappeared,
101,annealing_T=150_h=5,20260912-010115,present,True,present,48.0
102,annealing_T=150_h=5,20260912-010115,absent,False,absent,
103,annealing_T=150_h=5,20260912-010115,present,True,present,49.0
104,annealing_T=150_h=5,20260912-010115,absent,False,absent,
105,annealing_T=150_h=5,20260912-010115,absent,False,absent,
106,annealing_T=150_h=5,20260912-010115,absent,False,disappeared,
107,annealing_T=150_h=5,20260912-010115,present,True,present,50.0
108,annealing_T=150_h=5,20260912-010115,absent,False,absent,
109,annealing_T=150_h=5,20260912-010115,present,True,present,51.0
110,annealing_T=150_h=5,20260912-010115,absent,False,disappeared,
111,annealing_T=150_h=5,20260912-010115,absent,False,absent,
112,annealing_T=150_h=5,20260912-010115,present,True,present,52.0
113,annealing_T=150_h=5,20260912-010115,absent,False,absent,
114,annealing_T=150_h=5,20260912-010115,absent,False,absent,
115,annealing_T=150_h=5,20260912-010115,absent,False,absent,
116,annealing_T=150_h=5,20260912-010115,absent,False,absent,
117,annealing_T=150_h=5,20260912-010115,absent,False,absent,
118,annealing_T=150_h=5,20260912-010115,present,True,present,53.0
119,annealing_T=150_h=5,20260912-010115,absent,False,disappeared,
120,annealing_T=150_h=5,20260912-010115,present,True,present,54.0
121,annealing_T=150_h=5,20260912-010115,absent,False,absent,
122,annealing_T=150_h=5,20260912-010115,present,True,present,55.0
123,annealing_T=150_h=5,20260912-010115,absent,False,absent,
124,annealing_T=150_h=5,20260912-010115,absent,False,absent,
125,annealing_T=150_h=5,20260912-010115,present,True,present,56.0
126,annealing_T=150_h=5,20260912-010115,absent,False,absent,
127,annealing_T=150_h=5,20260912-010115,absent,False,absent,
128,annealing_T=150_h=5,20260912-010115,present,True,present,57.0
129,annealing_T=150_h=5,20260912-010115,absent,False,absent,
130,annealing_T=150_h=5,20260912-010115,present,True,present,58.0
131,annealing_T=150_h=5,20260912-010115,absent,False,absent,
132,annealing_T=150_h=5,20260912-010115,absent,False,disappeared,
133,annealing_T=150_h=5,20260912-010115,absent,False,absent,
134,annealing_T=150_h=5,20260912-010115,present,True,present,60.0
135,annealing_T=150_h=5,20260912-010115,absent,False,absent,
136,annealing_T=150_h=5,20260912-010115,present,True,present,61.0
137,annealing_T=150_h=5,20260912-010115,absent,False,absent,
138,annealing_T=150_h=5,20260912-010115,absent,False,disappeared,
139,annealing_T=150_h=5,20260912-010115,present,True,present,62.0
140,annealing_T=150_h=5,20260912-010115,absent,False,absent,
141,annealing_T=150_h=5,20260912-010115,absent,False,absent,
142,annealing_T=150_h=5,20260912-010115,present,True,present,63.0
143,annealing_T=150_h=5,20260912-010115,present,True,present,64.0
144,annealing_T=150_h=5,20260912-010115,present,True,present,65.0
145,annealing_T=150_h=5,20260912-010115,present,True,present,66.0
146,annealing_T=150_h=5,20260912-010115,absent,False,absent,
147,annealing_T=150_h=5,20260912-010115,absent,False,disappeared,
148,annealing_T=150_h=5,20260912-010115,absent,False,absent,
149,annealing_T=150_h=5,20260912-010115,present,True,present,67.0
150,annealing_T=150_h=5,20260912-010115,absent,False,absent,
151,annealing_T=150_h=5,20260912-010115,absent,False,absent,
152,annealing_T=150_h=5,20260912-010115,absent,False,disappeared,
153,annealing_T=150_h=5,20260912-010115,absent,False,absent,
154,annealing_T=150_h=5,20260912-010115,present,True,present,68.0
155,annealing_T=150_h=5,20260912-010115,absent,False,disappeared,
156,annealing_T=150_h=5,20260912-010115,present,True,reappeared,69.0
157,annealing_T=150_h=5,20260912-010115,present,True,present,70.0
158,annealing_T=150_h=5,20260912-010115,absent,False,absent,
159,annealing_T=150_h=5,20260912-010115,present,True,present,71.0
160,annealing_T=150_h=5,20260912-010115,absent,False,absent,
161,annealing_T=150_h=5,20260912-010115,absent,False,absent,
162,annealing_T=150_h=5,20260912-010115,absent,False,absent,
163,annealing_T=150_h=5,20260912-010115,present,True,reappeared,73.0
164,annealing_T=150_h=5,20260912-010115,absent,False,disappeared,
165,annealing_T=150_h=5,20260912-010115,present,True,present,74.0
166,annealing_T=150_h=5,20260912-010115,present,True,present,75.0
167,annealing_T=150_h=5,20260912-010115,absent,False,absent,
168,annealing_T=150_h=5,20260912-010115,absent,False,disappeared,
169,annealing_T=150_h=5,20260912-010115,absent,False,disappeared,
170,annealing_T=150_h=5,20260912-010115,present,True,present,76.0
171,annealing_T=150_h=5,20260912-010115,absent,False,absent,
172,annealing_T=150_h=5,20260912-010115,present,True,present,77.0
173,annealing_T=150_h=5,20260912-010115,present,True,present,78.0
174,annealing_T=150_h=5,20260912-010115,absent,False,absent,
175,annealing_T=150_h=5,20260912-010115,absent,False,absent,
176,annealing_T=150_h=5,20260912-010115,absent,False,absent,
177,annealing_T=150_h=5,20260912-010115,absent,False,absent,
178,annealing_T=150_h=5,20260912-010115,absent,False,absent,
179,annealing_T=150_h=5,20260912-010115,absent,False,absent,
180,annealing_T=150_h=5,20260912-010115,absent,False,absent,
181,annealing_T=150_h=5,20260912-010115,absent,False,absent,
182,annealing_T=150_h=5,20260912-010115,absent,False,absent,
183,annealing_T=150_h=5,20260912-010115,absent,False,absent,
184,annealing_T=150_h=5,20260912-010115,absent,False,absent,
185,annealing_T=150_h=5,20260912-010115,absent,False,absent,
186,annealing_T=150_h=5,20260912-010115,absent,False,absent,
187,annealing_T=150_h=5,20260912-010115,absent,False,absent,
188,annealing_T=150_h=5,20260912-010115,absent,False,absent,
189,annealing_T=150_h=5,20260912-010115,absent,False,absent,
190,annealing_T=150_h=5,20260912-010115,absent,False,absent,
191,annealing_T=150_h=5,20260912-010115,absent,False,absent,
192,annealing_T=150_h=5,20260912-010115,absent,False,absent,
193,annealing_T=150_h=5,20260912-010115,absent,False,absent,
194,annealing_T=150_h=5,20260912-010115,absent,False,absent,
195,annealing_T=150_h=5,20260912-010115,absent,False,absent,
196,annealing_T=150_h=5,20260912-010115,absent,False,absent,
197,annealing_T=150_h=5,20260912-010115,absent,False,absent,
198,annealing_T=150_h=5,20260912-010115,absent,False,absent,
199,annealing_T=150_h=5,20260912-010115,absent,False,absent,
200,annealing_T=150_h=5,20260912-010115,absent,False,absent,
201,annealing_T=150_h=5,20260912-010115,absent,False,absent,
202,annealing_T=150_h=5,20260912-010115,absent,False,absent,
203,annealing_T=150_h=5,20260912-010115,absent,False,absent,
204,annealing_T=150_h=5,20260912-010115,present,True,present,36.0
205,annealing_T=150_h=5,20260912-010115,absent,False,absent,
206,annealing_T=150_h=5,20260912-010115,absent,False,disappeared,
207,annealing_T=150_h=5,20260912-010115,present,True,appeared,5.0
208,annealing_T=150_h=5,20260912-010115,present,True,appeared,59.0
209,annealing_T=150_h=5,20260912-010115,present,True,appeared,72.0
210,annealing_T=150_h=5,20260912-010115,absent,False,not_yet_detected,
0,annealing_T=150_h=25,20260919-004123,present,True,present,0.0
1,annealing_T=150_h=25,20260919-004123,present,True,present,1.0
2,annealing_T=150_h=25,20260919-004123,present,True,present,2.0
3,annealing_T=150_h=25,20260919-004123,absent,False,absent,
4,annealing_T=150_h=25,20260919-004123,present,True,present,3.0
5,annealing_T=150_h=25,20260919-004123,absent,False,disappeared,
6,annealing_T=150_h=25,20260919-004123,absent,False,disappeared,
7,annealing_T=150_h=25,20260919-004123,absent,False,absent,
8,annealing_T=150_h=25,20260919-004123,absent,False,absent,
9,annealing_T=150_h=25,20260919-004123,absent,False,absent,
10,annealing_T=150_h=25,20260919-004123,absent,False,absent,
11,annealing_T=150_h=25,20260919-004123,absent,False,absent,
12,annealing_T=150_h=25,20260919-004123,present,True,present,4.0
13,annealing_T=150_h=25,20260919-004123,absent,False,absent,
14,annealing_T=150_h=25,20260919-004123,absent,False,absent,
15,annealing_T=150_h=25,20260919-004123,absent,False,absent,
16,annealing_T=150_h=25,20260919-004123,absent,False,absent,
17,annealing_T=150_h=25,20260919-004123,present,True,present,5.0
18,annealing_T=150_h=25,20260919-004123,absent,False,absent,
19,annealing_T=150_h=25,20260919-004123,present,True,present,6.0
20,annealing_T=150_h=25,20260919-004123,absent,False,absent,
21,annealing_T=150_h=25,20260919-004123,absent,False,absent,
22,annealing_T=150_h=25,20260919-004123,absent,False,disappeared,
23,annealing_T=150_h=25,20260919-004123,present,True,present,7.0
24,annealing_T=150_h=25,20260919-004123,absent,False,absent,
25,annealing_T=150_h=25,20260919-004123,absent,False,absent,
26,annealing_T=150_h=25,20260919-004123,absent,False,disappeared,
27,annealing_T=150_h=25,20260919-004123,present,True,present,8.0
28,annealing_T=150_h=25,20260919-004123,absent,False,absent,
29,annealing_T=150_h=25,20260919-004123,present,True,present,9.0
30,annealing_T=150_h=25,20260919-004123,present,True,present,10.0
31,annealing_T=150_h=25,20260919-004123,absent,False,absent,
32,annealing_T=150_h=25,20260919-004123,absent,False,disappeared,
33,annealing_T=150_h=25,20260919-004123,absent,False,absent,
34,annealing_T=150_h=25,20260919-004123,present,True,present,11.0
35,annealing_T=150_h=25,20260919-004123,absent,False,disappeared,
36,annealing_T=150_h=25,20260919-004123,absent,False,absent,
37,annealing_T=150_h=25,20260919-004123,present,True,present,12.0
38,annealing_T=150_h=25,20260919-004123,present,True,present,13.0
39,annealing_T=150_h=25,20260919-004123,absent,False,absent,
40,annealing_T=150_h=25,20260919-004123,present,True,present,14.0
41,annealing_T=150_h=25,20260919-004123,present,True,present,15.0
42,annealing_T=150_h=25,20260919-004123,absent,False,absent,
43,annealing_T=150_h=25,20260919-004123,present,True,present,16.0
44,annealing_T=150_h=25,20260919-004123,present,True,reappeared,17.0
45,annealing_T=150_h=25,20260919-004123,absent,False,disappeared,
46,annealing_T=150_h=25,20260919-004123,absent,False,absent,
47,annealing_T=150_h=25,20260919-004123,absent,False,absent,
48,annealing_T=150_h=25,20260919-004123,absent,False,absent,
49,annealing_T=150_h=25,20260919-004123,absent,False,absent,
50,annealing_T=150_h=25,20260919-004123,present,True,present,18.0
51,annealing_T=150_h=25,20260919-004123,absent,False,absent,
52,annealing_T=150_h=25,20260919-004123,present,True,present,19.0
53,annealing_T=150_h=25,20260919-004123,absent,False,absent,
54,annealing_T=150_h=25,20260919-004123,absent,False,absent,
55,annealing_T=150_h=25,20260919-004123,absent,False,absent,
56,annealing_T=150_h=25,20260919-004123,absent,False,absent,
57,annealing_T=150_h=25,20260919-004123,present,True,present,20.0
58,annealing_T=150_h=25,20260919-004123,absent,False,absent,
59,annealing_T=150_h=25,20260919-004123,absent,False,disappeared,
60,annealing_T=150_h=25,20260919-004123,absent,False,absent,
61,annealing_T=150_h=25,20260919-004123,absent,False,absent,
62,annealing_T=150_h=25,20260919-004123,present,True,present,22.0
63,annealing_T=150_h=25,20260919-004123,present,True,present,21.0
64,annealing_T=150_h=25,20260919-004123,absent,False,absent,
65,annealing_T=150_h=25,20260919-004123,absent,False,absent,
66,annealing_T=150_h=25,20260919-004123,absent,False,absent,
67,annealing_T=150_h=25,20260919-004123,absent,False,absent,
68,annealing_T=150_h=25,20260919-004123,absent,False,absent,
69,annealing_T=150_h=25,20260919-004123,present,True,present,23.0
70,annealing_T=150_h=25,20260919-004123,absent,False,disappeared,
71,annealing_T=150_h=25,20260919-004123,present,True,present,24.0
72,annealing_T=150_h=25,20260919-004123,absent,False,absent,
73,annealing_T=150_h=25,20260919-004123,present,True,present,25.0
74,annealing_T=150_h=25,20260919-004123,present,True,present,26.0
75,annealing_T=150_h=25,20260919-004123,present,True,present,27.0
76,annealing_T=150_h=25,20260919-004123,present,True,present,28.0
77,annealing_T=150_h=25,20260919-004123,present,True,present,29.0
78,annealing_T=150_h=25,20260919-004123,absent,False,absent,
79,annealing_T=150_h=25,20260919-004123,absent,False,disappeared,
80,annealing_T=150_h=25,20260919-004123,absent,False,disappeared,
81,annealing_T=150_h=25,20260919-004123,present,True,present,30.0
82,annealing_T=150_h=25,20260919-004123,absent,False,absent,
83,annealing_T=150_h=25,20260919-004123,present,True,present,31.0
84,annealing_T=150_h=25,20260919-004123,absent,False,absent,
85,annealing_T=150_h=25,20260919-004123,absent,False,disappeared,
86,annealing_T=150_h=25,20260919-004123,absent,False,absent,
87,annealing_T=150_h=25,20260919-004123,absent,False,absent,
88,annealing_T=150_h=25,20260919-004123,absent,False,absent,
89,annealing_T=150_h=25,20260919-004123,present,True,reappeared,32.0
90,annealing_T=150_h=25,20260919-004123,absent,False,absent,
91,annealing_T=150_h=25,20260919-004123,absent,False,disappeared,
92,annealing_T=150_h=25,20260919-004123,absent,False,absent,
93,annealing_T=150_h=25,20260919-004123,absent,False,absent,
94,annealing_T=150_h=25,20260919-004123,absent,False,absent,
95,annealing_T=150_h=25,20260919-004123,absent,False,disappeared,
96,annealing_T=150_h=25,20260919-004123,absent,False,absent,
97,annealing_T=150_h=25,20260919-004123,present,True,present,33.0
98,annealing_T=150_h=25,20260919-004123,absent,False,absent,
99,annealing_T=150_h=25,20260919-004123,absent,False,absent,
100,annealing_T=150_h=25,20260919-004123,absent,False,absent,
101,annealing_T=150_h=25,20260919-004123,present,True,present,34.0
102,annealing_T=150_h=25,20260919-004123,absent,False,absent,
103,annealing_T=150_h=25,20260919-004123,present,True,present,35.0
104,annealing_T=150_h=25,20260919-004123,absent,False,absent,
105,annealing_T=150_h=25,20260919-004123,absent,False,absent,
106,annealing_T=150_h=25,20260919-004123,present,True,reappeared,36.0
107,annealing_T=150_h=25,20260919-004123,absent,False,disappeared,
108,annealing_T=150_h=25,20260919-004123,absent,False,absent,
109,annealing_T=150_h=25,20260919-004123,present,True,present,37.0
110,annealing_T=150_h=25,20260919-004123,absent,False,absent,
111,annealing_T=150_h=25,20260919-004123,absent,False,absent,
112,annealing_T=150_h=25,20260919-004123,absent,False,disappeared,
113,annealing_T=150_h=25,20260919-004123,present,True,reappeared,38.0
114,annealing_T=150_h=25,20260919-004123,absent,False,absent,
115,annealing_T=150_h=25,20260919-004123,absent,False,absent,
116,annealing_T=150_h=25,20260919-004123,absent,False,absent,
117,annealing_T=150_h=25,20260919-004123,absent,False,absent,
118,annealing_T=150_h=25,20260919-004123,present,True,present,39.0
119,annealing_T=150_h=25,20260919-004123,absent,False,absent,
120,annealing_T=150_h=25,20260919-004123,absent,False,disappeared,
121,annealing_T=150_h=25,20260919-004123,absent,False,absent,
122,annealing_T=150_h=25,20260919-004123,present,True,present,41.0
123,annealing_T=150_h=25,20260919-004123,absent,False,absent,
124,annealing_T=150_h=25,20260919-004123,absent,False,absent,
125,annealing_T=150_h=25,20260919-004123,present,True,present,42.0
126,annealing_T=150_h=25,20260919-004123,absent,False,absent,
127,annealing_T=150_h=25,20260919-004123,absent,False,absent,
128,annealing_T=150_h=25,20260919-004123,present,True,present,43.0
129,annealing_T=150_h=25,20260919-004123,absent,False,absent,
130,annealing_T=150_h=25,20260919-004123,present,True,present,44.0
131,annealing_T=150_h=25,20260919-004123,absent,False,absent,
132,annealing_T=150_h=25,20260919-004123,absent,False,absent,
133,annealing_T=150_h=25,20260919-004123,absent,False,absent,
134,annealing_T=150_h=25,20260919-004123,present,True,present,45.0
135,annealing_T=150_h=25,20260919-004123,absent,False,absent,
136,annealing_T=150_h=25,20260919-004123,present,True,present,46.0
137,annealing_T=150_h=25,20260919-004123,absent,False,absent,
138,annealing_T=150_h=25,20260919-004123,absent,False,absent,
139,annealing_T=150_h=25,20260919-004123,present,True,present,47.0
140,annealing_T=150_h=25,20260919-004123,absent,False,absent,
141,annealing_T=150_h=25,20260919-004123,absent,False,absent,
142,annealing_T=150_h=25,20260919-004123,present,True,present,48.0
143,annealing_T=150_h=25,20260919-004123,present,True,present,49.0
144,annealing_T=150_h=25,20260919-004123,absent,False,disappeared,
145,annealing_T=150_h=25,20260919-004123,absent,False,disappeared,
146,annealing_T=150_h=25,20260919-004123,absent,False,absent,
147,annealing_T=150_h=25,20260919-004123,present,True,reappeared,50.0
148,annealing_T=150_h=25,20260919-004123,absent,False,absent,
149,annealing_T=150_h=25,20260919-004123,present,True,present,51.0
150,annealing_T=150_h=25,20260919-004123,absent,False,absent,
151,annealing_T=150_h=25,20260919-004123,absent,False,absent,
152,annealing_T=150_h=25,20260919-004123,absent,False,absent,
153,annealing_T=150_h=25,20260919-004123,absent,False,absent,
154,annealing_T=150_h=25,20260919-004123,present,True,present,52.0
155,annealing_T=150_h=25,20260919-004123,absent,False,absent,
156,annealing_T=150_h=25,20260919-004123,absent,False,disappeared,
157,annealing_T=150_h=25,20260919-004123,absent,False,disappeared,
158,annealing_T=150_h=25,20260919-004123,absent,False,absent,
159,annealing_T=150_h=25,20260919-004123,present,True,present,53.0
160,annealing_T=150_h=25,20260919-004123,absent,False,absent,
161,annealing_T=150_h=25,20260919-004123,absent,False,absent,
162,annealing_T=150_h=25,20260919-004123,absent,False,absent,
163,annealing_T=150_h=25,20260919-004123,absent,False,disappeared,
164,annealing_T=150_h=25,20260919-004123,absent,False,absent,
165,annealing_T=150_h=25,20260919-004123,present,True,present,54.0
166,annealing_T=150_h=25,20260919-004123,absent,False,disappeared,
167,annealing_T=150_h=25,20260919-004123,absent,False,absent,
168,annealing_T=150_h=25,20260919-004123,absent,False,absent,
169,annealing_T=150_h=25,20260919-004123,absent,False,absent,
170,annealing_T=150_h=25,20260919-004123,absent,False,disappeared,
171,annealing_T=150_h=25,20260919-004123,absent,False,absent,
172,annealing_T=150_h=25,20260919-004123,present,True,present,55.0
173,annealing_T=150_h=25,20260919-004123,absent,False,disappeared,
174,annealing_T=150_h=25,20260919-004123,absent,False,absent,
175,annealing_T=150_h=25,20260919-004123,absent,False,absent,
176,annealing_T=150_h=25,20260919-004123,absent,False,absent,
177,annealing_T=150_h=25,20260919-004123,absent,False,absent,
178,annealing_T=150_h=25,20260919-004123,absent,False,absent,
179,annealing_T=150_h=25,20260919-004123,absent,False,absent,
180,annealing_T=150_h=25,20260919-004123,absent,False,absent,
181,annealing_T=150_h=25,20260919-004123,absent,False,absent,
182,annealing_T=150_h=25,20260919-004123,absent,False,absent,
183,annealing_T=150_h=25,20260919-004123,absent,False,absent,
184,annealing_T=150_h=25,20260919-004123,absent,False,absent,
185,annealing_T=150_h=25,20260919-004123,absent,False,absent,
186,annealing_T=150_h=25,20260919-004123,absent,False,absent,
187,annealing_T=150_h=25,20260919-004123,absent,False,absent,
188,annealing_T=150_h=25,20260919-004123,absent,False,absent,
189,annealing_T=150_h=25,20260919-004123,absent,False,absent,
190,annealing_T=150_h=25,20260919-004123,absent,False,absent,
191,annealing_T=150_h=25,20260919-004123,absent,False,absent,
192,annealing_T=150_h=25,20260919-004123,absent,False,absent,
193,annealing_T=150_h=25,20260919-004123,absent,False,absent,
194,annealing_T=150_h=25,20260919-004123,absent,False,absent,
195,annealing_T=150_h=25,20260919-004123,absent,False,absent,
196,annealing_T=150_h=25,20260919-004123,absent,False,absent,
197,annealing_T=150_h=25,20260919-004123,absent,False,absent,
198,annealing_T=150_h=25,20260919-004123,absent,False,absent,
199,annealing_T=150_h=25,20260919-004123,absent,False,absent,
200,annealing_T=150_h=25,20260919-004123,absent,False,absent,
201,annealing_T=150_h=25,20260919-004123,absent,False,absent,
202,annealing_T=150_h=25,20260919-004123,absent,False,absent,
203,annealing_T=150_h=25,20260919-004123,absent,False,absent,
204,annealing_T=150_h=25,20260919-004123,absent,False,disappeared,
205,annealing_T=150_h=25,20260919-004123,absent,False,absent,
206,annealing_T=150_h=25,20260919-004123,absent,False,absent,
207,annealing_T=150_h=25,20260919-004123,absent,False,disappeared,
208,annealing_T=150_h=25,20260919-004123,absent,False,disappeared,
209,annealing_T=150_h=25,20260919-004123,absent,False,disappeared,
210,annealing_T=150_h=25,20260919-004123,present,True,appeared,40.0
