phase,run_number,local_spot,spot,x_mean,y_mean,x,y,integration_area,integration_radius,x_ref,y_ref,match_distance,match_type,candidate_count
annealing_T=100_h=25,20260629-230214,0.0,0,30.86,815.94,30.86,815.94,172.0,7.4,33.19,821.55,6.07461932963695,matched,1
annealing_T=100_h=5,20260613-015321,0.0,0,31.72,815.9900000000001,31.72,815.99,193.0,7.84,33.19,821.55,5.7510433835955475,matched,1
annealing_T=125_h=25,20260902-011233,0.0,0,32.98,816.58,32.98,816.58,113.0,6.0,33.19,821.55,4.974434641243077,matched,1
annealing_T=125_h=5,20260725-020716,0.0,0,31.81,815.27,31.81,815.27,187.0,7.72,33.19,821.55,6.429836700881264,matched,1
annealing_T=150_h=25,20260919-004123,0.0,0,33.01,816.16,33.01,816.16,146.0,6.82,33.19,821.55,5.393004728349481,matched,1
annealing_T=150_h=5,20260912-010115,0.0,0,33.5,820.2000000000002,33.5,820.2,125.0,6.31,33.19,821.55,1.385135372445397,matched,1
annealing_T=75_h=25,20260602-133829,0.0,0,31.179999999999996,814.82,31.18,814.82,220.0,8.37,33.19,821.55,7.023745439578425,matched,1
annealing_T=75_h=5,20260523-062735,0.0,0,31.88,816.41,31.88,816.41,253.0,8.97,33.19,821.55,5.3043095686432045,matched,1
before_annealing,20260516-064844,0.0,0,33.19,821.5499999999998,33.19,821.55,283.0,9.49,33.19,821.55,0.0,reference,1
annealing_T=100_h=25,20260629-230214,1.0,1,34.09,434.48,34.09,434.48,240.0,8.74,33.75,440.13,5.6602208437480375,matched,1
annealing_T=100_h=5,20260613-015321,1.0,1,34.74,434.52,34.74,434.52,242.0,8.78,33.75,440.13,5.696683245538597,matched,1
annealing_T=125_h=25,20260902-011233,1.0,1,35.55,435.57,35.55,435.57,145.0,6.79,33.75,440.13,4.90240757179572,matched,1
annealing_T=125_h=5,20260725-020716,1.0,1,34.44,433.39000000000004,34.44,433.39,216.0,8.29,33.75,440.13,6.775226933468676,matched,1
annealing_T=150_h=25,20260919-004123,1.0,1,34.79,434.66,34.79,434.66,56.0,4.22,33.75,440.13,5.567988864931365,matched,1
annealing_T=150_h=5,20260912-010115,1.0,1,34.39,437.85999999999996,34.39,437.86,90.0,5.35,33.75,440.13,2.358495283014188,matched,1
annealing_T=75_h=25,20260602-133829,1.0,1,34.42,433.17,34.42,433.17,257.0,9.04,33.75,440.13,6.992174196914699,matched,1
annealing_T=75_h=5,20260523-062735,1.0,1,34.29,434.41,34.29,434.41,317.0,10.05,33.75,440.13,5.7454329688892605,matched,1
before_annealing,20260516-064844,1.0,1,33.75,440.12999999999994,33.75,440.13,413.0,11.47,33.75,440.13,0.0,reference,1
annealing_T=100_h=25,20260629-230214,2.0,2,36.09,1045.93,36.09,1045.93,180.0,7.57,39.63,1051.46,6.566010965571082,matched,1
annealing_T=100_h=5,20260613-015321,2.0,2,36.77,1046.09,36.77,1046.09,181.0,7.59,39.63,1051.46,6.084118670769109,matched,1
annealing_T=125_h=25,20260902-011233,2.0,2,38.71,1046.71,38.71,1046.71,143.0,6.75,39.63,1051.46,4.838274485805864,matched,1
annealing_T=125_h=5,20260725-020716,2.0,2,36.18,1045.02,36.18,1045.02,177.0,7.51,39.63,1051.46,7.305894880163601,matched,1
annealing_T=150_h=25,20260919-004123,2.0,2,37.36,1045.77,37.36,1045.77,119.0,6.15,39.63,1051.46,6.126091739437195,matched,1
annealing_T=150_h=5,20260912-010115,2.0,2,39.57,1049.54,39.57,1049.54,146.0,6.82,39.63,1051.46,1.9209372712299273,matched,1
annealing_T=75_h=25,20260602-133829,2.0,2,35.62,1044.75,35.62,1044.75,204.0,8.06,39.63,1051.46,7.816917551055565,matched,1
annealing_T=75_h=5,20260523-062735,2.0,2,36.37,1045.99,36.37,1045.99,196.0,7.9,39.63,1051.46,6.367770410434121,matched,1
before_annealing,20260516-064844,2.0,2,39.63,1051.46,39.63,1051.46,221.0,8.39,39.63,1051.46,0.0,reference,1
annealing_T=75_h=5,20260523-062735,3.0,3,44.919999999999995,962.9900000000001,44.92,962.99,119.0,6.15,47.07,969.14,6.514982732133551,matched,1
before_annealing,20260516-064844,3.0,3,47.07,969.14,47.07,969.14,120.0,6.18,47.07,969.14,0.0,reference,1
annealing_T=100_h=25,20260629-230214,3.0,4,49.29999999999999,202.54,49.3,202.54,192.0,7.82,47.69,208.36,6.0385842711682205,matched,1
annealing_T=100_h=5,20260613-015321,3.0,4,49.669999999999995,202.64,49.67,202.64,307.0,9.89,47.69,208.36,6.052999256566971,matched,1
annealing_T=125_h=25,20260902-011233,3.0,4,50.31,203.36,50.31,203.36,68.0,4.65,47.69,208.36,5.644856065481211,matched,1
annealing_T=125_h=5,20260725-020716,3.0,4,49.35999999999999,201.03,49.36,201.03,46.0,3.83,47.69,208.36,7.517832134332354,matched,1
annealing_T=150_h=25,20260919-004123,3.0,4,50.169999999999995,202.05000000000004,50.17,202.05,40.0,3.57,47.69,208.36,6.7798598805579795,matched,1
annealing_T=150_h=5,20260912-010115,3.0,4,48.65,205.78,48.65,205.78,49.0,3.95,47.69,208.36,2.752816739269083,matched,1
annealing_T=75_h=25,20260602-133829,3.0,4,50.09,201.61,50.09,201.61,314.0,10.0,47.69,208.36,7.163972361755734,matched,1
annealing_T=75_h=5,20260523-062735,4.0,4,50.13,202.78,50.13,202.78,382.0,11.03,47.69,208.36,6.090155991434059,matched,1
before_annealing,20260516-064844,4.0,4,47.69,208.36,47.69,208.36,349.0,10.54,47.69,208.36,0.0,reference,1
annealing_T=100_h=5,20260613-015321,4.0,5,60.23,12.270000000000001,60.23,12.27,85.0,5.2,57.24,17.68,6.181278184971127,matched,1
annealing_T=150_h=5,20260912-010115,4.0,5,57.669999999999995,15.68,57.67,15.68,47.0,3.87,57.24,17.68,2.0457028132160335,matched,1
annealing_T=75_h=25,20260602-133829,4.0,5,60.70000000000001,10.949999999999998,60.7,10.95,74.0,4.85,57.24,17.68,7.567331101517898,matched,1
annealing_T=75_h=5,20260523-062735,5.0,5,60.62,12.86,60.62,12.86,70.0,4.72,57.24,17.68,5.887002632919402,matched,1
before_annealing,20260516-064844,5.0,5,57.24,17.68,57.24,17.68,177.0,7.51,57.24,17.68,0.0,reference,1
annealing_T=100_h=25,20260629-230214,4.0,6,81.0,332.49,81.0,332.49,250.0,8.92,79.85,338.14,5.765847726050329,matched,1
annealing_T=100_h=5,20260613-015321,5.0,6,81.33,332.89,81.33,332.89,290.0,9.61,79.85,338.14,5.454621893403796,matched,1
annealing_T=125_h=25,20260902-011233,4.0,6,82.73,333.93,82.73,333.93,66.0,4.58,79.85,338.14,5.100833265261656,matched,1
annealing_T=125_h=5,20260725-020716,4.0,6,81.55,331.58,81.55,331.58,166.0,7.27,79.85,338.14,6.7766953598343225,matched,1
annealing_T=150_h=5,20260912-010115,6.0,6,79.3,336.65,79.3,336.65,61.0,4.41,79.85,338.14,1.5882694985423675,matched,1
annealing_T=75_h=25,20260602-133829,5.0,6,81.37,331.71,81.37,331.71,341.0,10.42,79.85,338.14,6.607215752493642,matched,1
annealing_T=75_h=5,20260523-062735,6.0,6,81.48,332.81,81.48,332.81,327.0,10.2,79.85,338.14,5.573670245000135,matched,1
before_annealing,20260516-064844,6.0,6,79.85,338.14,79.85,338.14,314.0,10.0,79.85,338.14,0.0,reference,1
annealing_T=100_h=25,20260629-230214,5.0,7,91.08999999999999,698.9500000000002,91.09,698.95,61.0,4.41,91.16,704.51,5.560440630021881,matched,1
annealing_T=100_h=5,20260613-015321,6.0,7,90.83,698.88,90.83,698.88,77.0,4.95,91.16,704.51,5.6396631105058,matched,1
annealing_T=125_h=5,20260725-020716,5.0,7,90.61,697.7999999999998,90.61,697.8,58.0,4.3,91.16,704.51,6.732503249163866,matched,1
annealing_T=75_h=25,20260602-133829,6.0,7,90.02,698.09,90.02,698.09,153.0,6.98,91.16,704.51,6.5204294337105955,matched,1
annealing_T=75_h=5,20260523-062735,8.0,7,90.46999999999998,698.84,90.47,698.84,165.0,7.25,91.16,704.51,5.711829829397892,matched,1
before_annealing,20260516-064844,7.0,7,91.16000000000001,704.5099999999999,91.16,704.51,158.0,7.09,91.16,704.51,0.0,reference,1
annealing_T=75_h=25,20260602-133829,8.0,8,99.96,268.96,99.96,268.96,260.0,9.1,98.07,275.51,6.817228175732432,matched,1
annealing_T=75_h=5,20260523-062735,9.0,8,99.90000000000002,270.03,99.9,270.03,169.0,7.33,98.07,275.51,5.777482150556616,matched,1
before_annealing,20260516-064844,8.0,8,98.07,275.51,98.07,275.51,162.0,7.18,98.07,275.51,0.0,reference,1
annealing_T=75_h=5,20260523-062735,10.0,9,117.89,1066.6,117.89,1066.6,51.0,4.03,121.14,1071.47,5.854861228073741,matched,1
before_annealing,20260516-064844,9.0,9,121.14,1071.47,121.14,1071.47,71.0,4.75,121.14,1071.47,0.0,reference,1
annealing_T=100_h=5,20260613-015321,8.0,10,149.16,605.62,149.16,605.62,373.0,10.9,149.17,610.61,4.990010020030029,matched,1
annealing_T=125_h=5,20260725-020716,6.0,10,148.72,604.78,148.72,604.78,312.0,9.97,149.17,610.61,5.84734127616992,matched,1
annealing_T=75_h=25,20260602-133829,9.0,10,148.57,604.67,148.57,604.67,107.0,5.84,149.17,610.61,5.970226126370813,matched,1
annealing_T=75_h=5,20260523-062735,11.0,10,148.8,605.26,148.8,605.26,94.0,5.47,149.17,610.61,5.362779130264477,matched,1
before_annealing,20260516-064844,10.0,10,149.17,610.61,149.17,610.61,355.0,10.63,149.17,610.61,0.0,reference,1
annealing_T=100_h=25,20260629-230214,6.0,11,159.72,431.69,159.72,431.69,60.0,4.37,159.87,436.99,5.302122216622333,matched,1
annealing_T=100_h=5,20260613-015321,9.0,11,161.29,431.91,161.29,431.91,75.0,4.89,159.87,436.99,5.274732220691378,matched,1
annealing_T=75_h=25,20260602-133829,10.0,11,160.35,430.62999999999994,160.35,430.63,82.0,5.11,159.87,436.99,6.378087487640859,matched,1
annealing_T=75_h=5,20260523-062735,13.0,11,160.17,431.92,160.17,431.92,96.0,5.53,159.87,436.99,5.078867984108262,matched,1
before_annealing,20260516-064844,11.0,11,159.87,436.99,159.87,436.99,73.0,4.82,159.87,436.99,0.0,reference,1
annealing_T=100_h=25,20260629-230214,7.0,12,194.57000000000002,135.03,194.57,135.03,267.0,9.22,192.52,139.95,5.329999999999993,matched,1
annealing_T=100_h=5,20260613-015321,10.0,12,194.87,135.09,194.87,135.09,297.0,9.72,192.52,139.95,5.398342338162691,matched,1
annealing_T=125_h=25,20260902-011233,5.0,12,195.18999999999997,135.85,195.19,135.85,166.0,7.27,192.52,139.95,4.892739518919818,matched,1
annealing_T=125_h=5,20260725-020716,7.0,12,195.17999999999998,134.23,195.18,134.23,211.0,8.2,192.52,139.95,6.308248568342866,matched,1
annealing_T=150_h=25,20260919-004123,4.0,12,194.86,134.97,194.86,134.97,175.0,7.46,192.52,139.95,5.502363128692973,matched,1
annealing_T=150_h=5,20260912-010115,7.0,12,193.52,138.5,193.52,138.5,132.0,6.48,192.52,139.95,1.7613914953808443,matched,1
annealing_T=75_h=25,20260602-133829,11.0,12,195.47,134.06,195.47,134.06,321.0,10.11,192.52,139.95,6.5874577797508325,matched,1
annealing_T=75_h=5,20260523-062735,14.0,12,195.44999999999996,135.38,195.45,135.38,344.0,10.46,192.52,139.95,5.428609398363419,matched,1
before_annealing,20260516-064844,12.0,12,192.52,139.95,192.52,139.95,474.0,12.28,192.52,139.95,0.0,reference,1
annealing_T=75_h=25,20260602-133829,12.0,13,196.98,569.87,196.98,569.87,130.0,6.43,197.26,576.07,6.206319360136132,matched,1
before_annealing,20260516-064844,13.0,13,197.26,576.07,197.26,576.07,107.0,5.84,197.26,576.07,0.0,reference,1
annealing_T=100_h=25,20260629-230214,8.0,14,204.21,888.98,204.21,888.98,67.0,4.62,206.03,892.43,3.9006281545412023,matched,1
annealing_T=100_h=5,20260613-015321,11.0,14,204.97,887.7199999999999,204.97,887.72,63.0,4.48,206.03,892.43,4.827804884209836,matched,1
annealing_T=125_h=5,20260725-020716,8.0,14,203.96,887.54,203.96,887.54,38.0,3.48,206.03,892.43,5.310084745086451,matched,1
annealing_T=75_h=25,20260602-133829,13.0,14,204.1,887.16,204.1,887.16,143.0,6.75,206.03,892.43,5.6122900851613,matched,1
annealing_T=75_h=5,20260523-062735,16.0,14,204.94999999999996,888.63,204.95,888.63,138.0,6.63,206.03,892.43,3.9504936400404116,matched,1
before_annealing,20260516-064844,14.0,14,206.03,892.43,206.03,892.43,148.0,6.86,206.03,892.43,0.0,reference,1
before_annealing,20260516-064844,15.0,15,206.09,815.69,206.09,815.69,33.0,3.24,206.09,815.69,0.0,reference,1
annealing_T=100_h=25,20260629-230214,9.0,16,219.06000000000003,309.48,219.06,309.48,146.0,6.82,217.72,313.92,4.63780120315652,matched,1
annealing_T=100_h=5,20260613-015321,12.0,16,219.51,309.16,219.51,309.16,246.0,8.85,217.72,313.92,5.085440000629236,matched,1
annealing_T=125_h=25,20260902-011233,6.0,16,220.52,309.51,220.52,309.51,49.0,3.95,217.72,313.92,5.223801297905605,matched,1
annealing_T=125_h=5,20260725-020716,9.0,16,219.48,308.18,219.48,308.18,91.0,5.38,217.72,313.92,6.003765485093507,matched,1
annealing_T=75_h=25,20260602-133829,14.0,16,219.83,308.62,219.83,308.62,113.0,6.0,217.72,313.92,5.704568344756699,matched,1
annealing_T=75_h=5,20260523-062735,17.0,16,219.34,309.79,219.34,309.79,212.0,8.21,217.72,313.92,4.436361121459791,matched,1
before_annealing,20260516-064844,16.0,16,217.72,313.92,217.72,313.92,237.0,8.69,217.72,313.92,0.0,reference,1
annealing_T=100_h=25,20260629-230214,11.0,17,234.73,472.79,234.73,472.79,99.0,5.61,234.31,476.92,4.151301000891161,matched,1
annealing_T=100_h=5,20260613-015321,13.0,17,235.08,472.33,235.08,472.33,128.0,6.38,234.31,476.92,4.654137943808746,matched,1
annealing_T=125_h=25,20260902-011233,7.0,17,235.59,473.55,235.59,473.55,94.0,5.47,234.31,476.92,3.6048994438125503,matched,1
annealing_T=125_h=5,20260725-020716,10.0,17,235.01,471.37999999999994,235.01,471.38,129.0,6.41,234.31,476.92,5.5840487103893395,matched,1
annealing_T=150_h=25,20260919-004123,5.0,17,234.42999999999998,472.56,234.43,472.56,57.0,4.26,234.31,476.92,4.3616510635308865,matched,1
annealing_T=150_h=5,20260912-010115,8.0,17,233.65,475.66,233.65,475.66,40.0,3.57,234.31,476.92,1.422392350935554,matched,1
annealing_T=75_h=25,20260602-133829,15.0,17,234.66,470.95,234.66,470.95,127.0,6.36,234.31,476.92,5.980250830859883,matched,1
annealing_T=75_h=5,20260523-062735,18.0,17,235.25,472.37000000000006,235.25,472.37,151.0,6.93,234.31,476.92,4.646084372888592,matched,1
before_annealing,20260516-064844,17.0,17,234.31000000000003,476.92,234.31,476.92,153.0,6.98,234.31,476.92,0.0,reference,1
annealing_T=100_h=5,20260613-015321,14.0,18,237.07000000000002,109.89,237.07,109.89,143.0,6.75,234.87,113.77,4.460313890299655,matched,1
annealing_T=75_h=25,20260602-133829,16.0,18,237.84,109.08999999999999,237.84,109.09,101.0,5.67,234.87,113.77,5.542860272458621,matched,1
annealing_T=75_h=5,20260523-062735,19.0,18,237.08,110.11,237.08,110.11,132.0,6.48,234.87,113.77,4.275476581622218,matched,1
before_annealing,20260516-064844,18.0,18,234.87,113.77,234.87,113.77,135.0,6.56,234.87,113.77,0.0,reference,1
annealing_T=100_h=25,20260629-230214,12.0,19,258.54,134.94,258.54,134.94,300.0,9.77,256.25,139.07,4.722393460947537,matched,1
annealing_T=100_h=5,20260613-015321,15.0,19,259.04,134.38,259.04,134.38,194.0,7.86,256.25,139.07,5.457123784559051,matched,1
annealing_T=125_h=25,20260902-011233,8.0,19,259.18,135.46,259.18,135.46,117.0,6.1,256.25,139.07,4.649408564538067,matched,1
annealing_T=125_h=5,20260725-020716,11.0,19,258.82,134.01,258.82,134.01,250.0,8.92,256.25,139.07,5.67525329831189,matched,1
annealing_T=150_h=25,20260919-004123,6.0,19,257.66,135.12,257.66,135.12,63.0,4.48,256.25,139.07,4.194114924510293,matched,1
annealing_T=150_h=5,20260912-010115,9.0,19,257.04,137.61,257.04,137.61,117.0,6.1,256.25,139.07,1.6600301202086583,matched,1
annealing_T=75_h=25,20260602-133829,17.0,19,259.16,133.82,259.16,133.82,218.0,8.33,256.25,139.07,6.002549458355187,matched,1
annealing_T=75_h=5,20260523-062735,20.0,19,259.32,135.14,259.32,135.14,311.0,9.95,256.25,139.07,4.9869630036726775,matched,1
before_annealing,20260516-064844,19.0,19,256.25,139.07,256.25,139.07,279.0,9.42,256.25,139.07,0.0,reference,1
annealing_T=100_h=5,20260613-015321,16.0,20,280.02,941.4900000000001,280.02,941.49,38.0,3.48,280.84,946.04,4.6232996874525165,matched,1
annealing_T=125_h=25,20260902-011233,9.0,20,280.92,940.42,280.92,940.42,49.0,3.95,280.84,946.04,5.620569366176354,matched,1
annealing_T=125_h=5,20260725-020716,12.0,20,278.49,939.2800000000001,278.49,939.28,31.0,3.14,280.84,946.04,7.15682192037766,matched,1
annealing_T=75_h=5,20260523-062735,21.0,20,279.45,941.61,279.45,941.61,56.0,4.22,280.84,946.04,4.642951647389785,matched,1
before_annealing,20260516-064844,20.0,20,280.84,946.04,280.84,946.04,52.0,4.07,280.84,946.04,0.0,reference,1
before_annealing,20260516-064844,21.0,21,289.79,757.7199999999999,289.79,757.72,55.0,4.18,289.79,757.72,0.0,reference,1
annealing_T=100_h=25,20260629-230214,13.0,22,310.95,1061.8,310.95,1061.8,58.0,4.3,314.37,1065.31,4.900663220422318,matched,1
annealing_T=100_h=5,20260613-015321,17.0,22,312.81,1061.12,312.81,1061.12,97.0,5.56,314.37,1065.31,4.470984231687746,matched,1
annealing_T=125_h=25,20260902-011233,10.0,22,312.68,1061.33,312.68,1061.33,69.0,4.69,314.37,1065.31,4.323944958021568,matched,1
annealing_T=125_h=5,20260725-020716,13.0,22,312.07,1060.68,312.07,1060.68,47.0,3.87,314.37,1065.31,5.169806572783837,matched,1
annealing_T=150_h=5,20260912-010115,10.0,22,314.39,1062.36,314.39,1062.36,42.0,3.66,314.37,1065.31,2.950067795831185,matched,1
annealing_T=75_h=25,20260602-133829,18.0,22,310.42,1059.77,310.42,1059.77,58.0,4.3,314.37,1065.31,6.803976778326004,matched,1
annealing_T=75_h=5,20260523-062735,22.0,22,311.44,1061.78,311.44,1061.78,50.0,3.99,314.37,1065.31,4.587570162951173,matched,1
before_annealing,20260516-064844,22.0,22,314.37,1065.31,314.37,1065.31,78.0,4.98,314.37,1065.31,0.0,reference,1
annealing_T=100_h=25,20260629-230214,14.0,23,313.94,874.09,313.94,874.09,154.0,7.0,316.44,878.57,5.130341119262945,matched,1
annealing_T=100_h=5,20260613-015321,18.0,23,314.66,874.07,314.66,874.07,169.0,7.33,316.44,878.57,4.839256141185327,matched,1
annealing_T=125_h=25,20260902-011233,11.0,23,316.08,874.48,316.08,874.48,98.0,5.59,316.44,878.57,4.105812952388391,matched,1
annealing_T=125_h=5,20260725-020716,14.0,23,314.26,873.66,314.26,873.66,135.0,6.56,316.44,878.57,5.372196943523276,matched,1
annealing_T=150_h=25,20260919-004123,7.0,23,314.65,872.52,314.65,872.52,60.0,4.37,316.44,878.57,6.309247181716762,matched,1
annealing_T=150_h=5,20260912-010115,11.0,23,316.37,876.41,316.37,876.41,62.0,4.44,316.44,878.57,2.161133961604498,matched,1
annealing_T=75_h=25,20260602-133829,19.0,23,313.8,873.57,313.8,873.57,138.0,6.63,316.44,878.57,5.654166605256687,matched,1
annealing_T=75_h=5,20260523-062735,23.0,23,314.2,874.35,314.2,874.35,142.0,6.72,316.44,878.57,4.777656329205803,matched,1
before_annealing,20260516-064844,23.0,23,316.44,878.57,316.44,878.57,156.0,7.05,316.44,878.57,0.0,reference,1
annealing_T=100_h=5,20260613-015321,19.0,24,333.2,982.0,333.2,982.0,59.0,4.33,336.62,986.31,5.502045074333692,matched,1
annealing_T=75_h=25,20260602-133829,20.0,24,333.23,981.5300000000001,333.23,981.53,56.0,4.22,336.62,986.31,5.860076791305602,matched,1
annealing_T=75_h=5,20260523-062735,24.0,24,333.5,982.14,333.5,982.14,126.0,6.33,336.62,986.31,5.2080034562200215,matched,1
before_annealing,20260516-064844,24.0,24,336.62,986.31,336.62,986.31,111.0,5.94,336.62,986.31,0.0,reference,1
annealing_T=100_h=25,20260629-230214,15.0,25,340.01,143.57,340.01,143.57,188.0,7.74,338.14,147.65,4.488128786031003,matched,1
annealing_T=100_h=5,20260613-015321,20.0,25,340.48,143.72,340.48,143.72,137.0,6.6,338.14,147.65,4.573893308768822,matched,1
annealing_T=125_h=25,20260902-011233,12.0,25,340.69,144.76,340.69,144.76,55.0,4.18,338.14,147.65,3.8541665765765942,matched,1
annealing_T=125_h=5,20260725-020716,15.0,25,340.28,141.93,340.28,141.93,60.0,4.37,338.14,147.65,6.107208855115398,matched,1
annealing_T=75_h=25,20260602-133829,21.0,25,340.35,142.86,340.35,142.86,121.0,6.21,338.14,147.65,5.275244070182922,matched,1
annealing_T=75_h=5,20260523-062735,25.0,25,340.9,143.98,340.9,143.98,168.0,7.31,338.14,147.65,4.5920039198589615,matched,1
before_annealing,20260516-064844,25.0,25,338.14,147.65,338.14,147.65,186.0,7.69,338.14,147.65,0.0,reference,1
annealing_T=100_h=25,20260629-230214,17.0,26,348.31,388.21,348.31,388.21,113.0,6.0,347.5,391.75,3.6314872986147355,matched,1
annealing_T=100_h=5,20260613-015321,22.0,26,349.32,387.62000000000006,349.32,387.62,173.0,7.42,347.5,391.75,4.513236089548105,matched,1
annealing_T=125_h=25,20260902-011233,14.0,26,349.79,388.04,349.79,388.04,67.0,4.62,347.5,391.75,4.359839446585154,matched,1
annealing_T=125_h=5,20260725-020716,17.0,26,348.69,387.32,348.69,387.32,116.0,6.08,347.5,391.75,4.587046980356758,matched,1
annealing_T=150_h=5,20260912-010115,12.0,26,348.42,390.07,348.42,390.07,38.0,3.48,347.5,391.75,1.9154111830100742,matched,1
annealing_T=75_h=25,20260602-133829,23.0,26,348.98,386.95,348.98,386.95,174.0,7.44,347.5,391.75,5.022987159051889,matched,1
annealing_T=75_h=5,20260523-062735,27.0,26,349.32,388.14000000000004,349.32,388.14,185.0,7.67,347.5,391.75,4.042833164997,matched,1
before_annealing,20260516-064844,26.0,26,347.5,391.75,347.5,391.75,172.0,7.4,347.5,391.75,0.0,reference,1
annealing_T=100_h=25,20260629-230214,16.0,27,347.56,550.21,347.56,550.21,352.0,10.59,347.53,554.01,3.8001184192074406,matched,1
annealing_T=100_h=5,20260613-015321,21.0,27,347.8500000000001,550.16,347.85,550.16,488.0,12.46,347.53,554.01,3.863275812053838,matched,1
annealing_T=125_h=25,20260902-011233,13.0,27,349.23,550.42,349.23,550.42,224.0,8.44,347.53,554.01,3.972165656162943,matched,1
annealing_T=125_h=5,20260725-020716,16.0,27,347.93,549.63,347.93,549.63,236.0,8.67,347.53,554.01,4.398226915474006,matched,1
annealing_T=150_h=25,20260919-004123,8.0,27,348.03,549.92,348.03,549.92,83.0,5.14,347.53,554.01,4.120449004659597,matched,1
annealing_T=150_h=5,20260912-010115,13.0,27,349.29,552.89,349.29,552.89,88.0,5.29,347.53,554.01,2.0861447696648905,matched,1
annealing_T=75_h=25,20260602-133829,22.0,27,347.7,549.54,347.7,549.54,370.0,10.85,347.53,554.01,4.4732314941214755,matched,1
annealing_T=75_h=5,20260523-062735,26.0,27,347.97,550.45,347.97,550.45,378.0,10.97,347.53,554.01,3.58708795543121,matched,1
before_annealing,20260516-064844,27.0,27,347.53,554.01,347.53,554.01,945.0,17.34,347.53,554.01,0.0,reference,1
annealing_T=75_h=25,20260602-133829,24.0,28,351.31,705.69,351.31,705.69,135.0,6.56,352.21,710.15,4.549901097826113,matched,1
annealing_T=75_h=5,20260523-062735,28.0,28,351.68,706.5,351.68,706.5,122.0,6.23,352.21,710.15,3.6882787313325176,matched,1
before_annealing,20260516-064844,28.0,28,352.21,710.15,352.21,710.15,185.0,7.67,352.21,710.15,0.0,reference,1
annealing_T=100_h=25,20260629-230214,18.0,29,371.24,1004.0,371.24,1004.0,82.0,5.11,374.48,1007.59,4.8358763425050775,matched,1
annealing_T=100_h=5,20260613-015321,23.0,29,371.93,1003.5499999999998,371.93,1003.55,132.0,6.48,374.48,1007.59,4.7774574828041745,matched,1
annealing_T=125_h=5,20260725-020716,18.0,29,372.0,1002.07,372.0,1002.07,35.0,3.34,374.48,1007.59,6.051512207704772,matched,1
annealing_T=150_h=25,20260919-004123,9.0,29,373.60999999999996,1003.46,373.61,1003.46,106.0,5.81,374.48,1007.59,4.220639761931841,matched,1
annealing_T=150_h=5,20260912-010115,14.0,29,375.29,1006.39,375.29,1006.39,44.0,3.74,374.48,1007.59,1.4477914214416774,matched,1
annealing_T=75_h=25,20260602-133829,25.0,29,371.60999999999996,1002.9900000000001,371.61,1002.99,148.0,6.86,374.48,1007.59,5.42189081409793,matched,1
annealing_T=75_h=5,20260523-062735,30.0,29,371.91,1003.87,371.91,1003.87,144.0,6.77,374.48,1007.59,4.521426765966709,matched,1
before_annealing,20260516-064844,29.0,29,374.48,1007.59,374.48,1007.59,150.0,6.91,374.48,1007.59,0.0,reference,1
annealing_T=100_h=25,20260629-230214,19.0,30,388.51,827.43,388.51,827.43,357.0,10.66,390.6,830.77,3.9400126903349366,matched,1
annealing_T=100_h=5,20260613-015321,25.0,30,389.2,827.0499999999998,389.2,827.05,496.0,12.57,390.6,830.77,3.9747201159328367,matched,1
annealing_T=125_h=25,20260902-011233,15.0,30,390.3999999999999,827.85,390.4,827.85,210.0,8.18,390.6,830.77,2.926841300788241,matched,1
annealing_T=125_h=5,20260725-020716,19.0,30,388.8999999999999,826.61,388.9,826.61,281.0,9.46,390.6,830.77,4.493951490614922,matched,1
annealing_T=150_h=25,20260919-004123,10.0,30,389.57,826.4900000000001,389.57,826.49,87.0,5.26,390.6,830.77,4.402192635494141,matched,1
annealing_T=150_h=5,20260912-010115,15.0,30,390.84,829.48,390.84,829.48,331.0,10.26,390.6,830.77,1.3121356637176977,matched,1
annealing_T=75_h=25,20260602-133829,26.0,30,388.5,826.52,388.5,826.52,617.0,14.01,390.6,830.77,4.740516849458516,matched,1
annealing_T=75_h=5,20260523-062735,31.0,30,389.12999999999994,827.52,389.13,827.52,3048.0,31.15,390.6,830.77,3.566987524508636,matched,1
before_annealing,20260516-064844,30.0,30,390.6000000000001,830.77,390.6,830.77,1157.0,19.19,390.6,830.77,0.0,reference,1
annealing_T=100_h=25,20260629-230214,20.0,31,404.6499999999999,526.37,404.65,526.37,46.0,3.83,405.49,529.85,3.57994413364235,matched,1
annealing_T=100_h=5,20260613-015321,26.0,31,406.31,526.61,406.31,526.61,71.0,4.75,405.49,529.85,3.342154993413688,matched,1
annealing_T=125_h=25,20260902-011233,16.0,31,406.87000000000006,527.16,406.87,527.16,61.0,4.41,405.49,529.85,3.0233259830855883,matched,1
annealing_T=125_h=5,20260725-020716,20.0,31,404.8999999999999,525.43,404.9,525.43,37.0,3.43,405.49,529.85,4.459203964835063,matched,1
annealing_T=75_h=25,20260602-133829,27.0,31,405.87999999999994,524.71,405.88,524.71,110.0,5.92,405.49,529.85,5.154774485852879,matched,1
annealing_T=75_h=5,20260523-062735,33.0,31,405.28,526.46,405.28,526.46,83.0,5.14,405.49,529.85,3.396498196672556,matched,1
before_annealing,20260516-064844,31.0,31,405.49,529.85,405.49,529.85,82.0,5.11,405.49,529.85,0.0,reference,1
annealing_T=100_h=25,20260629-230214,21.0,32,447.76,51.41,447.76,51.41,157.0,7.07,446.25,53.17,2.3189868477419164,matched,1
annealing_T=100_h=5,20260613-015321,27.0,32,449.19,49.62,449.19,49.62,283.0,9.49,446.25,53.17,4.6093491948430225,matched,1
annealing_T=125_h=25,20260902-011233,18.0,32,449.43,49.68,449.43,49.68,124.0,6.28,446.25,53.17,4.721493407810717,matched,1
annealing_T=125_h=5,20260725-020716,21.0,32,449.18,48.93,449.18,48.93,238.0,8.7,446.25,53.17,5.153882032022081,matched,1
annealing_T=150_h=5,20260912-010115,16.0,32,447.67,51.75,447.67,51.75,97.0,5.56,446.25,53.17,2.0081832585698076,matched,1
annealing_T=75_h=25,20260602-133829,28.0,32,449.71,49.47,449.71,49.47,238.0,8.7,446.25,53.17,5.065727983222143,matched,1
annealing_T=75_h=5,20260523-062735,35.0,32,449.39000000000004,50.35,449.39,50.35,227.0,8.5,446.25,53.17,4.2204265187301,matched,1
before_annealing,20260516-064844,32.0,32,446.25,53.169999999999995,446.25,53.17,254.0,8.99,446.25,53.17,0.0,reference,1
annealing_T=100_h=5,20260613-015321,28.0,33,451.28,588.22,451.28,588.22,149.0,6.89,451.73,592.75,4.552296123935678,matched,1
annealing_T=75_h=5,20260523-062735,37.0,33,452.78,588.97,452.78,588.97,200.0,7.98,451.73,592.75,3.9231237553765363,matched,1
before_annealing,20260516-064844,33.0,33,451.73,592.75,451.73,592.75,248.0,8.88,451.73,592.75,0.0,reference,1
annealing_T=100_h=25,20260629-230214,22.0,34,452.09,609.36,452.09,609.36,1014.0,17.97,452.62,612.58,3.263326523656529,matched,1
annealing_T=100_h=5,20260613-015321,29.0,34,452.60999999999996,609.33,452.61,609.33,942.0,17.32,452.62,612.58,3.2500153845789717,matched,1
annealing_T=125_h=25,20260902-011233,19.0,34,453.54,609.61,453.54,609.61,1003.0,17.87,452.62,612.58,3.109228200052256,matched,1
annealing_T=125_h=5,20260725-020716,22.0,34,452.31,608.63,452.31,608.63,1124.0,18.92,452.62,612.58,3.962145883230495,matched,1
annealing_T=150_h=25,20260919-004123,11.0,34,453.0,608.86,453.0,608.86,162.0,7.18,452.62,612.58,3.7393582337080518,matched,1
annealing_T=150_h=5,20260912-010115,17.0,34,453.12000000000006,611.46,453.12,611.46,246.0,8.85,452.62,612.58,1.2265398485169845,matched,1
annealing_T=75_h=25,20260602-133829,29.0,34,452.12000000000006,608.63,452.12,608.63,1171.0,19.31,452.62,612.58,3.981519810323729,matched,1
annealing_T=75_h=5,20260523-062735,36.0,34,452.53,609.67,452.53,609.67,907.0,16.99,452.62,612.58,2.911391419922866,matched,1
before_annealing,20260516-064844,34.0,34,452.62000000000006,612.58,452.62,612.58,1076.0,18.51,452.62,612.58,0.0,reference,1
annealing_T=100_h=25,20260629-230214,23.0,35,456.98,825.0099999999999,456.98,825.01,246.0,8.85,458.74,828.06,3.5213775713490856,matched,1
annealing_T=100_h=5,20260613-015321,30.0,35,457.58,824.73,457.58,824.73,251.0,8.94,458.74,828.06,3.526258640542349,matched,1
annealing_T=125_h=25,20260902-011233,20.0,35,458.74,825.37,458.74,825.37,239.0,8.72,458.74,828.06,2.689999999999941,matched,1
annealing_T=125_h=5,20260725-020716,23.0,35,457.12999999999994,824.2999999999998,457.13,824.3,441.0,11.85,458.74,828.06,4.090195594345216,matched,1
annealing_T=150_h=5,20260912-010115,18.0,35,459.2,827.16,459.2,827.16,188.0,7.74,458.74,828.06,1.0107423014794326,matched,1
annealing_T=75_h=25,20260602-133829,30.0,35,456.82,824.44,456.82,824.44,227.0,8.5,458.74,828.06,4.097657867611603,matched,1
annealing_T=75_h=5,20260523-062735,38.0,35,457.07,825.25,457.07,825.25,283.0,9.49,458.74,828.06,3.2687918257361916,matched,1
before_annealing,20260516-064844,35.0,35,458.74,828.06,458.74,828.06,243.0,8.79,458.74,828.06,0.0,reference,1
annealing_T=100_h=25,20260629-230214,24.0,36,457.76,885.17,457.76,885.17,145.0,6.79,460.28,888.4,4.0967426084634635,matched,1
annealing_T=100_h=5,20260613-015321,31.0,36,458.53,885.13,458.53,885.13,152.0,6.96,460.28,888.4,3.7088273079236087,matched,1
annealing_T=125_h=5,20260725-020716,24.0,36,457.54,884.07,457.54,884.07,51.0,4.03,460.28,888.4,5.12410967876363,matched,1
annealing_T=75_h=25,20260602-133829,31.0,36,458.03,884.77,458.03,884.77,170.0,7.36,460.28,888.4,4.270761056298978,matched,1
annealing_T=75_h=5,20260523-062735,39.0,36,458.44,885.35,458.44,885.35,225.0,8.46,460.28,888.4,3.562035934686739,matched,1
before_annealing,20260516-064844,36.0,36,460.28,888.4,460.28,888.4,210.0,8.18,460.28,888.4,0.0,reference,1
annealing_T=100_h=25,20260629-230214,25.0,37,463.79,404.52,463.79,404.52,62.0,4.44,462.53,407.47,3.207818573423439,matched,1
annealing_T=100_h=5,20260613-015321,32.0,37,463.57,403.37999999999994,463.57,403.38,105.0,5.78,462.53,407.47,4.220154025625222,matched,1
annealing_T=125_h=25,20260902-011233,21.0,37,463.59,403.37999999999994,463.59,403.38,39.0,3.52,462.53,407.47,4.225127217019711,matched,1
annealing_T=125_h=5,20260725-020716,25.0,37,463.57,403.69,463.57,403.69,65.0,4.55,462.53,407.47,3.9204591567825657,matched,1
annealing_T=150_h=25,20260919-004123,12.0,37,464.84,403.66,464.84,403.66,65.0,4.55,462.53,407.47,4.455580770225137,matched,1
annealing_T=150_h=5,20260912-010115,19.0,37,463.47,405.8500000000001,463.47,405.85,65.0,4.55,462.53,407.47,1.872965562950887,matched,1
annealing_T=75_h=25,20260602-133829,32.0,37,464.1499999999999,403.1499999999999,464.15,403.15,129.0,6.41,462.53,407.47,4.6137620224715485,matched,1
annealing_T=75_h=5,20260523-062735,40.0,37,464.33,404.03,464.33,404.03,211.0,8.2,462.53,407.47,3.882473438415312,matched,1
before_annealing,20260516-064844,37.0,37,462.53,407.47,462.53,407.47,130.0,6.43,462.53,407.47,0.0,reference,1
annealing_T=100_h=25,20260629-230214,26.0,38,473.8500000000001,336.99,473.85,336.99,200.0,7.98,472.86,339.96,3.1306548835666885,matched,1
annealing_T=100_h=5,20260613-015321,33.0,38,474.3,336.61,474.3,336.61,249.0,8.9,472.86,339.96,3.6463817682738275,matched,1
annealing_T=125_h=25,20260902-011233,22.0,38,474.31,336.71,474.31,336.71,60.0,4.37,472.86,339.96,3.5587919298548445,matched,1
annealing_T=125_h=5,20260725-020716,26.0,38,474.33,336.16,474.33,336.16,166.0,7.27,472.86,339.96,4.074420204151698,matched,1
annealing_T=150_h=25,20260919-004123,13.0,38,474.57,336.55,474.57,336.55,41.0,3.61,472.86,339.96,3.814734591029855,matched,1
annealing_T=150_h=5,20260912-010115,20.0,38,474.32,338.16,474.32,338.16,35.0,3.34,472.86,339.96,2.3176712450215575,matched,1
annealing_T=75_h=25,20260602-133829,33.0,38,474.3,336.6,474.3,336.6,277.0,9.39,472.86,339.96,3.6555710908146355,matched,1
annealing_T=75_h=5,20260523-062735,41.0,38,474.49,337.15,474.49,337.15,252.0,8.96,472.86,339.96,3.248538132760642,matched,1
before_annealing,20260516-064844,38.0,38,472.85999999999996,339.96,472.86,339.96,306.0,9.87,472.86,339.96,0.0,reference,1
annealing_T=100_h=25,20260629-230214,27.0,39,490.18,665.7,490.18,665.7,74.0,4.85,490.54,667.95,2.2786180022109916,matched,1
annealing_T=100_h=5,20260613-015321,34.0,39,491.39000000000004,665.51,491.39,665.51,52.0,4.07,490.54,667.95,2.583815008858085,matched,1
annealing_T=75_h=25,20260602-133829,34.0,39,490.48,665.79,490.48,665.79,58.0,4.3,490.54,667.95,2.1608331726443746,matched,1
annealing_T=75_h=5,20260523-062735,42.0,39,490.77,666.04,490.77,666.04,87.0,5.26,490.54,667.95,1.9237983262286864,matched,1
before_annealing,20260516-064844,39.0,39,490.54,667.95,490.54,667.95,43.0,3.7,490.54,667.95,0.0,reference,1
annealing_T=100_h=5,20260613-015321,35.0,40,501.69,413.28,501.69,413.28,49.0,3.95,499.83,416.26,3.512833614050082,matched,1
annealing_T=125_h=5,20260725-020716,28.0,40,501.29,413.74,501.29,413.74,42.0,3.66,499.83,416.26,2.912387336876744,matched,1
annealing_T=150_h=25,20260919-004123,14.0,40,500.3500000000001,412.59,500.35,412.59,37.0,3.43,499.83,416.26,3.7066561750451332,matched,1
annealing_T=150_h=5,20260912-010115,21.0,40,501.97,414.87000000000006,501.97,414.87,30.0,3.09,499.83,416.26,2.5518032839543077,matched,1
annealing_T=75_h=25,20260602-133829,36.0,40,500.77,413.27,500.77,413.27,57.0,4.26,499.83,416.26,3.134278226322617,matched,1
annealing_T=75_h=5,20260523-062735,43.0,40,500.25,413.37999999999994,500.25,413.38,39.0,3.52,499.83,416.26,2.910463880552431,matched,1
before_annealing,20260516-064844,40.0,40,499.83,416.26,499.83,416.26,47.0,3.87,499.83,416.26,0.0,reference,1
annealing_T=100_h=25,20260629-230214,28.0,41,503.12999999999994,521.52,503.13,521.52,343.0,10.45,503.39,524.15,2.642820463065927,matched,1
annealing_T=100_h=5,20260613-015321,36.0,41,503.62999999999994,521.36,503.63,521.36,402.0,11.31,503.39,524.15,2.8003035549739557,matched,1
annealing_T=125_h=25,20260902-011233,23.0,41,504.37999999999994,521.68,504.38,521.68,379.0,10.98,503.39,524.15,2.6610148440021977,matched,1
annealing_T=125_h=5,20260725-020716,29.0,41,503.49,520.83,503.49,520.83,447.0,11.93,503.39,524.15,3.3215056826685667,matched,1
annealing_T=150_h=25,20260919-004123,15.0,41,504.03,520.53,504.03,520.53,95.0,5.5,503.39,524.15,3.676139279189516,matched,1
annealing_T=150_h=5,20260912-010115,22.0,41,503.85999999999996,523.13,503.86,523.13,304.0,9.84,503.39,524.15,1.1230761327710312,matched,1
annealing_T=75_h=25,20260602-133829,37.0,41,503.44,521.04,503.44,521.04,450.0,11.97,503.39,524.15,3.1104019032916126,matched,1
annealing_T=75_h=5,20260523-062735,44.0,41,503.75,521.79,503.75,521.79,509.0,12.73,503.39,524.15,2.3872997298202994,matched,1
before_annealing,20260516-064844,41.0,41,503.39000000000004,524.15,503.39,524.15,1110.0,18.8,503.39,524.15,0.0,reference,1
before_annealing,20260516-064844,42.0,42,504.59,436.74,504.59,436.74,39.0,3.52,504.59,436.74,0.0,reference,1
annealing_T=100_h=25,20260629-230214,29.0,43,519.59,918.73,519.59,918.73,259.0,9.08,522.14,921.32,3.63463890916277,matched,1
annealing_T=100_h=5,20260613-015321,37.0,43,520.31,918.29,520.31,918.29,261.0,9.11,522.14,921.32,3.539745753581841,matched,1
annealing_T=125_h=5,20260725-020716,30.0,43,519.67,917.79,519.67,917.79,228.0,8.52,522.14,921.32,4.308340747898284,matched,1
annealing_T=150_h=25,20260919-004123,16.0,43,520.83,918.0099999999999,520.83,918.01,311.0,9.95,522.14,921.32,3.5598033653561543,matched,1
annealing_T=150_h=5,20260912-010115,23.0,43,521.42,919.7800000000001,521.42,919.78,42.0,3.66,522.14,921.32,1.6999999999999786,matched,1
annealing_T=75_h=25,20260602-133829,38.0,43,519.27,917.9500000000002,519.27,917.95,330.0,10.25,522.14,921.32,4.4264884502277075,matched,1
annealing_T=75_h=5,20260523-062735,45.0,43,519.93,918.94,519.93,918.94,552.0,13.26,522.14,921.32,3.2478454396722976,matched,1
before_annealing,20260516-064844,43.0,43,522.14,921.32,522.14,921.32,451.0,11.98,522.14,921.32,0.0,reference,1
annealing_T=100_h=25,20260629-230214,32.0,44,555.32,914.67,555.32,914.67,100.0,5.64,558.01,917.16,3.665542251836654,matched,1
annealing_T=100_h=5,20260613-015321,38.0,44,556.12,914.39,556.12,914.39,130.0,6.43,558.01,917.16,3.3533565274214205,matched,1
annealing_T=125_h=25,20260902-011233,24.0,44,556.82,915.2400000000001,556.82,915.24,58.0,4.3,558.01,917.16,2.258871399615141,matched,1
annealing_T=125_h=5,20260725-020716,31.0,44,555.0,913.81,555.0,913.81,85.0,5.2,558.01,917.16,4.503620765561871,matched,1
annealing_T=150_h=25,20260919-004123,17.0,44,556.78,913.5499999999998,556.78,913.55,83.0,5.14,558.01,917.16,3.813790765105103,matched,1
annealing_T=75_h=25,20260602-133829,39.0,44,555.27,914.5099999999999,555.27,914.51,184.0,7.65,558.01,917.16,3.811836827567588,matched,1
annealing_T=75_h=5,20260523-062735,46.0,44,555.91,914.98,555.91,914.98,203.0,8.04,558.01,917.16,3.026945655276929,matched,1
before_annealing,20260516-064844,44.0,44,558.01,917.16,558.01,917.16,207.0,8.12,558.01,917.16,0.0,reference,1
annealing_T=100_h=25,20260629-230214,33.0,45,562.35,288.46,562.35,288.46,205.0,8.08,560.79,290.71,2.7379006556119205,matched,1
annealing_T=100_h=5,20260613-015321,39.0,45,560.61,288.78,560.61,288.78,294.0,9.67,560.79,290.71,1.9383756085960244,matched,1
annealing_T=125_h=25,20260902-011233,25.0,45,562.47,288.29,562.47,288.29,258.0,9.06,560.79,290.71,2.945980312222065,matched,1
annealing_T=125_h=5,20260725-020716,32.0,45,562.33,287.75,562.33,287.75,476.0,12.31,560.79,290.71,3.336645021574833,matched,1
annealing_T=150_h=5,20260912-010115,24.0,45,561.76,289.72,561.76,289.72,189.0,7.76,560.79,290.71,1.3860014430006768,matched,1
annealing_T=75_h=25,20260602-133829,40.0,45,562.64,287.91,562.64,287.91,640.0,14.27,560.79,290.71,3.3559648389099417,matched,1
annealing_T=75_h=5,20260523-062735,47.0,45,562.74,288.55,562.74,288.55,806.0,16.02,560.79,290.71,2.910000000000007,matched,1
before_annealing,20260516-064844,45.0,45,560.79,290.71,560.79,290.71,863.0,16.57,560.79,290.71,0.0,reference,1
annealing_T=100_h=5,20260613-015321,40.0,46,594.0,326.77,594.0,326.77,42.0,3.66,592.89,328.41,1.9803282556182882,matched,1
annealing_T=75_h=25,20260602-133829,42.0,46,593.66,325.98,593.66,325.98,103.0,5.73,592.89,328.41,2.549078264785137,matched,1
annealing_T=75_h=5,20260523-062735,49.0,46,594.19,326.6,594.19,326.6,111.0,5.94,592.89,328.41,2.22847481475564,matched,1
before_annealing,20260516-064844,46.0,46,592.89,328.41,592.89,328.41,109.0,5.89,592.89,328.41,0.0,reference,1
annealing_T=100_h=25,20260629-230214,34.0,47,613.18,792.11,613.18,792.11,168.0,7.31,615.06,794.12,2.7521809533531667,matched,1
annealing_T=100_h=5,20260613-015321,41.0,47,613.82,791.6,613.82,791.6,305.0,9.85,615.06,794.12,2.808558349046651,matched,1
annealing_T=125_h=25,20260902-011233,26.0,47,615.26,791.9500000000002,615.26,791.95,458.0,12.07,615.06,794.12,2.1791970998510775,matched,1
annealing_T=125_h=5,20260725-020716,33.0,47,613.29,791.9500000000002,613.29,791.95,65.0,4.55,615.06,794.12,2.800321410124071,matched,1
annealing_T=75_h=25,20260602-133829,43.0,47,613.19,791.58,613.19,791.58,292.0,9.64,615.06,794.12,3.1541242841713464,matched,1
annealing_T=75_h=5,20260523-062735,51.0,47,613.54,792.43,613.54,792.43,295.0,9.69,615.06,794.12,2.272993620756585,matched,1
before_annealing,20260516-064844,47.0,47,615.06,794.12,615.06,794.12,286.0,9.54,615.06,794.12,0.0,reference,1
before_annealing,20260516-064844,48.0,48,638.5,1039.63,638.5,1039.63,54.0,4.15,638.5,1039.63,0.0,reference,1
annealing_T=100_h=5,20260613-015321,42.0,49,646.91,531.02,646.91,531.02,219.0,8.35,646.51,533.35,2.364085446848352,matched,1
annealing_T=75_h=25,20260602-133829,44.0,49,646.51,531.02,646.51,531.02,173.0,7.42,646.51,533.35,2.330000000000041,matched,1
annealing_T=75_h=5,20260523-062735,52.0,49,647.07,531.74,647.07,531.74,220.0,8.37,646.51,533.35,1.7046113926640611,matched,1
before_annealing,20260516-064844,49.0,49,646.51,533.35,646.51,533.35,203.0,8.04,646.51,533.35,0.0,reference,1
annealing_T=100_h=25,20260629-230214,35.0,50,652.08,760.42,652.08,760.42,213.0,8.23,653.72,762.12,2.3621176939348536,matched,1
annealing_T=100_h=5,20260613-015321,43.0,50,652.81,759.92,652.81,759.92,270.0,9.27,653.72,762.12,2.380777184030532,matched,1
annealing_T=125_h=25,20260902-011233,27.0,50,654.03,760.38,654.03,760.38,183.0,7.63,653.72,762.12,1.7673992191918604,matched,1
annealing_T=125_h=5,20260725-020716,34.0,50,652.37,759.73,652.37,759.73,198.0,7.94,653.72,762.12,2.7449225854293227,matched,1
annealing_T=150_h=25,20260919-004123,18.0,50,653.21,759.57,653.21,759.57,180.0,7.57,653.72,762.12,2.600499951932274,matched,1
annealing_T=150_h=5,20260912-010115,25.0,50,654.01,761.38,654.01,761.38,180.0,7.57,653.72,762.12,0.7947955712005398,matched,1
annealing_T=75_h=25,20260602-133829,45.0,50,652.07,760.2800000000001,652.07,760.28,247.0,8.87,653.72,762.12,2.471457060116486,matched,1
annealing_T=75_h=5,20260523-062735,53.0,50,652.56,760.62,652.56,760.62,264.0,9.17,653.72,762.12,1.8962067397834526,matched,1
before_annealing,20260516-064844,50.0,50,653.72,762.12,653.72,762.12,247.0,8.87,653.72,762.12,0.0,reference,1
annealing_T=100_h=25,20260629-230214,36.0,51,668.11,233.42,668.11,233.42,118.0,6.13,666.12,235.05,2.572353008434129,matched,1
annealing_T=100_h=5,20260613-015321,44.0,51,668.23,232.6,668.23,232.6,101.0,5.67,666.12,235.05,3.233357388226693,matched,1
annealing_T=125_h=5,20260725-020716,35.0,51,668.02,232.43999999999997,668.02,232.44,56.0,4.22,666.12,235.05,3.2283277404873463,matched,1
annealing_T=75_h=25,20260602-133829,46.0,51,668.71,233.11,668.71,233.11,115.0,6.05,666.12,235.05,3.2360006180469365,matched,1
annealing_T=75_h=5,20260523-062735,54.0,51,668.71,233.33,668.71,233.33,119.0,6.15,666.12,235.05,3.1090995481007297,matched,1
before_annealing,20260516-064844,51.0,51,666.12,235.05000000000004,666.12,235.05,120.0,6.18,666.12,235.05,0.0,reference,1
annealing_T=100_h=25,20260629-230214,37.0,52,668.49,428.48,668.49,428.48,73.0,4.82,667.83,429.59,1.2913945950017995,matched,1
annealing_T=100_h=5,20260613-015321,45.0,52,668.38,427.60999999999996,668.38,427.61,78.0,4.98,667.83,429.59,2.0549695861496398,matched,1
annealing_T=125_h=25,20260902-011233,28.0,52,669.04,428.24,669.04,428.24,75.0,4.89,667.83,429.59,1.812898232113353,matched,1
annealing_T=125_h=5,20260725-020716,36.0,52,668.65,427.55,668.65,427.55,82.0,5.11,667.83,429.59,2.1986359407595764,matched,1
annealing_T=150_h=25,20260919-004123,19.0,52,668.82,427.47,668.82,427.47,108.0,5.86,667.83,429.59,2.339764945459222,matched,1
annealing_T=150_h=5,20260912-010115,26.0,52,668.55,428.89000000000004,668.55,428.89,78.0,4.98,667.83,429.59,1.0041912168505458,matched,1
annealing_T=75_h=25,20260602-133829,47.0,52,669.15,427.35999999999996,669.15,427.36,71.0,4.75,667.83,429.59,2.591389588618414,matched,1
annealing_T=75_h=5,20260523-062735,55.0,52,668.91,428.74,668.91,428.74,79.0,5.01,667.83,429.59,1.374372584126948,matched,1
before_annealing,20260516-064844,52.0,52,667.83,429.59,667.83,429.59,90.0,5.35,667.83,429.59,0.0,reference,1
before_annealing,20260516-064844,53.0,53,676.32,577.69,676.32,577.69,39.0,3.52,676.32,577.69,0.0,reference,1
annealing_T=100_h=25,20260629-230214,38.0,54,688.63,989.87,688.63,989.87,123.0,6.26,691.47,991.67,3.362380109386804,matched,1
annealing_T=100_h=5,20260613-015321,46.0,54,689.5099999999999,989.65,689.51,989.65,151.0,6.93,691.47,991.67,2.814604767991505,matched,1
annealing_T=125_h=5,20260725-020716,37.0,54,689.18,989.87,689.18,989.87,85.0,5.2,691.47,991.67,2.9127478435319785,matched,1
annealing_T=75_h=25,20260602-133829,48.0,54,688.25,990.18,688.25,990.18,152.0,6.96,691.47,991.67,3.548027621087553,matched,1
annealing_T=75_h=5,20260523-062735,56.0,54,688.7599999999999,990.7999999999998,688.76,990.8,130.0,6.43,691.47,991.67,2.846225570822,matched,1
before_annealing,20260516-064844,54.0,54,691.4699999999999,991.67,691.47,991.67,128.0,6.38,691.47,991.67,0.0,reference,1
annealing_T=100_h=25,20260629-230214,39.0,55,703.02,208.25,703.02,208.25,79.0,5.01,700.9,209.36,2.3930106560565187,matched,1
annealing_T=100_h=5,20260613-015321,47.0,55,703.4900000000001,207.17,703.49,207.17,110.0,5.92,700.9,209.36,3.39178419124815,matched,1
annealing_T=75_h=25,20260602-133829,49.0,55,702.81,207.72,702.81,207.72,116.0,6.08,700.9,209.36,2.5174788976275306,matched,1
annealing_T=75_h=5,20260523-062735,57.0,55,703.43,207.85,703.43,207.85,123.0,6.26,700.9,209.36,2.946353678701849,matched,1
before_annealing,20260516-064844,55.0,55,700.9,209.36,700.9,209.36,119.0,6.15,700.9,209.36,0.0,reference,1
annealing_T=100_h=25,20260629-230214,40.0,56,713.67,108.51,713.67,108.51,110.0,5.92,711.17,110.55,3.2267011017446237,matched,1
annealing_T=100_h=5,20260613-015321,48.0,56,713.36,108.79,713.36,108.79,154.0,7.0,711.17,110.55,2.809572921281846,matched,1
annealing_T=75_h=25,20260602-133829,50.0,56,714.32,108.43,714.32,108.43,148.0,6.86,711.17,110.55,3.796959309763608,matched,1
annealing_T=75_h=5,20260523-062735,58.0,56,714.02,109.36,714.02,109.36,162.0,7.18,711.17,110.55,3.0884624006129853,matched,1
before_annealing,20260516-064844,56.0,56,711.17,110.55,711.17,110.55,136.0,6.58,711.17,110.55,0.0,reference,1
annealing_T=100_h=25,20260629-230214,41.0,57,729.81,379.5,729.81,379.5,162.0,7.18,728.99,381.06,1.7623847480047887,matched,1
annealing_T=100_h=5,20260613-015321,49.0,57,729.92,379.14000000000004,729.92,379.14,248.0,8.88,728.99,381.06,2.1333776037072645,matched,1
annealing_T=125_h=25,20260902-011233,29.0,57,730.2599999999999,379.16,730.26,379.16,102.0,5.7,728.99,381.06,2.2853664913968568,matched,1
annealing_T=125_h=5,20260725-020716,38.0,57,729.9900000000001,379.02,729.99,379.02,234.0,8.63,728.99,381.06,2.2719154913861366,matched,1
annealing_T=150_h=25,20260919-004123,20.0,57,730.1,378.74,730.1,378.74,69.0,4.69,728.99,381.06,2.5718670261115752,matched,1
annealing_T=150_h=5,20260912-010115,27.0,57,729.2599999999999,379.78,729.26,379.78,112.0,5.97,728.99,381.06,1.3081666560496046,matched,1
annealing_T=75_h=25,20260602-133829,51.0,57,729.93,378.82,729.93,378.82,296.0,9.71,728.99,381.06,2.429238563830224,matched,1
annealing_T=75_h=5,20260523-062735,59.0,57,730.15,379.45,730.15,379.45,357.0,10.66,728.99,381.06,1.9843638779215798,matched,1
before_annealing,20260516-064844,57.0,57,728.9900000000001,381.06,728.99,381.06,459.0,12.09,728.99,381.06,0.0,reference,1
annealing_T=125_h=5,20260725-020716,40.0,58,747.5,87.68,747.5,87.68,94.0,5.47,745.25,90.13,3.326409475695971,matched,1
annealing_T=75_h=25,20260602-133829,53.0,58,747.7599999999999,88.49,747.76,88.49,86.0,5.23,745.25,90.13,2.998282841894571,matched,1
annealing_T=75_h=5,20260523-062735,61.0,58,748.21,89.18,748.21,89.18,101.0,5.67,745.25,90.13,3.108713560301141,matched,1
before_annealing,20260516-064844,58.0,58,745.25,90.13,745.25,90.13,128.0,6.38,745.25,90.13,0.0,reference,1
annealing_T=100_h=25,20260629-230214,42.0,59,744.9500000000002,905.81,744.95,905.81,267.0,9.22,747.33,906.91,2.6219077024181243,matched,1
annealing_T=100_h=5,20260613-015321,50.0,59,745.59,905.2000000000002,745.59,905.2,303.0,9.82,747.33,906.91,2.4396106246693097,matched,1
annealing_T=125_h=25,20260902-011233,30.0,59,747.02,905.29,747.02,905.29,235.0,8.65,747.33,906.91,1.649393828047156,matched,1
annealing_T=125_h=5,20260725-020716,39.0,59,745.09,905.0300000000001,745.09,905.03,260.0,9.1,747.33,906.91,2.9243802762294093,matched,1
annealing_T=150_h=5,20260912-010115,28.0,59,747.83,906.4500000000002,747.83,906.45,111.0,5.94,747.33,906.91,0.6794115100583918,matched,1
annealing_T=75_h=25,20260602-133829,52.0,59,744.7199999999999,905.4500000000002,744.72,905.45,372.0,10.88,747.33,906.91,2.990601946097158,matched,1
annealing_T=75_h=5,20260523-062735,60.0,59,745.29,906.02,745.29,906.02,339.0,10.39,747.33,906.91,2.2256909039667416,matched,1
before_annealing,20260516-064844,59.0,59,747.33,906.91,747.33,906.91,348.0,10.52,747.33,906.91,0.0,reference,1
annealing_T=100_h=5,20260613-015321,51.0,60,770.46,902.54,770.46,902.54,66.0,4.58,772.12,904.15,2.312509459440099,matched,1
annealing_T=75_h=25,20260602-133829,54.0,60,769.71,902.77,769.71,902.77,57.0,4.26,772.12,904.15,2.7771388153997334,matched,1
annealing_T=75_h=5,20260523-062735,62.0,60,769.83,903.38,769.83,903.38,64.0,4.51,772.12,904.15,2.4159884105681892,matched,1
before_annealing,20260516-064844,60.0,60,772.12,904.15,772.12,904.15,53.0,4.11,772.12,904.15,0.0,reference,1
annealing_T=100_h=25,20260629-230214,43.0,61,771.41,935.88,771.41,935.88,31.0,3.14,773.23,937.93,2.741331793125377,matched,1
annealing_T=100_h=5,20260613-015321,52.0,61,771.64,937.08,771.64,937.08,38.0,3.48,773.23,937.93,1.802942040111092,matched,1
annealing_T=125_h=25,20260902-011233,31.0,61,773.81,935.44,773.81,935.44,32.0,3.19,773.23,937.93,2.5566579747786746,matched,1
annealing_T=125_h=5,20260725-020716,41.0,61,771.88,935.2000000000002,771.88,935.2,31.0,3.14,773.23,937.93,3.0455541367703383,matched,1
annealing_T=75_h=25,20260602-133829,55.0,61,770.96,937.02,770.96,937.02,63.0,4.48,773.23,937.93,2.4456083087853338,matched,1
annealing_T=75_h=5,20260523-062735,63.0,61,771.7800000000001,937.5,771.78,937.5,70.0,4.72,773.23,937.93,1.5124152868837841,matched,1
before_annealing,20260516-064844,61.0,61,773.23,937.93,773.23,937.93,119.0,6.15,773.23,937.93,0.0,reference,1
annealing_T=100_h=25,20260629-230214,46.0,62,791.7000000000002,460.96,791.7,460.96,100.0,5.64,791.24,461.75,0.9141662868429192,matched,1
annealing_T=100_h=5,20260613-015321,54.0,62,791.9900000000001,460.3999999999999,791.99,460.4,165.0,7.25,791.24,461.75,1.5443445211481748,matched,1
annealing_T=125_h=25,20260902-011233,33.0,62,791.86,460.32,791.86,460.32,66.0,4.58,791.24,461.75,1.55862118553548,matched,1
annealing_T=125_h=5,20260725-020716,44.0,62,791.62,460.3999999999999,791.62,460.4,148.0,6.86,791.24,461.75,1.4024621207006667,matched,1
annealing_T=150_h=25,20260919-004123,22.0,62,792.2599999999999,460.55,792.26,460.55,58.0,4.3,791.24,461.75,1.5749285698087083,matched,1
annealing_T=150_h=5,20260912-010115,30.0,62,791.88,461.09,791.88,461.09,88.0,5.29,791.24,461.75,0.9193475947649048,matched,1
annealing_T=75_h=25,20260602-133829,58.0,62,791.92,460.43,791.92,460.43,195.0,7.88,791.24,461.75,1.484856895461618,matched,1
annealing_T=75_h=5,20260523-062735,65.0,62,792.09,461.16,792.09,461.16,209.0,8.16,791.24,461.75,1.0346980235798313,matched,1
before_annealing,20260516-064844,62.0,62,791.2400000000001,461.75,791.24,461.75,216.0,8.29,791.24,461.75,0.0,reference,1
annealing_T=100_h=25,20260629-230214,45.0,63,788.85,989.5,788.85,989.5,173.0,7.42,791.85,990.49,3.1591296269700644,matched,1
annealing_T=100_h=5,20260613-015321,53.0,63,789.69,988.81,789.69,988.81,118.0,6.13,791.85,990.49,2.736421020237945,matched,1
annealing_T=125_h=25,20260902-011233,32.0,63,791.09,988.9900000000001,791.09,988.99,147.0,6.84,791.85,990.49,1.681546906868686,matched,1
annealing_T=125_h=5,20260725-020716,42.0,63,789.17,988.7400000000001,789.17,988.74,185.0,7.67,791.85,990.49,3.200765533431017,matched,1
annealing_T=150_h=25,20260919-004123,21.0,63,790.09,988.33,790.09,988.33,55.0,4.18,791.85,990.49,2.7862519627628495,matched,1
annealing_T=150_h=5,20260912-010115,29.0,63,791.86,989.34,791.86,989.34,156.0,7.05,791.85,990.49,1.1500434774389825,matched,1
annealing_T=75_h=25,20260602-133829,56.0,63,788.7599999999999,989.42,788.76,989.42,188.0,7.74,791.85,990.49,3.2700152904842823,matched,1
annealing_T=75_h=5,20260523-062735,64.0,63,789.0300000000001,989.81,789.03,989.81,196.0,7.9,791.85,990.49,2.900827468154514,matched,1
before_annealing,20260516-064844,63.0,63,791.85,990.4900000000001,791.85,990.49,209.0,8.16,791.85,990.49,0.0,reference,1
annealing_T=100_h=5,20260613-015321,55.0,64,796.96,317.46,796.96,317.46,101.0,5.67,794.63,319.12,2.860856515101775,matched,1
annealing_T=75_h=25,20260602-133829,59.0,64,795.7000000000002,314.96,795.7,314.96,63.0,4.48,794.63,319.12,4.295404521113298,matched,1
annealing_T=75_h=5,20260523-062735,66.0,64,793.9,316.22,793.9,316.22,51.0,4.03,794.63,319.12,2.990468190768779,matched,1
before_annealing,20260516-064844,64.0,64,794.63,319.12,794.63,319.12,93.0,5.44,794.63,319.12,0.0,reference,1
before_annealing,20260516-064844,65.0,65,818.92,699.23,818.92,699.23,70.0,4.72,818.92,699.23,0.0,reference,1
annealing_T=75_h=5,20260523-062735,67.0,66,828.7800000000001,487.56,828.78,487.56,52.0,4.07,828.35,487.8,0.49244289008986525,matched,1
before_annealing,20260516-064844,66.0,66,828.35,487.8,828.35,487.8,40.0,3.57,828.35,487.8,0.0,reference,1
annealing_T=100_h=25,20260629-230214,47.0,67,830.7999999999998,799.96,830.8,799.96,310.0,9.93,832.61,800.66,1.940644222932305,matched,1
annealing_T=100_h=5,20260613-015321,56.0,67,831.5,799.4900000000001,831.5,799.49,378.0,10.97,832.61,800.66,1.6127616066857706,matched,1
annealing_T=125_h=5,20260725-020716,46.0,67,831.14,799.2199999999999,831.14,799.22,394.0,11.2,832.61,800.66,2.0577900767571595,matched,1
annealing_T=75_h=25,20260602-133829,60.0,67,830.7400000000001,799.7000000000002,830.74,799.7,829.0,16.24,832.61,800.66,2.1020228352706414,matched,1
annealing_T=75_h=5,20260523-062735,68.0,67,831.2000000000002,800.35,831.2,800.35,594.0,13.75,832.61,800.66,1.4436758638972793,matched,1
before_annealing,20260516-064844,67.0,67,832.61,800.66,832.61,800.66,664.0,14.54,832.61,800.66,0.0,reference,1
annealing_T=75_h=25,20260602-133829,61.0,68,848.2199999999999,308.16,848.22,308.16,44.0,3.74,846.58,310.2,2.617479703837154,matched,1
annealing_T=75_h=5,20260523-062735,69.0,68,848.25,309.55,848.25,309.55,43.0,3.7,846.58,310.2,1.792037946026767,matched,1
before_annealing,20260516-064844,68.0,68,846.58,310.2,846.58,310.2,76.0,4.92,846.58,310.2,0.0,reference,1
annealing_T=100_h=25,20260629-230214,48.0,69,848.73,169.9,848.73,169.9,369.0,10.84,846.64,170.33,2.1337759957409164,matched,1
annealing_T=100_h=5,20260613-015321,57.0,69,849.0,169.32,849.0,169.32,402.0,11.31,846.64,170.33,2.567041098229653,matched,1
annealing_T=125_h=25,20260902-011233,34.0,69,849.2999999999998,169.18,849.3,169.18,437.0,11.79,846.64,170.33,2.897947549559729,matched,1
annealing_T=125_h=5,20260725-020716,47.0,69,849.11,169.07,849.11,169.07,419.0,11.55,846.64,170.33,2.7728144546651845,matched,1
annealing_T=150_h=25,20260919-004123,23.0,69,848.84,168.69,848.84,168.69,146.0,6.82,846.64,170.33,2.7440116617828445,matched,1
annealing_T=150_h=5,20260912-010115,31.0,69,847.5300000000001,169.61,847.53,169.61,386.0,11.08,846.64,170.33,1.1447707194020016,matched,1
annealing_T=75_h=25,20260602-133829,62.0,69,849.41,169.62,849.41,169.62,425.0,11.63,846.64,170.33,2.859545418418793,matched,1
annealing_T=75_h=5,20260523-062735,70.0,69,849.41,170.17,849.41,170.17,483.0,12.4,846.64,170.33,2.7746170906991665,matched,1
before_annealing,20260516-064844,69.0,69,846.64,170.33,846.64,170.33,463.0,12.14,846.64,170.33,0.0,reference,1
annealing_T=100_h=25,20260629-230214,49.0,70,849.9500000000002,944.94,849.95,944.94,37.0,3.43,853.13,945.16,3.187600978792503,matched,1
annealing_T=100_h=5,20260613-015321,58.0,70,851.2199999999999,944.02,851.22,944.02,110.0,5.92,853.13,945.16,2.2243425995112087,matched,1
annealing_T=125_h=5,20260725-020716,48.0,70,850.04,943.94,850.04,943.94,109.0,5.89,853.13,945.16,3.3221228153095104,matched,1
annealing_T=150_h=5,20260912-010115,32.0,70,853.34,944.4,853.34,944.4,43.0,3.7,853.13,945.16,0.7884795495128593,matched,1
annealing_T=75_h=25,20260602-133829,63.0,70,849.7400000000001,944.4,849.74,944.4,90.0,5.35,853.13,945.16,3.4741473774149423,matched,1
annealing_T=75_h=5,20260523-062735,71.0,70,850.65,945.06,850.65,945.06,90.0,5.35,853.13,945.16,2.4820153101864815,matched,1
before_annealing,20260516-064844,70.0,70,853.13,945.16,853.13,945.16,98.0,5.59,853.13,945.16,0.0,reference,1
annealing_T=100_h=25,20260629-230214,50.0,71,882.56,273.92,882.56,273.92,251.0,8.94,881.37,274.39,1.2794530081248907,matched,1
annealing_T=100_h=5,20260613-015321,59.0,71,882.67,273.69,882.67,273.69,251.0,8.94,881.37,274.39,1.4764823060232946,matched,1
annealing_T=125_h=25,20260902-011233,35.0,71,883.54,273.34,883.54,273.34,295.0,9.69,881.37,274.39,2.410684550081127,matched,1
annealing_T=125_h=5,20260725-020716,49.0,71,883.1,273.53,883.1,273.53,271.0,9.29,881.37,274.39,1.931967908636188,matched,1
annealing_T=150_h=25,20260919-004123,24.0,71,882.79,272.58,882.79,272.58,121.0,6.21,881.37,274.39,2.300543414065445,matched,1
annealing_T=150_h=5,20260912-010115,33.0,71,881.42,273.51,881.42,273.51,86.0,5.23,881.37,274.39,0.8814193099768052,matched,1
annealing_T=75_h=25,20260602-133829,64.0,71,883.36,273.8,883.36,273.8,635.0,14.22,881.37,274.39,2.0756203891848832,matched,1
annealing_T=75_h=5,20260523-062735,72.0,71,883.4500000000002,274.36,883.45,274.36,617.0,14.01,881.37,274.39,2.0802163349038105,matched,1
before_annealing,20260516-064844,71.0,71,881.37,274.39,881.37,274.39,644.0,14.32,881.37,274.39,0.0,reference,1
annealing_T=100_h=5,20260613-015321,60.0,72,884.31,867.9900000000001,884.31,867.99,150.0,6.91,886.01,868.89,1.9235384061671108,matched,1
annealing_T=125_h=5,20260725-020716,50.0,72,883.61,868.0499999999998,883.61,868.05,136.0,6.58,886.01,868.89,2.5427544120500776,matched,1
annealing_T=75_h=25,20260602-133829,65.0,72,883.56,868.6,883.56,868.6,80.0,5.05,886.01,868.89,2.467103564911737,matched,1
annealing_T=75_h=5,20260523-062735,73.0,72,884.07,869.38,884.07,869.38,72.0,4.79,886.01,868.89,2.000924786192569,matched,1
before_annealing,20260516-064844,72.0,72,886.0099999999999,868.89,886.01,868.89,95.0,5.5,886.01,868.89,0.0,reference,1
annealing_T=100_h=25,20260629-230214,51.0,73,907.57,276.56,907.57,276.56,94.0,5.47,906.21,277.04,1.4422205101856147,matched,1
annealing_T=100_h=5,20260613-015321,61.0,73,908.09,276.34,908.09,276.34,92.0,5.41,906.21,277.04,2.006090725764926,matched,1
annealing_T=125_h=25,20260902-011233,36.0,73,908.64,276.6,908.64,276.6,102.0,5.7,906.21,277.04,2.469514122251532,matched,1
annealing_T=125_h=5,20260725-020716,51.0,73,908.62,276.06,908.62,276.06,89.0,5.32,906.21,277.04,2.601634101867494,matched,1
annealing_T=150_h=25,20260919-004123,25.0,73,907.96,275.12,907.96,275.12,79.0,5.01,906.21,277.04,2.597864507629307,matched,1
annealing_T=150_h=5,20260912-010115,34.0,73,906.86,276.48,906.86,276.48,90.0,5.35,906.21,277.04,0.8579627031520501,matched,1
annealing_T=75_h=25,20260602-133829,66.0,73,908.13,276.77,908.13,276.77,122.0,6.23,906.21,277.04,1.938891435846748,matched,1
annealing_T=75_h=5,20260523-062735,74.0,73,908.0099999999999,276.87,908.01,276.87,104.0,5.75,906.21,277.04,1.808009955724645,matched,1
before_annealing,20260516-064844,73.0,73,906.21,277.04,906.21,277.04,130.0,6.43,906.21,277.04,0.0,reference,1
annealing_T=100_h=25,20260629-230214,52.0,74,925.91,741.34,925.91,741.34,174.0,7.44,927.41,741.41,1.5016324450410596,matched,1
annealing_T=100_h=5,20260613-015321,62.0,74,926.5,740.5099999999999,926.5,740.51,201.0,8.0,927.41,741.41,1.279882807135132,matched,1
annealing_T=125_h=25,20260902-011233,37.0,74,927.7599999999999,740.5,927.76,740.5,114.0,6.02,927.41,741.41,0.974987179402826,matched,1
annealing_T=125_h=5,20260725-020716,52.0,74,926.19,740.4500000000002,926.19,740.45,352.0,10.59,927.41,741.41,1.5524174696258164,matched,1
annealing_T=150_h=25,20260919-004123,26.0,74,927.09,740.29,927.09,740.29,68.0,4.65,927.41,741.41,1.1648175822848699,matched,1
annealing_T=150_h=5,20260912-010115,35.0,74,927.67,740.75,927.67,740.75,216.0,8.29,927.41,741.41,0.709365914038695,matched,1
annealing_T=75_h=25,20260602-133829,67.0,74,925.79,741.1,925.79,741.1,214.0,8.25,927.41,741.41,1.6493938280471347,matched,1
annealing_T=75_h=5,20260523-062735,75.0,74,926.2999999999998,741.48,926.3,741.48,323.0,10.14,927.41,741.41,1.1122050170720728,matched,1
before_annealing,20260516-064844,74.0,74,927.41,741.41,927.41,741.41,245.0,8.83,927.41,741.41,0.0,reference,1
annealing_T=100_h=25,20260629-230214,53.0,75,933.5099999999999,978.85,933.51,978.85,441.0,11.85,936.48,978.98,2.9728437564057812,matched,1
annealing_T=100_h=5,20260613-015321,63.0,75,934.32,978.38,934.32,978.38,642.0,14.3,936.48,978.98,2.241785003072304,matched,1
annealing_T=125_h=25,20260902-011233,39.0,75,935.56,977.92,935.56,977.92,202.0,8.02,936.48,978.98,1.4035668847619123,matched,1
annealing_T=125_h=5,20260725-020716,54.0,75,933.82,978.16,933.82,978.16,295.0,9.69,936.48,978.98,2.7835229476330734,matched,1
annealing_T=150_h=25,20260919-004123,27.0,75,935.0099999999999,977.56,935.01,977.56,184.0,7.65,936.48,978.98,2.0438444167794723,matched,1
annealing_T=150_h=5,20260912-010115,37.0,75,936.73,977.83,936.73,977.83,183.0,7.63,936.48,978.98,1.1768602295939599,matched,1
annealing_T=75_h=25,20260602-133829,68.0,75,933.4,978.7000000000002,933.4,978.7,674.0,14.65,936.48,978.98,3.092701084812461,matched,1
annealing_T=75_h=5,20260523-062735,76.0,75,933.93,979.25,933.93,979.25,645.0,14.33,936.48,978.98,2.564254277563038,matched,1
before_annealing,20260516-064844,75.0,75,936.48,978.98,936.48,978.98,818.0,16.14,936.48,978.98,0.0,reference,1
annealing_T=100_h=25,20260629-230214,54.0,76,947.19,1042.98,947.19,1042.98,312.0,9.97,950.79,1041.82,3.782274448000771,matched,1
annealing_T=100_h=5,20260613-015321,64.0,76,948.15,1041.76,948.15,1041.76,340.0,10.4,950.79,1041.82,2.6406817301598315,matched,1
annealing_T=125_h=25,20260902-011233,40.0,76,950.48,1039.39,950.48,1039.39,290.0,9.61,950.79,1041.82,2.449693858423777,matched,1
annealing_T=125_h=5,20260725-020716,55.0,76,948.13,1039.36,948.13,1039.36,196.0,7.9,950.79,1041.82,3.6231478026710433,matched,1
annealing_T=150_h=25,20260919-004123,28.0,76,949.65,1040.63,949.65,1040.63,53.0,4.11,950.79,1041.82,1.6479381056336908,matched,1
annealing_T=150_h=5,20260912-010115,38.0,76,951.5300000000001,1040.01,951.53,1040.01,112.0,5.97,950.79,1041.82,1.9554283418218077,matched,1
annealing_T=75_h=25,20260602-133829,69.0,76,947.29,1041.05,947.29,1041.05,460.0,12.1,950.79,1041.82,3.5836992061276534,matched,1
annealing_T=75_h=5,20260523-062735,77.0,76,947.82,1041.95,947.82,1041.95,431.0,11.71,950.79,1041.82,2.972843756405559,matched,1
before_annealing,20260516-064844,76.0,76,950.79,1041.82,950.79,1041.82,398.0,11.26,950.79,1041.82,0.0,reference,1
annealing_T=100_h=25,20260629-230214,55.0,77,974.64,139.59,974.64,139.59,137.0,6.6,971.85,139.56,2.7901612856607048,matched,1
annealing_T=100_h=5,20260613-015321,65.0,77,974.59,139.1,974.59,139.1,282.0,9.47,971.85,139.56,2.778344831010013,matched,1
annealing_T=125_h=25,20260902-011233,41.0,77,974.79,138.7,974.79,138.7,239.0,8.72,971.85,139.56,3.063200940193065,matched,1
annealing_T=125_h=5,20260725-020716,56.0,77,974.4500000000002,139.18,974.45,139.18,137.0,6.6,971.85,139.56,2.62762249952323,matched,1
annealing_T=150_h=25,20260919-004123,29.0,77,974.5099999999999,138.62,974.51,138.62,184.0,7.65,971.85,139.56,2.821205416129641,matched,1
annealing_T=150_h=5,20260912-010115,39.0,77,972.92,139.0,972.92,139.0,156.0,7.05,971.85,139.56,1.2076837334334956,matched,1
annealing_T=75_h=25,20260602-133829,70.0,77,974.9,139.65,974.9,139.65,247.0,8.87,971.85,139.56,3.051327579923159,matched,1
annealing_T=75_h=5,20260523-062735,78.0,77,974.85,140.27,974.85,140.27,255.0,9.01,971.85,139.56,3.0828720375649734,matched,1
before_annealing,20260516-064844,77.0,77,971.85,139.56,971.85,139.56,264.0,9.17,971.85,139.56,0.0,reference,1
annealing_T=100_h=5,20260613-015321,67.0,78,978.9900000000001,701.68,978.99,701.68,46.0,3.83,978.63,702.59,0.9786214794292227,matched,1
annealing_T=75_h=25,20260602-133829,72.0,78,977.86,703.1,977.86,703.1,35.0,3.34,978.63,702.59,0.9235799911214853,matched,1
annealing_T=75_h=5,20260523-062735,79.0,78,977.98,702.9900000000001,977.98,702.99,119.0,6.15,978.63,702.59,0.7632168761237157,matched,1
before_annealing,20260516-064844,78.0,78,978.63,702.59,978.63,702.59,121.0,6.21,978.63,702.59,0.0,reference,1
annealing_T=100_h=25,20260629-230214,56.0,79,978.11,1062.23,978.11,1062.23,136.0,6.58,981.67,1061.92,3.573471701301072,matched,1
annealing_T=100_h=5,20260613-015321,66.0,79,978.96,1061.68,978.96,1061.68,218.0,8.33,981.67,1061.92,2.7206065500177687,matched,1
annealing_T=125_h=25,20260902-011233,42.0,79,980.62,1061.2,980.62,1061.2,117.0,6.1,981.67,1061.92,1.2731457104353545,matched,1
annealing_T=125_h=5,20260725-020716,57.0,79,978.36,1061.7,978.36,1061.7,106.0,5.81,981.67,1061.92,3.3173031215129636,matched,1
annealing_T=150_h=5,20260912-010115,40.0,79,981.89,1061.05,981.89,1061.05,106.0,5.81,981.67,1061.92,0.8973850901370145,matched,1
annealing_T=75_h=25,20260602-133829,71.0,79,977.81,1061.93,977.81,1061.93,527.0,12.95,981.67,1061.92,3.860012953346155,matched,1
annealing_T=75_h=5,20260523-062735,80.0,79,978.58,1062.54,978.58,1062.54,306.0,9.87,981.67,1061.92,3.151586901863783,matched,1
before_annealing,20260516-064844,79.0,79,981.67,1061.92,981.67,1061.92,356.0,10.65,981.67,1061.92,0.0,reference,1
annealing_T=100_h=25,20260629-230214,58.0,80,1005.2599999999999,765.68,1005.26,765.68,138.0,6.63,1006.51,765.42,1.2767536959023378,matched,1
annealing_T=100_h=5,20260613-015321,69.0,80,1005.59,765.0499999999998,1005.59,765.05,147.0,6.84,1006.51,765.42,0.9916148445843337,matched,1
annealing_T=125_h=25,20260902-011233,43.0,80,1006.48,764.7000000000002,1006.48,764.7,198.0,7.94,1006.51,765.42,0.7206247289676578,matched,1
annealing_T=125_h=5,20260725-020716,58.0,80,1005.2599999999999,765.07,1005.26,765.07,168.0,7.31,1006.51,765.42,1.298075498574802,matched,1
annealing_T=150_h=5,20260912-010115,41.0,80,1006.52,764.69,1006.52,764.69,198.0,7.94,1006.51,765.42,0.7300684899376636,matched,1
annealing_T=75_h=25,20260602-133829,74.0,80,1004.89,765.56,1004.89,765.56,294.0,9.67,1006.51,765.42,1.626038129934231,matched,1
annealing_T=75_h=5,20260523-062735,82.0,80,1005.33,766.0,1005.33,766.0,318.0,10.06,1006.51,765.42,1.3148383931114611,matched,1
before_annealing,20260516-064844,80.0,80,1006.5099999999999,765.42,1006.51,765.42,312.0,9.97,1006.51,765.42,0.0,reference,1
annealing_T=100_h=25,20260629-230214,59.0,81,1031.59,762.07,1031.59,762.07,357.0,10.66,1033.09,761.79,1.5259095648170138,matched,1
annealing_T=100_h=5,20260613-015321,70.0,81,1032.17,761.7199999999999,1032.17,761.72,428.0,11.67,1033.09,761.79,0.922659200354997,matched,1
annealing_T=125_h=25,20260902-011233,44.0,81,1033.18,761.54,1033.18,761.54,313.0,9.98,1033.09,761.79,0.26570660511177774,matched,1
annealing_T=125_h=5,20260725-020716,59.0,81,1031.79,761.7400000000001,1031.79,761.74,365.0,10.78,1033.09,761.79,1.3009611831257173,matched,1
annealing_T=150_h=25,20260919-004123,30.0,81,1032.11,760.82,1032.11,760.82,119.0,6.15,1033.09,761.79,1.3788763541376245,matched,1
annealing_T=150_h=5,20260912-010115,42.0,81,1033.22,761.1,1033.22,761.1,203.0,8.04,1033.09,761.79,0.7021395872616405,matched,1
annealing_T=75_h=25,20260602-133829,75.0,81,1031.69,762.04,1031.69,762.04,409.0,11.41,1033.09,761.79,1.4221462653326549,matched,1
annealing_T=75_h=5,20260523-062735,83.0,81,1031.96,762.73,1031.96,762.73,553.0,13.27,1033.09,761.79,1.4698639392814001,matched,1
before_annealing,20260516-064844,81.0,81,1033.09,761.79,1033.09,761.79,483.0,12.4,1033.09,761.79,0.0,reference,1
annealing_T=100_h=25,20260629-230214,60.0,82,1059.43,683.58,1059.43,683.58,135.0,6.56,1060.75,682.96,1.4583552379306757,matched,1
annealing_T=100_h=5,20260613-015321,71.0,82,1059.62,682.98,1059.62,682.98,127.0,6.36,1060.75,682.96,1.1301769772917187,matched,1
annealing_T=125_h=25,20260902-011233,45.0,82,1060.75,682.52,1060.75,682.52,53.0,4.11,1060.75,682.96,0.44000000000005457,matched,1
annealing_T=75_h=25,20260602-133829,76.0,82,1059.53,683.62,1059.53,683.62,128.0,6.38,1060.75,682.96,1.3870832707519851,matched,1
annealing_T=75_h=5,20260523-062735,84.0,82,1060.03,684.14,1060.03,684.14,157.0,7.07,1060.75,682.96,1.3823168956501695,matched,1
before_annealing,20260516-064844,82.0,82,1060.75,682.96,1060.75,682.96,133.0,6.51,1060.75,682.96,0.0,reference,1
annealing_T=100_h=25,20260629-230214,61.0,83,1068.17,854.83,1068.17,854.83,322.0,10.12,1070.25,854.16,2.1852459815773133,matched,1
annealing_T=100_h=5,20260613-015321,72.0,83,1068.78,854.36,1068.78,854.36,371.0,10.87,1070.25,854.16,1.4835430563351029,matched,1
annealing_T=125_h=25,20260902-011233,46.0,83,1070.03,853.94,1070.03,853.94,330.0,10.25,1070.25,854.16,0.3111269837220391,matched,1
annealing_T=125_h=5,20260725-020716,60.0,83,1068.4,854.37,1068.4,854.37,353.0,10.6,1070.25,854.16,1.8618807695445159,matched,1
annealing_T=150_h=25,20260919-004123,31.0,83,1069.76,853.35,1069.76,853.35,89.0,5.32,1070.25,854.16,0.9466784036830673,matched,1
annealing_T=150_h=5,20260912-010115,43.0,83,1070.5,853.29,1070.5,853.29,185.0,7.67,1070.25,854.16,0.9052071586106729,matched,1
annealing_T=75_h=25,20260602-133829,77.0,83,1068.0,854.9,1068.0,854.9,409.0,11.41,1070.25,854.16,2.3685649663878787,matched,1
annealing_T=75_h=5,20260523-062735,85.0,83,1068.47,855.37,1068.47,855.37,420.0,11.56,1070.25,854.16,2.1523243250030863,matched,1
before_annealing,20260516-064844,83.0,83,1070.25,854.16,1070.25,854.16,385.0,11.07,1070.25,854.16,0.0,reference,1
annealing_T=100_h=25,20260629-230214,62.0,84,1084.46,489.35999999999996,1084.46,489.36,89.0,5.32,1084.08,488.37,1.0604244433244587,matched,1
before_annealing,20260516-064844,84.0,84,1084.08,488.37000000000006,1084.08,488.37,118.0,6.13,1084.08,488.37,0.0,reference,1
annealing_T=100_h=25,20260629-230214,63.0,85,1093.57,324.64,1093.57,324.64,91.0,5.38,1092.74,323.56,1.3620939761998234,matched,1
annealing_T=100_h=5,20260613-015321,73.0,85,1094.2,323.8,1094.2,323.8,119.0,6.15,1092.74,323.56,1.4795945390545717,matched,1
annealing_T=125_h=25,20260902-011233,47.0,85,1094.93,323.45,1094.93,323.45,97.0,5.56,1092.74,323.56,2.192760816869966,matched,1
annealing_T=125_h=5,20260725-020716,61.0,85,1094.45,323.76,1094.45,323.76,126.0,6.33,1092.74,323.56,1.7216561793808076,matched,1
annealing_T=150_h=5,20260912-010115,44.0,85,1093.52,322.78,1093.52,322.78,64.0,4.51,1092.74,323.56,1.1030865786510158,matched,1
annealing_T=75_h=25,20260602-133829,78.0,85,1094.22,324.26,1094.22,324.26,161.0,7.16,1092.74,323.56,1.6371927192606366,matched,1
annealing_T=75_h=5,20260523-062735,86.0,85,1094.31,324.84,1094.31,324.84,178.0,7.53,1092.74,323.56,2.025660386145647,matched,1
before_annealing,20260516-064844,85.0,85,1092.74,323.56,1092.74,323.56,170.0,7.36,1092.74,323.56,0.0,reference,1
annealing_T=100_h=5,20260613-015321,74.0,86,1096.64,254.4,1096.64,254.4,56.0,4.22,1095.35,253.98,1.3566502865515881,matched,1
annealing_T=75_h=25,20260602-133829,79.0,86,1097.52,255.06000000000003,1097.52,255.06,46.0,3.83,1095.35,253.98,2.423901813193019,matched,1
annealing_T=75_h=5,20260523-062735,87.0,86,1097.34,256.76,1097.34,256.76,41.0,3.61,1095.35,253.98,3.418844834150863,matched,1
before_annealing,20260516-064844,86.0,86,1095.35,253.98,1095.35,253.98,49.0,3.95,1095.35,253.98,0.0,reference,1
annealing_T=100_h=5,20260613-015321,75.0,87,1108.23,381.45,1108.23,381.45,60.0,4.37,1107.33,381.66,0.9241753080450587,matched,1
annealing_T=75_h=25,20260602-133829,80.0,87,1108.94,382.52,1108.94,382.52,48.0,3.91,1107.33,381.66,1.8252944967868434,matched,1
annealing_T=75_h=5,20260523-062735,88.0,87,1109.71,382.67,1109.71,382.67,61.0,4.41,1107.33,381.66,2.585440001237797,matched,1
before_annealing,20260516-064844,87.0,87,1107.33,381.66,1107.33,381.66,61.0,4.41,1107.33,381.66,0.0,reference,1
annealing_T=75_h=5,20260523-062735,90.0,88,1111.14,282.22,1111.14,282.22,176.0,7.48,1109.27,280.53,2.520515820224231,matched,1
before_annealing,20260516-064844,88.0,88,1109.27,280.53,1109.27,280.53,188.0,7.74,1109.27,280.53,0.0,reference,1
annealing_T=100_h=25,20260629-230214,65.0,89,1110.16,794.83,1110.16,794.83,319.0,10.08,1112.02,793.94,2.061965082148484,matched,1
annealing_T=100_h=5,20260613-015321,76.0,89,1110.92,794.32,1110.92,794.32,292.0,9.64,1112.02,793.94,1.163786922078005,matched,1
annealing_T=125_h=25,20260902-011233,48.0,89,1112.11,793.84,1112.11,793.84,130.0,6.43,1112.02,793.94,0.13453624047069926,matched,1
annealing_T=125_h=5,20260725-020716,62.0,89,1110.42,794.25,1110.42,794.25,373.0,10.9,1112.02,793.94,1.629754582751549,matched,1
annealing_T=150_h=25,20260919-004123,32.0,89,1111.27,794.15,1111.27,794.15,79.0,5.01,1112.02,793.94,0.7788452991448094,matched,1
annealing_T=75_h=25,20260602-133829,81.0,89,1110.14,794.94,1110.14,794.94,408.0,11.4,1112.02,793.94,2.129413064672882,matched,1
annealing_T=75_h=5,20260523-062735,89.0,89,1110.65,795.38,1110.65,795.38,398.0,11.26,1112.02,793.94,1.987586476106016,matched,1
before_annealing,20260516-064844,89.0,89,1112.02,793.94,1112.02,793.94,529.0,12.98,1112.02,793.94,0.0,reference,1
annealing_T=100_h=25,20260629-230214,66.0,90,1118.45,919.2400000000001,1118.45,919.24,213.0,8.23,1121.13,918.17,2.885706152746792,matched,1
annealing_T=75_h=25,20260602-133829,82.0,90,1118.37,919.6,1118.37,919.6,85.0,5.2,1121.13,918.17,3.108456208474134,matched,1
annealing_T=75_h=5,20260523-062735,91.0,90,1119.03,919.7400000000001,1119.03,919.74,169.0,7.33,1121.13,918.17,2.622003051104458,matched,1
before_annealing,20260516-064844,90.0,90,1121.13,918.17,1121.13,918.17,183.0,7.63,1121.13,918.17,0.0,reference,1
annealing_T=100_h=25,20260629-230214,68.0,91,1185.72,34.19,1185.72,34.19,353.0,10.6,1181.97,33.3,3.8541665765765756,matched,1
annealing_T=100_h=5,20260613-015321,79.0,91,1185.15,34.02,1185.15,34.02,263.0,9.15,1181.97,33.3,3.260490760606509,matched,1
annealing_T=125_h=25,20260902-011233,49.0,91,1183.99,34.06,1183.99,34.06,72.0,4.79,1181.97,33.3,2.1582400237230184,matched,1
annealing_T=125_h=5,20260725-020716,64.0,91,1185.8,33.85,1185.8,33.85,247.0,8.87,1181.97,33.3,3.869289340434422,matched,1
annealing_T=150_h=5,20260912-010115,45.0,91,1179.07,36.73,1179.07,36.73,67.0,4.62,1181.97,33.3,4.49164780453683,matched,1
annealing_T=75_h=25,20260602-133829,86.0,91,1185.48,35.11,1185.48,35.11,240.0,8.74,1181.97,33.3,3.949202451128575,matched,1
annealing_T=75_h=5,20260523-062735,93.0,91,1185.81,35.23,1185.81,35.23,245.0,8.83,1181.97,33.3,4.297731959999294,matched,1
before_annealing,20260516-064844,91.0,91,1181.97,33.3,1181.97,33.3,269.0,9.25,1181.97,33.3,0.0,reference,1
annealing_T=100_h=5,20260613-015321,78.0,92,1183.91,909.73,1183.91,909.73,86.0,5.23,1186.01,909.29,2.145600149142348,matched,1
annealing_T=125_h=5,20260725-020716,63.0,92,1183.58,909.94,1183.58,909.94,53.0,4.11,1186.01,909.29,2.5154323684011914,matched,1
annealing_T=75_h=25,20260602-133829,84.0,92,1183.85,910.7999999999998,1183.85,910.8,102.0,5.7,1186.01,909.29,2.6354695976239193,matched,1
annealing_T=75_h=5,20260523-062735,92.0,92,1184.16,911.06,1184.16,911.06,137.0,6.6,1186.01,909.29,2.560351538363355,matched,1
before_annealing,20260516-064844,92.0,92,1186.01,909.29,1186.01,909.29,117.0,6.1,1186.01,909.29,0.0,reference,1
annealing_T=100_h=25,20260629-230214,69.0,93,1187.34,758.7199999999999,1187.34,758.72,94.0,5.47,1189.23,757.63,2.1817882573705907,matched,1
annealing_T=100_h=5,20260613-015321,80.0,93,1188.31,758.5499999999998,1188.31,758.55,95.0,5.5,1189.23,757.63,1.3010764773831895,matched,1
annealing_T=125_h=5,20260725-020716,65.0,93,1187.93,758.2599999999999,1187.93,758.26,121.0,6.21,1189.23,757.63,1.444610674195554,matched,1
annealing_T=75_h=25,20260602-133829,87.0,93,1187.45,759.19,1187.45,759.19,112.0,5.97,1189.23,757.63,2.3668544526438646,matched,1
annealing_T=75_h=5,20260523-062735,94.0,93,1187.91,759.67,1187.91,759.67,143.0,6.75,1189.23,757.63,2.4298148077579254,matched,1
before_annealing,20260516-064844,93.0,93,1189.23,757.63,1189.23,757.63,148.0,6.86,1189.23,757.63,0.0,reference,1
annealing_T=100_h=25,20260629-230214,70.0,94,1201.93,203.5,1201.93,203.5,60.0,4.37,1200.28,202.74,1.8166177363441893,matched,1
annealing_T=125_h=25,20260902-011233,50.0,94,1202.66,201.26,1202.66,201.26,36.0,3.39,1200.28,202.74,2.8026416110520755,matched,1
annealing_T=125_h=5,20260725-020716,66.0,94,1202.02,202.26,1202.02,202.26,46.0,3.83,1200.28,202.74,1.8049930747789724,matched,1
annealing_T=75_h=25,20260602-133829,88.0,94,1202.92,204.62,1202.92,204.62,52.0,4.07,1200.28,202.74,3.2409875038328226,matched,1
annealing_T=75_h=5,20260523-062735,95.0,94,1202.92,204.17,1202.92,204.17,42.0,3.66,1200.28,202.74,3.0024156940704376,matched,1
before_annealing,20260516-064844,94.0,94,1200.28,202.74,1200.28,202.74,34.0,3.29,1200.28,202.74,0.0,reference,1
annealing_T=100_h=25,20260629-230214,71.0,95,1216.64,694.91,1216.64,694.91,43.0,3.7,1218.04,693.05,2.3280034364235096,matched,1
annealing_T=100_h=5,20260613-015321,81.0,95,1218.16,694.19,1218.16,694.19,43.0,3.7,1218.04,693.05,1.1462983904726798,matched,1
annealing_T=150_h=5,20260912-010115,46.0,95,1218.24,693.9699999999999,1218.24,693.97,37.0,3.43,1218.04,693.05,0.9414881836751553,matched,1
annealing_T=75_h=25,20260602-133829,89.0,95,1216.77,695.31,1216.77,695.31,149.0,6.89,1218.04,693.05,2.592392717163029,matched,1
annealing_T=75_h=5,20260523-062735,96.0,95,1217.33,695.4,1217.33,695.4,166.0,7.27,1218.04,693.05,2.4549134404292463,matched,1
before_annealing,20260516-064844,95.0,95,1218.04,693.0499999999998,1218.04,693.05,194.0,7.86,1218.04,693.05,0.0,reference,1
annealing_T=100_h=25,20260629-230214,72.0,96,1228.96,82.16,1228.96,82.16,226.0,8.48,1226.34,80.12,3.3205421244129076,matched,1
annealing_T=100_h=5,20260613-015321,82.0,96,1229.13,80.84,1229.13,80.84,107.0,5.84,1226.34,80.12,2.8814059068449667,matched,1
annealing_T=125_h=5,20260725-020716,67.0,96,1229.68,81.28,1229.68,81.28,190.0,7.78,1226.34,80.12,3.535703607487619,matched,1
annealing_T=75_h=25,20260602-133829,90.0,96,1229.9,82.56,1229.9,82.56,219.0,8.35,1226.34,80.12,4.315924003038193,matched,1
annealing_T=75_h=5,20260523-062735,97.0,96,1229.52,82.12,1229.52,82.12,120.0,6.18,1226.34,80.12,3.7566474415361903,matched,1
before_annealing,20260516-064844,96.0,96,1226.34,80.12,1226.34,80.12,239.0,8.72,1226.34,80.12,0.0,reference,1
annealing_T=100_h=25,20260629-230214,73.0,97,1234.95,903.48,1234.95,903.48,108.0,5.86,1237.79,901.75,3.3254323027239026,matched,1
annealing_T=100_h=5,20260613-015321,83.0,97,1236.16,902.75,1236.16,902.75,165.0,7.25,1237.79,901.75,1.9123022773608818,matched,1
annealing_T=125_h=25,20260902-011233,51.0,97,1237.36,901.7800000000001,1237.36,901.78,122.0,6.23,1237.79,901.75,0.4310452412451156,matched,1
annealing_T=125_h=5,20260725-020716,68.0,97,1235.6,902.7800000000001,1235.6,902.78,186.0,7.69,1237.79,901.75,2.4201239637672316,matched,1
annealing_T=150_h=25,20260919-004123,33.0,97,1237.47,901.41,1237.47,901.41,31.0,3.14,1237.79,901.75,0.4669047011971296,matched,1
annealing_T=150_h=5,20260912-010115,47.0,97,1237.38,901.15,1237.38,901.15,65.0,4.55,1237.79,901.75,0.7267048919609032,matched,1
annealing_T=75_h=25,20260602-133829,91.0,97,1235.19,903.59,1235.19,903.59,214.0,8.25,1237.79,901.75,3.185215848258897,matched,1
annealing_T=75_h=5,20260523-062735,98.0,97,1235.54,903.9,1235.54,903.9,252.0,8.96,1237.79,901.75,3.1120732639190716,matched,1
before_annealing,20260516-064844,97.0,97,1237.79,901.75,1237.79,901.75,249.0,8.9,1237.79,901.75,0.0,reference,1
annealing_T=100_h=25,20260629-230214,75.0,98,1239.84,850.14,1239.84,850.14,141.0,6.7,1241.81,848.42,2.6152055368556026,matched,1
annealing_T=100_h=5,20260613-015321,84.0,98,1240.29,849.2199999999999,1240.29,849.22,115.0,6.05,1241.81,848.42,1.7176728442866738,matched,1
annealing_T=75_h=25,20260602-133829,92.0,98,1239.66,850.07,1239.66,850.07,103.0,5.73,1241.81,848.42,2.7101660465734776,matched,1
annealing_T=75_h=5,20260523-062735,99.0,98,1240.42,850.56,1240.42,850.56,112.0,5.97,1241.81,848.42,2.551803283954229,matched,1
before_annealing,20260516-064844,98.0,98,1241.81,848.42,1241.81,848.42,133.0,6.51,1241.81,848.42,0.0,reference,1
annealing_T=75_h=25,20260602-133829,93.0,99,1266.06,983.87,1266.06,983.87,45.0,3.78,1270.06,981.94,4.441272340219614,matched,1
annealing_T=75_h=5,20260523-062735,100.0,99,1267.36,985.02,1267.36,985.02,65.0,4.55,1270.06,981.94,4.095900389413761,matched,1
before_annealing,20260516-064844,99.0,99,1270.06,981.94,1270.06,981.94,49.0,3.95,1270.06,981.94,0.0,reference,1
annealing_T=100_h=25,20260629-230214,76.0,100,1278.11,558.42,1278.11,558.42,233.0,8.61,1278.54,556.42,2.0457028132160486,matched,1
annealing_T=100_h=5,20260613-015321,85.0,100,1278.36,557.84,1278.36,557.84,236.0,8.67,1278.54,556.42,1.4313629868067113,matched,1
annealing_T=125_h=25,20260902-011233,52.0,100,1279.44,557.02,1279.44,557.02,143.0,6.75,1278.54,556.42,1.081665382639285,matched,1
annealing_T=125_h=5,20260725-020716,69.0,100,1277.8,557.87,1277.8,557.87,120.0,6.18,1278.54,556.42,1.6279127740761006,matched,1
annealing_T=75_h=25,20260602-133829,94.0,100,1278.73,558.75,1278.73,558.75,252.0,8.96,1278.54,556.42,2.337733945512237,matched,1
annealing_T=75_h=5,20260523-062735,101.0,100,1278.65,559.11,1278.65,559.11,274.0,9.34,1278.54,556.42,2.692248131209366,matched,1
before_annealing,20260516-064844,100.0,100,1278.54,556.42,1278.54,556.42,350.0,10.56,1278.54,556.42,0.0,reference,1
annealing_T=100_h=25,20260629-230214,77.0,101,1303.43,256.14,1303.43,256.14,210.0,8.18,1301.72,253.54,3.11192866242144,matched,1
annealing_T=100_h=5,20260613-015321,86.0,101,1303.81,254.98,1303.81,254.98,207.0,8.12,1301.72,253.54,2.5380504329109876,matched,1
annealing_T=125_h=25,20260902-011233,53.0,101,1304.47,254.35,1304.47,254.35,114.0,6.02,1301.72,253.54,2.8668100739323497,matched,1
annealing_T=125_h=5,20260725-020716,70.0,101,1303.68,255.33,1303.68,255.33,212.0,8.21,1301.72,253.54,2.6543737491167696,matched,1
annealing_T=150_h=25,20260919-004123,34.0,101,1303.84,254.47,1303.84,254.47,160.0,7.14,1301.72,253.54,2.315016198647333,matched,1
annealing_T=150_h=5,20260912-010115,48.0,101,1302.7,253.4,1302.7,253.4,219.0,8.35,1301.72,253.54,0.9899494936611826,matched,1
annealing_T=75_h=25,20260602-133829,95.0,101,1304.09,256.07,1304.09,256.07,199.0,7.96,1301.72,253.54,3.466669871793316,matched,1
annealing_T=75_h=5,20260523-062735,102.0,101,1304.23,256.09,1304.23,256.09,198.0,7.94,1301.72,253.54,3.5780721065959344,matched,1
before_annealing,20260516-064844,101.0,101,1301.72,253.54,1301.72,253.54,215.0,8.27,1301.72,253.54,0.0,reference,1
annealing_T=75_h=5,20260523-062735,103.0,102,1339.66,200.12,1339.66,200.12,136.0,6.58,1337.29,197.47,3.5551933843323615,matched,1
before_annealing,20260516-064844,102.0,102,1337.29,197.47,1337.29,197.47,94.0,5.47,1337.29,197.47,0.0,reference,1
annealing_T=100_h=25,20260629-230214,78.0,103,1344.7,547.8,1344.7,547.8,189.0,7.76,1344.84,544.93,2.8734126052483293,matched,1
annealing_T=100_h=5,20260613-015321,87.0,103,1345.17,547.11,1345.17,547.11,177.0,7.51,1344.84,544.93,2.204835594778073,matched,1
annealing_T=125_h=25,20260902-011233,54.0,103,1345.82,546.17,1345.82,546.17,142.0,6.72,1344.84,544.93,1.5805062480104461,matched,1
annealing_T=125_h=5,20260725-020716,71.0,103,1344.99,547.35,1344.99,547.35,145.0,6.79,1344.84,544.93,2.424644303810433,matched,1
annealing_T=150_h=25,20260919-004123,35.0,103,1345.66,546.03,1345.66,546.03,97.0,5.56,1344.84,544.93,1.3720058308915157,matched,1
annealing_T=150_h=5,20260912-010115,49.0,103,1345.31,545.07,1345.31,545.07,101.0,5.67,1344.84,544.93,0.4904079934096238,matched,1
annealing_T=75_h=25,20260602-133829,96.0,103,1344.89,548.02,1344.89,548.02,190.0,7.78,1344.84,544.93,3.090404504268044,matched,1
annealing_T=75_h=5,20260523-062735,104.0,103,1344.76,548.16,1344.76,548.16,130.0,6.43,1344.84,544.93,3.2309905601843076,matched,1
before_annealing,20260516-064844,103.0,103,1344.84,544.93,1344.84,544.93,143.0,6.75,1344.84,544.93,0.0,reference,1
annealing_T=100_h=25,20260629-230214,79.0,104,1347.01,134.71,1347.01,134.71,225.0,8.46,1345.09,131.86,3.436408008371568,matched,1
annealing_T=100_h=5,20260613-015321,88.0,104,1347.64,133.63,1347.64,133.63,217.0,8.31,1345.09,131.86,3.10409407073962,matched,1
annealing_T=125_h=5,20260725-020716,72.0,104,1347.75,133.91,1347.75,133.91,204.0,8.06,1345.09,131.86,3.3582882544535044,matched,1
before_annealing,20260516-064844,104.0,104,1345.09,131.86,1345.09,131.86,161.0,7.16,1345.09,131.86,0.0,reference,1
annealing_T=75_h=5,20260523-062735,105.0,105,1345.76,795.19,1345.76,795.19,53.0,4.11,1346.91,791.26,4.094801582494652,matched,1
before_annealing,20260516-064844,105.0,105,1346.91,791.2599999999999,1346.91,791.26,85.0,5.2,1346.91,791.26,0.0,reference,1
annealing_T=100_h=25,20260629-230214,80.0,106,1351.59,253.26,1351.59,253.26,62.0,4.44,1350.48,250.82,2.6806156009394124,matched,1
annealing_T=100_h=5,20260613-015321,89.0,106,1352.2,253.0,1352.2,253.0,111.0,5.94,1350.48,250.82,2.77683272812752,matched,1
annealing_T=125_h=25,20260902-011233,55.0,106,1352.72,252.26,1352.72,252.26,70.0,4.72,1350.48,250.82,2.6629307163349245,matched,1
annealing_T=125_h=5,20260725-020716,73.0,106,1352.55,252.96,1352.55,252.96,41.0,3.61,1350.48,250.82,2.977331019554225,matched,1
annealing_T=150_h=25,20260919-004123,36.0,106,1352.98,251.67,1352.98,251.67,59.0,4.33,1350.48,250.82,2.6405491853021767,matched,1
annealing_T=75_h=25,20260602-133829,97.0,106,1353.38,254.19999999999996,1353.38,254.2,124.0,6.28,1350.48,250.82,4.453582827342532,matched,1
annealing_T=75_h=5,20260523-062735,106.0,106,1352.92,254.26,1352.92,254.26,130.0,6.43,1350.48,250.82,4.217487403656382,matched,1
before_annealing,20260516-064844,106.0,106,1350.48,250.82000000000002,1350.48,250.82,113.0,6.0,1350.48,250.82,0.0,reference,1
annealing_T=100_h=25,20260629-230214,81.0,107,1361.69,43.02,1361.69,43.02,273.0,9.32,1358.78,40.43,3.8956642565807047,matched,1
annealing_T=100_h=5,20260613-015321,90.0,107,1361.76,42.31,1361.76,42.31,318.0,10.06,1358.78,40.43,3.5234642044442737,matched,1
annealing_T=125_h=25,20260902-011233,56.0,107,1361.44,41.23,1361.44,41.23,71.0,4.75,1358.78,40.43,2.77769688771119,matched,1
annealing_T=125_h=5,20260725-020716,74.0,107,1361.96,42.55,1361.96,42.55,256.0,9.03,1358.78,40.43,3.8218843519918804,matched,1
annealing_T=150_h=5,20260912-010115,50.0,107,1359.82,40.34,1359.82,40.34,175.0,7.46,1358.78,40.43,1.0438869670610529,matched,1
annealing_T=75_h=25,20260602-133829,98.0,107,1362.39,43.35,1362.39,43.35,340.0,10.4,1358.78,40.43,4.643113179753529,matched,1
annealing_T=75_h=5,20260523-062735,107.0,107,1362.42,43.59,1362.42,43.59,312.0,9.97,1358.78,40.43,4.820290447680591,matched,1
before_annealing,20260516-064844,107.0,107,1358.78,40.43,1358.78,40.43,344.0,10.46,1358.78,40.43,0.0,reference,1
annealing_T=100_h=25,20260629-230214,83.0,108,1365.32,577.03,1365.32,577.03,110.0,5.92,1365.73,574.96,2.1102132593649876,matched,1
annealing_T=100_h=5,20260613-015321,92.0,108,1366.51,577.35,1366.51,577.35,45.0,3.78,1365.73,574.96,2.514060460689021,matched,1
annealing_T=125_h=5,20260725-020716,76.0,108,1365.5999999999997,576.49,1365.6,576.49,132.0,6.48,1365.73,574.96,1.535512943612005,matched,1
annealing_T=75_h=25,20260602-133829,100.0,108,1365.79,577.48,1365.79,577.48,118.0,6.13,1365.73,574.96,2.520714184511981,matched,1
annealing_T=75_h=5,20260523-062735,109.0,108,1365.7699999999998,577.69,1365.77,577.69,115.0,6.05,1365.73,574.96,2.7302930245671577,matched,1
before_annealing,20260516-064844,108.0,108,1365.7300000000002,574.96,1365.73,574.96,64.0,4.51,1365.73,574.96,0.0,reference,1
annealing_T=100_h=25,20260629-230214,82.0,109,1364.73,984.52,1364.73,984.52,196.0,7.9,1367.79,982.0,3.9640887981980897,matched,1
annealing_T=100_h=5,20260613-015321,91.0,109,1365.5600000000002,983.65,1365.56,983.65,339.0,10.39,1367.79,982.0,2.774058398808322,matched,1
annealing_T=125_h=25,20260902-011233,57.0,109,1367.24,983.06,1367.24,983.06,131.0,6.46,1367.79,982.0,1.1941942890500834,matched,1
annealing_T=125_h=5,20260725-020716,75.0,109,1364.92,984.0499999999998,1364.92,984.05,200.0,7.98,1367.79,982.0,3.5269533594872957,matched,1
annealing_T=150_h=25,20260919-004123,37.0,109,1366.58,983.75,1366.58,983.75,39.0,3.52,1367.79,982.0,2.1275807857752635,matched,1
annealing_T=150_h=5,20260912-010115,51.0,109,1369.2,982.12,1369.2,982.12,43.0,3.7,1367.79,982.0,1.4150971698085726,matched,1
annealing_T=75_h=25,20260602-133829,99.0,109,1364.43,984.81,1364.43,984.81,304.0,9.84,1367.79,982.0,4.380148399312405,matched,1
annealing_T=75_h=5,20260523-062735,108.0,109,1365.33,985.08,1365.33,985.08,325.0,10.17,1367.79,982.0,3.9418269875782768,matched,1
before_annealing,20260516-064844,109.0,109,1367.79,982.0,1367.79,982.0,353.0,10.6,1367.79,982.0,0.0,reference,1
annealing_T=100_h=25,20260629-230214,84.0,110,1382.04,1034.98,1382.04,1034.98,118.0,6.13,1384.95,1032.11,4.087175063537303,matched,1
annealing_T=100_h=5,20260613-015321,93.0,110,1382.3,1034.27,1382.3,1034.27,156.0,7.05,1384.95,1032.11,3.4187863343591443,matched,1
annealing_T=125_h=25,20260902-011233,58.0,110,1383.95,1033.69,1383.95,1033.69,39.0,3.52,1384.95,1032.11,1.869866305381347,matched,1
annealing_T=125_h=5,20260725-020716,77.0,110,1382.01,1034.37,1382.01,1034.37,63.0,4.48,1384.95,1032.11,3.7082610479846587,matched,1
annealing_T=75_h=25,20260602-133829,101.0,110,1381.55,1035.14,1381.55,1035.14,226.0,8.48,1384.95,1032.11,4.554217825269432,matched,1
annealing_T=75_h=5,20260523-062735,110.0,110,1381.95,1035.14,1381.95,1035.14,207.0,8.12,1384.95,1032.11,4.263906659391269,matched,1
before_annealing,20260516-064844,110.0,110,1384.95,1032.11,1384.95,1032.11,217.0,8.31,1384.95,1032.11,0.0,reference,1
annealing_T=100_h=25,20260629-230214,86.0,111,1403.38,34.92,1403.38,34.92,120.0,6.18,1400.4,32.0,4.1721457309159415,matched,1
annealing_T=100_h=5,20260613-015321,96.0,111,1403.7300000000002,34.01,1403.73,34.01,96.0,5.53,1400.4,32.0,3.8896015220072377,matched,1
annealing_T=125_h=5,20260725-020716,80.0,111,1403.8499999999997,34.04,1403.85,34.04,59.0,4.33,1400.4,32.0,4.008004491015095,matched,1
annealing_T=75_h=25,20260602-133829,104.0,111,1404.11,35.6,1404.11,35.6,112.0,5.97,1400.4,32.0,5.169535762522452,matched,1
annealing_T=75_h=5,20260523-062735,113.0,111,1403.76,35.29,1403.76,35.29,137.0,6.6,1400.4,32.0,4.702520600699089,matched,1
before_annealing,20260516-064844,111.0,111,1400.4000000000003,32.0,1400.4,32.0,247.0,8.87,1400.4,32.0,0.0,reference,1
annealing_T=100_h=25,20260629-230214,85.0,112,1399.91,769.23,1399.91,769.23,144.0,6.77,1401.57,766.06,3.578337602854149,matched,1
annealing_T=100_h=5,20260613-015321,95.0,112,1400.5999999999997,768.13,1400.6,768.13,279.0,9.42,1401.57,766.06,2.2860008748906244,matched,1
annealing_T=125_h=25,20260902-011233,59.0,112,1401.61,767.27,1401.61,767.27,251.0,8.94,1401.57,766.06,1.2106609764918026,matched,1
annealing_T=125_h=5,20260725-020716,79.0,112,1400.63,768.2599999999999,1400.63,768.26,111.0,5.94,1401.57,766.06,2.392404648047519,matched,1
annealing_T=150_h=5,20260912-010115,52.0,112,1401.8,765.9500000000002,1401.8,765.95,143.0,6.75,1401.57,766.06,0.25495097567956343,matched,1
annealing_T=75_h=25,20260602-133829,103.0,112,1400.0199999999998,769.2199999999999,1400.02,769.22,247.0,8.87,1401.57,766.06,3.519673280291846,matched,1
annealing_T=75_h=5,20260523-062735,112.0,112,1400.45,769.37,1400.45,769.37,291.0,9.62,1401.57,766.06,3.494352586674697,matched,1
before_annealing,20260516-064844,112.0,112,1401.57,766.06,1401.57,766.06,299.0,9.76,1401.57,766.06,0.0,reference,1
annealing_T=100_h=25,20260629-230214,87.0,113,1438.11,629.6,1438.11,629.6,51.0,4.03,1439.58,625.9,3.9813188769552754,matched,1
annealing_T=100_h=5,20260613-015321,97.0,113,1439.09,628.37,1439.09,628.37,62.0,4.44,1439.58,625.9,2.5181342299409186,matched,1
annealing_T=125_h=5,20260725-020716,81.0,113,1438.04,629.6,1438.04,629.6,30.0,3.09,1439.58,625.9,4.007692602982448,matched,1
annealing_T=150_h=25,20260919-004123,38.0,113,1439.57,627.62,1439.57,627.62,134.0,6.53,1439.58,625.9,1.7200290695218188,matched,1
annealing_T=75_h=25,20260602-133829,105.0,113,1438.7300000000002,629.88,1438.73,629.88,195.0,7.88,1439.58,625.9,4.069754292337512,matched,1
annealing_T=75_h=5,20260523-062735,114.0,113,1439.07,629.61,1439.07,629.61,207.0,8.12,1439.58,625.9,3.7448898515177,matched,1
before_annealing,20260516-064844,113.0,113,1439.58,625.9,1439.58,625.9,205.0,8.08,1439.58,625.9,0.0,reference,1
annealing_T=100_h=5,20260613-015321,99.0,114,1448.71,586.56,1448.71,586.56,78.0,4.98,1448.73,584.47,2.0900956915891813,matched,1
annealing_T=75_h=25,20260602-133829,106.0,114,1448.1899999999998,587.89,1448.19,587.89,110.0,5.92,1448.73,584.47,3.4623691311008313,matched,1
annealing_T=75_h=5,20260523-062735,115.0,114,1449.01,587.9,1449.01,587.9,88.0,5.29,1448.73,584.47,3.441409594918867,matched,1
before_annealing,20260516-064844,114.0,114,1448.7300000000002,584.47,1448.73,584.47,100.0,5.64,1448.73,584.47,0.0,reference,1
annealing_T=100_h=25,20260629-230214,89.0,115,1454.04,498.44,1454.04,498.44,87.0,5.26,1453.74,495.49,2.9652150006365314,matched,1
annealing_T=100_h=5,20260613-015321,100.0,115,1454.78,497.25,1454.78,497.25,109.0,5.89,1453.74,495.49,2.0443091742688755,matched,1
annealing_T=125_h=5,20260725-020716,82.0,115,1454.84,498.79,1454.84,498.79,39.0,3.52,1453.74,495.49,3.4785054261851993,matched,1
annealing_T=75_h=25,20260602-133829,107.0,115,1454.4000000000003,499.16,1454.4,499.16,100.0,5.64,1453.74,495.49,3.7288738246286273,matched,1
annealing_T=75_h=5,20260523-062735,116.0,115,1454.12,499.28,1454.12,499.28,103.0,5.73,1453.74,495.49,3.809002494092073,matched,1
before_annealing,20260516-064844,115.0,115,1453.74,495.49,1453.74,495.49,110.0,5.92,1453.74,495.49,0.0,reference,1
annealing_T=100_h=25,20260629-230214,90.0,116,1457.5199999999998,439.05,1457.52,439.05,76.0,4.92,1456.78,436.17,2.9735500668392403,matched,1
annealing_T=100_h=5,20260613-015321,101.0,116,1458.0199999999998,437.89000000000004,1458.02,437.89,79.0,5.01,1456.78,436.17,2.120377324911666,matched,1
annealing_T=75_h=25,20260602-133829,108.0,116,1457.87,440.2,1457.87,440.2,94.0,5.47,1456.78,436.17,4.174805384685566,matched,1
annealing_T=75_h=5,20260523-062735,117.0,116,1458.41,439.98,1458.41,439.98,97.0,5.56,1456.78,436.17,4.144031853159477,matched,1
before_annealing,20260516-064844,116.0,116,1456.78,436.17,1456.78,436.17,109.0,5.89,1456.78,436.17,0.0,reference,1
annealing_T=100_h=5,20260613-015321,102.0,117,1461.78,190.57000000000002,1461.78,190.57,41.0,3.61,1458.79,189.22,3.280640181428027,matched,1
annealing_T=75_h=25,20260602-133829,109.0,117,1460.4000000000003,192.61,1460.4,192.61,37.0,3.43,1458.79,189.22,3.7528922180101634,matched,1
annealing_T=75_h=5,20260523-062735,118.0,117,1461.5600000000002,192.85,1461.56,192.85,52.0,4.07,1458.79,189.22,4.566158122535961,matched,1
before_annealing,20260516-064844,117.0,117,1458.79,189.22,1458.79,189.22,70.0,4.72,1458.79,189.22,0.0,reference,1
annealing_T=100_h=25,20260629-230214,92.0,118,1464.99,153.43,1464.99,153.43,116.0,6.08,1463.01,150.25,3.746037906909127,matched,1
annealing_T=100_h=5,20260613-015321,103.0,118,1465.14,152.45,1465.14,152.45,187.0,7.72,1463.01,150.25,3.062172431461105,matched,1
annealing_T=125_h=25,20260902-011233,60.0,118,1465.67,150.97,1465.67,150.97,101.0,5.67,1463.01,150.25,2.755721321178982,matched,1
annealing_T=150_h=25,20260919-004123,39.0,118,1465.66,151.12,1465.66,151.12,79.0,5.01,1463.01,150.25,2.7891575789116847,matched,1
annealing_T=150_h=5,20260912-010115,53.0,118,1463.84,150.26,1463.84,150.26,123.0,6.26,1463.01,150.25,0.8300602387778124,matched,1
annealing_T=75_h=25,20260602-133829,111.0,118,1465.7300000000002,153.97,1465.73,153.97,172.0,7.4,1463.01,150.25,4.608340265214948,matched,1
annealing_T=75_h=5,20260523-062735,120.0,118,1466.04,153.99,1466.04,153.99,181.0,7.59,1463.01,150.25,4.813366805054431,matched,1
before_annealing,20260516-064844,118.0,118,1463.01,150.25,1463.01,150.25,177.0,7.51,1463.01,150.25,0.0,reference,1
annealing_T=100_h=25,20260629-230214,91.0,119,1464.03,876.77,1464.03,876.77,88.0,5.29,1466.68,874.61,3.4187863343590728,matched,1
annealing_T=100_h=5,20260613-015321,104.0,119,1465.82,877.29,1465.82,877.29,91.0,5.38,1466.68,874.61,2.8146047679914052,matched,1
annealing_T=125_h=25,20260902-011233,61.0,119,1466.43,876.12,1466.43,876.12,37.0,3.43,1466.68,874.61,1.5305554547287636,matched,1
annealing_T=125_h=5,20260725-020716,83.0,119,1464.64,877.36,1464.64,877.36,84.0,5.17,1466.68,874.61,3.424047312757207,matched,1
annealing_T=75_h=25,20260602-133829,110.0,119,1464.64,879.29,1464.64,879.29,33.0,3.24,1466.68,874.61,5.105291372683775,matched,1
annealing_T=75_h=5,20260523-062735,119.0,119,1464.14,878.61,1464.14,878.61,91.0,5.38,1466.68,874.61,4.738311935700288,matched,1
before_annealing,20260516-064844,119.0,119,1466.68,874.61,1466.68,874.61,90.0,5.35,1466.68,874.61,0.0,reference,1
annealing_T=100_h=25,20260629-230214,93.0,120,1478.96,73.55,1478.96,73.55,195.0,7.88,1476.55,69.97,4.315611196574638,matched,1
annealing_T=100_h=5,20260613-015321,105.0,120,1479.33,72.82,1479.33,72.82,168.0,7.31,1476.55,69.97,3.9813188769552,matched,1
annealing_T=125_h=25,20260902-011233,62.0,120,1479.64,71.83,1479.64,71.83,157.0,7.07,1476.55,69.97,3.6066189152724326,matched,1
annealing_T=125_h=5,20260725-020716,84.0,120,1479.41,73.16,1479.41,73.16,130.0,6.43,1476.55,69.97,4.284355260713181,matched,1
annealing_T=150_h=5,20260912-010115,54.0,120,1477.61,70.38,1477.61,70.38,193.0,7.84,1476.55,69.97,1.1365298060323281,matched,1
annealing_T=75_h=25,20260602-133829,112.0,120,1479.78,73.96,1479.78,73.96,165.0,7.25,1476.55,69.97,5.1335173127204,matched,1
annealing_T=75_h=5,20260523-062735,121.0,120,1479.88,74.36,1479.88,74.36,173.0,7.42,1476.55,69.97,5.510081669086316,matched,1
before_annealing,20260516-064844,120.0,120,1476.55,69.97,1476.55,69.97,158.0,7.09,1476.55,69.97,0.0,reference,1
annealing_T=75_h=5,20260523-062735,122.0,121,1480.29,472.19,1480.29,472.19,264.0,9.17,1479.54,468.37,3.8929294881875203,matched,1
before_annealing,20260516-064844,121.0,121,1479.54,468.37000000000006,1479.54,468.37,279.0,9.42,1479.54,468.37,0.0,reference,1
annealing_T=100_h=25,20260629-230214,94.0,122,1482.09,788.15,1482.09,788.15,73.0,4.82,1484.36,785.03,3.85840640679542,matched,1
annealing_T=100_h=5,20260613-015321,106.0,122,1483.32,787.65,1483.32,787.65,111.0,5.94,1484.36,785.03,2.818865019826233,matched,1
annealing_T=125_h=25,20260902-011233,63.0,122,1484.33,786.08,1484.33,786.08,42.0,3.66,1484.36,785.03,1.0504284840007632,matched,1
annealing_T=125_h=5,20260725-020716,85.0,122,1482.4800000000002,788.2199999999999,1482.48,788.22,47.0,3.87,1484.36,785.03,3.702769233965077,matched,1
annealing_T=150_h=25,20260919-004123,41.0,122,1483.58,786.52,1483.58,786.52,110.0,5.92,1484.36,785.03,1.6818144963104535,matched,1
annealing_T=150_h=5,20260912-010115,55.0,122,1484.21,785.0,1484.21,785.0,39.0,3.52,1484.36,785.03,0.1529705854076444,matched,1
annealing_T=75_h=25,20260602-133829,113.0,122,1482.41,788.7599999999999,1482.41,788.76,197.0,7.92,1484.36,785.03,4.208966619016903,matched,1
annealing_T=75_h=5,20260523-062735,123.0,122,1482.89,788.87,1482.89,788.87,158.0,7.09,1484.36,785.03,4.111751451632219,matched,1
before_annealing,20260516-064844,122.0,122,1484.36,785.0300000000001,1484.36,785.03,202.0,8.02,1484.36,785.03,0.0,reference,1
annealing_T=100_h=25,20260629-230214,95.0,123,1499.3,369.21,1499.3,369.21,48.0,3.91,1498.75,365.7,3.552829858014578,matched,1
annealing_T=100_h=5,20260613-015321,107.0,123,1499.97,368.35999999999996,1499.97,368.36,77.0,4.95,1498.75,365.7,2.9264312737530496,matched,1
annealing_T=75_h=25,20260602-133829,114.0,123,1500.38,369.8999999999999,1500.38,369.9,94.0,5.47,1498.75,365.7,4.505208097302474,matched,1
annealing_T=75_h=5,20260523-062735,124.0,123,1500.0999999999997,369.82,1500.1,369.82,69.0,4.69,1498.75,365.7,4.335539182154761,matched,1
before_annealing,20260516-064844,123.0,123,1498.75,365.7,1498.75,365.7,71.0,4.75,1498.75,365.7,0.0,reference,1
annealing_T=100_h=25,20260629-230214,96.0,124,1500.87,981.04,1500.87,981.04,117.0,6.1,1503.46,978.05,3.955780580366005,matched,1
annealing_T=100_h=5,20260613-015321,108.0,124,1501.43,980.35,1501.43,980.35,126.0,6.33,1503.46,978.05,3.067719022335684,matched,1
annealing_T=125_h=5,20260725-020716,86.0,124,1500.9800000000002,980.73,1500.98,980.73,114.0,6.02,1503.46,978.05,3.6514106862963667,matched,1
annealing_T=75_h=25,20260602-133829,115.0,124,1500.4399999999998,981.7999999999998,1500.44,981.8,89.0,5.32,1503.46,978.05,4.814862407172235,matched,1
annealing_T=75_h=5,20260523-062735,125.0,124,1500.41,982.07,1500.41,982.07,88.0,5.29,1503.46,978.05,5.046077684697342,matched,1
before_annealing,20260516-064844,124.0,124,1503.46,978.0499999999998,1503.46,978.05,91.0,5.38,1503.46,978.05,0.0,reference,1
annealing_T=100_h=25,20260629-230214,97.0,125,1506.86,57.77,1506.86,57.77,249.0,8.9,1504.18,54.28,4.400284081738262,matched,1
annealing_T=100_h=5,20260613-015321,110.0,125,1507.2699999999998,57.04999999999999,1507.27,57.05,232.0,8.59,1504.18,54.28,4.149819273172993,matched,1
annealing_T=125_h=25,20260902-011233,64.0,125,1507.67,55.97,1507.67,55.97,108.0,5.86,1504.18,54.28,3.877653929891121,matched,1
annealing_T=125_h=5,20260725-020716,87.0,125,1507.18,57.25,1507.18,57.25,217.0,8.31,1504.18,54.28,4.221480782853334,matched,1
annealing_T=150_h=25,20260919-004123,42.0,125,1506.84,56.38,1506.84,56.38,65.0,4.55,1504.18,54.28,3.389041162334744,matched,1
annealing_T=150_h=5,20260912-010115,56.0,125,1505.1899999999998,54.32,1505.19,54.32,48.0,3.91,1504.18,54.28,1.010791768862174,matched,1
annealing_T=75_h=25,20260602-133829,117.0,125,1507.72,58.28,1507.72,58.28,414.0,11.48,1504.18,54.28,5.341497917251278,matched,1
annealing_T=75_h=5,20260523-062735,127.0,125,1507.76,58.20000000000001,1507.76,58.2,430.0,11.7,1504.18,54.28,5.308747498233416,matched,1
before_annealing,20260516-064844,125.0,125,1504.18,54.28,1504.18,54.28,399.0,11.27,1504.18,54.28,0.0,reference,1
annealing_T=100_h=5,20260613-015321,109.0,126,1503.03,797.2400000000001,1503.03,797.24,40.0,3.57,1504.7,795.76,2.2314345161802605,matched,1
annealing_T=75_h=25,20260602-133829,116.0,126,1502.78,800.13,1502.78,800.13,47.0,3.87,1504.7,795.76,4.773185519126647,matched,1
annealing_T=75_h=5,20260523-062735,126.0,126,1503.13,800.37,1503.13,800.37,39.0,3.52,1504.7,795.76,4.870010266929622,matched,1
before_annealing,20260516-064844,126.0,126,1504.7,795.7599999999999,1504.7,795.76,78.0,4.98,1504.7,795.76,0.0,reference,1
annealing_T=100_h=5,20260613-015321,111.0,127,1507.99,232.52,1507.99,232.52,52.0,4.07,1506.22,229.93,3.1370368184004396,matched,1
annealing_T=75_h=25,20260602-133829,118.0,127,1507.93,234.0,1507.93,234.0,115.0,6.05,1506.22,229.93,4.414634752728709,matched,1
annealing_T=75_h=5,20260523-062735,128.0,127,1508.5199999999998,234.13,1508.52,234.13,92.0,5.41,1506.22,229.93,4.788527957525011,matched,1
before_annealing,20260516-064844,127.0,127,1506.22,229.92999999999998,1506.22,229.93,108.0,5.86,1506.22,229.93,0.0,reference,1
annealing_T=100_h=25,20260629-230214,98.0,128,1529.59,487.89000000000004,1529.59,487.89,223.0,8.43,1529.71,484.54,3.352148564726835,matched,1
annealing_T=100_h=5,20260613-015321,113.0,128,1530.28,487.25,1530.28,487.25,226.0,8.48,1529.71,484.54,2.7692959394040604,matched,1
annealing_T=125_h=25,20260902-011233,65.0,128,1531.41,485.32,1531.41,485.32,114.0,6.02,1529.71,484.54,1.87040102651814,matched,1
annealing_T=125_h=5,20260725-020716,88.0,128,1530.24,487.27,1530.24,487.27,181.0,7.59,1529.71,484.54,2.780971053427159,matched,1
annealing_T=150_h=25,20260919-004123,43.0,128,1530.9800000000002,486.29,1530.98,486.29,46.0,3.83,1529.71,484.54,2.1622673285235874,matched,1
annealing_T=150_h=5,20260912-010115,57.0,128,1529.88,484.2,1529.88,484.2,69.0,4.69,1529.71,484.54,0.38013155617502525,matched,1
annealing_T=75_h=25,20260602-133829,119.0,128,1530.11,488.56,1530.11,488.56,275.0,9.36,1529.71,484.54,4.039851482418598,matched,1
annealing_T=75_h=5,20260523-062735,129.0,128,1530.39,488.68,1530.39,488.68,369.0,10.84,1529.71,484.54,4.1954737515565474,matched,1
before_annealing,20260516-064844,128.0,128,1529.71,484.54,1529.71,484.54,402.0,11.31,1529.71,484.54,0.0,reference,1
annealing_T=75_h=25,20260602-133829,120.0,129,1557.55,614.17,1557.55,614.17,49.0,3.95,1558.41,608.68,5.556950602623737,matched,1
annealing_T=75_h=5,20260523-062735,130.0,129,1558.7699999999998,614.12,1558.77,614.12,53.0,4.11,1558.41,608.68,5.451898751811185,matched,1
before_annealing,20260516-064844,129.0,129,1558.41,608.68,1558.41,608.68,70.0,4.72,1558.41,608.68,0.0,reference,1
annealing_T=100_h=25,20260629-230214,99.0,130,1562.37,888.23,1562.37,888.23,151.0,6.93,1564.71,884.17,4.6860644468467525,matched,1
annealing_T=100_h=5,20260613-015321,114.0,130,1562.96,887.2999999999998,1562.96,887.3,168.0,7.31,1564.71,884.17,3.5860005577243377,matched,1
annealing_T=125_h=25,20260902-011233,66.0,130,1564.5999999999997,885.94,1564.6,885.94,68.0,4.65,1564.71,884.17,1.7734147850969373,matched,1
annealing_T=125_h=5,20260725-020716,89.0,130,1562.3499999999997,887.46,1562.35,887.46,160.0,7.14,1564.71,884.17,4.048913434491059,matched,1
annealing_T=150_h=25,20260919-004123,44.0,130,1563.46,886.2999999999998,1563.46,886.3,85.0,5.2,1564.71,884.17,2.4696963376090384,matched,1
annealing_T=150_h=5,20260912-010115,58.0,130,1564.87,884.39,1564.87,884.39,113.0,6.0,1564.71,884.17,0.2720294101746453,matched,1
annealing_T=75_h=25,20260602-133829,121.0,130,1562.3499999999997,888.67,1562.35,888.67,263.0,9.15,1564.71,884.17,5.081299046503923,matched,1
annealing_T=75_h=5,20260523-062735,131.0,130,1562.7699999999998,888.75,1562.77,888.75,315.0,10.01,1564.71,884.17,4.973932046178503,matched,1
before_annealing,20260516-064844,130.0,130,1564.71,884.17,1564.71,884.17,304.0,9.84,1564.71,884.17,0.0,reference,1
annealing_T=100_h=25,20260629-230214,100.0,131,1571.95,941.0300000000001,1571.95,941.03,99.0,5.61,1574.68,937.22,4.687109983774708,matched,1
annealing_T=100_h=5,20260613-015321,115.0,131,1572.61,940.32,1572.61,940.32,166.0,7.27,1574.68,937.22,3.7275863504419076,matched,1
annealing_T=75_h=25,20260602-133829,122.0,131,1571.79,941.62,1571.79,941.62,310.0,9.93,1574.68,937.22,5.264228338512718,matched,1
annealing_T=75_h=5,20260523-062735,132.0,131,1572.22,941.61,1572.22,941.61,293.0,9.66,1574.68,937.22,5.032265891226343,matched,1
before_annealing,20260516-064844,131.0,131,1574.68,937.2199999999999,1574.68,937.22,274.0,9.34,1574.68,937.22,0.0,reference,1
annealing_T=100_h=25,20260629-230214,101.0,132,1587.55,282.21,1587.55,282.21,38.0,3.48,1587.41,278.45,3.762605480249012,matched,1
annealing_T=100_h=5,20260613-015321,116.0,132,1590.5,280.7,1590.5,280.7,39.0,3.52,1587.41,278.45,3.8223814566313883,matched,1
annealing_T=125_h=25,20260902-011233,67.0,132,1588.72,279.62,1588.72,279.62,38.0,3.48,1587.41,278.45,1.7564168070249995,matched,1
annealing_T=75_h=25,20260602-133829,124.0,132,1588.54,282.11,1588.54,282.11,57.0,4.26,1587.41,278.45,3.83046994505895,matched,1
annealing_T=75_h=5,20260523-062735,133.0,132,1589.22,283.25,1589.22,283.25,75.0,4.89,1587.41,278.45,5.129922026697863,matched,1
before_annealing,20260516-064844,132.0,132,1587.41,278.45,1587.41,278.45,89.0,5.32,1587.41,278.45,0.0,reference,1
annealing_T=100_h=25,20260629-230214,102.0,133,1593.49,863.35,1593.49,863.35,74.0,4.85,1595.36,859.28,4.479040075730513,matched,1
annealing_T=100_h=5,20260613-015321,117.0,133,1593.71,862.09,1593.71,862.09,104.0,5.75,1595.36,859.28,3.258619339536283,matched,1
annealing_T=75_h=25,20260602-133829,125.0,133,1592.7699999999998,863.87,1592.77,863.87,87.0,5.26,1595.36,859.28,5.270313083679285,matched,1
annealing_T=75_h=5,20260523-062735,134.0,133,1593.64,863.88,1593.64,863.88,121.0,6.21,1595.36,859.28,4.911048767829487,matched,1
before_annealing,20260516-064844,133.0,133,1595.36,859.2800000000001,1595.36,859.28,104.0,5.75,1595.36,859.28,0.0,reference,1
annealing_T=100_h=25,20260629-230214,103.0,134,1602.37,813.2800000000001,1602.37,813.28,330.0,10.25,1604.42,809.24,4.530353187114816,matched,1
annealing_T=100_h=5,20260613-015321,118.0,134,1603.07,812.52,1603.07,812.52,345.0,10.48,1604.42,809.24,3.5469564417962887,matched,1
annealing_T=125_h=25,20260902-011233,68.0,134,1604.33,811.2800000000001,1604.33,811.28,329.0,10.23,1604.42,809.24,2.04198432902908,matched,1
annealing_T=125_h=5,20260725-020716,90.0,134,1602.66,812.9900000000001,1602.66,812.99,305.0,9.85,1604.42,809.24,4.14247510553785,matched,1
annealing_T=150_h=25,20260919-004123,45.0,134,1603.75,811.2400000000001,1603.75,811.24,174.0,7.44,1604.42,809.24,2.1092415698540914,matched,1
annealing_T=150_h=5,20260912-010115,60.0,134,1604.49,809.4,1604.49,809.4,266.0,9.2,1604.42,809.24,0.17464249196567513,matched,1
annealing_T=75_h=25,20260602-133829,126.0,134,1602.43,814.11,1602.43,814.11,374.0,10.91,1604.42,809.24,5.260893460240387,matched,1
annealing_T=75_h=5,20260523-062735,135.0,134,1602.86,814.0099999999999,1602.86,814.01,338.0,10.37,1604.42,809.24,5.01861534688596,matched,1
before_annealing,20260516-064844,134.0,134,1604.42,809.2400000000001,1604.42,809.24,383.0,11.04,1604.42,809.24,0.0,reference,1
annealing_T=100_h=5,20260613-015321,121.0,135,1625.29,666.48,1625.29,666.48,63.0,4.48,1625.04,662.83,3.6585516259853206,matched,1
annealing_T=125_h=5,20260725-020716,91.0,135,1624.76,666.77,1624.76,666.77,65.0,4.55,1625.04,662.83,3.949936708353631,matched,1
before_annealing,20260516-064844,135.0,135,1625.04,662.83,1625.04,662.83,34.0,3.29,1625.04,662.83,0.0,reference,1
annealing_T=100_h=25,20260629-230214,104.0,136,1624.7,633.13,1624.7,633.13,189.0,7.76,1625.67,629.09,4.154816482108417,matched,1
annealing_T=100_h=5,20260613-015321,120.0,136,1625.25,632.27,1625.25,632.27,287.0,9.56,1625.67,629.09,3.2076159371096384,matched,1
annealing_T=125_h=25,20260902-011233,69.0,136,1626.28,630.75,1626.28,630.75,147.0,6.84,1625.67,629.09,1.7685304634073375,matched,1
annealing_T=125_h=5,20260725-020716,92.0,136,1624.84,633.0,1624.84,633.0,158.0,7.09,1625.67,629.09,3.9971239660535933,matched,1
annealing_T=150_h=25,20260919-004123,46.0,136,1625.55,631.49,1625.55,631.49,66.0,4.58,1625.67,629.09,2.4029981273400773,matched,1
annealing_T=150_h=5,20260912-010115,61.0,136,1625.55,628.99,1625.55,628.99,134.0,6.53,1625.67,629.09,0.15620499351823847,matched,1
annealing_T=75_h=25,20260602-133829,128.0,136,1624.68,634.11,1624.68,634.11,275.0,9.36,1625.67,629.09,5.116688382147171,matched,1
annealing_T=75_h=5,20260523-062735,137.0,136,1625.1899999999998,634.03,1625.19,634.03,266.0,9.2,1625.67,629.09,4.963265054376972,matched,1
before_annealing,20260516-064844,136.0,136,1625.67,629.09,1625.67,629.09,420.0,11.56,1625.67,629.09,0.0,reference,1
annealing_T=100_h=5,20260613-015321,119.0,137,1625.07,984.31,1625.07,984.31,85.0,5.2,1626.61,981.26,3.416738210633002,matched,1
annealing_T=75_h=25,20260602-133829,127.0,137,1624.2699999999998,986.9699999999999,1624.27,986.97,49.0,3.95,1626.61,981.26,6.1708751405290805,matched,1
annealing_T=75_h=5,20260523-062735,136.0,137,1624.29,985.7999999999998,1624.29,985.8,42.0,3.66,1626.61,981.26,5.098431131240114,matched,1
before_annealing,20260516-064844,137.0,137,1626.61,981.2599999999999,1626.61,981.26,60.0,4.37,1626.61,981.26,0.0,reference,1
annealing_T=100_h=25,20260629-230214,105.0,138,1630.79,90.31,1630.79,90.31,216.0,8.29,1628.3,86.21,4.7968844055282505,matched,1
annealing_T=100_h=5,20260613-015321,122.0,138,1630.9800000000002,89.40000000000002,1630.98,89.4,182.0,7.61,1628.3,86.21,4.1663533215513215,matched,1
annealing_T=125_h=25,20260902-011233,70.0,138,1631.5999999999997,87.95,1631.6,87.95,122.0,6.23,1628.3,86.21,3.7306299736101183,matched,1
annealing_T=125_h=5,20260725-020716,93.0,138,1631.11,89.75,1631.11,89.75,189.0,7.76,1628.3,86.21,4.519701317565104,matched,1
annealing_T=75_h=25,20260602-133829,129.0,138,1631.45,90.91000000000001,1631.45,90.91,83.0,5.14,1628.3,86.21,5.657958995963185,matched,1
annealing_T=75_h=5,20260523-062735,138.0,138,1631.17,91.21999999999998,1631.17,91.22,78.0,4.98,1628.3,86.21,5.77382022581242,matched,1
before_annealing,20260516-064844,138.0,138,1628.3,86.21,1628.3,86.21,53.0,4.11,1628.3,86.21,0.0,reference,1
annealing_T=100_h=25,20260629-230214,106.0,139,1634.9800000000002,1025.22,1634.98,1025.22,221.0,8.39,1638.1,1020.92,5.312664115111973,matched,1
annealing_T=100_h=5,20260613-015321,123.0,139,1635.68,1024.27,1635.68,1024.27,260.0,9.1,1638.1,1020.92,4.1326625799839265,matched,1
annealing_T=125_h=25,20260902-011233,71.0,139,1637.2,1023.02,1637.2,1023.02,124.0,6.28,1638.1,1020.92,2.2847319317591395,matched,1
annealing_T=125_h=5,20260725-020716,94.0,139,1635.0199999999998,1024.64,1635.02,1024.64,212.0,8.21,1638.1,1020.92,4.829575550708571,matched,1
annealing_T=150_h=25,20260919-004123,47.0,139,1636.3,1023.04,1636.3,1023.04,45.0,3.78,1638.1,1020.92,2.7810789273229655,matched,1
annealing_T=150_h=5,20260912-010115,62.0,139,1638.29,1020.96,1638.29,1020.96,102.0,5.7,1638.1,1020.92,0.19416487838954533,matched,1
annealing_T=75_h=25,20260602-133829,130.0,139,1634.4000000000003,1025.89,1634.4,1025.89,257.0,9.04,1638.1,1020.92,6.1960390573331905,matched,1
annealing_T=75_h=5,20260523-062735,139.0,139,1635.2,1025.83,1635.2,1025.83,272.0,9.3,1638.1,1020.92,5.702464379546697,matched,1
before_annealing,20260516-064844,139.0,139,1638.0999999999997,1020.92,1638.1,1020.92,291.0,9.62,1638.1,1020.92,0.0,reference,1
annealing_T=75_h=25,20260602-133829,131.0,140,1641.66,352.92,1641.66,352.92,51.0,4.03,1639.96,346.08,7.048091940376529,matched,1
annealing_T=75_h=5,20260523-062735,140.0,140,1641.95,351.98,1641.95,351.98,35.0,3.34,1639.96,346.08,6.226564060539363,matched,1
before_annealing,20260516-064844,140.0,140,1639.96,346.08,1639.96,346.08,36.0,3.39,1639.96,346.08,0.0,reference,1
annealing_T=100_h=25,20260629-230214,107.0,141,1646.67,682.91,1646.67,682.91,169.0,7.33,1648.1,678.46,4.674120238076779,matched,1
annealing_T=100_h=5,20260613-015321,124.0,141,1647.59,681.74,1647.59,681.74,186.0,7.69,1648.1,678.46,3.319412598638472,matched,1
annealing_T=75_h=25,20260602-133829,132.0,141,1647.21,683.5,1647.21,683.5,186.0,7.69,1648.1,678.46,5.117978116404896,matched,1
annealing_T=75_h=5,20260523-062735,141.0,141,1647.47,683.39,1647.47,683.39,216.0,8.29,1648.1,678.46,4.970090542434751,matched,1
before_annealing,20260516-064844,141.0,141,1648.0999999999997,678.46,1648.1,678.46,200.0,7.98,1648.1,678.46,0.0,reference,1
annealing_T=100_h=25,20260629-230214,108.0,142,1681.12,608.91,1681.12,608.91,480.0,12.36,1681.88,604.61,4.366646310385115,matched,1
annealing_T=100_h=5,20260613-015321,125.0,142,1681.6500000000003,607.98,1681.65,607.98,491.0,12.5,1681.88,604.61,3.377839546218845,matched,1
annealing_T=125_h=25,20260902-011233,72.0,142,1682.58,606.67,1682.58,606.67,490.0,12.49,1681.88,604.61,2.175683800555476,matched,1
annealing_T=125_h=5,20260725-020716,96.0,142,1681.4399999999998,608.35,1681.44,608.35,507.0,12.7,1681.88,604.61,3.765793409097254,matched,1
annealing_T=150_h=25,20260919-004123,48.0,142,1682.12,606.34,1682.12,606.34,63.0,4.48,1681.88,604.61,1.7465680633745593,matched,1
annealing_T=150_h=5,20260912-010115,63.0,142,1682.22,604.56,1682.22,604.56,222.0,8.41,1681.88,604.61,0.3436568055487206,matched,1
annealing_T=75_h=25,20260602-133829,133.0,142,1681.34,609.72,1681.34,609.72,546.0,13.18,1681.88,604.61,5.138453074613054,matched,1
annealing_T=75_h=5,20260523-062735,142.0,142,1681.58,609.87,1681.58,609.87,395.0,11.21,1681.88,604.61,5.268548187119485,matched,1
before_annealing,20260516-064844,142.0,142,1681.88,604.61,1681.88,604.61,406.0,11.37,1681.88,604.61,0.0,reference,1
annealing_T=100_h=25,20260629-230214,109.0,143,1682.9800000000002,918.7800000000001,1682.98,918.78,313.0,9.98,1685.59,913.83,5.59594496041542,matched,1
annealing_T=100_h=5,20260613-015321,126.0,143,1683.64,917.33,1683.64,917.33,382.0,11.03,1685.59,913.83,4.006557125513037,matched,1
annealing_T=125_h=25,20260902-011233,73.0,143,1685.0999999999997,915.9,1685.1,915.9,94.0,5.47,1685.59,913.83,2.127204738618257,matched,1
annealing_T=125_h=5,20260725-020716,97.0,143,1683.2300000000002,918.23,1683.23,918.23,193.0,7.84,1685.59,913.83,4.992955036849246,matched,1
annealing_T=150_h=25,20260919-004123,49.0,143,1684.2300000000002,916.71,1684.23,916.71,60.0,4.37,1685.59,913.83,3.1849646779829572,matched,1
annealing_T=150_h=5,20260912-010115,64.0,143,1685.8499999999997,913.9900000000001,1685.85,913.99,109.0,5.89,1685.59,913.83,0.30528675044931647,matched,1
annealing_T=75_h=25,20260602-133829,134.0,143,1683.0,919.06,1683.0,919.06,192.0,7.82,1685.59,913.83,5.836180257668416,matched,1
annealing_T=75_h=5,20260523-062735,143.0,143,1683.5,919.0099999999999,1683.5,919.01,212.0,8.21,1685.59,913.83,5.585740774507707,matched,1
before_annealing,20260516-064844,143.0,143,1685.59,913.83,1685.59,913.83,240.0,8.74,1685.59,913.83,0.0,reference,1
annealing_T=100_h=25,20260629-230214,110.0,144,1687.53,698.0499999999998,1687.53,698.05,38.0,3.48,1688.68,693.74,4.460784684335118,matched,1
annealing_T=100_h=5,20260613-015321,127.0,144,1688.89,696.9900000000001,1688.89,696.99,96.0,5.53,1688.68,693.74,3.256777548436607,matched,1
annealing_T=125_h=25,20260902-011233,74.0,144,1689.57,696.0499999999998,1689.57,696.05,83.0,5.14,1688.68,693.74,2.4755201473627713,matched,1
annealing_T=125_h=5,20260725-020716,98.0,144,1688.17,696.9900000000001,1688.17,696.99,35.0,3.34,1688.68,693.74,3.289772028575951,matched,1
annealing_T=150_h=5,20260912-010115,65.0,144,1689.16,693.9900000000001,1689.16,693.99,141.0,6.7,1688.68,693.74,0.541202365109461,matched,1
annealing_T=75_h=25,20260602-133829,135.0,144,1687.26,699.58,1687.26,699.58,55.0,4.18,1688.68,693.74,6.0101580678049205,matched,1
annealing_T=75_h=5,20260523-062735,144.0,144,1688.61,698.7400000000001,1688.61,698.74,85.0,5.2,1688.68,693.74,5.000489975992469,matched,1
before_annealing,20260516-064844,144.0,144,1688.68,693.7400000000001,1688.68,693.74,71.0,4.75,1688.68,693.74,0.0,reference,1
annealing_T=100_h=25,20260629-230214,111.0,145,1691.74,40.72,1691.74,40.72,99.0,5.61,1688.82,36.38,5.230869908533417,matched,1
annealing_T=100_h=5,20260613-015321,128.0,145,1692.22,39.66,1692.22,39.66,118.0,6.13,1688.82,36.38,4.724235387869721,matched,1
annealing_T=125_h=25,20260902-011233,75.0,145,1691.2699999999998,39.15,1691.27,39.15,55.0,4.18,1688.82,36.38,3.698026500716171,matched,1
annealing_T=125_h=5,20260725-020716,99.0,145,1692.99,40.53,1692.99,40.53,49.0,3.95,1688.82,36.38,5.883145417206734,matched,1
annealing_T=150_h=5,20260912-010115,66.0,145,1689.8499999999997,36.85,1689.85,36.85,41.0,3.61,1688.82,36.38,1.1321660655572903,matched,1
annealing_T=75_h=25,20260602-133829,136.0,145,1692.4399999999998,41.91,1692.44,41.91,149.0,6.89,1688.82,36.38,6.60948560782147,matched,1
annealing_T=75_h=5,20260523-062735,145.0,145,1692.8499999999997,41.4,1692.85,41.4,152.0,6.96,1688.82,36.38,6.437491747567363,matched,1
before_annealing,20260516-064844,145.0,145,1688.82,36.38,1688.82,36.38,184.0,7.65,1688.82,36.38,0.0,reference,1
annealing_T=75_h=25,20260602-133829,137.0,146,1701.49,707.85,1701.49,707.85,98.0,5.59,1701.76,702.13,5.726368831991204,matched,1
annealing_T=75_h=5,20260523-062735,146.0,146,1701.39,707.41,1701.39,707.41,107.0,5.84,1701.76,702.13,5.292948138797473,matched,1
before_annealing,20260516-064844,146.0,146,1701.76,702.13,1701.76,702.13,96.0,5.53,1701.76,702.13,0.0,reference,1
annealing_T=100_h=25,20260629-230214,112.0,147,1699.2300000000002,809.34,1699.23,809.34,46.0,3.83,1701.81,804.14,5.804860032765555,matched,1
annealing_T=100_h=5,20260613-015321,129.0,147,1703.61,809.89,1703.61,809.89,57.0,4.26,1701.81,804.14,6.025155599650505,matched,1
annealing_T=125_h=25,20260902-011233,76.0,147,1701.37,806.93,1701.37,806.93,49.0,3.95,1701.81,804.14,2.824482253440415,matched,1
annealing_T=125_h=5,20260725-020716,100.0,147,1704.93,812.14,1704.93,812.14,67.0,4.62,1701.81,804.14,8.586873703508207,matched,1
annealing_T=150_h=25,20260919-004123,50.0,147,1700.51,807.29,1700.51,807.29,100.0,5.64,1701.81,804.14,3.4077118422777093,matched,1
annealing_T=75_h=5,20260523-062735,147.0,147,1701.67,810.84,1701.67,810.84,73.0,4.82,1701.81,804.14,6.701462526941457,matched,1
before_annealing,20260516-064844,147.0,147,1701.8100000000002,804.14,1701.81,804.14,120.0,6.18,1701.81,804.14,0.0,reference,1
annealing_T=100_h=25,20260629-230214,114.0,148,1706.2699999999998,534.04,1706.27,534.04,54.0,4.15,1706.41,529.3,4.742067059837954,matched,1
annealing_T=100_h=5,20260613-015321,130.0,148,1706.6500000000003,532.88,1706.65,532.88,78.0,4.98,1706.41,529.3,3.588035674293165,matched,1
annealing_T=125_h=5,20260725-020716,102.0,148,1706.62,533.34,1706.62,533.34,55.0,4.18,1706.41,529.3,4.045454239019463,matched,1
annealing_T=75_h=25,20260602-133829,138.0,148,1705.95,534.35,1705.95,534.35,93.0,5.44,1706.41,529.3,5.070907216662588,matched,1
annealing_T=75_h=5,20260523-062735,149.0,148,1706.43,534.5,1706.43,534.5,88.0,5.29,1706.41,529.3,5.200038461396269,matched,1
before_annealing,20260516-064844,148.0,148,1706.41,529.3,1706.41,529.3,96.0,5.53,1706.41,529.3,0.0,reference,1
annealing_T=100_h=25,20260629-230214,113.0,149,1705.53,830.0300000000001,1705.53,830.03,84.0,5.17,1708.08,825.09,5.559325498655418,matched,1
annealing_T=100_h=5,20260613-015321,131.0,149,1706.74,829.16,1706.74,829.16,122.0,6.23,1708.08,825.09,4.284915401731902,matched,1
annealing_T=125_h=25,20260902-011233,77.0,149,1708.46,828.81,1708.46,828.81,66.0,4.58,1708.08,825.09,3.73935823370795,matched,1
annealing_T=125_h=5,20260725-020716,101.0,149,1706.17,829.4699999999999,1706.17,829.47,109.0,5.89,1708.08,825.09,4.7783365306347365,matched,1
annealing_T=150_h=25,20260919-004123,51.0,149,1707.79,828.4900000000001,1707.79,828.49,31.0,3.14,1708.08,825.09,3.412345234585826,matched,1
annealing_T=150_h=5,20260912-010115,67.0,149,1708.4399999999998,825.85,1708.44,825.85,80.0,5.05,1708.08,825.09,0.8409518416650945,matched,1
annealing_T=75_h=25,20260602-133829,139.0,149,1705.96,830.69,1705.96,830.69,151.0,6.93,1708.08,825.09,5.98785437364669,matched,1
annealing_T=75_h=5,20260523-062735,148.0,149,1706.36,830.59,1706.36,830.59,145.0,6.79,1708.08,825.09,5.762672990895813,matched,1
before_annealing,20260516-064844,149.0,149,1708.08,825.09,1708.08,825.09,171.0,7.38,1708.08,825.09,0.0,reference,1
annealing_T=100_h=25,20260629-230214,115.0,150,1709.1899999999998,451.34,1709.19,451.34,72.0,4.79,1709.48,446.39,4.958487672667948,matched,1
annealing_T=100_h=5,20260613-015321,132.0,150,1709.8100000000002,450.74,1709.81,450.74,89.0,5.32,1709.48,446.39,4.3624992836675975,matched,1
annealing_T=125_h=5,20260725-020716,103.0,150,1709.8100000000002,451.96,1709.81,451.96,56.0,4.22,1709.48,446.39,5.579767020225847,matched,1
annealing_T=75_h=25,20260602-133829,140.0,150,1709.25,452.3500000000001,1709.25,452.35,82.0,5.11,1709.48,446.39,5.9644362684164145,matched,1
annealing_T=75_h=5,20260523-062735,150.0,150,1709.86,452.67,1709.86,452.67,45.0,3.78,1709.48,446.39,6.291486310880782,matched,1
before_annealing,20260516-064844,150.0,150,1709.4800000000002,446.39000000000004,1709.48,446.39,64.0,4.51,1709.48,446.39,0.0,reference,1
annealing_T=100_h=25,20260629-230214,116.0,151,1711.29,378.32,1711.29,378.32,31.0,3.14,1711.45,373.69,4.6327637539593995,matched,1
annealing_T=100_h=5,20260613-015321,133.0,151,1712.61,377.45,1712.61,377.45,116.0,6.08,1711.45,373.69,3.934869756421373,matched,1
annealing_T=125_h=5,20260725-020716,105.0,151,1711.62,378.24,1711.62,378.24,38.0,3.48,1711.45,373.69,4.55317471661258,matched,1
annealing_T=75_h=25,20260602-133829,142.0,151,1712.5,379.22,1712.5,379.22,127.0,6.36,1711.45,373.69,5.628800938032915,matched,1
annealing_T=75_h=5,20260523-062735,151.0,151,1712.59,379.29,1712.59,379.29,136.0,6.58,1711.45,373.69,5.7148578285028195,matched,1
before_annealing,20260516-064844,151.0,151,1711.45,373.69,1711.45,373.69,157.0,7.07,1711.45,373.69,0.0,reference,1
annealing_T=100_h=25,20260629-230214,117.0,152,1711.66,555.1,1711.66,555.1,105.0,5.78,1712.18,549.79,5.33540064100163,matched,1
annealing_T=100_h=5,20260613-015321,134.0,152,1712.7,553.88,1712.7,553.88,95.0,5.5,1712.18,549.79,4.122923719886198,matched,1
annealing_T=125_h=25,20260902-011233,78.0,152,1713.28,552.28,1713.28,552.28,186.0,7.69,1712.18,549.79,2.722149885660201,matched,1
annealing_T=125_h=5,20260725-020716,104.0,152,1711.03,553.26,1711.03,553.26,34.0,3.29,1712.18,549.79,3.6555984462192233,matched,1
annealing_T=75_h=25,20260602-133829,141.0,152,1711.59,555.63,1711.59,555.63,108.0,5.86,1712.18,549.79,5.869727421269283,matched,1
annealing_T=75_h=5,20260523-062735,152.0,152,1712.7,555.31,1712.7,555.31,109.0,5.89,1712.18,549.79,5.544438655084911,matched,1
before_annealing,20260516-064844,152.0,152,1712.18,549.79,1712.18,549.79,98.0,5.59,1712.18,549.79,0.0,reference,1
annealing_T=100_h=25,20260629-230214,119.0,153,1717.5,13.03,1717.5,13.03,68.0,4.65,1714.17,9.22,5.0601383380298515,matched,1
annealing_T=100_h=5,20260613-015321,136.0,153,1717.34,12.86,1717.34,12.86,673.0,14.64,1714.17,9.22,4.8268519761847895,matched,1
annealing_T=75_h=25,20260602-133829,144.0,153,1717.99,14.699999999999998,1717.99,14.7,805.0,16.01,1714.17,9.22,6.680029940052625,matched,1
annealing_T=75_h=5,20260523-062735,154.0,153,1717.97,14.54,1717.97,14.54,756.0,15.51,1714.17,9.22,6.537767202952368,matched,1
before_annealing,20260516-064844,153.0,153,1714.17,9.22,1714.17,9.22,797.0,15.93,1714.17,9.22,0.0,reference,1
annealing_T=100_h=25,20260629-230214,118.0,154,1715.71,580.16,1715.71,580.16,239.0,8.72,1716.36,575.49,4.715018557757694,matched,1
annealing_T=100_h=5,20260613-015321,135.0,154,1716.33,579.34,1716.33,579.34,298.0,9.74,1716.36,575.49,3.8501168813427173,matched,1
annealing_T=125_h=25,20260902-011233,79.0,154,1717.21,578.2,1717.21,578.2,45.0,3.78,1716.36,575.49,2.840176050881429,matched,1
annealing_T=125_h=5,20260725-020716,106.0,154,1716.26,579.69,1716.26,579.69,289.0,9.59,1716.36,575.49,4.2011903075200445,matched,1
annealing_T=150_h=25,20260919-004123,52.0,154,1716.57,577.12,1716.57,577.12,62.0,4.44,1716.36,575.49,1.6434719346554112,matched,1
annealing_T=150_h=5,20260912-010115,68.0,154,1717.1500000000003,575.28,1717.15,575.28,42.0,3.66,1716.36,575.49,0.817435012707846,matched,1
annealing_T=75_h=25,20260602-133829,143.0,154,1716.07,580.9,1716.07,580.9,251.0,8.94,1716.36,575.49,5.41776706771338,matched,1
annealing_T=75_h=5,20260523-062735,153.0,154,1716.4000000000003,580.79,1716.4,580.79,227.0,8.5,1716.36,575.49,5.3001509412468195,matched,1
before_annealing,20260516-064844,154.0,154,1716.36,575.49,1716.36,575.49,242.0,8.78,1716.36,575.49,0.0,reference,1
annealing_T=100_h=25,20260629-230214,120.0,155,1721.87,52.669999999999995,1721.87,52.67,62.0,4.44,1718.51,47.18,6.436590712481203,matched,1
annealing_T=100_h=5,20260613-015321,137.0,155,1721.5600000000002,50.6,1721.56,50.6,99.0,5.61,1718.51,47.18,4.582455673544603,matched,1
annealing_T=125_h=25,20260902-011233,80.0,155,1721.86,49.93,1721.86,49.93,136.0,6.58,1718.51,47.18,4.334166586553796,matched,1
annealing_T=75_h=25,20260602-133829,145.0,155,1721.8100000000002,52.35,1721.81,52.35,367.0,10.81,1718.51,47.18,6.133424818158385,matched,1
annealing_T=75_h=5,20260523-062735,156.0,155,1722.25,52.76,1722.25,52.76,166.0,7.27,1718.51,47.18,6.717439988567077,matched,1
before_annealing,20260516-064844,155.0,155,1718.51,47.18,1718.51,47.18,182.0,7.61,1718.51,47.18,0.0,reference,1
annealing_T=100_h=5,20260613-015321,138.0,156,1737.3,625.89,1737.3,625.89,32.0,3.19,1737.83,622.23,3.6981752257025002,matched,1
annealing_T=125_h=5,20260725-020716,107.0,156,1737.88,628.0,1737.88,628.0,34.0,3.29,1737.83,622.23,5.770216633714874,matched,1
annealing_T=150_h=5,20260912-010115,69.0,156,1739.24,622.29,1739.24,622.29,41.0,3.61,1737.83,622.23,1.4112760183607684,matched,1
before_annealing,20260516-064844,156.0,156,1737.83,622.23,1737.83,622.23,33.0,3.24,1737.83,622.23,0.0,reference,1
annealing_T=100_h=25,20260629-230214,121.0,157,1744.16,666.08,1744.16,666.08,96.0,5.53,1744.47,661.06,5.029562605237251,matched,1
annealing_T=100_h=5,20260613-015321,139.0,157,1744.1500000000003,665.07,1744.15,665.07,111.0,5.94,1744.47,661.06,4.022747817102217,matched,1
annealing_T=125_h=25,20260902-011233,81.0,157,1745.53,663.69,1745.53,663.69,143.0,6.75,1744.47,661.06,2.8355775425828966,matched,1
annealing_T=125_h=5,20260725-020716,108.0,157,1743.78,666.06,1743.78,666.06,129.0,6.41,1744.47,661.06,5.047385461800999,matched,1
annealing_T=150_h=5,20260912-010115,70.0,157,1745.08,661.24,1745.08,661.24,120.0,6.18,1744.47,661.06,0.6360031446462359,matched,1
annealing_T=75_h=25,20260602-133829,146.0,157,1744.09,667.24,1744.09,667.24,96.0,5.53,1744.47,661.06,6.1916718259288315,matched,1
annealing_T=75_h=5,20260523-062735,158.0,157,1744.97,666.84,1744.97,666.84,77.0,4.95,1744.47,661.06,5.801585990054875,matched,1
before_annealing,20260516-064844,157.0,157,1744.47,661.06,1744.47,661.06,69.0,4.69,1744.47,661.06,0.0,reference,1
annealing_T=100_h=5,20260613-015321,140.0,158,1756.09,206.14,1756.09,206.14,142.0,6.72,1753.73,201.86,4.887535166113825,matched,1
annealing_T=75_h=25,20260602-133829,147.0,158,1756.38,207.66,1756.38,207.66,139.0,6.65,1753.73,201.86,6.376715455467672,matched,1
annealing_T=75_h=5,20260523-062735,159.0,158,1756.28,207.6,1756.28,207.6,127.0,6.36,1753.73,201.86,6.280931459584601,matched,1
before_annealing,20260516-064844,158.0,158,1753.7300000000002,201.86,1753.73,201.86,137.0,6.6,1753.73,201.86,0.0,reference,1
annealing_T=100_h=25,20260629-230214,122.0,159,1757.3,849.7400000000001,1757.3,849.74,732.0,15.26,1759.58,844.47,5.742064088809953,matched,1
annealing_T=100_h=5,20260613-015321,141.0,159,1758.04,848.4699999999999,1758.04,848.47,260.0,9.1,1759.58,844.47,4.286210447469767,matched,1
annealing_T=125_h=25,20260902-011233,82.0,159,1759.4800000000002,847.06,1759.48,847.06,160.0,7.14,1759.58,844.47,2.5919297829994377,matched,1
annealing_T=125_h=5,20260725-020716,109.0,159,1757.64,848.94,1757.64,848.94,166.0,7.27,1759.58,844.47,4.872832851637697,matched,1
annealing_T=150_h=25,20260919-004123,53.0,159,1758.32,847.44,1758.32,847.44,101.0,5.67,1759.58,844.47,3.2262206992083073,matched,1
annealing_T=150_h=5,20260912-010115,71.0,159,1759.62,844.7999999999998,1759.62,844.8,162.0,7.18,1759.58,844.47,0.3324154027717038,matched,1
annealing_T=75_h=25,20260602-133829,148.0,159,1757.3100000000002,850.2599999999999,1757.31,850.26,391.0,11.16,1759.58,844.47,6.219083533769035,matched,1
annealing_T=75_h=5,20260523-062735,160.0,159,1757.79,850.2199999999999,1757.79,850.22,605.0,13.88,1759.58,844.47,6.022175686576951,matched,1
before_annealing,20260516-064844,159.0,159,1759.58,844.4699999999999,1759.58,844.47,536.0,13.06,1759.58,844.47,0.0,reference,1
annealing_T=75_h=5,20260523-062735,161.0,160,1779.37,616.08,1779.37,616.08,42.0,3.66,1780.08,610.32,5.803593714242921,matched,1
before_annealing,20260516-064844,160.0,160,1780.08,610.32,1780.08,610.32,40.0,3.57,1780.08,610.32,0.0,reference,1
annealing_T=75_h=25,20260602-133829,149.0,161,1810.21,652.43,1810.21,652.43,36.0,3.39,1811.44,646.15,6.399320276404339,matched,1
before_annealing,20260516-064844,161.0,161,1811.4399999999998,646.15,1811.44,646.15,101.0,5.67,1811.44,646.15,0.0,reference,1
annealing_T=100_h=25,20260629-230214,123.0,162,1815.72,139.11,1815.72,139.11,125.0,6.31,1813.19,133.51,6.1449898291209655,matched,1
annealing_T=100_h=5,20260613-015321,142.0,162,1815.6899999999998,138.08,1815.69,138.08,172.0,7.4,1813.19,133.51,5.209117007708606,matched,1
annealing_T=125_h=5,20260725-020716,110.0,162,1816.17,138.58,1816.17,138.58,134.0,6.53,1813.19,133.51,5.880926797708022,matched,1
annealing_T=75_h=25,20260602-133829,150.0,162,1816.24,139.85,1816.24,139.85,132.0,6.48,1813.19,133.51,7.035488611319029,matched,1
annealing_T=75_h=5,20260523-062735,162.0,162,1816.74,139.39,1816.74,139.39,155.0,7.02,1813.19,133.51,6.868544241686124,matched,1
before_annealing,20260516-064844,162.0,162,1813.1899999999998,133.51,1813.19,133.51,143.0,6.75,1813.19,133.51,0.0,reference,1
annealing_T=100_h=25,20260629-230214,124.0,163,1817.5600000000002,992.62,1817.56,992.62,84.0,5.17,1820.97,987.41,6.226732690584957,matched,1
annealing_T=100_h=5,20260613-015321,143.0,163,1818.91,991.7000000000002,1818.91,991.7,192.0,7.82,1820.97,987.41,4.758959970413852,matched,1
annealing_T=150_h=5,20260912-010115,73.0,163,1821.47,987.75,1821.47,987.75,38.0,3.48,1820.97,987.41,0.6046486583132569,matched,1
annealing_T=75_h=25,20260602-133829,151.0,163,1817.7,993.52,1817.7,993.52,417.0,11.52,1820.97,987.41,6.930007215003463,matched,1
annealing_T=75_h=5,20260523-062735,163.0,163,1818.39,993.43,1818.39,993.43,331.0,10.26,1820.97,987.41,6.549564871042916,matched,1
before_annealing,20260516-064844,163.0,163,1820.97,987.41,1820.97,987.41,342.0,10.43,1820.97,987.41,0.0,reference,1
annealing_T=100_h=25,20260629-230214,125.0,164,1822.76,904.89,1822.76,904.89,241.0,8.76,1825.29,899.06,6.355297003287914,matched,1
annealing_T=100_h=5,20260613-015321,144.0,164,1823.41,903.58,1823.41,903.58,216.0,8.29,1825.29,899.06,4.895385582362274,matched,1
annealing_T=125_h=25,20260902-011233,83.0,164,1824.8,901.81,1824.8,901.81,119.0,6.15,1825.29,899.06,2.7933134446388235,matched,1
annealing_T=125_h=5,20260725-020716,111.0,164,1822.9399999999998,903.9699999999999,1822.94,903.97,181.0,7.59,1825.29,899.06,5.443399672998514,matched,1
annealing_T=75_h=25,20260602-133829,152.0,164,1822.8499999999997,905.5300000000001,1822.85,905.53,191.0,7.8,1825.29,899.06,6.9148029617627715,matched,1
annealing_T=75_h=5,20260523-062735,164.0,164,1823.2699999999998,905.38,1823.27,905.38,223.0,8.43,1825.29,899.06,6.634967972793952,matched,1
before_annealing,20260516-064844,164.0,164,1825.29,899.06,1825.29,899.06,210.0,8.18,1825.29,899.06,0.0,reference,1
annealing_T=100_h=25,20260629-230214,126.0,165,1833.68,277.22,1833.68,277.22,215.0,8.27,1832.31,271.49,5.891502355087413,matched,1
annealing_T=100_h=5,20260613-015321,145.0,165,1833.88,275.92,1833.88,275.92,183.0,7.63,1832.31,271.49,4.699978723356157,matched,1
annealing_T=125_h=25,20260902-011233,84.0,165,1834.55,275.02,1834.55,275.02,180.0,7.57,1832.31,271.49,4.180729601397326,matched,1
annealing_T=125_h=5,20260725-020716,112.0,165,1834.12,276.38,1834.12,276.38,179.0,7.55,1832.31,271.49,5.214230528083666,matched,1
annealing_T=150_h=25,20260919-004123,54.0,165,1834.4800000000002,275.16,1834.48,275.16,76.0,4.92,1832.31,271.49,4.263543127494012,matched,1
annealing_T=150_h=5,20260912-010115,74.0,165,1832.96,272.21,1832.96,272.21,276.0,9.37,1832.31,271.49,0.970000000000039,matched,1
annealing_T=75_h=25,20260602-133829,153.0,165,1834.13,277.89,1834.13,277.89,198.0,7.94,1832.31,271.49,6.653750821904913,matched,1
annealing_T=75_h=5,20260523-062735,165.0,165,1834.38,277.71,1834.38,277.71,258.0,9.06,1832.31,271.49,6.555402352258808,matched,1
before_annealing,20260516-064844,165.0,165,1832.3100000000002,271.49,1832.31,271.49,291.0,9.62,1832.31,271.49,0.0,reference,1
annealing_T=100_h=25,20260629-230214,127.0,166,1839.61,816.82,1839.61,816.82,86.0,5.23,1841.53,811.06,6.0715731075234105,matched,1
annealing_T=100_h=5,20260613-015321,146.0,166,1840.14,815.5300000000001,1840.14,815.53,146.0,6.82,1841.53,811.06,4.681132341645652,matched,1
annealing_T=125_h=25,20260902-011233,85.0,166,1841.24,813.91,1841.24,813.91,83.0,5.14,1841.53,811.06,2.8647163908492073,matched,1
annealing_T=125_h=5,20260725-020716,113.0,166,1839.82,816.83,1839.82,816.83,44.0,3.74,1841.53,811.06,6.018056164576834,matched,1
annealing_T=150_h=5,20260912-010115,75.0,166,1841.8100000000002,811.4500000000002,1841.81,811.45,71.0,4.75,1841.53,811.06,0.48010415536660245,matched,1
annealing_T=75_h=25,20260602-133829,155.0,166,1839.9399999999998,817.46,1839.94,817.46,144.0,6.77,1841.53,811.06,6.59455078075843,matched,1
annealing_T=75_h=5,20260523-062735,167.0,166,1840.11,817.19,1840.11,817.19,139.0,6.65,1841.53,811.06,6.292320716556137,matched,1
before_annealing,20260516-064844,166.0,166,1841.53,811.06,1841.53,811.06,206.0,8.1,1841.53,811.06,0.0,reference,1
annealing_T=100_h=25,20260629-230214,128.0,167,1839.6500000000003,881.9500000000002,1839.65,881.95,51.0,4.03,1841.85,876.77,5.627823735690381,matched,1
annealing_T=100_h=5,20260613-015321,147.0,167,1840.95,881.21,1840.95,881.21,36.0,3.39,1841.85,876.77,4.530298003443067,matched,1
annealing_T=75_h=25,20260602-133829,154.0,167,1839.37,883.23,1839.37,883.23,87.0,5.26,1841.85,876.77,6.919682073621631,matched,1
annealing_T=75_h=5,20260523-062735,166.0,167,1839.97,882.2800000000001,1839.97,882.28,81.0,5.08,1841.85,876.77,5.821898315841724,matched,1
before_annealing,20260516-064844,167.0,167,1841.8499999999997,876.77,1841.85,876.77,83.0,5.14,1841.85,876.77,0.0,reference,1
annealing_T=100_h=5,20260613-015321,148.0,168,1867.72,744.56,1867.72,744.56,53.0,4.11,1867.27,738.79,5.787521058277009,matched,1
annealing_T=125_h=25,20260902-011233,86.0,168,1866.5,741.33,1866.5,741.33,185.0,7.67,1867.27,738.79,2.6541476974728373,matched,1
annealing_T=125_h=5,20260725-020716,114.0,168,1866.17,743.65,1866.17,743.65,122.0,6.23,1867.27,738.79,4.982930864461189,matched,1
annealing_T=75_h=25,20260602-133829,156.0,168,1865.55,745.46,1865.55,745.46,83.0,5.14,1867.27,738.79,6.888200055166884,matched,1
annealing_T=75_h=5,20260523-062735,169.0,168,1866.07,744.83,1866.07,744.83,195.0,7.88,1867.27,738.79,6.158051639926467,matched,1
before_annealing,20260516-064844,168.0,168,1867.2699999999998,738.79,1867.27,738.79,209.0,8.16,1867.27,738.79,0.0,reference,1
annealing_T=100_h=25,20260629-230214,129.0,169,1887.6500000000003,377.21,1887.65,377.21,35.0,3.34,1888.17,371.02,6.211803280851682,matched,1
annealing_T=100_h=5,20260613-015321,149.0,169,1889.0999999999997,375.04,1889.1,375.04,40.0,3.57,1888.17,371.02,4.126172560618325,matched,1
annealing_T=125_h=25,20260902-011233,87.0,169,1890.59,373.87000000000006,1890.59,373.87,62.0,4.44,1888.17,371.02,3.738836717483087,matched,1
annealing_T=75_h=25,20260602-133829,157.0,169,1888.39,377.42,1888.39,377.42,47.0,3.87,1888.17,371.02,6.403780133639852,matched,1
annealing_T=75_h=5,20260523-062735,170.0,169,1888.72,377.2,1888.72,377.2,58.0,4.3,1888.17,371.02,6.204425839672841,matched,1
before_annealing,20260516-064844,169.0,169,1888.17,371.02,1888.17,371.02,113.0,6.0,1888.17,371.02,0.0,reference,1
annealing_T=100_h=25,20260629-230214,131.0,170,1893.14,265.05,1893.14,265.05,37.0,3.43,1891.55,260.13,5.170541557709464,matched,1
annealing_T=100_h=5,20260613-015321,151.0,170,1893.3499999999997,265.02,1893.35,265.02,55.0,4.18,1891.55,260.13,5.210767697758065,matched,1
annealing_T=125_h=25,20260902-011233,88.0,170,1893.76,263.69,1893.76,263.69,45.0,3.78,1891.55,260.13,4.190190926437622,matched,1
annealing_T=125_h=5,20260725-020716,115.0,170,1894.0,265.74,1894.0,265.74,44.0,3.74,1891.55,260.13,6.121650104342813,matched,1
annealing_T=150_h=5,20260912-010115,76.0,170,1892.61,260.18,1892.61,260.18,40.0,3.57,1891.55,260.13,1.061178590059131,matched,1
annealing_T=75_h=25,20260602-133829,159.0,170,1894.42,266.86,1894.42,266.86,45.0,3.78,1891.55,260.13,7.316406221636475,matched,1
annealing_T=75_h=5,20260523-062735,172.0,170,1894.6899999999998,266.95,1894.69,266.95,40.0,3.57,1891.55,260.13,7.508128928035207,matched,1
before_annealing,20260516-064844,170.0,170,1891.55,260.13,1891.55,260.13,56.0,4.22,1891.55,260.13,0.0,reference,1
annealing_T=100_h=25,20260629-230214,130.0,171,1891.64,925.84,1891.64,925.84,149.0,6.89,1894.29,919.7,6.687458411085568,matched,1
annealing_T=100_h=5,20260613-015321,150.0,171,1892.26,924.6,1892.26,924.6,145.0,6.79,1894.29,919.7,5.303857087064061,matched,1
annealing_T=75_h=25,20260602-133829,158.0,171,1891.47,926.59,1891.47,926.59,172.0,7.4,1894.29,919.7,7.444763260171505,matched,1
annealing_T=75_h=5,20260523-062735,171.0,171,1892.4000000000003,926.2999999999998,1892.4,926.3,171.0,7.38,1894.29,919.7,6.865282222894843,matched,1
before_annealing,20260516-064844,171.0,171,1894.29,919.7000000000002,1894.29,919.7,152.0,6.96,1894.29,919.7,0.0,reference,1
annealing_T=100_h=25,20260629-230214,132.0,172,1895.78,1066.85,1895.78,1066.85,159.0,7.11,1899.29,1060.7,7.081143975375607,matched,1
annealing_T=100_h=5,20260613-015321,152.0,172,1896.4800000000002,1065.55,1896.48,1065.55,223.0,8.43,1899.29,1060.7,5.605229700913026,matched,1
annealing_T=125_h=25,20260902-011233,89.0,172,1898.2300000000002,1064.01,1898.23,1064.01,175.0,7.46,1899.29,1060.7,3.4755862814781393,matched,1
annealing_T=125_h=5,20260725-020716,116.0,172,1895.89,1066.16,1895.89,1066.16,251.0,8.94,1899.29,1060.7,6.432075870199252,matched,1
annealing_T=150_h=25,20260919-004123,55.0,172,1897.21,1064.32,1897.21,1064.32,103.0,5.73,1899.29,1060.7,4.175020958031098,matched,1
annealing_T=150_h=5,20260912-010115,77.0,172,1899.0199999999998,1061.08,1899.02,1061.08,334.0,10.31,1899.29,1060.7,0.4661544808322914,matched,1
annealing_T=75_h=25,20260602-133829,160.0,172,1895.33,1067.23,1895.33,1067.23,176.0,7.48,1899.29,1060.7,7.636916917185883,matched,1
annealing_T=75_h=5,20260523-062735,173.0,172,1896.08,1067.22,1896.08,1067.22,220.0,8.37,1899.29,1060.7,7.2673585297548104,matched,1
before_annealing,20260516-064844,172.0,172,1899.29,1060.7,1899.29,1060.7,266.0,9.2,1899.29,1060.7,0.0,reference,1
annealing_T=100_h=25,20260629-230214,133.0,173,1913.14,649.41,1913.14,649.41,86.0,5.23,1914.2,643.18,6.319533210609793,matched,1
annealing_T=100_h=5,20260613-015321,153.0,173,1913.82,648.62,1913.82,648.62,58.0,4.3,1914.2,643.18,5.4532559081708865,matched,1
annealing_T=125_h=25,20260902-011233,90.0,173,1913.3100000000002,646.82,1913.31,646.82,45.0,3.78,1914.2,643.18,3.747225640390568,matched,1
annealing_T=125_h=5,20260725-020716,117.0,173,1913.61,648.13,1913.61,648.13,54.0,4.15,1914.2,643.18,4.985037612696681,matched,1
annealing_T=150_h=5,20260912-010115,78.0,173,1914.96,642.76,1914.96,642.76,31.0,3.14,1914.2,643.18,0.8683317338436687,matched,1
annealing_T=75_h=25,20260602-133829,161.0,173,1913.43,650.01,1913.43,650.01,144.0,6.77,1914.2,643.18,6.873267054319985,matched,1
annealing_T=75_h=5,20260523-062735,174.0,173,1914.0600000000002,649.84,1914.06,649.84,133.0,6.51,1914.2,643.18,6.6614713089527795,matched,1
before_annealing,20260516-064844,173.0,173,1914.2,643.18,1914.2,643.18,129.0,6.41,1914.2,643.18,0.0,reference,1
annealing_T=75_h=25,20260602-133829,162.0,174,1918.14,339.36,1918.14,339.36,31.0,3.14,1916.87,332.96,6.5247911843982385,matched,1
before_annealing,20260516-064844,174.0,174,1916.87,332.96,1916.87,332.96,31.0,3.14,1916.87,332.96,0.0,reference,1
annealing_T=75_h=25,20260602-133829,7.0,175,90.08999999999999,810.0,90.09,810.0,30.0,3.09,90.16,810.93,0.9326306878930738,matched,1
annealing_T=75_h=5,20260523-062735,7.0,175,90.16000000000001,810.93,90.16,810.93,32.0,3.19,90.16,810.93,,new,0
annealing_T=75_h=5,20260523-062735,12.0,176,149.97,225.86,149.97,225.86,177.0,7.51,149.97,225.86,,new,0
annealing_T=75_h=5,20260523-062735,15.0,177,203.07000000000002,1.71,203.07,1.71,44.0,3.74,203.07,1.71,,new,0
annealing_T=75_h=5,20260523-062735,29.0,178,355.10999999999996,818.2000000000002,355.11,818.2,378.0,10.97,355.11,818.2,,new,0
annealing_T=75_h=5,20260523-062735,32.0,179,399.82,862.94,399.82,862.94,38.0,3.48,399.82,862.94,,new,0
annealing_T=75_h=5,20260523-062735,34.0,180,432.81,815.7400000000001,432.81,815.74,99.0,5.61,432.81,815.74,,new,0
annealing_T=75_h=25,20260602-133829,41.0,181,590.86,233.16,590.86,233.16,36.0,3.39,590.6,234.68,1.5420765220961075,matched,1
annealing_T=75_h=5,20260523-062735,48.0,181,590.6,234.67999999999998,590.6,234.68,56.0,4.22,590.6,234.68,,new,0
annealing_T=75_h=5,20260523-062735,50.0,182,609.72,20.19,609.72,20.19,50.0,3.99,609.72,20.19,,new,0
annealing_T=100_h=25,20260629-230214,57.0,183,984.19,927.96,984.19,927.96,106.0,5.81,984.19,928.63,0.6699999999999591,matched,1
annealing_T=100_h=5,20260613-015321,68.0,183,984.2599999999999,927.4699999999999,984.26,927.47,61.0,4.41,984.19,928.63,1.1621101496846868,matched,1
annealing_T=75_h=25,20260602-133829,73.0,183,983.79,927.86,983.79,927.86,62.0,4.44,984.19,928.63,0.8676981041814282,matched,1
annealing_T=75_h=5,20260523-062735,81.0,183,984.19,928.63,984.19,928.63,56.0,4.22,984.19,928.63,,new,0
annealing_T=100_h=5,20260613-015321,94.0,184,1387.07,267.95,1387.07,267.95,40.0,3.57,1388.25,269.28,1.7780044994319075,matched,1
annealing_T=125_h=5,20260725-020716,78.0,184,1387.2699999999998,268.22,1387.27,268.22,39.0,3.52,1388.25,269.28,1.4436065946096137,matched,1
annealing_T=75_h=5,20260523-062735,111.0,184,1388.25,269.28,1388.25,269.28,35.0,3.34,1388.25,269.28,,new,0
annealing_T=75_h=5,20260523-062735,155.0,185,1718.91,1059.23,1718.91,1059.23,32.0,3.19,1718.91,1059.23,,new,0
annealing_T=75_h=5,20260523-062735,157.0,186,1738.68,16.12,1738.68,16.12,30.0,3.09,1738.68,16.12,,new,0
annealing_T=75_h=5,20260523-062735,168.0,187,1862.53,977.21,1862.53,977.21,38.0,3.48,1862.53,977.21,,new,0
annealing_T=125_h=5,20260725-020716,27.0,188,498.99,638.27,498.99,638.27,32.0,3.19,499.86,636.41,2.0534117950377264,matched,1
annealing_T=75_h=25,20260602-133829,35.0,188,499.85999999999996,636.41,499.86,636.41,30.0,3.09,499.86,636.41,,new,0
annealing_T=100_h=25,20260629-230214,44.0,189,788.23,31.61,788.23,31.61,42.0,3.66,788.83,31.6,0.6000833275471226,matched,1
annealing_T=125_h=5,20260725-020716,43.0,189,789.35,31.28,789.35,31.28,57.0,4.26,788.83,31.6,0.6105735008989346,matched,1
annealing_T=75_h=25,20260602-133829,57.0,189,788.83,31.600000000000005,788.83,31.6,41.0,3.61,788.83,31.6,,new,0
annealing_T=100_h=25,20260629-230214,67.0,190,1145.59,633.06,1145.59,633.06,95.0,5.5,1145.7,632.78,0.3008321791298476,matched,1
annealing_T=100_h=5,20260613-015321,77.0,190,1146.21,632.36,1146.21,632.36,105.0,5.78,1145.7,632.78,0.6606814663663242,matched,1
annealing_T=75_h=25,20260602-133829,83.0,190,1145.7,632.78,1145.7,632.78,135.0,6.56,1145.7,632.78,,new,0
annealing_T=75_h=25,20260602-133829,85.0,191,1185.19,619.57,1185.19,619.57,33.0,3.24,1185.19,619.57,,new,0
annealing_T=75_h=25,20260602-133829,102.0,192,1384.96,429.18,1384.96,429.18,80.0,5.05,1384.96,429.18,,new,0
annealing_T=75_h=25,20260602-133829,123.0,193,1585.67,547.95,1585.67,547.95,41.0,3.61,1585.67,547.95,,new,0
annealing_T=100_h=5,20260613-015321,7.0,194,118.51,99.55,118.51,99.55,34.0,3.29,118.51,99.55,,new,0
annealing_T=100_h=5,20260613-015321,24.0,195,374.2,937.75,374.2,937.75,54.0,4.15,374.2,937.75,,new,0
annealing_T=100_h=25,20260629-230214,88.0,196,1441.3100000000002,322.15,1441.31,322.15,42.0,3.66,1442.78,321.35,1.673588957898366,matched,1
annealing_T=100_h=5,20260613-015321,98.0,196,1442.78,321.35,1442.78,321.35,55.0,4.18,1442.78,321.35,,new,0
annealing_T=100_h=5,20260613-015321,112.0,197,1512.9000000000003,472.54,1512.9,472.54,77.0,4.95,1512.9,472.54,,new,0
annealing_T=100_h=25,20260629-230214,10.0,198,230.77,250.17999999999998,230.77,250.18,83.0,5.14,230.77,250.18,,new,0
annealing_T=100_h=25,20260629-230214,30.0,199,526.24,472.3500000000001,526.24,472.35,40.0,3.57,526.24,472.35,,new,0
annealing_T=100_h=25,20260629-230214,31.0,200,550.2,291.48,550.2,291.48,31.0,3.14,550.2,291.48,,new,0
annealing_T=100_h=25,20260629-230214,64.0,201,1101.21,20.98,1101.21,20.98,79.0,5.01,1101.21,20.98,,new,0
annealing_T=100_h=25,20260629-230214,74.0,202,1236.58,531.18,1236.58,531.18,130.0,6.43,1236.58,531.18,,new,0
annealing_T=125_h=5,20260725-020716,45.0,203,811.48,736.2000000000002,811.48,736.2,96.0,5.53,811.48,736.2,,new,0
annealing_T=125_h=25,20260902-011233,38.0,204,931.09,207.66,931.09,207.66,60.0,4.37,929.99,208.09,1.1810588469674388,matched,1
annealing_T=125_h=5,20260725-020716,53.0,204,929.9900000000001,208.09,929.99,208.09,54.0,4.15,929.99,208.09,,new,0
annealing_T=150_h=5,20260912-010115,36.0,204,928.94,207.58,928.94,207.58,96.0,5.53,929.99,208.09,1.1673045875005783,matched,1
annealing_T=125_h=5,20260725-020716,95.0,205,1639.9000000000003,56.52,1639.9,56.52,53.0,4.11,1639.9,56.52,,new,0
annealing_T=125_h=25,20260902-011233,17.0,206,411.85999999999996,210.44999999999996,411.86,210.45,62.0,4.44,411.86,210.45,,new,0
annealing_T=150_h=5,20260912-010115,5.0,207,58.919999999999995,3.4,58.92,3.4,75.0,4.89,58.92,3.4,,new,0
annealing_T=150_h=5,20260912-010115,59.0,208,1589.57,173.39,1589.57,173.39,69.0,4.69,1589.57,173.39,,new,0
annealing_T=150_h=5,20260912-010115,72.0,209,1779.68,681.34,1779.68,681.34,48.0,3.91,1779.68,681.34,,new,0
annealing_T=150_h=25,20260919-004123,40.0,210,1466.67,409.33,1466.67,409.33,222.0,8.41,1466.67,409.33,,new,0
