spot,x,y,luminosity,error,T,v,v_fin,phase,detection,status,integration_radius,integration_area,geometry_source_phase,geometry_source_run,geometry_mode,integration_radius_source_phase,integration_radius_source_run,run_number,match_distance
0,31.88,816.41,17.4483,0.441097,20.0,51.65,0.75,annealing_T=75_h=5,present,present,9.49,283.0,annealing_T=75_h=5,20260523-062735,phase_detection,before_annealing,20260516-064844,20260523-062735,5.3043095686432045
0,31.88,816.41,61.2852,0.377161,20.0,52.4,1.5,annealing_T=75_h=5,present,present,9.49,283.0,annealing_T=75_h=5,20260523-062735,phase_detection,before_annealing,20260516-064844,20260523-062735,5.3043095686432045
0,31.88,816.41,98.792,0.537155,20.0,52.9,2.0,annealing_T=75_h=5,present,present,9.49,283.0,annealing_T=75_h=5,20260523-062735,phase_detection,before_annealing,20260516-064844,20260523-062735,5.3043095686432045
0,31.88,816.41,145.265,0.752288,20.0,53.4,2.5,annealing_T=75_h=5,present,present,9.49,283.0,annealing_T=75_h=5,20260523-062735,phase_detection,before_annealing,20260516-064844,20260523-062735,5.3043095686432045
0,31.88,816.41,220.778,0.763781,20.0,53.9,3.0,annealing_T=75_h=5,present,present,9.49,283.0,annealing_T=75_h=5,20260523-062735,phase_detection,before_annealing,20260516-064844,20260523-062735,5.3043095686432045
0,31.88,816.41,553.32,1.35286,20.0,55.9,5.0,annealing_T=75_h=5,present,present,9.49,283.0,annealing_T=75_h=5,20260523-062735,phase_detection,before_annealing,20260516-064844,20260523-062735,5.3043095686432045
1,34.29,434.41,23.8458,0.69506,20.0,51.65,0.75,annealing_T=75_h=5,present,present,11.47,413.0,annealing_T=75_h=5,20260523-062735,phase_detection,before_annealing,20260516-064844,20260523-062735,5.7454329688892605
1,34.29,434.41,86.4076,0.597963,20.0,52.4,1.5,annealing_T=75_h=5,present,present,11.47,413.0,annealing_T=75_h=5,20260523-062735,phase_detection,before_annealing,20260516-064844,20260523-062735,5.7454329688892605
1,34.29,434.41,167.309,0.765253,20.0,52.9,2.0,annealing_T=75_h=5,present,present,11.47,413.0,annealing_T=75_h=5,20260523-062735,phase_detection,before_annealing,20260516-064844,20260523-062735,5.7454329688892605
1,34.29,434.41,249.399,0.851499,20.0,53.4,2.5,annealing_T=75_h=5,present,present,11.47,413.0,annealing_T=75_h=5,20260523-062735,phase_detection,before_annealing,20260516-064844,20260523-062735,5.7454329688892605
1,34.29,434.41,321.114,1.00992,20.0,53.9,3.0,annealing_T=75_h=5,present,present,11.47,413.0,annealing_T=75_h=5,20260523-062735,phase_detection,before_annealing,20260516-064844,20260523-062735,5.7454329688892605
1,34.29,434.41,879.563,1.69592,20.0,55.9,5.0,annealing_T=75_h=5,present,present,11.47,413.0,annealing_T=75_h=5,20260523-062735,phase_detection,before_annealing,20260516-064844,20260523-062735,5.7454329688892605
2,36.37,1045.99,18.3155,0.361755,20.0,51.65,0.75,annealing_T=75_h=5,present,present,8.39,221.0,annealing_T=75_h=5,20260523-062735,phase_detection,before_annealing,20260516-064844,20260523-062735,6.367770410434121
2,36.37,1045.99,58.1664,0.298119,20.0,52.4,1.5,annealing_T=75_h=5,present,present,8.39,221.0,annealing_T=75_h=5,20260523-062735,phase_detection,before_annealing,20260516-064844,20260523-062735,6.367770410434121
2,36.37,1045.99,85.1823,0.496342,20.0,52.9,2.0,annealing_T=75_h=5,present,present,8.39,221.0,annealing_T=75_h=5,20260523-062735,phase_detection,before_annealing,20260516-064844,20260523-062735,6.367770410434121
2,36.37,1045.99,118.533,0.583671,20.0,53.4,2.5,annealing_T=75_h=5,present,present,8.39,221.0,annealing_T=75_h=5,20260523-062735,phase_detection,before_annealing,20260516-064844,20260523-062735,6.367770410434121
2,36.37,1045.99,150.686,0.595907,20.0,53.9,3.0,annealing_T=75_h=5,present,present,8.39,221.0,annealing_T=75_h=5,20260523-062735,phase_detection,before_annealing,20260516-064844,20260523-062735,6.367770410434121
2,36.37,1045.99,320.846,1.02983,20.0,55.9,5.0,annealing_T=75_h=5,present,present,8.39,221.0,annealing_T=75_h=5,20260523-062735,phase_detection,before_annealing,20260516-064844,20260523-062735,6.367770410434121
3,44.92,962.99,1.6445,0.259591,20.0,51.65,0.75,annealing_T=75_h=5,present,present,6.18,120.0,annealing_T=75_h=5,20260523-062735,phase_detection,before_annealing,20260516-064844,20260523-062735,6.514982732133551
3,44.92,962.99,10.0205,0.234201,20.0,52.4,1.5,annealing_T=75_h=5,present,present,6.18,120.0,annealing_T=75_h=5,20260523-062735,phase_detection,before_annealing,20260516-064844,20260523-062735,6.514982732133551
3,44.92,962.99,19.2543,0.316279,20.0,52.9,2.0,annealing_T=75_h=5,present,present,6.18,120.0,annealing_T=75_h=5,20260523-062735,phase_detection,before_annealing,20260516-064844,20260523-062735,6.514982732133551
3,44.92,962.99,30.2691,0.297196,20.0,53.4,2.5,annealing_T=75_h=5,present,present,6.18,120.0,annealing_T=75_h=5,20260523-062735,phase_detection,before_annealing,20260516-064844,20260523-062735,6.514982732133551
3,44.92,962.99,45.2431,0.28125,20.0,53.9,3.0,annealing_T=75_h=5,present,present,6.18,120.0,annealing_T=75_h=5,20260523-062735,phase_detection,before_annealing,20260516-064844,20260523-062735,6.514982732133551
3,44.92,962.99,103.346,0.544527,20.0,55.9,5.0,annealing_T=75_h=5,present,present,6.18,120.0,annealing_T=75_h=5,20260523-062735,phase_detection,before_annealing,20260516-064844,20260523-062735,6.514982732133551
4,50.13,202.78,52.697,0.526569,20.0,51.65,0.75,annealing_T=75_h=5,present,present,11.03,382.0,annealing_T=75_h=5,20260523-062735,phase_detection,annealing_T=75_h=5,20260523-062735,20260523-062735,6.090155991434059
4,50.13,202.78,170.723,0.446292,20.0,52.4,1.5,annealing_T=75_h=5,present,present,11.03,382.0,annealing_T=75_h=5,20260523-062735,phase_detection,annealing_T=75_h=5,20260523-062735,20260523-062735,6.090155991434059
4,50.13,202.78,257.984,0.730913,20.0,52.9,2.0,annealing_T=75_h=5,present,present,11.03,382.0,annealing_T=75_h=5,20260523-062735,phase_detection,annealing_T=75_h=5,20260523-062735,20260523-062735,6.090155991434059
4,50.13,202.78,381.705,0.808615,20.0,53.4,2.5,annealing_T=75_h=5,present,present,11.03,382.0,annealing_T=75_h=5,20260523-062735,phase_detection,annealing_T=75_h=5,20260523-062735,20260523-062735,6.090155991434059
4,50.13,202.78,513.906,0.976356,20.0,53.9,3.0,annealing_T=75_h=5,present,present,11.03,382.0,annealing_T=75_h=5,20260523-062735,phase_detection,annealing_T=75_h=5,20260523-062735,20260523-062735,6.090155991434059
4,50.13,202.78,1066.4,2.06517,20.0,55.9,5.0,annealing_T=75_h=5,present,present,11.03,382.0,annealing_T=75_h=5,20260523-062735,phase_detection,annealing_T=75_h=5,20260523-062735,20260523-062735,6.090155991434059
5,60.62,12.86,2.64805,0.415279,20.0,51.65,0.75,annealing_T=75_h=5,present,present,7.51,177.0,annealing_T=75_h=5,20260523-062735,phase_detection,before_annealing,20260516-064844,20260523-062735,5.887002632919402
5,60.62,12.86,1.56454,0.512237,20.0,52.4,1.5,annealing_T=75_h=5,present,present,7.51,177.0,annealing_T=75_h=5,20260523-062735,phase_detection,before_annealing,20260516-064844,20260523-062735,5.887002632919402
5,60.62,12.86,8.54317,0.576903,20.0,52.9,2.0,annealing_T=75_h=5,present,present,7.51,177.0,annealing_T=75_h=5,20260523-062735,phase_detection,before_annealing,20260516-064844,20260523-062735,5.887002632919402
5,60.62,12.86,21.5052,0.606341,20.0,53.4,2.5,annealing_T=75_h=5,present,present,7.51,177.0,annealing_T=75_h=5,20260523-062735,phase_detection,before_annealing,20260516-064844,20260523-062735,5.887002632919402
5,60.62,12.86,34.4105,0.585138,20.0,53.9,3.0,annealing_T=75_h=5,present,present,7.51,177.0,annealing_T=75_h=5,20260523-062735,phase_detection,before_annealing,20260516-064844,20260523-062735,5.887002632919402
5,60.62,12.86,116.408,0.930982,20.0,55.9,5.0,annealing_T=75_h=5,present,present,7.51,177.0,annealing_T=75_h=5,20260523-062735,phase_detection,before_annealing,20260516-064844,20260523-062735,5.887002632919402
6,81.48,332.81,42.4282,0.517332,20.0,51.65,0.75,annealing_T=75_h=5,present,present,10.42,341.0,annealing_T=75_h=5,20260523-062735,phase_detection,annealing_T=75_h=25,20260602-133829,20260523-062735,5.573670245000135
6,81.48,332.81,150.358,0.570488,20.0,52.4,1.5,annealing_T=75_h=5,present,present,10.42,341.0,annealing_T=75_h=5,20260523-062735,phase_detection,annealing_T=75_h=25,20260602-133829,20260523-062735,5.573670245000135
6,81.48,332.81,265.958,0.693053,20.0,52.9,2.0,annealing_T=75_h=5,present,present,10.42,341.0,annealing_T=75_h=5,20260523-062735,phase_detection,annealing_T=75_h=25,20260602-133829,20260523-062735,5.573670245000135
6,81.48,332.81,372.905,0.599367,20.0,53.4,2.5,annealing_T=75_h=5,present,present,10.42,341.0,annealing_T=75_h=5,20260523-062735,phase_detection,annealing_T=75_h=25,20260602-133829,20260523-062735,5.573670245000135
6,81.48,332.81,462.148,0.950767,20.0,53.9,3.0,annealing_T=75_h=5,present,present,10.42,341.0,annealing_T=75_h=5,20260523-062735,phase_detection,annealing_T=75_h=25,20260602-133829,20260523-062735,5.573670245000135
6,81.48,332.81,965.196,1.85921,20.0,55.9,5.0,annealing_T=75_h=5,present,present,10.42,341.0,annealing_T=75_h=5,20260523-062735,phase_detection,annealing_T=75_h=25,20260602-133829,20260523-062735,5.573670245000135
7,90.47,698.84,8.75926,0.350526,20.0,51.65,0.75,annealing_T=75_h=5,present,present,7.25,165.0,annealing_T=75_h=5,20260523-062735,phase_detection,annealing_T=75_h=5,20260523-062735,20260523-062735,5.711829829397892
7,90.47,698.84,22.3501,0.363504,20.0,52.4,1.5,annealing_T=75_h=5,present,present,7.25,165.0,annealing_T=75_h=5,20260523-062735,phase_detection,annealing_T=75_h=5,20260523-062735,20260523-062735,5.711829829397892
7,90.47,698.84,42.6244,0.451839,20.0,52.9,2.0,annealing_T=75_h=5,present,present,7.25,165.0,annealing_T=75_h=5,20260523-062735,phase_detection,annealing_T=75_h=5,20260523-062735,20260523-062735,5.711829829397892
7,90.47,698.84,66.912,0.50113,20.0,53.4,2.5,annealing_T=75_h=5,present,present,7.25,165.0,annealing_T=75_h=5,20260523-062735,phase_detection,annealing_T=75_h=5,20260523-062735,20260523-062735,5.711829829397892
7,90.47,698.84,94.6874,0.358162,20.0,53.9,3.0,annealing_T=75_h=5,present,present,7.25,165.0,annealing_T=75_h=5,20260523-062735,phase_detection,annealing_T=75_h=5,20260523-062735,20260523-062735,5.711829829397892
7,90.47,698.84,256.13,0.880924,20.0,55.9,5.0,annealing_T=75_h=5,present,present,7.25,165.0,annealing_T=75_h=5,20260523-062735,phase_detection,annealing_T=75_h=5,20260523-062735,20260523-062735,5.711829829397892
8,99.9,270.03,6.35461,0.433508,20.0,51.65,0.75,annealing_T=75_h=5,present,present,9.1,260.0,annealing_T=75_h=5,20260523-062735,phase_detection,annealing_T=75_h=25,20260602-133829,20260523-062735,5.777482150556616
8,99.9,270.03,23.1353,0.538115,20.0,52.4,1.5,annealing_T=75_h=5,present,present,9.1,260.0,annealing_T=75_h=5,20260523-062735,phase_detection,annealing_T=75_h=25,20260602-133829,20260523-062735,5.777482150556616
8,99.9,270.03,42.8992,0.596313,20.0,52.9,2.0,annealing_T=75_h=5,present,present,9.1,260.0,annealing_T=75_h=5,20260523-062735,phase_detection,annealing_T=75_h=25,20260602-133829,20260523-062735,5.777482150556616
8,99.9,270.03,66.645,0.716723,20.0,53.4,2.5,annealing_T=75_h=5,present,present,9.1,260.0,annealing_T=75_h=5,20260523-062735,phase_detection,annealing_T=75_h=25,20260602-133829,20260523-062735,5.777482150556616
8,99.9,270.03,91.7076,0.749015,20.0,53.9,3.0,annealing_T=75_h=5,present,present,9.1,260.0,annealing_T=75_h=5,20260523-062735,phase_detection,annealing_T=75_h=25,20260602-133829,20260523-062735,5.777482150556616
8,99.9,270.03,222.931,1.06156,20.0,55.9,5.0,annealing_T=75_h=5,present,present,9.1,260.0,annealing_T=75_h=5,20260523-062735,phase_detection,annealing_T=75_h=25,20260602-133829,20260523-062735,5.777482150556616
9,117.89,1066.6,1.27145,0.407807,20.0,51.65,0.75,annealing_T=75_h=5,present,present,4.75,71.0,annealing_T=75_h=5,20260523-062735,phase_detection,before_annealing,20260516-064844,20260523-062735,5.854861228073741
9,117.89,1066.6,3.77199,0.323162,20.0,52.4,1.5,annealing_T=75_h=5,present,present,4.75,71.0,annealing_T=75_h=5,20260523-062735,phase_detection,before_annealing,20260516-064844,20260523-062735,5.854861228073741
9,117.89,1066.6,7.76384,0.427295,20.0,52.9,2.0,annealing_T=75_h=5,present,present,4.75,71.0,annealing_T=75_h=5,20260523-062735,phase_detection,before_annealing,20260516-064844,20260523-062735,5.854861228073741
9,117.89,1066.6,13.173,0.41536,20.0,53.4,2.5,annealing_T=75_h=5,present,present,4.75,71.0,annealing_T=75_h=5,20260523-062735,phase_detection,before_annealing,20260516-064844,20260523-062735,5.854861228073741
9,117.89,1066.6,19.7228,0.599914,20.0,53.9,3.0,annealing_T=75_h=5,present,present,4.75,71.0,annealing_T=75_h=5,20260523-062735,phase_detection,before_annealing,20260516-064844,20260523-062735,5.854861228073741
9,117.89,1066.6,53.2137,0.905194,20.0,55.9,5.0,annealing_T=75_h=5,present,present,4.75,71.0,annealing_T=75_h=5,20260523-062735,phase_detection,before_annealing,20260516-064844,20260523-062735,5.854861228073741
10,148.8,605.26,59.5414,0.610588,20.0,51.65,0.75,annealing_T=75_h=5,present,present,10.9,373.0,annealing_T=75_h=5,20260523-062735,phase_detection,annealing_T=100_h=5,20260613-015321,20260523-062735,5.362779130264477
10,148.8,605.26,17.6881,0.745153,20.0,52.4,1.5,annealing_T=75_h=5,present,present,10.9,373.0,annealing_T=75_h=5,20260523-062735,phase_detection,annealing_T=100_h=5,20260613-015321,20260523-062735,5.362779130264477
10,148.8,605.26,27.4275,0.857052,20.0,52.9,2.0,annealing_T=75_h=5,present,present,10.9,373.0,annealing_T=75_h=5,20260523-062735,phase_detection,annealing_T=100_h=5,20260613-015321,20260523-062735,5.362779130264477
10,148.8,605.26,41.6904,1.04801,20.0,53.4,2.5,annealing_T=75_h=5,present,present,10.9,373.0,annealing_T=75_h=5,20260523-062735,phase_detection,annealing_T=100_h=5,20260613-015321,20260523-062735,5.362779130264477
10,148.8,605.26,55.9083,1.04032,20.0,53.9,3.0,annealing_T=75_h=5,present,present,10.9,373.0,annealing_T=75_h=5,20260523-062735,phase_detection,annealing_T=100_h=5,20260613-015321,20260523-062735,5.362779130264477
10,148.8,605.26,208.093,2.98047,20.0,55.9,5.0,annealing_T=75_h=5,present,present,10.9,373.0,annealing_T=75_h=5,20260523-062735,phase_detection,annealing_T=100_h=5,20260613-015321,20260523-062735,5.362779130264477
11,160.17,431.92,6.07769,0.501535,20.0,51.65,0.75,annealing_T=75_h=5,present,present,5.53,96.0,annealing_T=75_h=5,20260523-062735,phase_detection,annealing_T=75_h=5,20260523-062735,20260523-062735,5.078867984108262
11,160.17,431.92,14.5517,0.536993,20.0,52.4,1.5,annealing_T=75_h=5,present,present,5.53,96.0,annealing_T=75_h=5,20260523-062735,phase_detection,annealing_T=75_h=5,20260523-062735,20260523-062735,5.078867984108262
11,160.17,431.92,20.8951,0.570682,20.0,52.9,2.0,annealing_T=75_h=5,present,present,5.53,96.0,annealing_T=75_h=5,20260523-062735,phase_detection,annealing_T=75_h=5,20260523-062735,20260523-062735,5.078867984108262
11,160.17,431.92,28.0397,0.578236,20.0,53.4,2.5,annealing_T=75_h=5,present,present,5.53,96.0,annealing_T=75_h=5,20260523-062735,phase_detection,annealing_T=75_h=5,20260523-062735,20260523-062735,5.078867984108262
11,160.17,431.92,36.2222,0.57513,20.0,53.9,3.0,annealing_T=75_h=5,present,present,5.53,96.0,annealing_T=75_h=5,20260523-062735,phase_detection,annealing_T=75_h=5,20260523-062735,20260523-062735,5.078867984108262
11,160.17,431.92,61.7167,0.556302,20.0,55.9,5.0,annealing_T=75_h=5,present,present,5.53,96.0,annealing_T=75_h=5,20260523-062735,phase_detection,annealing_T=75_h=5,20260523-062735,20260523-062735,5.078867984108262
12,195.45,135.38,36.0765,0.599953,20.0,51.65,0.75,annealing_T=75_h=5,present,present,12.28,474.0,annealing_T=75_h=5,20260523-062735,phase_detection,before_annealing,20260516-064844,20260523-062735,5.428609398363419
12,195.45,135.38,120.798,0.679488,20.0,52.4,1.5,annealing_T=75_h=5,present,present,12.28,474.0,annealing_T=75_h=5,20260523-062735,phase_detection,before_annealing,20260516-064844,20260523-062735,5.428609398363419
12,195.45,135.38,214.42,0.791762,20.0,52.9,2.0,annealing_T=75_h=5,present,present,12.28,474.0,annealing_T=75_h=5,20260523-062735,phase_detection,before_annealing,20260516-064844,20260523-062735,5.428609398363419
12,195.45,135.38,311.901,1.03201,20.0,53.4,2.5,annealing_T=75_h=5,present,present,12.28,474.0,annealing_T=75_h=5,20260523-062735,phase_detection,before_annealing,20260516-064844,20260523-062735,5.428609398363419
12,195.45,135.38,450.574,1.18282,20.0,53.9,3.0,annealing_T=75_h=5,present,present,12.28,474.0,annealing_T=75_h=5,20260523-062735,phase_detection,before_annealing,20260516-064844,20260523-062735,5.428609398363419
12,195.45,135.38,1233.12,2.16972,20.0,55.9,5.0,annealing_T=75_h=5,present,present,12.28,474.0,annealing_T=75_h=5,20260523-062735,phase_detection,before_annealing,20260516-064844,20260523-062735,5.428609398363419
13,197.26,576.07,-0.117351,0.260303,20.0,51.65,0.75,annealing_T=75_h=5,absent,disappeared,6.43,130.0,before_annealing,20260516-064844,previous_detection,annealing_T=75_h=25,20260602-133829,20260523-062735,0.0
13,197.26,576.07,-0.141882,0.345816,20.0,52.4,1.5,annealing_T=75_h=5,absent,disappeared,6.43,130.0,before_annealing,20260516-064844,previous_detection,annealing_T=75_h=25,20260602-133829,20260523-062735,0.0
13,197.26,576.07,1.62433,0.304098,20.0,52.9,2.0,annealing_T=75_h=5,absent,disappeared,6.43,130.0,before_annealing,20260516-064844,previous_detection,annealing_T=75_h=25,20260602-133829,20260523-062735,0.0
13,197.26,576.07,2.51811,0.445434,20.0,53.4,2.5,annealing_T=75_h=5,absent,disappeared,6.43,130.0,before_annealing,20260516-064844,previous_detection,annealing_T=75_h=25,20260602-133829,20260523-062735,0.0
13,197.26,576.07,4.54503,0.383344,20.0,53.9,3.0,annealing_T=75_h=5,absent,disappeared,6.43,130.0,before_annealing,20260516-064844,previous_detection,annealing_T=75_h=25,20260602-133829,20260523-062735,0.0
13,197.26,576.07,62.4956,0.713822,20.0,55.9,5.0,annealing_T=75_h=5,absent,disappeared,6.43,130.0,before_annealing,20260516-064844,previous_detection,annealing_T=75_h=25,20260602-133829,20260523-062735,0.0
14,204.95,888.63,2.23366,0.51929,20.0,51.65,0.75,annealing_T=75_h=5,present,present,6.86,148.0,annealing_T=75_h=5,20260523-062735,phase_detection,before_annealing,20260516-064844,20260523-062735,3.9504936400404116
14,204.95,888.63,11.2811,0.440367,20.0,52.4,1.5,annealing_T=75_h=5,present,present,6.86,148.0,annealing_T=75_h=5,20260523-062735,phase_detection,before_annealing,20260516-064844,20260523-062735,3.9504936400404116
14,204.95,888.63,26.5535,0.488561,20.0,52.9,2.0,annealing_T=75_h=5,present,present,6.86,148.0,annealing_T=75_h=5,20260523-062735,phase_detection,before_annealing,20260516-064844,20260523-062735,3.9504936400404116
14,204.95,888.63,42.4573,0.467638,20.0,53.4,2.5,annealing_T=75_h=5,present,present,6.86,148.0,annealing_T=75_h=5,20260523-062735,phase_detection,before_annealing,20260516-064844,20260523-062735,3.9504936400404116
14,204.95,888.63,62.364,0.614118,20.0,53.9,3.0,annealing_T=75_h=5,present,present,6.86,148.0,annealing_T=75_h=5,20260523-062735,phase_detection,before_annealing,20260516-064844,20260523-062735,3.9504936400404116
14,204.95,888.63,193.117,1.11783,20.0,55.9,5.0,annealing_T=75_h=5,present,present,6.86,148.0,annealing_T=75_h=5,20260523-062735,phase_detection,before_annealing,20260516-064844,20260523-062735,3.9504936400404116
15,206.09,815.69,-0.381129,0.0353959,20.0,51.65,0.75,annealing_T=75_h=5,absent,disappeared,3.24,33.0,before_annealing,20260516-064844,previous_detection,before_annealing,20260516-064844,20260523-062735,0.0
15,206.09,815.69,-0.070791,0.264413,20.0,52.4,1.5,annealing_T=75_h=5,absent,disappeared,3.24,33.0,before_annealing,20260516-064844,previous_detection,before_annealing,20260516-064844,20260523-062735,0.0
15,206.09,815.69,2.7648,0.0774225,20.0,52.9,2.0,annealing_T=75_h=5,absent,disappeared,3.24,33.0,before_annealing,20260516-064844,previous_detection,before_annealing,20260516-064844,20260523-062735,0.0
15,206.09,815.69,1.68824,0.0783234,20.0,53.4,2.5,annealing_T=75_h=5,absent,disappeared,3.24,33.0,before_annealing,20260516-064844,previous_detection,before_annealing,20260516-064844,20260523-062735,0.0
15,206.09,815.69,3.34259,0.280237,20.0,53.9,3.0,annealing_T=75_h=5,absent,disappeared,3.24,33.0,before_annealing,20260516-064844,previous_detection,before_annealing,20260516-064844,20260523-062735,0.0
15,206.09,815.69,10.0933,0.12522,20.0,55.9,5.0,annealing_T=75_h=5,absent,disappeared,3.24,33.0,before_annealing,20260516-064844,previous_detection,before_annealing,20260516-064844,20260523-062735,0.0
16,219.34,309.79,5.84992,0.436481,20.0,51.65,0.75,annealing_T=75_h=5,present,present,8.85,246.0,annealing_T=75_h=5,20260523-062735,phase_detection,annealing_T=100_h=5,20260613-015321,20260523-062735,4.436361121459791
16,219.34,309.79,23.328,0.421242,20.0,52.4,1.5,annealing_T=75_h=5,present,present,8.85,246.0,annealing_T=75_h=5,20260523-062735,phase_detection,annealing_T=100_h=5,20260613-015321,20260523-062735,4.436361121459791
16,219.34,309.79,51.6442,0.62904,20.0,52.9,2.0,annealing_T=75_h=5,present,present,8.85,246.0,annealing_T=75_h=5,20260523-062735,phase_detection,annealing_T=100_h=5,20260613-015321,20260523-062735,4.436361121459791
16,219.34,309.79,74.1065,0.709317,20.0,53.4,2.5,annealing_T=75_h=5,present,present,8.85,246.0,annealing_T=75_h=5,20260523-062735,phase_detection,annealing_T=100_h=5,20260613-015321,20260523-062735,4.436361121459791
16,219.34,309.79,112.209,1.09639,20.0,53.9,3.0,annealing_T=75_h=5,present,present,8.85,246.0,annealing_T=75_h=5,20260523-062735,phase_detection,annealing_T=100_h=5,20260613-015321,20260523-062735,4.436361121459791
16,219.34,309.79,169.479,0.672069,20.0,55.9,5.0,annealing_T=75_h=5,present,present,8.85,246.0,annealing_T=75_h=5,20260523-062735,phase_detection,annealing_T=100_h=5,20260613-015321,20260523-062735,4.436361121459791
17,235.25,472.37,8.44032,0.375015,20.0,51.65,0.75,annealing_T=75_h=5,present,present,6.98,153.0,annealing_T=75_h=5,20260523-062735,phase_detection,before_annealing,20260516-064844,20260523-062735,4.646084372888592
17,235.25,472.37,22.4257,0.35692,20.0,52.4,1.5,annealing_T=75_h=5,present,present,6.98,153.0,annealing_T=75_h=5,20260523-062735,phase_detection,before_annealing,20260516-064844,20260523-062735,4.646084372888592
17,235.25,472.37,37.3115,0.40946,20.0,52.9,2.0,annealing_T=75_h=5,present,present,6.98,153.0,annealing_T=75_h=5,20260523-062735,phase_detection,before_annealing,20260516-064844,20260523-062735,4.646084372888592
17,235.25,472.37,53.8292,0.436464,20.0,53.4,2.5,annealing_T=75_h=5,present,present,6.98,153.0,annealing_T=75_h=5,20260523-062735,phase_detection,before_annealing,20260516-064844,20260523-062735,4.646084372888592
17,235.25,472.37,77.6286,0.528855,20.0,53.9,3.0,annealing_T=75_h=5,present,present,6.98,153.0,annealing_T=75_h=5,20260523-062735,phase_detection,before_annealing,20260516-064844,20260523-062735,4.646084372888592
17,235.25,472.37,161.217,0.894415,20.0,55.9,5.0,annealing_T=75_h=5,present,present,6.98,153.0,annealing_T=75_h=5,20260523-062735,phase_detection,before_annealing,20260516-064844,20260523-062735,4.646084372888592
18,237.08,110.11,4.58512,0.375262,20.0,51.65,0.75,annealing_T=75_h=5,present,present,6.75,143.0,annealing_T=75_h=5,20260523-062735,phase_detection,annealing_T=100_h=5,20260613-015321,20260523-062735,4.275476581622218
18,237.08,110.11,20.3239,0.290995,20.0,52.4,1.5,annealing_T=75_h=5,present,present,6.75,143.0,annealing_T=75_h=5,20260523-062735,phase_detection,annealing_T=100_h=5,20260613-015321,20260523-062735,4.275476581622218
18,237.08,110.11,28.0935,0.445547,20.0,52.9,2.0,annealing_T=75_h=5,present,present,6.75,143.0,annealing_T=75_h=5,20260523-062735,phase_detection,annealing_T=100_h=5,20260613-015321,20260523-062735,4.275476581622218
18,237.08,110.11,41.1735,0.530854,20.0,53.4,2.5,annealing_T=75_h=5,present,present,6.75,143.0,annealing_T=75_h=5,20260523-062735,phase_detection,annealing_T=100_h=5,20260613-015321,20260523-062735,4.275476581622218
18,237.08,110.11,53.3614,0.481915,20.0,53.9,3.0,annealing_T=75_h=5,present,present,6.75,143.0,annealing_T=75_h=5,20260523-062735,phase_detection,annealing_T=100_h=5,20260613-015321,20260523-062735,4.275476581622218
18,237.08,110.11,89.6839,0.431532,20.0,55.9,5.0,annealing_T=75_h=5,present,present,6.75,143.0,annealing_T=75_h=5,20260523-062735,phase_detection,annealing_T=100_h=5,20260613-015321,20260523-062735,4.275476581622218
19,259.32,135.14,31.3002,0.331944,20.0,51.65,0.75,annealing_T=75_h=5,present,present,9.95,311.0,annealing_T=75_h=5,20260523-062735,phase_detection,annealing_T=75_h=5,20260523-062735,20260523-062735,4.9869630036726775
19,259.32,135.14,95.5257,0.333905,20.0,52.4,1.5,annealing_T=75_h=5,present,present,9.95,311.0,annealing_T=75_h=5,20260523-062735,phase_detection,annealing_T=75_h=5,20260523-062735,20260523-062735,4.9869630036726775
19,259.32,135.14,157.792,0.515959,20.0,52.9,2.0,annealing_T=75_h=5,present,present,9.95,311.0,annealing_T=75_h=5,20260523-062735,phase_detection,annealing_T=75_h=5,20260523-062735,20260523-062735,4.9869630036726775
19,259.32,135.14,230.847,0.580381,20.0,53.4,2.5,annealing_T=75_h=5,present,present,9.95,311.0,annealing_T=75_h=5,20260523-062735,phase_detection,annealing_T=75_h=5,20260523-062735,20260523-062735,4.9869630036726775
19,259.32,135.14,309.516,0.541997,20.0,53.9,3.0,annealing_T=75_h=5,present,present,9.95,311.0,annealing_T=75_h=5,20260523-062735,phase_detection,annealing_T=75_h=5,20260523-062735,20260523-062735,4.9869630036726775
19,259.32,135.14,613.327,1.34206,20.0,55.9,5.0,annealing_T=75_h=5,present,present,9.95,311.0,annealing_T=75_h=5,20260523-062735,phase_detection,annealing_T=75_h=5,20260523-062735,20260523-062735,4.9869630036726775
20,279.45,941.61,0.490581,0.129861,20.0,51.65,0.75,annealing_T=75_h=5,present,present,4.22,56.0,annealing_T=75_h=5,20260523-062735,phase_detection,annealing_T=75_h=5,20260523-062735,20260523-062735,4.642951647389785
20,279.45,941.61,6.31868,0.187319,20.0,52.4,1.5,annealing_T=75_h=5,present,present,4.22,56.0,annealing_T=75_h=5,20260523-062735,phase_detection,annealing_T=75_h=5,20260523-062735,20260523-062735,4.642951647389785
20,279.45,941.61,9.18993,0.254058,20.0,52.9,2.0,annealing_T=75_h=5,present,present,4.22,56.0,annealing_T=75_h=5,20260523-062735,phase_detection,annealing_T=75_h=5,20260523-062735,20260523-062735,4.642951647389785
20,279.45,941.61,8.75979,0.204613,20.0,53.4,2.5,annealing_T=75_h=5,present,present,4.22,56.0,annealing_T=75_h=5,20260523-062735,phase_detection,annealing_T=75_h=5,20260523-062735,20260523-062735,4.642951647389785
20,279.45,941.61,13.471,0.210436,20.0,53.9,3.0,annealing_T=75_h=5,present,present,4.22,56.0,annealing_T=75_h=5,20260523-062735,phase_detection,annealing_T=75_h=5,20260523-062735,20260523-062735,4.642951647389785
20,279.45,941.61,31.3187,0.299969,20.0,55.9,5.0,annealing_T=75_h=5,present,present,4.22,56.0,annealing_T=75_h=5,20260523-062735,phase_detection,annealing_T=75_h=5,20260523-062735,20260523-062735,4.642951647389785
21,289.79,757.72,0.373867,0.104299,20.0,51.65,0.75,annealing_T=75_h=5,absent,disappeared,4.18,55.0,before_annealing,20260516-064844,previous_detection,before_annealing,20260516-064844,20260523-062735,0.0
21,289.79,757.72,1.69335,0.11295,20.0,52.4,1.5,annealing_T=75_h=5,absent,disappeared,4.18,55.0,before_annealing,20260516-064844,previous_detection,before_annealing,20260516-064844,20260523-062735,0.0
21,289.79,757.72,1.79345,0.222966,20.0,52.9,2.0,annealing_T=75_h=5,absent,disappeared,4.18,55.0,before_annealing,20260516-064844,previous_detection,before_annealing,20260516-064844,20260523-062735,0.0
21,289.79,757.72,3.90663,0.236413,20.0,53.4,2.5,annealing_T=75_h=5,absent,disappeared,4.18,55.0,before_annealing,20260516-064844,previous_detection,before_annealing,20260516-064844,20260523-062735,0.0
21,289.79,757.72,4.5091,0.200531,20.0,53.9,3.0,annealing_T=75_h=5,absent,disappeared,4.18,55.0,before_annealing,20260516-064844,previous_detection,before_annealing,20260516-064844,20260523-062735,0.0
21,289.79,757.72,16.2076,0.271637,20.0,55.9,5.0,annealing_T=75_h=5,absent,disappeared,4.18,55.0,before_annealing,20260516-064844,previous_detection,before_annealing,20260516-064844,20260523-062735,0.0
22,311.44,1061.78,2.46522,0.429783,20.0,51.65,0.75,annealing_T=75_h=5,present,present,5.56,97.0,annealing_T=75_h=5,20260523-062735,phase_detection,annealing_T=100_h=5,20260613-015321,20260523-062735,4.587570162951173
22,311.44,1061.78,3.01112,0.383832,20.0,52.4,1.5,annealing_T=75_h=5,present,present,5.56,97.0,annealing_T=75_h=5,20260523-062735,phase_detection,annealing_T=100_h=5,20260613-015321,20260523-062735,4.587570162951173
22,311.44,1061.78,9.2998,0.495605,20.0,52.9,2.0,annealing_T=75_h=5,present,present,5.56,97.0,annealing_T=75_h=5,20260523-062735,phase_detection,annealing_T=100_h=5,20260613-015321,20260523-062735,4.587570162951173
22,311.44,1061.78,20.1409,0.479363,20.0,53.4,2.5,annealing_T=75_h=5,present,present,5.56,97.0,annealing_T=75_h=5,20260523-062735,phase_detection,annealing_T=100_h=5,20260613-015321,20260523-062735,4.587570162951173
22,311.44,1061.78,22.9372,0.698145,20.0,53.9,3.0,annealing_T=75_h=5,present,present,5.56,97.0,annealing_T=75_h=5,20260523-062735,phase_detection,annealing_T=100_h=5,20260613-015321,20260523-062735,4.587570162951173
22,311.44,1061.78,74.9997,0.880692,20.0,55.9,5.0,annealing_T=75_h=5,present,present,5.56,97.0,annealing_T=75_h=5,20260523-062735,phase_detection,annealing_T=100_h=5,20260613-015321,20260523-062735,4.587570162951173
23,314.2,874.35,12.1275,0.309617,20.0,51.65,0.75,annealing_T=75_h=5,present,present,7.33,169.0,annealing_T=75_h=5,20260523-062735,phase_detection,annealing_T=100_h=5,20260613-015321,20260523-062735,4.777656329205803
23,314.2,874.35,27.398,0.342844,20.0,52.4,1.5,annealing_T=75_h=5,present,present,7.33,169.0,annealing_T=75_h=5,20260523-062735,phase_detection,annealing_T=100_h=5,20260613-015321,20260523-062735,4.777656329205803
23,314.2,874.35,48.4351,0.311599,20.0,52.9,2.0,annealing_T=75_h=5,present,present,7.33,169.0,annealing_T=75_h=5,20260523-062735,phase_detection,annealing_T=100_h=5,20260613-015321,20260523-062735,4.777656329205803
23,314.2,874.35,61.1294,0.348606,20.0,53.4,2.5,annealing_T=75_h=5,present,present,7.33,169.0,annealing_T=75_h=5,20260523-062735,phase_detection,annealing_T=100_h=5,20260613-015321,20260523-062735,4.777656329205803
23,314.2,874.35,81.7309,0.521728,20.0,53.9,3.0,annealing_T=75_h=5,present,present,7.33,169.0,annealing_T=75_h=5,20260523-062735,phase_detection,annealing_T=100_h=5,20260613-015321,20260523-062735,4.777656329205803
23,314.2,874.35,188.056,0.789636,20.0,55.9,5.0,annealing_T=75_h=5,present,present,7.33,169.0,annealing_T=75_h=5,20260523-062735,phase_detection,annealing_T=100_h=5,20260613-015321,20260523-062735,4.777656329205803
24,333.5,982.14,7.71684,0.185012,20.0,51.65,0.75,annealing_T=75_h=5,present,present,6.33,126.0,annealing_T=75_h=5,20260523-062735,phase_detection,annealing_T=75_h=5,20260523-062735,20260523-062735,5.2080034562200215
24,333.5,982.14,19.0103,0.401786,20.0,52.4,1.5,annealing_T=75_h=5,present,present,6.33,126.0,annealing_T=75_h=5,20260523-062735,phase_detection,annealing_T=75_h=5,20260523-062735,20260523-062735,5.2080034562200215
24,333.5,982.14,32.4373,0.446705,20.0,52.9,2.0,annealing_T=75_h=5,present,present,6.33,126.0,annealing_T=75_h=5,20260523-062735,phase_detection,annealing_T=75_h=5,20260523-062735,20260523-062735,5.2080034562200215
24,333.5,982.14,41.5548,0.327679,20.0,53.4,2.5,annealing_T=75_h=5,present,present,6.33,126.0,annealing_T=75_h=5,20260523-062735,phase_detection,annealing_T=75_h=5,20260523-062735,20260523-062735,5.2080034562200215
24,333.5,982.14,55.7416,0.590776,20.0,53.9,3.0,annealing_T=75_h=5,present,present,6.33,126.0,annealing_T=75_h=5,20260523-062735,phase_detection,annealing_T=75_h=5,20260523-062735,20260523-062735,5.2080034562200215
24,333.5,982.14,122.322,0.403089,20.0,55.9,5.0,annealing_T=75_h=5,present,present,6.33,126.0,annealing_T=75_h=5,20260523-062735,phase_detection,annealing_T=75_h=5,20260523-062735,20260523-062735,5.2080034562200215
25,340.9,143.98,5.32213,0.249282,20.0,51.65,0.75,annealing_T=75_h=5,present,present,7.74,188.0,annealing_T=75_h=5,20260523-062735,phase_detection,annealing_T=100_h=25,20260629-230214,20260523-062735,4.5920039198589615
25,340.9,143.98,26.2472,0.205963,20.0,52.4,1.5,annealing_T=75_h=5,present,present,7.74,188.0,annealing_T=75_h=5,20260523-062735,phase_detection,annealing_T=100_h=25,20260629-230214,20260523-062735,4.5920039198589615
25,340.9,143.98,48.425,0.18707,20.0,52.9,2.0,annealing_T=75_h=5,present,present,7.74,188.0,annealing_T=75_h=5,20260523-062735,phase_detection,annealing_T=100_h=25,20260629-230214,20260523-062735,4.5920039198589615
25,340.9,143.98,61.9169,0.41125,20.0,53.4,2.5,annealing_T=75_h=5,present,present,7.74,188.0,annealing_T=75_h=5,20260523-062735,phase_detection,annealing_T=100_h=25,20260629-230214,20260523-062735,4.5920039198589615
25,340.9,143.98,87.7551,0.368218,20.0,53.9,3.0,annealing_T=75_h=5,present,present,7.74,188.0,annealing_T=75_h=5,20260523-062735,phase_detection,annealing_T=100_h=25,20260629-230214,20260523-062735,4.5920039198589615
25,340.9,143.98,258.722,0.936839,20.0,55.9,5.0,annealing_T=75_h=5,present,present,7.74,188.0,annealing_T=75_h=5,20260523-062735,phase_detection,annealing_T=100_h=25,20260629-230214,20260523-062735,4.5920039198589615
26,349.32,388.14,8.40533,0.610764,20.0,51.65,0.75,annealing_T=75_h=5,present,present,7.67,185.0,annealing_T=75_h=5,20260523-062735,phase_detection,annealing_T=75_h=5,20260523-062735,20260523-062735,4.042833164997
26,349.32,388.14,25.2727,0.495075,20.0,52.4,1.5,annealing_T=75_h=5,present,present,7.67,185.0,annealing_T=75_h=5,20260523-062735,phase_detection,annealing_T=75_h=5,20260523-062735,20260523-062735,4.042833164997
26,349.32,388.14,40.7185,0.546042,20.0,52.9,2.0,annealing_T=75_h=5,present,present,7.67,185.0,annealing_T=75_h=5,20260523-062735,phase_detection,annealing_T=75_h=5,20260523-062735,20260523-062735,4.042833164997
26,349.32,388.14,64.4999,0.585269,20.0,53.4,2.5,annealing_T=75_h=5,present,present,7.67,185.0,annealing_T=75_h=5,20260523-062735,phase_detection,annealing_T=75_h=5,20260523-062735,20260523-062735,4.042833164997
26,349.32,388.14,92.2822,0.692381,20.0,53.9,3.0,annealing_T=75_h=5,present,present,7.67,185.0,annealing_T=75_h=5,20260523-062735,phase_detection,annealing_T=75_h=5,20260523-062735,20260523-062735,4.042833164997
26,349.32,388.14,193.451,0.985324,20.0,55.9,5.0,annealing_T=75_h=5,present,present,7.67,185.0,annealing_T=75_h=5,20260523-062735,phase_detection,annealing_T=75_h=5,20260523-062735,20260523-062735,4.042833164997
27,347.97,550.45,82.2523,1.08515,20.0,51.65,0.75,annealing_T=75_h=5,present,present,17.34,945.0,annealing_T=75_h=5,20260523-062735,phase_detection,before_annealing,20260516-064844,20260523-062735,3.58708795543121
27,347.97,550.45,230.984,0.948083,20.0,52.4,1.5,annealing_T=75_h=5,present,present,17.34,945.0,annealing_T=75_h=5,20260523-062735,phase_detection,before_annealing,20260516-064844,20260523-062735,3.58708795543121
27,347.97,550.45,361.029,1.31028,20.0,52.9,2.0,annealing_T=75_h=5,present,present,17.34,945.0,annealing_T=75_h=5,20260523-062735,phase_detection,before_annealing,20260516-064844,20260523-062735,3.58708795543121
27,347.97,550.45,522.739,1.20562,20.0,53.4,2.5,annealing_T=75_h=5,present,present,17.34,945.0,annealing_T=75_h=5,20260523-062735,phase_detection,before_annealing,20260516-064844,20260523-062735,3.58708795543121
27,347.97,550.45,703.103,1.60492,20.0,53.9,3.0,annealing_T=75_h=5,present,present,17.34,945.0,annealing_T=75_h=5,20260523-062735,phase_detection,before_annealing,20260516-064844,20260523-062735,3.58708795543121
27,347.97,550.45,1658.68,2.89146,20.0,55.9,5.0,annealing_T=75_h=5,present,present,17.34,945.0,annealing_T=75_h=5,20260523-062735,phase_detection,before_annealing,20260516-064844,20260523-062735,3.58708795543121
28,351.68,706.5,6.716,0.436274,20.0,51.65,0.75,annealing_T=75_h=5,present,present,7.67,185.0,annealing_T=75_h=5,20260523-062735,phase_detection,before_annealing,20260516-064844,20260523-062735,3.6882787313325176
28,351.68,706.5,13.0031,0.326741,20.0,52.4,1.5,annealing_T=75_h=5,present,present,7.67,185.0,annealing_T=75_h=5,20260523-062735,phase_detection,before_annealing,20260516-064844,20260523-062735,3.6882787313325176
28,351.68,706.5,23.6204,0.474772,20.0,52.9,2.0,annealing_T=75_h=5,present,present,7.67,185.0,annealing_T=75_h=5,20260523-062735,phase_detection,before_annealing,20260516-064844,20260523-062735,3.6882787313325176
28,351.68,706.5,44.5197,0.500038,20.0,53.4,2.5,annealing_T=75_h=5,present,present,7.67,185.0,annealing_T=75_h=5,20260523-062735,phase_detection,before_annealing,20260516-064844,20260523-062735,3.6882787313325176
28,351.68,706.5,62.7401,0.42618,20.0,53.9,3.0,annealing_T=75_h=5,present,present,7.67,185.0,annealing_T=75_h=5,20260523-062735,phase_detection,before_annealing,20260516-064844,20260523-062735,3.6882787313325176
28,351.68,706.5,201.247,0.751283,20.0,55.9,5.0,annealing_T=75_h=5,present,present,7.67,185.0,annealing_T=75_h=5,20260523-062735,phase_detection,before_annealing,20260516-064844,20260523-062735,3.6882787313325176
29,371.91,1003.87,13.461,0.294302,20.0,51.65,0.75,annealing_T=75_h=5,present,present,6.91,150.0,annealing_T=75_h=5,20260523-062735,phase_detection,before_annealing,20260516-064844,20260523-062735,4.521426765966709
29,371.91,1003.87,35.7509,0.44933,20.0,52.4,1.5,annealing_T=75_h=5,present,present,6.91,150.0,annealing_T=75_h=5,20260523-062735,phase_detection,before_annealing,20260516-064844,20260523-062735,4.521426765966709
29,371.91,1003.87,53.2749,0.429187,20.0,52.9,2.0,annealing_T=75_h=5,present,present,6.91,150.0,annealing_T=75_h=5,20260523-062735,phase_detection,before_annealing,20260516-064844,20260523-062735,4.521426765966709
29,371.91,1003.87,67.6999,0.388615,20.0,53.4,2.5,annealing_T=75_h=5,present,present,6.91,150.0,annealing_T=75_h=5,20260523-062735,phase_detection,before_annealing,20260516-064844,20260523-062735,4.521426765966709
29,371.91,1003.87,84.248,0.560384,20.0,53.9,3.0,annealing_T=75_h=5,present,present,6.91,150.0,annealing_T=75_h=5,20260523-062735,phase_detection,before_annealing,20260516-064844,20260523-062735,4.521426765966709
29,371.91,1003.87,170.142,0.771269,20.0,55.9,5.0,annealing_T=75_h=5,present,present,6.91,150.0,annealing_T=75_h=5,20260523-062735,phase_detection,before_annealing,20260516-064844,20260523-062735,4.521426765966709
30,389.13,827.52,2543.42,2.70336,20.0,51.65,0.75,annealing_T=75_h=5,present,present,31.15,3048.0,annealing_T=75_h=5,20260523-062735,phase_detection,annealing_T=75_h=5,20260523-062735,20260523-062735,3.566987524508636
30,389.13,827.52,9218.68,5.79751,20.0,52.4,1.5,annealing_T=75_h=5,present,present,31.15,3048.0,annealing_T=75_h=5,20260523-062735,phase_detection,annealing_T=75_h=5,20260523-062735,20260523-062735,3.566987524508636
30,389.13,827.52,15635.8,17.043,20.0,52.9,2.0,annealing_T=75_h=5,present,present,31.15,3048.0,annealing_T=75_h=5,20260523-062735,phase_detection,annealing_T=75_h=5,20260523-062735,20260523-062735,3.566987524508636
30,389.13,827.52,23202.9,17.3625,20.0,53.4,2.5,annealing_T=75_h=5,present,present,31.15,3048.0,annealing_T=75_h=5,20260523-062735,phase_detection,annealing_T=75_h=5,20260523-062735,20260523-062735,3.566987524508636
30,389.13,827.52,32965.1,26.6039,20.0,53.9,3.0,annealing_T=75_h=5,present,present,31.15,3048.0,annealing_T=75_h=5,20260523-062735,phase_detection,annealing_T=75_h=5,20260523-062735,20260523-062735,3.566987524508636
30,389.13,827.52,90505.5,36.2546,20.0,55.9,5.0,annealing_T=75_h=5,present,present,31.15,3048.0,annealing_T=75_h=5,20260523-062735,phase_detection,annealing_T=75_h=5,20260523-062735,20260523-062735,3.566987524508636
31,405.28,526.46,3.71856,0.220002,20.0,51.65,0.75,annealing_T=75_h=5,present,present,5.92,110.0,annealing_T=75_h=5,20260523-062735,phase_detection,annealing_T=75_h=25,20260602-133829,20260523-062735,3.396498196672556
31,405.28,526.46,8.15439,0.263312,20.0,52.4,1.5,annealing_T=75_h=5,present,present,5.92,110.0,annealing_T=75_h=5,20260523-062735,phase_detection,annealing_T=75_h=25,20260602-133829,20260523-062735,3.396498196672556
31,405.28,526.46,15.2637,0.199305,20.0,52.9,2.0,annealing_T=75_h=5,present,present,5.92,110.0,annealing_T=75_h=5,20260523-062735,phase_detection,annealing_T=75_h=25,20260602-133829,20260523-062735,3.396498196672556
31,405.28,526.46,23.9134,0.228019,20.0,53.4,2.5,annealing_T=75_h=5,present,present,5.92,110.0,annealing_T=75_h=5,20260523-062735,phase_detection,annealing_T=75_h=25,20260602-133829,20260523-062735,3.396498196672556
31,405.28,526.46,31.9073,0.230803,20.0,53.9,3.0,annealing_T=75_h=5,present,present,5.92,110.0,annealing_T=75_h=5,20260523-062735,phase_detection,annealing_T=75_h=25,20260602-133829,20260523-062735,3.396498196672556
31,405.28,526.46,87.7071,0.626431,20.0,55.9,5.0,annealing_T=75_h=5,present,present,5.92,110.0,annealing_T=75_h=5,20260523-062735,phase_detection,annealing_T=75_h=25,20260602-133829,20260523-062735,3.396498196672556
32,449.39,50.35,8.12078,0.775666,20.0,51.65,0.75,annealing_T=75_h=5,present,present,9.49,283.0,annealing_T=75_h=5,20260523-062735,phase_detection,annealing_T=100_h=5,20260613-015321,20260523-062735,4.2204265187301
32,449.39,50.35,35.0191,0.63021,20.0,52.4,1.5,annealing_T=75_h=5,present,present,9.49,283.0,annealing_T=75_h=5,20260523-062735,phase_detection,annealing_T=100_h=5,20260613-015321,20260523-062735,4.2204265187301
32,449.39,50.35,60.3023,0.893936,20.0,52.9,2.0,annealing_T=75_h=5,present,present,9.49,283.0,annealing_T=75_h=5,20260523-062735,phase_detection,annealing_T=100_h=5,20260613-015321,20260523-062735,4.2204265187301
32,449.39,50.35,86.5373,0.570654,20.0,53.4,2.5,annealing_T=75_h=5,present,present,9.49,283.0,annealing_T=75_h=5,20260523-062735,phase_detection,annealing_T=100_h=5,20260613-015321,20260523-062735,4.2204265187301
32,449.39,50.35,132.28,0.874236,20.0,53.9,3.0,annealing_T=75_h=5,present,present,9.49,283.0,annealing_T=75_h=5,20260523-062735,phase_detection,annealing_T=100_h=5,20260613-015321,20260523-062735,4.2204265187301
32,449.39,50.35,389.762,1.50255,20.0,55.9,5.0,annealing_T=75_h=5,present,present,9.49,283.0,annealing_T=75_h=5,20260523-062735,phase_detection,annealing_T=100_h=5,20260613-015321,20260523-062735,4.2204265187301
33,452.78,588.97,5.41815,0.530645,20.0,51.65,0.75,annealing_T=75_h=5,present,present,8.88,248.0,annealing_T=75_h=5,20260523-062735,phase_detection,before_annealing,20260516-064844,20260523-062735,3.9231237553765363
33,452.78,588.97,17.0924,0.412876,20.0,52.4,1.5,annealing_T=75_h=5,present,present,8.88,248.0,annealing_T=75_h=5,20260523-062735,phase_detection,before_annealing,20260516-064844,20260523-062735,3.9231237553765363
33,452.78,588.97,33.7414,0.598269,20.0,52.9,2.0,annealing_T=75_h=5,present,present,8.88,248.0,annealing_T=75_h=5,20260523-062735,phase_detection,before_annealing,20260516-064844,20260523-062735,3.9231237553765363
33,452.78,588.97,53.0008,0.617012,20.0,53.4,2.5,annealing_T=75_h=5,present,present,8.88,248.0,annealing_T=75_h=5,20260523-062735,phase_detection,before_annealing,20260516-064844,20260523-062735,3.9231237553765363
33,452.78,588.97,81.3545,0.569758,20.0,53.9,3.0,annealing_T=75_h=5,present,present,8.88,248.0,annealing_T=75_h=5,20260523-062735,phase_detection,before_annealing,20260516-064844,20260523-062735,3.9231237553765363
33,452.78,588.97,357.0,1.00843,20.0,55.9,5.0,annealing_T=75_h=5,present,present,8.88,248.0,annealing_T=75_h=5,20260523-062735,phase_detection,before_annealing,20260516-064844,20260523-062735,3.9231237553765363
34,452.53,609.67,340.303,0.935097,20.0,51.65,0.75,annealing_T=75_h=5,present,present,19.31,1171.0,annealing_T=75_h=5,20260523-062735,phase_detection,annealing_T=75_h=25,20260602-133829,20260523-062735,2.911391419922866
34,452.53,609.67,1310.88,1.345,20.0,52.4,1.5,annealing_T=75_h=5,present,present,19.31,1171.0,annealing_T=75_h=5,20260523-062735,phase_detection,annealing_T=75_h=25,20260602-133829,20260523-062735,2.911391419922866
34,452.53,609.67,2307.52,2.37251,20.0,52.9,2.0,annealing_T=75_h=5,present,present,19.31,1171.0,annealing_T=75_h=5,20260523-062735,phase_detection,annealing_T=75_h=25,20260602-133829,20260523-062735,2.911391419922866
34,452.53,609.67,3595.51,4.0547,20.0,53.4,2.5,annealing_T=75_h=5,present,present,19.31,1171.0,annealing_T=75_h=5,20260523-062735,phase_detection,annealing_T=75_h=25,20260602-133829,20260523-062735,2.911391419922866
34,452.53,609.67,5071.23,5.6057,20.0,53.9,3.0,annealing_T=75_h=5,present,present,19.31,1171.0,annealing_T=75_h=5,20260523-062735,phase_detection,annealing_T=75_h=25,20260602-133829,20260523-062735,2.911391419922866
34,452.53,609.67,14598.9,14.3175,20.0,55.9,5.0,annealing_T=75_h=5,present,present,19.31,1171.0,annealing_T=75_h=5,20260523-062735,phase_detection,annealing_T=75_h=25,20260602-133829,20260523-062735,2.911391419922866
35,457.07,825.25,18.0668,0.663156,20.0,51.65,0.75,annealing_T=75_h=5,present,present,11.85,441.0,annealing_T=75_h=5,20260523-062735,phase_detection,annealing_T=125_h=5,20260725-020716,20260523-062735,3.2687918257361916
35,457.07,825.25,65.5628,0.865833,20.0,52.4,1.5,annealing_T=75_h=5,present,present,11.85,441.0,annealing_T=75_h=5,20260523-062735,phase_detection,annealing_T=125_h=5,20260725-020716,20260523-062735,3.2687918257361916
35,457.07,825.25,111.304,0.925422,20.0,52.9,2.0,annealing_T=75_h=5,present,present,11.85,441.0,annealing_T=75_h=5,20260523-062735,phase_detection,annealing_T=125_h=5,20260725-020716,20260523-062735,3.2687918257361916
35,457.07,825.25,174.03,1.04873,20.0,53.4,2.5,annealing_T=75_h=5,present,present,11.85,441.0,annealing_T=75_h=5,20260523-062735,phase_detection,annealing_T=125_h=5,20260725-020716,20260523-062735,3.2687918257361916
35,457.07,825.25,263.857,1.22936,20.0,53.9,3.0,annealing_T=75_h=5,present,present,11.85,441.0,annealing_T=75_h=5,20260523-062735,phase_detection,annealing_T=125_h=5,20260725-020716,20260523-062735,3.2687918257361916
35,457.07,825.25,915.448,1.92389,20.0,55.9,5.0,annealing_T=75_h=5,present,present,11.85,441.0,annealing_T=75_h=5,20260523-062735,phase_detection,annealing_T=125_h=5,20260725-020716,20260523-062735,3.2687918257361916
36,458.44,885.35,14.607,0.490543,20.0,51.65,0.75,annealing_T=75_h=5,present,present,8.46,225.0,annealing_T=75_h=5,20260523-062735,phase_detection,annealing_T=75_h=5,20260523-062735,20260523-062735,3.562035934686739
36,458.44,885.35,48.3241,0.510056,20.0,52.4,1.5,annealing_T=75_h=5,present,present,8.46,225.0,annealing_T=75_h=5,20260523-062735,phase_detection,annealing_T=75_h=5,20260523-062735,20260523-062735,3.562035934686739
36,458.44,885.35,85.9097,0.540519,20.0,52.9,2.0,annealing_T=75_h=5,present,present,8.46,225.0,annealing_T=75_h=5,20260523-062735,phase_detection,annealing_T=75_h=5,20260523-062735,20260523-062735,3.562035934686739
36,458.44,885.35,136.176,0.6365,20.0,53.4,2.5,annealing_T=75_h=5,present,present,8.46,225.0,annealing_T=75_h=5,20260523-062735,phase_detection,annealing_T=75_h=5,20260523-062735,20260523-062735,3.562035934686739
36,458.44,885.35,198.691,0.985861,20.0,53.9,3.0,annealing_T=75_h=5,present,present,8.46,225.0,annealing_T=75_h=5,20260523-062735,phase_detection,annealing_T=75_h=5,20260523-062735,20260523-062735,3.562035934686739
36,458.44,885.35,600.055,1.63789,20.0,55.9,5.0,annealing_T=75_h=5,present,present,8.46,225.0,annealing_T=75_h=5,20260523-062735,phase_detection,annealing_T=75_h=5,20260523-062735,20260523-062735,3.562035934686739
37,464.33,404.03,11.804,0.316248,20.0,51.65,0.75,annealing_T=75_h=5,present,present,8.2,211.0,annealing_T=75_h=5,20260523-062735,phase_detection,annealing_T=75_h=5,20260523-062735,20260523-062735,3.882473438415312
37,464.33,404.03,37.2445,0.354143,20.0,52.4,1.5,annealing_T=75_h=5,present,present,8.2,211.0,annealing_T=75_h=5,20260523-062735,phase_detection,annealing_T=75_h=5,20260523-062735,20260523-062735,3.882473438415312
37,464.33,404.03,57.4665,0.515866,20.0,52.9,2.0,annealing_T=75_h=5,present,present,8.2,211.0,annealing_T=75_h=5,20260523-062735,phase_detection,annealing_T=75_h=5,20260523-062735,20260523-062735,3.882473438415312
37,464.33,404.03,86.9843,0.320648,20.0,53.4,2.5,annealing_T=75_h=5,present,present,8.2,211.0,annealing_T=75_h=5,20260523-062735,phase_detection,annealing_T=75_h=5,20260523-062735,20260523-062735,3.882473438415312
37,464.33,404.03,117.43,0.558079,20.0,53.9,3.0,annealing_T=75_h=5,present,present,8.2,211.0,annealing_T=75_h=5,20260523-062735,phase_detection,annealing_T=75_h=5,20260523-062735,20260523-062735,3.882473438415312
37,464.33,404.03,224.046,0.769998,20.0,55.9,5.0,annealing_T=75_h=5,present,present,8.2,211.0,annealing_T=75_h=5,20260523-062735,phase_detection,annealing_T=75_h=5,20260523-062735,20260523-062735,3.882473438415312
38,474.49,337.15,30.33,0.482012,20.0,51.65,0.75,annealing_T=75_h=5,present,present,9.87,306.0,annealing_T=75_h=5,20260523-062735,phase_detection,before_annealing,20260516-064844,20260523-062735,3.248538132760642
38,474.49,337.15,92.5049,0.414433,20.0,52.4,1.5,annealing_T=75_h=5,present,present,9.87,306.0,annealing_T=75_h=5,20260523-062735,phase_detection,before_annealing,20260516-064844,20260523-062735,3.248538132760642
38,474.49,337.15,158.411,0.304121,20.0,52.9,2.0,annealing_T=75_h=5,present,present,9.87,306.0,annealing_T=75_h=5,20260523-062735,phase_detection,before_annealing,20260516-064844,20260523-062735,3.248538132760642
38,474.49,337.15,216.916,0.475502,20.0,53.4,2.5,annealing_T=75_h=5,present,present,9.87,306.0,annealing_T=75_h=5,20260523-062735,phase_detection,before_annealing,20260516-064844,20260523-062735,3.248538132760642
38,474.49,337.15,299.929,0.724301,20.0,53.9,3.0,annealing_T=75_h=5,present,present,9.87,306.0,annealing_T=75_h=5,20260523-062735,phase_detection,before_annealing,20260516-064844,20260523-062735,3.248538132760642
38,474.49,337.15,632.0,1.44038,20.0,55.9,5.0,annealing_T=75_h=5,present,present,9.87,306.0,annealing_T=75_h=5,20260523-062735,phase_detection,before_annealing,20260516-064844,20260523-062735,3.248538132760642
39,490.77,666.04,1.16843,0.158593,20.0,51.65,0.75,annealing_T=75_h=5,present,present,5.26,87.0,annealing_T=75_h=5,20260523-062735,phase_detection,annealing_T=75_h=5,20260523-062735,20260523-062735,1.9237983262286864
39,490.77,666.04,6.70796,0.192217,20.0,52.4,1.5,annealing_T=75_h=5,present,present,5.26,87.0,annealing_T=75_h=5,20260523-062735,phase_detection,annealing_T=75_h=5,20260523-062735,20260523-062735,1.9237983262286864
39,490.77,666.04,11.9625,0.125912,20.0,52.9,2.0,annealing_T=75_h=5,present,present,5.26,87.0,annealing_T=75_h=5,20260523-062735,phase_detection,annealing_T=75_h=5,20260523-062735,20260523-062735,1.9237983262286864
39,490.77,666.04,18.5293,0.338745,20.0,53.4,2.5,annealing_T=75_h=5,present,present,5.26,87.0,annealing_T=75_h=5,20260523-062735,phase_detection,annealing_T=75_h=5,20260523-062735,20260523-062735,1.9237983262286864
39,490.77,666.04,30.9542,0.422696,20.0,53.9,3.0,annealing_T=75_h=5,present,present,5.26,87.0,annealing_T=75_h=5,20260523-062735,phase_detection,annealing_T=75_h=5,20260523-062735,20260523-062735,1.9237983262286864
39,490.77,666.04,79.4571,0.359762,20.0,55.9,5.0,annealing_T=75_h=5,present,present,5.26,87.0,annealing_T=75_h=5,20260523-062735,phase_detection,annealing_T=75_h=5,20260523-062735,20260523-062735,1.9237983262286864
40,500.25,413.38,-0.0716515,0.142818,20.0,51.65,0.75,annealing_T=75_h=5,present,present,4.26,57.0,annealing_T=75_h=5,20260523-062735,phase_detection,annealing_T=75_h=25,20260602-133829,20260523-062735,2.910463880552431
40,500.25,413.38,3.27798,0.0612735,20.0,52.4,1.5,annealing_T=75_h=5,present,present,4.26,57.0,annealing_T=75_h=5,20260523-062735,phase_detection,annealing_T=75_h=25,20260602-133829,20260523-062735,2.910463880552431
40,500.25,413.38,7.50713,0.159638,20.0,52.9,2.0,annealing_T=75_h=5,present,present,4.26,57.0,annealing_T=75_h=5,20260523-062735,phase_detection,annealing_T=75_h=25,20260602-133829,20260523-062735,2.910463880552431
40,500.25,413.38,8.67239,0.0901317,20.0,53.4,2.5,annealing_T=75_h=5,present,present,4.26,57.0,annealing_T=75_h=5,20260523-062735,phase_detection,annealing_T=75_h=25,20260602-133829,20260523-062735,2.910463880552431
40,500.25,413.38,11.3701,0.296128,20.0,53.9,3.0,annealing_T=75_h=5,present,present,4.26,57.0,annealing_T=75_h=5,20260523-062735,phase_detection,annealing_T=75_h=25,20260602-133829,20260523-062735,2.910463880552431
40,500.25,413.38,21.7926,0.292505,20.0,55.9,5.0,annealing_T=75_h=5,present,present,4.26,57.0,annealing_T=75_h=5,20260523-062735,phase_detection,annealing_T=75_h=25,20260602-133829,20260523-062735,2.910463880552431
41,503.75,521.79,105.253,1.02649,20.0,51.65,0.75,annealing_T=75_h=5,present,present,18.8,1110.0,annealing_T=75_h=5,20260523-062735,phase_detection,before_annealing,20260516-064844,20260523-062735,2.3872997298202994
41,503.75,521.79,370.59,1.15081,20.0,52.4,1.5,annealing_T=75_h=5,present,present,18.8,1110.0,annealing_T=75_h=5,20260523-062735,phase_detection,before_annealing,20260516-064844,20260523-062735,2.3872997298202994
41,503.75,521.79,659.709,1.44115,20.0,52.9,2.0,annealing_T=75_h=5,present,present,18.8,1110.0,annealing_T=75_h=5,20260523-062735,phase_detection,before_annealing,20260516-064844,20260523-062735,2.3872997298202994
41,503.75,521.79,1064.2,1.66256,20.0,53.4,2.5,annealing_T=75_h=5,present,present,18.8,1110.0,annealing_T=75_h=5,20260523-062735,phase_detection,before_annealing,20260516-064844,20260523-062735,2.3872997298202994
41,503.75,521.79,1355.65,3.49309,20.0,53.9,3.0,annealing_T=75_h=5,present,present,18.8,1110.0,annealing_T=75_h=5,20260523-062735,phase_detection,before_annealing,20260516-064844,20260523-062735,2.3872997298202994
41,503.75,521.79,4775.5,6.78684,20.0,55.9,5.0,annealing_T=75_h=5,present,present,18.8,1110.0,annealing_T=75_h=5,20260523-062735,phase_detection,before_annealing,20260516-064844,20260523-062735,2.3872997298202994
42,504.59,436.74,0.540917,0.0902303,20.0,51.65,0.75,annealing_T=75_h=5,absent,disappeared,3.52,39.0,before_annealing,20260516-064844,previous_detection,before_annealing,20260516-064844,20260523-062735,0.0
42,504.59,436.74,-0.927234,0.199874,20.0,52.4,1.5,annealing_T=75_h=5,absent,disappeared,3.52,39.0,before_annealing,20260516-064844,previous_detection,before_annealing,20260516-064844,20260523-062735,0.0
42,504.59,436.74,0.111109,0.148767,20.0,52.9,2.0,annealing_T=75_h=5,absent,disappeared,3.52,39.0,before_annealing,20260516-064844,previous_detection,before_annealing,20260516-064844,20260523-062735,0.0
42,504.59,436.74,0.0141166,0.0920127,20.0,53.4,2.5,annealing_T=75_h=5,absent,disappeared,3.52,39.0,before_annealing,20260516-064844,previous_detection,before_annealing,20260516-064844,20260523-062735,0.0
42,504.59,436.74,2.37227,0.190854,20.0,53.9,3.0,annealing_T=75_h=5,absent,disappeared,3.52,39.0,before_annealing,20260516-064844,previous_detection,before_annealing,20260516-064844,20260523-062735,0.0
42,504.59,436.74,3.60738,0.315014,20.0,55.9,5.0,annealing_T=75_h=5,absent,disappeared,3.52,39.0,before_annealing,20260516-064844,previous_detection,before_annealing,20260516-064844,20260523-062735,0.0
43,519.93,918.94,116.809,0.586404,20.0,51.65,0.75,annealing_T=75_h=5,present,present,13.26,552.0,annealing_T=75_h=5,20260523-062735,phase_detection,annealing_T=75_h=5,20260523-062735,20260523-062735,3.2478454396722976
43,519.93,918.94,363.818,1.03166,20.0,52.4,1.5,annealing_T=75_h=5,present,present,13.26,552.0,annealing_T=75_h=5,20260523-062735,phase_detection,annealing_T=75_h=5,20260523-062735,20260523-062735,3.2478454396722976
43,519.93,918.94,655.814,2.40751,20.0,52.9,2.0,annealing_T=75_h=5,present,present,13.26,552.0,annealing_T=75_h=5,20260523-062735,phase_detection,annealing_T=75_h=5,20260523-062735,20260523-062735,3.2478454396722976
43,519.93,918.94,1052.95,3.1162,20.0,53.4,2.5,annealing_T=75_h=5,present,present,13.26,552.0,annealing_T=75_h=5,20260523-062735,phase_detection,annealing_T=75_h=5,20260523-062735,20260523-062735,3.2478454396722976
43,519.93,918.94,1474.95,1.69041,20.0,53.9,3.0,annealing_T=75_h=5,present,present,13.26,552.0,annealing_T=75_h=5,20260523-062735,phase_detection,annealing_T=75_h=5,20260523-062735,20260523-062735,3.2478454396722976
43,519.93,918.94,3901.32,4.9807,20.0,55.9,5.0,annealing_T=75_h=5,present,present,13.26,552.0,annealing_T=75_h=5,20260523-062735,phase_detection,annealing_T=75_h=5,20260523-062735,20260523-062735,3.2478454396722976
44,555.91,914.98,8.36002,0.255918,20.0,51.65,0.75,annealing_T=75_h=5,present,present,8.12,207.0,annealing_T=75_h=5,20260523-062735,phase_detection,before_annealing,20260516-064844,20260523-062735,3.026945655276929
44,555.91,914.98,33.3432,0.26049,20.0,52.4,1.5,annealing_T=75_h=5,present,present,8.12,207.0,annealing_T=75_h=5,20260523-062735,phase_detection,before_annealing,20260516-064844,20260523-062735,3.026945655276929
44,555.91,914.98,55.1446,0.362505,20.0,52.9,2.0,annealing_T=75_h=5,present,present,8.12,207.0,annealing_T=75_h=5,20260523-062735,phase_detection,before_annealing,20260516-064844,20260523-062735,3.026945655276929
44,555.91,914.98,83.4273,0.170592,20.0,53.4,2.5,annealing_T=75_h=5,present,present,8.12,207.0,annealing_T=75_h=5,20260523-062735,phase_detection,before_annealing,20260516-064844,20260523-062735,3.026945655276929
44,555.91,914.98,123.028,0.508832,20.0,53.9,3.0,annealing_T=75_h=5,present,present,8.12,207.0,annealing_T=75_h=5,20260523-062735,phase_detection,before_annealing,20260516-064844,20260523-062735,3.026945655276929
44,555.91,914.98,350.911,0.864933,20.0,55.9,5.0,annealing_T=75_h=5,present,present,8.12,207.0,annealing_T=75_h=5,20260523-062735,phase_detection,before_annealing,20260516-064844,20260523-062735,3.026945655276929
45,562.74,288.55,193.666,0.7489,20.0,51.65,0.75,annealing_T=75_h=5,present,present,16.57,863.0,annealing_T=75_h=5,20260523-062735,phase_detection,before_annealing,20260516-064844,20260523-062735,2.910000000000007
45,562.74,288.55,777.41,1.10741,20.0,52.4,1.5,annealing_T=75_h=5,present,present,16.57,863.0,annealing_T=75_h=5,20260523-062735,phase_detection,before_annealing,20260516-064844,20260523-062735,2.910000000000007
45,562.74,288.55,1353.71,1.91172,20.0,52.9,2.0,annealing_T=75_h=5,present,present,16.57,863.0,annealing_T=75_h=5,20260523-062735,phase_detection,before_annealing,20260516-064844,20260523-062735,2.910000000000007
45,562.74,288.55,2239.12,3.05271,20.0,53.4,2.5,annealing_T=75_h=5,present,present,16.57,863.0,annealing_T=75_h=5,20260523-062735,phase_detection,before_annealing,20260516-064844,20260523-062735,2.910000000000007
45,562.74,288.55,3095.14,4.04352,20.0,53.9,3.0,annealing_T=75_h=5,present,present,16.57,863.0,annealing_T=75_h=5,20260523-062735,phase_detection,before_annealing,20260516-064844,20260523-062735,2.910000000000007
45,562.74,288.55,7596.63,13.2182,20.0,55.9,5.0,annealing_T=75_h=5,present,present,16.57,863.0,annealing_T=75_h=5,20260523-062735,phase_detection,before_annealing,20260516-064844,20260523-062735,2.910000000000007
46,594.19,326.6,4.3159,0.356853,20.0,51.65,0.75,annealing_T=75_h=5,present,present,5.94,111.0,annealing_T=75_h=5,20260523-062735,phase_detection,annealing_T=75_h=5,20260523-062735,20260523-062735,2.22847481475564
46,594.19,326.6,15.9086,0.414115,20.0,52.4,1.5,annealing_T=75_h=5,present,present,5.94,111.0,annealing_T=75_h=5,20260523-062735,phase_detection,annealing_T=75_h=5,20260523-062735,20260523-062735,2.22847481475564
46,594.19,326.6,23.2737,0.696444,20.0,52.9,2.0,annealing_T=75_h=5,present,present,5.94,111.0,annealing_T=75_h=5,20260523-062735,phase_detection,annealing_T=75_h=5,20260523-062735,20260523-062735,2.22847481475564
46,594.19,326.6,30.0907,0.330411,20.0,53.4,2.5,annealing_T=75_h=5,present,present,5.94,111.0,annealing_T=75_h=5,20260523-062735,phase_detection,annealing_T=75_h=5,20260523-062735,20260523-062735,2.22847481475564
46,594.19,326.6,42.6199,0.752526,20.0,53.9,3.0,annealing_T=75_h=5,present,present,5.94,111.0,annealing_T=75_h=5,20260523-062735,phase_detection,annealing_T=75_h=5,20260523-062735,20260523-062735,2.22847481475564
46,594.19,326.6,82.2046,0.66834,20.0,55.9,5.0,annealing_T=75_h=5,present,present,5.94,111.0,annealing_T=75_h=5,20260523-062735,phase_detection,annealing_T=75_h=5,20260523-062735,20260523-062735,2.22847481475564
47,613.54,792.43,23.7706,0.360868,20.0,51.65,0.75,annealing_T=75_h=5,present,present,12.07,458.0,annealing_T=75_h=5,20260523-062735,phase_detection,annealing_T=125_h=25,20260902-011233,20260523-062735,2.272993620756585
47,613.54,792.43,85.8895,0.521962,20.0,52.4,1.5,annealing_T=75_h=5,present,present,12.07,458.0,annealing_T=75_h=5,20260523-062735,phase_detection,annealing_T=125_h=25,20260902-011233,20260523-062735,2.272993620756585
47,613.54,792.43,159.908,0.482865,20.0,52.9,2.0,annealing_T=75_h=5,present,present,12.07,458.0,annealing_T=75_h=5,20260523-062735,phase_detection,annealing_T=125_h=25,20260902-011233,20260523-062735,2.272993620756585
47,613.54,792.43,245.03,0.655181,20.0,53.4,2.5,annealing_T=75_h=5,present,present,12.07,458.0,annealing_T=75_h=5,20260523-062735,phase_detection,annealing_T=125_h=25,20260902-011233,20260523-062735,2.272993620756585
47,613.54,792.43,363.078,0.810096,20.0,53.9,3.0,annealing_T=75_h=5,present,present,12.07,458.0,annealing_T=75_h=5,20260523-062735,phase_detection,annealing_T=125_h=25,20260902-011233,20260523-062735,2.272993620756585
47,613.54,792.43,1079.88,1.66284,20.0,55.9,5.0,annealing_T=75_h=5,present,present,12.07,458.0,annealing_T=75_h=5,20260523-062735,phase_detection,annealing_T=125_h=25,20260902-011233,20260523-062735,2.272993620756585
48,638.5,1039.63,-0.366488,0.258756,20.0,51.65,0.75,annealing_T=75_h=5,absent,disappeared,4.15,54.0,before_annealing,20260516-064844,previous_detection,before_annealing,20260516-064844,20260523-062735,0.0
48,638.5,1039.63,2.03993,0.242225,20.0,52.4,1.5,annealing_T=75_h=5,absent,disappeared,4.15,54.0,before_annealing,20260516-064844,previous_detection,before_annealing,20260516-064844,20260523-062735,0.0
48,638.5,1039.63,3.31768,0.287682,20.0,52.9,2.0,annealing_T=75_h=5,absent,disappeared,4.15,54.0,before_annealing,20260516-064844,previous_detection,before_annealing,20260516-064844,20260523-062735,0.0
48,638.5,1039.63,5.98138,0.406886,20.0,53.4,2.5,annealing_T=75_h=5,absent,disappeared,4.15,54.0,before_annealing,20260516-064844,previous_detection,before_annealing,20260516-064844,20260523-062735,0.0
48,638.5,1039.63,6.489,0.302277,20.0,53.9,3.0,annealing_T=75_h=5,absent,disappeared,4.15,54.0,before_annealing,20260516-064844,previous_detection,before_annealing,20260516-064844,20260523-062735,0.0
48,638.5,1039.63,19.3273,0.395862,20.0,55.9,5.0,annealing_T=75_h=5,absent,disappeared,4.15,54.0,before_annealing,20260516-064844,previous_detection,before_annealing,20260516-064844,20260523-062735,0.0
49,647.07,531.74,11.0335,0.405071,20.0,51.65,0.75,annealing_T=75_h=5,present,present,8.37,220.0,annealing_T=75_h=5,20260523-062735,phase_detection,annealing_T=75_h=5,20260523-062735,20260523-062735,1.7046113926640611
49,647.07,531.74,41.3019,0.431671,20.0,52.4,1.5,annealing_T=75_h=5,present,present,8.37,220.0,annealing_T=75_h=5,20260523-062735,phase_detection,annealing_T=75_h=5,20260523-062735,20260523-062735,1.7046113926640611
49,647.07,531.74,78.6638,0.606544,20.0,52.9,2.0,annealing_T=75_h=5,present,present,8.37,220.0,annealing_T=75_h=5,20260523-062735,phase_detection,annealing_T=75_h=5,20260523-062735,20260523-062735,1.7046113926640611
49,647.07,531.74,141.361,0.846009,20.0,53.4,2.5,annealing_T=75_h=5,present,present,8.37,220.0,annealing_T=75_h=5,20260523-062735,phase_detection,annealing_T=75_h=5,20260523-062735,20260523-062735,1.7046113926640611
49,647.07,531.74,192.857,1.25278,20.0,53.9,3.0,annealing_T=75_h=5,present,present,8.37,220.0,annealing_T=75_h=5,20260523-062735,phase_detection,annealing_T=75_h=5,20260523-062735,20260523-062735,1.7046113926640611
49,647.07,531.74,240.094,3.79912,20.0,55.9,5.0,annealing_T=75_h=5,present,present,8.37,220.0,annealing_T=75_h=5,20260523-062735,phase_detection,annealing_T=75_h=5,20260523-062735,20260523-062735,1.7046113926640611
50,652.56,760.62,22.0445,0.587448,20.0,51.65,0.75,annealing_T=75_h=5,present,present,9.27,270.0,annealing_T=75_h=5,20260523-062735,phase_detection,annealing_T=100_h=5,20260613-015321,20260523-062735,1.8962067397834526
50,652.56,760.62,79.2362,0.425506,20.0,52.4,1.5,annealing_T=75_h=5,present,present,9.27,270.0,annealing_T=75_h=5,20260523-062735,phase_detection,annealing_T=100_h=5,20260613-015321,20260523-062735,1.8962067397834526
50,652.56,760.62,134.35,0.516806,20.0,52.9,2.0,annealing_T=75_h=5,present,present,9.27,270.0,annealing_T=75_h=5,20260523-062735,phase_detection,annealing_T=100_h=5,20260613-015321,20260523-062735,1.8962067397834526
50,652.56,760.62,211.798,0.6205,20.0,53.4,2.5,annealing_T=75_h=5,present,present,9.27,270.0,annealing_T=75_h=5,20260523-062735,phase_detection,annealing_T=100_h=5,20260613-015321,20260523-062735,1.8962067397834526
50,652.56,760.62,306.411,0.988831,20.0,53.9,3.0,annealing_T=75_h=5,present,present,9.27,270.0,annealing_T=75_h=5,20260523-062735,phase_detection,annealing_T=100_h=5,20260613-015321,20260523-062735,1.8962067397834526
50,652.56,760.62,954.773,1.87102,20.0,55.9,5.0,annealing_T=75_h=5,present,present,9.27,270.0,annealing_T=75_h=5,20260523-062735,phase_detection,annealing_T=100_h=5,20260613-015321,20260523-062735,1.8962067397834526
51,668.71,233.33,2.98649,0.227786,20.0,51.65,0.75,annealing_T=75_h=5,present,present,6.18,120.0,annealing_T=75_h=5,20260523-062735,phase_detection,before_annealing,20260516-064844,20260523-062735,3.1090995481007297
51,668.71,233.33,10.0666,0.343108,20.0,52.4,1.5,annealing_T=75_h=5,present,present,6.18,120.0,annealing_T=75_h=5,20260523-062735,phase_detection,before_annealing,20260516-064844,20260523-062735,3.1090995481007297
51,668.71,233.33,19.3477,0.403033,20.0,52.9,2.0,annealing_T=75_h=5,present,present,6.18,120.0,annealing_T=75_h=5,20260523-062735,phase_detection,before_annealing,20260516-064844,20260523-062735,3.1090995481007297
51,668.71,233.33,33.1549,0.33874,20.0,53.4,2.5,annealing_T=75_h=5,present,present,6.18,120.0,annealing_T=75_h=5,20260523-062735,phase_detection,before_annealing,20260516-064844,20260523-062735,3.1090995481007297
51,668.71,233.33,50.3095,0.321571,20.0,53.9,3.0,annealing_T=75_h=5,present,present,6.18,120.0,annealing_T=75_h=5,20260523-062735,phase_detection,before_annealing,20260516-064844,20260523-062735,3.1090995481007297
51,668.71,233.33,139.444,0.550706,20.0,55.9,5.0,annealing_T=75_h=5,present,present,6.18,120.0,annealing_T=75_h=5,20260523-062735,phase_detection,before_annealing,20260516-064844,20260523-062735,3.1090995481007297
52,668.91,428.74,5.2373,0.273587,20.0,51.65,0.75,annealing_T=75_h=5,present,present,5.86,108.0,annealing_T=75_h=5,20260523-062735,phase_detection,annealing_T=150_h=25,20260919-004123,20260523-062735,1.374372584126948
52,668.91,428.74,13.0641,0.345454,20.0,52.4,1.5,annealing_T=75_h=5,present,present,5.86,108.0,annealing_T=75_h=5,20260523-062735,phase_detection,annealing_T=150_h=25,20260919-004123,20260523-062735,1.374372584126948
52,668.91,428.74,19.6513,0.276683,20.0,52.9,2.0,annealing_T=75_h=5,present,present,5.86,108.0,annealing_T=75_h=5,20260523-062735,phase_detection,annealing_T=150_h=25,20260919-004123,20260523-062735,1.374372584126948
52,668.91,428.74,25.5037,0.327827,20.0,53.4,2.5,annealing_T=75_h=5,present,present,5.86,108.0,annealing_T=75_h=5,20260523-062735,phase_detection,annealing_T=150_h=25,20260919-004123,20260523-062735,1.374372584126948
52,668.91,428.74,32.1061,0.382576,20.0,53.9,3.0,annealing_T=75_h=5,present,present,5.86,108.0,annealing_T=75_h=5,20260523-062735,phase_detection,annealing_T=150_h=25,20260919-004123,20260523-062735,1.374372584126948
52,668.91,428.74,61.716,0.530973,20.0,55.9,5.0,annealing_T=75_h=5,present,present,5.86,108.0,annealing_T=75_h=5,20260523-062735,phase_detection,annealing_T=150_h=25,20260919-004123,20260523-062735,1.374372584126948
53,676.32,577.69,0.399388,0.288198,20.0,51.65,0.75,annealing_T=75_h=5,absent,disappeared,3.52,39.0,before_annealing,20260516-064844,previous_detection,before_annealing,20260516-064844,20260523-062735,0.0
53,676.32,577.69,2.79607,0.325365,20.0,52.4,1.5,annealing_T=75_h=5,absent,disappeared,3.52,39.0,before_annealing,20260516-064844,previous_detection,before_annealing,20260516-064844,20260523-062735,0.0
53,676.32,577.69,3.11369,0.294563,20.0,52.9,2.0,annealing_T=75_h=5,absent,disappeared,3.52,39.0,before_annealing,20260516-064844,previous_detection,before_annealing,20260516-064844,20260523-062735,0.0
53,676.32,577.69,3.66764,0.143751,20.0,53.4,2.5,annealing_T=75_h=5,absent,disappeared,3.52,39.0,before_annealing,20260516-064844,previous_detection,before_annealing,20260516-064844,20260523-062735,0.0
53,676.32,577.69,6.24965,0.328775,20.0,53.9,3.0,annealing_T=75_h=5,absent,disappeared,3.52,39.0,before_annealing,20260516-064844,previous_detection,before_annealing,20260516-064844,20260523-062735,0.0
53,676.32,577.69,11.7455,0.216726,20.0,55.9,5.0,annealing_T=75_h=5,absent,disappeared,3.52,39.0,before_annealing,20260516-064844,previous_detection,before_annealing,20260516-064844,20260523-062735,0.0
54,688.76,990.8,3.41927,0.351477,20.0,51.65,0.75,annealing_T=75_h=5,present,present,6.96,152.0,annealing_T=75_h=5,20260523-062735,phase_detection,annealing_T=75_h=25,20260602-133829,20260523-062735,2.846225570822
54,688.76,990.8,15.5182,0.496127,20.0,52.4,1.5,annealing_T=75_h=5,present,present,6.96,152.0,annealing_T=75_h=5,20260523-062735,phase_detection,annealing_T=75_h=25,20260602-133829,20260523-062735,2.846225570822
54,688.76,990.8,29.6629,0.409018,20.0,52.9,2.0,annealing_T=75_h=5,present,present,6.96,152.0,annealing_T=75_h=5,20260523-062735,phase_detection,annealing_T=75_h=25,20260602-133829,20260523-062735,2.846225570822
54,688.76,990.8,35.9983,0.460589,20.0,53.4,2.5,annealing_T=75_h=5,present,present,6.96,152.0,annealing_T=75_h=5,20260523-062735,phase_detection,annealing_T=75_h=25,20260602-133829,20260523-062735,2.846225570822
54,688.76,990.8,70.8139,0.582412,20.0,53.9,3.0,annealing_T=75_h=5,present,present,6.96,152.0,annealing_T=75_h=5,20260523-062735,phase_detection,annealing_T=75_h=25,20260602-133829,20260523-062735,2.846225570822
54,688.76,990.8,215.556,0.718589,20.0,55.9,5.0,annealing_T=75_h=5,present,present,6.96,152.0,annealing_T=75_h=5,20260523-062735,phase_detection,annealing_T=75_h=25,20260602-133829,20260523-062735,2.846225570822
55,703.43,207.85,3.34509,0.239841,20.0,51.65,0.75,annealing_T=75_h=5,present,present,6.26,123.0,annealing_T=75_h=5,20260523-062735,phase_detection,annealing_T=75_h=5,20260523-062735,20260523-062735,2.946353678701849
55,703.43,207.85,14.3015,0.367724,20.0,52.4,1.5,annealing_T=75_h=5,present,present,6.26,123.0,annealing_T=75_h=5,20260523-062735,phase_detection,annealing_T=75_h=5,20260523-062735,20260523-062735,2.946353678701849
55,703.43,207.85,25.0551,0.523784,20.0,52.9,2.0,annealing_T=75_h=5,present,present,6.26,123.0,annealing_T=75_h=5,20260523-062735,phase_detection,annealing_T=75_h=5,20260523-062735,20260523-062735,2.946353678701849
55,703.43,207.85,33.6152,0.424756,20.0,53.4,2.5,annealing_T=75_h=5,present,present,6.26,123.0,annealing_T=75_h=5,20260523-062735,phase_detection,annealing_T=75_h=5,20260523-062735,20260523-062735,2.946353678701849
55,703.43,207.85,47.5679,0.469071,20.0,53.9,3.0,annealing_T=75_h=5,present,present,6.26,123.0,annealing_T=75_h=5,20260523-062735,phase_detection,annealing_T=75_h=5,20260523-062735,20260523-062735,2.946353678701849
55,703.43,207.85,99.7683,0.514704,20.0,55.9,5.0,annealing_T=75_h=5,present,present,6.26,123.0,annealing_T=75_h=5,20260523-062735,phase_detection,annealing_T=75_h=5,20260523-062735,20260523-062735,2.946353678701849
56,714.02,109.36,1.91902,0.288042,20.0,51.65,0.75,annealing_T=75_h=5,present,present,7.18,162.0,annealing_T=75_h=5,20260523-062735,phase_detection,annealing_T=75_h=5,20260523-062735,20260523-062735,3.0884624006129853
56,714.02,109.36,12.0971,0.413345,20.0,52.4,1.5,annealing_T=75_h=5,present,present,7.18,162.0,annealing_T=75_h=5,20260523-062735,phase_detection,annealing_T=75_h=5,20260523-062735,20260523-062735,3.0884624006129853
56,714.02,109.36,25.5841,0.317278,20.0,52.9,2.0,annealing_T=75_h=5,present,present,7.18,162.0,annealing_T=75_h=5,20260523-062735,phase_detection,annealing_T=75_h=5,20260523-062735,20260523-062735,3.0884624006129853
56,714.02,109.36,45.466,0.320142,20.0,53.4,2.5,annealing_T=75_h=5,present,present,7.18,162.0,annealing_T=75_h=5,20260523-062735,phase_detection,annealing_T=75_h=5,20260523-062735,20260523-062735,3.0884624006129853
56,714.02,109.36,83.3593,0.441635,20.0,53.9,3.0,annealing_T=75_h=5,present,present,7.18,162.0,annealing_T=75_h=5,20260523-062735,phase_detection,annealing_T=75_h=5,20260523-062735,20260523-062735,3.0884624006129853
56,714.02,109.36,256.339,0.650249,20.0,55.9,5.0,annealing_T=75_h=5,present,present,7.18,162.0,annealing_T=75_h=5,20260523-062735,phase_detection,annealing_T=75_h=5,20260523-062735,20260523-062735,3.0884624006129853
57,730.15,379.45,44.634,0.711997,20.0,51.65,0.75,annealing_T=75_h=5,present,present,12.09,459.0,annealing_T=75_h=5,20260523-062735,phase_detection,before_annealing,20260516-064844,20260523-062735,1.9843638779215798
57,730.15,379.45,164.587,0.566535,20.0,52.4,1.5,annealing_T=75_h=5,present,present,12.09,459.0,annealing_T=75_h=5,20260523-062735,phase_detection,before_annealing,20260516-064844,20260523-062735,1.9843638779215798
57,730.15,379.45,267.533,0.765199,20.0,52.9,2.0,annealing_T=75_h=5,present,present,12.09,459.0,annealing_T=75_h=5,20260523-062735,phase_detection,before_annealing,20260516-064844,20260523-062735,1.9843638779215798
57,730.15,379.45,435.328,0.970531,20.0,53.4,2.5,annealing_T=75_h=5,present,present,12.09,459.0,annealing_T=75_h=5,20260523-062735,phase_detection,before_annealing,20260516-064844,20260523-062735,1.9843638779215798
57,730.15,379.45,586.02,1.27773,20.0,53.9,3.0,annealing_T=75_h=5,present,present,12.09,459.0,annealing_T=75_h=5,20260523-062735,phase_detection,before_annealing,20260516-064844,20260523-062735,1.9843638779215798
57,730.15,379.45,1318.35,2.95057,20.0,55.9,5.0,annealing_T=75_h=5,present,present,12.09,459.0,annealing_T=75_h=5,20260523-062735,phase_detection,before_annealing,20260516-064844,20260523-062735,1.9843638779215798
58,748.21,89.18,3.03122,0.277974,20.0,51.65,0.75,annealing_T=75_h=5,present,present,6.38,128.0,annealing_T=75_h=5,20260523-062735,phase_detection,before_annealing,20260516-064844,20260523-062735,3.108713560301141
58,748.21,89.18,12.809,0.217804,20.0,52.4,1.5,annealing_T=75_h=5,present,present,6.38,128.0,annealing_T=75_h=5,20260523-062735,phase_detection,before_annealing,20260516-064844,20260523-062735,3.108713560301141
58,748.21,89.18,23.3304,0.375786,20.0,52.9,2.0,annealing_T=75_h=5,present,present,6.38,128.0,annealing_T=75_h=5,20260523-062735,phase_detection,before_annealing,20260516-064844,20260523-062735,3.108713560301141
58,748.21,89.18,33.9747,0.413654,20.0,53.4,2.5,annealing_T=75_h=5,present,present,6.38,128.0,annealing_T=75_h=5,20260523-062735,phase_detection,before_annealing,20260516-064844,20260523-062735,3.108713560301141
58,748.21,89.18,47.7525,0.481353,20.0,53.9,3.0,annealing_T=75_h=5,present,present,6.38,128.0,annealing_T=75_h=5,20260523-062735,phase_detection,before_annealing,20260516-064844,20260523-062735,3.108713560301141
58,748.21,89.18,134.403,0.785745,20.0,55.9,5.0,annealing_T=75_h=5,present,present,6.38,128.0,annealing_T=75_h=5,20260523-062735,phase_detection,before_annealing,20260516-064844,20260523-062735,3.108713560301141
59,745.29,906.02,65.6183,0.633563,20.0,51.65,0.75,annealing_T=75_h=5,present,present,10.88,372.0,annealing_T=75_h=5,20260523-062735,phase_detection,annealing_T=75_h=25,20260602-133829,20260523-062735,2.2256909039667416
59,745.29,906.02,193.186,0.638992,20.0,52.4,1.5,annealing_T=75_h=5,present,present,10.88,372.0,annealing_T=75_h=5,20260523-062735,phase_detection,annealing_T=75_h=25,20260602-133829,20260523-062735,2.2256909039667416
59,745.29,906.02,311.505,0.743675,20.0,52.9,2.0,annealing_T=75_h=5,present,present,10.88,372.0,annealing_T=75_h=5,20260523-062735,phase_detection,annealing_T=75_h=25,20260602-133829,20260523-062735,2.2256909039667416
59,745.29,906.02,453.254,0.79598,20.0,53.4,2.5,annealing_T=75_h=5,present,present,10.88,372.0,annealing_T=75_h=5,20260523-062735,phase_detection,annealing_T=75_h=25,20260602-133829,20260523-062735,2.2256909039667416
59,745.29,906.02,610.241,1.07384,20.0,53.9,3.0,annealing_T=75_h=5,present,present,10.88,372.0,annealing_T=75_h=5,20260523-062735,phase_detection,annealing_T=75_h=25,20260602-133829,20260523-062735,2.2256909039667416
59,745.29,906.02,1357.58,2.01793,20.0,55.9,5.0,annealing_T=75_h=5,present,present,10.88,372.0,annealing_T=75_h=5,20260523-062735,phase_detection,annealing_T=75_h=25,20260602-133829,20260523-062735,2.2256909039667416
60,769.83,903.38,3.29253,0.155942,20.0,51.65,0.75,annealing_T=75_h=5,present,present,4.58,66.0,annealing_T=75_h=5,20260523-062735,phase_detection,annealing_T=100_h=5,20260613-015321,20260523-062735,2.4159884105681892
60,769.83,903.38,6.0468,0.296517,20.0,52.4,1.5,annealing_T=75_h=5,present,present,4.58,66.0,annealing_T=75_h=5,20260523-062735,phase_detection,annealing_T=100_h=5,20260613-015321,20260523-062735,2.4159884105681892
60,769.83,903.38,12.0825,0.31997,20.0,52.9,2.0,annealing_T=75_h=5,present,present,4.58,66.0,annealing_T=75_h=5,20260523-062735,phase_detection,annealing_T=100_h=5,20260613-015321,20260523-062735,2.4159884105681892
60,769.83,903.38,15.7492,0.325268,20.0,53.4,2.5,annealing_T=75_h=5,present,present,4.58,66.0,annealing_T=75_h=5,20260523-062735,phase_detection,annealing_T=100_h=5,20260613-015321,20260523-062735,2.4159884105681892
60,769.83,903.38,20.645,0.207601,20.0,53.9,3.0,annealing_T=75_h=5,present,present,4.58,66.0,annealing_T=75_h=5,20260523-062735,phase_detection,annealing_T=100_h=5,20260613-015321,20260523-062735,2.4159884105681892
60,769.83,903.38,37.0111,0.443301,20.0,55.9,5.0,annealing_T=75_h=5,present,present,4.58,66.0,annealing_T=75_h=5,20260523-062735,phase_detection,annealing_T=100_h=5,20260613-015321,20260523-062735,2.4159884105681892
61,771.78,937.5,6.5622,0.406135,20.0,51.65,0.75,annealing_T=75_h=5,present,present,6.15,119.0,annealing_T=75_h=5,20260523-062735,phase_detection,before_annealing,20260516-064844,20260523-062735,1.5124152868837841
61,771.78,937.5,10.7914,0.374559,20.0,52.4,1.5,annealing_T=75_h=5,present,present,6.15,119.0,annealing_T=75_h=5,20260523-062735,phase_detection,before_annealing,20260516-064844,20260523-062735,1.5124152868837841
61,771.78,937.5,19.9558,0.426265,20.0,52.9,2.0,annealing_T=75_h=5,present,present,6.15,119.0,annealing_T=75_h=5,20260523-062735,phase_detection,before_annealing,20260516-064844,20260523-062735,1.5124152868837841
61,771.78,937.5,25.634,0.471465,20.0,53.4,2.5,annealing_T=75_h=5,present,present,6.15,119.0,annealing_T=75_h=5,20260523-062735,phase_detection,before_annealing,20260516-064844,20260523-062735,1.5124152868837841
61,771.78,937.5,29.4589,0.34588,20.0,53.9,3.0,annealing_T=75_h=5,present,present,6.15,119.0,annealing_T=75_h=5,20260523-062735,phase_detection,before_annealing,20260516-064844,20260523-062735,1.5124152868837841
61,771.78,937.5,65.8728,0.879108,20.0,55.9,5.0,annealing_T=75_h=5,present,present,6.15,119.0,annealing_T=75_h=5,20260523-062735,phase_detection,before_annealing,20260516-064844,20260523-062735,1.5124152868837841
62,792.09,461.16,17.822,0.292861,20.0,51.65,0.75,annealing_T=75_h=5,present,present,8.29,216.0,annealing_T=75_h=5,20260523-062735,phase_detection,before_annealing,20260516-064844,20260523-062735,1.0346980235798313
62,792.09,461.16,48.8772,0.311558,20.0,52.4,1.5,annealing_T=75_h=5,present,present,8.29,216.0,annealing_T=75_h=5,20260523-062735,phase_detection,before_annealing,20260516-064844,20260523-062735,1.0346980235798313
62,792.09,461.16,78.4461,0.390717,20.0,52.9,2.0,annealing_T=75_h=5,present,present,8.29,216.0,annealing_T=75_h=5,20260523-062735,phase_detection,before_annealing,20260516-064844,20260523-062735,1.0346980235798313
62,792.09,461.16,116.772,0.345785,20.0,53.4,2.5,annealing_T=75_h=5,present,present,8.29,216.0,annealing_T=75_h=5,20260523-062735,phase_detection,before_annealing,20260516-064844,20260523-062735,1.0346980235798313
62,792.09,461.16,157.099,0.500378,20.0,53.9,3.0,annealing_T=75_h=5,present,present,8.29,216.0,annealing_T=75_h=5,20260523-062735,phase_detection,before_annealing,20260516-064844,20260523-062735,1.0346980235798313
62,792.09,461.16,316.342,0.838338,20.0,55.9,5.0,annealing_T=75_h=5,present,present,8.29,216.0,annealing_T=75_h=5,20260523-062735,phase_detection,before_annealing,20260516-064844,20260523-062735,1.0346980235798313
63,789.03,989.81,22.0973,0.373651,20.0,51.65,0.75,annealing_T=75_h=5,present,present,8.16,209.0,annealing_T=75_h=5,20260523-062735,phase_detection,before_annealing,20260516-064844,20260523-062735,2.900827468154514
63,789.03,989.81,60.5391,0.352793,20.0,52.4,1.5,annealing_T=75_h=5,present,present,8.16,209.0,annealing_T=75_h=5,20260523-062735,phase_detection,before_annealing,20260516-064844,20260523-062735,2.900827468154514
63,789.03,989.81,93.4036,0.45617,20.0,52.9,2.0,annealing_T=75_h=5,present,present,8.16,209.0,annealing_T=75_h=5,20260523-062735,phase_detection,before_annealing,20260516-064844,20260523-062735,2.900827468154514
63,789.03,989.81,122.955,0.597138,20.0,53.4,2.5,annealing_T=75_h=5,present,present,8.16,209.0,annealing_T=75_h=5,20260523-062735,phase_detection,before_annealing,20260516-064844,20260523-062735,2.900827468154514
63,789.03,989.81,160.038,0.566601,20.0,53.9,3.0,annealing_T=75_h=5,present,present,8.16,209.0,annealing_T=75_h=5,20260523-062735,phase_detection,before_annealing,20260516-064844,20260523-062735,2.900827468154514
63,789.03,989.81,328.954,0.94453,20.0,55.9,5.0,annealing_T=75_h=5,present,present,8.16,209.0,annealing_T=75_h=5,20260523-062735,phase_detection,before_annealing,20260516-064844,20260523-062735,2.900827468154514
64,793.9,316.22,0.72932,0.250852,20.0,51.65,0.75,annealing_T=75_h=5,present,present,5.67,101.0,annealing_T=75_h=5,20260523-062735,phase_detection,annealing_T=100_h=5,20260613-015321,20260523-062735,2.990468190768779
64,793.9,316.22,5.45298,0.303074,20.0,52.4,1.5,annealing_T=75_h=5,present,present,5.67,101.0,annealing_T=75_h=5,20260523-062735,phase_detection,annealing_T=100_h=5,20260613-015321,20260523-062735,2.990468190768779
64,793.9,316.22,12.0027,0.526641,20.0,52.9,2.0,annealing_T=75_h=5,present,present,5.67,101.0,annealing_T=75_h=5,20260523-062735,phase_detection,annealing_T=100_h=5,20260613-015321,20260523-062735,2.990468190768779
64,793.9,316.22,14.3142,0.531167,20.0,53.4,2.5,annealing_T=75_h=5,present,present,5.67,101.0,annealing_T=75_h=5,20260523-062735,phase_detection,annealing_T=100_h=5,20260613-015321,20260523-062735,2.990468190768779
64,793.9,316.22,17.8165,0.428966,20.0,53.9,3.0,annealing_T=75_h=5,present,present,5.67,101.0,annealing_T=75_h=5,20260523-062735,phase_detection,annealing_T=100_h=5,20260613-015321,20260523-062735,2.990468190768779
64,793.9,316.22,26.6073,0.571337,20.0,55.9,5.0,annealing_T=75_h=5,present,present,5.67,101.0,annealing_T=75_h=5,20260523-062735,phase_detection,annealing_T=100_h=5,20260613-015321,20260523-062735,2.990468190768779
65,818.92,699.23,2.79943,0.0884079,20.0,51.65,0.75,annealing_T=75_h=5,absent,disappeared,4.72,70.0,before_annealing,20260516-064844,previous_detection,before_annealing,20260516-064844,20260523-062735,0.0
65,818.92,699.23,4.12465,0.121286,20.0,52.4,1.5,annealing_T=75_h=5,absent,disappeared,4.72,70.0,before_annealing,20260516-064844,previous_detection,before_annealing,20260516-064844,20260523-062735,0.0
65,818.92,699.23,6.64812,0.0955695,20.0,52.9,2.0,annealing_T=75_h=5,absent,disappeared,4.72,70.0,before_annealing,20260516-064844,previous_detection,before_annealing,20260516-064844,20260523-062735,0.0
65,818.92,699.23,10.5049,0.196583,20.0,53.4,2.5,annealing_T=75_h=5,absent,disappeared,4.72,70.0,before_annealing,20260516-064844,previous_detection,before_annealing,20260516-064844,20260523-062735,0.0
65,818.92,699.23,7.52312,0.0709804,20.0,53.9,3.0,annealing_T=75_h=5,absent,disappeared,4.72,70.0,before_annealing,20260516-064844,previous_detection,before_annealing,20260516-064844,20260523-062735,0.0
65,818.92,699.23,20.2562,0.120402,20.0,55.9,5.0,annealing_T=75_h=5,absent,disappeared,4.72,70.0,before_annealing,20260516-064844,previous_detection,before_annealing,20260516-064844,20260523-062735,0.0
66,828.78,487.56,-1.66157,0.116634,20.0,51.65,0.75,annealing_T=75_h=5,present,present,4.07,52.0,annealing_T=75_h=5,20260523-062735,phase_detection,annealing_T=75_h=5,20260523-062735,20260523-062735,0.49244289008986525
66,828.78,487.56,2.87942,0.222527,20.0,52.4,1.5,annealing_T=75_h=5,present,present,4.07,52.0,annealing_T=75_h=5,20260523-062735,phase_detection,annealing_T=75_h=5,20260523-062735,20260523-062735,0.49244289008986525
66,828.78,487.56,4.67313,0.359996,20.0,52.9,2.0,annealing_T=75_h=5,present,present,4.07,52.0,annealing_T=75_h=5,20260523-062735,phase_detection,annealing_T=75_h=5,20260523-062735,20260523-062735,0.49244289008986525
66,828.78,487.56,8.50569,0.191343,20.0,53.4,2.5,annealing_T=75_h=5,present,present,4.07,52.0,annealing_T=75_h=5,20260523-062735,phase_detection,annealing_T=75_h=5,20260523-062735,20260523-062735,0.49244289008986525
66,828.78,487.56,12.1149,0.240765,20.0,53.9,3.0,annealing_T=75_h=5,present,present,4.07,52.0,annealing_T=75_h=5,20260523-062735,phase_detection,annealing_T=75_h=5,20260523-062735,20260523-062735,0.49244289008986525
66,828.78,487.56,19.4725,0.224632,20.0,55.9,5.0,annealing_T=75_h=5,present,present,4.07,52.0,annealing_T=75_h=5,20260523-062735,phase_detection,annealing_T=75_h=5,20260523-062735,20260523-062735,0.49244289008986525
67,831.2,800.35,106.872,0.836503,20.0,51.65,0.75,annealing_T=75_h=5,present,present,16.24,829.0,annealing_T=75_h=5,20260523-062735,phase_detection,annealing_T=75_h=25,20260602-133829,20260523-062735,1.4436758638972793
67,831.2,800.35,399.784,0.736181,20.0,52.4,1.5,annealing_T=75_h=5,present,present,16.24,829.0,annealing_T=75_h=5,20260523-062735,phase_detection,annealing_T=75_h=25,20260602-133829,20260523-062735,1.4436758638972793
67,831.2,800.35,678.482,1.58398,20.0,52.9,2.0,annealing_T=75_h=5,present,present,16.24,829.0,annealing_T=75_h=5,20260523-062735,phase_detection,annealing_T=75_h=25,20260602-133829,20260523-062735,1.4436758638972793
67,831.2,800.35,1193.89,2.06694,20.0,53.4,2.5,annealing_T=75_h=5,present,present,16.24,829.0,annealing_T=75_h=5,20260523-062735,phase_detection,annealing_T=75_h=25,20260602-133829,20260523-062735,1.4436758638972793
67,831.2,800.35,1769.28,3.72471,20.0,53.9,3.0,annealing_T=75_h=5,present,present,16.24,829.0,annealing_T=75_h=5,20260523-062735,phase_detection,annealing_T=75_h=25,20260602-133829,20260523-062735,1.4436758638972793
67,831.2,800.35,5442.84,10.1306,20.0,55.9,5.0,annealing_T=75_h=5,present,present,16.24,829.0,annealing_T=75_h=5,20260523-062735,phase_detection,annealing_T=75_h=25,20260602-133829,20260523-062735,1.4436758638972793
68,848.25,309.55,0.52212,0.179484,20.0,51.65,0.75,annealing_T=75_h=5,present,present,4.92,76.0,annealing_T=75_h=5,20260523-062735,phase_detection,before_annealing,20260516-064844,20260523-062735,1.792037946026767
68,848.25,309.55,2.16779,0.261808,20.0,52.4,1.5,annealing_T=75_h=5,present,present,4.92,76.0,annealing_T=75_h=5,20260523-062735,phase_detection,before_annealing,20260516-064844,20260523-062735,1.792037946026767
68,848.25,309.55,3.39203,0.166629,20.0,52.9,2.0,annealing_T=75_h=5,present,present,4.92,76.0,annealing_T=75_h=5,20260523-062735,phase_detection,before_annealing,20260516-064844,20260523-062735,1.792037946026767
68,848.25,309.55,9.2534,0.165255,20.0,53.4,2.5,annealing_T=75_h=5,present,present,4.92,76.0,annealing_T=75_h=5,20260523-062735,phase_detection,before_annealing,20260516-064844,20260523-062735,1.792037946026767
68,848.25,309.55,16.4637,0.460161,20.0,53.9,3.0,annealing_T=75_h=5,present,present,4.92,76.0,annealing_T=75_h=5,20260523-062735,phase_detection,before_annealing,20260516-064844,20260523-062735,1.792037946026767
68,848.25,309.55,53.8978,0.616839,20.0,55.9,5.0,annealing_T=75_h=5,present,present,4.92,76.0,annealing_T=75_h=5,20260523-062735,phase_detection,before_annealing,20260516-064844,20260523-062735,1.792037946026767
69,849.41,170.17,99.2552,0.396509,20.0,51.65,0.75,annealing_T=75_h=5,present,present,12.4,483.0,annealing_T=75_h=5,20260523-062735,phase_detection,annealing_T=75_h=5,20260523-062735,20260523-062735,2.7746170906991665
69,849.41,170.17,297.575,0.36493,20.0,52.4,1.5,annealing_T=75_h=5,present,present,12.4,483.0,annealing_T=75_h=5,20260523-062735,phase_detection,annealing_T=75_h=5,20260523-062735,20260523-062735,2.7746170906991665
69,849.41,170.17,513.844,0.651114,20.0,52.9,2.0,annealing_T=75_h=5,present,present,12.4,483.0,annealing_T=75_h=5,20260523-062735,phase_detection,annealing_T=75_h=5,20260523-062735,20260523-062735,2.7746170906991665
69,849.41,170.17,851.355,1.16304,20.0,53.4,2.5,annealing_T=75_h=5,present,present,12.4,483.0,annealing_T=75_h=5,20260523-062735,phase_detection,annealing_T=75_h=5,20260523-062735,20260523-062735,2.7746170906991665
69,849.41,170.17,1386.83,1.9377,20.0,53.9,3.0,annealing_T=75_h=5,present,present,12.4,483.0,annealing_T=75_h=5,20260523-062735,phase_detection,annealing_T=75_h=5,20260523-062735,20260523-062735,2.7746170906991665
69,849.41,170.17,3147.94,3.34254,20.0,55.9,5.0,annealing_T=75_h=5,present,present,12.4,483.0,annealing_T=75_h=5,20260523-062735,phase_detection,annealing_T=75_h=5,20260523-062735,20260523-062735,2.7746170906991665
70,850.65,945.06,2.49128,0.308655,20.0,51.65,0.75,annealing_T=75_h=5,present,present,5.92,110.0,annealing_T=75_h=5,20260523-062735,phase_detection,annealing_T=100_h=5,20260613-015321,20260523-062735,2.4820153101864815
70,850.65,945.06,9.05769,0.293531,20.0,52.4,1.5,annealing_T=75_h=5,present,present,5.92,110.0,annealing_T=75_h=5,20260523-062735,phase_detection,annealing_T=100_h=5,20260613-015321,20260523-062735,2.4820153101864815
70,850.65,945.06,17.9681,0.302634,20.0,52.9,2.0,annealing_T=75_h=5,present,present,5.92,110.0,annealing_T=75_h=5,20260523-062735,phase_detection,annealing_T=100_h=5,20260613-015321,20260523-062735,2.4820153101864815
70,850.65,945.06,24.7446,0.25199,20.0,53.4,2.5,annealing_T=75_h=5,present,present,5.92,110.0,annealing_T=75_h=5,20260523-062735,phase_detection,annealing_T=100_h=5,20260613-015321,20260523-062735,2.4820153101864815
70,850.65,945.06,33.0907,0.399766,20.0,53.9,3.0,annealing_T=75_h=5,present,present,5.92,110.0,annealing_T=75_h=5,20260523-062735,phase_detection,annealing_T=100_h=5,20260613-015321,20260523-062735,2.4820153101864815
70,850.65,945.06,83.3888,0.584746,20.0,55.9,5.0,annealing_T=75_h=5,present,present,5.92,110.0,annealing_T=75_h=5,20260523-062735,phase_detection,annealing_T=100_h=5,20260613-015321,20260523-062735,2.4820153101864815
71,883.45,274.36,170.031,0.808911,20.0,51.65,0.75,annealing_T=75_h=5,present,present,14.32,644.0,annealing_T=75_h=5,20260523-062735,phase_detection,before_annealing,20260516-064844,20260523-062735,2.0802163349038105
71,883.45,274.36,586.923,0.852957,20.0,52.4,1.5,annealing_T=75_h=5,present,present,14.32,644.0,annealing_T=75_h=5,20260523-062735,phase_detection,before_annealing,20260516-064844,20260523-062735,2.0802163349038105
71,883.45,274.36,1025.85,0.997428,20.0,52.9,2.0,annealing_T=75_h=5,present,present,14.32,644.0,annealing_T=75_h=5,20260523-062735,phase_detection,before_annealing,20260516-064844,20260523-062735,2.0802163349038105
71,883.45,274.36,1508.6,1.54595,20.0,53.4,2.5,annealing_T=75_h=5,present,present,14.32,644.0,annealing_T=75_h=5,20260523-062735,phase_detection,before_annealing,20260516-064844,20260523-062735,2.0802163349038105
71,883.45,274.36,2090.6,2.14804,20.0,53.9,3.0,annealing_T=75_h=5,present,present,14.32,644.0,annealing_T=75_h=5,20260523-062735,phase_detection,before_annealing,20260516-064844,20260523-062735,2.0802163349038105
71,883.45,274.36,4947.69,4.65528,20.0,55.9,5.0,annealing_T=75_h=5,present,present,14.32,644.0,annealing_T=75_h=5,20260523-062735,phase_detection,before_annealing,20260516-064844,20260523-062735,2.0802163349038105
72,884.07,869.38,7.50687,0.235104,20.0,51.65,0.75,annealing_T=75_h=5,present,present,6.91,150.0,annealing_T=75_h=5,20260523-062735,phase_detection,annealing_T=100_h=5,20260613-015321,20260523-062735,2.000924786192569
72,884.07,869.38,16.8416,0.422545,20.0,52.4,1.5,annealing_T=75_h=5,present,present,6.91,150.0,annealing_T=75_h=5,20260523-062735,phase_detection,annealing_T=100_h=5,20260613-015321,20260523-062735,2.000924786192569
72,884.07,869.38,17.6005,0.277183,20.0,52.9,2.0,annealing_T=75_h=5,present,present,6.91,150.0,annealing_T=75_h=5,20260523-062735,phase_detection,annealing_T=100_h=5,20260613-015321,20260523-062735,2.000924786192569
72,884.07,869.38,28.4915,0.330182,20.0,53.4,2.5,annealing_T=75_h=5,present,present,6.91,150.0,annealing_T=75_h=5,20260523-062735,phase_detection,annealing_T=100_h=5,20260613-015321,20260523-062735,2.000924786192569
72,884.07,869.38,36.1417,0.691914,20.0,53.9,3.0,annealing_T=75_h=5,present,present,6.91,150.0,annealing_T=75_h=5,20260523-062735,phase_detection,annealing_T=100_h=5,20260613-015321,20260523-062735,2.000924786192569
72,884.07,869.38,180.286,1.82698,20.0,55.9,5.0,annealing_T=75_h=5,present,present,6.91,150.0,annealing_T=75_h=5,20260523-062735,phase_detection,annealing_T=100_h=5,20260613-015321,20260523-062735,2.000924786192569
73,908.01,276.87,6.67198,0.388156,20.0,51.65,0.75,annealing_T=75_h=5,present,present,6.43,130.0,annealing_T=75_h=5,20260523-062735,phase_detection,before_annealing,20260516-064844,20260523-062735,1.808009955724645
73,908.01,276.87,11.9453,0.341724,20.0,52.4,1.5,annealing_T=75_h=5,present,present,6.43,130.0,annealing_T=75_h=5,20260523-062735,phase_detection,before_annealing,20260516-064844,20260523-062735,1.808009955724645
73,908.01,276.87,19.5223,0.149564,20.0,52.9,2.0,annealing_T=75_h=5,present,present,6.43,130.0,annealing_T=75_h=5,20260523-062735,phase_detection,before_annealing,20260516-064844,20260523-062735,1.808009955724645
73,908.01,276.87,31.8551,0.485302,20.0,53.4,2.5,annealing_T=75_h=5,present,present,6.43,130.0,annealing_T=75_h=5,20260523-062735,phase_detection,before_annealing,20260516-064844,20260523-062735,1.808009955724645
73,908.01,276.87,46.6439,0.379882,20.0,53.9,3.0,annealing_T=75_h=5,present,present,6.43,130.0,annealing_T=75_h=5,20260523-062735,phase_detection,before_annealing,20260516-064844,20260523-062735,1.808009955724645
73,908.01,276.87,145.451,0.768776,20.0,55.9,5.0,annealing_T=75_h=5,present,present,6.43,130.0,annealing_T=75_h=5,20260523-062735,phase_detection,before_annealing,20260516-064844,20260523-062735,1.808009955724645
74,926.3,741.48,32.8427,0.384792,20.0,51.65,0.75,annealing_T=75_h=5,present,present,10.59,352.0,annealing_T=75_h=5,20260523-062735,phase_detection,annealing_T=125_h=5,20260725-020716,20260523-062735,1.1122050170720728
74,926.3,741.48,122.469,0.495271,20.0,52.4,1.5,annealing_T=75_h=5,present,present,10.59,352.0,annealing_T=75_h=5,20260523-062735,phase_detection,annealing_T=125_h=5,20260725-020716,20260523-062735,1.1122050170720728
74,926.3,741.48,205.381,0.46559,20.0,52.9,2.0,annealing_T=75_h=5,present,present,10.59,352.0,annealing_T=75_h=5,20260523-062735,phase_detection,annealing_T=125_h=5,20260725-020716,20260523-062735,1.1122050170720728
74,926.3,741.48,317.577,0.484642,20.0,53.4,2.5,annealing_T=75_h=5,present,present,10.59,352.0,annealing_T=75_h=5,20260523-062735,phase_detection,annealing_T=125_h=5,20260725-020716,20260523-062735,1.1122050170720728
74,926.3,741.48,463.222,0.725612,20.0,53.9,3.0,annealing_T=75_h=5,present,present,10.59,352.0,annealing_T=75_h=5,20260523-062735,phase_detection,annealing_T=125_h=5,20260725-020716,20260523-062735,1.1122050170720728
74,926.3,741.48,1150.32,1.80018,20.0,55.9,5.0,annealing_T=75_h=5,present,present,10.59,352.0,annealing_T=75_h=5,20260523-062735,phase_detection,annealing_T=125_h=5,20260725-020716,20260523-062735,1.1122050170720728
75,933.93,979.25,145.459,0.752888,20.0,51.65,0.75,annealing_T=75_h=5,present,present,16.14,818.0,annealing_T=75_h=5,20260523-062735,phase_detection,before_annealing,20260516-064844,20260523-062735,2.564254277563038
75,933.93,979.25,574.392,0.822871,20.0,52.4,1.5,annealing_T=75_h=5,present,present,16.14,818.0,annealing_T=75_h=5,20260523-062735,phase_detection,before_annealing,20260516-064844,20260523-062735,2.564254277563038
75,933.93,979.25,1082.91,1.32482,20.0,52.9,2.0,annealing_T=75_h=5,present,present,16.14,818.0,annealing_T=75_h=5,20260523-062735,phase_detection,before_annealing,20260516-064844,20260523-062735,2.564254277563038
75,933.93,979.25,1484.99,1.61769,20.0,53.4,2.5,annealing_T=75_h=5,present,present,16.14,818.0,annealing_T=75_h=5,20260523-062735,phase_detection,before_annealing,20260516-064844,20260523-062735,2.564254277563038
75,933.93,979.25,2148.7,2.17751,20.0,53.9,3.0,annealing_T=75_h=5,present,present,16.14,818.0,annealing_T=75_h=5,20260523-062735,phase_detection,before_annealing,20260516-064844,20260523-062735,2.564254277563038
75,933.93,979.25,6486.59,5.51678,20.0,55.9,5.0,annealing_T=75_h=5,present,present,16.14,818.0,annealing_T=75_h=5,20260523-062735,phase_detection,before_annealing,20260516-064844,20260523-062735,2.564254277563038
76,947.82,1041.95,50.7288,0.710323,20.0,51.65,0.75,annealing_T=75_h=5,present,present,12.1,460.0,annealing_T=75_h=5,20260523-062735,phase_detection,annealing_T=75_h=25,20260602-133829,20260523-062735,2.972843756405559
76,947.82,1041.95,190.079,0.813426,20.0,52.4,1.5,annealing_T=75_h=5,present,present,12.1,460.0,annealing_T=75_h=5,20260523-062735,phase_detection,annealing_T=75_h=25,20260602-133829,20260523-062735,2.972843756405559
76,947.82,1041.95,307.622,1.19939,20.0,52.9,2.0,annealing_T=75_h=5,present,present,12.1,460.0,annealing_T=75_h=5,20260523-062735,phase_detection,annealing_T=75_h=25,20260602-133829,20260523-062735,2.972843756405559
76,947.82,1041.95,413.228,1.58582,20.0,53.4,2.5,annealing_T=75_h=5,present,present,12.1,460.0,annealing_T=75_h=5,20260523-062735,phase_detection,annealing_T=75_h=25,20260602-133829,20260523-062735,2.972843756405559
76,947.82,1041.95,685.454,2.745,20.0,53.9,3.0,annealing_T=75_h=5,present,present,12.1,460.0,annealing_T=75_h=5,20260523-062735,phase_detection,annealing_T=75_h=25,20260602-133829,20260523-062735,2.972843756405559
76,947.82,1041.95,1631.91,5.80769,20.0,55.9,5.0,annealing_T=75_h=5,present,present,12.1,460.0,annealing_T=75_h=5,20260523-062735,phase_detection,annealing_T=75_h=25,20260602-133829,20260523-062735,2.972843756405559
77,974.85,140.27,28.9762,0.59572,20.0,51.65,0.75,annealing_T=75_h=5,present,present,9.47,282.0,annealing_T=75_h=5,20260523-062735,phase_detection,annealing_T=100_h=5,20260613-015321,20260523-062735,3.0828720375649734
77,974.85,140.27,85.8721,0.462441,20.0,52.4,1.5,annealing_T=75_h=5,present,present,9.47,282.0,annealing_T=75_h=5,20260523-062735,phase_detection,annealing_T=100_h=5,20260613-015321,20260523-062735,3.0828720375649734
77,974.85,140.27,130.577,0.620094,20.0,52.9,2.0,annealing_T=75_h=5,present,present,9.47,282.0,annealing_T=75_h=5,20260523-062735,phase_detection,annealing_T=100_h=5,20260613-015321,20260523-062735,3.0828720375649734
77,974.85,140.27,187.274,0.682286,20.0,53.4,2.5,annealing_T=75_h=5,present,present,9.47,282.0,annealing_T=75_h=5,20260523-062735,phase_detection,annealing_T=100_h=5,20260613-015321,20260523-062735,3.0828720375649734
77,974.85,140.27,238.65,0.853774,20.0,53.9,3.0,annealing_T=75_h=5,present,present,9.47,282.0,annealing_T=75_h=5,20260523-062735,phase_detection,annealing_T=100_h=5,20260613-015321,20260523-062735,3.0828720375649734
77,974.85,140.27,525.598,1.37979,20.0,55.9,5.0,annealing_T=75_h=5,present,present,9.47,282.0,annealing_T=75_h=5,20260523-062735,phase_detection,annealing_T=100_h=5,20260613-015321,20260523-062735,3.0828720375649734
78,977.98,702.99,6.42172,0.265775,20.0,51.65,0.75,annealing_T=75_h=5,present,present,6.21,121.0,annealing_T=75_h=5,20260523-062735,phase_detection,before_annealing,20260516-064844,20260523-062735,0.7632168761237157
78,977.98,702.99,18.8457,0.143756,20.0,52.4,1.5,annealing_T=75_h=5,present,present,6.21,121.0,annealing_T=75_h=5,20260523-062735,phase_detection,before_annealing,20260516-064844,20260523-062735,0.7632168761237157
78,977.98,702.99,30.416,0.227213,20.0,52.9,2.0,annealing_T=75_h=5,present,present,6.21,121.0,annealing_T=75_h=5,20260523-062735,phase_detection,before_annealing,20260516-064844,20260523-062735,0.7632168761237157
78,977.98,702.99,40.3364,0.293746,20.0,53.4,2.5,annealing_T=75_h=5,present,present,6.21,121.0,annealing_T=75_h=5,20260523-062735,phase_detection,before_annealing,20260516-064844,20260523-062735,0.7632168761237157
78,977.98,702.99,57.092,0.427049,20.0,53.9,3.0,annealing_T=75_h=5,present,present,6.21,121.0,annealing_T=75_h=5,20260523-062735,phase_detection,before_annealing,20260516-064844,20260523-062735,0.7632168761237157
78,977.98,702.99,109.576,0.426423,20.0,55.9,5.0,annealing_T=75_h=5,present,present,6.21,121.0,annealing_T=75_h=5,20260523-062735,phase_detection,before_annealing,20260516-064844,20260523-062735,0.7632168761237157
79,978.58,1062.54,32.5148,0.877121,20.0,51.65,0.75,annealing_T=75_h=5,present,present,12.95,527.0,annealing_T=75_h=5,20260523-062735,phase_detection,annealing_T=75_h=25,20260602-133829,20260523-062735,3.151586901863783
79,978.58,1062.54,118.396,1.03992,20.0,52.4,1.5,annealing_T=75_h=5,present,present,12.95,527.0,annealing_T=75_h=5,20260523-062735,phase_detection,annealing_T=75_h=25,20260602-133829,20260523-062735,3.151586901863783
79,978.58,1062.54,206.365,0.929152,20.0,52.9,2.0,annealing_T=75_h=5,present,present,12.95,527.0,annealing_T=75_h=5,20260523-062735,phase_detection,annealing_T=75_h=25,20260602-133829,20260523-062735,3.151586901863783
79,978.58,1062.54,321.193,1.19418,20.0,53.4,2.5,annealing_T=75_h=5,present,present,12.95,527.0,annealing_T=75_h=5,20260523-062735,phase_detection,annealing_T=75_h=25,20260602-133829,20260523-062735,3.151586901863783
79,978.58,1062.54,464.55,1.63671,20.0,53.9,3.0,annealing_T=75_h=5,present,present,12.95,527.0,annealing_T=75_h=5,20260523-062735,phase_detection,annealing_T=75_h=25,20260602-133829,20260523-062735,3.151586901863783
79,978.58,1062.54,1472.95,3.04287,20.0,55.9,5.0,annealing_T=75_h=5,present,present,12.95,527.0,annealing_T=75_h=5,20260523-062735,phase_detection,annealing_T=75_h=25,20260602-133829,20260523-062735,3.151586901863783
80,1005.33,766.0,34.7268,0.410324,20.0,51.65,0.75,annealing_T=75_h=5,present,present,10.06,318.0,annealing_T=75_h=5,20260523-062735,phase_detection,annealing_T=75_h=5,20260523-062735,20260523-062735,1.3148383931114611
80,1005.33,766.0,116.408,0.537154,20.0,52.4,1.5,annealing_T=75_h=5,present,present,10.06,318.0,annealing_T=75_h=5,20260523-062735,phase_detection,annealing_T=75_h=5,20260523-062735,20260523-062735,1.3148383931114611
80,1005.33,766.0,203.331,0.642488,20.0,52.9,2.0,annealing_T=75_h=5,present,present,10.06,318.0,annealing_T=75_h=5,20260523-062735,phase_detection,annealing_T=75_h=5,20260523-062735,20260523-062735,1.3148383931114611
80,1005.33,766.0,314.735,0.460554,20.0,53.4,2.5,annealing_T=75_h=5,present,present,10.06,318.0,annealing_T=75_h=5,20260523-062735,phase_detection,annealing_T=75_h=5,20260523-062735,20260523-062735,1.3148383931114611
80,1005.33,766.0,445.711,0.876235,20.0,53.9,3.0,annealing_T=75_h=5,present,present,10.06,318.0,annealing_T=75_h=5,20260523-062735,phase_detection,annealing_T=75_h=5,20260523-062735,20260523-062735,1.3148383931114611
80,1005.33,766.0,1311.85,2.21568,20.0,55.9,5.0,annealing_T=75_h=5,present,present,10.06,318.0,annealing_T=75_h=5,20260523-062735,phase_detection,annealing_T=75_h=5,20260523-062735,20260523-062735,1.3148383931114611
81,1031.96,762.73,134.466,0.588526,20.0,51.65,0.75,annealing_T=75_h=5,present,present,13.27,553.0,annealing_T=75_h=5,20260523-062735,phase_detection,annealing_T=75_h=5,20260523-062735,20260523-062735,1.4698639392814001
81,1031.96,762.73,459.165,0.534758,20.0,52.4,1.5,annealing_T=75_h=5,present,present,13.27,553.0,annealing_T=75_h=5,20260523-062735,phase_detection,annealing_T=75_h=5,20260523-062735,20260523-062735,1.4698639392814001
81,1031.96,762.73,819.452,0.922776,20.0,52.9,2.0,annealing_T=75_h=5,present,present,13.27,553.0,annealing_T=75_h=5,20260523-062735,phase_detection,annealing_T=75_h=5,20260523-062735,20260523-062735,1.4698639392814001
81,1031.96,762.73,1245.65,1.36244,20.0,53.4,2.5,annealing_T=75_h=5,present,present,13.27,553.0,annealing_T=75_h=5,20260523-062735,phase_detection,annealing_T=75_h=5,20260523-062735,20260523-062735,1.4698639392814001
81,1031.96,762.73,1804.25,2.11769,20.0,53.9,3.0,annealing_T=75_h=5,present,present,13.27,553.0,annealing_T=75_h=5,20260523-062735,phase_detection,annealing_T=75_h=5,20260523-062735,20260523-062735,1.4698639392814001
81,1031.96,762.73,5000.33,5.3258,20.0,55.9,5.0,annealing_T=75_h=5,present,present,13.27,553.0,annealing_T=75_h=5,20260523-062735,phase_detection,annealing_T=75_h=5,20260523-062735,20260523-062735,1.4698639392814001
82,1060.03,684.14,8.01646,0.245737,20.0,51.65,0.75,annealing_T=75_h=5,present,present,7.07,157.0,annealing_T=75_h=5,20260523-062735,phase_detection,annealing_T=75_h=5,20260523-062735,20260523-062735,1.3823168956501695
82,1060.03,684.14,24.5319,0.25444,20.0,52.4,1.5,annealing_T=75_h=5,present,present,7.07,157.0,annealing_T=75_h=5,20260523-062735,phase_detection,annealing_T=75_h=5,20260523-062735,20260523-062735,1.3823168956501695
82,1060.03,684.14,38.1323,0.30891,20.0,52.9,2.0,annealing_T=75_h=5,present,present,7.07,157.0,annealing_T=75_h=5,20260523-062735,phase_detection,annealing_T=75_h=5,20260523-062735,20260523-062735,1.3823168956501695
82,1060.03,684.14,56.3726,0.300593,20.0,53.4,2.5,annealing_T=75_h=5,present,present,7.07,157.0,annealing_T=75_h=5,20260523-062735,phase_detection,annealing_T=75_h=5,20260523-062735,20260523-062735,1.3823168956501695
82,1060.03,684.14,76.4175,0.408273,20.0,53.9,3.0,annealing_T=75_h=5,present,present,7.07,157.0,annealing_T=75_h=5,20260523-062735,phase_detection,annealing_T=75_h=5,20260523-062735,20260523-062735,1.3823168956501695
82,1060.03,684.14,177.883,0.56995,20.0,55.9,5.0,annealing_T=75_h=5,present,present,7.07,157.0,annealing_T=75_h=5,20260523-062735,phase_detection,annealing_T=75_h=5,20260523-062735,20260523-062735,1.3823168956501695
83,1068.47,855.37,48.0472,0.512035,20.0,51.65,0.75,annealing_T=75_h=5,present,present,11.56,420.0,annealing_T=75_h=5,20260523-062735,phase_detection,annealing_T=75_h=5,20260523-062735,20260523-062735,2.1523243250030863
83,1068.47,855.37,195.678,0.557087,20.0,52.4,1.5,annealing_T=75_h=5,present,present,11.56,420.0,annealing_T=75_h=5,20260523-062735,phase_detection,annealing_T=75_h=5,20260523-062735,20260523-062735,2.1523243250030863
83,1068.47,855.37,344.944,0.723858,20.0,52.9,2.0,annealing_T=75_h=5,present,present,11.56,420.0,annealing_T=75_h=5,20260523-062735,phase_detection,annealing_T=75_h=5,20260523-062735,20260523-062735,2.1523243250030863
83,1068.47,855.37,547.89,1.16128,20.0,53.4,2.5,annealing_T=75_h=5,present,present,11.56,420.0,annealing_T=75_h=5,20260523-062735,phase_detection,annealing_T=75_h=5,20260523-062735,20260523-062735,2.1523243250030863
83,1068.47,855.37,809.397,1.24407,20.0,53.9,3.0,annealing_T=75_h=5,present,present,11.56,420.0,annealing_T=75_h=5,20260523-062735,phase_detection,annealing_T=75_h=5,20260523-062735,20260523-062735,2.1523243250030863
83,1068.47,855.37,3303.18,13.3861,20.0,55.9,5.0,annealing_T=75_h=5,present,present,11.56,420.0,annealing_T=75_h=5,20260523-062735,phase_detection,annealing_T=75_h=5,20260523-062735,20260523-062735,2.1523243250030863
84,1084.08,488.37,-1.1957,0.333379,20.0,51.65,0.75,annealing_T=75_h=5,absent,disappeared,6.13,118.0,before_annealing,20260516-064844,previous_detection,before_annealing,20260516-064844,20260523-062735,0.0
84,1084.08,488.37,-0.354333,0.331383,20.0,52.4,1.5,annealing_T=75_h=5,absent,disappeared,6.13,118.0,before_annealing,20260516-064844,previous_detection,before_annealing,20260516-064844,20260523-062735,0.0
84,1084.08,488.37,-1.70395,0.454279,20.0,52.9,2.0,annealing_T=75_h=5,absent,disappeared,6.13,118.0,before_annealing,20260516-064844,previous_detection,before_annealing,20260516-064844,20260523-062735,0.0
84,1084.08,488.37,1.42665,0.358429,20.0,53.4,2.5,annealing_T=75_h=5,absent,disappeared,6.13,118.0,before_annealing,20260516-064844,previous_detection,before_annealing,20260516-064844,20260523-062735,0.0
84,1084.08,488.37,0.408004,0.2654,20.0,53.9,3.0,annealing_T=75_h=5,absent,disappeared,6.13,118.0,before_annealing,20260516-064844,previous_detection,before_annealing,20260516-064844,20260523-062735,0.0
84,1084.08,488.37,-1.61515,0.436452,20.0,55.9,5.0,annealing_T=75_h=5,absent,disappeared,6.13,118.0,before_annealing,20260516-064844,previous_detection,before_annealing,20260516-064844,20260523-062735,0.0
85,1094.31,324.84,16.0069,0.310058,20.0,51.65,0.75,annealing_T=75_h=5,present,present,7.53,178.0,annealing_T=75_h=5,20260523-062735,phase_detection,annealing_T=75_h=5,20260523-062735,20260523-062735,2.025660386145647
85,1094.31,324.84,49.2743,0.257659,20.0,52.4,1.5,annealing_T=75_h=5,present,present,7.53,178.0,annealing_T=75_h=5,20260523-062735,phase_detection,annealing_T=75_h=5,20260523-062735,20260523-062735,2.025660386145647
85,1094.31,324.84,74.8196,0.353689,20.0,52.9,2.0,annealing_T=75_h=5,present,present,7.53,178.0,annealing_T=75_h=5,20260523-062735,phase_detection,annealing_T=75_h=5,20260523-062735,20260523-062735,2.025660386145647
85,1094.31,324.84,100.8,0.334171,20.0,53.4,2.5,annealing_T=75_h=5,present,present,7.53,178.0,annealing_T=75_h=5,20260523-062735,phase_detection,annealing_T=75_h=5,20260523-062735,20260523-062735,2.025660386145647
85,1094.31,324.84,136.871,0.454237,20.0,53.9,3.0,annealing_T=75_h=5,present,present,7.53,178.0,annealing_T=75_h=5,20260523-062735,phase_detection,annealing_T=75_h=5,20260523-062735,20260523-062735,2.025660386145647
85,1094.31,324.84,262.194,0.81299,20.0,55.9,5.0,annealing_T=75_h=5,present,present,7.53,178.0,annealing_T=75_h=5,20260523-062735,phase_detection,annealing_T=75_h=5,20260523-062735,20260523-062735,2.025660386145647
86,1097.34,256.76,1.30922,0.259026,20.0,51.65,0.75,annealing_T=75_h=5,present,present,4.22,56.0,annealing_T=75_h=5,20260523-062735,phase_detection,annealing_T=100_h=5,20260613-015321,20260523-062735,3.418844834150863
86,1097.34,256.76,3.86344,0.177889,20.0,52.4,1.5,annealing_T=75_h=5,present,present,4.22,56.0,annealing_T=75_h=5,20260523-062735,phase_detection,annealing_T=100_h=5,20260613-015321,20260523-062735,3.418844834150863
86,1097.34,256.76,5.34875,0.0919783,20.0,52.9,2.0,annealing_T=75_h=5,present,present,4.22,56.0,annealing_T=75_h=5,20260523-062735,phase_detection,annealing_T=100_h=5,20260613-015321,20260523-062735,3.418844834150863
86,1097.34,256.76,8.89501,0.093339,20.0,53.4,2.5,annealing_T=75_h=5,present,present,4.22,56.0,annealing_T=75_h=5,20260523-062735,phase_detection,annealing_T=100_h=5,20260613-015321,20260523-062735,3.418844834150863
86,1097.34,256.76,10.8411,0.082033,20.0,53.9,3.0,annealing_T=75_h=5,present,present,4.22,56.0,annealing_T=75_h=5,20260523-062735,phase_detection,annealing_T=100_h=5,20260613-015321,20260523-062735,3.418844834150863
86,1097.34,256.76,16.2497,0.308723,20.0,55.9,5.0,annealing_T=75_h=5,present,present,4.22,56.0,annealing_T=75_h=5,20260523-062735,phase_detection,annealing_T=100_h=5,20260613-015321,20260523-062735,3.418844834150863
87,1109.71,382.67,0.354173,0.281589,20.0,51.65,0.75,annealing_T=75_h=5,present,present,4.41,61.0,annealing_T=75_h=5,20260523-062735,phase_detection,before_annealing,20260516-064844,20260523-062735,2.585440001237797
87,1109.71,382.67,3.92588,0.246224,20.0,52.4,1.5,annealing_T=75_h=5,present,present,4.41,61.0,annealing_T=75_h=5,20260523-062735,phase_detection,before_annealing,20260516-064844,20260523-062735,2.585440001237797
87,1109.71,382.67,8.62032,0.169514,20.0,52.9,2.0,annealing_T=75_h=5,present,present,4.41,61.0,annealing_T=75_h=5,20260523-062735,phase_detection,before_annealing,20260516-064844,20260523-062735,2.585440001237797
87,1109.71,382.67,12.1591,0.245668,20.0,53.4,2.5,annealing_T=75_h=5,present,present,4.41,61.0,annealing_T=75_h=5,20260523-062735,phase_detection,before_annealing,20260516-064844,20260523-062735,2.585440001237797
87,1109.71,382.67,17.8765,0.331467,20.0,53.9,3.0,annealing_T=75_h=5,present,present,4.41,61.0,annealing_T=75_h=5,20260523-062735,phase_detection,before_annealing,20260516-064844,20260523-062735,2.585440001237797
87,1109.71,382.67,43.6486,0.357172,20.0,55.9,5.0,annealing_T=75_h=5,present,present,4.41,61.0,annealing_T=75_h=5,20260523-062735,phase_detection,before_annealing,20260516-064844,20260523-062735,2.585440001237797
88,1111.14,282.22,13.5102,0.428637,20.0,51.65,0.75,annealing_T=75_h=5,present,present,7.74,188.0,annealing_T=75_h=5,20260523-062735,phase_detection,before_annealing,20260516-064844,20260523-062735,2.520515820224231
88,1111.14,282.22,52.2944,0.489364,20.0,52.4,1.5,annealing_T=75_h=5,present,present,7.74,188.0,annealing_T=75_h=5,20260523-062735,phase_detection,before_annealing,20260516-064844,20260523-062735,2.520515820224231
88,1111.14,282.22,92.2947,0.445723,20.0,52.9,2.0,annealing_T=75_h=5,present,present,7.74,188.0,annealing_T=75_h=5,20260523-062735,phase_detection,before_annealing,20260516-064844,20260523-062735,2.520515820224231
88,1111.14,282.22,112.075,0.513823,20.0,53.4,2.5,annealing_T=75_h=5,present,present,7.74,188.0,annealing_T=75_h=5,20260523-062735,phase_detection,before_annealing,20260516-064844,20260523-062735,2.520515820224231
88,1111.14,282.22,142.509,0.465691,20.0,53.9,3.0,annealing_T=75_h=5,present,present,7.74,188.0,annealing_T=75_h=5,20260523-062735,phase_detection,before_annealing,20260516-064844,20260523-062735,2.520515820224231
88,1111.14,282.22,199.947,0.821624,20.0,55.9,5.0,annealing_T=75_h=5,present,present,7.74,188.0,annealing_T=75_h=5,20260523-062735,phase_detection,before_annealing,20260516-064844,20260523-062735,2.520515820224231
89,1110.65,795.38,61.1589,0.589151,20.0,51.65,0.75,annealing_T=75_h=5,present,present,12.98,529.0,annealing_T=75_h=5,20260523-062735,phase_detection,before_annealing,20260516-064844,20260523-062735,1.987586476106016
89,1110.65,795.38,225.85,0.789049,20.0,52.4,1.5,annealing_T=75_h=5,present,present,12.98,529.0,annealing_T=75_h=5,20260523-062735,phase_detection,before_annealing,20260516-064844,20260523-062735,1.987586476106016
89,1110.65,795.38,391.038,0.836086,20.0,52.9,2.0,annealing_T=75_h=5,present,present,12.98,529.0,annealing_T=75_h=5,20260523-062735,phase_detection,before_annealing,20260516-064844,20260523-062735,1.987586476106016
89,1110.65,795.38,610.431,0.957548,20.0,53.4,2.5,annealing_T=75_h=5,present,present,12.98,529.0,annealing_T=75_h=5,20260523-062735,phase_detection,before_annealing,20260516-064844,20260523-062735,1.987586476106016
89,1110.65,795.38,873.245,1.32952,20.0,53.9,3.0,annealing_T=75_h=5,present,present,12.98,529.0,annealing_T=75_h=5,20260523-062735,phase_detection,before_annealing,20260516-064844,20260523-062735,1.987586476106016
89,1110.65,795.38,2419.14,2.97803,20.0,55.9,5.0,annealing_T=75_h=5,present,present,12.98,529.0,annealing_T=75_h=5,20260523-062735,phase_detection,before_annealing,20260516-064844,20260523-062735,1.987586476106016
90,1119.03,919.74,6.67439,0.362546,20.0,51.65,0.75,annealing_T=75_h=5,present,present,8.23,213.0,annealing_T=75_h=5,20260523-062735,phase_detection,annealing_T=100_h=25,20260629-230214,20260523-062735,2.622003051104458
90,1119.03,919.74,27.8285,0.376159,20.0,52.4,1.5,annealing_T=75_h=5,present,present,8.23,213.0,annealing_T=75_h=5,20260523-062735,phase_detection,annealing_T=100_h=25,20260629-230214,20260523-062735,2.622003051104458
90,1119.03,919.74,46.4646,0.331892,20.0,52.9,2.0,annealing_T=75_h=5,present,present,8.23,213.0,annealing_T=75_h=5,20260523-062735,phase_detection,annealing_T=100_h=25,20260629-230214,20260523-062735,2.622003051104458
90,1119.03,919.74,76.1852,0.367835,20.0,53.4,2.5,annealing_T=75_h=5,present,present,8.23,213.0,annealing_T=75_h=5,20260523-062735,phase_detection,annealing_T=100_h=25,20260629-230214,20260523-062735,2.622003051104458
90,1119.03,919.74,114.411,0.544896,20.0,53.9,3.0,annealing_T=75_h=5,present,present,8.23,213.0,annealing_T=75_h=5,20260523-062735,phase_detection,annealing_T=100_h=25,20260629-230214,20260523-062735,2.622003051104458
90,1119.03,919.74,324.869,0.775088,20.0,55.9,5.0,annealing_T=75_h=5,present,present,8.23,213.0,annealing_T=75_h=5,20260523-062735,phase_detection,annealing_T=100_h=25,20260629-230214,20260523-062735,2.622003051104458
91,1185.81,35.23,19.3299,0.493964,20.0,51.65,0.75,annealing_T=75_h=5,present,present,10.6,353.0,annealing_T=75_h=5,20260523-062735,phase_detection,annealing_T=100_h=25,20260629-230214,20260523-062735,4.297731959999294
91,1185.81,35.23,59.7923,0.712595,20.0,52.4,1.5,annealing_T=75_h=5,present,present,10.6,353.0,annealing_T=75_h=5,20260523-062735,phase_detection,annealing_T=100_h=25,20260629-230214,20260523-062735,4.297731959999294
91,1185.81,35.23,107.703,0.647848,20.0,52.9,2.0,annealing_T=75_h=5,present,present,10.6,353.0,annealing_T=75_h=5,20260523-062735,phase_detection,annealing_T=100_h=25,20260629-230214,20260523-062735,4.297731959999294
91,1185.81,35.23,149.203,0.782451,20.0,53.4,2.5,annealing_T=75_h=5,present,present,10.6,353.0,annealing_T=75_h=5,20260523-062735,phase_detection,annealing_T=100_h=25,20260629-230214,20260523-062735,4.297731959999294
91,1185.81,35.23,207.276,0.918938,20.0,53.9,3.0,annealing_T=75_h=5,present,present,10.6,353.0,annealing_T=75_h=5,20260523-062735,phase_detection,annealing_T=100_h=25,20260629-230214,20260523-062735,4.297731959999294
91,1185.81,35.23,462.997,1.44969,20.0,55.9,5.0,annealing_T=75_h=5,present,present,10.6,353.0,annealing_T=75_h=5,20260523-062735,phase_detection,annealing_T=100_h=25,20260629-230214,20260523-062735,4.297731959999294
92,1184.16,911.06,10.7533,0.465652,20.0,51.65,0.75,annealing_T=75_h=5,present,present,6.6,137.0,annealing_T=75_h=5,20260523-062735,phase_detection,annealing_T=75_h=5,20260523-062735,20260523-062735,2.560351538363355
92,1184.16,911.06,28.2425,0.415209,20.0,52.4,1.5,annealing_T=75_h=5,present,present,6.6,137.0,annealing_T=75_h=5,20260523-062735,phase_detection,annealing_T=75_h=5,20260523-062735,20260523-062735,2.560351538363355
92,1184.16,911.06,37.8844,0.330626,20.0,52.9,2.0,annealing_T=75_h=5,present,present,6.6,137.0,annealing_T=75_h=5,20260523-062735,phase_detection,annealing_T=75_h=5,20260523-062735,20260523-062735,2.560351538363355
92,1184.16,911.06,50.4449,0.319219,20.0,53.4,2.5,annealing_T=75_h=5,present,present,6.6,137.0,annealing_T=75_h=5,20260523-062735,phase_detection,annealing_T=75_h=5,20260523-062735,20260523-062735,2.560351538363355
92,1184.16,911.06,68.3113,0.514957,20.0,53.9,3.0,annealing_T=75_h=5,present,present,6.6,137.0,annealing_T=75_h=5,20260523-062735,phase_detection,annealing_T=75_h=5,20260523-062735,20260523-062735,2.560351538363355
92,1184.16,911.06,119.367,0.556046,20.0,55.9,5.0,annealing_T=75_h=5,present,present,6.6,137.0,annealing_T=75_h=5,20260523-062735,phase_detection,annealing_T=75_h=5,20260523-062735,20260523-062735,2.560351538363355
93,1187.91,759.67,0.172959,0.398309,20.0,51.65,0.75,annealing_T=75_h=5,present,present,6.86,148.0,annealing_T=75_h=5,20260523-062735,phase_detection,before_annealing,20260516-064844,20260523-062735,2.4298148077579254
93,1187.91,759.67,3.96477,0.438328,20.0,52.4,1.5,annealing_T=75_h=5,present,present,6.86,148.0,annealing_T=75_h=5,20260523-062735,phase_detection,before_annealing,20260516-064844,20260523-062735,2.4298148077579254
93,1187.91,759.67,12.3074,0.454122,20.0,52.9,2.0,annealing_T=75_h=5,present,present,6.86,148.0,annealing_T=75_h=5,20260523-062735,phase_detection,before_annealing,20260516-064844,20260523-062735,2.4298148077579254
93,1187.91,759.67,29.7526,0.559724,20.0,53.4,2.5,annealing_T=75_h=5,present,present,6.86,148.0,annealing_T=75_h=5,20260523-062735,phase_detection,before_annealing,20260516-064844,20260523-062735,2.4298148077579254
93,1187.91,759.67,82.0415,0.610211,20.0,53.9,3.0,annealing_T=75_h=5,present,present,6.86,148.0,annealing_T=75_h=5,20260523-062735,phase_detection,before_annealing,20260516-064844,20260523-062735,2.4298148077579254
93,1187.91,759.67,614.957,1.3646,20.0,55.9,5.0,annealing_T=75_h=5,present,present,6.86,148.0,annealing_T=75_h=5,20260523-062735,phase_detection,before_annealing,20260516-064844,20260523-062735,2.4298148077579254
94,1202.92,204.17,2.01104,0.0837724,20.0,51.65,0.75,annealing_T=75_h=5,present,present,4.37,60.0,annealing_T=75_h=5,20260523-062735,phase_detection,annealing_T=100_h=25,20260629-230214,20260523-062735,3.0024156940704376
94,1202.92,204.17,4.31057,0.0877735,20.0,52.4,1.5,annealing_T=75_h=5,present,present,4.37,60.0,annealing_T=75_h=5,20260523-062735,phase_detection,annealing_T=100_h=25,20260629-230214,20260523-062735,3.0024156940704376
94,1202.92,204.17,5.40882,0.125136,20.0,52.9,2.0,annealing_T=75_h=5,present,present,4.37,60.0,annealing_T=75_h=5,20260523-062735,phase_detection,annealing_T=100_h=25,20260629-230214,20260523-062735,3.0024156940704376
94,1202.92,204.17,6.26165,0.165504,20.0,53.4,2.5,annealing_T=75_h=5,present,present,4.37,60.0,annealing_T=75_h=5,20260523-062735,phase_detection,annealing_T=100_h=25,20260629-230214,20260523-062735,3.0024156940704376
94,1202.92,204.17,12.1386,0.246796,20.0,53.9,3.0,annealing_T=75_h=5,present,present,4.37,60.0,annealing_T=75_h=5,20260523-062735,phase_detection,annealing_T=100_h=25,20260629-230214,20260523-062735,3.0024156940704376
94,1202.92,204.17,32.7677,0.232372,20.0,55.9,5.0,annealing_T=75_h=5,present,present,4.37,60.0,annealing_T=75_h=5,20260523-062735,phase_detection,annealing_T=100_h=25,20260629-230214,20260523-062735,3.0024156940704376
95,1217.33,695.4,8.84838,0.37349,20.0,51.65,0.75,annealing_T=75_h=5,present,present,7.86,194.0,annealing_T=75_h=5,20260523-062735,phase_detection,before_annealing,20260516-064844,20260523-062735,2.4549134404292463
95,1217.33,695.4,28.6418,0.283218,20.0,52.4,1.5,annealing_T=75_h=5,present,present,7.86,194.0,annealing_T=75_h=5,20260523-062735,phase_detection,before_annealing,20260516-064844,20260523-062735,2.4549134404292463
95,1217.33,695.4,39.7098,0.447835,20.0,52.9,2.0,annealing_T=75_h=5,present,present,7.86,194.0,annealing_T=75_h=5,20260523-062735,phase_detection,before_annealing,20260516-064844,20260523-062735,2.4549134404292463
95,1217.33,695.4,68.4959,0.505742,20.0,53.4,2.5,annealing_T=75_h=5,present,present,7.86,194.0,annealing_T=75_h=5,20260523-062735,phase_detection,before_annealing,20260516-064844,20260523-062735,2.4549134404292463
95,1217.33,695.4,92.3814,0.571576,20.0,53.9,3.0,annealing_T=75_h=5,present,present,7.86,194.0,annealing_T=75_h=5,20260523-062735,phase_detection,before_annealing,20260516-064844,20260523-062735,2.4549134404292463
95,1217.33,695.4,195.891,0.686203,20.0,55.9,5.0,annealing_T=75_h=5,present,present,7.86,194.0,annealing_T=75_h=5,20260523-062735,phase_detection,before_annealing,20260516-064844,20260523-062735,2.4549134404292463
96,1229.52,82.12,-0.151053,0.529543,20.0,51.65,0.75,annealing_T=75_h=5,present,present,8.72,239.0,annealing_T=75_h=5,20260523-062735,phase_detection,before_annealing,20260516-064844,20260523-062735,3.7566474415361903
96,1229.52,82.12,20.1695,0.46881,20.0,52.4,1.5,annealing_T=75_h=5,present,present,8.72,239.0,annealing_T=75_h=5,20260523-062735,phase_detection,before_annealing,20260516-064844,20260523-062735,3.7566474415361903
96,1229.52,82.12,30.4475,0.500277,20.0,52.9,2.0,annealing_T=75_h=5,present,present,8.72,239.0,annealing_T=75_h=5,20260523-062735,phase_detection,before_annealing,20260516-064844,20260523-062735,3.7566474415361903
96,1229.52,82.12,45.297,0.697819,20.0,53.4,2.5,annealing_T=75_h=5,present,present,8.72,239.0,annealing_T=75_h=5,20260523-062735,phase_detection,before_annealing,20260516-064844,20260523-062735,3.7566474415361903
96,1229.52,82.12,69.8798,0.672238,20.0,53.9,3.0,annealing_T=75_h=5,present,present,8.72,239.0,annealing_T=75_h=5,20260523-062735,phase_detection,before_annealing,20260516-064844,20260523-062735,3.7566474415361903
96,1229.52,82.12,193.532,0.714746,20.0,55.9,5.0,annealing_T=75_h=5,present,present,8.72,239.0,annealing_T=75_h=5,20260523-062735,phase_detection,before_annealing,20260516-064844,20260523-062735,3.7566474415361903
97,1235.54,903.9,28.1284,0.51083,20.0,51.65,0.75,annealing_T=75_h=5,present,present,8.96,252.0,annealing_T=75_h=5,20260523-062735,phase_detection,annealing_T=75_h=5,20260523-062735,20260523-062735,3.1120732639190716
97,1235.54,903.9,99.0867,0.518537,20.0,52.4,1.5,annealing_T=75_h=5,present,present,8.96,252.0,annealing_T=75_h=5,20260523-062735,phase_detection,annealing_T=75_h=5,20260523-062735,20260523-062735,3.1120732639190716
97,1235.54,903.9,153.255,0.600529,20.0,52.9,2.0,annealing_T=75_h=5,present,present,8.96,252.0,annealing_T=75_h=5,20260523-062735,phase_detection,annealing_T=75_h=5,20260523-062735,20260523-062735,3.1120732639190716
97,1235.54,903.9,216.342,0.583128,20.0,53.4,2.5,annealing_T=75_h=5,present,present,8.96,252.0,annealing_T=75_h=5,20260523-062735,phase_detection,annealing_T=75_h=5,20260523-062735,20260523-062735,3.1120732639190716
97,1235.54,903.9,287.732,0.741014,20.0,53.9,3.0,annealing_T=75_h=5,present,present,8.96,252.0,annealing_T=75_h=5,20260523-062735,phase_detection,annealing_T=75_h=5,20260523-062735,20260523-062735,3.1120732639190716
97,1235.54,903.9,586.763,1.9241,20.0,55.9,5.0,annealing_T=75_h=5,present,present,8.96,252.0,annealing_T=75_h=5,20260523-062735,phase_detection,annealing_T=75_h=5,20260523-062735,20260523-062735,3.1120732639190716
98,1240.42,850.56,1.52785,0.397071,20.0,51.65,0.75,annealing_T=75_h=5,present,present,6.7,141.0,annealing_T=75_h=5,20260523-062735,phase_detection,annealing_T=100_h=25,20260629-230214,20260523-062735,2.551803283954229
98,1240.42,850.56,9.83294,0.511414,20.0,52.4,1.5,annealing_T=75_h=5,present,present,6.7,141.0,annealing_T=75_h=5,20260523-062735,phase_detection,annealing_T=100_h=25,20260629-230214,20260523-062735,2.551803283954229
98,1240.42,850.56,22.0357,0.56126,20.0,52.9,2.0,annealing_T=75_h=5,present,present,6.7,141.0,annealing_T=75_h=5,20260523-062735,phase_detection,annealing_T=100_h=25,20260629-230214,20260523-062735,2.551803283954229
98,1240.42,850.56,37.1017,0.670099,20.0,53.4,2.5,annealing_T=75_h=5,present,present,6.7,141.0,annealing_T=75_h=5,20260523-062735,phase_detection,annealing_T=100_h=25,20260629-230214,20260523-062735,2.551803283954229
98,1240.42,850.56,53.4057,0.698154,20.0,53.9,3.0,annealing_T=75_h=5,present,present,6.7,141.0,annealing_T=75_h=5,20260523-062735,phase_detection,annealing_T=100_h=25,20260629-230214,20260523-062735,2.551803283954229
98,1240.42,850.56,156.989,1.11181,20.0,55.9,5.0,annealing_T=75_h=5,present,present,6.7,141.0,annealing_T=75_h=5,20260523-062735,phase_detection,annealing_T=100_h=25,20260629-230214,20260523-062735,2.551803283954229
99,1267.36,985.02,1.17895,0.212369,20.0,51.65,0.75,annealing_T=75_h=5,present,present,4.55,65.0,annealing_T=75_h=5,20260523-062735,phase_detection,annealing_T=75_h=5,20260523-062735,20260523-062735,4.095900389413761
99,1267.36,985.02,6.18943,0.16095,20.0,52.4,1.5,annealing_T=75_h=5,present,present,4.55,65.0,annealing_T=75_h=5,20260523-062735,phase_detection,annealing_T=75_h=5,20260523-062735,20260523-062735,4.095900389413761
99,1267.36,985.02,9.51311,0.0899347,20.0,52.9,2.0,annealing_T=75_h=5,present,present,4.55,65.0,annealing_T=75_h=5,20260523-062735,phase_detection,annealing_T=75_h=5,20260523-062735,20260523-062735,4.095900389413761
99,1267.36,985.02,14.381,0.0967246,20.0,53.4,2.5,annealing_T=75_h=5,present,present,4.55,65.0,annealing_T=75_h=5,20260523-062735,phase_detection,annealing_T=75_h=5,20260523-062735,20260523-062735,4.095900389413761
99,1267.36,985.02,17.6927,0.191292,20.0,53.9,3.0,annealing_T=75_h=5,present,present,4.55,65.0,annealing_T=75_h=5,20260523-062735,phase_detection,annealing_T=75_h=5,20260523-062735,20260523-062735,4.095900389413761
99,1267.36,985.02,33.0821,0.282884,20.0,55.9,5.0,annealing_T=75_h=5,present,present,4.55,65.0,annealing_T=75_h=5,20260523-062735,phase_detection,annealing_T=75_h=5,20260523-062735,20260523-062735,4.095900389413761
100,1278.65,559.11,26.587,0.568362,20.0,51.65,0.75,annealing_T=75_h=5,present,present,10.56,350.0,annealing_T=75_h=5,20260523-062735,phase_detection,before_annealing,20260516-064844,20260523-062735,2.692248131209366
100,1278.65,559.11,97.1769,0.589327,20.0,52.4,1.5,annealing_T=75_h=5,present,present,10.56,350.0,annealing_T=75_h=5,20260523-062735,phase_detection,before_annealing,20260516-064844,20260523-062735,2.692248131209366
100,1278.65,559.11,148.572,0.585714,20.0,52.9,2.0,annealing_T=75_h=5,present,present,10.56,350.0,annealing_T=75_h=5,20260523-062735,phase_detection,before_annealing,20260516-064844,20260523-062735,2.692248131209366
100,1278.65,559.11,229.81,0.728497,20.0,53.4,2.5,annealing_T=75_h=5,present,present,10.56,350.0,annealing_T=75_h=5,20260523-062735,phase_detection,before_annealing,20260516-064844,20260523-062735,2.692248131209366
100,1278.65,559.11,302.83,0.860276,20.0,53.9,3.0,annealing_T=75_h=5,present,present,10.56,350.0,annealing_T=75_h=5,20260523-062735,phase_detection,before_annealing,20260516-064844,20260523-062735,2.692248131209366
100,1278.65,559.11,714.748,1.56323,20.0,55.9,5.0,annealing_T=75_h=5,present,present,10.56,350.0,annealing_T=75_h=5,20260523-062735,phase_detection,before_annealing,20260516-064844,20260523-062735,2.692248131209366
101,1304.23,256.09,9.90771,0.347398,20.0,51.65,0.75,annealing_T=75_h=5,present,present,8.35,219.0,annealing_T=75_h=5,20260523-062735,phase_detection,annealing_T=150_h=5,20260912-010115,20260523-062735,3.5780721065959344
101,1304.23,256.09,42.6992,0.388593,20.0,52.4,1.5,annealing_T=75_h=5,present,present,8.35,219.0,annealing_T=75_h=5,20260523-062735,phase_detection,annealing_T=150_h=5,20260912-010115,20260523-062735,3.5780721065959344
101,1304.23,256.09,71.7253,0.517556,20.0,52.9,2.0,annealing_T=75_h=5,present,present,8.35,219.0,annealing_T=75_h=5,20260523-062735,phase_detection,annealing_T=150_h=5,20260912-010115,20260523-062735,3.5780721065959344
101,1304.23,256.09,106.904,0.56712,20.0,53.4,2.5,annealing_T=75_h=5,present,present,8.35,219.0,annealing_T=75_h=5,20260523-062735,phase_detection,annealing_T=150_h=5,20260912-010115,20260523-062735,3.5780721065959344
101,1304.23,256.09,150.386,0.534585,20.0,53.9,3.0,annealing_T=75_h=5,present,present,8.35,219.0,annealing_T=75_h=5,20260523-062735,phase_detection,annealing_T=150_h=5,20260912-010115,20260523-062735,3.5780721065959344
101,1304.23,256.09,434.103,0.950244,20.0,55.9,5.0,annealing_T=75_h=5,present,present,8.35,219.0,annealing_T=75_h=5,20260523-062735,phase_detection,annealing_T=150_h=5,20260912-010115,20260523-062735,3.5780721065959344
102,1339.66,200.12,8.90361,0.213482,20.0,51.65,0.75,annealing_T=75_h=5,present,present,6.58,136.0,annealing_T=75_h=5,20260523-062735,phase_detection,annealing_T=75_h=5,20260523-062735,20260523-062735,3.5551933843323615
102,1339.66,200.12,21.3942,0.124993,20.0,52.4,1.5,annealing_T=75_h=5,present,present,6.58,136.0,annealing_T=75_h=5,20260523-062735,phase_detection,annealing_T=75_h=5,20260523-062735,20260523-062735,3.5551933843323615
102,1339.66,200.12,32.4822,0.285645,20.0,52.9,2.0,annealing_T=75_h=5,present,present,6.58,136.0,annealing_T=75_h=5,20260523-062735,phase_detection,annealing_T=75_h=5,20260523-062735,20260523-062735,3.5551933843323615
102,1339.66,200.12,44.4509,0.219579,20.0,53.4,2.5,annealing_T=75_h=5,present,present,6.58,136.0,annealing_T=75_h=5,20260523-062735,phase_detection,annealing_T=75_h=5,20260523-062735,20260523-062735,3.5551933843323615
102,1339.66,200.12,58.6705,0.4478,20.0,53.9,3.0,annealing_T=75_h=5,present,present,6.58,136.0,annealing_T=75_h=5,20260523-062735,phase_detection,annealing_T=75_h=5,20260523-062735,20260523-062735,3.5551933843323615
102,1339.66,200.12,106.837,0.621755,20.0,55.9,5.0,annealing_T=75_h=5,present,present,6.58,136.0,annealing_T=75_h=5,20260523-062735,phase_detection,annealing_T=75_h=5,20260523-062735,20260523-062735,3.5551933843323615
103,1344.76,548.16,4.36236,0.420458,20.0,51.65,0.75,annealing_T=75_h=5,present,present,7.78,190.0,annealing_T=75_h=5,20260523-062735,phase_detection,annealing_T=75_h=25,20260602-133829,20260523-062735,3.2309905601843076
103,1344.76,548.16,19.719,0.34715,20.0,52.4,1.5,annealing_T=75_h=5,present,present,7.78,190.0,annealing_T=75_h=5,20260523-062735,phase_detection,annealing_T=75_h=25,20260602-133829,20260523-062735,3.2309905601843076
103,1344.76,548.16,36.7171,0.7096,20.0,52.9,2.0,annealing_T=75_h=5,present,present,7.78,190.0,annealing_T=75_h=5,20260523-062735,phase_detection,annealing_T=75_h=25,20260602-133829,20260523-062735,3.2309905601843076
103,1344.76,548.16,48.5506,0.421941,20.0,53.4,2.5,annealing_T=75_h=5,present,present,7.78,190.0,annealing_T=75_h=5,20260523-062735,phase_detection,annealing_T=75_h=25,20260602-133829,20260523-062735,3.2309905601843076
103,1344.76,548.16,71.1873,0.760488,20.0,53.9,3.0,annealing_T=75_h=5,present,present,7.78,190.0,annealing_T=75_h=5,20260523-062735,phase_detection,annealing_T=75_h=25,20260602-133829,20260523-062735,3.2309905601843076
103,1344.76,548.16,184.561,1.04293,20.0,55.9,5.0,annealing_T=75_h=5,present,present,7.78,190.0,annealing_T=75_h=5,20260523-062735,phase_detection,annealing_T=75_h=25,20260602-133829,20260523-062735,3.2309905601843076
104,1345.09,131.86,1.65533,0.298621,20.0,51.65,0.75,annealing_T=75_h=5,absent,disappeared,8.46,225.0,before_annealing,20260516-064844,previous_detection,annealing_T=100_h=25,20260629-230214,20260523-062735,0.0
104,1345.09,131.86,6.16641,0.252952,20.0,52.4,1.5,annealing_T=75_h=5,absent,disappeared,8.46,225.0,before_annealing,20260516-064844,previous_detection,annealing_T=100_h=25,20260629-230214,20260523-062735,0.0
104,1345.09,131.86,6.97981,0.334053,20.0,52.9,2.0,annealing_T=75_h=5,absent,disappeared,8.46,225.0,before_annealing,20260516-064844,previous_detection,annealing_T=100_h=25,20260629-230214,20260523-062735,0.0
104,1345.09,131.86,11.4067,0.349901,20.0,53.4,2.5,annealing_T=75_h=5,absent,disappeared,8.46,225.0,before_annealing,20260516-064844,previous_detection,annealing_T=100_h=25,20260629-230214,20260523-062735,0.0
104,1345.09,131.86,10.9291,0.4236,20.0,53.9,3.0,annealing_T=75_h=5,absent,disappeared,8.46,225.0,before_annealing,20260516-064844,previous_detection,annealing_T=100_h=25,20260629-230214,20260523-062735,0.0
104,1345.09,131.86,76.1369,0.690261,20.0,55.9,5.0,annealing_T=75_h=5,absent,disappeared,8.46,225.0,before_annealing,20260516-064844,previous_detection,annealing_T=100_h=25,20260629-230214,20260523-062735,0.0
105,1345.76,795.19,3.17781,0.276149,20.0,51.65,0.75,annealing_T=75_h=5,present,present,5.2,85.0,annealing_T=75_h=5,20260523-062735,phase_detection,before_annealing,20260516-064844,20260523-062735,4.094801582494652
105,1345.76,795.19,5.57687,0.200926,20.0,52.4,1.5,annealing_T=75_h=5,present,present,5.2,85.0,annealing_T=75_h=5,20260523-062735,phase_detection,before_annealing,20260516-064844,20260523-062735,4.094801582494652
105,1345.76,795.19,10.0192,0.221241,20.0,52.9,2.0,annealing_T=75_h=5,present,present,5.2,85.0,annealing_T=75_h=5,20260523-062735,phase_detection,before_annealing,20260516-064844,20260523-062735,4.094801582494652
105,1345.76,795.19,14.4027,0.219523,20.0,53.4,2.5,annealing_T=75_h=5,present,present,5.2,85.0,annealing_T=75_h=5,20260523-062735,phase_detection,before_annealing,20260516-064844,20260523-062735,4.094801582494652
105,1345.76,795.19,21.6219,0.432567,20.0,53.9,3.0,annealing_T=75_h=5,present,present,5.2,85.0,annealing_T=75_h=5,20260523-062735,phase_detection,before_annealing,20260516-064844,20260523-062735,4.094801582494652
105,1345.76,795.19,37.4586,0.336394,20.0,55.9,5.0,annealing_T=75_h=5,present,present,5.2,85.0,annealing_T=75_h=5,20260523-062735,phase_detection,before_annealing,20260516-064844,20260523-062735,4.094801582494652
106,1352.92,254.26,4.53724,0.367832,20.0,51.65,0.75,annealing_T=75_h=5,present,present,6.43,130.0,annealing_T=75_h=5,20260523-062735,phase_detection,annealing_T=75_h=5,20260523-062735,20260523-062735,4.217487403656382
106,1352.92,254.26,21.7832,0.189839,20.0,52.4,1.5,annealing_T=75_h=5,present,present,6.43,130.0,annealing_T=75_h=5,20260523-062735,phase_detection,annealing_T=75_h=5,20260523-062735,20260523-062735,4.217487403656382
106,1352.92,254.26,33.2773,0.189789,20.0,52.9,2.0,annealing_T=75_h=5,present,present,6.43,130.0,annealing_T=75_h=5,20260523-062735,phase_detection,annealing_T=75_h=5,20260523-062735,20260523-062735,4.217487403656382
106,1352.92,254.26,43.1303,0.360749,20.0,53.4,2.5,annealing_T=75_h=5,present,present,6.43,130.0,annealing_T=75_h=5,20260523-062735,phase_detection,annealing_T=75_h=5,20260523-062735,20260523-062735,4.217487403656382
106,1352.92,254.26,67.2564,0.644914,20.0,53.9,3.0,annealing_T=75_h=5,present,present,6.43,130.0,annealing_T=75_h=5,20260523-062735,phase_detection,annealing_T=75_h=5,20260523-062735,20260523-062735,4.217487403656382
106,1352.92,254.26,120.978,0.780706,20.0,55.9,5.0,annealing_T=75_h=5,present,present,6.43,130.0,annealing_T=75_h=5,20260523-062735,phase_detection,annealing_T=75_h=5,20260523-062735,20260523-062735,4.217487403656382
107,1362.42,43.59,30.8134,0.479576,20.0,51.65,0.75,annealing_T=75_h=5,present,present,10.46,344.0,annealing_T=75_h=5,20260523-062735,phase_detection,before_annealing,20260516-064844,20260523-062735,4.820290447680591
107,1362.42,43.59,128.272,0.606596,20.0,52.4,1.5,annealing_T=75_h=5,present,present,10.46,344.0,annealing_T=75_h=5,20260523-062735,phase_detection,before_annealing,20260516-064844,20260523-062735,4.820290447680591
107,1362.42,43.59,229.133,0.5665,20.0,52.9,2.0,annealing_T=75_h=5,present,present,10.46,344.0,annealing_T=75_h=5,20260523-062735,phase_detection,before_annealing,20260516-064844,20260523-062735,4.820290447680591
107,1362.42,43.59,358.147,0.81521,20.0,53.4,2.5,annealing_T=75_h=5,present,present,10.46,344.0,annealing_T=75_h=5,20260523-062735,phase_detection,before_annealing,20260516-064844,20260523-062735,4.820290447680591
107,1362.42,43.59,526.706,1.1379,20.0,53.9,3.0,annealing_T=75_h=5,present,present,10.46,344.0,annealing_T=75_h=5,20260523-062735,phase_detection,before_annealing,20260516-064844,20260523-062735,4.820290447680591
107,1362.42,43.59,1699.95,3.2792,20.0,55.9,5.0,annealing_T=75_h=5,present,present,10.46,344.0,annealing_T=75_h=5,20260523-062735,phase_detection,before_annealing,20260516-064844,20260523-062735,4.820290447680591
108,1365.77,577.69,5.21388,0.183523,20.0,51.65,0.75,annealing_T=75_h=5,present,present,6.48,132.0,annealing_T=75_h=5,20260523-062735,phase_detection,annealing_T=125_h=5,20260725-020716,20260523-062735,2.7302930245671577
108,1365.77,577.69,14.9225,0.307461,20.0,52.4,1.5,annealing_T=75_h=5,present,present,6.48,132.0,annealing_T=75_h=5,20260523-062735,phase_detection,annealing_T=125_h=5,20260725-020716,20260523-062735,2.7302930245671577
108,1365.77,577.69,22.8057,0.27105,20.0,52.9,2.0,annealing_T=75_h=5,present,present,6.48,132.0,annealing_T=75_h=5,20260523-062735,phase_detection,annealing_T=125_h=5,20260725-020716,20260523-062735,2.7302930245671577
108,1365.77,577.69,34.995,0.375884,20.0,53.4,2.5,annealing_T=75_h=5,present,present,6.48,132.0,annealing_T=75_h=5,20260523-062735,phase_detection,annealing_T=125_h=5,20260725-020716,20260523-062735,2.7302930245671577
108,1365.77,577.69,49.5242,0.480384,20.0,53.9,3.0,annealing_T=75_h=5,present,present,6.48,132.0,annealing_T=75_h=5,20260523-062735,phase_detection,annealing_T=125_h=5,20260725-020716,20260523-062735,2.7302930245671577
108,1365.77,577.69,142.158,0.812925,20.0,55.9,5.0,annealing_T=75_h=5,present,present,6.48,132.0,annealing_T=75_h=5,20260523-062735,phase_detection,annealing_T=125_h=5,20260725-020716,20260523-062735,2.7302930245671577
109,1365.33,985.08,41.8688,0.537952,20.0,51.65,0.75,annealing_T=75_h=5,present,present,10.6,353.0,annealing_T=75_h=5,20260523-062735,phase_detection,before_annealing,20260516-064844,20260523-062735,3.9418269875782768
109,1365.33,985.08,141.694,0.508741,20.0,52.4,1.5,annealing_T=75_h=5,present,present,10.6,353.0,annealing_T=75_h=5,20260523-062735,phase_detection,before_annealing,20260516-064844,20260523-062735,3.9418269875782768
109,1365.33,985.08,216.078,0.726874,20.0,52.9,2.0,annealing_T=75_h=5,present,present,10.6,353.0,annealing_T=75_h=5,20260523-062735,phase_detection,before_annealing,20260516-064844,20260523-062735,3.9418269875782768
109,1365.33,985.08,320.926,0.786744,20.0,53.4,2.5,annealing_T=75_h=5,present,present,10.6,353.0,annealing_T=75_h=5,20260523-062735,phase_detection,before_annealing,20260516-064844,20260523-062735,3.9418269875782768
109,1365.33,985.08,461.226,1.23847,20.0,53.9,3.0,annealing_T=75_h=5,present,present,10.6,353.0,annealing_T=75_h=5,20260523-062735,phase_detection,before_annealing,20260516-064844,20260523-062735,3.9418269875782768
109,1365.33,985.08,1060.76,2.43575,20.0,55.9,5.0,annealing_T=75_h=5,present,present,10.6,353.0,annealing_T=75_h=5,20260523-062735,phase_detection,before_annealing,20260516-064844,20260523-062735,3.9418269875782768
110,1381.95,1035.14,27.4734,0.418196,20.0,51.65,0.75,annealing_T=75_h=5,present,present,8.48,226.0,annealing_T=75_h=5,20260523-062735,phase_detection,annealing_T=75_h=25,20260602-133829,20260523-062735,4.263906659391269
110,1381.95,1035.14,70.6761,0.529586,20.0,52.4,1.5,annealing_T=75_h=5,present,present,8.48,226.0,annealing_T=75_h=5,20260523-062735,phase_detection,annealing_T=75_h=25,20260602-133829,20260523-062735,4.263906659391269
110,1381.95,1035.14,106.602,0.457726,20.0,52.9,2.0,annealing_T=75_h=5,present,present,8.48,226.0,annealing_T=75_h=5,20260523-062735,phase_detection,annealing_T=75_h=25,20260602-133829,20260523-062735,4.263906659391269
110,1381.95,1035.14,142.758,0.499729,20.0,53.4,2.5,annealing_T=75_h=5,present,present,8.48,226.0,annealing_T=75_h=5,20260523-062735,phase_detection,annealing_T=75_h=25,20260602-133829,20260523-062735,4.263906659391269
110,1381.95,1035.14,180.799,0.710172,20.0,53.9,3.0,annealing_T=75_h=5,present,present,8.48,226.0,annealing_T=75_h=5,20260523-062735,phase_detection,annealing_T=75_h=25,20260602-133829,20260523-062735,4.263906659391269
110,1381.95,1035.14,347.847,1.00437,20.0,55.9,5.0,annealing_T=75_h=5,present,present,8.48,226.0,annealing_T=75_h=5,20260523-062735,phase_detection,annealing_T=75_h=25,20260602-133829,20260523-062735,4.263906659391269
111,1403.76,35.29,6.25012,0.426377,20.0,51.65,0.75,annealing_T=75_h=5,present,present,8.87,247.0,annealing_T=75_h=5,20260523-062735,phase_detection,before_annealing,20260516-064844,20260523-062735,4.702520600699089
111,1403.76,35.29,21.3351,0.471025,20.0,52.4,1.5,annealing_T=75_h=5,present,present,8.87,247.0,annealing_T=75_h=5,20260523-062735,phase_detection,before_annealing,20260516-064844,20260523-062735,4.702520600699089
111,1403.76,35.29,35.7241,0.710573,20.0,52.9,2.0,annealing_T=75_h=5,present,present,8.87,247.0,annealing_T=75_h=5,20260523-062735,phase_detection,before_annealing,20260516-064844,20260523-062735,4.702520600699089
111,1403.76,35.29,55.9345,0.589692,20.0,53.4,2.5,annealing_T=75_h=5,present,present,8.87,247.0,annealing_T=75_h=5,20260523-062735,phase_detection,before_annealing,20260516-064844,20260523-062735,4.702520600699089
111,1403.76,35.29,73.4346,0.598923,20.0,53.9,3.0,annealing_T=75_h=5,present,present,8.87,247.0,annealing_T=75_h=5,20260523-062735,phase_detection,before_annealing,20260516-064844,20260523-062735,4.702520600699089
111,1403.76,35.29,150.106,0.724058,20.0,55.9,5.0,annealing_T=75_h=5,present,present,8.87,247.0,annealing_T=75_h=5,20260523-062735,phase_detection,before_annealing,20260516-064844,20260523-062735,4.702520600699089
112,1400.45,769.37,50.5663,0.354056,20.0,51.65,0.75,annealing_T=75_h=5,present,present,9.76,299.0,annealing_T=75_h=5,20260523-062735,phase_detection,before_annealing,20260516-064844,20260523-062735,3.494352586674697
112,1400.45,769.37,140.25,0.386529,20.0,52.4,1.5,annealing_T=75_h=5,present,present,9.76,299.0,annealing_T=75_h=5,20260523-062735,phase_detection,before_annealing,20260516-064844,20260523-062735,3.494352586674697
112,1400.45,769.37,214.682,0.509504,20.0,52.9,2.0,annealing_T=75_h=5,present,present,9.76,299.0,annealing_T=75_h=5,20260523-062735,phase_detection,before_annealing,20260516-064844,20260523-062735,3.494352586674697
112,1400.45,769.37,293.173,0.499996,20.0,53.4,2.5,annealing_T=75_h=5,present,present,9.76,299.0,annealing_T=75_h=5,20260523-062735,phase_detection,before_annealing,20260516-064844,20260523-062735,3.494352586674697
112,1400.45,769.37,388.931,0.621064,20.0,53.9,3.0,annealing_T=75_h=5,present,present,9.76,299.0,annealing_T=75_h=5,20260523-062735,phase_detection,before_annealing,20260516-064844,20260523-062735,3.494352586674697
112,1400.45,769.37,756.915,1.30037,20.0,55.9,5.0,annealing_T=75_h=5,present,present,9.76,299.0,annealing_T=75_h=5,20260523-062735,phase_detection,before_annealing,20260516-064844,20260523-062735,3.494352586674697
113,1439.07,629.61,3.97547,0.360552,20.0,51.65,0.75,annealing_T=75_h=5,present,present,8.12,207.0,annealing_T=75_h=5,20260523-062735,phase_detection,annealing_T=75_h=5,20260523-062735,20260523-062735,3.7448898515177
113,1439.07,629.61,17.3035,0.463702,20.0,52.4,1.5,annealing_T=75_h=5,present,present,8.12,207.0,annealing_T=75_h=5,20260523-062735,phase_detection,annealing_T=75_h=5,20260523-062735,20260523-062735,3.7448898515177
113,1439.07,629.61,48.4082,0.393036,20.0,52.9,2.0,annealing_T=75_h=5,present,present,8.12,207.0,annealing_T=75_h=5,20260523-062735,phase_detection,annealing_T=75_h=5,20260523-062735,20260523-062735,3.7448898515177
113,1439.07,629.61,87.5978,0.480928,20.0,53.4,2.5,annealing_T=75_h=5,present,present,8.12,207.0,annealing_T=75_h=5,20260523-062735,phase_detection,annealing_T=75_h=5,20260523-062735,20260523-062735,3.7448898515177
113,1439.07,629.61,153.992,0.62304,20.0,53.9,3.0,annealing_T=75_h=5,present,present,8.12,207.0,annealing_T=75_h=5,20260523-062735,phase_detection,annealing_T=75_h=5,20260523-062735,20260523-062735,3.7448898515177
113,1439.07,629.61,473.119,1.19253,20.0,55.9,5.0,annealing_T=75_h=5,present,present,8.12,207.0,annealing_T=75_h=5,20260523-062735,phase_detection,annealing_T=75_h=5,20260523-062735,20260523-062735,3.7448898515177
114,1449.01,587.9,5.93027,0.4003,20.0,51.65,0.75,annealing_T=75_h=5,present,present,5.92,110.0,annealing_T=75_h=5,20260523-062735,phase_detection,annealing_T=75_h=25,20260602-133829,20260523-062735,3.441409594918867
114,1449.01,587.9,14.4826,0.312485,20.0,52.4,1.5,annealing_T=75_h=5,present,present,5.92,110.0,annealing_T=75_h=5,20260523-062735,phase_detection,annealing_T=75_h=25,20260602-133829,20260523-062735,3.441409594918867
114,1449.01,587.9,18.9874,0.463089,20.0,52.9,2.0,annealing_T=75_h=5,present,present,5.92,110.0,annealing_T=75_h=5,20260523-062735,phase_detection,annealing_T=75_h=25,20260602-133829,20260523-062735,3.441409594918867
114,1449.01,587.9,25.637,0.431854,20.0,53.4,2.5,annealing_T=75_h=5,present,present,5.92,110.0,annealing_T=75_h=5,20260523-062735,phase_detection,annealing_T=75_h=25,20260602-133829,20260523-062735,3.441409594918867
114,1449.01,587.9,38.8383,0.526141,20.0,53.9,3.0,annealing_T=75_h=5,present,present,5.92,110.0,annealing_T=75_h=5,20260523-062735,phase_detection,annealing_T=75_h=25,20260602-133829,20260523-062735,3.441409594918867
114,1449.01,587.9,103.829,0.985866,20.0,55.9,5.0,annealing_T=75_h=5,present,present,5.92,110.0,annealing_T=75_h=5,20260523-062735,phase_detection,annealing_T=75_h=25,20260602-133829,20260523-062735,3.441409594918867
115,1454.12,499.28,5.26568,0.302433,20.0,51.65,0.75,annealing_T=75_h=5,present,present,5.92,110.0,annealing_T=75_h=5,20260523-062735,phase_detection,before_annealing,20260516-064844,20260523-062735,3.809002494092073
115,1454.12,499.28,14.1331,0.185332,20.0,52.4,1.5,annealing_T=75_h=5,present,present,5.92,110.0,annealing_T=75_h=5,20260523-062735,phase_detection,before_annealing,20260516-064844,20260523-062735,3.809002494092073
115,1454.12,499.28,23.2671,0.430403,20.0,52.9,2.0,annealing_T=75_h=5,present,present,5.92,110.0,annealing_T=75_h=5,20260523-062735,phase_detection,before_annealing,20260516-064844,20260523-062735,3.809002494092073
115,1454.12,499.28,36.3832,0.386237,20.0,53.4,2.5,annealing_T=75_h=5,present,present,5.92,110.0,annealing_T=75_h=5,20260523-062735,phase_detection,before_annealing,20260516-064844,20260523-062735,3.809002494092073
115,1454.12,499.28,47.3105,0.46373,20.0,53.9,3.0,annealing_T=75_h=5,present,present,5.92,110.0,annealing_T=75_h=5,20260523-062735,phase_detection,before_annealing,20260516-064844,20260523-062735,3.809002494092073
115,1454.12,499.28,125.704,0.449229,20.0,55.9,5.0,annealing_T=75_h=5,present,present,5.92,110.0,annealing_T=75_h=5,20260523-062735,phase_detection,before_annealing,20260516-064844,20260523-062735,3.809002494092073
116,1458.41,439.98,2.93284,0.212642,20.0,51.65,0.75,annealing_T=75_h=5,present,present,5.89,109.0,annealing_T=75_h=5,20260523-062735,phase_detection,before_annealing,20260516-064844,20260523-062735,4.144031853159477
116,1458.41,439.98,8.57715,0.336034,20.0,52.4,1.5,annealing_T=75_h=5,present,present,5.89,109.0,annealing_T=75_h=5,20260523-062735,phase_detection,before_annealing,20260516-064844,20260523-062735,4.144031853159477
116,1458.41,439.98,17.1957,0.244657,20.0,52.9,2.0,annealing_T=75_h=5,present,present,5.89,109.0,annealing_T=75_h=5,20260523-062735,phase_detection,before_annealing,20260516-064844,20260523-062735,4.144031853159477
116,1458.41,439.98,22.9578,0.4116,20.0,53.4,2.5,annealing_T=75_h=5,present,present,5.89,109.0,annealing_T=75_h=5,20260523-062735,phase_detection,before_annealing,20260516-064844,20260523-062735,4.144031853159477
116,1458.41,439.98,35.7403,0.284689,20.0,53.9,3.0,annealing_T=75_h=5,present,present,5.89,109.0,annealing_T=75_h=5,20260523-062735,phase_detection,before_annealing,20260516-064844,20260523-062735,4.144031853159477
116,1458.41,439.98,89.8962,0.578223,20.0,55.9,5.0,annealing_T=75_h=5,present,present,5.89,109.0,annealing_T=75_h=5,20260523-062735,phase_detection,before_annealing,20260516-064844,20260523-062735,4.144031853159477
117,1461.56,192.85,3.78799,0.0850956,20.0,51.65,0.75,annealing_T=75_h=5,present,present,4.72,70.0,annealing_T=75_h=5,20260523-062735,phase_detection,before_annealing,20260516-064844,20260523-062735,4.566158122535961
117,1461.56,192.85,7.9258,0.115717,20.0,52.4,1.5,annealing_T=75_h=5,present,present,4.72,70.0,annealing_T=75_h=5,20260523-062735,phase_detection,before_annealing,20260516-064844,20260523-062735,4.566158122535961
117,1461.56,192.85,8.93762,0.150751,20.0,52.9,2.0,annealing_T=75_h=5,present,present,4.72,70.0,annealing_T=75_h=5,20260523-062735,phase_detection,before_annealing,20260516-064844,20260523-062735,4.566158122535961
117,1461.56,192.85,13.7925,0.153221,20.0,53.4,2.5,annealing_T=75_h=5,present,present,4.72,70.0,annealing_T=75_h=5,20260523-062735,phase_detection,before_annealing,20260516-064844,20260523-062735,4.566158122535961
117,1461.56,192.85,18.0009,0.198171,20.0,53.9,3.0,annealing_T=75_h=5,present,present,4.72,70.0,annealing_T=75_h=5,20260523-062735,phase_detection,before_annealing,20260516-064844,20260523-062735,4.566158122535961
117,1461.56,192.85,25.1517,0.237993,20.0,55.9,5.0,annealing_T=75_h=5,present,present,4.72,70.0,annealing_T=75_h=5,20260523-062735,phase_detection,before_annealing,20260516-064844,20260523-062735,4.566158122535961
118,1466.04,153.99,13.2018,0.41535,20.0,51.65,0.75,annealing_T=75_h=5,present,present,7.72,187.0,annealing_T=75_h=5,20260523-062735,phase_detection,annealing_T=100_h=5,20260613-015321,20260523-062735,4.813366805054431
118,1466.04,153.99,33.9039,0.402169,20.0,52.4,1.5,annealing_T=75_h=5,present,present,7.72,187.0,annealing_T=75_h=5,20260523-062735,phase_detection,annealing_T=100_h=5,20260613-015321,20260523-062735,4.813366805054431
118,1466.04,153.99,53.8077,0.516219,20.0,52.9,2.0,annealing_T=75_h=5,present,present,7.72,187.0,annealing_T=75_h=5,20260523-062735,phase_detection,annealing_T=100_h=5,20260613-015321,20260523-062735,4.813366805054431
118,1466.04,153.99,82.6633,0.665983,20.0,53.4,2.5,annealing_T=75_h=5,present,present,7.72,187.0,annealing_T=75_h=5,20260523-062735,phase_detection,annealing_T=100_h=5,20260613-015321,20260523-062735,4.813366805054431
118,1466.04,153.99,106.636,0.762205,20.0,53.9,3.0,annealing_T=75_h=5,present,present,7.72,187.0,annealing_T=75_h=5,20260523-062735,phase_detection,annealing_T=100_h=5,20260613-015321,20260523-062735,4.813366805054431
118,1466.04,153.99,235.649,0.77607,20.0,55.9,5.0,annealing_T=75_h=5,present,present,7.72,187.0,annealing_T=75_h=5,20260523-062735,phase_detection,annealing_T=100_h=5,20260613-015321,20260523-062735,4.813366805054431
119,1464.14,878.61,3.92821,0.310599,20.0,51.65,0.75,annealing_T=75_h=5,present,present,5.38,91.0,annealing_T=75_h=5,20260523-062735,phase_detection,annealing_T=75_h=5,20260523-062735,20260523-062735,4.738311935700288
119,1464.14,878.61,8.00482,0.281005,20.0,52.4,1.5,annealing_T=75_h=5,present,present,5.38,91.0,annealing_T=75_h=5,20260523-062735,phase_detection,annealing_T=75_h=5,20260523-062735,20260523-062735,4.738311935700288
119,1464.14,878.61,11.8667,0.361958,20.0,52.9,2.0,annealing_T=75_h=5,present,present,5.38,91.0,annealing_T=75_h=5,20260523-062735,phase_detection,annealing_T=75_h=5,20260523-062735,20260523-062735,4.738311935700288
119,1464.14,878.61,19.1096,0.579967,20.0,53.4,2.5,annealing_T=75_h=5,present,present,5.38,91.0,annealing_T=75_h=5,20260523-062735,phase_detection,annealing_T=75_h=5,20260523-062735,20260523-062735,4.738311935700288
119,1464.14,878.61,25.7321,0.489752,20.0,53.9,3.0,annealing_T=75_h=5,present,present,5.38,91.0,annealing_T=75_h=5,20260523-062735,phase_detection,annealing_T=75_h=5,20260523-062735,20260523-062735,4.738311935700288
119,1464.14,878.61,63.0257,0.499015,20.0,55.9,5.0,annealing_T=75_h=5,present,present,5.38,91.0,annealing_T=75_h=5,20260523-062735,phase_detection,annealing_T=75_h=5,20260523-062735,20260523-062735,4.738311935700288
120,1479.88,74.36,8.01065,0.550172,20.0,51.65,0.75,annealing_T=75_h=5,present,present,7.88,195.0,annealing_T=75_h=5,20260523-062735,phase_detection,annealing_T=100_h=25,20260629-230214,20260523-062735,5.510081669086316
120,1479.88,74.36,40.0748,0.475131,20.0,52.4,1.5,annealing_T=75_h=5,present,present,7.88,195.0,annealing_T=75_h=5,20260523-062735,phase_detection,annealing_T=100_h=25,20260629-230214,20260523-062735,5.510081669086316
120,1479.88,74.36,63.1479,0.676978,20.0,52.9,2.0,annealing_T=75_h=5,present,present,7.88,195.0,annealing_T=75_h=5,20260523-062735,phase_detection,annealing_T=100_h=25,20260629-230214,20260523-062735,5.510081669086316
120,1479.88,74.36,102.032,0.543247,20.0,53.4,2.5,annealing_T=75_h=5,present,present,7.88,195.0,annealing_T=75_h=5,20260523-062735,phase_detection,annealing_T=100_h=25,20260629-230214,20260523-062735,5.510081669086316
120,1479.88,74.36,139.573,0.493593,20.0,53.9,3.0,annealing_T=75_h=5,present,present,7.88,195.0,annealing_T=75_h=5,20260523-062735,phase_detection,annealing_T=100_h=25,20260629-230214,20260523-062735,5.510081669086316
120,1479.88,74.36,405.308,1.25982,20.0,55.9,5.0,annealing_T=75_h=5,present,present,7.88,195.0,annealing_T=75_h=5,20260523-062735,phase_detection,annealing_T=100_h=25,20260629-230214,20260523-062735,5.510081669086316
121,1480.29,472.19,29.3738,0.387921,20.0,51.65,0.75,annealing_T=75_h=5,present,present,9.42,279.0,annealing_T=75_h=5,20260523-062735,phase_detection,before_annealing,20260516-064844,20260523-062735,3.8929294881875203
121,1480.29,472.19,104.118,0.348187,20.0,52.4,1.5,annealing_T=75_h=5,present,present,9.42,279.0,annealing_T=75_h=5,20260523-062735,phase_detection,before_annealing,20260516-064844,20260523-062735,3.8929294881875203
121,1480.29,472.19,174.153,0.336718,20.0,52.9,2.0,annealing_T=75_h=5,present,present,9.42,279.0,annealing_T=75_h=5,20260523-062735,phase_detection,before_annealing,20260516-064844,20260523-062735,3.8929294881875203
121,1480.29,472.19,267.841,0.3544,20.0,53.4,2.5,annealing_T=75_h=5,present,present,9.42,279.0,annealing_T=75_h=5,20260523-062735,phase_detection,before_annealing,20260516-064844,20260523-062735,3.8929294881875203
121,1480.29,472.19,374.359,0.631747,20.0,53.9,3.0,annealing_T=75_h=5,present,present,9.42,279.0,annealing_T=75_h=5,20260523-062735,phase_detection,before_annealing,20260516-064844,20260523-062735,3.8929294881875203
121,1480.29,472.19,1055.36,1.63761,20.0,55.9,5.0,annealing_T=75_h=5,present,present,9.42,279.0,annealing_T=75_h=5,20260523-062735,phase_detection,before_annealing,20260516-064844,20260523-062735,3.8929294881875203
122,1482.89,788.87,20.4779,0.425167,20.0,51.65,0.75,annealing_T=75_h=5,present,present,8.02,202.0,annealing_T=75_h=5,20260523-062735,phase_detection,before_annealing,20260516-064844,20260523-062735,4.111751451632219
122,1482.89,788.87,46.6993,0.508002,20.0,52.4,1.5,annealing_T=75_h=5,present,present,8.02,202.0,annealing_T=75_h=5,20260523-062735,phase_detection,before_annealing,20260516-064844,20260523-062735,4.111751451632219
122,1482.89,788.87,71.9371,0.514804,20.0,52.9,2.0,annealing_T=75_h=5,present,present,8.02,202.0,annealing_T=75_h=5,20260523-062735,phase_detection,before_annealing,20260516-064844,20260523-062735,4.111751451632219
122,1482.89,788.87,106.745,0.270007,20.0,53.4,2.5,annealing_T=75_h=5,present,present,8.02,202.0,annealing_T=75_h=5,20260523-062735,phase_detection,before_annealing,20260516-064844,20260523-062735,4.111751451632219
122,1482.89,788.87,136.151,0.608982,20.0,53.9,3.0,annealing_T=75_h=5,present,present,8.02,202.0,annealing_T=75_h=5,20260523-062735,phase_detection,before_annealing,20260516-064844,20260523-062735,4.111751451632219
122,1482.89,788.87,310.9,0.809948,20.0,55.9,5.0,annealing_T=75_h=5,present,present,8.02,202.0,annealing_T=75_h=5,20260523-062735,phase_detection,before_annealing,20260516-064844,20260523-062735,4.111751451632219
123,1500.1,369.82,0.578582,0.292861,20.0,51.65,0.75,annealing_T=75_h=5,present,present,5.47,94.0,annealing_T=75_h=5,20260523-062735,phase_detection,annealing_T=75_h=25,20260602-133829,20260523-062735,4.335539182154761
123,1500.1,369.82,6.82624,0.477274,20.0,52.4,1.5,annealing_T=75_h=5,present,present,5.47,94.0,annealing_T=75_h=5,20260523-062735,phase_detection,annealing_T=75_h=25,20260602-133829,20260523-062735,4.335539182154761
123,1500.1,369.82,7.55254,0.458016,20.0,52.9,2.0,annealing_T=75_h=5,present,present,5.47,94.0,annealing_T=75_h=5,20260523-062735,phase_detection,annealing_T=75_h=25,20260602-133829,20260523-062735,4.335539182154761
123,1500.1,369.82,19.4967,0.269205,20.0,53.4,2.5,annealing_T=75_h=5,present,present,5.47,94.0,annealing_T=75_h=5,20260523-062735,phase_detection,annealing_T=75_h=25,20260602-133829,20260523-062735,4.335539182154761
123,1500.1,369.82,32.5708,0.472554,20.0,53.9,3.0,annealing_T=75_h=5,present,present,5.47,94.0,annealing_T=75_h=5,20260523-062735,phase_detection,annealing_T=75_h=25,20260602-133829,20260523-062735,4.335539182154761
123,1500.1,369.82,86.209,0.502367,20.0,55.9,5.0,annealing_T=75_h=5,present,present,5.47,94.0,annealing_T=75_h=5,20260523-062735,phase_detection,annealing_T=75_h=25,20260602-133829,20260523-062735,4.335539182154761
124,1500.41,982.07,2.48169,0.375776,20.0,51.65,0.75,annealing_T=75_h=5,present,present,6.33,126.0,annealing_T=75_h=5,20260523-062735,phase_detection,annealing_T=100_h=5,20260613-015321,20260523-062735,5.046077684697342
124,1500.41,982.07,7.50113,0.325142,20.0,52.4,1.5,annealing_T=75_h=5,present,present,6.33,126.0,annealing_T=75_h=5,20260523-062735,phase_detection,annealing_T=100_h=5,20260613-015321,20260523-062735,5.046077684697342
124,1500.41,982.07,11.889,0.514255,20.0,52.9,2.0,annealing_T=75_h=5,present,present,6.33,126.0,annealing_T=75_h=5,20260523-062735,phase_detection,annealing_T=100_h=5,20260613-015321,20260523-062735,5.046077684697342
124,1500.41,982.07,21.7302,0.652083,20.0,53.4,2.5,annealing_T=75_h=5,present,present,6.33,126.0,annealing_T=75_h=5,20260523-062735,phase_detection,annealing_T=100_h=5,20260613-015321,20260523-062735,5.046077684697342
124,1500.41,982.07,33.6574,0.477573,20.0,53.9,3.0,annealing_T=75_h=5,present,present,6.33,126.0,annealing_T=75_h=5,20260523-062735,phase_detection,annealing_T=100_h=5,20260613-015321,20260523-062735,5.046077684697342
124,1500.41,982.07,93.5649,0.78434,20.0,55.9,5.0,annealing_T=75_h=5,present,present,6.33,126.0,annealing_T=75_h=5,20260523-062735,phase_detection,annealing_T=100_h=5,20260613-015321,20260523-062735,5.046077684697342
125,1507.76,58.2,63.4335,0.616574,20.0,51.65,0.75,annealing_T=75_h=5,present,present,11.7,430.0,annealing_T=75_h=5,20260523-062735,phase_detection,annealing_T=75_h=5,20260523-062735,20260523-062735,5.308747498233416
125,1507.76,58.2,225.715,0.693309,20.0,52.4,1.5,annealing_T=75_h=5,present,present,11.7,430.0,annealing_T=75_h=5,20260523-062735,phase_detection,annealing_T=75_h=5,20260523-062735,20260523-062735,5.308747498233416
125,1507.76,58.2,381.071,0.929196,20.0,52.9,2.0,annealing_T=75_h=5,present,present,11.7,430.0,annealing_T=75_h=5,20260523-062735,phase_detection,annealing_T=75_h=5,20260523-062735,20260523-062735,5.308747498233416
125,1507.76,58.2,617.026,1.00326,20.0,53.4,2.5,annealing_T=75_h=5,present,present,11.7,430.0,annealing_T=75_h=5,20260523-062735,phase_detection,annealing_T=75_h=5,20260523-062735,20260523-062735,5.308747498233416
125,1507.76,58.2,879.413,1.49188,20.0,53.9,3.0,annealing_T=75_h=5,present,present,11.7,430.0,annealing_T=75_h=5,20260523-062735,phase_detection,annealing_T=75_h=5,20260523-062735,20260523-062735,5.308747498233416
125,1507.76,58.2,2480.37,3.34002,20.0,55.9,5.0,annealing_T=75_h=5,present,present,11.7,430.0,annealing_T=75_h=5,20260523-062735,phase_detection,annealing_T=75_h=5,20260523-062735,20260523-062735,5.308747498233416
126,1503.13,800.37,1.27294,0.263665,20.0,51.65,0.75,annealing_T=75_h=5,present,present,4.98,78.0,annealing_T=75_h=5,20260523-062735,phase_detection,before_annealing,20260516-064844,20260523-062735,4.870010266929622
126,1503.13,800.37,2.77004,0.360904,20.0,52.4,1.5,annealing_T=75_h=5,present,present,4.98,78.0,annealing_T=75_h=5,20260523-062735,phase_detection,before_annealing,20260516-064844,20260523-062735,4.870010266929622
126,1503.13,800.37,5.45452,0.347525,20.0,52.9,2.0,annealing_T=75_h=5,present,present,4.98,78.0,annealing_T=75_h=5,20260523-062735,phase_detection,before_annealing,20260516-064844,20260523-062735,4.870010266929622
126,1503.13,800.37,12.7301,0.35853,20.0,53.4,2.5,annealing_T=75_h=5,present,present,4.98,78.0,annealing_T=75_h=5,20260523-062735,phase_detection,before_annealing,20260516-064844,20260523-062735,4.870010266929622
126,1503.13,800.37,17.2173,0.393748,20.0,53.9,3.0,annealing_T=75_h=5,present,present,4.98,78.0,annealing_T=75_h=5,20260523-062735,phase_detection,before_annealing,20260516-064844,20260523-062735,4.870010266929622
126,1503.13,800.37,50.1197,0.41643,20.0,55.9,5.0,annealing_T=75_h=5,present,present,4.98,78.0,annealing_T=75_h=5,20260523-062735,phase_detection,before_annealing,20260516-064844,20260523-062735,4.870010266929622
127,1508.52,234.13,3.10917,0.244068,20.0,51.65,0.75,annealing_T=75_h=5,present,present,6.05,115.0,annealing_T=75_h=5,20260523-062735,phase_detection,annealing_T=75_h=25,20260602-133829,20260523-062735,4.788527957525011
127,1508.52,234.13,13.4563,0.326156,20.0,52.4,1.5,annealing_T=75_h=5,present,present,6.05,115.0,annealing_T=75_h=5,20260523-062735,phase_detection,annealing_T=75_h=25,20260602-133829,20260523-062735,4.788527957525011
127,1508.52,234.13,21.0168,0.514627,20.0,52.9,2.0,annealing_T=75_h=5,present,present,6.05,115.0,annealing_T=75_h=5,20260523-062735,phase_detection,annealing_T=75_h=25,20260602-133829,20260523-062735,4.788527957525011
127,1508.52,234.13,34.0479,0.495206,20.0,53.4,2.5,annealing_T=75_h=5,present,present,6.05,115.0,annealing_T=75_h=5,20260523-062735,phase_detection,annealing_T=75_h=25,20260602-133829,20260523-062735,4.788527957525011
127,1508.52,234.13,35.6139,0.528433,20.0,53.9,3.0,annealing_T=75_h=5,present,present,6.05,115.0,annealing_T=75_h=5,20260523-062735,phase_detection,annealing_T=75_h=25,20260602-133829,20260523-062735,4.788527957525011
127,1508.52,234.13,82.284,0.698329,20.0,55.9,5.0,annealing_T=75_h=5,present,present,6.05,115.0,annealing_T=75_h=5,20260523-062735,phase_detection,annealing_T=75_h=25,20260602-133829,20260523-062735,4.788527957525011
128,1530.39,488.68,5.3521,0.632915,20.0,51.65,0.75,annealing_T=75_h=5,present,present,11.31,402.0,annealing_T=75_h=5,20260523-062735,phase_detection,before_annealing,20260516-064844,20260523-062735,4.1954737515565474
128,1530.39,488.68,67.5631,0.620134,20.0,52.4,1.5,annealing_T=75_h=5,present,present,11.31,402.0,annealing_T=75_h=5,20260523-062735,phase_detection,before_annealing,20260516-064844,20260523-062735,4.1954737515565474
128,1530.39,488.68,192.752,0.607784,20.0,52.9,2.0,annealing_T=75_h=5,present,present,11.31,402.0,annealing_T=75_h=5,20260523-062735,phase_detection,before_annealing,20260516-064844,20260523-062735,4.1954737515565474
128,1530.39,488.68,403.366,0.701576,20.0,53.4,2.5,annealing_T=75_h=5,present,present,11.31,402.0,annealing_T=75_h=5,20260523-062735,phase_detection,before_annealing,20260516-064844,20260523-062735,4.1954737515565474
128,1530.39,488.68,703.916,1.07302,20.0,53.9,3.0,annealing_T=75_h=5,present,present,11.31,402.0,annealing_T=75_h=5,20260523-062735,phase_detection,before_annealing,20260516-064844,20260523-062735,4.1954737515565474
128,1530.39,488.68,2724.07,3.20338,20.0,55.9,5.0,annealing_T=75_h=5,present,present,11.31,402.0,annealing_T=75_h=5,20260523-062735,phase_detection,before_annealing,20260516-064844,20260523-062735,4.1954737515565474
129,1558.77,614.12,3.0878,0.192342,20.0,51.65,0.75,annealing_T=75_h=5,present,present,4.72,70.0,annealing_T=75_h=5,20260523-062735,phase_detection,before_annealing,20260516-064844,20260523-062735,5.451898751811185
129,1558.77,614.12,4.31608,0.194209,20.0,52.4,1.5,annealing_T=75_h=5,present,present,4.72,70.0,annealing_T=75_h=5,20260523-062735,phase_detection,before_annealing,20260516-064844,20260523-062735,5.451898751811185
129,1558.77,614.12,7.01657,0.252991,20.0,52.9,2.0,annealing_T=75_h=5,present,present,4.72,70.0,annealing_T=75_h=5,20260523-062735,phase_detection,before_annealing,20260516-064844,20260523-062735,5.451898751811185
129,1558.77,614.12,13.1948,0.189473,20.0,53.4,2.5,annealing_T=75_h=5,present,present,4.72,70.0,annealing_T=75_h=5,20260523-062735,phase_detection,before_annealing,20260516-064844,20260523-062735,5.451898751811185
129,1558.77,614.12,18.9978,0.2569,20.0,53.9,3.0,annealing_T=75_h=5,present,present,4.72,70.0,annealing_T=75_h=5,20260523-062735,phase_detection,before_annealing,20260516-064844,20260523-062735,5.451898751811185
129,1558.77,614.12,38.365,0.585353,20.0,55.9,5.0,annealing_T=75_h=5,present,present,4.72,70.0,annealing_T=75_h=5,20260523-062735,phase_detection,before_annealing,20260516-064844,20260523-062735,5.451898751811185
130,1562.77,888.75,29.1934,0.568299,20.0,51.65,0.75,annealing_T=75_h=5,present,present,10.01,315.0,annealing_T=75_h=5,20260523-062735,phase_detection,annealing_T=75_h=5,20260523-062735,20260523-062735,4.973932046178503
130,1562.77,888.75,102.475,0.560081,20.0,52.4,1.5,annealing_T=75_h=5,present,present,10.01,315.0,annealing_T=75_h=5,20260523-062735,phase_detection,annealing_T=75_h=5,20260523-062735,20260523-062735,4.973932046178503
130,1562.77,888.75,179.953,0.726225,20.0,52.9,2.0,annealing_T=75_h=5,present,present,10.01,315.0,annealing_T=75_h=5,20260523-062735,phase_detection,annealing_T=75_h=5,20260523-062735,20260523-062735,4.973932046178503
130,1562.77,888.75,256.753,0.791376,20.0,53.4,2.5,annealing_T=75_h=5,present,present,10.01,315.0,annealing_T=75_h=5,20260523-062735,phase_detection,annealing_T=75_h=5,20260523-062735,20260523-062735,4.973932046178503
130,1562.77,888.75,349.138,0.985267,20.0,53.9,3.0,annealing_T=75_h=5,present,present,10.01,315.0,annealing_T=75_h=5,20260523-062735,phase_detection,annealing_T=75_h=5,20260523-062735,20260523-062735,4.973932046178503
130,1562.77,888.75,735.55,1.77891,20.0,55.9,5.0,annealing_T=75_h=5,present,present,10.01,315.0,annealing_T=75_h=5,20260523-062735,phase_detection,annealing_T=75_h=5,20260523-062735,20260523-062735,4.973932046178503
131,1572.22,941.61,46.5488,0.463896,20.0,51.65,0.75,annealing_T=75_h=5,present,present,9.93,310.0,annealing_T=75_h=5,20260523-062735,phase_detection,annealing_T=75_h=25,20260602-133829,20260523-062735,5.032265891226343
131,1572.22,941.61,141.445,0.522429,20.0,52.4,1.5,annealing_T=75_h=5,present,present,9.93,310.0,annealing_T=75_h=5,20260523-062735,phase_detection,annealing_T=75_h=25,20260602-133829,20260523-062735,5.032265891226343
131,1572.22,941.61,227.102,0.512488,20.0,52.9,2.0,annealing_T=75_h=5,present,present,9.93,310.0,annealing_T=75_h=5,20260523-062735,phase_detection,annealing_T=75_h=25,20260602-133829,20260523-062735,5.032265891226343
131,1572.22,941.61,314.437,0.69174,20.0,53.4,2.5,annealing_T=75_h=5,present,present,9.93,310.0,annealing_T=75_h=5,20260523-062735,phase_detection,annealing_T=75_h=25,20260602-133829,20260523-062735,5.032265891226343
131,1572.22,941.61,427.727,0.830873,20.0,53.9,3.0,annealing_T=75_h=5,present,present,9.93,310.0,annealing_T=75_h=5,20260523-062735,phase_detection,annealing_T=75_h=25,20260602-133829,20260523-062735,5.032265891226343
131,1572.22,941.61,935.268,1.56963,20.0,55.9,5.0,annealing_T=75_h=5,present,present,9.93,310.0,annealing_T=75_h=5,20260523-062735,phase_detection,annealing_T=75_h=25,20260602-133829,20260523-062735,5.032265891226343
132,1589.22,283.25,2.84217,0.145332,20.0,51.65,0.75,annealing_T=75_h=5,present,present,5.32,89.0,annealing_T=75_h=5,20260523-062735,phase_detection,before_annealing,20260516-064844,20260523-062735,5.129922026697863
132,1589.22,283.25,10.5414,0.262939,20.0,52.4,1.5,annealing_T=75_h=5,present,present,5.32,89.0,annealing_T=75_h=5,20260523-062735,phase_detection,before_annealing,20260516-064844,20260523-062735,5.129922026697863
132,1589.22,283.25,11.2556,0.215916,20.0,52.9,2.0,annealing_T=75_h=5,present,present,5.32,89.0,annealing_T=75_h=5,20260523-062735,phase_detection,before_annealing,20260516-064844,20260523-062735,5.129922026697863
132,1589.22,283.25,17.6248,0.284755,20.0,53.4,2.5,annealing_T=75_h=5,present,present,5.32,89.0,annealing_T=75_h=5,20260523-062735,phase_detection,before_annealing,20260516-064844,20260523-062735,5.129922026697863
132,1589.22,283.25,25.0364,0.452004,20.0,53.9,3.0,annealing_T=75_h=5,present,present,5.32,89.0,annealing_T=75_h=5,20260523-062735,phase_detection,before_annealing,20260516-064844,20260523-062735,5.129922026697863
132,1589.22,283.25,46.1099,0.346806,20.0,55.9,5.0,annealing_T=75_h=5,present,present,5.32,89.0,annealing_T=75_h=5,20260523-062735,phase_detection,before_annealing,20260516-064844,20260523-062735,5.129922026697863
133,1593.64,863.88,9.2393,0.200003,20.0,51.65,0.75,annealing_T=75_h=5,present,present,6.21,121.0,annealing_T=75_h=5,20260523-062735,phase_detection,annealing_T=75_h=5,20260523-062735,20260523-062735,4.911048767829487
133,1593.64,863.88,20.0878,0.229115,20.0,52.4,1.5,annealing_T=75_h=5,present,present,6.21,121.0,annealing_T=75_h=5,20260523-062735,phase_detection,annealing_T=75_h=5,20260523-062735,20260523-062735,4.911048767829487
133,1593.64,863.88,29.8912,0.254526,20.0,52.9,2.0,annealing_T=75_h=5,present,present,6.21,121.0,annealing_T=75_h=5,20260523-062735,phase_detection,annealing_T=75_h=5,20260523-062735,20260523-062735,4.911048767829487
133,1593.64,863.88,36.998,0.309427,20.0,53.4,2.5,annealing_T=75_h=5,present,present,6.21,121.0,annealing_T=75_h=5,20260523-062735,phase_detection,annealing_T=75_h=5,20260523-062735,20260523-062735,4.911048767829487
133,1593.64,863.88,51.1641,0.382713,20.0,53.9,3.0,annealing_T=75_h=5,present,present,6.21,121.0,annealing_T=75_h=5,20260523-062735,phase_detection,annealing_T=75_h=5,20260523-062735,20260523-062735,4.911048767829487
133,1593.64,863.88,105.064,0.599668,20.0,55.9,5.0,annealing_T=75_h=5,present,present,6.21,121.0,annealing_T=75_h=5,20260523-062735,phase_detection,annealing_T=75_h=5,20260523-062735,20260523-062735,4.911048767829487
134,1602.86,814.01,25.2502,0.572832,20.0,51.65,0.75,annealing_T=75_h=5,present,present,11.04,383.0,annealing_T=75_h=5,20260523-062735,phase_detection,before_annealing,20260516-064844,20260523-062735,5.01861534688596
134,1602.86,814.01,111.445,0.710667,20.0,52.4,1.5,annealing_T=75_h=5,present,present,11.04,383.0,annealing_T=75_h=5,20260523-062735,phase_detection,before_annealing,20260516-064844,20260523-062735,5.01861534688596
134,1602.86,814.01,220.274,0.63387,20.0,52.9,2.0,annealing_T=75_h=5,present,present,11.04,383.0,annealing_T=75_h=5,20260523-062735,phase_detection,before_annealing,20260516-064844,20260523-062735,5.01861534688596
134,1602.86,814.01,372.263,0.880234,20.0,53.4,2.5,annealing_T=75_h=5,present,present,11.04,383.0,annealing_T=75_h=5,20260523-062735,phase_detection,before_annealing,20260516-064844,20260523-062735,5.01861534688596
134,1602.86,814.01,562.508,1.0732,20.0,53.9,3.0,annealing_T=75_h=5,present,present,11.04,383.0,annealing_T=75_h=5,20260523-062735,phase_detection,before_annealing,20260516-064844,20260523-062735,5.01861534688596
134,1602.86,814.01,1863.71,2.54547,20.0,55.9,5.0,annealing_T=75_h=5,present,present,11.04,383.0,annealing_T=75_h=5,20260523-062735,phase_detection,before_annealing,20260516-064844,20260523-062735,5.01861534688596
135,1625.04,662.83,1.2576,0.151485,20.0,51.65,0.75,annealing_T=75_h=5,absent,disappeared,4.55,65.0,before_annealing,20260516-064844,previous_detection,annealing_T=125_h=5,20260725-020716,20260523-062735,0.0
135,1625.04,662.83,1.78253,0.0899535,20.0,52.4,1.5,annealing_T=75_h=5,absent,disappeared,4.55,65.0,before_annealing,20260516-064844,previous_detection,annealing_T=125_h=5,20260725-020716,20260523-062735,0.0
135,1625.04,662.83,1.41367,0.226675,20.0,52.9,2.0,annealing_T=75_h=5,absent,disappeared,4.55,65.0,before_annealing,20260516-064844,previous_detection,annealing_T=125_h=5,20260725-020716,20260523-062735,0.0
135,1625.04,662.83,1.27956,0.154581,20.0,53.4,2.5,annealing_T=75_h=5,absent,disappeared,4.55,65.0,before_annealing,20260516-064844,previous_detection,annealing_T=125_h=5,20260725-020716,20260523-062735,0.0
135,1625.04,662.83,0.950746,0.219305,20.0,53.9,3.0,annealing_T=75_h=5,absent,disappeared,4.55,65.0,before_annealing,20260516-064844,previous_detection,annealing_T=125_h=5,20260725-020716,20260523-062735,0.0
135,1625.04,662.83,9.92951,0.405329,20.0,55.9,5.0,annealing_T=75_h=5,absent,disappeared,4.55,65.0,before_annealing,20260516-064844,previous_detection,annealing_T=125_h=5,20260725-020716,20260523-062735,0.0
136,1625.19,634.03,27.7963,0.493507,20.0,51.65,0.75,annealing_T=75_h=5,present,present,11.56,420.0,annealing_T=75_h=5,20260523-062735,phase_detection,before_annealing,20260516-064844,20260523-062735,4.963265054376972
136,1625.19,634.03,87.6575,0.562403,20.0,52.4,1.5,annealing_T=75_h=5,present,present,11.56,420.0,annealing_T=75_h=5,20260523-062735,phase_detection,before_annealing,20260516-064844,20260523-062735,4.963265054376972
136,1625.19,634.03,147.91,0.674652,20.0,52.9,2.0,annealing_T=75_h=5,present,present,11.56,420.0,annealing_T=75_h=5,20260523-062735,phase_detection,before_annealing,20260516-064844,20260523-062735,4.963265054376972
136,1625.19,634.03,245.467,0.848837,20.0,53.4,2.5,annealing_T=75_h=5,present,present,11.56,420.0,annealing_T=75_h=5,20260523-062735,phase_detection,before_annealing,20260516-064844,20260523-062735,4.963265054376972
136,1625.19,634.03,337.635,0.945702,20.0,53.9,3.0,annealing_T=75_h=5,present,present,11.56,420.0,annealing_T=75_h=5,20260523-062735,phase_detection,before_annealing,20260516-064844,20260523-062735,4.963265054376972
136,1625.19,634.03,986.276,2.03745,20.0,55.9,5.0,annealing_T=75_h=5,present,present,11.56,420.0,annealing_T=75_h=5,20260523-062735,phase_detection,before_annealing,20260516-064844,20260523-062735,4.963265054376972
137,1624.29,985.8,1.99442,0.31778,20.0,51.65,0.75,annealing_T=75_h=5,present,present,5.2,85.0,annealing_T=75_h=5,20260523-062735,phase_detection,annealing_T=100_h=5,20260613-015321,20260523-062735,5.098431131240114
137,1624.29,985.8,3.17743,0.148294,20.0,52.4,1.5,annealing_T=75_h=5,present,present,5.2,85.0,annealing_T=75_h=5,20260523-062735,phase_detection,annealing_T=100_h=5,20260613-015321,20260523-062735,5.098431131240114
137,1624.29,985.8,7.97272,0.389787,20.0,52.9,2.0,annealing_T=75_h=5,present,present,5.2,85.0,annealing_T=75_h=5,20260523-062735,phase_detection,annealing_T=100_h=5,20260613-015321,20260523-062735,5.098431131240114
137,1624.29,985.8,12.2421,0.362535,20.0,53.4,2.5,annealing_T=75_h=5,present,present,5.2,85.0,annealing_T=75_h=5,20260523-062735,phase_detection,annealing_T=100_h=5,20260613-015321,20260523-062735,5.098431131240114
137,1624.29,985.8,16.8047,0.323237,20.0,53.9,3.0,annealing_T=75_h=5,present,present,5.2,85.0,annealing_T=75_h=5,20260523-062735,phase_detection,annealing_T=100_h=5,20260613-015321,20260523-062735,5.098431131240114
137,1624.29,985.8,50.939,0.65772,20.0,55.9,5.0,annealing_T=75_h=5,present,present,5.2,85.0,annealing_T=75_h=5,20260523-062735,phase_detection,annealing_T=100_h=5,20260613-015321,20260523-062735,5.098431131240114
138,1631.17,91.22,3.99549,0.40805,20.0,51.65,0.75,annealing_T=75_h=5,present,present,8.29,216.0,annealing_T=75_h=5,20260523-062735,phase_detection,annealing_T=100_h=25,20260629-230214,20260523-062735,5.77382022581242
138,1631.17,91.22,7.08237,0.528953,20.0,52.4,1.5,annealing_T=75_h=5,present,present,8.29,216.0,annealing_T=75_h=5,20260523-062735,phase_detection,annealing_T=100_h=25,20260629-230214,20260523-062735,5.77382022581242
138,1631.17,91.22,10.6703,0.454951,20.0,52.9,2.0,annealing_T=75_h=5,present,present,8.29,216.0,annealing_T=75_h=5,20260523-062735,phase_detection,annealing_T=100_h=25,20260629-230214,20260523-062735,5.77382022581242
138,1631.17,91.22,25.0541,0.582763,20.0,53.4,2.5,annealing_T=75_h=5,present,present,8.29,216.0,annealing_T=75_h=5,20260523-062735,phase_detection,annealing_T=100_h=25,20260629-230214,20260523-062735,5.77382022581242
138,1631.17,91.22,33.1002,0.727229,20.0,53.9,3.0,annealing_T=75_h=5,present,present,8.29,216.0,annealing_T=75_h=5,20260523-062735,phase_detection,annealing_T=100_h=25,20260629-230214,20260523-062735,5.77382022581242
138,1631.17,91.22,85.2696,0.940508,20.0,55.9,5.0,annealing_T=75_h=5,present,present,8.29,216.0,annealing_T=75_h=5,20260523-062735,phase_detection,annealing_T=100_h=25,20260629-230214,20260523-062735,5.77382022581242
139,1635.2,1025.83,38.5133,0.582493,20.0,51.65,0.75,annealing_T=75_h=5,present,present,9.62,291.0,annealing_T=75_h=5,20260523-062735,phase_detection,before_annealing,20260516-064844,20260523-062735,5.702464379546697
139,1635.2,1025.83,149.501,0.373527,20.0,52.4,1.5,annealing_T=75_h=5,present,present,9.62,291.0,annealing_T=75_h=5,20260523-062735,phase_detection,before_annealing,20260516-064844,20260523-062735,5.702464379546697
139,1635.2,1025.83,249.937,0.600717,20.0,52.9,2.0,annealing_T=75_h=5,present,present,9.62,291.0,annealing_T=75_h=5,20260523-062735,phase_detection,before_annealing,20260516-064844,20260523-062735,5.702464379546697
139,1635.2,1025.83,335.126,0.999031,20.0,53.4,2.5,annealing_T=75_h=5,present,present,9.62,291.0,annealing_T=75_h=5,20260523-062735,phase_detection,before_annealing,20260516-064844,20260523-062735,5.702464379546697
139,1635.2,1025.83,421.238,1.14596,20.0,53.9,3.0,annealing_T=75_h=5,present,present,9.62,291.0,annealing_T=75_h=5,20260523-062735,phase_detection,before_annealing,20260516-064844,20260523-062735,5.702464379546697
139,1635.2,1025.83,895.514,1.75911,20.0,55.9,5.0,annealing_T=75_h=5,present,present,9.62,291.0,annealing_T=75_h=5,20260523-062735,phase_detection,before_annealing,20260516-064844,20260523-062735,5.702464379546697
140,1641.95,351.98,3.19198,0.190753,20.0,51.65,0.75,annealing_T=75_h=5,present,present,4.03,51.0,annealing_T=75_h=5,20260523-062735,phase_detection,annealing_T=75_h=25,20260602-133829,20260523-062735,6.226564060539363
140,1641.95,351.98,4.1522,0.212296,20.0,52.4,1.5,annealing_T=75_h=5,present,present,4.03,51.0,annealing_T=75_h=5,20260523-062735,phase_detection,annealing_T=75_h=25,20260602-133829,20260523-062735,6.226564060539363
140,1641.95,351.98,7.36392,0.218532,20.0,52.9,2.0,annealing_T=75_h=5,present,present,4.03,51.0,annealing_T=75_h=5,20260523-062735,phase_detection,annealing_T=75_h=25,20260602-133829,20260523-062735,6.226564060539363
140,1641.95,351.98,8.88848,0.322731,20.0,53.4,2.5,annealing_T=75_h=5,present,present,4.03,51.0,annealing_T=75_h=5,20260523-062735,phase_detection,annealing_T=75_h=25,20260602-133829,20260523-062735,6.226564060539363
140,1641.95,351.98,11.1633,0.388439,20.0,53.9,3.0,annealing_T=75_h=5,present,present,4.03,51.0,annealing_T=75_h=5,20260523-062735,phase_detection,annealing_T=75_h=25,20260602-133829,20260523-062735,6.226564060539363
140,1641.95,351.98,20.5026,0.377698,20.0,55.9,5.0,annealing_T=75_h=5,present,present,4.03,51.0,annealing_T=75_h=5,20260523-062735,phase_detection,annealing_T=75_h=25,20260602-133829,20260523-062735,6.226564060539363
141,1647.47,683.39,17.5706,0.42501,20.0,51.65,0.75,annealing_T=75_h=5,present,present,8.29,216.0,annealing_T=75_h=5,20260523-062735,phase_detection,annealing_T=75_h=5,20260523-062735,20260523-062735,4.970090542434751
141,1647.47,683.39,52.7127,0.444592,20.0,52.4,1.5,annealing_T=75_h=5,present,present,8.29,216.0,annealing_T=75_h=5,20260523-062735,phase_detection,annealing_T=75_h=5,20260523-062735,20260523-062735,4.970090542434751
141,1647.47,683.39,83.7614,0.473093,20.0,52.9,2.0,annealing_T=75_h=5,present,present,8.29,216.0,annealing_T=75_h=5,20260523-062735,phase_detection,annealing_T=75_h=5,20260523-062735,20260523-062735,4.970090542434751
141,1647.47,683.39,114.303,0.558258,20.0,53.4,2.5,annealing_T=75_h=5,present,present,8.29,216.0,annealing_T=75_h=5,20260523-062735,phase_detection,annealing_T=75_h=5,20260523-062735,20260523-062735,4.970090542434751
141,1647.47,683.39,158.727,0.597773,20.0,53.9,3.0,annealing_T=75_h=5,present,present,8.29,216.0,annealing_T=75_h=5,20260523-062735,phase_detection,annealing_T=75_h=5,20260523-062735,20260523-062735,4.970090542434751
141,1647.47,683.39,318.863,0.880289,20.0,55.9,5.0,annealing_T=75_h=5,present,present,8.29,216.0,annealing_T=75_h=5,20260523-062735,phase_detection,annealing_T=75_h=5,20260523-062735,20260523-062735,4.970090542434751
142,1681.58,609.87,56.7528,0.545063,20.0,51.65,0.75,annealing_T=75_h=5,present,present,13.18,546.0,annealing_T=75_h=5,20260523-062735,phase_detection,annealing_T=75_h=25,20260602-133829,20260523-062735,5.268548187119485
142,1681.58,609.87,189.255,0.826861,20.0,52.4,1.5,annealing_T=75_h=5,present,present,13.18,546.0,annealing_T=75_h=5,20260523-062735,phase_detection,annealing_T=75_h=25,20260602-133829,20260523-062735,5.268548187119485
142,1681.58,609.87,354.026,0.947189,20.0,52.9,2.0,annealing_T=75_h=5,present,present,13.18,546.0,annealing_T=75_h=5,20260523-062735,phase_detection,annealing_T=75_h=25,20260602-133829,20260523-062735,5.268548187119485
142,1681.58,609.87,556.188,1.12241,20.0,53.4,2.5,annealing_T=75_h=5,present,present,13.18,546.0,annealing_T=75_h=5,20260523-062735,phase_detection,annealing_T=75_h=25,20260602-133829,20260523-062735,5.268548187119485
142,1681.58,609.87,788.3,1.58942,20.0,53.9,3.0,annealing_T=75_h=5,present,present,13.18,546.0,annealing_T=75_h=5,20260523-062735,phase_detection,annealing_T=75_h=25,20260602-133829,20260523-062735,5.268548187119485
142,1681.58,609.87,2433.95,4.32944,20.0,55.9,5.0,annealing_T=75_h=5,present,present,13.18,546.0,annealing_T=75_h=5,20260523-062735,phase_detection,annealing_T=75_h=25,20260602-133829,20260523-062735,5.268548187119485
143,1683.5,919.01,4.70316,0.529222,20.0,51.65,0.75,annealing_T=75_h=5,present,present,11.03,382.0,annealing_T=75_h=5,20260523-062735,phase_detection,annealing_T=100_h=5,20260613-015321,20260523-062735,5.585740774507707
143,1683.5,919.01,44.9449,0.444699,20.0,52.4,1.5,annealing_T=75_h=5,present,present,11.03,382.0,annealing_T=75_h=5,20260523-062735,phase_detection,annealing_T=100_h=5,20260613-015321,20260523-062735,5.585740774507707
143,1683.5,919.01,80.1219,0.532209,20.0,52.9,2.0,annealing_T=75_h=5,present,present,11.03,382.0,annealing_T=75_h=5,20260523-062735,phase_detection,annealing_T=100_h=5,20260613-015321,20260523-062735,5.585740774507707
143,1683.5,919.01,127.751,0.514079,20.0,53.4,2.5,annealing_T=75_h=5,present,present,11.03,382.0,annealing_T=75_h=5,20260523-062735,phase_detection,annealing_T=100_h=5,20260613-015321,20260523-062735,5.585740774507707
143,1683.5,919.01,196.079,0.790354,20.0,53.9,3.0,annealing_T=75_h=5,present,present,11.03,382.0,annealing_T=75_h=5,20260523-062735,phase_detection,annealing_T=100_h=5,20260613-015321,20260523-062735,5.585740774507707
143,1683.5,919.01,989.564,4.3145,20.0,55.9,5.0,annealing_T=75_h=5,present,present,11.03,382.0,annealing_T=75_h=5,20260523-062735,phase_detection,annealing_T=100_h=5,20260613-015321,20260523-062735,5.585740774507707
144,1688.61,698.74,2.90048,0.400949,20.0,51.65,0.75,annealing_T=75_h=5,present,present,6.7,141.0,annealing_T=75_h=5,20260523-062735,phase_detection,annealing_T=150_h=5,20260912-010115,20260523-062735,5.000489975992469
144,1688.61,698.74,14.0723,0.372461,20.0,52.4,1.5,annealing_T=75_h=5,present,present,6.7,141.0,annealing_T=75_h=5,20260523-062735,phase_detection,annealing_T=150_h=5,20260912-010115,20260523-062735,5.000489975992469
144,1688.61,698.74,18.4239,0.471525,20.0,52.9,2.0,annealing_T=75_h=5,present,present,6.7,141.0,annealing_T=75_h=5,20260523-062735,phase_detection,annealing_T=150_h=5,20260912-010115,20260523-062735,5.000489975992469
144,1688.61,698.74,31.1056,0.526864,20.0,53.4,2.5,annealing_T=75_h=5,present,present,6.7,141.0,annealing_T=75_h=5,20260523-062735,phase_detection,annealing_T=150_h=5,20260912-010115,20260523-062735,5.000489975992469
144,1688.61,698.74,38.7849,0.631138,20.0,53.9,3.0,annealing_T=75_h=5,present,present,6.7,141.0,annealing_T=75_h=5,20260523-062735,phase_detection,annealing_T=150_h=5,20260912-010115,20260523-062735,5.000489975992469
144,1688.61,698.74,86.3114,0.528485,20.0,55.9,5.0,annealing_T=75_h=5,present,present,6.7,141.0,annealing_T=75_h=5,20260523-062735,phase_detection,annealing_T=150_h=5,20260912-010115,20260523-062735,5.000489975992469
145,1692.85,41.4,5.93428,0.280942,20.0,51.65,0.75,annealing_T=75_h=5,present,present,7.65,184.0,annealing_T=75_h=5,20260523-062735,phase_detection,before_annealing,20260516-064844,20260523-062735,6.437491747567363
145,1692.85,41.4,20.0373,0.40997,20.0,52.4,1.5,annealing_T=75_h=5,present,present,7.65,184.0,annealing_T=75_h=5,20260523-062735,phase_detection,before_annealing,20260516-064844,20260523-062735,6.437491747567363
145,1692.85,41.4,35.906,0.403934,20.0,52.9,2.0,annealing_T=75_h=5,present,present,7.65,184.0,annealing_T=75_h=5,20260523-062735,phase_detection,before_annealing,20260516-064844,20260523-062735,6.437491747567363
145,1692.85,41.4,50.6291,0.498207,20.0,53.4,2.5,annealing_T=75_h=5,present,present,7.65,184.0,annealing_T=75_h=5,20260523-062735,phase_detection,before_annealing,20260516-064844,20260523-062735,6.437491747567363
145,1692.85,41.4,92.4791,0.748951,20.0,53.9,3.0,annealing_T=75_h=5,present,present,7.65,184.0,annealing_T=75_h=5,20260523-062735,phase_detection,before_annealing,20260516-064844,20260523-062735,6.437491747567363
145,1692.85,41.4,340.849,0.960693,20.0,55.9,5.0,annealing_T=75_h=5,present,present,7.65,184.0,annealing_T=75_h=5,20260523-062735,phase_detection,before_annealing,20260516-064844,20260523-062735,6.437491747567363
146,1701.39,707.41,3.22341,0.323129,20.0,51.65,0.75,annealing_T=75_h=5,present,present,5.84,107.0,annealing_T=75_h=5,20260523-062735,phase_detection,annealing_T=75_h=5,20260523-062735,20260523-062735,5.292948138797473
146,1701.39,707.41,12.0131,0.319139,20.0,52.4,1.5,annealing_T=75_h=5,present,present,5.84,107.0,annealing_T=75_h=5,20260523-062735,phase_detection,annealing_T=75_h=5,20260523-062735,20260523-062735,5.292948138797473
146,1701.39,707.41,22.4664,0.430292,20.0,52.9,2.0,annealing_T=75_h=5,present,present,5.84,107.0,annealing_T=75_h=5,20260523-062735,phase_detection,annealing_T=75_h=5,20260523-062735,20260523-062735,5.292948138797473
146,1701.39,707.41,28.8726,0.507014,20.0,53.4,2.5,annealing_T=75_h=5,present,present,5.84,107.0,annealing_T=75_h=5,20260523-062735,phase_detection,annealing_T=75_h=5,20260523-062735,20260523-062735,5.292948138797473
146,1701.39,707.41,42.1577,0.633495,20.0,53.9,3.0,annealing_T=75_h=5,present,present,5.84,107.0,annealing_T=75_h=5,20260523-062735,phase_detection,annealing_T=75_h=5,20260523-062735,20260523-062735,5.292948138797473
146,1701.39,707.41,84.3088,0.639869,20.0,55.9,5.0,annealing_T=75_h=5,present,present,5.84,107.0,annealing_T=75_h=5,20260523-062735,phase_detection,annealing_T=75_h=5,20260523-062735,20260523-062735,5.292948138797473
147,1701.67,810.84,3.54875,0.333144,20.0,51.65,0.75,annealing_T=75_h=5,present,present,6.18,120.0,annealing_T=75_h=5,20260523-062735,phase_detection,before_annealing,20260516-064844,20260523-062735,6.701462526941457
147,1701.67,810.84,10.1169,0.460525,20.0,52.4,1.5,annealing_T=75_h=5,present,present,6.18,120.0,annealing_T=75_h=5,20260523-062735,phase_detection,before_annealing,20260516-064844,20260523-062735,6.701462526941457
147,1701.67,810.84,11.093,0.27977,20.0,52.9,2.0,annealing_T=75_h=5,present,present,6.18,120.0,annealing_T=75_h=5,20260523-062735,phase_detection,before_annealing,20260516-064844,20260523-062735,6.701462526941457
147,1701.67,810.84,22.3111,0.611592,20.0,53.4,2.5,annealing_T=75_h=5,present,present,6.18,120.0,annealing_T=75_h=5,20260523-062735,phase_detection,before_annealing,20260516-064844,20260523-062735,6.701462526941457
147,1701.67,810.84,26.1922,0.343953,20.0,53.9,3.0,annealing_T=75_h=5,present,present,6.18,120.0,annealing_T=75_h=5,20260523-062735,phase_detection,before_annealing,20260516-064844,20260523-062735,6.701462526941457
147,1701.67,810.84,63.5716,0.621161,20.0,55.9,5.0,annealing_T=75_h=5,present,present,6.18,120.0,annealing_T=75_h=5,20260523-062735,phase_detection,before_annealing,20260516-064844,20260523-062735,6.701462526941457
148,1706.43,534.5,-1.36035,0.564925,20.0,51.65,0.75,annealing_T=75_h=5,present,present,5.53,96.0,annealing_T=75_h=5,20260523-062735,phase_detection,before_annealing,20260516-064844,20260523-062735,5.200038461396269
148,1706.43,534.5,4.77935,0.550383,20.0,52.4,1.5,annealing_T=75_h=5,present,present,5.53,96.0,annealing_T=75_h=5,20260523-062735,phase_detection,before_annealing,20260516-064844,20260523-062735,5.200038461396269
148,1706.43,534.5,9.83507,0.525873,20.0,52.9,2.0,annealing_T=75_h=5,present,present,5.53,96.0,annealing_T=75_h=5,20260523-062735,phase_detection,before_annealing,20260516-064844,20260523-062735,5.200038461396269
148,1706.43,534.5,23.8314,0.581966,20.0,53.4,2.5,annealing_T=75_h=5,present,present,5.53,96.0,annealing_T=75_h=5,20260523-062735,phase_detection,before_annealing,20260516-064844,20260523-062735,5.200038461396269
148,1706.43,534.5,42.6192,0.694912,20.0,53.9,3.0,annealing_T=75_h=5,present,present,5.53,96.0,annealing_T=75_h=5,20260523-062735,phase_detection,before_annealing,20260516-064844,20260523-062735,5.200038461396269
148,1706.43,534.5,138.951,1.00653,20.0,55.9,5.0,annealing_T=75_h=5,present,present,5.53,96.0,annealing_T=75_h=5,20260523-062735,phase_detection,before_annealing,20260516-064844,20260523-062735,5.200038461396269
149,1706.36,830.59,-0.614715,0.406233,20.0,51.65,0.75,annealing_T=75_h=5,present,present,7.38,171.0,annealing_T=75_h=5,20260523-062735,phase_detection,before_annealing,20260516-064844,20260523-062735,5.762672990895813
149,1706.36,830.59,9.57097,0.327155,20.0,52.4,1.5,annealing_T=75_h=5,present,present,7.38,171.0,annealing_T=75_h=5,20260523-062735,phase_detection,before_annealing,20260516-064844,20260523-062735,5.762672990895813
149,1706.36,830.59,22.5561,0.342048,20.0,52.9,2.0,annealing_T=75_h=5,present,present,7.38,171.0,annealing_T=75_h=5,20260523-062735,phase_detection,before_annealing,20260516-064844,20260523-062735,5.762672990895813
149,1706.36,830.59,45.6355,0.362431,20.0,53.4,2.5,annealing_T=75_h=5,present,present,7.38,171.0,annealing_T=75_h=5,20260523-062735,phase_detection,before_annealing,20260516-064844,20260523-062735,5.762672990895813
149,1706.36,830.59,95.7298,0.762816,20.0,53.9,3.0,annealing_T=75_h=5,present,present,7.38,171.0,annealing_T=75_h=5,20260523-062735,phase_detection,before_annealing,20260516-064844,20260523-062735,5.762672990895813
149,1706.36,830.59,449.955,1.2417,20.0,55.9,5.0,annealing_T=75_h=5,present,present,7.38,171.0,annealing_T=75_h=5,20260523-062735,phase_detection,before_annealing,20260516-064844,20260523-062735,5.762672990895813
150,1709.86,452.67,1.71393,0.358196,20.0,51.65,0.75,annealing_T=75_h=5,present,present,5.32,89.0,annealing_T=75_h=5,20260523-062735,phase_detection,annealing_T=100_h=5,20260613-015321,20260523-062735,6.291486310880782
150,1709.86,452.67,3.38638,0.338116,20.0,52.4,1.5,annealing_T=75_h=5,present,present,5.32,89.0,annealing_T=75_h=5,20260523-062735,phase_detection,annealing_T=100_h=5,20260613-015321,20260523-062735,6.291486310880782
150,1709.86,452.67,5.63319,0.419008,20.0,52.9,2.0,annealing_T=75_h=5,present,present,5.32,89.0,annealing_T=75_h=5,20260523-062735,phase_detection,annealing_T=100_h=5,20260613-015321,20260523-062735,6.291486310880782
150,1709.86,452.67,14.2789,0.213035,20.0,53.4,2.5,annealing_T=75_h=5,present,present,5.32,89.0,annealing_T=75_h=5,20260523-062735,phase_detection,annealing_T=100_h=5,20260613-015321,20260523-062735,6.291486310880782
150,1709.86,452.67,16.6883,0.388454,20.0,53.9,3.0,annealing_T=75_h=5,present,present,5.32,89.0,annealing_T=75_h=5,20260523-062735,phase_detection,annealing_T=100_h=5,20260613-015321,20260523-062735,6.291486310880782
150,1709.86,452.67,42.1491,0.521074,20.0,55.9,5.0,annealing_T=75_h=5,present,present,5.32,89.0,annealing_T=75_h=5,20260523-062735,phase_detection,annealing_T=100_h=5,20260613-015321,20260523-062735,6.291486310880782
151,1712.59,379.29,3.9577,0.205771,20.0,51.65,0.75,annealing_T=75_h=5,present,present,7.07,157.0,annealing_T=75_h=5,20260523-062735,phase_detection,before_annealing,20260516-064844,20260523-062735,5.7148578285028195
151,1712.59,379.29,22.7607,0.297207,20.0,52.4,1.5,annealing_T=75_h=5,present,present,7.07,157.0,annealing_T=75_h=5,20260523-062735,phase_detection,before_annealing,20260516-064844,20260523-062735,5.7148578285028195
151,1712.59,379.29,37.049,0.409226,20.0,52.9,2.0,annealing_T=75_h=5,present,present,7.07,157.0,annealing_T=75_h=5,20260523-062735,phase_detection,before_annealing,20260516-064844,20260523-062735,5.7148578285028195
151,1712.59,379.29,62.5787,0.419661,20.0,53.4,2.5,annealing_T=75_h=5,present,present,7.07,157.0,annealing_T=75_h=5,20260523-062735,phase_detection,before_annealing,20260516-064844,20260523-062735,5.7148578285028195
151,1712.59,379.29,83.5199,0.353327,20.0,53.9,3.0,annealing_T=75_h=5,present,present,7.07,157.0,annealing_T=75_h=5,20260523-062735,phase_detection,before_annealing,20260516-064844,20260523-062735,5.7148578285028195
151,1712.59,379.29,234.469,0.615049,20.0,55.9,5.0,annealing_T=75_h=5,present,present,7.07,157.0,annealing_T=75_h=5,20260523-062735,phase_detection,before_annealing,20260516-064844,20260523-062735,5.7148578285028195
152,1712.7,555.31,8.07343,0.253001,20.0,51.65,0.75,annealing_T=75_h=5,present,present,7.69,186.0,annealing_T=75_h=5,20260523-062735,phase_detection,annealing_T=125_h=25,20260902-011233,20260523-062735,5.544438655084911
152,1712.7,555.31,19.5998,0.418613,20.0,52.4,1.5,annealing_T=75_h=5,present,present,7.69,186.0,annealing_T=75_h=5,20260523-062735,phase_detection,annealing_T=125_h=25,20260902-011233,20260523-062735,5.544438655084911
152,1712.7,555.31,35.1607,0.464035,20.0,52.9,2.0,annealing_T=75_h=5,present,present,7.69,186.0,annealing_T=75_h=5,20260523-062735,phase_detection,annealing_T=125_h=25,20260902-011233,20260523-062735,5.544438655084911
152,1712.7,555.31,49.6063,0.277348,20.0,53.4,2.5,annealing_T=75_h=5,present,present,7.69,186.0,annealing_T=75_h=5,20260523-062735,phase_detection,annealing_T=125_h=25,20260902-011233,20260523-062735,5.544438655084911
152,1712.7,555.31,60.5833,0.47576,20.0,53.9,3.0,annealing_T=75_h=5,present,present,7.69,186.0,annealing_T=75_h=5,20260523-062735,phase_detection,annealing_T=125_h=25,20260902-011233,20260523-062735,5.544438655084911
152,1712.7,555.31,126.793,0.774898,20.0,55.9,5.0,annealing_T=75_h=5,present,present,7.69,186.0,annealing_T=75_h=5,20260523-062735,phase_detection,annealing_T=125_h=25,20260902-011233,20260523-062735,5.544438655084911
153,1717.97,14.54,165.244,0.865664,20.0,51.65,0.75,annealing_T=75_h=5,present,present,16.01,805.0,annealing_T=75_h=5,20260523-062735,phase_detection,annealing_T=75_h=25,20260602-133829,20260523-062735,6.537767202952368
153,1717.97,14.54,869.242,1.15564,20.0,52.4,1.5,annealing_T=75_h=5,present,present,16.01,805.0,annealing_T=75_h=5,20260523-062735,phase_detection,annealing_T=75_h=25,20260602-133829,20260523-062735,6.537767202952368
153,1717.97,14.54,1644.78,1.57082,20.0,52.9,2.0,annealing_T=75_h=5,present,present,16.01,805.0,annealing_T=75_h=5,20260523-062735,phase_detection,annealing_T=75_h=25,20260602-133829,20260523-062735,6.537767202952368
153,1717.97,14.54,2695.02,2.07287,20.0,53.4,2.5,annealing_T=75_h=5,present,present,16.01,805.0,annealing_T=75_h=5,20260523-062735,phase_detection,annealing_T=75_h=25,20260602-133829,20260523-062735,6.537767202952368
153,1717.97,14.54,3924.07,3.65089,20.0,53.9,3.0,annealing_T=75_h=5,present,present,16.01,805.0,annealing_T=75_h=5,20260523-062735,phase_detection,annealing_T=75_h=25,20260602-133829,20260523-062735,6.537767202952368
153,1717.97,14.54,11215.9,8.65084,20.0,55.9,5.0,annealing_T=75_h=5,present,present,16.01,805.0,annealing_T=75_h=5,20260523-062735,phase_detection,annealing_T=75_h=25,20260602-133829,20260523-062735,6.537767202952368
154,1716.4,580.79,18.3149,0.420299,20.0,51.65,0.75,annealing_T=75_h=5,present,present,9.74,298.0,annealing_T=75_h=5,20260523-062735,phase_detection,annealing_T=100_h=5,20260613-015321,20260523-062735,5.3001509412468195
154,1716.4,580.79,64.8519,0.469662,20.0,52.4,1.5,annealing_T=75_h=5,present,present,9.74,298.0,annealing_T=75_h=5,20260523-062735,phase_detection,annealing_T=100_h=5,20260613-015321,20260523-062735,5.3001509412468195
154,1716.4,580.79,105.755,0.526712,20.0,52.9,2.0,annealing_T=75_h=5,present,present,9.74,298.0,annealing_T=75_h=5,20260523-062735,phase_detection,annealing_T=100_h=5,20260613-015321,20260523-062735,5.3001509412468195
154,1716.4,580.79,167.052,0.770407,20.0,53.4,2.5,annealing_T=75_h=5,present,present,9.74,298.0,annealing_T=75_h=5,20260523-062735,phase_detection,annealing_T=100_h=5,20260613-015321,20260523-062735,5.3001509412468195
154,1716.4,580.79,244.153,0.902474,20.0,53.9,3.0,annealing_T=75_h=5,present,present,9.74,298.0,annealing_T=75_h=5,20260523-062735,phase_detection,annealing_T=100_h=5,20260613-015321,20260523-062735,5.3001509412468195
154,1716.4,580.79,699.883,1.24998,20.0,55.9,5.0,annealing_T=75_h=5,present,present,9.74,298.0,annealing_T=75_h=5,20260523-062735,phase_detection,annealing_T=100_h=5,20260613-015321,20260523-062735,5.3001509412468195
155,1722.25,52.76,5.78829,0.558256,20.0,51.65,0.75,annealing_T=75_h=5,present,present,10.81,367.0,annealing_T=75_h=5,20260523-062735,phase_detection,annealing_T=75_h=25,20260602-133829,20260523-062735,6.717439988567077
155,1722.25,52.76,27.8165,0.838992,20.0,52.4,1.5,annealing_T=75_h=5,present,present,10.81,367.0,annealing_T=75_h=5,20260523-062735,phase_detection,annealing_T=75_h=25,20260602-133829,20260523-062735,6.717439988567077
155,1722.25,52.76,51.1194,0.721176,20.0,52.9,2.0,annealing_T=75_h=5,present,present,10.81,367.0,annealing_T=75_h=5,20260523-062735,phase_detection,annealing_T=75_h=25,20260602-133829,20260523-062735,6.717439988567077
155,1722.25,52.76,87.4591,1.06259,20.0,53.4,2.5,annealing_T=75_h=5,present,present,10.81,367.0,annealing_T=75_h=5,20260523-062735,phase_detection,annealing_T=75_h=25,20260602-133829,20260523-062735,6.717439988567077
155,1722.25,52.76,114.211,1.05283,20.0,53.9,3.0,annealing_T=75_h=5,present,present,10.81,367.0,annealing_T=75_h=5,20260523-062735,phase_detection,annealing_T=75_h=25,20260602-133829,20260523-062735,6.717439988567077
155,1722.25,52.76,330.366,1.54857,20.0,55.9,5.0,annealing_T=75_h=5,present,present,10.81,367.0,annealing_T=75_h=5,20260523-062735,phase_detection,annealing_T=75_h=25,20260602-133829,20260523-062735,6.717439988567077
156,1737.83,622.23,1.28615,0.0698625,20.0,51.65,0.75,annealing_T=75_h=5,absent,disappeared,3.61,41.0,before_annealing,20260516-064844,previous_detection,annealing_T=150_h=5,20260912-010115,20260523-062735,0.0
156,1737.83,622.23,0.832041,0.0819594,20.0,52.4,1.5,annealing_T=75_h=5,absent,disappeared,3.61,41.0,before_annealing,20260516-064844,previous_detection,annealing_T=150_h=5,20260912-010115,20260523-062735,0.0
156,1737.83,622.23,2.51601,0.106783,20.0,52.9,2.0,annealing_T=75_h=5,absent,disappeared,3.61,41.0,before_annealing,20260516-064844,previous_detection,annealing_T=150_h=5,20260912-010115,20260523-062735,0.0
156,1737.83,622.23,3.46693,0.127486,20.0,53.4,2.5,annealing_T=75_h=5,absent,disappeared,3.61,41.0,before_annealing,20260516-064844,previous_detection,annealing_T=150_h=5,20260912-010115,20260523-062735,0.0
156,1737.83,622.23,3.76131,0.137069,20.0,53.9,3.0,annealing_T=75_h=5,absent,disappeared,3.61,41.0,before_annealing,20260516-064844,previous_detection,annealing_T=150_h=5,20260912-010115,20260523-062735,0.0
156,1737.83,622.23,14.2134,0.12394,20.0,55.9,5.0,annealing_T=75_h=5,absent,disappeared,3.61,41.0,before_annealing,20260516-064844,previous_detection,annealing_T=150_h=5,20260912-010115,20260523-062735,0.0
157,1744.97,666.84,2.82269,0.325025,20.0,51.65,0.75,annealing_T=75_h=5,present,present,6.75,143.0,annealing_T=75_h=5,20260523-062735,phase_detection,annealing_T=125_h=25,20260902-011233,20260523-062735,5.801585990054875
157,1744.97,666.84,11.1527,0.423378,20.0,52.4,1.5,annealing_T=75_h=5,present,present,6.75,143.0,annealing_T=75_h=5,20260523-062735,phase_detection,annealing_T=125_h=25,20260902-011233,20260523-062735,5.801585990054875
157,1744.97,666.84,17.7633,0.384847,20.0,52.9,2.0,annealing_T=75_h=5,present,present,6.75,143.0,annealing_T=75_h=5,20260523-062735,phase_detection,annealing_T=125_h=25,20260902-011233,20260523-062735,5.801585990054875
157,1744.97,666.84,27.2448,0.632318,20.0,53.4,2.5,annealing_T=75_h=5,present,present,6.75,143.0,annealing_T=75_h=5,20260523-062735,phase_detection,annealing_T=125_h=25,20260902-011233,20260523-062735,5.801585990054875
157,1744.97,666.84,33.8648,0.409151,20.0,53.9,3.0,annealing_T=75_h=5,present,present,6.75,143.0,annealing_T=75_h=5,20260523-062735,phase_detection,annealing_T=125_h=25,20260902-011233,20260523-062735,5.801585990054875
157,1744.97,666.84,120.646,0.873118,20.0,55.9,5.0,annealing_T=75_h=5,present,present,6.75,143.0,annealing_T=75_h=5,20260523-062735,phase_detection,annealing_T=125_h=25,20260902-011233,20260523-062735,5.801585990054875
158,1756.28,207.6,5.50502,0.335897,20.0,51.65,0.75,annealing_T=75_h=5,present,present,6.72,142.0,annealing_T=75_h=5,20260523-062735,phase_detection,annealing_T=100_h=5,20260613-015321,20260523-062735,6.280931459584601
158,1756.28,207.6,16.7585,0.38235,20.0,52.4,1.5,annealing_T=75_h=5,present,present,6.72,142.0,annealing_T=75_h=5,20260523-062735,phase_detection,annealing_T=100_h=5,20260613-015321,20260523-062735,6.280931459584601
158,1756.28,207.6,29.7321,0.429149,20.0,52.9,2.0,annealing_T=75_h=5,present,present,6.72,142.0,annealing_T=75_h=5,20260523-062735,phase_detection,annealing_T=100_h=5,20260613-015321,20260523-062735,6.280931459584601
158,1756.28,207.6,43.5086,0.348128,20.0,53.4,2.5,annealing_T=75_h=5,present,present,6.72,142.0,annealing_T=75_h=5,20260523-062735,phase_detection,annealing_T=100_h=5,20260613-015321,20260523-062735,6.280931459584601
158,1756.28,207.6,66.5054,0.720685,20.0,53.9,3.0,annealing_T=75_h=5,present,present,6.72,142.0,annealing_T=75_h=5,20260523-062735,phase_detection,annealing_T=100_h=5,20260613-015321,20260523-062735,6.280931459584601
158,1756.28,207.6,189.185,0.634878,20.0,55.9,5.0,annealing_T=75_h=5,present,present,6.72,142.0,annealing_T=75_h=5,20260523-062735,phase_detection,annealing_T=100_h=5,20260613-015321,20260523-062735,6.280931459584601
159,1757.79,850.22,145.315,0.848565,20.0,51.65,0.75,annealing_T=75_h=5,present,present,15.26,732.0,annealing_T=75_h=5,20260523-062735,phase_detection,annealing_T=100_h=25,20260629-230214,20260523-062735,6.022175686576951
159,1757.79,850.22,541.172,1.46318,20.0,52.4,1.5,annealing_T=75_h=5,present,present,15.26,732.0,annealing_T=75_h=5,20260523-062735,phase_detection,annealing_T=100_h=25,20260629-230214,20260523-062735,6.022175686576951
159,1757.79,850.22,1023.4,2.88103,20.0,52.9,2.0,annealing_T=75_h=5,present,present,15.26,732.0,annealing_T=75_h=5,20260523-062735,phase_detection,annealing_T=100_h=25,20260629-230214,20260523-062735,6.022175686576951
159,1757.79,850.22,1659.58,4.79486,20.0,53.4,2.5,annealing_T=75_h=5,present,present,15.26,732.0,annealing_T=75_h=5,20260523-062735,phase_detection,annealing_T=100_h=25,20260629-230214,20260523-062735,6.022175686576951
159,1757.79,850.22,2419.52,7.45728,20.0,53.9,3.0,annealing_T=75_h=5,present,present,15.26,732.0,annealing_T=75_h=5,20260523-062735,phase_detection,annealing_T=100_h=25,20260629-230214,20260523-062735,6.022175686576951
159,1757.79,850.22,6777.3,20.075,20.0,55.9,5.0,annealing_T=75_h=5,present,present,15.26,732.0,annealing_T=75_h=5,20260523-062735,phase_detection,annealing_T=100_h=25,20260629-230214,20260523-062735,6.022175686576951
160,1779.37,616.08,2.09675,0.258237,20.0,51.65,0.75,annealing_T=75_h=5,present,present,3.66,42.0,annealing_T=75_h=5,20260523-062735,phase_detection,annealing_T=75_h=5,20260523-062735,20260523-062735,5.803593714242921
160,1779.37,616.08,3.56042,0.0909299,20.0,52.4,1.5,annealing_T=75_h=5,present,present,3.66,42.0,annealing_T=75_h=5,20260523-062735,phase_detection,annealing_T=75_h=5,20260523-062735,20260523-062735,5.803593714242921
160,1779.37,616.08,5.38414,0.320387,20.0,52.9,2.0,annealing_T=75_h=5,present,present,3.66,42.0,annealing_T=75_h=5,20260523-062735,phase_detection,annealing_T=75_h=5,20260523-062735,20260523-062735,5.803593714242921
160,1779.37,616.08,6.29522,0.329258,20.0,53.4,2.5,annealing_T=75_h=5,present,present,3.66,42.0,annealing_T=75_h=5,20260523-062735,phase_detection,annealing_T=75_h=5,20260523-062735,20260523-062735,5.803593714242921
160,1779.37,616.08,10.3877,0.379515,20.0,53.9,3.0,annealing_T=75_h=5,present,present,3.66,42.0,annealing_T=75_h=5,20260523-062735,phase_detection,annealing_T=75_h=5,20260523-062735,20260523-062735,5.803593714242921
160,1779.37,616.08,14.787,0.575973,20.0,55.9,5.0,annealing_T=75_h=5,present,present,3.66,42.0,annealing_T=75_h=5,20260523-062735,phase_detection,annealing_T=75_h=5,20260523-062735,20260523-062735,5.803593714242921
161,1811.44,646.15,-1.11416,0.234477,20.0,51.65,0.75,annealing_T=75_h=5,absent,disappeared,5.67,101.0,before_annealing,20260516-064844,previous_detection,before_annealing,20260516-064844,20260523-062735,0.0
161,1811.44,646.15,-0.224685,0.198124,20.0,52.4,1.5,annealing_T=75_h=5,absent,disappeared,5.67,101.0,before_annealing,20260516-064844,previous_detection,before_annealing,20260516-064844,20260523-062735,0.0
161,1811.44,646.15,4.1715,0.239183,20.0,52.9,2.0,annealing_T=75_h=5,absent,disappeared,5.67,101.0,before_annealing,20260516-064844,previous_detection,before_annealing,20260516-064844,20260523-062735,0.0
161,1811.44,646.15,3.68664,0.443923,20.0,53.4,2.5,annealing_T=75_h=5,absent,disappeared,5.67,101.0,before_annealing,20260516-064844,previous_detection,before_annealing,20260516-064844,20260523-062735,0.0
161,1811.44,646.15,5.44428,0.362156,20.0,53.9,3.0,annealing_T=75_h=5,absent,disappeared,5.67,101.0,before_annealing,20260516-064844,previous_detection,before_annealing,20260516-064844,20260523-062735,0.0
161,1811.44,646.15,12.3935,0.455577,20.0,55.9,5.0,annealing_T=75_h=5,absent,disappeared,5.67,101.0,before_annealing,20260516-064844,previous_detection,before_annealing,20260516-064844,20260523-062735,0.0
162,1816.74,139.39,6.70288,0.301319,20.0,51.65,0.75,annealing_T=75_h=5,present,present,7.4,172.0,annealing_T=75_h=5,20260523-062735,phase_detection,annealing_T=100_h=5,20260613-015321,20260523-062735,6.868544241686124
162,1816.74,139.39,28.6378,0.268785,20.0,52.4,1.5,annealing_T=75_h=5,present,present,7.4,172.0,annealing_T=75_h=5,20260523-062735,phase_detection,annealing_T=100_h=5,20260613-015321,20260523-062735,6.868544241686124
162,1816.74,139.39,41.4189,0.351038,20.0,52.9,2.0,annealing_T=75_h=5,present,present,7.4,172.0,annealing_T=75_h=5,20260523-062735,phase_detection,annealing_T=100_h=5,20260613-015321,20260523-062735,6.868544241686124
162,1816.74,139.39,71.3778,0.328054,20.0,53.4,2.5,annealing_T=75_h=5,present,present,7.4,172.0,annealing_T=75_h=5,20260523-062735,phase_detection,annealing_T=100_h=5,20260613-015321,20260523-062735,6.868544241686124
162,1816.74,139.39,83.1689,0.420814,20.0,53.9,3.0,annealing_T=75_h=5,present,present,7.4,172.0,annealing_T=75_h=5,20260523-062735,phase_detection,annealing_T=100_h=5,20260613-015321,20260523-062735,6.868544241686124
162,1816.74,139.39,217.599,1.07267,20.0,55.9,5.0,annealing_T=75_h=5,present,present,7.4,172.0,annealing_T=75_h=5,20260523-062735,phase_detection,annealing_T=100_h=5,20260613-015321,20260523-062735,6.868544241686124
163,1818.39,993.43,56.3436,0.606847,20.0,51.65,0.75,annealing_T=75_h=5,present,present,11.52,417.0,annealing_T=75_h=5,20260523-062735,phase_detection,annealing_T=75_h=25,20260602-133829,20260523-062735,6.549564871042916
163,1818.39,993.43,199.723,0.652429,20.0,52.4,1.5,annealing_T=75_h=5,present,present,11.52,417.0,annealing_T=75_h=5,20260523-062735,phase_detection,annealing_T=75_h=25,20260602-133829,20260523-062735,6.549564871042916
163,1818.39,993.43,287.332,0.825163,20.0,52.9,2.0,annealing_T=75_h=5,present,present,11.52,417.0,annealing_T=75_h=5,20260523-062735,phase_detection,annealing_T=75_h=25,20260602-133829,20260523-062735,6.549564871042916
163,1818.39,993.43,433.199,0.969335,20.0,53.4,2.5,annealing_T=75_h=5,present,present,11.52,417.0,annealing_T=75_h=5,20260523-062735,phase_detection,annealing_T=75_h=25,20260602-133829,20260523-062735,6.549564871042916
163,1818.39,993.43,562.579,1.29803,20.0,53.9,3.0,annealing_T=75_h=5,present,present,11.52,417.0,annealing_T=75_h=5,20260523-062735,phase_detection,annealing_T=75_h=25,20260602-133829,20260523-062735,6.549564871042916
163,1818.39,993.43,1283.24,2.55771,20.0,55.9,5.0,annealing_T=75_h=5,present,present,11.52,417.0,annealing_T=75_h=5,20260523-062735,phase_detection,annealing_T=75_h=25,20260602-133829,20260523-062735,6.549564871042916
164,1823.27,905.38,11.9626,0.429844,20.0,51.65,0.75,annealing_T=75_h=5,present,present,8.76,241.0,annealing_T=75_h=5,20260523-062735,phase_detection,annealing_T=100_h=25,20260629-230214,20260523-062735,6.634967972793952
164,1823.27,905.38,43.0655,0.341574,20.0,52.4,1.5,annealing_T=75_h=5,present,present,8.76,241.0,annealing_T=75_h=5,20260523-062735,phase_detection,annealing_T=100_h=25,20260629-230214,20260523-062735,6.634967972793952
164,1823.27,905.38,75.11,0.410103,20.0,52.9,2.0,annealing_T=75_h=5,present,present,8.76,241.0,annealing_T=75_h=5,20260523-062735,phase_detection,annealing_T=100_h=25,20260629-230214,20260523-062735,6.634967972793952
164,1823.27,905.38,124.717,0.516221,20.0,53.4,2.5,annealing_T=75_h=5,present,present,8.76,241.0,annealing_T=75_h=5,20260523-062735,phase_detection,annealing_T=100_h=25,20260629-230214,20260523-062735,6.634967972793952
164,1823.27,905.38,194.195,0.700667,20.0,53.9,3.0,annealing_T=75_h=5,present,present,8.76,241.0,annealing_T=75_h=5,20260523-062735,phase_detection,annealing_T=100_h=25,20260629-230214,20260523-062735,6.634967972793952
164,1823.27,905.38,551.948,1.39497,20.0,55.9,5.0,annealing_T=75_h=5,present,present,8.76,241.0,annealing_T=75_h=5,20260523-062735,phase_detection,annealing_T=100_h=25,20260629-230214,20260523-062735,6.634967972793952
165,1834.38,277.71,22.0657,0.513474,20.0,51.65,0.75,annealing_T=75_h=5,present,present,9.62,291.0,annealing_T=75_h=5,20260523-062735,phase_detection,before_annealing,20260516-064844,20260523-062735,6.555402352258808
165,1834.38,277.71,84.3338,0.635477,20.0,52.4,1.5,annealing_T=75_h=5,present,present,9.62,291.0,annealing_T=75_h=5,20260523-062735,phase_detection,before_annealing,20260516-064844,20260523-062735,6.555402352258808
165,1834.38,277.71,143.967,0.688256,20.0,52.9,2.0,annealing_T=75_h=5,present,present,9.62,291.0,annealing_T=75_h=5,20260523-062735,phase_detection,before_annealing,20260516-064844,20260523-062735,6.555402352258808
165,1834.38,277.71,233.809,0.810485,20.0,53.4,2.5,annealing_T=75_h=5,present,present,9.62,291.0,annealing_T=75_h=5,20260523-062735,phase_detection,before_annealing,20260516-064844,20260523-062735,6.555402352258808
165,1834.38,277.71,334.304,1.04839,20.0,53.9,3.0,annealing_T=75_h=5,present,present,9.62,291.0,annealing_T=75_h=5,20260523-062735,phase_detection,before_annealing,20260516-064844,20260523-062735,6.555402352258808
165,1834.38,277.71,1046.49,1.91401,20.0,55.9,5.0,annealing_T=75_h=5,present,present,9.62,291.0,annealing_T=75_h=5,20260523-062735,phase_detection,before_annealing,20260516-064844,20260523-062735,6.555402352258808
166,1840.11,817.19,10.1292,0.458741,20.0,51.65,0.75,annealing_T=75_h=5,present,present,8.1,206.0,annealing_T=75_h=5,20260523-062735,phase_detection,before_annealing,20260516-064844,20260523-062735,6.292320716556137
166,1840.11,817.19,38.2197,0.491202,20.0,52.4,1.5,annealing_T=75_h=5,present,present,8.1,206.0,annealing_T=75_h=5,20260523-062735,phase_detection,before_annealing,20260516-064844,20260523-062735,6.292320716556137
166,1840.11,817.19,49.6644,0.461526,20.0,52.9,2.0,annealing_T=75_h=5,present,present,8.1,206.0,annealing_T=75_h=5,20260523-062735,phase_detection,before_annealing,20260516-064844,20260523-062735,6.292320716556137
166,1840.11,817.19,71.5282,0.636309,20.0,53.4,2.5,annealing_T=75_h=5,present,present,8.1,206.0,annealing_T=75_h=5,20260523-062735,phase_detection,before_annealing,20260516-064844,20260523-062735,6.292320716556137
166,1840.11,817.19,91.6083,0.672189,20.0,53.9,3.0,annealing_T=75_h=5,present,present,8.1,206.0,annealing_T=75_h=5,20260523-062735,phase_detection,before_annealing,20260516-064844,20260523-062735,6.292320716556137
166,1840.11,817.19,181.212,1.07115,20.0,55.9,5.0,annealing_T=75_h=5,present,present,8.1,206.0,annealing_T=75_h=5,20260523-062735,phase_detection,before_annealing,20260516-064844,20260523-062735,6.292320716556137
167,1839.97,882.28,1.99056,0.106606,20.0,51.65,0.75,annealing_T=75_h=5,present,present,5.26,87.0,annealing_T=75_h=5,20260523-062735,phase_detection,annealing_T=75_h=25,20260602-133829,20260523-062735,5.821898315841724
167,1839.97,882.28,7.69354,0.332764,20.0,52.4,1.5,annealing_T=75_h=5,present,present,5.26,87.0,annealing_T=75_h=5,20260523-062735,phase_detection,annealing_T=75_h=25,20260602-133829,20260523-062735,5.821898315841724
167,1839.97,882.28,14.1942,0.278548,20.0,52.9,2.0,annealing_T=75_h=5,present,present,5.26,87.0,annealing_T=75_h=5,20260523-062735,phase_detection,annealing_T=75_h=25,20260602-133829,20260523-062735,5.821898315841724
167,1839.97,882.28,23.1175,0.345523,20.0,53.4,2.5,annealing_T=75_h=5,present,present,5.26,87.0,annealing_T=75_h=5,20260523-062735,phase_detection,annealing_T=75_h=25,20260602-133829,20260523-062735,5.821898315841724
167,1839.97,882.28,29.976,0.237674,20.0,53.9,3.0,annealing_T=75_h=5,present,present,5.26,87.0,annealing_T=75_h=5,20260523-062735,phase_detection,annealing_T=75_h=25,20260602-133829,20260523-062735,5.821898315841724
167,1839.97,882.28,94.8934,0.569685,20.0,55.9,5.0,annealing_T=75_h=5,present,present,5.26,87.0,annealing_T=75_h=5,20260523-062735,phase_detection,annealing_T=75_h=25,20260602-133829,20260523-062735,5.821898315841724
168,1866.07,744.83,7.34018,0.177352,20.0,51.65,0.75,annealing_T=75_h=5,present,present,8.16,209.0,annealing_T=75_h=5,20260523-062735,phase_detection,before_annealing,20260516-064844,20260523-062735,6.158051639926467
168,1866.07,744.83,31.0697,0.273851,20.0,52.4,1.5,annealing_T=75_h=5,present,present,8.16,209.0,annealing_T=75_h=5,20260523-062735,phase_detection,before_annealing,20260516-064844,20260523-062735,6.158051639926467
168,1866.07,744.83,48.4519,0.232115,20.0,52.9,2.0,annealing_T=75_h=5,present,present,8.16,209.0,annealing_T=75_h=5,20260523-062735,phase_detection,before_annealing,20260516-064844,20260523-062735,6.158051639926467
168,1866.07,744.83,76.8639,0.360109,20.0,53.4,2.5,annealing_T=75_h=5,present,present,8.16,209.0,annealing_T=75_h=5,20260523-062735,phase_detection,before_annealing,20260516-064844,20260523-062735,6.158051639926467
168,1866.07,744.83,110.111,0.405308,20.0,53.9,3.0,annealing_T=75_h=5,present,present,8.16,209.0,annealing_T=75_h=5,20260523-062735,phase_detection,before_annealing,20260516-064844,20260523-062735,6.158051639926467
168,1866.07,744.83,318.794,0.90607,20.0,55.9,5.0,annealing_T=75_h=5,present,present,8.16,209.0,annealing_T=75_h=5,20260523-062735,phase_detection,before_annealing,20260516-064844,20260523-062735,6.158051639926467
169,1888.72,377.2,3.15172,0.234899,20.0,51.65,0.75,annealing_T=75_h=5,present,present,6.0,113.0,annealing_T=75_h=5,20260523-062735,phase_detection,before_annealing,20260516-064844,20260523-062735,6.204425839672841
169,1888.72,377.2,9.96797,0.348611,20.0,52.4,1.5,annealing_T=75_h=5,present,present,6.0,113.0,annealing_T=75_h=5,20260523-062735,phase_detection,before_annealing,20260516-064844,20260523-062735,6.204425839672841
169,1888.72,377.2,14.2806,0.291618,20.0,52.9,2.0,annealing_T=75_h=5,present,present,6.0,113.0,annealing_T=75_h=5,20260523-062735,phase_detection,before_annealing,20260516-064844,20260523-062735,6.204425839672841
169,1888.72,377.2,21.4915,0.390335,20.0,53.4,2.5,annealing_T=75_h=5,present,present,6.0,113.0,annealing_T=75_h=5,20260523-062735,phase_detection,before_annealing,20260516-064844,20260523-062735,6.204425839672841
169,1888.72,377.2,23.8324,0.18419,20.0,53.9,3.0,annealing_T=75_h=5,present,present,6.0,113.0,annealing_T=75_h=5,20260523-062735,phase_detection,before_annealing,20260516-064844,20260523-062735,6.204425839672841
169,1888.72,377.2,49.8967,0.50955,20.0,55.9,5.0,annealing_T=75_h=5,present,present,6.0,113.0,annealing_T=75_h=5,20260523-062735,phase_detection,before_annealing,20260516-064844,20260523-062735,6.204425839672841
170,1894.69,266.95,0.0780198,0.180295,20.0,51.65,0.75,annealing_T=75_h=5,present,present,4.22,56.0,annealing_T=75_h=5,20260523-062735,phase_detection,before_annealing,20260516-064844,20260523-062735,7.508128928035207
170,1894.69,266.95,3.2833,0.106993,20.0,52.4,1.5,annealing_T=75_h=5,present,present,4.22,56.0,annealing_T=75_h=5,20260523-062735,phase_detection,before_annealing,20260516-064844,20260523-062735,7.508128928035207
170,1894.69,266.95,7.78962,0.123744,20.0,52.9,2.0,annealing_T=75_h=5,present,present,4.22,56.0,annealing_T=75_h=5,20260523-062735,phase_detection,before_annealing,20260516-064844,20260523-062735,7.508128928035207
170,1894.69,266.95,9.23436,0.0919577,20.0,53.4,2.5,annealing_T=75_h=5,present,present,4.22,56.0,annealing_T=75_h=5,20260523-062735,phase_detection,before_annealing,20260516-064844,20260523-062735,7.508128928035207
170,1894.69,266.95,13.7897,0.158439,20.0,53.9,3.0,annealing_T=75_h=5,present,present,4.22,56.0,annealing_T=75_h=5,20260523-062735,phase_detection,before_annealing,20260516-064844,20260523-062735,7.508128928035207
170,1894.69,266.95,39.7056,0.291512,20.0,55.9,5.0,annealing_T=75_h=5,present,present,4.22,56.0,annealing_T=75_h=5,20260523-062735,phase_detection,before_annealing,20260516-064844,20260523-062735,7.508128928035207
171,1892.4,926.3,9.35363,0.269825,20.0,51.65,0.75,annealing_T=75_h=5,present,present,7.4,172.0,annealing_T=75_h=5,20260523-062735,phase_detection,annealing_T=75_h=25,20260602-133829,20260523-062735,6.865282222894843
171,1892.4,926.3,28.0486,0.341373,20.0,52.4,1.5,annealing_T=75_h=5,present,present,7.4,172.0,annealing_T=75_h=5,20260523-062735,phase_detection,annealing_T=75_h=25,20260602-133829,20260523-062735,6.865282222894843
171,1892.4,926.3,44.9792,0.211782,20.0,52.9,2.0,annealing_T=75_h=5,present,present,7.4,172.0,annealing_T=75_h=5,20260523-062735,phase_detection,annealing_T=75_h=25,20260602-133829,20260523-062735,6.865282222894843
171,1892.4,926.3,73.1401,0.350649,20.0,53.4,2.5,annealing_T=75_h=5,present,present,7.4,172.0,annealing_T=75_h=5,20260523-062735,phase_detection,annealing_T=75_h=25,20260602-133829,20260523-062735,6.865282222894843
171,1892.4,926.3,106.008,0.400646,20.0,53.9,3.0,annealing_T=75_h=5,present,present,7.4,172.0,annealing_T=75_h=5,20260523-062735,phase_detection,annealing_T=75_h=25,20260602-133829,20260523-062735,6.865282222894843
171,1892.4,926.3,284.237,0.657755,20.0,55.9,5.0,annealing_T=75_h=5,present,present,7.4,172.0,annealing_T=75_h=5,20260523-062735,phase_detection,annealing_T=75_h=25,20260602-133829,20260523-062735,6.865282222894843
172,1896.08,1067.22,15.4001,0.509533,20.0,51.65,0.75,annealing_T=75_h=5,present,present,10.31,334.0,annealing_T=75_h=5,20260523-062735,phase_detection,annealing_T=150_h=5,20260912-010115,20260523-062735,7.2673585297548104
172,1896.08,1067.22,45.8262,0.500843,20.0,52.4,1.5,annealing_T=75_h=5,present,present,10.31,334.0,annealing_T=75_h=5,20260523-062735,phase_detection,annealing_T=150_h=5,20260912-010115,20260523-062735,7.2673585297548104
172,1896.08,1067.22,67.4492,0.606895,20.0,52.9,2.0,annealing_T=75_h=5,present,present,10.31,334.0,annealing_T=75_h=5,20260523-062735,phase_detection,annealing_T=150_h=5,20260912-010115,20260523-062735,7.2673585297548104
172,1896.08,1067.22,98.9002,0.653911,20.0,53.4,2.5,annealing_T=75_h=5,present,present,10.31,334.0,annealing_T=75_h=5,20260523-062735,phase_detection,annealing_T=150_h=5,20260912-010115,20260523-062735,7.2673585297548104
172,1896.08,1067.22,241.007,2.08033,20.0,53.9,3.0,annealing_T=75_h=5,present,present,10.31,334.0,annealing_T=75_h=5,20260523-062735,phase_detection,annealing_T=150_h=5,20260912-010115,20260523-062735,7.2673585297548104
172,1896.08,1067.22,1037.24,1.84791,20.0,55.9,5.0,annealing_T=75_h=5,present,present,10.31,334.0,annealing_T=75_h=5,20260523-062735,phase_detection,annealing_T=150_h=5,20260912-010115,20260523-062735,7.2673585297548104
173,1914.06,649.84,9.72914,0.22042,20.0,51.65,0.75,annealing_T=75_h=5,present,present,6.77,144.0,annealing_T=75_h=5,20260523-062735,phase_detection,annealing_T=75_h=25,20260602-133829,20260523-062735,6.6614713089527795
173,1914.06,649.84,34.8039,0.300173,20.0,52.4,1.5,annealing_T=75_h=5,present,present,6.77,144.0,annealing_T=75_h=5,20260523-062735,phase_detection,annealing_T=75_h=25,20260602-133829,20260523-062735,6.6614713089527795
173,1914.06,649.84,53.6305,0.243227,20.0,52.9,2.0,annealing_T=75_h=5,present,present,6.77,144.0,annealing_T=75_h=5,20260523-062735,phase_detection,annealing_T=75_h=25,20260602-133829,20260523-062735,6.6614713089527795
173,1914.06,649.84,73.6529,0.242448,20.0,53.4,2.5,annealing_T=75_h=5,present,present,6.77,144.0,annealing_T=75_h=5,20260523-062735,phase_detection,annealing_T=75_h=25,20260602-133829,20260523-062735,6.6614713089527795
173,1914.06,649.84,94.1487,0.297329,20.0,53.9,3.0,annealing_T=75_h=5,present,present,6.77,144.0,annealing_T=75_h=5,20260523-062735,phase_detection,annealing_T=75_h=25,20260602-133829,20260523-062735,6.6614713089527795
173,1914.06,649.84,182.446,0.580413,20.0,55.9,5.0,annealing_T=75_h=5,present,present,6.77,144.0,annealing_T=75_h=5,20260523-062735,phase_detection,annealing_T=75_h=25,20260602-133829,20260523-062735,6.6614713089527795
174,1916.87,332.96,0.647721,0.081838,20.0,51.65,0.75,annealing_T=75_h=5,absent,disappeared,3.14,31.0,before_annealing,20260516-064844,previous_detection,before_annealing,20260516-064844,20260523-062735,0.0
174,1916.87,332.96,-0.450396,0.0665867,20.0,52.4,1.5,annealing_T=75_h=5,absent,disappeared,3.14,31.0,before_annealing,20260516-064844,previous_detection,before_annealing,20260516-064844,20260523-062735,0.0
174,1916.87,332.96,1.11999,0.0639152,20.0,52.9,2.0,annealing_T=75_h=5,absent,disappeared,3.14,31.0,before_annealing,20260516-064844,previous_detection,before_annealing,20260516-064844,20260523-062735,0.0
174,1916.87,332.96,2.72878,0.0926509,20.0,53.4,2.5,annealing_T=75_h=5,absent,disappeared,3.14,31.0,before_annealing,20260516-064844,previous_detection,before_annealing,20260516-064844,20260523-062735,0.0
174,1916.87,332.96,2.5315,0.158561,20.0,53.9,3.0,annealing_T=75_h=5,absent,disappeared,3.14,31.0,before_annealing,20260516-064844,previous_detection,before_annealing,20260516-064844,20260523-062735,0.0
174,1916.87,332.96,4.43017,0.141826,20.0,55.9,5.0,annealing_T=75_h=5,absent,disappeared,3.14,31.0,before_annealing,20260516-064844,previous_detection,before_annealing,20260516-064844,20260523-062735,0.0
175,90.16,810.93,0.636895,0.145477,20.0,51.65,0.75,annealing_T=75_h=5,present,appeared,3.19,32.0,annealing_T=75_h=5,20260523-062735,phase_detection,annealing_T=75_h=5,20260523-062735,20260523-062735,
175,90.16,810.93,2.16132,0.273686,20.0,52.4,1.5,annealing_T=75_h=5,present,appeared,3.19,32.0,annealing_T=75_h=5,20260523-062735,phase_detection,annealing_T=75_h=5,20260523-062735,20260523-062735,
175,90.16,810.93,4.38874,0.162886,20.0,52.9,2.0,annealing_T=75_h=5,present,appeared,3.19,32.0,annealing_T=75_h=5,20260523-062735,phase_detection,annealing_T=75_h=5,20260523-062735,20260523-062735,
175,90.16,810.93,5.50219,0.255525,20.0,53.4,2.5,annealing_T=75_h=5,present,appeared,3.19,32.0,annealing_T=75_h=5,20260523-062735,phase_detection,annealing_T=75_h=5,20260523-062735,20260523-062735,
175,90.16,810.93,8.63774,0.233961,20.0,53.9,3.0,annealing_T=75_h=5,present,appeared,3.19,32.0,annealing_T=75_h=5,20260523-062735,phase_detection,annealing_T=75_h=5,20260523-062735,20260523-062735,
175,90.16,810.93,13.3081,0.257594,20.0,55.9,5.0,annealing_T=75_h=5,present,appeared,3.19,32.0,annealing_T=75_h=5,20260523-062735,phase_detection,annealing_T=75_h=5,20260523-062735,20260523-062735,
176,149.97,225.86,5.5713,0.411709,20.0,51.65,0.75,annealing_T=75_h=5,present,appeared,7.51,177.0,annealing_T=75_h=5,20260523-062735,phase_detection,annealing_T=75_h=5,20260523-062735,20260523-062735,
176,149.97,225.86,24.8869,0.612181,20.0,52.4,1.5,annealing_T=75_h=5,present,appeared,7.51,177.0,annealing_T=75_h=5,20260523-062735,phase_detection,annealing_T=75_h=5,20260523-062735,20260523-062735,
176,149.97,225.86,50.9806,0.748747,20.0,52.9,2.0,annealing_T=75_h=5,present,appeared,7.51,177.0,annealing_T=75_h=5,20260523-062735,phase_detection,annealing_T=75_h=5,20260523-062735,20260523-062735,
176,149.97,225.86,73.7851,0.910904,20.0,53.4,2.5,annealing_T=75_h=5,present,appeared,7.51,177.0,annealing_T=75_h=5,20260523-062735,phase_detection,annealing_T=75_h=5,20260523-062735,20260523-062735,
176,149.97,225.86,104.223,0.945431,20.0,53.9,3.0,annealing_T=75_h=5,present,appeared,7.51,177.0,annealing_T=75_h=5,20260523-062735,phase_detection,annealing_T=75_h=5,20260523-062735,20260523-062735,
176,149.97,225.86,335.278,1.24121,20.0,55.9,5.0,annealing_T=75_h=5,present,appeared,7.51,177.0,annealing_T=75_h=5,20260523-062735,phase_detection,annealing_T=75_h=5,20260523-062735,20260523-062735,
177,203.07,1.71,0.24583,0.211237,20.0,51.65,0.75,annealing_T=75_h=5,present,appeared,3.74,44.0,annealing_T=75_h=5,20260523-062735,phase_detection,annealing_T=75_h=5,20260523-062735,20260523-062735,
177,203.07,1.71,2.74097,0.110501,20.0,52.4,1.5,annealing_T=75_h=5,present,appeared,3.74,44.0,annealing_T=75_h=5,20260523-062735,phase_detection,annealing_T=75_h=5,20260523-062735,20260523-062735,
177,203.07,1.71,6.41326,0.26976,20.0,52.9,2.0,annealing_T=75_h=5,present,appeared,3.74,44.0,annealing_T=75_h=5,20260523-062735,phase_detection,annealing_T=75_h=5,20260523-062735,20260523-062735,
177,203.07,1.71,10.3064,0.304588,20.0,53.4,2.5,annealing_T=75_h=5,present,appeared,3.74,44.0,annealing_T=75_h=5,20260523-062735,phase_detection,annealing_T=75_h=5,20260523-062735,20260523-062735,
177,203.07,1.71,13.0743,0.342518,20.0,53.9,3.0,annealing_T=75_h=5,present,appeared,3.74,44.0,annealing_T=75_h=5,20260523-062735,phase_detection,annealing_T=75_h=5,20260523-062735,20260523-062735,
177,203.07,1.71,21.5901,0.397872,20.0,55.9,5.0,annealing_T=75_h=5,present,appeared,3.74,44.0,annealing_T=75_h=5,20260523-062735,phase_detection,annealing_T=75_h=5,20260523-062735,20260523-062735,
178,355.11,818.2,4.28183,0.508462,20.0,51.65,0.75,annealing_T=75_h=5,present,appeared,10.97,378.0,annealing_T=75_h=5,20260523-062735,phase_detection,annealing_T=75_h=5,20260523-062735,20260523-062735,
178,355.11,818.2,14.2804,0.41242,20.0,52.4,1.5,annealing_T=75_h=5,present,appeared,10.97,378.0,annealing_T=75_h=5,20260523-062735,phase_detection,annealing_T=75_h=5,20260523-062735,20260523-062735,
178,355.11,818.2,43.7007,0.596959,20.0,52.9,2.0,annealing_T=75_h=5,present,appeared,10.97,378.0,annealing_T=75_h=5,20260523-062735,phase_detection,annealing_T=75_h=5,20260523-062735,20260523-062735,
178,355.11,818.2,72.3669,0.524555,20.0,53.4,2.5,annealing_T=75_h=5,present,appeared,10.97,378.0,annealing_T=75_h=5,20260523-062735,phase_detection,annealing_T=75_h=5,20260523-062735,20260523-062735,
178,355.11,818.2,133.237,0.577514,20.0,53.9,3.0,annealing_T=75_h=5,present,appeared,10.97,378.0,annealing_T=75_h=5,20260523-062735,phase_detection,annealing_T=75_h=5,20260523-062735,20260523-062735,
178,355.11,818.2,840.297,1.43125,20.0,55.9,5.0,annealing_T=75_h=5,present,appeared,10.97,378.0,annealing_T=75_h=5,20260523-062735,phase_detection,annealing_T=75_h=5,20260523-062735,20260523-062735,
179,399.82,862.94,0.512218,0.0561397,20.0,51.65,0.75,annealing_T=75_h=5,present,appeared,3.48,38.0,annealing_T=75_h=5,20260523-062735,phase_detection,annealing_T=75_h=5,20260523-062735,20260523-062735,
179,399.82,862.94,1.3584,0.070634,20.0,52.4,1.5,annealing_T=75_h=5,present,appeared,3.48,38.0,annealing_T=75_h=5,20260523-062735,phase_detection,annealing_T=75_h=5,20260523-062735,20260523-062735,
179,399.82,862.94,1.15853,0.0746951,20.0,52.9,2.0,annealing_T=75_h=5,present,appeared,3.48,38.0,annealing_T=75_h=5,20260523-062735,phase_detection,annealing_T=75_h=5,20260523-062735,20260523-062735,
179,399.82,862.94,2.67827,0.0726262,20.0,53.4,2.5,annealing_T=75_h=5,present,appeared,3.48,38.0,annealing_T=75_h=5,20260523-062735,phase_detection,annealing_T=75_h=5,20260523-062735,20260523-062735,
179,399.82,862.94,8.48667,0.0864731,20.0,53.9,3.0,annealing_T=75_h=5,present,appeared,3.48,38.0,annealing_T=75_h=5,20260523-062735,phase_detection,annealing_T=75_h=5,20260523-062735,20260523-062735,
179,399.82,862.94,34.8993,0.130787,20.0,55.9,5.0,annealing_T=75_h=5,present,appeared,3.48,38.0,annealing_T=75_h=5,20260523-062735,phase_detection,annealing_T=75_h=5,20260523-062735,20260523-062735,
180,432.81,815.74,2.44294,0.116003,20.0,51.65,0.75,annealing_T=75_h=5,present,appeared,5.61,99.0,annealing_T=75_h=5,20260523-062735,phase_detection,annealing_T=75_h=5,20260523-062735,20260523-062735,
180,432.81,815.74,1.86643,0.15612,20.0,52.4,1.5,annealing_T=75_h=5,present,appeared,5.61,99.0,annealing_T=75_h=5,20260523-062735,phase_detection,annealing_T=75_h=5,20260523-062735,20260523-062735,
180,432.81,815.74,6.65679,0.168397,20.0,52.9,2.0,annealing_T=75_h=5,present,appeared,5.61,99.0,annealing_T=75_h=5,20260523-062735,phase_detection,annealing_T=75_h=5,20260523-062735,20260523-062735,
180,432.81,815.74,9.16795,0.358463,20.0,53.4,2.5,annealing_T=75_h=5,present,appeared,5.61,99.0,annealing_T=75_h=5,20260523-062735,phase_detection,annealing_T=75_h=5,20260523-062735,20260523-062735,
180,432.81,815.74,19.4005,0.272638,20.0,53.9,3.0,annealing_T=75_h=5,present,appeared,5.61,99.0,annealing_T=75_h=5,20260523-062735,phase_detection,annealing_T=75_h=5,20260523-062735,20260523-062735,
180,432.81,815.74,145.696,0.433442,20.0,55.9,5.0,annealing_T=75_h=5,present,appeared,5.61,99.0,annealing_T=75_h=5,20260523-062735,phase_detection,annealing_T=75_h=5,20260523-062735,20260523-062735,
181,590.6,234.68,-0.58838,0.225111,20.0,51.65,0.75,annealing_T=75_h=5,present,appeared,4.22,56.0,annealing_T=75_h=5,20260523-062735,phase_detection,annealing_T=75_h=5,20260523-062735,20260523-062735,
181,590.6,234.68,4.21228,0.275537,20.0,52.4,1.5,annealing_T=75_h=5,present,appeared,4.22,56.0,annealing_T=75_h=5,20260523-062735,phase_detection,annealing_T=75_h=5,20260523-062735,20260523-062735,
181,590.6,234.68,7.74068,0.202541,20.0,52.9,2.0,annealing_T=75_h=5,present,appeared,4.22,56.0,annealing_T=75_h=5,20260523-062735,phase_detection,annealing_T=75_h=5,20260523-062735,20260523-062735,
181,590.6,234.68,9.89256,0.190951,20.0,53.4,2.5,annealing_T=75_h=5,present,appeared,4.22,56.0,annealing_T=75_h=5,20260523-062735,phase_detection,annealing_T=75_h=5,20260523-062735,20260523-062735,
181,590.6,234.68,15.2309,0.275575,20.0,53.9,3.0,annealing_T=75_h=5,present,appeared,4.22,56.0,annealing_T=75_h=5,20260523-062735,phase_detection,annealing_T=75_h=5,20260523-062735,20260523-062735,
181,590.6,234.68,43.8768,0.37252,20.0,55.9,5.0,annealing_T=75_h=5,present,appeared,4.22,56.0,annealing_T=75_h=5,20260523-062735,phase_detection,annealing_T=75_h=5,20260523-062735,20260523-062735,
182,609.72,20.19,0.927197,0.248639,20.0,51.65,0.75,annealing_T=75_h=5,present,appeared,3.99,50.0,annealing_T=75_h=5,20260523-062735,phase_detection,annealing_T=75_h=5,20260523-062735,20260523-062735,
182,609.72,20.19,3.36748,0.297444,20.0,52.4,1.5,annealing_T=75_h=5,present,appeared,3.99,50.0,annealing_T=75_h=5,20260523-062735,phase_detection,annealing_T=75_h=5,20260523-062735,20260523-062735,
182,609.72,20.19,5.52535,0.363203,20.0,52.9,2.0,annealing_T=75_h=5,present,appeared,3.99,50.0,annealing_T=75_h=5,20260523-062735,phase_detection,annealing_T=75_h=5,20260523-062735,20260523-062735,
182,609.72,20.19,7.25686,0.185178,20.0,53.4,2.5,annealing_T=75_h=5,present,appeared,3.99,50.0,annealing_T=75_h=5,20260523-062735,phase_detection,annealing_T=75_h=5,20260523-062735,20260523-062735,
182,609.72,20.19,11.0943,0.509079,20.0,53.9,3.0,annealing_T=75_h=5,present,appeared,3.99,50.0,annealing_T=75_h=5,20260523-062735,phase_detection,annealing_T=75_h=5,20260523-062735,20260523-062735,
182,609.72,20.19,20.8821,0.495295,20.0,55.9,5.0,annealing_T=75_h=5,present,appeared,3.99,50.0,annealing_T=75_h=5,20260523-062735,phase_detection,annealing_T=75_h=5,20260523-062735,20260523-062735,
183,984.19,928.63,2.93263,0.331362,20.0,51.65,0.75,annealing_T=75_h=5,present,appeared,5.81,106.0,annealing_T=75_h=5,20260523-062735,phase_detection,annealing_T=100_h=25,20260629-230214,20260523-062735,
183,984.19,928.63,6.01705,0.353751,20.0,52.4,1.5,annealing_T=75_h=5,present,appeared,5.81,106.0,annealing_T=75_h=5,20260523-062735,phase_detection,annealing_T=100_h=25,20260629-230214,20260523-062735,
183,984.19,928.63,12.1589,0.414828,20.0,52.9,2.0,annealing_T=75_h=5,present,appeared,5.81,106.0,annealing_T=75_h=5,20260523-062735,phase_detection,annealing_T=100_h=25,20260629-230214,20260523-062735,
183,984.19,928.63,16.3039,0.481568,20.0,53.4,2.5,annealing_T=75_h=5,present,appeared,5.81,106.0,annealing_T=75_h=5,20260523-062735,phase_detection,annealing_T=100_h=25,20260629-230214,20260523-062735,
183,984.19,928.63,21.7133,0.395255,20.0,53.9,3.0,annealing_T=75_h=5,present,appeared,5.81,106.0,annealing_T=75_h=5,20260523-062735,phase_detection,annealing_T=100_h=25,20260629-230214,20260523-062735,
183,984.19,928.63,61.2966,0.699614,20.0,55.9,5.0,annealing_T=75_h=5,present,appeared,5.81,106.0,annealing_T=75_h=5,20260523-062735,phase_detection,annealing_T=100_h=25,20260629-230214,20260523-062735,
184,1388.25,269.28,-0.125837,0.17715,20.0,51.65,0.75,annealing_T=75_h=5,present,appeared,3.57,40.0,annealing_T=75_h=5,20260523-062735,phase_detection,annealing_T=100_h=5,20260613-015321,20260523-062735,
184,1388.25,269.28,3.42116,0.0826866,20.0,52.4,1.5,annealing_T=75_h=5,present,appeared,3.57,40.0,annealing_T=75_h=5,20260523-062735,phase_detection,annealing_T=100_h=5,20260613-015321,20260523-062735,
184,1388.25,269.28,3.77859,0.270204,20.0,52.9,2.0,annealing_T=75_h=5,present,appeared,3.57,40.0,annealing_T=75_h=5,20260523-062735,phase_detection,annealing_T=100_h=5,20260613-015321,20260523-062735,
184,1388.25,269.28,6.09535,0.254149,20.0,53.4,2.5,annealing_T=75_h=5,present,appeared,3.57,40.0,annealing_T=75_h=5,20260523-062735,phase_detection,annealing_T=100_h=5,20260613-015321,20260523-062735,
184,1388.25,269.28,8.81934,0.225268,20.0,53.9,3.0,annealing_T=75_h=5,present,appeared,3.57,40.0,annealing_T=75_h=5,20260523-062735,phase_detection,annealing_T=100_h=5,20260613-015321,20260523-062735,
184,1388.25,269.28,17.0898,0.100579,20.0,55.9,5.0,annealing_T=75_h=5,present,appeared,3.57,40.0,annealing_T=75_h=5,20260523-062735,phase_detection,annealing_T=100_h=5,20260613-015321,20260523-062735,
185,1718.91,1059.23,1.12944,0.219515,20.0,51.65,0.75,annealing_T=75_h=5,present,appeared,3.19,32.0,annealing_T=75_h=5,20260523-062735,phase_detection,annealing_T=75_h=5,20260523-062735,20260523-062735,
185,1718.91,1059.23,2.24407,0.114075,20.0,52.4,1.5,annealing_T=75_h=5,present,appeared,3.19,32.0,annealing_T=75_h=5,20260523-062735,phase_detection,annealing_T=75_h=5,20260523-062735,20260523-062735,
185,1718.91,1059.23,2.7422,0.336815,20.0,52.9,2.0,annealing_T=75_h=5,present,appeared,3.19,32.0,annealing_T=75_h=5,20260523-062735,phase_detection,annealing_T=75_h=5,20260523-062735,20260523-062735,
185,1718.91,1059.23,5.79502,0.133822,20.0,53.4,2.5,annealing_T=75_h=5,present,appeared,3.19,32.0,annealing_T=75_h=5,20260523-062735,phase_detection,annealing_T=75_h=5,20260523-062735,20260523-062735,
185,1718.91,1059.23,7.47408,0.139444,20.0,53.9,3.0,annealing_T=75_h=5,present,appeared,3.19,32.0,annealing_T=75_h=5,20260523-062735,phase_detection,annealing_T=75_h=5,20260523-062735,20260523-062735,
185,1718.91,1059.23,20.9313,0.26919,20.0,55.9,5.0,annealing_T=75_h=5,present,appeared,3.19,32.0,annealing_T=75_h=5,20260523-062735,phase_detection,annealing_T=75_h=5,20260523-062735,20260523-062735,
186,1738.68,16.12,0.503953,0.235146,20.0,51.65,0.75,annealing_T=75_h=5,present,appeared,3.09,30.0,annealing_T=75_h=5,20260523-062735,phase_detection,annealing_T=75_h=5,20260523-062735,20260523-062735,
186,1738.68,16.12,0.626659,0.222899,20.0,52.4,1.5,annealing_T=75_h=5,present,appeared,3.09,30.0,annealing_T=75_h=5,20260523-062735,phase_detection,annealing_T=75_h=5,20260523-062735,20260523-062735,
186,1738.68,16.12,1.78112,0.125494,20.0,52.9,2.0,annealing_T=75_h=5,present,appeared,3.09,30.0,annealing_T=75_h=5,20260523-062735,phase_detection,annealing_T=75_h=5,20260523-062735,20260523-062735,
186,1738.68,16.12,3.2628,0.291279,20.0,53.4,2.5,annealing_T=75_h=5,present,appeared,3.09,30.0,annealing_T=75_h=5,20260523-062735,phase_detection,annealing_T=75_h=5,20260523-062735,20260523-062735,
186,1738.68,16.12,6.65188,0.125104,20.0,53.9,3.0,annealing_T=75_h=5,present,appeared,3.09,30.0,annealing_T=75_h=5,20260523-062735,phase_detection,annealing_T=75_h=5,20260523-062735,20260523-062735,
186,1738.68,16.12,34.9983,0.268413,20.0,55.9,5.0,annealing_T=75_h=5,present,appeared,3.09,30.0,annealing_T=75_h=5,20260523-062735,phase_detection,annealing_T=75_h=5,20260523-062735,20260523-062735,
187,1862.53,977.21,-0.430987,0.181432,20.0,51.65,0.75,annealing_T=75_h=5,present,appeared,3.48,38.0,annealing_T=75_h=5,20260523-062735,phase_detection,annealing_T=75_h=5,20260523-062735,20260523-062735,
187,1862.53,977.21,3.58391,0.31235,20.0,52.4,1.5,annealing_T=75_h=5,present,appeared,3.48,38.0,annealing_T=75_h=5,20260523-062735,phase_detection,annealing_T=75_h=5,20260523-062735,20260523-062735,
187,1862.53,977.21,4.63317,0.176148,20.0,52.9,2.0,annealing_T=75_h=5,present,appeared,3.48,38.0,annealing_T=75_h=5,20260523-062735,phase_detection,annealing_T=75_h=5,20260523-062735,20260523-062735,
187,1862.53,977.21,5.63745,0.23817,20.0,53.4,2.5,annealing_T=75_h=5,present,appeared,3.48,38.0,annealing_T=75_h=5,20260523-062735,phase_detection,annealing_T=75_h=5,20260523-062735,20260523-062735,
187,1862.53,977.21,11.9132,0.443066,20.0,53.9,3.0,annealing_T=75_h=5,present,appeared,3.48,38.0,annealing_T=75_h=5,20260523-062735,phase_detection,annealing_T=75_h=5,20260523-062735,20260523-062735,
187,1862.53,977.21,16.6033,0.41295,20.0,55.9,5.0,annealing_T=75_h=5,present,appeared,3.48,38.0,annealing_T=75_h=5,20260523-062735,phase_detection,annealing_T=75_h=5,20260523-062735,20260523-062735,
188,499.86,636.41,0.943443,0.255971,20.0,51.65,0.75,annealing_T=75_h=5,absent,not_yet_detected,3.19,32.0,annealing_T=75_h=25,20260602-133829,first_future_detection,annealing_T=125_h=5,20260725-020716,20260523-062735,
188,499.86,636.41,1.84681,0.250388,20.0,52.4,1.5,annealing_T=75_h=5,absent,not_yet_detected,3.19,32.0,annealing_T=75_h=25,20260602-133829,first_future_detection,annealing_T=125_h=5,20260725-020716,20260523-062735,
188,499.86,636.41,2.94618,0.20541,20.0,52.9,2.0,annealing_T=75_h=5,absent,not_yet_detected,3.19,32.0,annealing_T=75_h=25,20260602-133829,first_future_detection,annealing_T=125_h=5,20260725-020716,20260523-062735,
188,499.86,636.41,4.69045,0.183315,20.0,53.4,2.5,annealing_T=75_h=5,absent,not_yet_detected,3.19,32.0,annealing_T=75_h=25,20260602-133829,first_future_detection,annealing_T=125_h=5,20260725-020716,20260523-062735,
188,499.86,636.41,5.80169,0.198557,20.0,53.9,3.0,annealing_T=75_h=5,absent,not_yet_detected,3.19,32.0,annealing_T=75_h=25,20260602-133829,first_future_detection,annealing_T=125_h=5,20260725-020716,20260523-062735,
188,499.86,636.41,18.3776,0.223973,20.0,55.9,5.0,annealing_T=75_h=5,absent,not_yet_detected,3.19,32.0,annealing_T=75_h=25,20260602-133829,first_future_detection,annealing_T=125_h=5,20260725-020716,20260523-062735,
189,788.83,31.6,0.50835,0.165314,20.0,51.65,0.75,annealing_T=75_h=5,absent,not_yet_detected,4.26,57.0,annealing_T=75_h=25,20260602-133829,first_future_detection,annealing_T=125_h=5,20260725-020716,20260523-062735,
189,788.83,31.6,1.10513,0.184647,20.0,52.4,1.5,annealing_T=75_h=5,absent,not_yet_detected,4.26,57.0,annealing_T=75_h=25,20260602-133829,first_future_detection,annealing_T=125_h=5,20260725-020716,20260523-062735,
189,788.83,31.6,4.10052,0.316451,20.0,52.9,2.0,annealing_T=75_h=5,absent,not_yet_detected,4.26,57.0,annealing_T=75_h=25,20260602-133829,first_future_detection,annealing_T=125_h=5,20260725-020716,20260523-062735,
189,788.83,31.6,3.32431,0.287401,20.0,53.4,2.5,annealing_T=75_h=5,absent,not_yet_detected,4.26,57.0,annealing_T=75_h=25,20260602-133829,first_future_detection,annealing_T=125_h=5,20260725-020716,20260523-062735,
189,788.83,31.6,5.51466,0.313772,20.0,53.9,3.0,annealing_T=75_h=5,absent,not_yet_detected,4.26,57.0,annealing_T=75_h=25,20260602-133829,first_future_detection,annealing_T=125_h=5,20260725-020716,20260523-062735,
189,788.83,31.6,14.055,0.386323,20.0,55.9,5.0,annealing_T=75_h=5,absent,not_yet_detected,4.26,57.0,annealing_T=75_h=25,20260602-133829,first_future_detection,annealing_T=125_h=5,20260725-020716,20260523-062735,
190,1145.7,632.78,0.0491443,0.268747,20.0,51.65,0.75,annealing_T=75_h=5,absent,not_yet_detected,6.56,135.0,annealing_T=75_h=25,20260602-133829,first_future_detection,annealing_T=75_h=25,20260602-133829,20260523-062735,
190,1145.7,632.78,5.49641,0.482026,20.0,52.4,1.5,annealing_T=75_h=5,absent,not_yet_detected,6.56,135.0,annealing_T=75_h=25,20260602-133829,first_future_detection,annealing_T=75_h=25,20260602-133829,20260523-062735,
190,1145.7,632.78,5.67189,0.401611,20.0,52.9,2.0,annealing_T=75_h=5,absent,not_yet_detected,6.56,135.0,annealing_T=75_h=25,20260602-133829,first_future_detection,annealing_T=75_h=25,20260602-133829,20260523-062735,
190,1145.7,632.78,3.6745,0.40119,20.0,53.4,2.5,annealing_T=75_h=5,absent,not_yet_detected,6.56,135.0,annealing_T=75_h=25,20260602-133829,first_future_detection,annealing_T=75_h=25,20260602-133829,20260523-062735,
190,1145.7,632.78,6.72792,0.262643,20.0,53.9,3.0,annealing_T=75_h=5,absent,not_yet_detected,6.56,135.0,annealing_T=75_h=25,20260602-133829,first_future_detection,annealing_T=75_h=25,20260602-133829,20260523-062735,
190,1145.7,632.78,11.226,0.514598,20.0,55.9,5.0,annealing_T=75_h=5,absent,not_yet_detected,6.56,135.0,annealing_T=75_h=25,20260602-133829,first_future_detection,annealing_T=75_h=25,20260602-133829,20260523-062735,
191,1185.19,619.57,0.52193,0.073824,20.0,51.65,0.75,annealing_T=75_h=5,absent,not_yet_detected,3.24,33.0,annealing_T=75_h=25,20260602-133829,first_future_detection,annealing_T=75_h=25,20260602-133829,20260523-062735,
191,1185.19,619.57,1.1481,0.0565227,20.0,52.4,1.5,annealing_T=75_h=5,absent,not_yet_detected,3.24,33.0,annealing_T=75_h=25,20260602-133829,first_future_detection,annealing_T=75_h=25,20260602-133829,20260523-062735,
191,1185.19,619.57,4.13902,0.0764348,20.0,52.9,2.0,annealing_T=75_h=5,absent,not_yet_detected,3.24,33.0,annealing_T=75_h=25,20260602-133829,first_future_detection,annealing_T=75_h=25,20260602-133829,20260523-062735,
191,1185.19,619.57,3.78284,0.0668757,20.0,53.4,2.5,annealing_T=75_h=5,absent,not_yet_detected,3.24,33.0,annealing_T=75_h=25,20260602-133829,first_future_detection,annealing_T=75_h=25,20260602-133829,20260523-062735,
191,1185.19,619.57,5.00546,0.145264,20.0,53.9,3.0,annealing_T=75_h=5,absent,not_yet_detected,3.24,33.0,annealing_T=75_h=25,20260602-133829,first_future_detection,annealing_T=75_h=25,20260602-133829,20260523-062735,
191,1185.19,619.57,7.37043,0.113855,20.0,55.9,5.0,annealing_T=75_h=5,absent,not_yet_detected,3.24,33.0,annealing_T=75_h=25,20260602-133829,first_future_detection,annealing_T=75_h=25,20260602-133829,20260523-062735,
192,1384.96,429.18,-0.202998,0.142127,20.0,51.65,0.75,annealing_T=75_h=5,absent,not_yet_detected,5.05,80.0,annealing_T=75_h=25,20260602-133829,first_future_detection,annealing_T=75_h=25,20260602-133829,20260523-062735,
192,1384.96,429.18,0.498887,0.13289,20.0,52.4,1.5,annealing_T=75_h=5,absent,not_yet_detected,5.05,80.0,annealing_T=75_h=25,20260602-133829,first_future_detection,annealing_T=75_h=25,20260602-133829,20260523-062735,
192,1384.96,429.18,0.962178,0.135033,20.0,52.9,2.0,annealing_T=75_h=5,absent,not_yet_detected,5.05,80.0,annealing_T=75_h=25,20260602-133829,first_future_detection,annealing_T=75_h=25,20260602-133829,20260523-062735,
192,1384.96,429.18,-0.483232,0.140533,20.0,53.4,2.5,annealing_T=75_h=5,absent,not_yet_detected,5.05,80.0,annealing_T=75_h=25,20260602-133829,first_future_detection,annealing_T=75_h=25,20260602-133829,20260523-062735,
192,1384.96,429.18,0.74584,0.248856,20.0,53.9,3.0,annealing_T=75_h=5,absent,not_yet_detected,5.05,80.0,annealing_T=75_h=25,20260602-133829,first_future_detection,annealing_T=75_h=25,20260602-133829,20260523-062735,
192,1384.96,429.18,-0.710678,0.314052,20.0,55.9,5.0,annealing_T=75_h=5,absent,not_yet_detected,5.05,80.0,annealing_T=75_h=25,20260602-133829,first_future_detection,annealing_T=75_h=25,20260602-133829,20260523-062735,
193,1585.67,547.95,0.224422,0.149789,20.0,51.65,0.75,annealing_T=75_h=5,absent,not_yet_detected,3.61,41.0,annealing_T=75_h=25,20260602-133829,first_future_detection,annealing_T=75_h=25,20260602-133829,20260523-062735,
193,1585.67,547.95,1.19913,0.207001,20.0,52.4,1.5,annealing_T=75_h=5,absent,not_yet_detected,3.61,41.0,annealing_T=75_h=25,20260602-133829,first_future_detection,annealing_T=75_h=25,20260602-133829,20260523-062735,
193,1585.67,547.95,-0.274151,0.243497,20.0,52.9,2.0,annealing_T=75_h=5,absent,not_yet_detected,3.61,41.0,annealing_T=75_h=25,20260602-133829,first_future_detection,annealing_T=75_h=25,20260602-133829,20260523-062735,
193,1585.67,547.95,2.61732,0.369211,20.0,53.4,2.5,annealing_T=75_h=5,absent,not_yet_detected,3.61,41.0,annealing_T=75_h=25,20260602-133829,first_future_detection,annealing_T=75_h=25,20260602-133829,20260523-062735,
193,1585.67,547.95,2.22917,0.218843,20.0,53.9,3.0,annealing_T=75_h=5,absent,not_yet_detected,3.61,41.0,annealing_T=75_h=25,20260602-133829,first_future_detection,annealing_T=75_h=25,20260602-133829,20260523-062735,
193,1585.67,547.95,2.14384,0.30921,20.0,55.9,5.0,annealing_T=75_h=5,absent,not_yet_detected,3.61,41.0,annealing_T=75_h=25,20260602-133829,first_future_detection,annealing_T=75_h=25,20260602-133829,20260523-062735,
194,118.51,99.55,0.378771,0.272049,20.0,51.65,0.75,annealing_T=75_h=5,absent,not_yet_detected,3.29,34.0,annealing_T=100_h=5,20260613-015321,first_future_detection,annealing_T=100_h=5,20260613-015321,20260523-062735,
194,118.51,99.55,2.46926,0.190623,20.0,52.4,1.5,annealing_T=75_h=5,absent,not_yet_detected,3.29,34.0,annealing_T=100_h=5,20260613-015321,first_future_detection,annealing_T=100_h=5,20260613-015321,20260523-062735,
194,118.51,99.55,6.27595,0.287415,20.0,52.9,2.0,annealing_T=75_h=5,absent,not_yet_detected,3.29,34.0,annealing_T=100_h=5,20260613-015321,first_future_detection,annealing_T=100_h=5,20260613-015321,20260523-062735,
194,118.51,99.55,5.516,0.388252,20.0,53.4,2.5,annealing_T=75_h=5,absent,not_yet_detected,3.29,34.0,annealing_T=100_h=5,20260613-015321,first_future_detection,annealing_T=100_h=5,20260613-015321,20260523-062735,
194,118.51,99.55,5.65601,0.305116,20.0,53.9,3.0,annealing_T=75_h=5,absent,not_yet_detected,3.29,34.0,annealing_T=100_h=5,20260613-015321,first_future_detection,annealing_T=100_h=5,20260613-015321,20260523-062735,
194,118.51,99.55,9.2778,0.514299,20.0,55.9,5.0,annealing_T=75_h=5,absent,not_yet_detected,3.29,34.0,annealing_T=100_h=5,20260613-015321,first_future_detection,annealing_T=100_h=5,20260613-015321,20260523-062735,
195,374.2,937.75,-0.719816,0.225338,20.0,51.65,0.75,annealing_T=75_h=5,absent,not_yet_detected,4.15,54.0,annealing_T=100_h=5,20260613-015321,first_future_detection,annealing_T=100_h=5,20260613-015321,20260523-062735,
195,374.2,937.75,1.10763,0.0748467,20.0,52.4,1.5,annealing_T=75_h=5,absent,not_yet_detected,4.15,54.0,annealing_T=100_h=5,20260613-015321,first_future_detection,annealing_T=100_h=5,20260613-015321,20260523-062735,
195,374.2,937.75,-0.269267,0.124845,20.0,52.9,2.0,annealing_T=75_h=5,absent,not_yet_detected,4.15,54.0,annealing_T=100_h=5,20260613-015321,first_future_detection,annealing_T=100_h=5,20260613-015321,20260523-062735,
195,374.2,937.75,0.265556,0.0835609,20.0,53.4,2.5,annealing_T=75_h=5,absent,not_yet_detected,4.15,54.0,annealing_T=100_h=5,20260613-015321,first_future_detection,annealing_T=100_h=5,20260613-015321,20260523-062735,
195,374.2,937.75,0.405916,0.202579,20.0,53.9,3.0,annealing_T=75_h=5,absent,not_yet_detected,4.15,54.0,annealing_T=100_h=5,20260613-015321,first_future_detection,annealing_T=100_h=5,20260613-015321,20260523-062735,
195,374.2,937.75,3.33179,0.379117,20.0,55.9,5.0,annealing_T=75_h=5,absent,not_yet_detected,4.15,54.0,annealing_T=100_h=5,20260613-015321,first_future_detection,annealing_T=100_h=5,20260613-015321,20260523-062735,
196,1442.78,321.35,-0.369039,0.0702427,20.0,51.65,0.75,annealing_T=75_h=5,absent,not_yet_detected,4.18,55.0,annealing_T=100_h=5,20260613-015321,first_future_detection,annealing_T=100_h=5,20260613-015321,20260523-062735,
196,1442.78,321.35,3.06939,0.0726267,20.0,52.4,1.5,annealing_T=75_h=5,absent,not_yet_detected,4.18,55.0,annealing_T=100_h=5,20260613-015321,first_future_detection,annealing_T=100_h=5,20260613-015321,20260523-062735,
196,1442.78,321.35,3.1284,0.0934632,20.0,52.9,2.0,annealing_T=75_h=5,absent,not_yet_detected,4.18,55.0,annealing_T=100_h=5,20260613-015321,first_future_detection,annealing_T=100_h=5,20260613-015321,20260523-062735,
196,1442.78,321.35,4.73635,0.119942,20.0,53.4,2.5,annealing_T=75_h=5,absent,not_yet_detected,4.18,55.0,annealing_T=100_h=5,20260613-015321,first_future_detection,annealing_T=100_h=5,20260613-015321,20260523-062735,
196,1442.78,321.35,7.07569,0.12263,20.0,53.9,3.0,annealing_T=75_h=5,absent,not_yet_detected,4.18,55.0,annealing_T=100_h=5,20260613-015321,first_future_detection,annealing_T=100_h=5,20260613-015321,20260523-062735,
196,1442.78,321.35,20.1009,0.153704,20.0,55.9,5.0,annealing_T=75_h=5,absent,not_yet_detected,4.18,55.0,annealing_T=100_h=5,20260613-015321,first_future_detection,annealing_T=100_h=5,20260613-015321,20260523-062735,
197,1512.9,472.54,1.00031,0.145728,20.0,51.65,0.75,annealing_T=75_h=5,absent,not_yet_detected,4.95,77.0,annealing_T=100_h=5,20260613-015321,first_future_detection,annealing_T=100_h=5,20260613-015321,20260523-062735,
197,1512.9,472.54,5.83573,0.378677,20.0,52.4,1.5,annealing_T=75_h=5,absent,not_yet_detected,4.95,77.0,annealing_T=100_h=5,20260613-015321,first_future_detection,annealing_T=100_h=5,20260613-015321,20260523-062735,
197,1512.9,472.54,7.67637,0.405226,20.0,52.9,2.0,annealing_T=75_h=5,absent,not_yet_detected,4.95,77.0,annealing_T=100_h=5,20260613-015321,first_future_detection,annealing_T=100_h=5,20260613-015321,20260523-062735,
197,1512.9,472.54,3.44626,0.512022,20.0,53.4,2.5,annealing_T=75_h=5,absent,not_yet_detected,4.95,77.0,annealing_T=100_h=5,20260613-015321,first_future_detection,annealing_T=100_h=5,20260613-015321,20260523-062735,
197,1512.9,472.54,11.7291,0.561524,20.0,53.9,3.0,annealing_T=75_h=5,absent,not_yet_detected,4.95,77.0,annealing_T=100_h=5,20260613-015321,first_future_detection,annealing_T=100_h=5,20260613-015321,20260523-062735,
197,1512.9,472.54,24.3133,0.601532,20.0,55.9,5.0,annealing_T=75_h=5,absent,not_yet_detected,4.95,77.0,annealing_T=100_h=5,20260613-015321,first_future_detection,annealing_T=100_h=5,20260613-015321,20260523-062735,
198,230.77,250.18,-1.30006,0.207744,20.0,51.65,0.75,annealing_T=75_h=5,absent,not_yet_detected,5.14,83.0,annealing_T=100_h=25,20260629-230214,first_future_detection,annealing_T=100_h=25,20260629-230214,20260523-062735,
198,230.77,250.18,1.56797,0.0861937,20.0,52.4,1.5,annealing_T=75_h=5,absent,not_yet_detected,5.14,83.0,annealing_T=100_h=25,20260629-230214,first_future_detection,annealing_T=100_h=25,20260629-230214,20260523-062735,
198,230.77,250.18,-0.517825,0.112858,20.0,52.9,2.0,annealing_T=75_h=5,absent,not_yet_detected,5.14,83.0,annealing_T=100_h=25,20260629-230214,first_future_detection,annealing_T=100_h=25,20260629-230214,20260523-062735,
198,230.77,250.18,1.28783,0.135654,20.0,53.4,2.5,annealing_T=75_h=5,absent,not_yet_detected,5.14,83.0,annealing_T=100_h=25,20260629-230214,first_future_detection,annealing_T=100_h=25,20260629-230214,20260523-062735,
198,230.77,250.18,1.68888,0.155415,20.0,53.9,3.0,annealing_T=75_h=5,absent,not_yet_detected,5.14,83.0,annealing_T=100_h=25,20260629-230214,first_future_detection,annealing_T=100_h=25,20260629-230214,20260523-062735,
198,230.77,250.18,1.87191,0.450884,20.0,55.9,5.0,annealing_T=75_h=5,absent,not_yet_detected,5.14,83.0,annealing_T=100_h=25,20260629-230214,first_future_detection,annealing_T=100_h=25,20260629-230214,20260523-062735,
199,526.24,472.35,-0.263229,0.138054,20.0,51.65,0.75,annealing_T=75_h=5,absent,not_yet_detected,3.57,40.0,annealing_T=100_h=25,20260629-230214,first_future_detection,annealing_T=100_h=25,20260629-230214,20260523-062735,
199,526.24,472.35,2.00921,0.244997,20.0,52.4,1.5,annealing_T=75_h=5,absent,not_yet_detected,3.57,40.0,annealing_T=100_h=25,20260629-230214,first_future_detection,annealing_T=100_h=25,20260629-230214,20260523-062735,
199,526.24,472.35,4.66678,0.294665,20.0,52.9,2.0,annealing_T=75_h=5,absent,not_yet_detected,3.57,40.0,annealing_T=100_h=25,20260629-230214,first_future_detection,annealing_T=100_h=25,20260629-230214,20260523-062735,
199,526.24,472.35,2.28919,0.292002,20.0,53.4,2.5,annealing_T=75_h=5,absent,not_yet_detected,3.57,40.0,annealing_T=100_h=25,20260629-230214,first_future_detection,annealing_T=100_h=25,20260629-230214,20260523-062735,
199,526.24,472.35,5.07349,0.345124,20.0,53.9,3.0,annealing_T=75_h=5,absent,not_yet_detected,3.57,40.0,annealing_T=100_h=25,20260629-230214,first_future_detection,annealing_T=100_h=25,20260629-230214,20260523-062735,
199,526.24,472.35,16.9653,0.466773,20.0,55.9,5.0,annealing_T=75_h=5,absent,not_yet_detected,3.57,40.0,annealing_T=100_h=25,20260629-230214,first_future_detection,annealing_T=100_h=25,20260629-230214,20260523-062735,
200,550.2,291.48,1.34589,0.0812051,20.0,51.65,0.75,annealing_T=75_h=5,absent,not_yet_detected,3.14,31.0,annealing_T=100_h=25,20260629-230214,first_future_detection,annealing_T=100_h=25,20260629-230214,20260523-062735,
200,550.2,291.48,3.17602,0.114807,20.0,52.4,1.5,annealing_T=75_h=5,absent,not_yet_detected,3.14,31.0,annealing_T=100_h=25,20260629-230214,first_future_detection,annealing_T=100_h=25,20260629-230214,20260523-062735,
200,550.2,291.48,5.49322,0.198717,20.0,52.9,2.0,annealing_T=75_h=5,absent,not_yet_detected,3.14,31.0,annealing_T=100_h=25,20260629-230214,first_future_detection,annealing_T=100_h=25,20260629-230214,20260523-062735,
200,550.2,291.48,9.69682,0.162088,20.0,53.4,2.5,annealing_T=75_h=5,absent,not_yet_detected,3.14,31.0,annealing_T=100_h=25,20260629-230214,first_future_detection,annealing_T=100_h=25,20260629-230214,20260523-062735,
200,550.2,291.48,16.5011,0.307841,20.0,53.9,3.0,annealing_T=75_h=5,absent,not_yet_detected,3.14,31.0,annealing_T=100_h=25,20260629-230214,first_future_detection,annealing_T=100_h=25,20260629-230214,20260523-062735,
200,550.2,291.48,54.256,0.502281,20.0,55.9,5.0,annealing_T=75_h=5,absent,not_yet_detected,3.14,31.0,annealing_T=100_h=25,20260629-230214,first_future_detection,annealing_T=100_h=25,20260629-230214,20260523-062735,
201,1101.21,20.98,-0.120344,0.282828,20.0,51.65,0.75,annealing_T=75_h=5,absent,not_yet_detected,5.01,79.0,annealing_T=100_h=25,20260629-230214,first_future_detection,annealing_T=100_h=25,20260629-230214,20260523-062735,
201,1101.21,20.98,2.405,0.288269,20.0,52.4,1.5,annealing_T=75_h=5,absent,not_yet_detected,5.01,79.0,annealing_T=100_h=25,20260629-230214,first_future_detection,annealing_T=100_h=25,20260629-230214,20260523-062735,
201,1101.21,20.98,0.567145,0.351176,20.0,52.9,2.0,annealing_T=75_h=5,absent,not_yet_detected,5.01,79.0,annealing_T=100_h=25,20260629-230214,first_future_detection,annealing_T=100_h=25,20260629-230214,20260523-062735,
201,1101.21,20.98,-0.466473,0.276737,20.0,53.4,2.5,annealing_T=75_h=5,absent,not_yet_detected,5.01,79.0,annealing_T=100_h=25,20260629-230214,first_future_detection,annealing_T=100_h=25,20260629-230214,20260523-062735,
201,1101.21,20.98,1.95764,0.301267,20.0,53.9,3.0,annealing_T=75_h=5,absent,not_yet_detected,5.01,79.0,annealing_T=100_h=25,20260629-230214,first_future_detection,annealing_T=100_h=25,20260629-230214,20260523-062735,
201,1101.21,20.98,3.01109,0.653025,20.0,55.9,5.0,annealing_T=75_h=5,absent,not_yet_detected,5.01,79.0,annealing_T=100_h=25,20260629-230214,first_future_detection,annealing_T=100_h=25,20260629-230214,20260523-062735,
202,1236.58,531.18,0.840505,0.271628,20.0,51.65,0.75,annealing_T=75_h=5,absent,not_yet_detected,6.43,130.0,annealing_T=100_h=25,20260629-230214,first_future_detection,annealing_T=100_h=25,20260629-230214,20260523-062735,
202,1236.58,531.18,-2.02684,0.133751,20.0,52.4,1.5,annealing_T=75_h=5,absent,not_yet_detected,6.43,130.0,annealing_T=100_h=25,20260629-230214,first_future_detection,annealing_T=100_h=25,20260629-230214,20260523-062735,
202,1236.58,531.18,3.14084,0.332708,20.0,52.9,2.0,annealing_T=75_h=5,absent,not_yet_detected,6.43,130.0,annealing_T=100_h=25,20260629-230214,first_future_detection,annealing_T=100_h=25,20260629-230214,20260523-062735,
202,1236.58,531.18,1.16263,0.173475,20.0,53.4,2.5,annealing_T=75_h=5,absent,not_yet_detected,6.43,130.0,annealing_T=100_h=25,20260629-230214,first_future_detection,annealing_T=100_h=25,20260629-230214,20260523-062735,
202,1236.58,531.18,0.97739,0.359627,20.0,53.9,3.0,annealing_T=75_h=5,absent,not_yet_detected,6.43,130.0,annealing_T=100_h=25,20260629-230214,first_future_detection,annealing_T=100_h=25,20260629-230214,20260523-062735,
202,1236.58,531.18,-1.68351,0.301831,20.0,55.9,5.0,annealing_T=75_h=5,absent,not_yet_detected,6.43,130.0,annealing_T=100_h=25,20260629-230214,first_future_detection,annealing_T=100_h=25,20260629-230214,20260523-062735,
203,811.48,736.2,2.52324,0.192099,20.0,51.65,0.75,annealing_T=75_h=5,absent,not_yet_detected,5.53,96.0,annealing_T=125_h=5,20260725-020716,first_future_detection,annealing_T=125_h=5,20260725-020716,20260523-062735,
203,811.48,736.2,-0.306303,0.145041,20.0,52.4,1.5,annealing_T=75_h=5,absent,not_yet_detected,5.53,96.0,annealing_T=125_h=5,20260725-020716,first_future_detection,annealing_T=125_h=5,20260725-020716,20260523-062735,
203,811.48,736.2,3.369,0.204791,20.0,52.9,2.0,annealing_T=75_h=5,absent,not_yet_detected,5.53,96.0,annealing_T=125_h=5,20260725-020716,first_future_detection,annealing_T=125_h=5,20260725-020716,20260523-062735,
203,811.48,736.2,0.691701,0.225581,20.0,53.4,2.5,annealing_T=75_h=5,absent,not_yet_detected,5.53,96.0,annealing_T=125_h=5,20260725-020716,first_future_detection,annealing_T=125_h=5,20260725-020716,20260523-062735,
203,811.48,736.2,5.24357,0.156447,20.0,53.9,3.0,annealing_T=75_h=5,absent,not_yet_detected,5.53,96.0,annealing_T=125_h=5,20260725-020716,first_future_detection,annealing_T=125_h=5,20260725-020716,20260523-062735,
203,811.48,736.2,16.4459,0.379826,20.0,55.9,5.0,annealing_T=75_h=5,absent,not_yet_detected,5.53,96.0,annealing_T=125_h=5,20260725-020716,first_future_detection,annealing_T=125_h=5,20260725-020716,20260523-062735,
204,929.99,208.09,-1.22014,0.349862,20.0,51.65,0.75,annealing_T=75_h=5,absent,not_yet_detected,5.53,96.0,annealing_T=125_h=5,20260725-020716,first_future_detection,annealing_T=150_h=5,20260912-010115,20260523-062735,
204,929.99,208.09,0.205308,0.372524,20.0,52.4,1.5,annealing_T=75_h=5,absent,not_yet_detected,5.53,96.0,annealing_T=125_h=5,20260725-020716,first_future_detection,annealing_T=150_h=5,20260912-010115,20260523-062735,
204,929.99,208.09,3.05113,0.205696,20.0,52.9,2.0,annealing_T=75_h=5,absent,not_yet_detected,5.53,96.0,annealing_T=125_h=5,20260725-020716,first_future_detection,annealing_T=150_h=5,20260912-010115,20260523-062735,
204,929.99,208.09,0.168218,0.456136,20.0,53.4,2.5,annealing_T=75_h=5,absent,not_yet_detected,5.53,96.0,annealing_T=125_h=5,20260725-020716,first_future_detection,annealing_T=150_h=5,20260912-010115,20260523-062735,
204,929.99,208.09,-1.80814,0.473871,20.0,53.9,3.0,annealing_T=75_h=5,absent,not_yet_detected,5.53,96.0,annealing_T=125_h=5,20260725-020716,first_future_detection,annealing_T=150_h=5,20260912-010115,20260523-062735,
204,929.99,208.09,0.0534698,0.482675,20.0,55.9,5.0,annealing_T=75_h=5,absent,not_yet_detected,5.53,96.0,annealing_T=125_h=5,20260725-020716,first_future_detection,annealing_T=150_h=5,20260912-010115,20260523-062735,
205,1639.9,56.52,-1.70032,0.146077,20.0,51.65,0.75,annealing_T=75_h=5,absent,not_yet_detected,4.11,53.0,annealing_T=125_h=5,20260725-020716,first_future_detection,annealing_T=125_h=5,20260725-020716,20260523-062735,
205,1639.9,56.52,1.49653,0.122751,20.0,52.4,1.5,annealing_T=75_h=5,absent,not_yet_detected,4.11,53.0,annealing_T=125_h=5,20260725-020716,first_future_detection,annealing_T=125_h=5,20260725-020716,20260523-062735,
205,1639.9,56.52,-0.572388,0.243777,20.0,52.9,2.0,annealing_T=75_h=5,absent,not_yet_detected,4.11,53.0,annealing_T=125_h=5,20260725-020716,first_future_detection,annealing_T=125_h=5,20260725-020716,20260523-062735,
205,1639.9,56.52,2.08678,0.218147,20.0,53.4,2.5,annealing_T=75_h=5,absent,not_yet_detected,4.11,53.0,annealing_T=125_h=5,20260725-020716,first_future_detection,annealing_T=125_h=5,20260725-020716,20260523-062735,
205,1639.9,56.52,-1.02478,0.283135,20.0,53.9,3.0,annealing_T=75_h=5,absent,not_yet_detected,4.11,53.0,annealing_T=125_h=5,20260725-020716,first_future_detection,annealing_T=125_h=5,20260725-020716,20260523-062735,
205,1639.9,56.52,3.99543,0.319282,20.0,55.9,5.0,annealing_T=75_h=5,absent,not_yet_detected,4.11,53.0,annealing_T=125_h=5,20260725-020716,first_future_detection,annealing_T=125_h=5,20260725-020716,20260523-062735,
206,411.86,210.45,1.22176,0.079657,20.0,51.65,0.75,annealing_T=75_h=5,absent,not_yet_detected,4.44,62.0,annealing_T=125_h=25,20260902-011233,first_future_detection,annealing_T=125_h=25,20260902-011233,20260523-062735,
206,411.86,210.45,-0.973783,0.229434,20.0,52.4,1.5,annealing_T=75_h=5,absent,not_yet_detected,4.44,62.0,annealing_T=125_h=25,20260902-011233,first_future_detection,annealing_T=125_h=25,20260902-011233,20260523-062735,
206,411.86,210.45,-0.566043,0.244867,20.0,52.9,2.0,annealing_T=75_h=5,absent,not_yet_detected,4.44,62.0,annealing_T=125_h=25,20260902-011233,first_future_detection,annealing_T=125_h=25,20260902-011233,20260523-062735,
206,411.86,210.45,-1.60292,0.205141,20.0,53.4,2.5,annealing_T=75_h=5,absent,not_yet_detected,4.44,62.0,annealing_T=125_h=25,20260902-011233,first_future_detection,annealing_T=125_h=25,20260902-011233,20260523-062735,
206,411.86,210.45,0.406626,0.423304,20.0,53.9,3.0,annealing_T=75_h=5,absent,not_yet_detected,4.44,62.0,annealing_T=125_h=25,20260902-011233,first_future_detection,annealing_T=125_h=25,20260902-011233,20260523-062735,
206,411.86,210.45,-8.67241,0.331218,20.0,55.9,5.0,annealing_T=75_h=5,absent,not_yet_detected,4.44,62.0,annealing_T=125_h=25,20260902-011233,first_future_detection,annealing_T=125_h=25,20260902-011233,20260523-062735,
207,58.92,3.4,0.614129,0.190983,20.0,51.65,0.75,annealing_T=75_h=5,absent,not_yet_detected,4.89,75.0,annealing_T=150_h=5,20260912-010115,first_future_detection,annealing_T=150_h=5,20260912-010115,20260523-062735,
207,58.92,3.4,1.57564,0.120455,20.0,52.4,1.5,annealing_T=75_h=5,absent,not_yet_detected,4.89,75.0,annealing_T=150_h=5,20260912-010115,first_future_detection,annealing_T=150_h=5,20260912-010115,20260523-062735,
207,58.92,3.4,2.30732,0.280082,20.0,52.9,2.0,annealing_T=75_h=5,absent,not_yet_detected,4.89,75.0,annealing_T=150_h=5,20260912-010115,first_future_detection,annealing_T=150_h=5,20260912-010115,20260523-062735,
207,58.92,3.4,2.64708,0.157512,20.0,53.4,2.5,annealing_T=75_h=5,absent,not_yet_detected,4.89,75.0,annealing_T=150_h=5,20260912-010115,first_future_detection,annealing_T=150_h=5,20260912-010115,20260523-062735,
207,58.92,3.4,2.0474,0.354254,20.0,53.9,3.0,annealing_T=75_h=5,absent,not_yet_detected,4.89,75.0,annealing_T=150_h=5,20260912-010115,first_future_detection,annealing_T=150_h=5,20260912-010115,20260523-062735,
207,58.92,3.4,12.5659,0.335041,20.0,55.9,5.0,annealing_T=75_h=5,absent,not_yet_detected,4.89,75.0,annealing_T=150_h=5,20260912-010115,first_future_detection,annealing_T=150_h=5,20260912-010115,20260523-062735,
208,1589.57,173.39,0.47232,0.077032,20.0,51.65,0.75,annealing_T=75_h=5,absent,not_yet_detected,4.69,69.0,annealing_T=150_h=5,20260912-010115,first_future_detection,annealing_T=150_h=5,20260912-010115,20260523-062735,
208,1589.57,173.39,0.906161,0.143632,20.0,52.4,1.5,annealing_T=75_h=5,absent,not_yet_detected,4.69,69.0,annealing_T=150_h=5,20260912-010115,first_future_detection,annealing_T=150_h=5,20260912-010115,20260523-062735,
208,1589.57,173.39,3.44616,0.161126,20.0,52.9,2.0,annealing_T=75_h=5,absent,not_yet_detected,4.69,69.0,annealing_T=150_h=5,20260912-010115,first_future_detection,annealing_T=150_h=5,20260912-010115,20260523-062735,
208,1589.57,173.39,3.84325,0.121664,20.0,53.4,2.5,annealing_T=75_h=5,absent,not_yet_detected,4.69,69.0,annealing_T=150_h=5,20260912-010115,first_future_detection,annealing_T=150_h=5,20260912-010115,20260523-062735,
208,1589.57,173.39,3.8158,0.144372,20.0,53.9,3.0,annealing_T=75_h=5,absent,not_yet_detected,4.69,69.0,annealing_T=150_h=5,20260912-010115,first_future_detection,annealing_T=150_h=5,20260912-010115,20260523-062735,
208,1589.57,173.39,12.3414,0.17907,20.0,55.9,5.0,annealing_T=75_h=5,absent,not_yet_detected,4.69,69.0,annealing_T=150_h=5,20260912-010115,first_future_detection,annealing_T=150_h=5,20260912-010115,20260523-062735,
209,1779.68,681.34,-0.137482,0.196743,20.0,51.65,0.75,annealing_T=75_h=5,absent,not_yet_detected,3.91,48.0,annealing_T=150_h=5,20260912-010115,first_future_detection,annealing_T=150_h=5,20260912-010115,20260523-062735,
209,1779.68,681.34,-0.705548,0.167441,20.0,52.4,1.5,annealing_T=75_h=5,absent,not_yet_detected,3.91,48.0,annealing_T=150_h=5,20260912-010115,first_future_detection,annealing_T=150_h=5,20260912-010115,20260523-062735,
209,1779.68,681.34,1.30338,0.202942,20.0,52.9,2.0,annealing_T=75_h=5,absent,not_yet_detected,3.91,48.0,annealing_T=150_h=5,20260912-010115,first_future_detection,annealing_T=150_h=5,20260912-010115,20260523-062735,
209,1779.68,681.34,0.0421217,0.290404,20.0,53.4,2.5,annealing_T=75_h=5,absent,not_yet_detected,3.91,48.0,annealing_T=150_h=5,20260912-010115,first_future_detection,annealing_T=150_h=5,20260912-010115,20260523-062735,
209,1779.68,681.34,0.600774,0.136684,20.0,53.9,3.0,annealing_T=75_h=5,absent,not_yet_detected,3.91,48.0,annealing_T=150_h=5,20260912-010115,first_future_detection,annealing_T=150_h=5,20260912-010115,20260523-062735,
209,1779.68,681.34,3.97264,0.182041,20.0,55.9,5.0,annealing_T=75_h=5,absent,not_yet_detected,3.91,48.0,annealing_T=150_h=5,20260912-010115,first_future_detection,annealing_T=150_h=5,20260912-010115,20260523-062735,
210,1466.67,409.33,3.22159,0.377093,20.0,51.65,0.75,annealing_T=75_h=5,absent,not_yet_detected,8.41,222.0,annealing_T=150_h=25,20260919-004123,first_future_detection,annealing_T=150_h=25,20260919-004123,20260523-062735,
210,1466.67,409.33,5.7589,0.293215,20.0,52.4,1.5,annealing_T=75_h=5,absent,not_yet_detected,8.41,222.0,annealing_T=150_h=25,20260919-004123,first_future_detection,annealing_T=150_h=25,20260919-004123,20260523-062735,
210,1466.67,409.33,6.54053,0.512613,20.0,52.9,2.0,annealing_T=75_h=5,absent,not_yet_detected,8.41,222.0,annealing_T=150_h=25,20260919-004123,first_future_detection,annealing_T=150_h=25,20260919-004123,20260523-062735,
210,1466.67,409.33,10.6673,0.523581,20.0,53.4,2.5,annealing_T=75_h=5,absent,not_yet_detected,8.41,222.0,annealing_T=150_h=25,20260919-004123,first_future_detection,annealing_T=150_h=25,20260919-004123,20260523-062735,
210,1466.67,409.33,15.9533,0.502417,20.0,53.9,3.0,annealing_T=75_h=5,absent,not_yet_detected,8.41,222.0,annealing_T=150_h=25,20260919-004123,first_future_detection,annealing_T=150_h=25,20260919-004123,20260523-062735,
210,1466.67,409.33,38.2352,0.645794,20.0,55.9,5.0,annealing_T=75_h=5,absent,not_yet_detected,8.41,222.0,annealing_T=150_h=25,20260919-004123,first_future_detection,annealing_T=150_h=25,20260919-004123,20260523-062735,
