spot,x,y,luminosity,error,T,v,v_fin,phase,detection,status,integration_radius,integration_area,geometry_source_phase,geometry_source_run,geometry_mode,integration_radius_source_phase,integration_radius_source_run,run_number,match_distance
0,33.01,816.16,10.3453,0.42402,20.0,51.65,0.75,annealing_T=150_h=25,present,present,9.49,283.0,annealing_T=150_h=25,20260919-004123,phase_detection,before_annealing,20260516-064844,20260919-004123,5.393004728349481
0,33.01,816.16,22.5639,0.494887,20.0,52.4,1.5,annealing_T=150_h=25,present,present,9.49,283.0,annealing_T=150_h=25,20260919-004123,phase_detection,before_annealing,20260516-064844,20260919-004123,5.393004728349481
0,33.01,816.16,38.2704,0.506176,20.0,52.9,2.0,annealing_T=150_h=25,present,present,9.49,283.0,annealing_T=150_h=25,20260919-004123,phase_detection,before_annealing,20260516-064844,20260919-004123,5.393004728349481
0,33.01,816.16,48.7857,0.394041,20.0,53.4,2.5,annealing_T=150_h=25,present,present,9.49,283.0,annealing_T=150_h=25,20260919-004123,phase_detection,before_annealing,20260516-064844,20260919-004123,5.393004728349481
0,33.01,816.16,71.6322,0.604559,20.0,53.9,3.0,annealing_T=150_h=25,present,present,9.49,283.0,annealing_T=150_h=25,20260919-004123,phase_detection,before_annealing,20260516-064844,20260919-004123,5.393004728349481
0,33.01,816.16,157.683,0.737095,20.0,55.9,5.0,annealing_T=150_h=25,present,present,9.49,283.0,annealing_T=150_h=25,20260919-004123,phase_detection,before_annealing,20260516-064844,20260919-004123,5.393004728349481
1,34.79,434.66,2.94821,0.732899,20.0,51.65,0.75,annealing_T=150_h=25,present,present,11.47,413.0,annealing_T=150_h=25,20260919-004123,phase_detection,before_annealing,20260516-064844,20260919-004123,5.567988864931365
1,34.79,434.66,5.5389,0.712497,20.0,52.4,1.5,annealing_T=150_h=25,present,present,11.47,413.0,annealing_T=150_h=25,20260919-004123,phase_detection,before_annealing,20260516-064844,20260919-004123,5.567988864931365
1,34.79,434.66,14.6307,0.786642,20.0,52.9,2.0,annealing_T=150_h=25,present,present,11.47,413.0,annealing_T=150_h=25,20260919-004123,phase_detection,before_annealing,20260516-064844,20260919-004123,5.567988864931365
1,34.79,434.66,25.2936,0.76689,20.0,53.4,2.5,annealing_T=150_h=25,present,present,11.47,413.0,annealing_T=150_h=25,20260919-004123,phase_detection,before_annealing,20260516-064844,20260919-004123,5.567988864931365
1,34.79,434.66,40.1637,0.948836,20.0,53.9,3.0,annealing_T=150_h=25,present,present,11.47,413.0,annealing_T=150_h=25,20260919-004123,phase_detection,before_annealing,20260516-064844,20260919-004123,5.567988864931365
1,34.79,434.66,85.6564,1.16411,20.0,55.9,5.0,annealing_T=150_h=25,present,present,11.47,413.0,annealing_T=150_h=25,20260919-004123,phase_detection,before_annealing,20260516-064844,20260919-004123,5.567988864931365
2,37.36,1045.77,9.75808,0.425745,20.0,51.65,0.75,annealing_T=150_h=25,present,present,8.39,221.0,annealing_T=150_h=25,20260919-004123,phase_detection,before_annealing,20260516-064844,20260919-004123,6.126091739437195
2,37.36,1045.77,24.347,0.370185,20.0,52.4,1.5,annealing_T=150_h=25,present,present,8.39,221.0,annealing_T=150_h=25,20260919-004123,phase_detection,before_annealing,20260516-064844,20260919-004123,6.126091739437195
2,37.36,1045.77,31.8309,0.514594,20.0,52.9,2.0,annealing_T=150_h=25,present,present,8.39,221.0,annealing_T=150_h=25,20260919-004123,phase_detection,before_annealing,20260516-064844,20260919-004123,6.126091739437195
2,37.36,1045.77,50.6421,0.61972,20.0,53.4,2.5,annealing_T=150_h=25,present,present,8.39,221.0,annealing_T=150_h=25,20260919-004123,phase_detection,before_annealing,20260516-064844,20260919-004123,6.126091739437195
2,37.36,1045.77,65.052,0.599421,20.0,53.9,3.0,annealing_T=150_h=25,present,present,8.39,221.0,annealing_T=150_h=25,20260919-004123,phase_detection,before_annealing,20260516-064844,20260919-004123,6.126091739437195
2,37.36,1045.77,124.847,1.11953,20.0,55.9,5.0,annealing_T=150_h=25,present,present,8.39,221.0,annealing_T=150_h=25,20260919-004123,phase_detection,before_annealing,20260516-064844,20260919-004123,6.126091739437195
3,44.92,962.99,-0.689029,0.23858,20.0,51.65,0.75,annealing_T=150_h=25,absent,absent,6.18,120.0,annealing_T=75_h=5,20260523-062735,previous_detection,before_annealing,20260516-064844,20260919-004123,6.514982732133551
3,44.92,962.99,-2.85879,0.232309,20.0,52.4,1.5,annealing_T=150_h=25,absent,absent,6.18,120.0,annealing_T=75_h=5,20260523-062735,previous_detection,before_annealing,20260516-064844,20260919-004123,6.514982732133551
3,44.92,962.99,-3.33907,0.436446,20.0,52.9,2.0,annealing_T=150_h=25,absent,absent,6.18,120.0,annealing_T=75_h=5,20260523-062735,previous_detection,before_annealing,20260516-064844,20260919-004123,6.514982732133551
3,44.92,962.99,-0.470195,0.330893,20.0,53.4,2.5,annealing_T=150_h=25,absent,absent,6.18,120.0,annealing_T=75_h=5,20260523-062735,previous_detection,before_annealing,20260516-064844,20260919-004123,6.514982732133551
3,44.92,962.99,-0.27136,0.299894,20.0,53.9,3.0,annealing_T=150_h=25,absent,absent,6.18,120.0,annealing_T=75_h=5,20260523-062735,previous_detection,before_annealing,20260516-064844,20260919-004123,6.514982732133551
3,44.92,962.99,-0.830629,0.361804,20.0,55.9,5.0,annealing_T=150_h=25,absent,absent,6.18,120.0,annealing_T=75_h=5,20260523-062735,previous_detection,before_annealing,20260516-064844,20260919-004123,6.514982732133551
4,50.17,202.05,-0.247632,0.673389,20.0,51.65,0.75,annealing_T=150_h=25,present,present,11.03,382.0,annealing_T=150_h=25,20260919-004123,phase_detection,annealing_T=75_h=5,20260523-062735,20260919-004123,6.7798598805579795
4,50.17,202.05,14.0503,0.725616,20.0,52.4,1.5,annealing_T=150_h=25,present,present,11.03,382.0,annealing_T=150_h=25,20260919-004123,phase_detection,annealing_T=75_h=5,20260523-062735,20260919-004123,6.7798598805579795
4,50.17,202.05,23.8884,0.678604,20.0,52.9,2.0,annealing_T=150_h=25,present,present,11.03,382.0,annealing_T=150_h=25,20260919-004123,phase_detection,annealing_T=75_h=5,20260523-062735,20260919-004123,6.7798598805579795
4,50.17,202.05,31.5837,0.836021,20.0,53.4,2.5,annealing_T=150_h=25,present,present,11.03,382.0,annealing_T=150_h=25,20260919-004123,phase_detection,annealing_T=75_h=5,20260523-062735,20260919-004123,6.7798598805579795
4,50.17,202.05,34.99,0.875722,20.0,53.9,3.0,annealing_T=150_h=25,present,present,11.03,382.0,annealing_T=150_h=25,20260919-004123,phase_detection,annealing_T=75_h=5,20260523-062735,20260919-004123,6.7798598805579795
4,50.17,202.05,61.1844,0.980341,20.0,55.9,5.0,annealing_T=150_h=25,present,present,11.03,382.0,annealing_T=150_h=25,20260919-004123,phase_detection,annealing_T=75_h=5,20260523-062735,20260919-004123,6.7798598805579795
5,48.43,477.62,-0.270769,0.0401852,20.0,51.65,0.75,annealing_T=150_h=25,absent,absent,2.82,25.0,before_annealing,20260516-064844,previous_detection,before_annealing,20260516-064844,20260919-004123,0.0
5,48.43,477.62,0.716049,0.0699792,20.0,52.4,1.5,annealing_T=150_h=25,absent,absent,2.82,25.0,before_annealing,20260516-064844,previous_detection,before_annealing,20260516-064844,20260919-004123,0.0
5,48.43,477.62,-0.0658703,0.121029,20.0,52.9,2.0,annealing_T=150_h=25,absent,absent,2.82,25.0,before_annealing,20260516-064844,previous_detection,before_annealing,20260516-064844,20260919-004123,0.0
5,48.43,477.62,-0.201661,0.0625241,20.0,53.4,2.5,annealing_T=150_h=25,absent,absent,2.82,25.0,before_annealing,20260516-064844,previous_detection,before_annealing,20260516-064844,20260919-004123,0.0
5,48.43,477.62,-0.415073,0.0846307,20.0,53.9,3.0,annealing_T=150_h=25,absent,absent,2.82,25.0,before_annealing,20260516-064844,previous_detection,before_annealing,20260516-064844,20260919-004123,0.0
5,48.43,477.62,-0.0453418,0.0962254,20.0,55.9,5.0,annealing_T=150_h=25,absent,absent,2.82,25.0,before_annealing,20260516-064844,previous_detection,before_annealing,20260516-064844,20260919-004123,0.0
6,57.67,15.68,-0.0204324,0.499925,20.0,51.65,0.75,annealing_T=150_h=25,absent,disappeared,7.51,177.0,annealing_T=150_h=5,20260912-010115,previous_detection,before_annealing,20260516-064844,20260919-004123,2.0457028132160335
6,57.67,15.68,-0.623193,0.642688,20.0,52.4,1.5,annealing_T=150_h=25,absent,disappeared,7.51,177.0,annealing_T=150_h=5,20260912-010115,previous_detection,before_annealing,20260516-064844,20260919-004123,2.0457028132160335
6,57.67,15.68,2.03386,0.651759,20.0,52.9,2.0,annealing_T=150_h=25,absent,disappeared,7.51,177.0,annealing_T=150_h=5,20260912-010115,previous_detection,before_annealing,20260516-064844,20260919-004123,2.0457028132160335
6,57.67,15.68,3.56025,0.6887,20.0,53.4,2.5,annealing_T=150_h=25,absent,disappeared,7.51,177.0,annealing_T=150_h=5,20260912-010115,previous_detection,before_annealing,20260516-064844,20260919-004123,2.0457028132160335
6,57.67,15.68,1.82101,0.780729,20.0,53.9,3.0,annealing_T=150_h=25,absent,disappeared,7.51,177.0,annealing_T=150_h=5,20260912-010115,previous_detection,before_annealing,20260516-064844,20260919-004123,2.0457028132160335
6,57.67,15.68,11.188,0.901775,20.0,55.9,5.0,annealing_T=150_h=25,absent,disappeared,7.51,177.0,annealing_T=150_h=5,20260912-010115,previous_detection,before_annealing,20260516-064844,20260919-004123,2.0457028132160335
7,79.3,336.65,0.996508,0.539306,20.0,51.65,0.75,annealing_T=150_h=25,absent,disappeared,10.42,341.0,annealing_T=150_h=5,20260912-010115,previous_detection,annealing_T=75_h=25,20260602-133829,20260919-004123,1.5882694985423675
7,79.3,336.65,2.97936,0.588947,20.0,52.4,1.5,annealing_T=150_h=25,absent,disappeared,10.42,341.0,annealing_T=150_h=5,20260912-010115,previous_detection,annealing_T=75_h=25,20260602-133829,20260919-004123,1.5882694985423675
7,79.3,336.65,10.9206,0.855799,20.0,52.9,2.0,annealing_T=150_h=25,absent,disappeared,10.42,341.0,annealing_T=150_h=5,20260912-010115,previous_detection,annealing_T=75_h=25,20260602-133829,20260919-004123,1.5882694985423675
7,79.3,336.65,11.1391,0.804724,20.0,53.4,2.5,annealing_T=150_h=25,absent,disappeared,10.42,341.0,annealing_T=150_h=5,20260912-010115,previous_detection,annealing_T=75_h=25,20260602-133829,20260919-004123,1.5882694985423675
7,79.3,336.65,16.7943,0.744762,20.0,53.9,3.0,annealing_T=150_h=25,absent,disappeared,10.42,341.0,annealing_T=150_h=5,20260912-010115,previous_detection,annealing_T=75_h=25,20260602-133829,20260919-004123,1.5882694985423675
7,79.3,336.65,25.0705,0.83844,20.0,55.9,5.0,annealing_T=150_h=25,absent,disappeared,10.42,341.0,annealing_T=150_h=5,20260912-010115,previous_detection,annealing_T=75_h=25,20260602-133829,20260919-004123,1.5882694985423675
8,90.61,697.8,1.52194,0.547895,20.0,51.65,0.75,annealing_T=150_h=25,absent,absent,7.25,165.0,annealing_T=125_h=5,20260725-020716,previous_detection,annealing_T=75_h=5,20260523-062735,20260919-004123,6.732503249163866
8,90.61,697.8,1.68798,0.532307,20.0,52.4,1.5,annealing_T=150_h=25,absent,absent,7.25,165.0,annealing_T=125_h=5,20260725-020716,previous_detection,annealing_T=75_h=5,20260523-062735,20260919-004123,6.732503249163866
8,90.61,697.8,-0.0441998,0.60809,20.0,52.9,2.0,annealing_T=150_h=25,absent,absent,7.25,165.0,annealing_T=125_h=5,20260725-020716,previous_detection,annealing_T=75_h=5,20260523-062735,20260919-004123,6.732503249163866
8,90.61,697.8,2.84657,0.649481,20.0,53.4,2.5,annealing_T=150_h=25,absent,absent,7.25,165.0,annealing_T=125_h=5,20260725-020716,previous_detection,annealing_T=75_h=5,20260523-062735,20260919-004123,6.732503249163866
8,90.61,697.8,7.37623,0.673917,20.0,53.9,3.0,annealing_T=150_h=25,absent,absent,7.25,165.0,annealing_T=125_h=5,20260725-020716,previous_detection,annealing_T=75_h=5,20260523-062735,20260919-004123,6.732503249163866
8,90.61,697.8,13.5907,0.929563,20.0,55.9,5.0,annealing_T=150_h=25,absent,absent,7.25,165.0,annealing_T=125_h=5,20260725-020716,previous_detection,annealing_T=75_h=5,20260523-062735,20260919-004123,6.732503249163866
9,99.96,268.96,1.15311,0.412344,20.0,51.65,0.75,annealing_T=150_h=25,absent,absent,9.1,260.0,annealing_T=75_h=25,20260602-133829,previous_detection,annealing_T=75_h=25,20260602-133829,20260919-004123,6.817228175732432
9,99.96,268.96,0.168905,0.428771,20.0,52.4,1.5,annealing_T=150_h=25,absent,absent,9.1,260.0,annealing_T=75_h=25,20260602-133829,previous_detection,annealing_T=75_h=25,20260602-133829,20260919-004123,6.817228175732432
9,99.96,268.96,2.10003,0.480551,20.0,52.9,2.0,annealing_T=150_h=25,absent,absent,9.1,260.0,annealing_T=75_h=25,20260602-133829,previous_detection,annealing_T=75_h=25,20260602-133829,20260919-004123,6.817228175732432
9,99.96,268.96,3.56482,0.536983,20.0,53.4,2.5,annealing_T=150_h=25,absent,absent,9.1,260.0,annealing_T=75_h=25,20260602-133829,previous_detection,annealing_T=75_h=25,20260602-133829,20260919-004123,6.817228175732432
9,99.96,268.96,10.1888,0.77031,20.0,53.9,3.0,annealing_T=150_h=25,absent,absent,9.1,260.0,annealing_T=75_h=25,20260602-133829,previous_detection,annealing_T=75_h=25,20260602-133829,20260919-004123,6.817228175732432
9,99.96,268.96,14.2949,0.816318,20.0,55.9,5.0,annealing_T=150_h=25,absent,absent,9.1,260.0,annealing_T=75_h=25,20260602-133829,previous_detection,annealing_T=75_h=25,20260602-133829,20260919-004123,6.817228175732432
10,118.51,99.55,0.298507,0.317223,20.0,51.65,0.75,annealing_T=150_h=25,absent,absent,3.29,34.0,annealing_T=100_h=5,20260613-015321,previous_detection,annealing_T=100_h=5,20260613-015321,20260919-004123,2.613752092299497
10,118.51,99.55,0.19531,0.244126,20.0,52.4,1.5,annealing_T=150_h=25,absent,absent,3.29,34.0,annealing_T=100_h=5,20260613-015321,previous_detection,annealing_T=100_h=5,20260613-015321,20260919-004123,2.613752092299497
10,118.51,99.55,0.749198,0.280571,20.0,52.9,2.0,annealing_T=150_h=25,absent,absent,3.29,34.0,annealing_T=100_h=5,20260613-015321,previous_detection,annealing_T=100_h=5,20260613-015321,20260919-004123,2.613752092299497
10,118.51,99.55,1.95584,0.249561,20.0,53.4,2.5,annealing_T=150_h=25,absent,absent,3.29,34.0,annealing_T=100_h=5,20260613-015321,previous_detection,annealing_T=100_h=5,20260613-015321,20260919-004123,2.613752092299497
10,118.51,99.55,0.704844,0.387167,20.0,53.9,3.0,annealing_T=150_h=25,absent,absent,3.29,34.0,annealing_T=100_h=5,20260613-015321,previous_detection,annealing_T=100_h=5,20260613-015321,20260919-004123,2.613752092299497
10,118.51,99.55,1.62539,0.238323,20.0,55.9,5.0,annealing_T=150_h=25,absent,absent,3.29,34.0,annealing_T=100_h=5,20260613-015321,previous_detection,annealing_T=100_h=5,20260613-015321,20260919-004123,2.613752092299497
11,117.89,1066.6,0.260853,0.456174,20.0,51.65,0.75,annealing_T=150_h=25,absent,absent,4.75,71.0,annealing_T=75_h=5,20260523-062735,previous_detection,before_annealing,20260516-064844,20260919-004123,5.854861228073741
11,117.89,1066.6,-1.0123,0.354445,20.0,52.4,1.5,annealing_T=150_h=25,absent,absent,4.75,71.0,annealing_T=75_h=5,20260523-062735,previous_detection,before_annealing,20260516-064844,20260919-004123,5.854861228073741
11,117.89,1066.6,0.270393,0.60021,20.0,52.9,2.0,annealing_T=150_h=25,absent,absent,4.75,71.0,annealing_T=75_h=5,20260523-062735,previous_detection,before_annealing,20260516-064844,20260919-004123,5.854861228073741
11,117.89,1066.6,1.26563,0.4501,20.0,53.4,2.5,annealing_T=150_h=25,absent,absent,4.75,71.0,annealing_T=75_h=5,20260523-062735,previous_detection,before_annealing,20260516-064844,20260919-004123,5.854861228073741
11,117.89,1066.6,-0.168622,0.37781,20.0,53.9,3.0,annealing_T=150_h=25,absent,absent,4.75,71.0,annealing_T=75_h=5,20260523-062735,previous_detection,before_annealing,20260516-064844,20260919-004123,5.854861228073741
11,117.89,1066.6,-1.43167,0.678945,20.0,55.9,5.0,annealing_T=150_h=25,absent,absent,4.75,71.0,annealing_T=75_h=5,20260523-062735,previous_detection,before_annealing,20260516-064844,20260919-004123,5.854861228073741
12,148.72,604.78,0.462358,0.593517,20.0,51.65,0.75,annealing_T=150_h=25,absent,absent,10.9,373.0,annealing_T=125_h=5,20260725-020716,previous_detection,annealing_T=100_h=5,20260613-015321,20260919-004123,5.84734127616992
12,148.72,604.78,3.03907,0.632376,20.0,52.4,1.5,annealing_T=150_h=25,absent,absent,10.9,373.0,annealing_T=125_h=5,20260725-020716,previous_detection,annealing_T=100_h=5,20260613-015321,20260919-004123,5.84734127616992
12,148.72,604.78,0.530423,0.795133,20.0,52.9,2.0,annealing_T=150_h=25,absent,absent,10.9,373.0,annealing_T=125_h=5,20260725-020716,previous_detection,annealing_T=100_h=5,20260613-015321,20260919-004123,5.84734127616992
12,148.72,604.78,-0.398763,0.952703,20.0,53.4,2.5,annealing_T=150_h=25,absent,absent,10.9,373.0,annealing_T=125_h=5,20260725-020716,previous_detection,annealing_T=100_h=5,20260613-015321,20260919-004123,5.84734127616992
12,148.72,604.78,1.47328,1.10534,20.0,53.9,3.0,annealing_T=150_h=25,absent,absent,10.9,373.0,annealing_T=125_h=5,20260725-020716,previous_detection,annealing_T=100_h=5,20260613-015321,20260919-004123,5.84734127616992
12,148.72,604.78,1.75114,1.33507,20.0,55.9,5.0,annealing_T=150_h=25,absent,absent,10.9,373.0,annealing_T=125_h=5,20260725-020716,previous_detection,annealing_T=100_h=5,20260613-015321,20260919-004123,5.84734127616992
13,160.71,430.6,-0.465878,0.257987,20.0,51.65,0.75,annealing_T=150_h=25,absent,absent,5.53,96.0,annealing_T=125_h=5,20260725-020716,previous_detection,annealing_T=75_h=5,20260523-062735,20260919-004123,6.4449747866069345
13,160.71,430.6,-0.303193,0.16443,20.0,52.4,1.5,annealing_T=150_h=25,absent,absent,5.53,96.0,annealing_T=125_h=5,20260725-020716,previous_detection,annealing_T=75_h=5,20260523-062735,20260919-004123,6.4449747866069345
13,160.71,430.6,1.91676,0.344663,20.0,52.9,2.0,annealing_T=150_h=25,absent,absent,5.53,96.0,annealing_T=125_h=5,20260725-020716,previous_detection,annealing_T=75_h=5,20260523-062735,20260919-004123,6.4449747866069345
13,160.71,430.6,0.649685,0.346845,20.0,53.4,2.5,annealing_T=150_h=25,absent,absent,5.53,96.0,annealing_T=125_h=5,20260725-020716,previous_detection,annealing_T=75_h=5,20260523-062735,20260919-004123,6.4449747866069345
13,160.71,430.6,3.09372,0.539385,20.0,53.9,3.0,annealing_T=150_h=25,absent,absent,5.53,96.0,annealing_T=125_h=5,20260725-020716,previous_detection,annealing_T=75_h=5,20260523-062735,20260919-004123,6.4449747866069345
13,160.71,430.6,6.87674,0.410862,20.0,55.9,5.0,annealing_T=150_h=25,absent,absent,5.53,96.0,annealing_T=125_h=5,20260725-020716,previous_detection,annealing_T=75_h=5,20260523-062735,20260919-004123,6.4449747866069345
14,194.86,134.97,10.7478,0.728236,20.0,51.65,0.75,annealing_T=150_h=25,present,present,12.28,474.0,annealing_T=150_h=25,20260919-004123,phase_detection,before_annealing,20260516-064844,20260919-004123,5.502363128692973
14,194.86,134.97,30.7493,0.883168,20.0,52.4,1.5,annealing_T=150_h=25,present,present,12.28,474.0,annealing_T=150_h=25,20260919-004123,phase_detection,before_annealing,20260516-064844,20260919-004123,5.502363128692973
14,194.86,134.97,53.1329,0.912262,20.0,52.9,2.0,annealing_T=150_h=25,present,present,12.28,474.0,annealing_T=150_h=25,20260919-004123,phase_detection,before_annealing,20260516-064844,20260919-004123,5.502363128692973
14,194.86,134.97,82.5888,1.03852,20.0,53.4,2.5,annealing_T=150_h=25,present,present,12.28,474.0,annealing_T=150_h=25,20260919-004123,phase_detection,before_annealing,20260516-064844,20260919-004123,5.502363128692973
14,194.86,134.97,109.989,1.0521,20.0,53.9,3.0,annealing_T=150_h=25,present,present,12.28,474.0,annealing_T=150_h=25,20260919-004123,phase_detection,before_annealing,20260516-064844,20260919-004123,5.502363128692973
14,194.86,134.97,301.422,1.4495,20.0,55.9,5.0,annealing_T=150_h=25,present,present,12.28,474.0,annealing_T=150_h=25,20260919-004123,phase_detection,before_annealing,20260516-064844,20260919-004123,5.502363128692973
15,196.98,569.87,-0.771849,0.33622,20.0,51.65,0.75,annealing_T=150_h=25,absent,absent,6.43,130.0,annealing_T=75_h=25,20260602-133829,previous_detection,annealing_T=75_h=25,20260602-133829,20260919-004123,6.206319360136132
15,196.98,569.87,1.37633,0.210129,20.0,52.4,1.5,annealing_T=150_h=25,absent,absent,6.43,130.0,annealing_T=75_h=25,20260602-133829,previous_detection,annealing_T=75_h=25,20260602-133829,20260919-004123,6.206319360136132
15,196.98,569.87,0.144123,0.445021,20.0,52.9,2.0,annealing_T=150_h=25,absent,absent,6.43,130.0,annealing_T=75_h=25,20260602-133829,previous_detection,annealing_T=75_h=25,20260602-133829,20260919-004123,6.206319360136132
15,196.98,569.87,0.31119,0.209049,20.0,53.4,2.5,annealing_T=150_h=25,absent,absent,6.43,130.0,annealing_T=75_h=25,20260602-133829,previous_detection,annealing_T=75_h=25,20260602-133829,20260919-004123,6.206319360136132
15,196.98,569.87,-0.160218,0.410204,20.0,53.9,3.0,annealing_T=150_h=25,absent,absent,6.43,130.0,annealing_T=75_h=25,20260602-133829,previous_detection,annealing_T=75_h=25,20260602-133829,20260919-004123,6.206319360136132
15,196.98,569.87,-5.25837,0.627058,20.0,55.9,5.0,annealing_T=150_h=25,absent,absent,6.43,130.0,annealing_T=75_h=25,20260602-133829,previous_detection,annealing_T=75_h=25,20260602-133829,20260919-004123,6.206319360136132
16,203.96,887.54,2.71308,0.404189,20.0,51.65,0.75,annealing_T=150_h=25,absent,absent,6.86,148.0,annealing_T=125_h=5,20260725-020716,previous_detection,before_annealing,20260516-064844,20260919-004123,5.310084745086451
16,203.96,887.54,-1.45128,0.266793,20.0,52.4,1.5,annealing_T=150_h=25,absent,absent,6.86,148.0,annealing_T=125_h=5,20260725-020716,previous_detection,before_annealing,20260516-064844,20260919-004123,5.310084745086451
16,203.96,887.54,-1.59929,0.575277,20.0,52.9,2.0,annealing_T=150_h=25,absent,absent,6.86,148.0,annealing_T=125_h=5,20260725-020716,previous_detection,before_annealing,20260516-064844,20260919-004123,5.310084745086451
16,203.96,887.54,-1.26955,0.430917,20.0,53.4,2.5,annealing_T=150_h=25,absent,absent,6.86,148.0,annealing_T=125_h=5,20260725-020716,previous_detection,before_annealing,20260516-064844,20260919-004123,5.310084745086451
16,203.96,887.54,-1.62494,0.526677,20.0,53.9,3.0,annealing_T=150_h=25,absent,absent,6.86,148.0,annealing_T=125_h=5,20260725-020716,previous_detection,before_annealing,20260516-064844,20260919-004123,5.310084745086451
16,203.96,887.54,-2.30836,0.502261,20.0,55.9,5.0,annealing_T=150_h=25,absent,absent,6.86,148.0,annealing_T=125_h=5,20260725-020716,previous_detection,before_annealing,20260516-064844,20260919-004123,5.310084745086451
17,205.64,810.84,-0.677293,0.195565,20.0,51.65,0.75,annealing_T=150_h=25,absent,absent,3.24,33.0,annealing_T=75_h=25,20260602-133829,previous_detection,before_annealing,20260516-064844,20260919-004123,4.870831551183046
17,205.64,810.84,0.646185,0.109822,20.0,52.4,1.5,annealing_T=150_h=25,absent,absent,3.24,33.0,annealing_T=75_h=25,20260602-133829,previous_detection,before_annealing,20260516-064844,20260919-004123,4.870831551183046
17,205.64,810.84,1.00928,0.206749,20.0,52.9,2.0,annealing_T=150_h=25,absent,absent,3.24,33.0,annealing_T=75_h=25,20260602-133829,previous_detection,before_annealing,20260516-064844,20260919-004123,4.870831551183046
17,205.64,810.84,1.47555,0.285696,20.0,53.4,2.5,annealing_T=150_h=25,absent,absent,3.24,33.0,annealing_T=75_h=25,20260602-133829,previous_detection,before_annealing,20260516-064844,20260919-004123,4.870831551183046
17,205.64,810.84,3.02471,0.0995694,20.0,53.9,3.0,annealing_T=150_h=25,absent,absent,3.24,33.0,annealing_T=75_h=25,20260602-133829,previous_detection,before_annealing,20260516-064844,20260919-004123,4.870831551183046
17,205.64,810.84,2.78652,0.28748,20.0,55.9,5.0,annealing_T=150_h=25,absent,absent,3.24,33.0,annealing_T=75_h=25,20260602-133829,previous_detection,before_annealing,20260516-064844,20260919-004123,4.870831551183046
18,220.52,309.51,1.19926,0.414887,20.0,51.65,0.75,annealing_T=150_h=25,absent,absent,8.85,246.0,annealing_T=125_h=25,20260902-011233,previous_detection,annealing_T=100_h=5,20260613-015321,20260919-004123,5.223801297905605
18,220.52,309.51,2.82216,0.377832,20.0,52.4,1.5,annealing_T=150_h=25,absent,absent,8.85,246.0,annealing_T=125_h=25,20260902-011233,previous_detection,annealing_T=100_h=5,20260613-015321,20260919-004123,5.223801297905605
18,220.52,309.51,1.22866,0.487931,20.0,52.9,2.0,annealing_T=150_h=25,absent,absent,8.85,246.0,annealing_T=125_h=25,20260902-011233,previous_detection,annealing_T=100_h=5,20260613-015321,20260919-004123,5.223801297905605
18,220.52,309.51,-1.54104,0.427278,20.0,53.4,2.5,annealing_T=150_h=25,absent,absent,8.85,246.0,annealing_T=125_h=25,20260902-011233,previous_detection,annealing_T=100_h=5,20260613-015321,20260919-004123,5.223801297905605
18,220.52,309.51,0.13608,0.423459,20.0,53.9,3.0,annealing_T=150_h=25,absent,absent,8.85,246.0,annealing_T=125_h=25,20260902-011233,previous_detection,annealing_T=100_h=5,20260613-015321,20260919-004123,5.223801297905605
18,220.52,309.51,8.83523,0.721799,20.0,55.9,5.0,annealing_T=150_h=25,absent,absent,8.85,246.0,annealing_T=125_h=25,20260902-011233,previous_detection,annealing_T=100_h=5,20260613-015321,20260919-004123,5.223801297905605
19,234.43,472.56,3.33956,0.252933,20.0,51.65,0.75,annealing_T=150_h=25,present,present,6.98,153.0,annealing_T=150_h=25,20260919-004123,phase_detection,before_annealing,20260516-064844,20260919-004123,4.3616510635308865
19,234.43,472.56,13.3532,0.434818,20.0,52.4,1.5,annealing_T=150_h=25,present,present,6.98,153.0,annealing_T=150_h=25,20260919-004123,phase_detection,before_annealing,20260516-064844,20260919-004123,4.3616510635308865
19,234.43,472.56,17.3469,0.529535,20.0,52.9,2.0,annealing_T=150_h=25,present,present,6.98,153.0,annealing_T=150_h=25,20260919-004123,phase_detection,before_annealing,20260516-064844,20260919-004123,4.3616510635308865
19,234.43,472.56,21.3617,0.225929,20.0,53.4,2.5,annealing_T=150_h=25,present,present,6.98,153.0,annealing_T=150_h=25,20260919-004123,phase_detection,before_annealing,20260516-064844,20260919-004123,4.3616510635308865
19,234.43,472.56,30.4817,0.436048,20.0,53.9,3.0,annealing_T=150_h=25,present,present,6.98,153.0,annealing_T=150_h=25,20260919-004123,phase_detection,before_annealing,20260516-064844,20260919-004123,4.3616510635308865
19,234.43,472.56,63.9751,0.543514,20.0,55.9,5.0,annealing_T=150_h=25,present,present,6.98,153.0,annealing_T=150_h=25,20260919-004123,phase_detection,before_annealing,20260516-064844,20260919-004123,4.3616510635308865
20,237.07,109.89,-1.51353,0.396072,20.0,51.65,0.75,annealing_T=150_h=25,absent,absent,6.75,143.0,annealing_T=100_h=5,20260613-015321,previous_detection,annealing_T=100_h=5,20260613-015321,20260919-004123,4.460313890299655
20,237.07,109.89,-1.42255,0.369279,20.0,52.4,1.5,annealing_T=150_h=25,absent,absent,6.75,143.0,annealing_T=100_h=5,20260613-015321,previous_detection,annealing_T=100_h=5,20260613-015321,20260919-004123,4.460313890299655
20,237.07,109.89,1.67077,0.361684,20.0,52.9,2.0,annealing_T=150_h=25,absent,absent,6.75,143.0,annealing_T=100_h=5,20260613-015321,previous_detection,annealing_T=100_h=5,20260613-015321,20260919-004123,4.460313890299655
20,237.07,109.89,5.60568,0.329234,20.0,53.4,2.5,annealing_T=150_h=25,absent,absent,6.75,143.0,annealing_T=100_h=5,20260613-015321,previous_detection,annealing_T=100_h=5,20260613-015321,20260919-004123,4.460313890299655
20,237.07,109.89,0.882155,0.401534,20.0,53.9,3.0,annealing_T=150_h=25,absent,absent,6.75,143.0,annealing_T=100_h=5,20260613-015321,previous_detection,annealing_T=100_h=5,20260613-015321,20260919-004123,4.460313890299655
20,237.07,109.89,7.66607,0.736575,20.0,55.9,5.0,annealing_T=150_h=25,absent,absent,6.75,143.0,annealing_T=100_h=5,20260613-015321,previous_detection,annealing_T=100_h=5,20260613-015321,20260919-004123,4.460313890299655
21,257.66,135.12,1.97811,0.507409,20.0,51.65,0.75,annealing_T=150_h=25,present,present,9.95,311.0,annealing_T=150_h=25,20260919-004123,phase_detection,annealing_T=75_h=5,20260523-062735,20260919-004123,4.194114924510293
21,257.66,135.12,11.3978,0.322642,20.0,52.4,1.5,annealing_T=150_h=25,present,present,9.95,311.0,annealing_T=150_h=25,20260919-004123,phase_detection,annealing_T=75_h=5,20260523-062735,20260919-004123,4.194114924510293
21,257.66,135.12,14.9124,0.709164,20.0,52.9,2.0,annealing_T=150_h=25,present,present,9.95,311.0,annealing_T=150_h=25,20260919-004123,phase_detection,annealing_T=75_h=5,20260523-062735,20260919-004123,4.194114924510293
21,257.66,135.12,26.88,0.607808,20.0,53.4,2.5,annealing_T=150_h=25,present,present,9.95,311.0,annealing_T=150_h=25,20260919-004123,phase_detection,annealing_T=75_h=5,20260523-062735,20260919-004123,4.194114924510293
21,257.66,135.12,32.7921,0.758549,20.0,53.9,3.0,annealing_T=150_h=25,present,present,9.95,311.0,annealing_T=150_h=25,20260919-004123,phase_detection,annealing_T=75_h=5,20260523-062735,20260919-004123,4.194114924510293
21,257.66,135.12,118.519,0.824826,20.0,55.9,5.0,annealing_T=150_h=25,present,present,9.95,311.0,annealing_T=150_h=25,20260919-004123,phase_detection,annealing_T=75_h=5,20260523-062735,20260919-004123,4.194114924510293
22,280.92,940.42,1.37033,0.174417,20.0,51.65,0.75,annealing_T=150_h=25,absent,absent,4.22,56.0,annealing_T=125_h=25,20260902-011233,previous_detection,annealing_T=75_h=5,20260523-062735,20260919-004123,5.620569366176354
22,280.92,940.42,2.3636,0.303132,20.0,52.4,1.5,annealing_T=150_h=25,absent,absent,4.22,56.0,annealing_T=125_h=25,20260902-011233,previous_detection,annealing_T=75_h=5,20260523-062735,20260919-004123,5.620569366176354
22,280.92,940.42,4.20341,0.328684,20.0,52.9,2.0,annealing_T=150_h=25,absent,absent,4.22,56.0,annealing_T=125_h=25,20260902-011233,previous_detection,annealing_T=75_h=5,20260523-062735,20260919-004123,5.620569366176354
22,280.92,940.42,4.32137,0.344959,20.0,53.4,2.5,annealing_T=150_h=25,absent,absent,4.22,56.0,annealing_T=125_h=25,20260902-011233,previous_detection,annealing_T=75_h=5,20260523-062735,20260919-004123,5.620569366176354
22,280.92,940.42,5.85977,0.257701,20.0,53.9,3.0,annealing_T=150_h=25,absent,absent,4.22,56.0,annealing_T=125_h=25,20260902-011233,previous_detection,annealing_T=75_h=5,20260523-062735,20260919-004123,5.620569366176354
22,280.92,940.42,11.5264,0.45966,20.0,55.9,5.0,annealing_T=150_h=25,absent,absent,4.22,56.0,annealing_T=125_h=25,20260902-011233,previous_detection,annealing_T=75_h=5,20260523-062735,20260919-004123,5.620569366176354
23,289.79,757.72,-0.471598,0.25746,20.0,51.65,0.75,annealing_T=150_h=25,absent,absent,4.18,55.0,before_annealing,20260516-064844,previous_detection,before_annealing,20260516-064844,20260919-004123,0.0
23,289.79,757.72,0.82223,0.327979,20.0,52.4,1.5,annealing_T=150_h=25,absent,absent,4.18,55.0,before_annealing,20260516-064844,previous_detection,before_annealing,20260516-064844,20260919-004123,0.0
23,289.79,757.72,0.483123,0.287345,20.0,52.9,2.0,annealing_T=150_h=25,absent,absent,4.18,55.0,before_annealing,20260516-064844,previous_detection,before_annealing,20260516-064844,20260919-004123,0.0
23,289.79,757.72,-2.52115,0.195142,20.0,53.4,2.5,annealing_T=150_h=25,absent,absent,4.18,55.0,before_annealing,20260516-064844,previous_detection,before_annealing,20260516-064844,20260919-004123,0.0
23,289.79,757.72,0.625922,0.348255,20.0,53.9,3.0,annealing_T=150_h=25,absent,absent,4.18,55.0,before_annealing,20260516-064844,previous_detection,before_annealing,20260516-064844,20260919-004123,0.0
23,289.79,757.72,-1.14237,0.316675,20.0,55.9,5.0,annealing_T=150_h=25,absent,absent,4.18,55.0,before_annealing,20260516-064844,previous_detection,before_annealing,20260516-064844,20260919-004123,0.0
24,314.39,1062.36,1.73971,0.374409,20.0,51.65,0.75,annealing_T=150_h=25,absent,disappeared,5.56,97.0,annealing_T=150_h=5,20260912-010115,previous_detection,annealing_T=100_h=5,20260613-015321,20260919-004123,2.950067795831185
24,314.39,1062.36,-0.41317,0.377218,20.0,52.4,1.5,annealing_T=150_h=25,absent,disappeared,5.56,97.0,annealing_T=150_h=5,20260912-010115,previous_detection,annealing_T=100_h=5,20260613-015321,20260919-004123,2.950067795831185
24,314.39,1062.36,-1.34509,0.484267,20.0,52.9,2.0,annealing_T=150_h=25,absent,disappeared,5.56,97.0,annealing_T=150_h=5,20260912-010115,previous_detection,annealing_T=100_h=5,20260613-015321,20260919-004123,2.950067795831185
24,314.39,1062.36,-2.97723,0.487421,20.0,53.4,2.5,annealing_T=150_h=25,absent,disappeared,5.56,97.0,annealing_T=150_h=5,20260912-010115,previous_detection,annealing_T=100_h=5,20260613-015321,20260919-004123,2.950067795831185
24,314.39,1062.36,-0.332519,0.439537,20.0,53.9,3.0,annealing_T=150_h=25,absent,disappeared,5.56,97.0,annealing_T=150_h=5,20260912-010115,previous_detection,annealing_T=100_h=5,20260613-015321,20260919-004123,2.950067795831185
24,314.39,1062.36,3.80847,0.541985,20.0,55.9,5.0,annealing_T=150_h=25,absent,disappeared,5.56,97.0,annealing_T=150_h=5,20260912-010115,previous_detection,annealing_T=100_h=5,20260613-015321,20260919-004123,2.950067795831185
25,314.65,872.52,5.25683,0.33776,20.0,51.65,0.75,annealing_T=150_h=25,present,present,7.33,169.0,annealing_T=150_h=25,20260919-004123,phase_detection,annealing_T=100_h=5,20260613-015321,20260919-004123,6.309247181716762
25,314.65,872.52,9.10996,0.447151,20.0,52.4,1.5,annealing_T=150_h=25,present,present,7.33,169.0,annealing_T=150_h=25,20260919-004123,phase_detection,annealing_T=100_h=5,20260613-015321,20260919-004123,6.309247181716762
25,314.65,872.52,12.79,0.51406,20.0,52.9,2.0,annealing_T=150_h=25,present,present,7.33,169.0,annealing_T=150_h=25,20260919-004123,phase_detection,annealing_T=100_h=5,20260613-015321,20260919-004123,6.309247181716762
25,314.65,872.52,19.719,0.352319,20.0,53.4,2.5,annealing_T=150_h=25,present,present,7.33,169.0,annealing_T=150_h=25,20260919-004123,phase_detection,annealing_T=100_h=5,20260613-015321,20260919-004123,6.309247181716762
25,314.65,872.52,24.211,0.624896,20.0,53.9,3.0,annealing_T=150_h=25,present,present,7.33,169.0,annealing_T=150_h=25,20260919-004123,phase_detection,annealing_T=100_h=5,20260613-015321,20260919-004123,6.309247181716762
25,314.65,872.52,36.2274,0.868327,20.0,55.9,5.0,annealing_T=150_h=25,present,present,7.33,169.0,annealing_T=150_h=25,20260919-004123,phase_detection,annealing_T=100_h=5,20260613-015321,20260919-004123,6.309247181716762
26,333.2,982.0,-1.39135,0.341772,20.0,51.65,0.75,annealing_T=150_h=25,absent,absent,6.33,126.0,annealing_T=100_h=5,20260613-015321,previous_detection,annealing_T=75_h=5,20260523-062735,20260919-004123,5.502045074333692
26,333.2,982.0,1.05966,0.342077,20.0,52.4,1.5,annealing_T=150_h=25,absent,absent,6.33,126.0,annealing_T=100_h=5,20260613-015321,previous_detection,annealing_T=75_h=5,20260523-062735,20260919-004123,5.502045074333692
26,333.2,982.0,0.204268,0.531926,20.0,52.9,2.0,annealing_T=150_h=25,absent,absent,6.33,126.0,annealing_T=100_h=5,20260613-015321,previous_detection,annealing_T=75_h=5,20260523-062735,20260919-004123,5.502045074333692
26,333.2,982.0,4.41748,0.553113,20.0,53.4,2.5,annealing_T=150_h=25,absent,absent,6.33,126.0,annealing_T=100_h=5,20260613-015321,previous_detection,annealing_T=75_h=5,20260523-062735,20260919-004123,5.502045074333692
26,333.2,982.0,2.93099,0.229814,20.0,53.9,3.0,annealing_T=150_h=25,absent,absent,6.33,126.0,annealing_T=100_h=5,20260613-015321,previous_detection,annealing_T=75_h=5,20260523-062735,20260919-004123,5.502045074333692
26,333.2,982.0,3.56394,0.638512,20.0,55.9,5.0,annealing_T=150_h=25,absent,absent,6.33,126.0,annealing_T=100_h=5,20260613-015321,previous_detection,annealing_T=75_h=5,20260523-062735,20260919-004123,5.502045074333692
27,340.69,144.76,2.9852,0.388897,20.0,51.65,0.75,annealing_T=150_h=25,absent,absent,7.74,188.0,annealing_T=125_h=25,20260902-011233,previous_detection,annealing_T=100_h=25,20260629-230214,20260919-004123,3.8541665765765942
27,340.69,144.76,1.22013,0.384659,20.0,52.4,1.5,annealing_T=150_h=25,absent,absent,7.74,188.0,annealing_T=125_h=25,20260902-011233,previous_detection,annealing_T=100_h=25,20260629-230214,20260919-004123,3.8541665765765942
27,340.69,144.76,-0.977458,0.314987,20.0,52.9,2.0,annealing_T=150_h=25,absent,absent,7.74,188.0,annealing_T=125_h=25,20260902-011233,previous_detection,annealing_T=100_h=25,20260629-230214,20260919-004123,3.8541665765765942
27,340.69,144.76,6.88013,0.393561,20.0,53.4,2.5,annealing_T=150_h=25,absent,absent,7.74,188.0,annealing_T=125_h=25,20260902-011233,previous_detection,annealing_T=100_h=25,20260629-230214,20260919-004123,3.8541665765765942
27,340.69,144.76,3.99594,0.43424,20.0,53.9,3.0,annealing_T=150_h=25,absent,absent,7.74,188.0,annealing_T=125_h=25,20260902-011233,previous_detection,annealing_T=100_h=25,20260629-230214,20260919-004123,3.8541665765765942
27,340.69,144.76,6.63193,0.70804,20.0,55.9,5.0,annealing_T=150_h=25,absent,absent,7.74,188.0,annealing_T=125_h=25,20260902-011233,previous_detection,annealing_T=100_h=25,20260629-230214,20260919-004123,3.8541665765765942
28,348.42,390.07,-1.92098,0.557107,20.0,51.65,0.75,annealing_T=150_h=25,absent,disappeared,7.67,185.0,annealing_T=150_h=5,20260912-010115,previous_detection,annealing_T=75_h=5,20260523-062735,20260919-004123,1.9154111830100742
28,348.42,390.07,7.8115,0.483222,20.0,52.4,1.5,annealing_T=150_h=25,absent,disappeared,7.67,185.0,annealing_T=150_h=5,20260912-010115,previous_detection,annealing_T=75_h=5,20260523-062735,20260919-004123,1.9154111830100742
28,348.42,390.07,8.61862,0.699929,20.0,52.9,2.0,annealing_T=150_h=25,absent,disappeared,7.67,185.0,annealing_T=150_h=5,20260912-010115,previous_detection,annealing_T=75_h=5,20260523-062735,20260919-004123,1.9154111830100742
28,348.42,390.07,11.564,0.548828,20.0,53.4,2.5,annealing_T=150_h=25,absent,disappeared,7.67,185.0,annealing_T=150_h=5,20260912-010115,previous_detection,annealing_T=75_h=5,20260523-062735,20260919-004123,1.9154111830100742
28,348.42,390.07,12.1817,0.560659,20.0,53.9,3.0,annealing_T=150_h=25,absent,disappeared,7.67,185.0,annealing_T=150_h=5,20260912-010115,previous_detection,annealing_T=75_h=5,20260523-062735,20260919-004123,1.9154111830100742
28,348.42,390.07,34.2627,0.872096,20.0,55.9,5.0,annealing_T=150_h=25,absent,disappeared,7.67,185.0,annealing_T=150_h=5,20260912-010115,previous_detection,annealing_T=75_h=5,20260523-062735,20260919-004123,1.9154111830100742
29,348.03,549.92,-1.6739,0.974075,20.0,51.65,0.75,annealing_T=150_h=25,present,present,17.34,945.0,annealing_T=150_h=25,20260919-004123,phase_detection,before_annealing,20260516-064844,20260919-004123,4.120449004659597
29,348.03,549.92,15.5597,1.03053,20.0,52.4,1.5,annealing_T=150_h=25,present,present,17.34,945.0,annealing_T=150_h=25,20260919-004123,phase_detection,before_annealing,20260516-064844,20260919-004123,4.120449004659597
29,348.03,549.92,25.5784,1.11548,20.0,52.9,2.0,annealing_T=150_h=25,present,present,17.34,945.0,annealing_T=150_h=25,20260919-004123,phase_detection,before_annealing,20260516-064844,20260919-004123,4.120449004659597
29,348.03,549.92,35.4171,1.1906,20.0,53.4,2.5,annealing_T=150_h=25,present,present,17.34,945.0,annealing_T=150_h=25,20260919-004123,phase_detection,before_annealing,20260516-064844,20260919-004123,4.120449004659597
29,348.03,549.92,48.0663,1.5309,20.0,53.9,3.0,annealing_T=150_h=25,present,present,17.34,945.0,annealing_T=150_h=25,20260919-004123,phase_detection,before_annealing,20260516-064844,20260919-004123,4.120449004659597
29,348.03,549.92,101.24,1.73897,20.0,55.9,5.0,annealing_T=150_h=25,present,present,17.34,945.0,annealing_T=150_h=25,20260919-004123,phase_detection,before_annealing,20260516-064844,20260919-004123,4.120449004659597
30,351.31,705.69,-0.685218,0.379951,20.0,51.65,0.75,annealing_T=150_h=25,absent,absent,7.67,185.0,annealing_T=75_h=25,20260602-133829,previous_detection,before_annealing,20260516-064844,20260919-004123,4.549901097826113
30,351.31,705.69,1.55966,0.385838,20.0,52.4,1.5,annealing_T=150_h=25,absent,absent,7.67,185.0,annealing_T=75_h=25,20260602-133829,previous_detection,before_annealing,20260516-064844,20260919-004123,4.549901097826113
30,351.31,705.69,0.99364,0.44745,20.0,52.9,2.0,annealing_T=150_h=25,absent,absent,7.67,185.0,annealing_T=75_h=25,20260602-133829,previous_detection,before_annealing,20260516-064844,20260919-004123,4.549901097826113
30,351.31,705.69,-1.66477,0.612899,20.0,53.4,2.5,annealing_T=150_h=25,absent,absent,7.67,185.0,annealing_T=75_h=25,20260602-133829,previous_detection,before_annealing,20260516-064844,20260919-004123,4.549901097826113
30,351.31,705.69,0.527205,0.520116,20.0,53.9,3.0,annealing_T=150_h=25,absent,absent,7.67,185.0,annealing_T=75_h=25,20260602-133829,previous_detection,before_annealing,20260516-064844,20260919-004123,4.549901097826113
30,351.31,705.69,3.79319,0.677103,20.0,55.9,5.0,annealing_T=150_h=25,absent,absent,7.67,185.0,annealing_T=75_h=25,20260602-133829,previous_detection,before_annealing,20260516-064844,20260919-004123,4.549901097826113
31,373.61,1003.46,5.8472,0.353945,20.0,51.65,0.75,annealing_T=150_h=25,present,present,6.91,150.0,annealing_T=150_h=25,20260919-004123,phase_detection,before_annealing,20260516-064844,20260919-004123,4.220639761931841
31,373.61,1003.46,19.5722,0.295933,20.0,52.4,1.5,annealing_T=150_h=25,present,present,6.91,150.0,annealing_T=150_h=25,20260919-004123,phase_detection,before_annealing,20260516-064844,20260919-004123,4.220639761931841
31,373.61,1003.46,28.4857,0.348068,20.0,52.9,2.0,annealing_T=150_h=25,present,present,6.91,150.0,annealing_T=150_h=25,20260919-004123,phase_detection,before_annealing,20260516-064844,20260919-004123,4.220639761931841
31,373.61,1003.46,40.1395,0.478601,20.0,53.4,2.5,annealing_T=150_h=25,present,present,6.91,150.0,annealing_T=150_h=25,20260919-004123,phase_detection,before_annealing,20260516-064844,20260919-004123,4.220639761931841
31,373.61,1003.46,47.7007,0.616438,20.0,53.9,3.0,annealing_T=150_h=25,present,present,6.91,150.0,annealing_T=150_h=25,20260919-004123,phase_detection,before_annealing,20260516-064844,20260919-004123,4.220639761931841
31,373.61,1003.46,78.4715,0.698949,20.0,55.9,5.0,annealing_T=150_h=25,present,present,6.91,150.0,annealing_T=150_h=25,20260919-004123,phase_detection,before_annealing,20260516-064844,20260919-004123,4.220639761931841
32,389.57,826.49,7.4715,1.39662,20.0,51.65,0.75,annealing_T=150_h=25,present,present,31.15,3048.0,annealing_T=150_h=25,20260919-004123,phase_detection,annealing_T=75_h=5,20260523-062735,20260919-004123,4.402192635494141
32,389.57,826.49,-6.10686,1.57067,20.0,52.4,1.5,annealing_T=150_h=25,present,present,31.15,3048.0,annealing_T=150_h=25,20260919-004123,phase_detection,annealing_T=75_h=5,20260523-062735,20260919-004123,4.402192635494141
32,389.57,826.49,15.895,1.64972,20.0,52.9,2.0,annealing_T=150_h=25,present,present,31.15,3048.0,annealing_T=150_h=25,20260919-004123,phase_detection,annealing_T=75_h=5,20260523-062735,20260919-004123,4.402192635494141
32,389.57,826.49,10.5965,1.80298,20.0,53.4,2.5,annealing_T=150_h=25,present,present,31.15,3048.0,annealing_T=150_h=25,20260919-004123,phase_detection,annealing_T=75_h=5,20260523-062735,20260919-004123,4.402192635494141
32,389.57,826.49,25.7194,1.83395,20.0,53.9,3.0,annealing_T=150_h=25,present,present,31.15,3048.0,annealing_T=150_h=25,20260919-004123,phase_detection,annealing_T=75_h=5,20260523-062735,20260919-004123,4.402192635494141
32,389.57,826.49,125.932,2.43007,20.0,55.9,5.0,annealing_T=150_h=25,present,present,31.15,3048.0,annealing_T=150_h=25,20260919-004123,phase_detection,annealing_T=75_h=5,20260523-062735,20260919-004123,4.402192635494141
33,406.87,527.16,0.66519,0.251589,20.0,51.65,0.75,annealing_T=150_h=25,absent,absent,5.92,110.0,annealing_T=125_h=25,20260902-011233,previous_detection,annealing_T=75_h=25,20260602-133829,20260919-004123,3.0233259830855883
33,406.87,527.16,3.95459,0.355051,20.0,52.4,1.5,annealing_T=150_h=25,absent,absent,5.92,110.0,annealing_T=125_h=25,20260902-011233,previous_detection,annealing_T=75_h=25,20260602-133829,20260919-004123,3.0233259830855883
33,406.87,527.16,4.5733,0.414812,20.0,52.9,2.0,annealing_T=150_h=25,absent,absent,5.92,110.0,annealing_T=125_h=25,20260902-011233,previous_detection,annealing_T=75_h=25,20260602-133829,20260919-004123,3.0233259830855883
33,406.87,527.16,8.50603,0.280094,20.0,53.4,2.5,annealing_T=150_h=25,absent,absent,5.92,110.0,annealing_T=125_h=25,20260902-011233,previous_detection,annealing_T=75_h=25,20260602-133829,20260919-004123,3.0233259830855883
33,406.87,527.16,11.9358,0.462413,20.0,53.9,3.0,annealing_T=150_h=25,absent,absent,5.92,110.0,annealing_T=125_h=25,20260902-011233,previous_detection,annealing_T=75_h=25,20260602-133829,20260919-004123,3.0233259830855883
33,406.87,527.16,29.5592,0.447745,20.0,55.9,5.0,annealing_T=150_h=25,absent,absent,5.92,110.0,annealing_T=125_h=25,20260902-011233,previous_detection,annealing_T=75_h=25,20260602-133829,20260919-004123,3.0233259830855883
34,447.67,51.75,2.98974,0.510704,20.0,51.65,0.75,annealing_T=150_h=25,absent,disappeared,9.49,283.0,annealing_T=150_h=5,20260912-010115,previous_detection,annealing_T=100_h=5,20260613-015321,20260919-004123,2.0081832585698076
34,447.67,51.75,3.24283,0.558999,20.0,52.4,1.5,annealing_T=150_h=25,absent,disappeared,9.49,283.0,annealing_T=150_h=5,20260912-010115,previous_detection,annealing_T=100_h=5,20260613-015321,20260919-004123,2.0081832585698076
34,447.67,51.75,2.32526,0.545419,20.0,52.9,2.0,annealing_T=150_h=25,absent,disappeared,9.49,283.0,annealing_T=150_h=5,20260912-010115,previous_detection,annealing_T=100_h=5,20260613-015321,20260919-004123,2.0081832585698076
34,447.67,51.75,9.87626,0.711577,20.0,53.4,2.5,annealing_T=150_h=25,absent,disappeared,9.49,283.0,annealing_T=150_h=5,20260912-010115,previous_detection,annealing_T=100_h=5,20260613-015321,20260919-004123,2.0081832585698076
34,447.67,51.75,8.63652,0.655662,20.0,53.9,3.0,annealing_T=150_h=25,absent,disappeared,9.49,283.0,annealing_T=150_h=5,20260912-010115,previous_detection,annealing_T=100_h=5,20260613-015321,20260919-004123,2.0081832585698076
34,447.67,51.75,20.6588,0.774325,20.0,55.9,5.0,annealing_T=150_h=25,absent,disappeared,9.49,283.0,annealing_T=150_h=5,20260912-010115,previous_detection,annealing_T=100_h=5,20260613-015321,20260919-004123,2.0081832585698076
35,452.12,589.16,2.16234,0.397442,20.0,51.65,0.75,annealing_T=150_h=25,absent,absent,8.88,248.0,annealing_T=125_h=25,20260902-011233,previous_detection,before_annealing,20260516-064844,20260919-004123,3.611121709386193
35,452.12,589.16,-0.611958,0.454668,20.0,52.4,1.5,annealing_T=150_h=25,absent,absent,8.88,248.0,annealing_T=125_h=25,20260902-011233,previous_detection,before_annealing,20260516-064844,20260919-004123,3.611121709386193
35,452.12,589.16,3.59507,0.425377,20.0,52.9,2.0,annealing_T=150_h=25,absent,absent,8.88,248.0,annealing_T=125_h=25,20260902-011233,previous_detection,before_annealing,20260516-064844,20260919-004123,3.611121709386193
35,452.12,589.16,3.56018,0.564861,20.0,53.4,2.5,annealing_T=150_h=25,absent,absent,8.88,248.0,annealing_T=125_h=25,20260902-011233,previous_detection,before_annealing,20260516-064844,20260919-004123,3.611121709386193
35,452.12,589.16,5.75622,0.500755,20.0,53.9,3.0,annealing_T=150_h=25,absent,absent,8.88,248.0,annealing_T=125_h=25,20260902-011233,previous_detection,before_annealing,20260516-064844,20260919-004123,3.611121709386193
35,452.12,589.16,19.1477,0.774802,20.0,55.9,5.0,annealing_T=150_h=25,absent,absent,8.88,248.0,annealing_T=125_h=25,20260902-011233,previous_detection,before_annealing,20260516-064844,20260919-004123,3.611121709386193
36,453.0,608.86,-2.7007,0.92657,20.0,51.65,0.75,annealing_T=150_h=25,present,present,19.31,1171.0,annealing_T=150_h=25,20260919-004123,phase_detection,annealing_T=75_h=25,20260602-133829,20260919-004123,3.7393582337080518
36,453.0,608.86,17.1661,1.14722,20.0,52.4,1.5,annealing_T=150_h=25,present,present,19.31,1171.0,annealing_T=150_h=25,20260919-004123,phase_detection,annealing_T=75_h=25,20260602-133829,20260919-004123,3.7393582337080518
36,453.0,608.86,26.7258,1.04813,20.0,52.9,2.0,annealing_T=150_h=25,present,present,19.31,1171.0,annealing_T=150_h=25,20260919-004123,phase_detection,annealing_T=75_h=25,20260602-133829,20260919-004123,3.7393582337080518
36,453.0,608.86,60.8195,1.31479,20.0,53.4,2.5,annealing_T=150_h=25,present,present,19.31,1171.0,annealing_T=150_h=25,20260919-004123,phase_detection,annealing_T=75_h=25,20260602-133829,20260919-004123,3.7393582337080518
36,453.0,608.86,108.188,1.20602,20.0,53.9,3.0,annealing_T=150_h=25,present,present,19.31,1171.0,annealing_T=150_h=25,20260919-004123,phase_detection,annealing_T=75_h=25,20260602-133829,20260919-004123,3.7393582337080518
36,453.0,608.86,303.29,1.66353,20.0,55.9,5.0,annealing_T=150_h=25,present,present,19.31,1171.0,annealing_T=150_h=25,20260919-004123,phase_detection,annealing_T=75_h=25,20260602-133829,20260919-004123,3.7393582337080518
37,459.2,827.16,1.6768,0.552045,20.0,51.65,0.75,annealing_T=150_h=25,absent,disappeared,11.85,441.0,annealing_T=150_h=5,20260912-010115,previous_detection,annealing_T=125_h=5,20260725-020716,20260919-004123,1.0107423014794326
37,459.2,827.16,4.77715,0.895429,20.0,52.4,1.5,annealing_T=150_h=25,absent,disappeared,11.85,441.0,annealing_T=150_h=5,20260912-010115,previous_detection,annealing_T=125_h=5,20260725-020716,20260919-004123,1.0107423014794326
37,459.2,827.16,6.40996,0.626151,20.0,52.9,2.0,annealing_T=150_h=25,absent,disappeared,11.85,441.0,annealing_T=150_h=5,20260912-010115,previous_detection,annealing_T=125_h=5,20260725-020716,20260919-004123,1.0107423014794326
37,459.2,827.16,-1.08199,0.644759,20.0,53.4,2.5,annealing_T=150_h=25,absent,disappeared,11.85,441.0,annealing_T=150_h=5,20260912-010115,previous_detection,annealing_T=125_h=5,20260725-020716,20260919-004123,1.0107423014794326
37,459.2,827.16,1.56101,0.762712,20.0,53.9,3.0,annealing_T=150_h=25,absent,disappeared,11.85,441.0,annealing_T=150_h=5,20260912-010115,previous_detection,annealing_T=125_h=5,20260725-020716,20260919-004123,1.0107423014794326
37,459.2,827.16,4.69208,0.87908,20.0,55.9,5.0,annealing_T=150_h=25,absent,disappeared,11.85,441.0,annealing_T=150_h=5,20260912-010115,previous_detection,annealing_T=125_h=5,20260725-020716,20260919-004123,1.0107423014794326
38,457.54,884.07,3.27887,0.352489,20.0,51.65,0.75,annealing_T=150_h=25,absent,absent,8.46,225.0,annealing_T=125_h=5,20260725-020716,previous_detection,annealing_T=75_h=5,20260523-062735,20260919-004123,5.12410967876363
38,457.54,884.07,2.16798,0.332617,20.0,52.4,1.5,annealing_T=150_h=25,absent,absent,8.46,225.0,annealing_T=125_h=5,20260725-020716,previous_detection,annealing_T=75_h=5,20260523-062735,20260919-004123,5.12410967876363
38,457.54,884.07,4.34172,0.463035,20.0,52.9,2.0,annealing_T=150_h=25,absent,absent,8.46,225.0,annealing_T=125_h=5,20260725-020716,previous_detection,annealing_T=75_h=5,20260523-062735,20260919-004123,5.12410967876363
38,457.54,884.07,1.61855,0.492311,20.0,53.4,2.5,annealing_T=150_h=25,absent,absent,8.46,225.0,annealing_T=125_h=5,20260725-020716,previous_detection,annealing_T=75_h=5,20260523-062735,20260919-004123,5.12410967876363
38,457.54,884.07,2.33179,0.476517,20.0,53.9,3.0,annealing_T=150_h=25,absent,absent,8.46,225.0,annealing_T=125_h=5,20260725-020716,previous_detection,annealing_T=75_h=5,20260523-062735,20260919-004123,5.12410967876363
38,457.54,884.07,6.58384,0.572139,20.0,55.9,5.0,annealing_T=150_h=25,absent,absent,8.46,225.0,annealing_T=125_h=5,20260725-020716,previous_detection,annealing_T=75_h=5,20260523-062735,20260919-004123,5.12410967876363
39,464.84,403.66,4.36543,0.436322,20.0,51.65,0.75,annealing_T=150_h=25,present,present,8.2,211.0,annealing_T=150_h=25,20260919-004123,phase_detection,annealing_T=75_h=5,20260523-062735,20260919-004123,4.455580770225137
39,464.84,403.66,9.5462,0.337198,20.0,52.4,1.5,annealing_T=150_h=25,present,present,8.2,211.0,annealing_T=150_h=25,20260919-004123,phase_detection,annealing_T=75_h=5,20260523-062735,20260919-004123,4.455580770225137
39,464.84,403.66,16.3875,0.335886,20.0,52.9,2.0,annealing_T=150_h=25,present,present,8.2,211.0,annealing_T=150_h=25,20260919-004123,phase_detection,annealing_T=75_h=5,20260523-062735,20260919-004123,4.455580770225137
39,464.84,403.66,25.7559,0.324298,20.0,53.4,2.5,annealing_T=150_h=25,present,present,8.2,211.0,annealing_T=150_h=25,20260919-004123,phase_detection,annealing_T=75_h=5,20260523-062735,20260919-004123,4.455580770225137
39,464.84,403.66,31.8649,0.620273,20.0,53.9,3.0,annealing_T=150_h=25,present,present,8.2,211.0,annealing_T=150_h=25,20260919-004123,phase_detection,annealing_T=75_h=5,20260523-062735,20260919-004123,4.455580770225137
39,464.84,403.66,55.7362,0.62015,20.0,55.9,5.0,annealing_T=150_h=25,present,present,8.2,211.0,annealing_T=150_h=25,20260919-004123,phase_detection,annealing_T=75_h=5,20260523-062735,20260919-004123,4.455580770225137
40,474.57,336.55,3.96094,0.453447,20.0,51.65,0.75,annealing_T=150_h=25,present,present,9.87,306.0,annealing_T=150_h=25,20260919-004123,phase_detection,before_annealing,20260516-064844,20260919-004123,3.814734591029855
40,474.57,336.55,9.24597,0.440977,20.0,52.4,1.5,annealing_T=150_h=25,present,present,9.87,306.0,annealing_T=150_h=25,20260919-004123,phase_detection,before_annealing,20260516-064844,20260919-004123,3.814734591029855
40,474.57,336.55,12.7273,0.555104,20.0,52.9,2.0,annealing_T=150_h=25,present,present,9.87,306.0,annealing_T=150_h=25,20260919-004123,phase_detection,before_annealing,20260516-064844,20260919-004123,3.814734591029855
40,474.57,336.55,17.1312,0.523252,20.0,53.4,2.5,annealing_T=150_h=25,present,present,9.87,306.0,annealing_T=150_h=25,20260919-004123,phase_detection,before_annealing,20260516-064844,20260919-004123,3.814734591029855
40,474.57,336.55,25.0269,0.824277,20.0,53.9,3.0,annealing_T=150_h=25,present,present,9.87,306.0,annealing_T=150_h=25,20260919-004123,phase_detection,before_annealing,20260516-064844,20260919-004123,3.814734591029855
40,474.57,336.55,48.9211,0.78811,20.0,55.9,5.0,annealing_T=150_h=25,present,present,9.87,306.0,annealing_T=150_h=25,20260919-004123,phase_detection,before_annealing,20260516-064844,20260919-004123,3.814734591029855
41,490.18,665.7,0.0271813,0.285636,20.0,51.65,0.75,annealing_T=150_h=25,absent,absent,5.26,87.0,annealing_T=100_h=25,20260629-230214,previous_detection,annealing_T=75_h=5,20260523-062735,20260919-004123,2.2786180022109916
41,490.18,665.7,0.15898,0.24319,20.0,52.4,1.5,annealing_T=150_h=25,absent,absent,5.26,87.0,annealing_T=100_h=25,20260629-230214,previous_detection,annealing_T=75_h=5,20260523-062735,20260919-004123,2.2786180022109916
41,490.18,665.7,-0.478421,0.28183,20.0,52.9,2.0,annealing_T=150_h=25,absent,absent,5.26,87.0,annealing_T=100_h=25,20260629-230214,previous_detection,annealing_T=75_h=5,20260523-062735,20260919-004123,2.2786180022109916
41,490.18,665.7,-0.346049,0.357537,20.0,53.4,2.5,annealing_T=150_h=25,absent,absent,5.26,87.0,annealing_T=100_h=25,20260629-230214,previous_detection,annealing_T=75_h=5,20260523-062735,20260919-004123,2.2786180022109916
41,490.18,665.7,-1.01106,0.279453,20.0,53.9,3.0,annealing_T=150_h=25,absent,absent,5.26,87.0,annealing_T=100_h=25,20260629-230214,previous_detection,annealing_T=75_h=5,20260523-062735,20260919-004123,2.2786180022109916
41,490.18,665.7,0.966482,0.41097,20.0,55.9,5.0,annealing_T=150_h=25,absent,absent,5.26,87.0,annealing_T=100_h=25,20260629-230214,previous_detection,annealing_T=75_h=5,20260523-062735,20260919-004123,2.2786180022109916
42,500.35,412.59,-0.558094,0.0793495,20.0,51.65,0.75,annealing_T=150_h=25,present,present,4.26,57.0,annealing_T=150_h=25,20260919-004123,phase_detection,annealing_T=75_h=25,20260602-133829,20260919-004123,3.7066561750451332
42,500.35,412.59,3.41051,0.099263,20.0,52.4,1.5,annealing_T=150_h=25,present,present,4.26,57.0,annealing_T=150_h=25,20260919-004123,phase_detection,annealing_T=75_h=25,20260602-133829,20260919-004123,3.7066561750451332
42,500.35,412.59,7.26165,0.284274,20.0,52.9,2.0,annealing_T=150_h=25,present,present,4.26,57.0,annealing_T=150_h=25,20260919-004123,phase_detection,annealing_T=75_h=25,20260602-133829,20260919-004123,3.7066561750451332
42,500.35,412.59,8.36721,0.286391,20.0,53.4,2.5,annealing_T=150_h=25,present,present,4.26,57.0,annealing_T=150_h=25,20260919-004123,phase_detection,annealing_T=75_h=25,20260602-133829,20260919-004123,3.7066561750451332
42,500.35,412.59,10.7619,0.288024,20.0,53.9,3.0,annealing_T=150_h=25,present,present,4.26,57.0,annealing_T=150_h=25,20260919-004123,phase_detection,annealing_T=75_h=25,20260602-133829,20260919-004123,3.7066561750451332
42,500.35,412.59,25.9101,0.123212,20.0,55.9,5.0,annealing_T=150_h=25,present,present,4.26,57.0,annealing_T=150_h=25,20260919-004123,phase_detection,annealing_T=75_h=25,20260602-133829,20260919-004123,3.7066561750451332
43,500.12,550.8,-1.06386,0.0564624,20.0,51.65,0.75,annealing_T=150_h=25,absent,absent,2.88,26.0,before_annealing,20260516-064844,previous_detection,before_annealing,20260516-064844,20260919-004123,0.0
43,500.12,550.8,0.130778,0.0668569,20.0,52.4,1.5,annealing_T=150_h=25,absent,absent,2.88,26.0,before_annealing,20260516-064844,previous_detection,before_annealing,20260516-064844,20260919-004123,0.0
43,500.12,550.8,0.188008,0.214395,20.0,52.9,2.0,annealing_T=150_h=25,absent,absent,2.88,26.0,before_annealing,20260516-064844,previous_detection,before_annealing,20260516-064844,20260919-004123,0.0
43,500.12,550.8,0.430701,0.048893,20.0,53.4,2.5,annealing_T=150_h=25,absent,absent,2.88,26.0,before_annealing,20260516-064844,previous_detection,before_annealing,20260516-064844,20260919-004123,0.0
43,500.12,550.8,-0.540197,0.194293,20.0,53.9,3.0,annealing_T=150_h=25,absent,absent,2.88,26.0,before_annealing,20260516-064844,previous_detection,before_annealing,20260516-064844,20260919-004123,0.0
43,500.12,550.8,1.24978,0.127371,20.0,55.9,5.0,annealing_T=150_h=25,absent,absent,2.88,26.0,before_annealing,20260516-064844,previous_detection,before_annealing,20260516-064844,20260919-004123,0.0
44,498.99,638.27,1.04934,0.237792,20.0,51.65,0.75,annealing_T=150_h=25,absent,absent,3.19,32.0,annealing_T=125_h=5,20260725-020716,previous_detection,annealing_T=125_h=5,20260725-020716,20260919-004123,3.1357614705203303
44,498.99,638.27,0.149844,0.177653,20.0,52.4,1.5,annealing_T=150_h=25,absent,absent,3.19,32.0,annealing_T=125_h=5,20260725-020716,previous_detection,annealing_T=125_h=5,20260725-020716,20260919-004123,3.1357614705203303
44,498.99,638.27,0.590269,0.231462,20.0,52.9,2.0,annealing_T=150_h=25,absent,absent,3.19,32.0,annealing_T=125_h=5,20260725-020716,previous_detection,annealing_T=125_h=5,20260725-020716,20260919-004123,3.1357614705203303
44,498.99,638.27,0.363219,0.0786765,20.0,53.4,2.5,annealing_T=150_h=25,absent,absent,3.19,32.0,annealing_T=125_h=5,20260725-020716,previous_detection,annealing_T=125_h=5,20260725-020716,20260919-004123,3.1357614705203303
44,498.99,638.27,1.76116,0.104185,20.0,53.9,3.0,annealing_T=150_h=25,absent,absent,3.19,32.0,annealing_T=125_h=5,20260725-020716,previous_detection,annealing_T=125_h=5,20260725-020716,20260919-004123,3.1357614705203303
44,498.99,638.27,2.63298,0.29317,20.0,55.9,5.0,annealing_T=150_h=25,absent,absent,3.19,32.0,annealing_T=125_h=5,20260725-020716,previous_detection,annealing_T=125_h=5,20260725-020716,20260919-004123,3.1357614705203303
45,504.03,520.53,7.61187,1.05588,20.0,51.65,0.75,annealing_T=150_h=25,present,present,18.8,1110.0,annealing_T=150_h=25,20260919-004123,phase_detection,before_annealing,20260516-064844,20260919-004123,3.676139279189516
45,504.03,520.53,15.6172,1.16458,20.0,52.4,1.5,annealing_T=150_h=25,present,present,18.8,1110.0,annealing_T=150_h=25,20260919-004123,phase_detection,before_annealing,20260516-064844,20260919-004123,3.676139279189516
45,504.03,520.53,22.1966,1.33518,20.0,52.9,2.0,annealing_T=150_h=25,present,present,18.8,1110.0,annealing_T=150_h=25,20260919-004123,phase_detection,before_annealing,20260516-064844,20260919-004123,3.676139279189516
45,504.03,520.53,47.1448,1.38175,20.0,53.4,2.5,annealing_T=150_h=25,present,present,18.8,1110.0,annealing_T=150_h=25,20260919-004123,phase_detection,before_annealing,20260516-064844,20260919-004123,3.676139279189516
45,504.03,520.53,52.2646,1.48663,20.0,53.9,3.0,annealing_T=150_h=25,present,present,18.8,1110.0,annealing_T=150_h=25,20260919-004123,phase_detection,before_annealing,20260516-064844,20260919-004123,3.676139279189516
45,504.03,520.53,147.794,1.76162,20.0,55.9,5.0,annealing_T=150_h=25,present,present,18.8,1110.0,annealing_T=150_h=25,20260919-004123,phase_detection,before_annealing,20260516-064844,20260919-004123,3.676139279189516
46,504.59,436.74,-0.071235,0.121507,20.0,51.65,0.75,annealing_T=150_h=25,absent,absent,3.52,39.0,before_annealing,20260516-064844,previous_detection,before_annealing,20260516-064844,20260919-004123,0.0
46,504.59,436.74,-1.54726,0.222563,20.0,52.4,1.5,annealing_T=150_h=25,absent,absent,3.52,39.0,before_annealing,20260516-064844,previous_detection,before_annealing,20260516-064844,20260919-004123,0.0
46,504.59,436.74,0.580537,0.232273,20.0,52.9,2.0,annealing_T=150_h=25,absent,absent,3.52,39.0,before_annealing,20260516-064844,previous_detection,before_annealing,20260516-064844,20260919-004123,0.0
46,504.59,436.74,2.40613,0.31358,20.0,53.4,2.5,annealing_T=150_h=25,absent,absent,3.52,39.0,before_annealing,20260516-064844,previous_detection,before_annealing,20260516-064844,20260919-004123,0.0
46,504.59,436.74,1.35726,0.174706,20.0,53.9,3.0,annealing_T=150_h=25,absent,absent,3.52,39.0,before_annealing,20260516-064844,previous_detection,before_annealing,20260516-064844,20260919-004123,0.0
46,504.59,436.74,2.92039,0.498397,20.0,55.9,5.0,annealing_T=150_h=25,absent,absent,3.52,39.0,before_annealing,20260516-064844,previous_detection,before_annealing,20260516-064844,20260919-004123,0.0
47,520.83,918.01,31.037,0.395461,20.0,51.65,0.75,annealing_T=150_h=25,present,present,13.26,552.0,annealing_T=150_h=25,20260919-004123,phase_detection,annealing_T=75_h=5,20260523-062735,20260919-004123,3.5598033653561543
47,520.83,918.01,85.5855,0.551464,20.0,52.4,1.5,annealing_T=150_h=25,present,present,13.26,552.0,annealing_T=150_h=25,20260919-004123,phase_detection,annealing_T=75_h=5,20260523-062735,20260919-004123,3.5598033653561543
47,520.83,918.01,157.993,0.592077,20.0,52.9,2.0,annealing_T=150_h=25,present,present,13.26,552.0,annealing_T=150_h=25,20260919-004123,phase_detection,annealing_T=75_h=5,20260523-062735,20260919-004123,3.5598033653561543
47,520.83,918.01,238.923,0.64891,20.0,53.4,2.5,annealing_T=150_h=25,present,present,13.26,552.0,annealing_T=150_h=25,20260919-004123,phase_detection,annealing_T=75_h=5,20260523-062735,20260919-004123,3.5598033653561543
47,520.83,918.01,333.461,0.820787,20.0,53.9,3.0,annealing_T=150_h=25,present,present,13.26,552.0,annealing_T=150_h=25,20260919-004123,phase_detection,annealing_T=75_h=5,20260523-062735,20260919-004123,3.5598033653561543
47,520.83,918.01,892.369,1.46926,20.0,55.9,5.0,annealing_T=150_h=25,present,present,13.26,552.0,annealing_T=150_h=25,20260919-004123,phase_detection,annealing_T=75_h=5,20260523-062735,20260919-004123,3.5598033653561543
48,556.7,313.11,-0.327853,0.04178,20.0,51.65,0.75,annealing_T=150_h=25,absent,absent,2.82,25.0,before_annealing,20260516-064844,previous_detection,before_annealing,20260516-064844,20260919-004123,0.0
48,556.7,313.11,0.328365,0.0670329,20.0,52.4,1.5,annealing_T=150_h=25,absent,absent,2.82,25.0,before_annealing,20260516-064844,previous_detection,before_annealing,20260516-064844,20260919-004123,0.0
48,556.7,313.11,0.0726101,0.134045,20.0,52.9,2.0,annealing_T=150_h=25,absent,absent,2.82,25.0,before_annealing,20260516-064844,previous_detection,before_annealing,20260516-064844,20260919-004123,0.0
48,556.7,313.11,0.69033,0.200535,20.0,53.4,2.5,annealing_T=150_h=25,absent,absent,2.82,25.0,before_annealing,20260516-064844,previous_detection,before_annealing,20260516-064844,20260919-004123,0.0
48,556.7,313.11,0.417744,0.141162,20.0,53.9,3.0,annealing_T=150_h=25,absent,absent,2.82,25.0,before_annealing,20260516-064844,previous_detection,before_annealing,20260516-064844,20260919-004123,0.0
48,556.7,313.11,1.22185,0.127233,20.0,55.9,5.0,annealing_T=150_h=25,absent,absent,2.82,25.0,before_annealing,20260516-064844,previous_detection,before_annealing,20260516-064844,20260919-004123,0.0
49,556.78,913.55,2.43152,0.210904,20.0,51.65,0.75,annealing_T=150_h=25,present,present,8.12,207.0,annealing_T=150_h=25,20260919-004123,phase_detection,before_annealing,20260516-064844,20260919-004123,3.813790765105103
49,556.78,913.55,8.36917,0.185046,20.0,52.4,1.5,annealing_T=150_h=25,present,present,8.12,207.0,annealing_T=150_h=25,20260919-004123,phase_detection,before_annealing,20260516-064844,20260919-004123,3.813790765105103
49,556.78,913.55,15.8105,0.182775,20.0,52.9,2.0,annealing_T=150_h=25,present,present,8.12,207.0,annealing_T=150_h=25,20260919-004123,phase_detection,before_annealing,20260516-064844,20260919-004123,3.813790765105103
49,556.78,913.55,24.0437,0.361267,20.0,53.4,2.5,annealing_T=150_h=25,present,present,8.12,207.0,annealing_T=150_h=25,20260919-004123,phase_detection,before_annealing,20260516-064844,20260919-004123,3.813790765105103
49,556.78,913.55,31.316,0.344084,20.0,53.9,3.0,annealing_T=150_h=25,present,present,8.12,207.0,annealing_T=150_h=25,20260919-004123,phase_detection,before_annealing,20260516-064844,20260919-004123,3.813790765105103
49,556.78,913.55,99.7283,0.38465,20.0,55.9,5.0,annealing_T=150_h=25,present,present,8.12,207.0,annealing_T=150_h=25,20260919-004123,phase_detection,before_annealing,20260516-064844,20260919-004123,3.813790765105103
50,561.76,289.72,1.85266,0.743207,20.0,51.65,0.75,annealing_T=150_h=25,absent,disappeared,16.57,863.0,annealing_T=150_h=5,20260912-010115,previous_detection,before_annealing,20260516-064844,20260919-004123,1.3860014430006768
50,561.76,289.72,5.93915,0.804451,20.0,52.4,1.5,annealing_T=150_h=25,absent,disappeared,16.57,863.0,annealing_T=150_h=5,20260912-010115,previous_detection,before_annealing,20260516-064844,20260919-004123,1.3860014430006768
50,561.76,289.72,12.2934,1.05592,20.0,52.9,2.0,annealing_T=150_h=25,absent,disappeared,16.57,863.0,annealing_T=150_h=5,20260912-010115,previous_detection,before_annealing,20260516-064844,20260919-004123,1.3860014430006768
50,561.76,289.72,14.5314,1.0048,20.0,53.4,2.5,annealing_T=150_h=25,absent,disappeared,16.57,863.0,annealing_T=150_h=5,20260912-010115,previous_detection,before_annealing,20260516-064844,20260919-004123,1.3860014430006768
50,561.76,289.72,23.6788,1.12244,20.0,53.9,3.0,annealing_T=150_h=25,absent,disappeared,16.57,863.0,annealing_T=150_h=5,20260912-010115,previous_detection,before_annealing,20260516-064844,20260919-004123,1.3860014430006768
50,561.76,289.72,48.5635,1.4432,20.0,55.9,5.0,annealing_T=150_h=25,absent,disappeared,16.57,863.0,annealing_T=150_h=5,20260912-010115,previous_detection,before_annealing,20260516-064844,20260919-004123,1.3860014430006768
51,565.44,311.43,-0.0179069,0.0445227,20.0,51.65,0.75,annealing_T=150_h=25,absent,absent,2.88,26.0,before_annealing,20260516-064844,previous_detection,before_annealing,20260516-064844,20260919-004123,0.0
51,565.44,311.43,-0.522013,0.0578338,20.0,52.4,1.5,annealing_T=150_h=25,absent,absent,2.88,26.0,before_annealing,20260516-064844,previous_detection,before_annealing,20260516-064844,20260919-004123,0.0
51,565.44,311.43,-0.777113,0.0604079,20.0,52.9,2.0,annealing_T=150_h=25,absent,absent,2.88,26.0,before_annealing,20260516-064844,previous_detection,before_annealing,20260516-064844,20260919-004123,0.0
51,565.44,311.43,-0.245957,0.07615,20.0,53.4,2.5,annealing_T=150_h=25,absent,absent,2.88,26.0,before_annealing,20260516-064844,previous_detection,before_annealing,20260516-064844,20260919-004123,0.0
51,565.44,311.43,-1.36549,0.0601792,20.0,53.9,3.0,annealing_T=150_h=25,absent,absent,2.88,26.0,before_annealing,20260516-064844,previous_detection,before_annealing,20260516-064844,20260919-004123,0.0
51,565.44,311.43,0.551485,0.112472,20.0,55.9,5.0,annealing_T=150_h=25,absent,absent,2.88,26.0,before_annealing,20260516-064844,previous_detection,before_annealing,20260516-064844,20260919-004123,0.0
52,594.0,326.77,1.59568,0.328992,20.0,51.65,0.75,annealing_T=150_h=25,absent,absent,5.94,111.0,annealing_T=100_h=5,20260613-015321,previous_detection,annealing_T=75_h=5,20260523-062735,20260919-004123,1.9803282556182882
52,594.0,326.77,-0.272488,0.450671,20.0,52.4,1.5,annealing_T=150_h=25,absent,absent,5.94,111.0,annealing_T=100_h=5,20260613-015321,previous_detection,annealing_T=75_h=5,20260523-062735,20260919-004123,1.9803282556182882
52,594.0,326.77,2.87328,0.517932,20.0,52.9,2.0,annealing_T=150_h=25,absent,absent,5.94,111.0,annealing_T=100_h=5,20260613-015321,previous_detection,annealing_T=75_h=5,20260523-062735,20260919-004123,1.9803282556182882
52,594.0,326.77,-0.480318,0.423022,20.0,53.4,2.5,annealing_T=150_h=25,absent,absent,5.94,111.0,annealing_T=100_h=5,20260613-015321,previous_detection,annealing_T=75_h=5,20260523-062735,20260919-004123,1.9803282556182882
52,594.0,326.77,3.16634,0.488667,20.0,53.9,3.0,annealing_T=150_h=25,absent,absent,5.94,111.0,annealing_T=100_h=5,20260613-015321,previous_detection,annealing_T=75_h=5,20260523-062735,20260919-004123,1.9803282556182882
52,594.0,326.77,4.32131,0.596551,20.0,55.9,5.0,annealing_T=150_h=25,absent,absent,5.94,111.0,annealing_T=100_h=5,20260613-015321,previous_detection,annealing_T=75_h=5,20260523-062735,20260919-004123,1.9803282556182882
53,615.26,791.95,1.77853,0.40357,20.0,51.65,0.75,annealing_T=150_h=25,absent,absent,12.07,458.0,annealing_T=125_h=25,20260902-011233,previous_detection,annealing_T=125_h=25,20260902-011233,20260919-004123,2.1791970998510775
53,615.26,791.95,3.21179,0.513227,20.0,52.4,1.5,annealing_T=150_h=25,absent,absent,12.07,458.0,annealing_T=125_h=25,20260902-011233,previous_detection,annealing_T=125_h=25,20260902-011233,20260919-004123,2.1791970998510775
53,615.26,791.95,10.1175,0.495841,20.0,52.9,2.0,annealing_T=150_h=25,absent,absent,12.07,458.0,annealing_T=125_h=25,20260902-011233,previous_detection,annealing_T=125_h=25,20260902-011233,20260919-004123,2.1791970998510775
53,615.26,791.95,19.2751,0.603744,20.0,53.4,2.5,annealing_T=150_h=25,absent,absent,12.07,458.0,annealing_T=125_h=25,20260902-011233,previous_detection,annealing_T=125_h=25,20260902-011233,20260919-004123,2.1791970998510775
53,615.26,791.95,14.8244,0.717765,20.0,53.9,3.0,annealing_T=150_h=25,absent,absent,12.07,458.0,annealing_T=125_h=25,20260902-011233,previous_detection,annealing_T=125_h=25,20260902-011233,20260919-004123,2.1791970998510775
53,615.26,791.95,51.0007,0.458581,20.0,55.9,5.0,annealing_T=150_h=25,absent,absent,12.07,458.0,annealing_T=125_h=25,20260902-011233,previous_detection,annealing_T=125_h=25,20260902-011233,20260919-004123,2.1791970998510775
54,638.5,1039.63,0.437298,0.175309,20.0,51.65,0.75,annealing_T=150_h=25,absent,absent,4.15,54.0,before_annealing,20260516-064844,previous_detection,before_annealing,20260516-064844,20260919-004123,0.0
54,638.5,1039.63,0.371538,0.0695043,20.0,52.4,1.5,annealing_T=150_h=25,absent,absent,4.15,54.0,before_annealing,20260516-064844,previous_detection,before_annealing,20260516-064844,20260919-004123,0.0
54,638.5,1039.63,0.745421,0.207586,20.0,52.9,2.0,annealing_T=150_h=25,absent,absent,4.15,54.0,before_annealing,20260516-064844,previous_detection,before_annealing,20260516-064844,20260919-004123,0.0
54,638.5,1039.63,2.36469,0.197045,20.0,53.4,2.5,annealing_T=150_h=25,absent,absent,4.15,54.0,before_annealing,20260516-064844,previous_detection,before_annealing,20260516-064844,20260919-004123,0.0
54,638.5,1039.63,1.68144,0.238406,20.0,53.9,3.0,annealing_T=150_h=25,absent,absent,4.15,54.0,before_annealing,20260516-064844,previous_detection,before_annealing,20260516-064844,20260919-004123,0.0
54,638.5,1039.63,2.77937,0.127606,20.0,55.9,5.0,annealing_T=150_h=25,absent,absent,4.15,54.0,before_annealing,20260516-064844,previous_detection,before_annealing,20260516-064844,20260919-004123,0.0
55,646.91,531.02,-0.0263689,0.371511,20.0,51.65,0.75,annealing_T=150_h=25,absent,absent,8.37,220.0,annealing_T=100_h=5,20260613-015321,previous_detection,annealing_T=75_h=5,20260523-062735,20260919-004123,2.364085446848352
55,646.91,531.02,2.43449,0.435946,20.0,52.4,1.5,annealing_T=150_h=25,absent,absent,8.37,220.0,annealing_T=100_h=5,20260613-015321,previous_detection,annealing_T=75_h=5,20260523-062735,20260919-004123,2.364085446848352
55,646.91,531.02,0.987725,0.514719,20.0,52.9,2.0,annealing_T=150_h=25,absent,absent,8.37,220.0,annealing_T=100_h=5,20260613-015321,previous_detection,annealing_T=75_h=5,20260523-062735,20260919-004123,2.364085446848352
55,646.91,531.02,-4.74006,0.446878,20.0,53.4,2.5,annealing_T=150_h=25,absent,absent,8.37,220.0,annealing_T=100_h=5,20260613-015321,previous_detection,annealing_T=75_h=5,20260523-062735,20260919-004123,2.364085446848352
55,646.91,531.02,0.0146186,0.677476,20.0,53.9,3.0,annealing_T=150_h=25,absent,absent,8.37,220.0,annealing_T=100_h=5,20260613-015321,previous_detection,annealing_T=75_h=5,20260523-062735,20260919-004123,2.364085446848352
55,646.91,531.02,0.411332,0.6592,20.0,55.9,5.0,annealing_T=150_h=25,absent,absent,8.37,220.0,annealing_T=100_h=5,20260613-015321,previous_detection,annealing_T=75_h=5,20260523-062735,20260919-004123,2.364085446848352
56,653.21,759.57,6.66051,0.349244,20.0,51.65,0.75,annealing_T=150_h=25,present,present,9.27,270.0,annealing_T=150_h=25,20260919-004123,phase_detection,annealing_T=100_h=5,20260613-015321,20260919-004123,2.600499951932274
56,653.21,759.57,38.0716,0.554483,20.0,52.4,1.5,annealing_T=150_h=25,present,present,9.27,270.0,annealing_T=150_h=25,20260919-004123,phase_detection,annealing_T=100_h=5,20260613-015321,20260919-004123,2.600499951932274
56,653.21,759.57,55.9727,0.51587,20.0,52.9,2.0,annealing_T=150_h=25,present,present,9.27,270.0,annealing_T=150_h=25,20260919-004123,phase_detection,annealing_T=100_h=5,20260613-015321,20260919-004123,2.600499951932274
56,653.21,759.57,78.0217,0.517799,20.0,53.4,2.5,annealing_T=150_h=25,present,present,9.27,270.0,annealing_T=150_h=25,20260919-004123,phase_detection,annealing_T=100_h=5,20260613-015321,20260919-004123,2.600499951932274
56,653.21,759.57,118.172,0.499371,20.0,53.9,3.0,annealing_T=150_h=25,present,present,9.27,270.0,annealing_T=150_h=25,20260919-004123,phase_detection,annealing_T=100_h=5,20260613-015321,20260919-004123,2.600499951932274
56,653.21,759.57,348.229,1.12882,20.0,55.9,5.0,annealing_T=150_h=25,present,present,9.27,270.0,annealing_T=150_h=25,20260919-004123,phase_detection,annealing_T=100_h=5,20260613-015321,20260919-004123,2.600499951932274
57,668.31,232.98,0.674202,0.229345,20.0,51.65,0.75,annealing_T=150_h=25,absent,absent,6.18,120.0,annealing_T=125_h=25,20260902-011233,previous_detection,before_annealing,20260516-064844,20260919-004123,3.013469760923416
57,668.31,232.98,-0.863829,0.308673,20.0,52.4,1.5,annealing_T=150_h=25,absent,absent,6.18,120.0,annealing_T=125_h=25,20260902-011233,previous_detection,before_annealing,20260516-064844,20260919-004123,3.013469760923416
57,668.31,232.98,3.53066,0.292819,20.0,52.9,2.0,annealing_T=150_h=25,absent,absent,6.18,120.0,annealing_T=125_h=25,20260902-011233,previous_detection,before_annealing,20260516-064844,20260919-004123,3.013469760923416
57,668.31,232.98,1.78705,0.240113,20.0,53.4,2.5,annealing_T=150_h=25,absent,absent,6.18,120.0,annealing_T=125_h=25,20260902-011233,previous_detection,before_annealing,20260516-064844,20260919-004123,3.013469760923416
57,668.31,232.98,1.37453,0.33009,20.0,53.9,3.0,annealing_T=150_h=25,absent,absent,6.18,120.0,annealing_T=125_h=25,20260902-011233,previous_detection,before_annealing,20260516-064844,20260919-004123,3.013469760923416
57,668.31,232.98,1.08089,0.398759,20.0,55.9,5.0,annealing_T=150_h=25,absent,absent,6.18,120.0,annealing_T=125_h=25,20260902-011233,previous_detection,before_annealing,20260516-064844,20260919-004123,3.013469760923416
58,668.82,427.47,3.33066,0.133388,20.0,51.65,0.75,annealing_T=150_h=25,present,present,5.86,108.0,annealing_T=150_h=25,20260919-004123,phase_detection,annealing_T=150_h=25,20260919-004123,20260919-004123,2.339764945459222
58,668.82,427.47,10.3897,0.291387,20.0,52.4,1.5,annealing_T=150_h=25,present,present,5.86,108.0,annealing_T=150_h=25,20260919-004123,phase_detection,annealing_T=150_h=25,20260919-004123,20260919-004123,2.339764945459222
58,668.82,427.47,16.6857,0.205013,20.0,52.9,2.0,annealing_T=150_h=25,present,present,5.86,108.0,annealing_T=150_h=25,20260919-004123,phase_detection,annealing_T=150_h=25,20260919-004123,20260919-004123,2.339764945459222
58,668.82,427.47,23.5248,0.397343,20.0,53.4,2.5,annealing_T=150_h=25,present,present,5.86,108.0,annealing_T=150_h=25,20260919-004123,phase_detection,annealing_T=150_h=25,20260919-004123,20260919-004123,2.339764945459222
58,668.82,427.47,34.5084,0.25431,20.0,53.9,3.0,annealing_T=150_h=25,present,present,5.86,108.0,annealing_T=150_h=25,20260919-004123,phase_detection,annealing_T=150_h=25,20260919-004123,20260919-004123,2.339764945459222
58,668.82,427.47,58.5855,0.425336,20.0,55.9,5.0,annealing_T=150_h=25,present,present,5.86,108.0,annealing_T=150_h=25,20260919-004123,phase_detection,annealing_T=150_h=25,20260919-004123,20260919-004123,2.339764945459222
59,676.32,577.69,-0.503377,0.0652833,20.0,51.65,0.75,annealing_T=150_h=25,absent,absent,3.52,39.0,before_annealing,20260516-064844,previous_detection,before_annealing,20260516-064844,20260919-004123,0.0
59,676.32,577.69,0.998464,0.110374,20.0,52.4,1.5,annealing_T=150_h=25,absent,absent,3.52,39.0,before_annealing,20260516-064844,previous_detection,before_annealing,20260516-064844,20260919-004123,0.0
59,676.32,577.69,0.370661,0.132785,20.0,52.9,2.0,annealing_T=150_h=25,absent,absent,3.52,39.0,before_annealing,20260516-064844,previous_detection,before_annealing,20260516-064844,20260919-004123,0.0
59,676.32,577.69,-0.852656,0.10305,20.0,53.4,2.5,annealing_T=150_h=25,absent,absent,3.52,39.0,before_annealing,20260516-064844,previous_detection,before_annealing,20260516-064844,20260919-004123,0.0
59,676.32,577.69,-0.0323801,0.149317,20.0,53.9,3.0,annealing_T=150_h=25,absent,absent,3.52,39.0,before_annealing,20260516-064844,previous_detection,before_annealing,20260516-064844,20260919-004123,0.0
59,676.32,577.69,1.63364,0.200651,20.0,55.9,5.0,annealing_T=150_h=25,absent,absent,3.52,39.0,before_annealing,20260516-064844,previous_detection,before_annealing,20260516-064844,20260919-004123,0.0
60,689.18,989.87,0.731626,0.257827,20.0,51.65,0.75,annealing_T=150_h=25,absent,absent,6.96,152.0,annealing_T=125_h=5,20260725-020716,previous_detection,annealing_T=75_h=25,20260602-133829,20260919-004123,2.9127478435319785
60,689.18,989.87,0.849698,0.22596,20.0,52.4,1.5,annealing_T=150_h=25,absent,absent,6.96,152.0,annealing_T=125_h=5,20260725-020716,previous_detection,annealing_T=75_h=25,20260602-133829,20260919-004123,2.9127478435319785
60,689.18,989.87,1.56401,0.362541,20.0,52.9,2.0,annealing_T=150_h=25,absent,absent,6.96,152.0,annealing_T=125_h=5,20260725-020716,previous_detection,annealing_T=75_h=25,20260602-133829,20260919-004123,2.9127478435319785
60,689.18,989.87,-1.49018,0.295714,20.0,53.4,2.5,annealing_T=150_h=25,absent,absent,6.96,152.0,annealing_T=125_h=5,20260725-020716,previous_detection,annealing_T=75_h=25,20260602-133829,20260919-004123,2.9127478435319785
60,689.18,989.87,-0.489221,0.5379,20.0,53.9,3.0,annealing_T=150_h=25,absent,absent,6.96,152.0,annealing_T=125_h=5,20260725-020716,previous_detection,annealing_T=75_h=25,20260602-133829,20260919-004123,2.9127478435319785
60,689.18,989.87,4.17407,0.480911,20.0,55.9,5.0,annealing_T=150_h=25,absent,absent,6.96,152.0,annealing_T=125_h=5,20260725-020716,previous_detection,annealing_T=75_h=25,20260602-133829,20260919-004123,2.9127478435319785
61,703.02,208.25,-1.93895,0.139365,20.0,51.65,0.75,annealing_T=150_h=25,absent,absent,6.26,123.0,annealing_T=100_h=25,20260629-230214,previous_detection,annealing_T=75_h=5,20260523-062735,20260919-004123,2.3930106560565187
61,703.02,208.25,1.21411,0.235249,20.0,52.4,1.5,annealing_T=150_h=25,absent,absent,6.26,123.0,annealing_T=100_h=25,20260629-230214,previous_detection,annealing_T=75_h=5,20260523-062735,20260919-004123,2.3930106560565187
61,703.02,208.25,1.71044,0.322184,20.0,52.9,2.0,annealing_T=150_h=25,absent,absent,6.26,123.0,annealing_T=100_h=25,20260629-230214,previous_detection,annealing_T=75_h=5,20260523-062735,20260919-004123,2.3930106560565187
61,703.02,208.25,0.220459,0.161427,20.0,53.4,2.5,annealing_T=150_h=25,absent,absent,6.26,123.0,annealing_T=100_h=25,20260629-230214,previous_detection,annealing_T=75_h=5,20260523-062735,20260919-004123,2.3930106560565187
61,703.02,208.25,3.35934,0.1311,20.0,53.9,3.0,annealing_T=150_h=25,absent,absent,6.26,123.0,annealing_T=100_h=25,20260629-230214,previous_detection,annealing_T=75_h=5,20260523-062735,20260919-004123,2.3930106560565187
61,703.02,208.25,1.30265,0.470555,20.0,55.9,5.0,annealing_T=150_h=25,absent,absent,6.26,123.0,annealing_T=100_h=25,20260629-230214,previous_detection,annealing_T=75_h=5,20260523-062735,20260919-004123,2.3930106560565187
62,713.67,108.51,1.07094,0.435085,20.0,51.65,0.75,annealing_T=150_h=25,absent,absent,7.18,162.0,annealing_T=100_h=25,20260629-230214,previous_detection,annealing_T=75_h=5,20260523-062735,20260919-004123,3.2267011017446237
62,713.67,108.51,1.35388,0.287597,20.0,52.4,1.5,annealing_T=150_h=25,absent,absent,7.18,162.0,annealing_T=100_h=25,20260629-230214,previous_detection,annealing_T=75_h=5,20260523-062735,20260919-004123,3.2267011017446237
62,713.67,108.51,7.07548,0.392254,20.0,52.9,2.0,annealing_T=150_h=25,absent,absent,7.18,162.0,annealing_T=100_h=25,20260629-230214,previous_detection,annealing_T=75_h=5,20260523-062735,20260919-004123,3.2267011017446237
62,713.67,108.51,3.80261,0.556082,20.0,53.4,2.5,annealing_T=150_h=25,absent,absent,7.18,162.0,annealing_T=100_h=25,20260629-230214,previous_detection,annealing_T=75_h=5,20260523-062735,20260919-004123,3.2267011017446237
62,713.67,108.51,3.43295,0.427043,20.0,53.9,3.0,annealing_T=150_h=25,absent,absent,7.18,162.0,annealing_T=100_h=25,20260629-230214,previous_detection,annealing_T=75_h=5,20260523-062735,20260919-004123,3.2267011017446237
62,713.67,108.51,6.2875,0.517781,20.0,55.9,5.0,annealing_T=150_h=25,absent,absent,7.18,162.0,annealing_T=100_h=25,20260629-230214,previous_detection,annealing_T=75_h=5,20260523-062735,20260919-004123,3.2267011017446237
63,730.1,378.74,0.309544,0.453668,20.0,51.65,0.75,annealing_T=150_h=25,present,present,12.09,459.0,annealing_T=150_h=25,20260919-004123,phase_detection,before_annealing,20260516-064844,20260919-004123,2.5718670261115752
63,730.1,378.74,14.7644,0.57775,20.0,52.4,1.5,annealing_T=150_h=25,present,present,12.09,459.0,annealing_T=150_h=25,20260919-004123,phase_detection,before_annealing,20260516-064844,20260919-004123,2.5718670261115752
63,730.1,378.74,17.9739,0.711764,20.0,52.9,2.0,annealing_T=150_h=25,present,present,12.09,459.0,annealing_T=150_h=25,20260919-004123,phase_detection,before_annealing,20260516-064844,20260919-004123,2.5718670261115752
63,730.1,378.74,30.1781,0.760463,20.0,53.4,2.5,annealing_T=150_h=25,present,present,12.09,459.0,annealing_T=150_h=25,20260919-004123,phase_detection,before_annealing,20260516-064844,20260919-004123,2.5718670261115752
63,730.1,378.74,36.7042,0.891655,20.0,53.9,3.0,annealing_T=150_h=25,present,present,12.09,459.0,annealing_T=150_h=25,20260919-004123,phase_detection,before_annealing,20260516-064844,20260919-004123,2.5718670261115752
63,730.1,378.74,90.0288,0.977076,20.0,55.9,5.0,annealing_T=150_h=25,present,present,12.09,459.0,annealing_T=150_h=25,20260919-004123,phase_detection,before_annealing,20260516-064844,20260919-004123,2.5718670261115752
64,747.5,87.68,-0.923429,0.225379,20.0,51.65,0.75,annealing_T=150_h=25,absent,absent,6.38,128.0,annealing_T=125_h=5,20260725-020716,previous_detection,before_annealing,20260516-064844,20260919-004123,3.326409475695971
64,747.5,87.68,0.892613,0.308452,20.0,52.4,1.5,annealing_T=150_h=25,absent,absent,6.38,128.0,annealing_T=125_h=5,20260725-020716,previous_detection,before_annealing,20260516-064844,20260919-004123,3.326409475695971
64,747.5,87.68,0.416306,0.451885,20.0,52.9,2.0,annealing_T=150_h=25,absent,absent,6.38,128.0,annealing_T=125_h=5,20260725-020716,previous_detection,before_annealing,20260516-064844,20260919-004123,3.326409475695971
64,747.5,87.68,0.351717,0.414054,20.0,53.4,2.5,annealing_T=150_h=25,absent,absent,6.38,128.0,annealing_T=125_h=5,20260725-020716,previous_detection,before_annealing,20260516-064844,20260919-004123,3.326409475695971
64,747.5,87.68,-2.70872,0.251384,20.0,53.9,3.0,annealing_T=150_h=25,absent,absent,6.38,128.0,annealing_T=125_h=5,20260725-020716,previous_detection,before_annealing,20260516-064844,20260919-004123,3.326409475695971
64,747.5,87.68,2.00364,0.648019,20.0,55.9,5.0,annealing_T=150_h=25,absent,absent,6.38,128.0,annealing_T=125_h=5,20260725-020716,previous_detection,before_annealing,20260516-064844,20260919-004123,3.326409475695971
65,747.83,906.45,2.91752,0.514146,20.0,51.65,0.75,annealing_T=150_h=25,absent,disappeared,10.88,372.0,annealing_T=150_h=5,20260912-010115,previous_detection,annealing_T=75_h=25,20260602-133829,20260919-004123,0.6794115100583918
65,747.83,906.45,9.43193,0.579109,20.0,52.4,1.5,annealing_T=150_h=25,absent,disappeared,10.88,372.0,annealing_T=150_h=5,20260912-010115,previous_detection,annealing_T=75_h=25,20260602-133829,20260919-004123,0.6794115100583918
65,747.83,906.45,1.77267,0.595658,20.0,52.9,2.0,annealing_T=150_h=25,absent,disappeared,10.88,372.0,annealing_T=150_h=5,20260912-010115,previous_detection,annealing_T=75_h=25,20260602-133829,20260919-004123,0.6794115100583918
65,747.83,906.45,10.8942,0.786331,20.0,53.4,2.5,annealing_T=150_h=25,absent,disappeared,10.88,372.0,annealing_T=150_h=5,20260912-010115,previous_detection,annealing_T=75_h=25,20260602-133829,20260919-004123,0.6794115100583918
65,747.83,906.45,18.4427,0.697339,20.0,53.9,3.0,annealing_T=150_h=25,absent,disappeared,10.88,372.0,annealing_T=150_h=5,20260912-010115,previous_detection,annealing_T=75_h=25,20260602-133829,20260919-004123,0.6794115100583918
65,747.83,906.45,32.4474,0.671473,20.0,55.9,5.0,annealing_T=150_h=25,absent,disappeared,10.88,372.0,annealing_T=150_h=5,20260912-010115,previous_detection,annealing_T=75_h=25,20260602-133829,20260919-004123,0.6794115100583918
66,770.46,902.54,0.490836,0.236,20.0,51.65,0.75,annealing_T=150_h=25,absent,absent,4.58,66.0,annealing_T=100_h=5,20260613-015321,previous_detection,annealing_T=100_h=5,20260613-015321,20260919-004123,2.312509459440099
66,770.46,902.54,0.923031,0.273661,20.0,52.4,1.5,annealing_T=150_h=25,absent,absent,4.58,66.0,annealing_T=100_h=5,20260613-015321,previous_detection,annealing_T=100_h=5,20260613-015321,20260919-004123,2.312509459440099
66,770.46,902.54,-0.515923,0.163014,20.0,52.9,2.0,annealing_T=150_h=25,absent,absent,4.58,66.0,annealing_T=100_h=5,20260613-015321,previous_detection,annealing_T=100_h=5,20260613-015321,20260919-004123,2.312509459440099
66,770.46,902.54,0.44682,0.284348,20.0,53.4,2.5,annealing_T=150_h=25,absent,absent,4.58,66.0,annealing_T=100_h=5,20260613-015321,previous_detection,annealing_T=100_h=5,20260613-015321,20260919-004123,2.312509459440099
66,770.46,902.54,0.651893,0.321257,20.0,53.9,3.0,annealing_T=150_h=25,absent,absent,4.58,66.0,annealing_T=100_h=5,20260613-015321,previous_detection,annealing_T=100_h=5,20260613-015321,20260919-004123,2.312509459440099
66,770.46,902.54,1.96099,0.230187,20.0,55.9,5.0,annealing_T=150_h=25,absent,absent,4.58,66.0,annealing_T=100_h=5,20260613-015321,previous_detection,annealing_T=100_h=5,20260613-015321,20260919-004123,2.312509459440099
67,773.81,935.44,-0.496599,0.238998,20.0,51.65,0.75,annealing_T=150_h=25,absent,absent,6.15,119.0,annealing_T=125_h=25,20260902-011233,previous_detection,before_annealing,20260516-064844,20260919-004123,2.5566579747786746
67,773.81,935.44,3.31585,0.338998,20.0,52.4,1.5,annealing_T=150_h=25,absent,absent,6.15,119.0,annealing_T=125_h=25,20260902-011233,previous_detection,before_annealing,20260516-064844,20260919-004123,2.5566579747786746
67,773.81,935.44,3.10888,0.403882,20.0,52.9,2.0,annealing_T=150_h=25,absent,absent,6.15,119.0,annealing_T=125_h=25,20260902-011233,previous_detection,before_annealing,20260516-064844,20260919-004123,2.5566579747786746
67,773.81,935.44,-0.0826151,0.519322,20.0,53.4,2.5,annealing_T=150_h=25,absent,absent,6.15,119.0,annealing_T=125_h=25,20260902-011233,previous_detection,before_annealing,20260516-064844,20260919-004123,2.5566579747786746
67,773.81,935.44,0.0710732,0.557209,20.0,53.9,3.0,annealing_T=150_h=25,absent,absent,6.15,119.0,annealing_T=125_h=25,20260902-011233,previous_detection,before_annealing,20260516-064844,20260919-004123,2.5566579747786746
67,773.81,935.44,7.89889,0.39675,20.0,55.9,5.0,annealing_T=150_h=25,absent,absent,6.15,119.0,annealing_T=125_h=25,20260902-011233,previous_detection,before_annealing,20260516-064844,20260919-004123,2.5566579747786746
68,792.26,460.55,6.29522,0.382419,20.0,51.65,0.75,annealing_T=150_h=25,present,present,8.29,216.0,annealing_T=150_h=25,20260919-004123,phase_detection,before_annealing,20260516-064844,20260919-004123,1.5749285698087083
68,792.26,460.55,8.50905,0.428713,20.0,52.4,1.5,annealing_T=150_h=25,present,present,8.29,216.0,annealing_T=150_h=25,20260919-004123,phase_detection,before_annealing,20260516-064844,20260919-004123,1.5749285698087083
68,792.26,460.55,16.0936,0.491125,20.0,52.9,2.0,annealing_T=150_h=25,present,present,8.29,216.0,annealing_T=150_h=25,20260919-004123,phase_detection,before_annealing,20260516-064844,20260919-004123,1.5749285698087083
68,792.26,460.55,24.6255,0.567772,20.0,53.4,2.5,annealing_T=150_h=25,present,present,8.29,216.0,annealing_T=150_h=25,20260919-004123,phase_detection,before_annealing,20260516-064844,20260919-004123,1.5749285698087083
68,792.26,460.55,28.1928,0.378962,20.0,53.9,3.0,annealing_T=150_h=25,present,present,8.29,216.0,annealing_T=150_h=25,20260919-004123,phase_detection,before_annealing,20260516-064844,20260919-004123,1.5749285698087083
68,792.26,460.55,56.763,0.661225,20.0,55.9,5.0,annealing_T=150_h=25,present,present,8.29,216.0,annealing_T=150_h=25,20260919-004123,phase_detection,before_annealing,20260516-064844,20260919-004123,1.5749285698087083
69,790.09,988.33,2.03166,0.455944,20.0,51.65,0.75,annealing_T=150_h=25,present,present,8.16,209.0,annealing_T=150_h=25,20260919-004123,phase_detection,before_annealing,20260516-064844,20260919-004123,2.7862519627628495
69,790.09,988.33,11.1618,0.496443,20.0,52.4,1.5,annealing_T=150_h=25,present,present,8.16,209.0,annealing_T=150_h=25,20260919-004123,phase_detection,before_annealing,20260516-064844,20260919-004123,2.7862519627628495
69,790.09,988.33,12.0855,0.460633,20.0,52.9,2.0,annealing_T=150_h=25,present,present,8.16,209.0,annealing_T=150_h=25,20260919-004123,phase_detection,before_annealing,20260516-064844,20260919-004123,2.7862519627628495
69,790.09,988.33,18.5291,0.615508,20.0,53.4,2.5,annealing_T=150_h=25,present,present,8.16,209.0,annealing_T=150_h=25,20260919-004123,phase_detection,before_annealing,20260516-064844,20260919-004123,2.7862519627628495
69,790.09,988.33,24.7989,0.598435,20.0,53.9,3.0,annealing_T=150_h=25,present,present,8.16,209.0,annealing_T=150_h=25,20260919-004123,phase_detection,before_annealing,20260516-064844,20260919-004123,2.7862519627628495
69,790.09,988.33,47.1733,0.741877,20.0,55.9,5.0,annealing_T=150_h=25,present,present,8.16,209.0,annealing_T=150_h=25,20260919-004123,phase_detection,before_annealing,20260516-064844,20260919-004123,2.7862519627628495
70,796.96,317.46,1.33596,0.310956,20.0,51.65,0.75,annealing_T=150_h=25,absent,absent,5.67,101.0,annealing_T=100_h=5,20260613-015321,previous_detection,annealing_T=100_h=5,20260613-015321,20260919-004123,2.860856515101775
70,796.96,317.46,-0.858391,0.338734,20.0,52.4,1.5,annealing_T=150_h=25,absent,absent,5.67,101.0,annealing_T=100_h=5,20260613-015321,previous_detection,annealing_T=100_h=5,20260613-015321,20260919-004123,2.860856515101775
70,796.96,317.46,-0.495013,0.353356,20.0,52.9,2.0,annealing_T=150_h=25,absent,absent,5.67,101.0,annealing_T=100_h=5,20260613-015321,previous_detection,annealing_T=100_h=5,20260613-015321,20260919-004123,2.860856515101775
70,796.96,317.46,-0.459104,0.422708,20.0,53.4,2.5,annealing_T=150_h=25,absent,absent,5.67,101.0,annealing_T=100_h=5,20260613-015321,previous_detection,annealing_T=100_h=5,20260613-015321,20260919-004123,2.860856515101775
70,796.96,317.46,0.652502,0.356136,20.0,53.9,3.0,annealing_T=150_h=25,absent,absent,5.67,101.0,annealing_T=100_h=5,20260613-015321,previous_detection,annealing_T=100_h=5,20260613-015321,20260919-004123,2.860856515101775
70,796.96,317.46,0.898469,0.482178,20.0,55.9,5.0,annealing_T=150_h=25,absent,absent,5.67,101.0,annealing_T=100_h=5,20260613-015321,previous_detection,annealing_T=100_h=5,20260613-015321,20260919-004123,2.860856515101775
71,818.92,699.23,-1.1314,0.0875302,20.0,51.65,0.75,annealing_T=150_h=25,absent,absent,4.72,70.0,before_annealing,20260516-064844,previous_detection,before_annealing,20260516-064844,20260919-004123,0.0
71,818.92,699.23,-0.0397595,0.0956989,20.0,52.4,1.5,annealing_T=150_h=25,absent,absent,4.72,70.0,before_annealing,20260516-064844,previous_detection,before_annealing,20260516-064844,20260919-004123,0.0
71,818.92,699.23,-0.49414,0.115644,20.0,52.9,2.0,annealing_T=150_h=25,absent,absent,4.72,70.0,before_annealing,20260516-064844,previous_detection,before_annealing,20260516-064844,20260919-004123,0.0
71,818.92,699.23,1.16085,0.133892,20.0,53.4,2.5,annealing_T=150_h=25,absent,absent,4.72,70.0,before_annealing,20260516-064844,previous_detection,before_annealing,20260516-064844,20260919-004123,0.0
71,818.92,699.23,-1.91289,0.122478,20.0,53.9,3.0,annealing_T=150_h=25,absent,absent,4.72,70.0,before_annealing,20260516-064844,previous_detection,before_annealing,20260516-064844,20260919-004123,0.0
71,818.92,699.23,-0.823258,0.237973,20.0,55.9,5.0,annealing_T=150_h=25,absent,absent,4.72,70.0,before_annealing,20260516-064844,previous_detection,before_annealing,20260516-064844,20260919-004123,0.0
72,828.78,487.56,-0.183777,0.0589636,20.0,51.65,0.75,annealing_T=150_h=25,absent,absent,4.07,52.0,annealing_T=75_h=5,20260523-062735,previous_detection,annealing_T=75_h=5,20260523-062735,20260919-004123,0.49244289008986525
72,828.78,487.56,1.01669,0.0965938,20.0,52.4,1.5,annealing_T=150_h=25,absent,absent,4.07,52.0,annealing_T=75_h=5,20260523-062735,previous_detection,annealing_T=75_h=5,20260523-062735,20260919-004123,0.49244289008986525
72,828.78,487.56,-0.377721,0.0954193,20.0,52.9,2.0,annealing_T=150_h=25,absent,absent,4.07,52.0,annealing_T=75_h=5,20260523-062735,previous_detection,annealing_T=75_h=5,20260523-062735,20260919-004123,0.49244289008986525
72,828.78,487.56,1.58649,0.0926186,20.0,53.4,2.5,annealing_T=150_h=25,absent,absent,4.07,52.0,annealing_T=75_h=5,20260523-062735,previous_detection,annealing_T=75_h=5,20260523-062735,20260919-004123,0.49244289008986525
72,828.78,487.56,3.87393,0.0933194,20.0,53.9,3.0,annealing_T=150_h=25,absent,absent,4.07,52.0,annealing_T=75_h=5,20260523-062735,previous_detection,annealing_T=75_h=5,20260523-062735,20260919-004123,0.49244289008986525
72,828.78,487.56,4.90834,0.113971,20.0,55.9,5.0,annealing_T=150_h=25,absent,absent,4.07,52.0,annealing_T=75_h=5,20260523-062735,previous_detection,annealing_T=75_h=5,20260523-062735,20260919-004123,0.49244289008986525
73,831.14,799.22,0.900175,0.757053,20.0,51.65,0.75,annealing_T=150_h=25,absent,absent,16.24,829.0,annealing_T=125_h=5,20260725-020716,previous_detection,annealing_T=75_h=25,20260602-133829,20260919-004123,2.0577900767571595
73,831.14,799.22,-7.63401,0.865505,20.0,52.4,1.5,annealing_T=150_h=25,absent,absent,16.24,829.0,annealing_T=125_h=5,20260725-020716,previous_detection,annealing_T=75_h=25,20260602-133829,20260919-004123,2.0577900767571595
73,831.14,799.22,11.1999,0.906269,20.0,52.9,2.0,annealing_T=150_h=25,absent,absent,16.24,829.0,annealing_T=125_h=5,20260725-020716,previous_detection,annealing_T=75_h=25,20260602-133829,20260919-004123,2.0577900767571595
73,831.14,799.22,4.71087,0.877866,20.0,53.4,2.5,annealing_T=150_h=25,absent,absent,16.24,829.0,annealing_T=125_h=5,20260725-020716,previous_detection,annealing_T=75_h=25,20260602-133829,20260919-004123,2.0577900767571595
73,831.14,799.22,10.0087,1.05368,20.0,53.9,3.0,annealing_T=150_h=25,absent,absent,16.24,829.0,annealing_T=125_h=5,20260725-020716,previous_detection,annealing_T=75_h=25,20260602-133829,20260919-004123,2.0577900767571595
73,831.14,799.22,37.8935,1.30881,20.0,55.9,5.0,annealing_T=150_h=25,absent,absent,16.24,829.0,annealing_T=125_h=5,20260725-020716,previous_detection,annealing_T=75_h=25,20260602-133829,20260919-004123,2.0577900767571595
74,848.22,308.16,0.753121,0.0866599,20.0,51.65,0.75,annealing_T=150_h=25,absent,absent,4.92,76.0,annealing_T=75_h=25,20260602-133829,previous_detection,before_annealing,20260516-064844,20260919-004123,2.617479703837154
74,848.22,308.16,1.61046,0.106314,20.0,52.4,1.5,annealing_T=150_h=25,absent,absent,4.92,76.0,annealing_T=75_h=25,20260602-133829,previous_detection,before_annealing,20260516-064844,20260919-004123,2.617479703837154
74,848.22,308.16,0.100652,0.13772,20.0,52.9,2.0,annealing_T=150_h=25,absent,absent,4.92,76.0,annealing_T=75_h=25,20260602-133829,previous_detection,before_annealing,20260516-064844,20260919-004123,2.617479703837154
74,848.22,308.16,1.25722,0.100606,20.0,53.4,2.5,annealing_T=150_h=25,absent,absent,4.92,76.0,annealing_T=75_h=25,20260602-133829,previous_detection,before_annealing,20260516-064844,20260919-004123,2.617479703837154
74,848.22,308.16,3.10069,0.151373,20.0,53.9,3.0,annealing_T=150_h=25,absent,absent,4.92,76.0,annealing_T=75_h=25,20260602-133829,previous_detection,before_annealing,20260516-064844,20260919-004123,2.617479703837154
74,848.22,308.16,1.38438,0.14538,20.0,55.9,5.0,annealing_T=150_h=25,absent,absent,4.92,76.0,annealing_T=75_h=25,20260602-133829,previous_detection,before_annealing,20260516-064844,20260919-004123,2.617479703837154
75,848.84,168.69,1.85189,0.53632,20.0,51.65,0.75,annealing_T=150_h=25,present,present,12.4,483.0,annealing_T=150_h=25,20260919-004123,phase_detection,annealing_T=75_h=5,20260523-062735,20260919-004123,2.7440116617828445
75,848.84,168.69,23.9465,0.560697,20.0,52.4,1.5,annealing_T=150_h=25,present,present,12.4,483.0,annealing_T=150_h=25,20260919-004123,phase_detection,annealing_T=75_h=5,20260523-062735,20260919-004123,2.7440116617828445
75,848.84,168.69,39.1329,0.623636,20.0,52.9,2.0,annealing_T=150_h=25,present,present,12.4,483.0,annealing_T=150_h=25,20260919-004123,phase_detection,annealing_T=75_h=5,20260523-062735,20260919-004123,2.7440116617828445
75,848.84,168.69,67.4154,0.552174,20.0,53.4,2.5,annealing_T=150_h=25,present,present,12.4,483.0,annealing_T=150_h=25,20260919-004123,phase_detection,annealing_T=75_h=5,20260523-062735,20260919-004123,2.7440116617828445
75,848.84,168.69,89.4384,0.772217,20.0,53.9,3.0,annealing_T=150_h=25,present,present,12.4,483.0,annealing_T=150_h=25,20260919-004123,phase_detection,annealing_T=75_h=5,20260523-062735,20260919-004123,2.7440116617828445
75,848.84,168.69,237.826,0.986772,20.0,55.9,5.0,annealing_T=150_h=25,present,present,12.4,483.0,annealing_T=150_h=25,20260919-004123,phase_detection,annealing_T=75_h=5,20260523-062735,20260919-004123,2.7440116617828445
76,853.34,944.4,-0.973059,0.291148,20.0,51.65,0.75,annealing_T=150_h=25,absent,disappeared,5.92,110.0,annealing_T=150_h=5,20260912-010115,previous_detection,annealing_T=100_h=5,20260613-015321,20260919-004123,0.7884795495128593
76,853.34,944.4,-3.66622,0.325914,20.0,52.4,1.5,annealing_T=150_h=25,absent,disappeared,5.92,110.0,annealing_T=150_h=5,20260912-010115,previous_detection,annealing_T=100_h=5,20260613-015321,20260919-004123,0.7884795495128593
76,853.34,944.4,-1.47475,0.261845,20.0,52.9,2.0,annealing_T=150_h=25,absent,disappeared,5.92,110.0,annealing_T=150_h=5,20260912-010115,previous_detection,annealing_T=100_h=5,20260613-015321,20260919-004123,0.7884795495128593
76,853.34,944.4,0.144545,0.2576,20.0,53.4,2.5,annealing_T=150_h=25,absent,disappeared,5.92,110.0,annealing_T=150_h=5,20260912-010115,previous_detection,annealing_T=100_h=5,20260613-015321,20260919-004123,0.7884795495128593
76,853.34,944.4,-0.962247,0.489991,20.0,53.9,3.0,annealing_T=150_h=25,absent,disappeared,5.92,110.0,annealing_T=150_h=5,20260912-010115,previous_detection,annealing_T=100_h=5,20260613-015321,20260919-004123,0.7884795495128593
76,853.34,944.4,-0.862143,0.473171,20.0,55.9,5.0,annealing_T=150_h=25,absent,disappeared,5.92,110.0,annealing_T=150_h=5,20260912-010115,previous_detection,annealing_T=100_h=5,20260613-015321,20260919-004123,0.7884795495128593
77,882.79,272.58,6.51186,0.745384,20.0,51.65,0.75,annealing_T=150_h=25,present,present,14.32,644.0,annealing_T=150_h=25,20260919-004123,phase_detection,before_annealing,20260516-064844,20260919-004123,2.300543414065445
77,882.79,272.58,23.454,0.789667,20.0,52.4,1.5,annealing_T=150_h=25,present,present,14.32,644.0,annealing_T=150_h=25,20260919-004123,phase_detection,before_annealing,20260516-064844,20260919-004123,2.300543414065445
77,882.79,272.58,32.5434,0.916669,20.0,52.9,2.0,annealing_T=150_h=25,present,present,14.32,644.0,annealing_T=150_h=25,20260919-004123,phase_detection,before_annealing,20260516-064844,20260919-004123,2.300543414065445
77,882.79,272.58,47.205,0.838707,20.0,53.4,2.5,annealing_T=150_h=25,present,present,14.32,644.0,annealing_T=150_h=25,20260919-004123,phase_detection,before_annealing,20260516-064844,20260919-004123,2.300543414065445
77,882.79,272.58,73.6972,0.856658,20.0,53.9,3.0,annealing_T=150_h=25,present,present,14.32,644.0,annealing_T=150_h=25,20260919-004123,phase_detection,before_annealing,20260516-064844,20260919-004123,2.300543414065445
77,882.79,272.58,206.405,1.415,20.0,55.9,5.0,annealing_T=150_h=25,present,present,14.32,644.0,annealing_T=150_h=25,20260919-004123,phase_detection,before_annealing,20260516-064844,20260919-004123,2.300543414065445
78,883.61,868.05,-0.757444,0.507589,20.0,51.65,0.75,annealing_T=150_h=25,absent,absent,6.91,150.0,annealing_T=125_h=5,20260725-020716,previous_detection,annealing_T=100_h=5,20260613-015321,20260919-004123,2.5427544120500776
78,883.61,868.05,1.35376,0.494843,20.0,52.4,1.5,annealing_T=150_h=25,absent,absent,6.91,150.0,annealing_T=125_h=5,20260725-020716,previous_detection,annealing_T=100_h=5,20260613-015321,20260919-004123,2.5427544120500776
78,883.61,868.05,2.41871,0.516683,20.0,52.9,2.0,annealing_T=150_h=25,absent,absent,6.91,150.0,annealing_T=125_h=5,20260725-020716,previous_detection,annealing_T=100_h=5,20260613-015321,20260919-004123,2.5427544120500776
78,883.61,868.05,-1.62029,0.412768,20.0,53.4,2.5,annealing_T=150_h=25,absent,absent,6.91,150.0,annealing_T=125_h=5,20260725-020716,previous_detection,annealing_T=100_h=5,20260613-015321,20260919-004123,2.5427544120500776
78,883.61,868.05,-3.00204,0.610258,20.0,53.9,3.0,annealing_T=150_h=25,absent,absent,6.91,150.0,annealing_T=125_h=5,20260725-020716,previous_detection,annealing_T=100_h=5,20260613-015321,20260919-004123,2.5427544120500776
78,883.61,868.05,1.9312,0.618866,20.0,55.9,5.0,annealing_T=150_h=25,absent,absent,6.91,150.0,annealing_T=125_h=5,20260725-020716,previous_detection,annealing_T=100_h=5,20260613-015321,20260919-004123,2.5427544120500776
79,907.96,275.12,-0.0907714,0.3783,20.0,51.65,0.75,annealing_T=150_h=25,present,present,6.43,130.0,annealing_T=150_h=25,20260919-004123,phase_detection,before_annealing,20260516-064844,20260919-004123,2.597864507629307
79,907.96,275.12,10.3893,0.481429,20.0,52.4,1.5,annealing_T=150_h=25,present,present,6.43,130.0,annealing_T=150_h=25,20260919-004123,phase_detection,before_annealing,20260516-064844,20260919-004123,2.597864507629307
79,907.96,275.12,16.3525,0.547204,20.0,52.9,2.0,annealing_T=150_h=25,present,present,6.43,130.0,annealing_T=150_h=25,20260919-004123,phase_detection,before_annealing,20260516-064844,20260919-004123,2.597864507629307
79,907.96,275.12,28.2599,0.662744,20.0,53.4,2.5,annealing_T=150_h=25,present,present,6.43,130.0,annealing_T=150_h=25,20260919-004123,phase_detection,before_annealing,20260516-064844,20260919-004123,2.597864507629307
79,907.96,275.12,38.139,0.605067,20.0,53.9,3.0,annealing_T=150_h=25,present,present,6.43,130.0,annealing_T=150_h=25,20260919-004123,phase_detection,before_annealing,20260516-064844,20260919-004123,2.597864507629307
79,907.96,275.12,106.349,0.838365,20.0,55.9,5.0,annealing_T=150_h=25,present,present,6.43,130.0,annealing_T=150_h=25,20260919-004123,phase_detection,before_annealing,20260516-064844,20260919-004123,2.597864507629307
80,927.09,740.29,8.17595,0.431575,20.0,51.65,0.75,annealing_T=150_h=25,present,present,10.59,352.0,annealing_T=150_h=25,20260919-004123,phase_detection,annealing_T=125_h=5,20260725-020716,20260919-004123,1.1648175822848699
80,927.09,740.29,6.9351,0.465559,20.0,52.4,1.5,annealing_T=150_h=25,present,present,10.59,352.0,annealing_T=150_h=25,20260919-004123,phase_detection,annealing_T=125_h=5,20260725-020716,20260919-004123,1.1648175822848699
80,927.09,740.29,15.7658,0.528782,20.0,52.9,2.0,annealing_T=150_h=25,present,present,10.59,352.0,annealing_T=150_h=25,20260919-004123,phase_detection,annealing_T=125_h=5,20260725-020716,20260919-004123,1.1648175822848699
80,927.09,740.29,23.9381,0.476291,20.0,53.4,2.5,annealing_T=150_h=25,present,present,10.59,352.0,annealing_T=150_h=25,20260919-004123,phase_detection,annealing_T=125_h=5,20260725-020716,20260919-004123,1.1648175822848699
80,927.09,740.29,32.2797,0.710693,20.0,53.9,3.0,annealing_T=150_h=25,present,present,10.59,352.0,annealing_T=150_h=25,20260919-004123,phase_detection,annealing_T=125_h=5,20260725-020716,20260919-004123,1.1648175822848699
80,927.09,740.29,75.9201,0.708407,20.0,55.9,5.0,annealing_T=150_h=25,present,present,10.59,352.0,annealing_T=150_h=25,20260919-004123,phase_detection,annealing_T=125_h=5,20260725-020716,20260919-004123,1.1648175822848699
81,935.01,977.56,11.9865,0.984815,20.0,51.65,0.75,annealing_T=150_h=25,present,present,16.14,818.0,annealing_T=150_h=25,20260919-004123,phase_detection,before_annealing,20260516-064844,20260919-004123,2.0438444167794723
81,935.01,977.56,43.3386,0.834882,20.0,52.4,1.5,annealing_T=150_h=25,present,present,16.14,818.0,annealing_T=150_h=25,20260919-004123,phase_detection,before_annealing,20260516-064844,20260919-004123,2.0438444167794723
81,935.01,977.56,71.835,0.946517,20.0,52.9,2.0,annealing_T=150_h=25,present,present,16.14,818.0,annealing_T=150_h=25,20260919-004123,phase_detection,before_annealing,20260516-064844,20260919-004123,2.0438444167794723
81,935.01,977.56,116.746,1.23428,20.0,53.4,2.5,annealing_T=150_h=25,present,present,16.14,818.0,annealing_T=150_h=25,20260919-004123,phase_detection,before_annealing,20260516-064844,20260919-004123,2.0438444167794723
81,935.01,977.56,159.469,1.24068,20.0,53.9,3.0,annealing_T=150_h=25,present,present,16.14,818.0,annealing_T=150_h=25,20260919-004123,phase_detection,before_annealing,20260516-064844,20260919-004123,2.0438444167794723
81,935.01,977.56,436.503,1.7061,20.0,55.9,5.0,annealing_T=150_h=25,present,present,16.14,818.0,annealing_T=150_h=25,20260919-004123,phase_detection,before_annealing,20260516-064844,20260919-004123,2.0438444167794723
82,949.65,1040.63,7.52401,0.60251,20.0,51.65,0.75,annealing_T=150_h=25,present,present,12.1,460.0,annealing_T=150_h=25,20260919-004123,phase_detection,annealing_T=75_h=25,20260602-133829,20260919-004123,1.6479381056336908
82,949.65,1040.63,13.9124,0.721955,20.0,52.4,1.5,annealing_T=150_h=25,present,present,12.1,460.0,annealing_T=150_h=25,20260919-004123,phase_detection,annealing_T=75_h=25,20260602-133829,20260919-004123,1.6479381056336908
82,949.65,1040.63,19.2617,0.786049,20.0,52.9,2.0,annealing_T=150_h=25,present,present,12.1,460.0,annealing_T=150_h=25,20260919-004123,phase_detection,annealing_T=75_h=25,20260602-133829,20260919-004123,1.6479381056336908
82,949.65,1040.63,33.4732,0.801316,20.0,53.4,2.5,annealing_T=150_h=25,present,present,12.1,460.0,annealing_T=150_h=25,20260919-004123,phase_detection,annealing_T=75_h=25,20260602-133829,20260919-004123,1.6479381056336908
82,949.65,1040.63,35.7177,1.00689,20.0,53.9,3.0,annealing_T=150_h=25,present,present,12.1,460.0,annealing_T=150_h=25,20260919-004123,phase_detection,annealing_T=75_h=25,20260602-133829,20260919-004123,1.6479381056336908
82,949.65,1040.63,95.4854,0.985347,20.0,55.9,5.0,annealing_T=150_h=25,present,present,12.1,460.0,annealing_T=150_h=25,20260919-004123,phase_detection,annealing_T=75_h=25,20260602-133829,20260919-004123,1.6479381056336908
83,974.51,138.62,19.3388,0.531339,20.0,51.65,0.75,annealing_T=150_h=25,present,present,9.47,282.0,annealing_T=150_h=25,20260919-004123,phase_detection,annealing_T=100_h=5,20260613-015321,20260919-004123,2.821205416129641
83,974.51,138.62,45.6027,0.578808,20.0,52.4,1.5,annealing_T=150_h=25,present,present,9.47,282.0,annealing_T=150_h=25,20260919-004123,phase_detection,annealing_T=100_h=5,20260613-015321,20260919-004123,2.821205416129641
83,974.51,138.62,69.1698,0.629118,20.0,52.9,2.0,annealing_T=150_h=25,present,present,9.47,282.0,annealing_T=150_h=25,20260919-004123,phase_detection,annealing_T=100_h=5,20260613-015321,20260919-004123,2.821205416129641
83,974.51,138.62,101.488,0.762651,20.0,53.4,2.5,annealing_T=150_h=25,present,present,9.47,282.0,annealing_T=150_h=25,20260919-004123,phase_detection,annealing_T=100_h=5,20260613-015321,20260919-004123,2.821205416129641
83,974.51,138.62,125.05,0.704526,20.0,53.9,3.0,annealing_T=150_h=25,present,present,9.47,282.0,annealing_T=150_h=25,20260919-004123,phase_detection,annealing_T=100_h=5,20260613-015321,20260919-004123,2.821205416129641
83,974.51,138.62,253.995,1.0608,20.0,55.9,5.0,annealing_T=150_h=25,present,present,9.47,282.0,annealing_T=150_h=25,20260919-004123,phase_detection,annealing_T=100_h=5,20260613-015321,20260919-004123,2.821205416129641
84,978.51,702.19,1.42523,0.358694,20.0,51.65,0.75,annealing_T=150_h=25,absent,absent,6.21,121.0,annealing_T=125_h=5,20260725-020716,previous_detection,before_annealing,20260516-064844,20260919-004123,0.41761226035643423
84,978.51,702.19,-0.242267,0.297493,20.0,52.4,1.5,annealing_T=150_h=25,absent,absent,6.21,121.0,annealing_T=125_h=5,20260725-020716,previous_detection,before_annealing,20260516-064844,20260919-004123,0.41761226035643423
84,978.51,702.19,1.78507,0.487884,20.0,52.9,2.0,annealing_T=150_h=25,absent,absent,6.21,121.0,annealing_T=125_h=5,20260725-020716,previous_detection,before_annealing,20260516-064844,20260919-004123,0.41761226035643423
84,978.51,702.19,2.0114,0.380835,20.0,53.4,2.5,annealing_T=150_h=25,absent,absent,6.21,121.0,annealing_T=125_h=5,20260725-020716,previous_detection,before_annealing,20260516-064844,20260919-004123,0.41761226035643423
84,978.51,702.19,0.117265,0.438719,20.0,53.9,3.0,annealing_T=150_h=25,absent,absent,6.21,121.0,annealing_T=125_h=5,20260725-020716,previous_detection,before_annealing,20260516-064844,20260919-004123,0.41761226035643423
84,978.51,702.19,1.65823,0.599696,20.0,55.9,5.0,annealing_T=150_h=25,absent,absent,6.21,121.0,annealing_T=125_h=5,20260725-020716,previous_detection,before_annealing,20260516-064844,20260919-004123,0.41761226035643423
85,981.89,1061.05,-0.617351,0.773016,20.0,51.65,0.75,annealing_T=150_h=25,absent,disappeared,12.95,527.0,annealing_T=150_h=5,20260912-010115,previous_detection,annealing_T=75_h=25,20260602-133829,20260919-004123,0.8973850901370145
85,981.89,1061.05,2.7084,0.899402,20.0,52.4,1.5,annealing_T=150_h=25,absent,disappeared,12.95,527.0,annealing_T=150_h=5,20260912-010115,previous_detection,annealing_T=75_h=25,20260602-133829,20260919-004123,0.8973850901370145
85,981.89,1061.05,13.098,0.807641,20.0,52.9,2.0,annealing_T=150_h=25,absent,disappeared,12.95,527.0,annealing_T=150_h=5,20260912-010115,previous_detection,annealing_T=75_h=25,20260602-133829,20260919-004123,0.8973850901370145
85,981.89,1061.05,9.90788,0.91851,20.0,53.4,2.5,annealing_T=150_h=25,absent,disappeared,12.95,527.0,annealing_T=150_h=5,20260912-010115,previous_detection,annealing_T=75_h=25,20260602-133829,20260919-004123,0.8973850901370145
85,981.89,1061.05,26.2527,1.05204,20.0,53.9,3.0,annealing_T=150_h=25,absent,disappeared,12.95,527.0,annealing_T=150_h=5,20260912-010115,previous_detection,annealing_T=75_h=25,20260602-133829,20260919-004123,0.8973850901370145
85,981.89,1061.05,56.2756,1.23543,20.0,55.9,5.0,annealing_T=150_h=25,absent,disappeared,12.95,527.0,annealing_T=150_h=5,20260912-010115,previous_detection,annealing_T=75_h=25,20260602-133829,20260919-004123,0.8973850901370145
86,984.19,927.96,-1.03199,0.423442,20.0,51.65,0.75,annealing_T=150_h=25,absent,absent,5.81,106.0,annealing_T=100_h=25,20260629-230214,previous_detection,annealing_T=100_h=25,20260629-230214,20260919-004123,2.736073829413176
86,984.19,927.96,1.86396,0.287777,20.0,52.4,1.5,annealing_T=150_h=25,absent,absent,5.81,106.0,annealing_T=100_h=25,20260629-230214,previous_detection,annealing_T=100_h=25,20260629-230214,20260919-004123,2.736073829413176
86,984.19,927.96,-0.193628,0.406942,20.0,52.9,2.0,annealing_T=150_h=25,absent,absent,5.81,106.0,annealing_T=100_h=25,20260629-230214,previous_detection,annealing_T=100_h=25,20260629-230214,20260919-004123,2.736073829413176
86,984.19,927.96,2.38212,0.294444,20.0,53.4,2.5,annealing_T=150_h=25,absent,absent,5.81,106.0,annealing_T=100_h=25,20260629-230214,previous_detection,annealing_T=100_h=25,20260629-230214,20260919-004123,2.736073829413176
86,984.19,927.96,1.0471,0.202838,20.0,53.9,3.0,annealing_T=150_h=25,absent,absent,5.81,106.0,annealing_T=100_h=25,20260629-230214,previous_detection,annealing_T=100_h=25,20260629-230214,20260919-004123,2.736073829413176
86,984.19,927.96,4.58756,0.256188,20.0,55.9,5.0,annealing_T=150_h=25,absent,absent,5.81,106.0,annealing_T=100_h=25,20260629-230214,previous_detection,annealing_T=100_h=25,20260629-230214,20260919-004123,2.736073829413176
87,1006.39,764.19,6.68889,0.297252,20.0,51.65,0.75,annealing_T=150_h=25,present,present,10.06,318.0,annealing_T=150_h=25,20260919-004123,phase_detection,annealing_T=75_h=5,20260523-062735,20260919-004123,1.2358397954426643
87,1006.39,764.19,5.6758,0.449279,20.0,52.4,1.5,annealing_T=150_h=25,present,present,10.06,318.0,annealing_T=150_h=25,20260919-004123,phase_detection,annealing_T=75_h=5,20260523-062735,20260919-004123,1.2358397954426643
87,1006.39,764.19,6.29791,0.558267,20.0,52.9,2.0,annealing_T=150_h=25,present,present,10.06,318.0,annealing_T=150_h=25,20260919-004123,phase_detection,annealing_T=75_h=5,20260523-062735,20260919-004123,1.2358397954426643
87,1006.39,764.19,13.8658,0.54521,20.0,53.4,2.5,annealing_T=150_h=25,present,present,10.06,318.0,annealing_T=150_h=25,20260919-004123,phase_detection,annealing_T=75_h=5,20260523-062735,20260919-004123,1.2358397954426643
87,1006.39,764.19,22.538,0.760745,20.0,53.9,3.0,annealing_T=150_h=25,present,present,10.06,318.0,annealing_T=150_h=25,20260919-004123,phase_detection,annealing_T=75_h=5,20260523-062735,20260919-004123,1.2358397954426643
87,1006.39,764.19,57.1685,0.633689,20.0,55.9,5.0,annealing_T=150_h=25,present,present,10.06,318.0,annealing_T=150_h=25,20260919-004123,phase_detection,annealing_T=75_h=5,20260523-062735,20260919-004123,1.2358397954426643
88,1032.11,760.82,3.90438,0.744364,20.0,51.65,0.75,annealing_T=150_h=25,present,present,13.27,553.0,annealing_T=150_h=25,20260919-004123,phase_detection,annealing_T=75_h=5,20260523-062735,20260919-004123,1.3788763541376245
88,1032.11,760.82,20.5932,0.757005,20.0,52.4,1.5,annealing_T=150_h=25,present,present,13.27,553.0,annealing_T=150_h=25,20260919-004123,phase_detection,annealing_T=75_h=5,20260523-062735,20260919-004123,1.3788763541376245
88,1032.11,760.82,29.6197,0.851679,20.0,52.9,2.0,annealing_T=150_h=25,present,present,13.27,553.0,annealing_T=150_h=25,20260919-004123,phase_detection,annealing_T=75_h=5,20260523-062735,20260919-004123,1.3788763541376245
88,1032.11,760.82,41.0243,0.792236,20.0,53.4,2.5,annealing_T=150_h=25,present,present,13.27,553.0,annealing_T=150_h=25,20260919-004123,phase_detection,annealing_T=75_h=5,20260523-062735,20260919-004123,1.3788763541376245
88,1032.11,760.82,63.5327,1.08823,20.0,53.9,3.0,annealing_T=150_h=25,present,present,13.27,553.0,annealing_T=150_h=25,20260919-004123,phase_detection,annealing_T=75_h=5,20260523-062735,20260919-004123,1.3788763541376245
88,1032.11,760.82,174.43,1.22189,20.0,55.9,5.0,annealing_T=150_h=25,present,present,13.27,553.0,annealing_T=150_h=25,20260919-004123,phase_detection,annealing_T=75_h=5,20260523-062735,20260919-004123,1.3788763541376245
89,1060.75,682.52,-1.61828,0.292462,20.0,51.65,0.75,annealing_T=150_h=25,absent,absent,7.07,157.0,annealing_T=125_h=25,20260902-011233,previous_detection,annealing_T=75_h=5,20260523-062735,20260919-004123,0.44000000000005457
89,1060.75,682.52,0.134473,0.353969,20.0,52.4,1.5,annealing_T=150_h=25,absent,absent,7.07,157.0,annealing_T=125_h=25,20260902-011233,previous_detection,annealing_T=75_h=5,20260523-062735,20260919-004123,0.44000000000005457
89,1060.75,682.52,4.17652,0.125254,20.0,52.9,2.0,annealing_T=150_h=25,absent,absent,7.07,157.0,annealing_T=125_h=25,20260902-011233,previous_detection,annealing_T=75_h=5,20260523-062735,20260919-004123,0.44000000000005457
89,1060.75,682.52,5.35871,0.457466,20.0,53.4,2.5,annealing_T=150_h=25,absent,absent,7.07,157.0,annealing_T=125_h=25,20260902-011233,previous_detection,annealing_T=75_h=5,20260523-062735,20260919-004123,0.44000000000005457
89,1060.75,682.52,6.16824,0.451415,20.0,53.9,3.0,annealing_T=150_h=25,absent,absent,7.07,157.0,annealing_T=125_h=25,20260902-011233,previous_detection,annealing_T=75_h=5,20260523-062735,20260919-004123,0.44000000000005457
89,1060.75,682.52,9.64157,0.379886,20.0,55.9,5.0,annealing_T=150_h=25,absent,absent,7.07,157.0,annealing_T=125_h=25,20260902-011233,previous_detection,annealing_T=75_h=5,20260523-062735,20260919-004123,0.44000000000005457
90,1069.76,853.35,2.47568,0.51436,20.0,51.65,0.75,annealing_T=150_h=25,present,present,11.56,420.0,annealing_T=150_h=25,20260919-004123,phase_detection,annealing_T=75_h=5,20260523-062735,20260919-004123,0.9466784036830673
90,1069.76,853.35,8.75056,0.608581,20.0,52.4,1.5,annealing_T=150_h=25,present,present,11.56,420.0,annealing_T=150_h=25,20260919-004123,phase_detection,annealing_T=75_h=5,20260523-062735,20260919-004123,0.9466784036830673
90,1069.76,853.35,22.0395,0.540921,20.0,52.9,2.0,annealing_T=150_h=25,present,present,11.56,420.0,annealing_T=150_h=25,20260919-004123,phase_detection,annealing_T=75_h=5,20260523-062735,20260919-004123,0.9466784036830673
90,1069.76,853.35,33.9392,0.646216,20.0,53.4,2.5,annealing_T=150_h=25,present,present,11.56,420.0,annealing_T=150_h=25,20260919-004123,phase_detection,annealing_T=75_h=5,20260523-062735,20260919-004123,0.9466784036830673
90,1069.76,853.35,47.4289,0.805751,20.0,53.9,3.0,annealing_T=150_h=25,present,present,11.56,420.0,annealing_T=150_h=25,20260919-004123,phase_detection,annealing_T=75_h=5,20260523-062735,20260919-004123,0.9466784036830673
90,1069.76,853.35,124.868,0.983878,20.0,55.9,5.0,annealing_T=150_h=25,present,present,11.56,420.0,annealing_T=150_h=25,20260919-004123,phase_detection,annealing_T=75_h=5,20260523-062735,20260919-004123,0.9466784036830673
91,1084.46,489.36,-0.726274,0.268827,20.0,51.65,0.75,annealing_T=150_h=25,absent,absent,6.13,118.0,annealing_T=100_h=25,20260629-230214,previous_detection,before_annealing,20260516-064844,20260919-004123,1.0604244433244587
91,1084.46,489.36,-0.244493,0.361133,20.0,52.4,1.5,annealing_T=150_h=25,absent,absent,6.13,118.0,annealing_T=100_h=25,20260629-230214,previous_detection,before_annealing,20260516-064844,20260919-004123,1.0604244433244587
91,1084.46,489.36,0.126337,0.220807,20.0,52.9,2.0,annealing_T=150_h=25,absent,absent,6.13,118.0,annealing_T=100_h=25,20260629-230214,previous_detection,before_annealing,20260516-064844,20260919-004123,1.0604244433244587
91,1084.46,489.36,-0.0150971,0.383365,20.0,53.4,2.5,annealing_T=150_h=25,absent,absent,6.13,118.0,annealing_T=100_h=25,20260629-230214,previous_detection,before_annealing,20260516-064844,20260919-004123,1.0604244433244587
91,1084.46,489.36,0.382074,0.205953,20.0,53.9,3.0,annealing_T=150_h=25,absent,absent,6.13,118.0,annealing_T=100_h=25,20260629-230214,previous_detection,before_annealing,20260516-064844,20260919-004123,1.0604244433244587
91,1084.46,489.36,3.93968,0.254005,20.0,55.9,5.0,annealing_T=150_h=25,absent,absent,6.13,118.0,annealing_T=100_h=25,20260629-230214,previous_detection,before_annealing,20260516-064844,20260919-004123,1.0604244433244587
92,1093.52,322.78,1.14511,0.233216,20.0,51.65,0.75,annealing_T=150_h=25,absent,disappeared,7.53,178.0,annealing_T=150_h=5,20260912-010115,previous_detection,annealing_T=75_h=5,20260523-062735,20260919-004123,1.1030865786510158
92,1093.52,322.78,8.38121,0.264864,20.0,52.4,1.5,annealing_T=150_h=25,absent,disappeared,7.53,178.0,annealing_T=150_h=5,20260912-010115,previous_detection,annealing_T=75_h=5,20260523-062735,20260919-004123,1.1030865786510158
92,1093.52,322.78,10.0945,0.351067,20.0,52.9,2.0,annealing_T=150_h=25,absent,disappeared,7.53,178.0,annealing_T=150_h=5,20260912-010115,previous_detection,annealing_T=75_h=5,20260523-062735,20260919-004123,1.1030865786510158
92,1093.52,322.78,15.4695,0.402619,20.0,53.4,2.5,annealing_T=150_h=25,absent,disappeared,7.53,178.0,annealing_T=150_h=5,20260912-010115,previous_detection,annealing_T=75_h=5,20260523-062735,20260919-004123,1.1030865786510158
92,1093.52,322.78,17.9734,0.422041,20.0,53.9,3.0,annealing_T=150_h=25,absent,disappeared,7.53,178.0,annealing_T=150_h=5,20260912-010115,previous_detection,annealing_T=75_h=5,20260523-062735,20260919-004123,1.1030865786510158
92,1093.52,322.78,27.3904,0.497361,20.0,55.9,5.0,annealing_T=150_h=25,absent,disappeared,7.53,178.0,annealing_T=150_h=5,20260912-010115,previous_detection,annealing_T=75_h=5,20260523-062735,20260919-004123,1.1030865786510158
93,1096.64,254.4,-0.235472,0.0739254,20.0,51.65,0.75,annealing_T=150_h=25,absent,absent,4.22,56.0,annealing_T=100_h=5,20260613-015321,previous_detection,annealing_T=100_h=5,20260613-015321,20260919-004123,1.3566502865515881
93,1096.64,254.4,0.0185986,0.153887,20.0,52.4,1.5,annealing_T=150_h=25,absent,absent,4.22,56.0,annealing_T=100_h=5,20260613-015321,previous_detection,annealing_T=100_h=5,20260613-015321,20260919-004123,1.3566502865515881
93,1096.64,254.4,-0.319967,0.0975796,20.0,52.9,2.0,annealing_T=150_h=25,absent,absent,4.22,56.0,annealing_T=100_h=5,20260613-015321,previous_detection,annealing_T=100_h=5,20260613-015321,20260919-004123,1.3566502865515881
93,1096.64,254.4,-1.05687,0.233988,20.0,53.4,2.5,annealing_T=150_h=25,absent,absent,4.22,56.0,annealing_T=100_h=5,20260613-015321,previous_detection,annealing_T=100_h=5,20260613-015321,20260919-004123,1.3566502865515881
93,1096.64,254.4,-0.989934,0.153805,20.0,53.9,3.0,annealing_T=150_h=25,absent,absent,4.22,56.0,annealing_T=100_h=5,20260613-015321,previous_detection,annealing_T=100_h=5,20260613-015321,20260919-004123,1.3566502865515881
93,1096.64,254.4,0.780194,0.137899,20.0,55.9,5.0,annealing_T=150_h=25,absent,absent,4.22,56.0,annealing_T=100_h=5,20260613-015321,previous_detection,annealing_T=100_h=5,20260613-015321,20260919-004123,1.3566502865515881
94,1108.23,381.45,-0.741899,0.0921593,20.0,51.65,0.75,annealing_T=150_h=25,absent,absent,4.41,61.0,annealing_T=100_h=5,20260613-015321,previous_detection,before_annealing,20260516-064844,20260919-004123,0.9241753080450587
94,1108.23,381.45,-0.61135,0.239823,20.0,52.4,1.5,annealing_T=150_h=25,absent,absent,4.41,61.0,annealing_T=100_h=5,20260613-015321,previous_detection,before_annealing,20260516-064844,20260919-004123,0.9241753080450587
94,1108.23,381.45,-1.53129,0.249368,20.0,52.9,2.0,annealing_T=150_h=25,absent,absent,4.41,61.0,annealing_T=100_h=5,20260613-015321,previous_detection,before_annealing,20260516-064844,20260919-004123,0.9241753080450587
94,1108.23,381.45,-1.19339,0.134725,20.0,53.4,2.5,annealing_T=150_h=25,absent,absent,4.41,61.0,annealing_T=100_h=5,20260613-015321,previous_detection,before_annealing,20260516-064844,20260919-004123,0.9241753080450587
94,1108.23,381.45,1.20239,0.283519,20.0,53.9,3.0,annealing_T=150_h=25,absent,absent,4.41,61.0,annealing_T=100_h=5,20260613-015321,previous_detection,before_annealing,20260516-064844,20260919-004123,0.9241753080450587
94,1108.23,381.45,2.23585,0.348568,20.0,55.9,5.0,annealing_T=150_h=25,absent,absent,4.41,61.0,annealing_T=100_h=5,20260613-015321,previous_detection,before_annealing,20260516-064844,20260919-004123,0.9241753080450587
95,1111.14,282.22,-2.71657,0.408934,20.0,51.65,0.75,annealing_T=150_h=25,absent,absent,7.74,188.0,annealing_T=75_h=5,20260523-062735,previous_detection,before_annealing,20260516-064844,20260919-004123,2.520515820224231
95,1111.14,282.22,0.962083,0.445195,20.0,52.4,1.5,annealing_T=150_h=25,absent,absent,7.74,188.0,annealing_T=75_h=5,20260523-062735,previous_detection,before_annealing,20260516-064844,20260919-004123,2.520515820224231
95,1111.14,282.22,-4.31036,0.366217,20.0,52.9,2.0,annealing_T=150_h=25,absent,absent,7.74,188.0,annealing_T=75_h=5,20260523-062735,previous_detection,before_annealing,20260516-064844,20260919-004123,2.520515820224231
95,1111.14,282.22,1.47766,0.512884,20.0,53.4,2.5,annealing_T=150_h=25,absent,absent,7.74,188.0,annealing_T=75_h=5,20260523-062735,previous_detection,before_annealing,20260516-064844,20260919-004123,2.520515820224231
95,1111.14,282.22,0.785162,0.345675,20.0,53.9,3.0,annealing_T=150_h=25,absent,absent,7.74,188.0,annealing_T=75_h=5,20260523-062735,previous_detection,before_annealing,20260516-064844,20260919-004123,2.520515820224231
95,1111.14,282.22,1.41741,0.776914,20.0,55.9,5.0,annealing_T=150_h=25,absent,absent,7.74,188.0,annealing_T=75_h=5,20260523-062735,previous_detection,before_annealing,20260516-064844,20260919-004123,2.520515820224231
96,1111.27,794.15,3.78466,0.50179,20.0,51.65,0.75,annealing_T=150_h=25,present,reappeared,12.98,529.0,annealing_T=150_h=25,20260919-004123,phase_detection,before_annealing,20260516-064844,20260919-004123,0.7788452991448094
96,1111.27,794.15,16.7004,0.751662,20.0,52.4,1.5,annealing_T=150_h=25,present,reappeared,12.98,529.0,annealing_T=150_h=25,20260919-004123,phase_detection,before_annealing,20260516-064844,20260919-004123,0.7788452991448094
96,1111.27,794.15,16.1668,0.651115,20.0,52.9,2.0,annealing_T=150_h=25,present,reappeared,12.98,529.0,annealing_T=150_h=25,20260919-004123,phase_detection,before_annealing,20260516-064844,20260919-004123,0.7788452991448094
96,1111.27,794.15,30.7709,0.649451,20.0,53.4,2.5,annealing_T=150_h=25,present,reappeared,12.98,529.0,annealing_T=150_h=25,20260919-004123,phase_detection,before_annealing,20260516-064844,20260919-004123,0.7788452991448094
96,1111.27,794.15,38.9541,1.01033,20.0,53.9,3.0,annealing_T=150_h=25,present,reappeared,12.98,529.0,annealing_T=150_h=25,20260919-004123,phase_detection,before_annealing,20260516-064844,20260919-004123,0.7788452991448094
96,1111.27,794.15,101.223,1.1091,20.0,55.9,5.0,annealing_T=150_h=25,present,reappeared,12.98,529.0,annealing_T=150_h=25,20260919-004123,phase_detection,before_annealing,20260516-064844,20260919-004123,0.7788452991448094
97,1118.45,919.24,-1.15405,0.455249,20.0,51.65,0.75,annealing_T=150_h=25,absent,absent,8.23,213.0,annealing_T=100_h=25,20260629-230214,previous_detection,annealing_T=100_h=25,20260629-230214,20260919-004123,2.885706152746792
97,1118.45,919.24,4.30341,0.283701,20.0,52.4,1.5,annealing_T=150_h=25,absent,absent,8.23,213.0,annealing_T=100_h=25,20260629-230214,previous_detection,annealing_T=100_h=25,20260629-230214,20260919-004123,2.885706152746792
97,1118.45,919.24,-1.02013,0.534848,20.0,52.9,2.0,annealing_T=150_h=25,absent,absent,8.23,213.0,annealing_T=100_h=25,20260629-230214,previous_detection,annealing_T=100_h=25,20260629-230214,20260919-004123,2.885706152746792
97,1118.45,919.24,0.291556,0.521933,20.0,53.4,2.5,annealing_T=150_h=25,absent,absent,8.23,213.0,annealing_T=100_h=25,20260629-230214,previous_detection,annealing_T=100_h=25,20260629-230214,20260919-004123,2.885706152746792
97,1118.45,919.24,0.557616,0.637374,20.0,53.9,3.0,annealing_T=150_h=25,absent,absent,8.23,213.0,annealing_T=100_h=25,20260629-230214,previous_detection,annealing_T=100_h=25,20260629-230214,20260919-004123,2.885706152746792
97,1118.45,919.24,8.78928,0.547297,20.0,55.9,5.0,annealing_T=150_h=25,absent,absent,8.23,213.0,annealing_T=100_h=25,20260629-230214,previous_detection,annealing_T=100_h=25,20260629-230214,20260919-004123,2.885706152746792
98,1179.07,36.73,4.16621,0.481845,20.0,51.65,0.75,annealing_T=150_h=25,absent,disappeared,10.6,353.0,annealing_T=150_h=5,20260912-010115,previous_detection,annealing_T=100_h=25,20260629-230214,20260919-004123,4.49164780453683
98,1179.07,36.73,6.41868,0.66219,20.0,52.4,1.5,annealing_T=150_h=25,absent,disappeared,10.6,353.0,annealing_T=150_h=5,20260912-010115,previous_detection,annealing_T=100_h=25,20260629-230214,20260919-004123,4.49164780453683
98,1179.07,36.73,5.65205,0.59388,20.0,52.9,2.0,annealing_T=150_h=25,absent,disappeared,10.6,353.0,annealing_T=150_h=5,20260912-010115,previous_detection,annealing_T=100_h=25,20260629-230214,20260919-004123,4.49164780453683
98,1179.07,36.73,13.6392,0.62037,20.0,53.4,2.5,annealing_T=150_h=25,absent,disappeared,10.6,353.0,annealing_T=150_h=5,20260912-010115,previous_detection,annealing_T=100_h=25,20260629-230214,20260919-004123,4.49164780453683
98,1179.07,36.73,15.094,0.733331,20.0,53.9,3.0,annealing_T=150_h=25,absent,disappeared,10.6,353.0,annealing_T=150_h=5,20260912-010115,previous_detection,annealing_T=100_h=25,20260629-230214,20260919-004123,4.49164780453683
98,1179.07,36.73,30.7203,0.90379,20.0,55.9,5.0,annealing_T=150_h=25,absent,disappeared,10.6,353.0,annealing_T=150_h=5,20260912-010115,previous_detection,annealing_T=100_h=25,20260629-230214,20260919-004123,4.49164780453683
99,1183.58,909.94,2.91262,0.22907,20.0,51.65,0.75,annealing_T=150_h=25,absent,absent,6.6,137.0,annealing_T=125_h=5,20260725-020716,previous_detection,annealing_T=75_h=5,20260523-062735,20260919-004123,2.5154323684011914
99,1183.58,909.94,3.52163,0.184736,20.0,52.4,1.5,annealing_T=150_h=25,absent,absent,6.6,137.0,annealing_T=125_h=5,20260725-020716,previous_detection,annealing_T=75_h=5,20260523-062735,20260919-004123,2.5154323684011914
99,1183.58,909.94,9.01256,0.210315,20.0,52.9,2.0,annealing_T=150_h=25,absent,absent,6.6,137.0,annealing_T=125_h=5,20260725-020716,previous_detection,annealing_T=75_h=5,20260523-062735,20260919-004123,2.5154323684011914
99,1183.58,909.94,7.57921,0.316701,20.0,53.4,2.5,annealing_T=150_h=25,absent,absent,6.6,137.0,annealing_T=125_h=5,20260725-020716,previous_detection,annealing_T=75_h=5,20260523-062735,20260919-004123,2.5154323684011914
99,1183.58,909.94,11.9592,0.350899,20.0,53.9,3.0,annealing_T=150_h=25,absent,absent,6.6,137.0,annealing_T=125_h=5,20260725-020716,previous_detection,annealing_T=75_h=5,20260523-062735,20260919-004123,2.5154323684011914
99,1183.58,909.94,16.8241,0.393282,20.0,55.9,5.0,annealing_T=150_h=25,absent,absent,6.6,137.0,annealing_T=125_h=5,20260725-020716,previous_detection,annealing_T=75_h=5,20260523-062735,20260919-004123,2.5154323684011914
100,1187.93,758.26,0.422011,0.268951,20.0,51.65,0.75,annealing_T=150_h=25,absent,absent,6.86,148.0,annealing_T=125_h=5,20260725-020716,previous_detection,before_annealing,20260516-064844,20260919-004123,1.444610674195554
100,1187.93,758.26,1.07464,0.316591,20.0,52.4,1.5,annealing_T=150_h=25,absent,absent,6.86,148.0,annealing_T=125_h=5,20260725-020716,previous_detection,before_annealing,20260516-064844,20260919-004123,1.444610674195554
100,1187.93,758.26,0.225759,0.32918,20.0,52.9,2.0,annealing_T=150_h=25,absent,absent,6.86,148.0,annealing_T=125_h=5,20260725-020716,previous_detection,before_annealing,20260516-064844,20260919-004123,1.444610674195554
100,1187.93,758.26,-0.0308571,0.372617,20.0,53.4,2.5,annealing_T=150_h=25,absent,absent,6.86,148.0,annealing_T=125_h=5,20260725-020716,previous_detection,before_annealing,20260516-064844,20260919-004123,1.444610674195554
100,1187.93,758.26,3.12356,0.300287,20.0,53.9,3.0,annealing_T=150_h=25,absent,absent,6.86,148.0,annealing_T=125_h=5,20260725-020716,previous_detection,before_annealing,20260516-064844,20260919-004123,1.444610674195554
100,1187.93,758.26,8.85451,0.525391,20.0,55.9,5.0,annealing_T=150_h=25,absent,absent,6.86,148.0,annealing_T=125_h=5,20260725-020716,previous_detection,before_annealing,20260516-064844,20260919-004123,1.444610674195554
101,1202.66,201.26,1.56683,0.22932,20.0,51.65,0.75,annealing_T=150_h=25,absent,absent,4.37,60.0,annealing_T=125_h=25,20260902-011233,previous_detection,annealing_T=100_h=25,20260629-230214,20260919-004123,2.8026416110520755
101,1202.66,201.26,1.82784,0.230787,20.0,52.4,1.5,annealing_T=150_h=25,absent,absent,4.37,60.0,annealing_T=125_h=25,20260902-011233,previous_detection,annealing_T=100_h=25,20260629-230214,20260919-004123,2.8026416110520755
101,1202.66,201.26,1.37246,0.239015,20.0,52.9,2.0,annealing_T=150_h=25,absent,absent,4.37,60.0,annealing_T=125_h=25,20260902-011233,previous_detection,annealing_T=100_h=25,20260629-230214,20260919-004123,2.8026416110520755
101,1202.66,201.26,-0.814403,0.167313,20.0,53.4,2.5,annealing_T=150_h=25,absent,absent,4.37,60.0,annealing_T=125_h=25,20260902-011233,previous_detection,annealing_T=100_h=25,20260629-230214,20260919-004123,2.8026416110520755
101,1202.66,201.26,2.19279,0.291444,20.0,53.9,3.0,annealing_T=150_h=25,absent,absent,4.37,60.0,annealing_T=125_h=25,20260902-011233,previous_detection,annealing_T=100_h=25,20260629-230214,20260919-004123,2.8026416110520755
101,1202.66,201.26,4.15538,0.172628,20.0,55.9,5.0,annealing_T=150_h=25,absent,absent,4.37,60.0,annealing_T=125_h=25,20260902-011233,previous_detection,annealing_T=100_h=25,20260629-230214,20260919-004123,2.8026416110520755
102,1218.24,693.97,3.70752,0.273493,20.0,51.65,0.75,annealing_T=150_h=25,absent,disappeared,7.86,194.0,annealing_T=150_h=5,20260912-010115,previous_detection,before_annealing,20260516-064844,20260919-004123,0.9414881836751553
102,1218.24,693.97,3.88147,0.319747,20.0,52.4,1.5,annealing_T=150_h=25,absent,disappeared,7.86,194.0,annealing_T=150_h=5,20260912-010115,previous_detection,before_annealing,20260516-064844,20260919-004123,0.9414881836751553
102,1218.24,693.97,9.77716,0.392119,20.0,52.9,2.0,annealing_T=150_h=25,absent,disappeared,7.86,194.0,annealing_T=150_h=5,20260912-010115,previous_detection,before_annealing,20260516-064844,20260919-004123,0.9414881836751553
102,1218.24,693.97,7.57061,0.395459,20.0,53.4,2.5,annealing_T=150_h=25,absent,disappeared,7.86,194.0,annealing_T=150_h=5,20260912-010115,previous_detection,before_annealing,20260516-064844,20260919-004123,0.9414881836751553
102,1218.24,693.97,7.02001,0.54863,20.0,53.9,3.0,annealing_T=150_h=25,absent,disappeared,7.86,194.0,annealing_T=150_h=5,20260912-010115,previous_detection,before_annealing,20260516-064844,20260919-004123,0.9414881836751553
102,1218.24,693.97,25.1557,0.486206,20.0,55.9,5.0,annealing_T=150_h=25,absent,disappeared,7.86,194.0,annealing_T=150_h=5,20260912-010115,previous_detection,before_annealing,20260516-064844,20260919-004123,0.9414881836751553
103,1229.68,81.28,-2.58279,0.325904,20.0,51.65,0.75,annealing_T=150_h=25,absent,absent,8.72,239.0,annealing_T=125_h=5,20260725-020716,previous_detection,before_annealing,20260516-064844,20260919-004123,3.535703607487619
103,1229.68,81.28,1.62888,0.319298,20.0,52.4,1.5,annealing_T=150_h=25,absent,absent,8.72,239.0,annealing_T=125_h=5,20260725-020716,previous_detection,before_annealing,20260516-064844,20260919-004123,3.535703607487619
103,1229.68,81.28,1.56479,0.532991,20.0,52.9,2.0,annealing_T=150_h=25,absent,absent,8.72,239.0,annealing_T=125_h=5,20260725-020716,previous_detection,before_annealing,20260516-064844,20260919-004123,3.535703607487619
103,1229.68,81.28,4.01903,0.39442,20.0,53.4,2.5,annealing_T=150_h=25,absent,absent,8.72,239.0,annealing_T=125_h=5,20260725-020716,previous_detection,before_annealing,20260516-064844,20260919-004123,3.535703607487619
103,1229.68,81.28,8.34953,0.344962,20.0,53.9,3.0,annealing_T=150_h=25,absent,absent,8.72,239.0,annealing_T=125_h=5,20260725-020716,previous_detection,before_annealing,20260516-064844,20260919-004123,3.535703607487619
103,1229.68,81.28,25.3663,0.415702,20.0,55.9,5.0,annealing_T=150_h=25,absent,absent,8.72,239.0,annealing_T=125_h=5,20260725-020716,previous_detection,before_annealing,20260516-064844,20260919-004123,3.535703607487619
104,1237.47,901.41,6.86602,0.285085,20.0,51.65,0.75,annealing_T=150_h=25,present,present,8.96,252.0,annealing_T=150_h=25,20260919-004123,phase_detection,annealing_T=75_h=5,20260523-062735,20260919-004123,0.4669047011971296
104,1237.47,901.41,7.62758,0.35027,20.0,52.4,1.5,annealing_T=150_h=25,present,present,8.96,252.0,annealing_T=150_h=25,20260919-004123,phase_detection,annealing_T=75_h=5,20260523-062735,20260919-004123,0.4669047011971296
104,1237.47,901.41,14.507,0.297634,20.0,52.9,2.0,annealing_T=150_h=25,present,present,8.96,252.0,annealing_T=150_h=25,20260919-004123,phase_detection,annealing_T=75_h=5,20260523-062735,20260919-004123,0.4669047011971296
104,1237.47,901.41,16.7253,0.444752,20.0,53.4,2.5,annealing_T=150_h=25,present,present,8.96,252.0,annealing_T=150_h=25,20260919-004123,phase_detection,annealing_T=75_h=5,20260523-062735,20260919-004123,0.4669047011971296
104,1237.47,901.41,15.7065,0.354838,20.0,53.9,3.0,annealing_T=150_h=25,present,present,8.96,252.0,annealing_T=150_h=25,20260919-004123,phase_detection,annealing_T=75_h=5,20260523-062735,20260919-004123,0.4669047011971296
104,1237.47,901.41,40.5176,0.579478,20.0,55.9,5.0,annealing_T=150_h=25,present,present,8.96,252.0,annealing_T=150_h=25,20260919-004123,phase_detection,annealing_T=75_h=5,20260523-062735,20260919-004123,0.4669047011971296
105,1239.84,850.14,0.359886,0.429342,20.0,51.65,0.75,annealing_T=150_h=25,absent,absent,6.7,141.0,annealing_T=100_h=25,20260629-230214,previous_detection,annealing_T=100_h=25,20260629-230214,20260919-004123,2.6152055368556026
105,1239.84,850.14,0.903463,0.473597,20.0,52.4,1.5,annealing_T=150_h=25,absent,absent,6.7,141.0,annealing_T=100_h=25,20260629-230214,previous_detection,annealing_T=100_h=25,20260629-230214,20260919-004123,2.6152055368556026
105,1239.84,850.14,1.66303,0.422714,20.0,52.9,2.0,annealing_T=150_h=25,absent,absent,6.7,141.0,annealing_T=100_h=25,20260629-230214,previous_detection,annealing_T=100_h=25,20260629-230214,20260919-004123,2.6152055368556026
105,1239.84,850.14,-3.46429,0.606806,20.0,53.4,2.5,annealing_T=150_h=25,absent,absent,6.7,141.0,annealing_T=100_h=25,20260629-230214,previous_detection,annealing_T=100_h=25,20260629-230214,20260919-004123,2.6152055368556026
105,1239.84,850.14,0.3956,0.520778,20.0,53.9,3.0,annealing_T=150_h=25,absent,absent,6.7,141.0,annealing_T=100_h=25,20260629-230214,previous_detection,annealing_T=100_h=25,20260629-230214,20260919-004123,2.6152055368556026
105,1239.84,850.14,-2.81211,0.68292,20.0,55.9,5.0,annealing_T=150_h=25,absent,absent,6.7,141.0,annealing_T=100_h=25,20260629-230214,previous_detection,annealing_T=100_h=25,20260629-230214,20260919-004123,2.6152055368556026
106,1266.06,983.87,0.285301,0.210774,20.0,51.65,0.75,annealing_T=150_h=25,absent,absent,4.55,65.0,annealing_T=75_h=25,20260602-133829,previous_detection,annealing_T=75_h=5,20260523-062735,20260919-004123,4.441272340219614
106,1266.06,983.87,0.208066,0.216468,20.0,52.4,1.5,annealing_T=150_h=25,absent,absent,4.55,65.0,annealing_T=75_h=25,20260602-133829,previous_detection,annealing_T=75_h=5,20260523-062735,20260919-004123,4.441272340219614
106,1266.06,983.87,0.484648,0.183993,20.0,52.9,2.0,annealing_T=150_h=25,absent,absent,4.55,65.0,annealing_T=75_h=25,20260602-133829,previous_detection,annealing_T=75_h=5,20260523-062735,20260919-004123,4.441272340219614
106,1266.06,983.87,-1.4746,0.174003,20.0,53.4,2.5,annealing_T=150_h=25,absent,absent,4.55,65.0,annealing_T=75_h=25,20260602-133829,previous_detection,annealing_T=75_h=5,20260523-062735,20260919-004123,4.441272340219614
106,1266.06,983.87,-0.171027,0.264708,20.0,53.9,3.0,annealing_T=150_h=25,absent,absent,4.55,65.0,annealing_T=75_h=25,20260602-133829,previous_detection,annealing_T=75_h=5,20260523-062735,20260919-004123,4.441272340219614
106,1266.06,983.87,-0.862958,0.235321,20.0,55.9,5.0,annealing_T=150_h=25,absent,absent,4.55,65.0,annealing_T=75_h=25,20260602-133829,previous_detection,annealing_T=75_h=5,20260523-062735,20260919-004123,4.441272340219614
107,1279.44,557.02,-0.491641,0.651409,20.0,51.65,0.75,annealing_T=150_h=25,absent,absent,10.56,350.0,annealing_T=125_h=25,20260902-011233,previous_detection,before_annealing,20260516-064844,20260919-004123,1.081665382639285
107,1279.44,557.02,6.70834,0.667679,20.0,52.4,1.5,annealing_T=150_h=25,absent,absent,10.56,350.0,annealing_T=125_h=25,20260902-011233,previous_detection,before_annealing,20260516-064844,20260919-004123,1.081665382639285
107,1279.44,557.02,5.53429,0.64134,20.0,52.9,2.0,annealing_T=150_h=25,absent,absent,10.56,350.0,annealing_T=125_h=25,20260902-011233,previous_detection,before_annealing,20260516-064844,20260919-004123,1.081665382639285
107,1279.44,557.02,4.3165,0.808753,20.0,53.4,2.5,annealing_T=150_h=25,absent,absent,10.56,350.0,annealing_T=125_h=25,20260902-011233,previous_detection,before_annealing,20260516-064844,20260919-004123,1.081665382639285
107,1279.44,557.02,12.9576,0.890777,20.0,53.9,3.0,annealing_T=150_h=25,absent,absent,10.56,350.0,annealing_T=125_h=25,20260902-011233,previous_detection,before_annealing,20260516-064844,20260919-004123,1.081665382639285
107,1279.44,557.02,18.0575,1.12653,20.0,55.9,5.0,annealing_T=150_h=25,absent,absent,10.56,350.0,annealing_T=125_h=25,20260902-011233,previous_detection,before_annealing,20260516-064844,20260919-004123,1.081665382639285
108,1303.84,254.47,7.46601,0.220038,20.0,51.65,0.75,annealing_T=150_h=25,present,present,8.35,219.0,annealing_T=150_h=25,20260919-004123,phase_detection,annealing_T=150_h=5,20260912-010115,20260919-004123,2.315016198647333
108,1303.84,254.47,23.6345,0.41797,20.0,52.4,1.5,annealing_T=150_h=25,present,present,8.35,219.0,annealing_T=150_h=25,20260919-004123,phase_detection,annealing_T=150_h=5,20260912-010115,20260919-004123,2.315016198647333
108,1303.84,254.47,40.4856,0.368871,20.0,52.9,2.0,annealing_T=150_h=25,present,present,8.35,219.0,annealing_T=150_h=25,20260919-004123,phase_detection,annealing_T=150_h=5,20260912-010115,20260919-004123,2.315016198647333
108,1303.84,254.47,65.1419,0.488149,20.0,53.4,2.5,annealing_T=150_h=25,present,present,8.35,219.0,annealing_T=150_h=25,20260919-004123,phase_detection,annealing_T=150_h=5,20260912-010115,20260919-004123,2.315016198647333
108,1303.84,254.47,94.6162,0.570077,20.0,53.9,3.0,annealing_T=150_h=25,present,present,8.35,219.0,annealing_T=150_h=25,20260919-004123,phase_detection,annealing_T=150_h=5,20260912-010115,20260919-004123,2.315016198647333
108,1303.84,254.47,267.928,0.817523,20.0,55.9,5.0,annealing_T=150_h=25,present,present,8.35,219.0,annealing_T=150_h=25,20260919-004123,phase_detection,annealing_T=150_h=5,20260912-010115,20260919-004123,2.315016198647333
109,1335.99,799.31,-0.18105,0.0575355,20.0,51.65,0.75,annealing_T=150_h=25,absent,absent,2.88,26.0,before_annealing,20260516-064844,previous_detection,before_annealing,20260516-064844,20260919-004123,0.0
109,1335.99,799.31,-0.151969,0.0608869,20.0,52.4,1.5,annealing_T=150_h=25,absent,absent,2.88,26.0,before_annealing,20260516-064844,previous_detection,before_annealing,20260516-064844,20260919-004123,0.0
109,1335.99,799.31,1.14243,0.0539504,20.0,52.9,2.0,annealing_T=150_h=25,absent,absent,2.88,26.0,before_annealing,20260516-064844,previous_detection,before_annealing,20260516-064844,20260919-004123,0.0
109,1335.99,799.31,0.438419,0.0858317,20.0,53.4,2.5,annealing_T=150_h=25,absent,absent,2.88,26.0,before_annealing,20260516-064844,previous_detection,before_annealing,20260516-064844,20260919-004123,0.0
109,1335.99,799.31,-0.538228,0.0902458,20.0,53.9,3.0,annealing_T=150_h=25,absent,absent,2.88,26.0,before_annealing,20260516-064844,previous_detection,before_annealing,20260516-064844,20260919-004123,0.0
109,1335.99,799.31,-0.788384,0.107631,20.0,55.9,5.0,annealing_T=150_h=25,absent,absent,2.88,26.0,before_annealing,20260516-064844,previous_detection,before_annealing,20260516-064844,20260919-004123,0.0
110,1339.66,200.12,3.01057,0.331866,20.0,51.65,0.75,annealing_T=150_h=25,absent,absent,6.58,136.0,annealing_T=75_h=5,20260523-062735,previous_detection,annealing_T=75_h=5,20260523-062735,20260919-004123,3.5551933843323615
110,1339.66,200.12,1.78263,0.333797,20.0,52.4,1.5,annealing_T=150_h=25,absent,absent,6.58,136.0,annealing_T=75_h=5,20260523-062735,previous_detection,annealing_T=75_h=5,20260523-062735,20260919-004123,3.5551933843323615
110,1339.66,200.12,-1.79819,0.321102,20.0,52.9,2.0,annealing_T=150_h=25,absent,absent,6.58,136.0,annealing_T=75_h=5,20260523-062735,previous_detection,annealing_T=75_h=5,20260523-062735,20260919-004123,3.5551933843323615
110,1339.66,200.12,-2.0589,0.284681,20.0,53.4,2.5,annealing_T=150_h=25,absent,absent,6.58,136.0,annealing_T=75_h=5,20260523-062735,previous_detection,annealing_T=75_h=5,20260523-062735,20260919-004123,3.5551933843323615
110,1339.66,200.12,-0.464544,0.430824,20.0,53.9,3.0,annealing_T=150_h=25,absent,absent,6.58,136.0,annealing_T=75_h=5,20260523-062735,previous_detection,annealing_T=75_h=5,20260523-062735,20260919-004123,3.5551933843323615
110,1339.66,200.12,-2.52535,0.361479,20.0,55.9,5.0,annealing_T=150_h=25,absent,absent,6.58,136.0,annealing_T=75_h=5,20260523-062735,previous_detection,annealing_T=75_h=5,20260523-062735,20260919-004123,3.5551933843323615
111,1345.66,546.03,4.13623,0.363963,20.0,51.65,0.75,annealing_T=150_h=25,present,present,7.78,190.0,annealing_T=150_h=25,20260919-004123,phase_detection,annealing_T=75_h=25,20260602-133829,20260919-004123,1.3720058308915157
111,1345.66,546.03,9.01864,0.364774,20.0,52.4,1.5,annealing_T=150_h=25,present,present,7.78,190.0,annealing_T=150_h=25,20260919-004123,phase_detection,annealing_T=75_h=25,20260602-133829,20260919-004123,1.3720058308915157
111,1345.66,546.03,14.0645,0.507259,20.0,52.9,2.0,annealing_T=150_h=25,present,present,7.78,190.0,annealing_T=150_h=25,20260919-004123,phase_detection,annealing_T=75_h=25,20260602-133829,20260919-004123,1.3720058308915157
111,1345.66,546.03,28.4204,0.349076,20.0,53.4,2.5,annealing_T=150_h=25,present,present,7.78,190.0,annealing_T=150_h=25,20260919-004123,phase_detection,annealing_T=75_h=25,20260602-133829,20260919-004123,1.3720058308915157
111,1345.66,546.03,41.5749,0.618797,20.0,53.9,3.0,annealing_T=150_h=25,present,present,7.78,190.0,annealing_T=150_h=25,20260919-004123,phase_detection,annealing_T=75_h=25,20260602-133829,20260919-004123,1.3720058308915157
111,1345.66,546.03,101.425,0.913306,20.0,55.9,5.0,annealing_T=150_h=25,present,present,7.78,190.0,annealing_T=150_h=25,20260919-004123,phase_detection,annealing_T=75_h=25,20260602-133829,20260919-004123,1.3720058308915157
112,1347.75,133.91,-2.87846,0.307677,20.0,51.65,0.75,annealing_T=150_h=25,absent,absent,8.46,225.0,annealing_T=125_h=5,20260725-020716,previous_detection,annealing_T=100_h=25,20260629-230214,20260919-004123,3.3582882544535044
112,1347.75,133.91,-2.79704,0.321776,20.0,52.4,1.5,annealing_T=150_h=25,absent,absent,8.46,225.0,annealing_T=125_h=5,20260725-020716,previous_detection,annealing_T=100_h=25,20260629-230214,20260919-004123,3.3582882544535044
112,1347.75,133.91,-1.08032,0.379095,20.0,52.9,2.0,annealing_T=150_h=25,absent,absent,8.46,225.0,annealing_T=125_h=5,20260725-020716,previous_detection,annealing_T=100_h=25,20260629-230214,20260919-004123,3.3582882544535044
112,1347.75,133.91,-1.83245,0.340508,20.0,53.4,2.5,annealing_T=150_h=25,absent,absent,8.46,225.0,annealing_T=125_h=5,20260725-020716,previous_detection,annealing_T=100_h=25,20260629-230214,20260919-004123,3.3582882544535044
112,1347.75,133.91,0.475173,0.493495,20.0,53.9,3.0,annealing_T=150_h=25,absent,absent,8.46,225.0,annealing_T=125_h=5,20260725-020716,previous_detection,annealing_T=100_h=25,20260629-230214,20260919-004123,3.3582882544535044
112,1347.75,133.91,-1.48986,0.427523,20.0,55.9,5.0,annealing_T=150_h=25,absent,absent,8.46,225.0,annealing_T=125_h=5,20260725-020716,previous_detection,annealing_T=100_h=25,20260629-230214,20260919-004123,3.3582882544535044
113,1347.3,793.98,3.62523,0.098792,20.0,51.65,0.75,annealing_T=150_h=25,absent,absent,5.2,85.0,annealing_T=125_h=5,20260725-020716,previous_detection,before_annealing,20260516-064844,20260919-004123,2.747817315616169
113,1347.3,793.98,1.51904,0.120877,20.0,52.4,1.5,annealing_T=150_h=25,absent,absent,5.2,85.0,annealing_T=125_h=5,20260725-020716,previous_detection,before_annealing,20260516-064844,20260919-004123,2.747817315616169
113,1347.3,793.98,2.17292,0.159234,20.0,52.9,2.0,annealing_T=150_h=25,absent,absent,5.2,85.0,annealing_T=125_h=5,20260725-020716,previous_detection,before_annealing,20260516-064844,20260919-004123,2.747817315616169
113,1347.3,793.98,2.44628,0.12533,20.0,53.4,2.5,annealing_T=150_h=25,absent,absent,5.2,85.0,annealing_T=125_h=5,20260725-020716,previous_detection,before_annealing,20260516-064844,20260919-004123,2.747817315616169
113,1347.3,793.98,0.820138,0.160908,20.0,53.9,3.0,annealing_T=150_h=25,absent,absent,5.2,85.0,annealing_T=125_h=5,20260725-020716,previous_detection,before_annealing,20260516-064844,20260919-004123,2.747817315616169
113,1347.3,793.98,9.48841,0.203858,20.0,55.9,5.0,annealing_T=150_h=25,absent,absent,5.2,85.0,annealing_T=125_h=5,20260725-020716,previous_detection,before_annealing,20260516-064844,20260919-004123,2.747817315616169
114,1352.98,251.67,4.59237,0.293682,20.0,51.65,0.75,annealing_T=150_h=25,present,reappeared,6.43,130.0,annealing_T=150_h=25,20260919-004123,phase_detection,annealing_T=75_h=5,20260523-062735,20260919-004123,2.6405491853021767
114,1352.98,251.67,5.35808,0.306617,20.0,52.4,1.5,annealing_T=150_h=25,present,reappeared,6.43,130.0,annealing_T=150_h=25,20260919-004123,phase_detection,annealing_T=75_h=5,20260523-062735,20260919-004123,2.6405491853021767
114,1352.98,251.67,13.443,0.27439,20.0,52.9,2.0,annealing_T=150_h=25,present,reappeared,6.43,130.0,annealing_T=150_h=25,20260919-004123,phase_detection,annealing_T=75_h=5,20260523-062735,20260919-004123,2.6405491853021767
114,1352.98,251.67,15.4941,0.28337,20.0,53.4,2.5,annealing_T=150_h=25,present,reappeared,6.43,130.0,annealing_T=150_h=25,20260919-004123,phase_detection,annealing_T=75_h=5,20260523-062735,20260919-004123,2.6405491853021767
114,1352.98,251.67,20.7607,0.308825,20.0,53.9,3.0,annealing_T=150_h=25,present,reappeared,6.43,130.0,annealing_T=150_h=25,20260919-004123,phase_detection,annealing_T=75_h=5,20260523-062735,20260919-004123,2.6405491853021767
114,1352.98,251.67,34.7782,0.552289,20.0,55.9,5.0,annealing_T=150_h=25,present,reappeared,6.43,130.0,annealing_T=150_h=25,20260919-004123,phase_detection,annealing_T=75_h=5,20260523-062735,20260919-004123,2.6405491853021767
115,1359.82,40.34,-1.50395,0.525726,20.0,51.65,0.75,annealing_T=150_h=25,absent,disappeared,10.46,344.0,annealing_T=150_h=5,20260912-010115,previous_detection,before_annealing,20260516-064844,20260919-004123,1.0438869670610529
115,1359.82,40.34,0.649304,0.528984,20.0,52.4,1.5,annealing_T=150_h=25,absent,disappeared,10.46,344.0,annealing_T=150_h=5,20260912-010115,previous_detection,before_annealing,20260516-064844,20260919-004123,1.0438869670610529
115,1359.82,40.34,11.1427,0.460356,20.0,52.9,2.0,annealing_T=150_h=25,absent,disappeared,10.46,344.0,annealing_T=150_h=5,20260912-010115,previous_detection,before_annealing,20260516-064844,20260919-004123,1.0438869670610529
115,1359.82,40.34,22.7165,0.582137,20.0,53.4,2.5,annealing_T=150_h=25,absent,disappeared,10.46,344.0,annealing_T=150_h=5,20260912-010115,previous_detection,before_annealing,20260516-064844,20260919-004123,1.0438869670610529
115,1359.82,40.34,16.083,0.76997,20.0,53.9,3.0,annealing_T=150_h=25,absent,disappeared,10.46,344.0,annealing_T=150_h=5,20260912-010115,previous_detection,before_annealing,20260516-064844,20260919-004123,1.0438869670610529
115,1359.82,40.34,60.1496,0.865355,20.0,55.9,5.0,annealing_T=150_h=25,absent,disappeared,10.46,344.0,annealing_T=150_h=5,20260912-010115,previous_detection,before_annealing,20260516-064844,20260919-004123,1.0438869670610529
116,1365.6,576.49,-0.311278,0.283494,20.0,51.65,0.75,annealing_T=150_h=25,absent,absent,6.48,132.0,annealing_T=125_h=5,20260725-020716,previous_detection,annealing_T=125_h=5,20260725-020716,20260919-004123,1.535512943612005
116,1365.6,576.49,-2.71586,0.18842,20.0,52.4,1.5,annealing_T=150_h=25,absent,absent,6.48,132.0,annealing_T=125_h=5,20260725-020716,previous_detection,annealing_T=125_h=5,20260725-020716,20260919-004123,1.535512943612005
116,1365.6,576.49,0.874129,0.207835,20.0,52.9,2.0,annealing_T=150_h=25,absent,absent,6.48,132.0,annealing_T=125_h=5,20260725-020716,previous_detection,annealing_T=125_h=5,20260725-020716,20260919-004123,1.535512943612005
116,1365.6,576.49,1.00167,0.168871,20.0,53.4,2.5,annealing_T=150_h=25,absent,absent,6.48,132.0,annealing_T=125_h=5,20260725-020716,previous_detection,annealing_T=125_h=5,20260725-020716,20260919-004123,1.535512943612005
116,1365.6,576.49,1.23246,0.344685,20.0,53.9,3.0,annealing_T=150_h=25,absent,absent,6.48,132.0,annealing_T=125_h=5,20260725-020716,previous_detection,annealing_T=125_h=5,20260725-020716,20260919-004123,1.535512943612005
116,1365.6,576.49,-1.71347,0.226474,20.0,55.9,5.0,annealing_T=150_h=25,absent,absent,6.48,132.0,annealing_T=125_h=5,20260725-020716,previous_detection,annealing_T=125_h=5,20260725-020716,20260919-004123,1.535512943612005
117,1366.58,983.75,0.642587,0.435497,20.0,51.65,0.75,annealing_T=150_h=25,present,present,10.6,353.0,annealing_T=150_h=25,20260919-004123,phase_detection,before_annealing,20260516-064844,20260919-004123,2.1275807857752635
117,1366.58,983.75,4.69841,0.555945,20.0,52.4,1.5,annealing_T=150_h=25,present,present,10.6,353.0,annealing_T=150_h=25,20260919-004123,phase_detection,before_annealing,20260516-064844,20260919-004123,2.1275807857752635
117,1366.58,983.75,9.99803,0.466259,20.0,52.9,2.0,annealing_T=150_h=25,present,present,10.6,353.0,annealing_T=150_h=25,20260919-004123,phase_detection,before_annealing,20260516-064844,20260919-004123,2.1275807857752635
117,1366.58,983.75,14.239,0.582489,20.0,53.4,2.5,annealing_T=150_h=25,present,present,10.6,353.0,annealing_T=150_h=25,20260919-004123,phase_detection,before_annealing,20260516-064844,20260919-004123,2.1275807857752635
117,1366.58,983.75,22.6914,0.412253,20.0,53.9,3.0,annealing_T=150_h=25,present,present,10.6,353.0,annealing_T=150_h=25,20260919-004123,phase_detection,before_annealing,20260516-064844,20260919-004123,2.1275807857752635
117,1366.58,983.75,33.7729,0.765475,20.0,55.9,5.0,annealing_T=150_h=25,present,present,10.6,353.0,annealing_T=150_h=25,20260919-004123,phase_detection,before_annealing,20260516-064844,20260919-004123,2.1275807857752635
118,1385.2,1031.81,-0.276896,0.308761,20.0,51.65,0.75,annealing_T=150_h=25,absent,disappeared,8.48,226.0,annealing_T=150_h=5,20260912-010115,previous_detection,annealing_T=75_h=25,20260602-133829,20260919-004123,0.3905124837952978
118,1385.2,1031.81,2.7453,0.304555,20.0,52.4,1.5,annealing_T=150_h=25,absent,disappeared,8.48,226.0,annealing_T=150_h=5,20260912-010115,previous_detection,annealing_T=75_h=25,20260602-133829,20260919-004123,0.3905124837952978
118,1385.2,1031.81,7.96207,0.360232,20.0,52.9,2.0,annealing_T=150_h=25,absent,disappeared,8.48,226.0,annealing_T=150_h=5,20260912-010115,previous_detection,annealing_T=75_h=25,20260602-133829,20260919-004123,0.3905124837952978
118,1385.2,1031.81,9.35344,0.413556,20.0,53.4,2.5,annealing_T=150_h=25,absent,disappeared,8.48,226.0,annealing_T=150_h=5,20260912-010115,previous_detection,annealing_T=75_h=25,20260602-133829,20260919-004123,0.3905124837952978
118,1385.2,1031.81,14.289,0.475287,20.0,53.9,3.0,annealing_T=150_h=25,absent,disappeared,8.48,226.0,annealing_T=150_h=5,20260912-010115,previous_detection,annealing_T=75_h=25,20260602-133829,20260919-004123,0.3905124837952978
118,1385.2,1031.81,21.8689,0.591128,20.0,55.9,5.0,annealing_T=150_h=25,absent,disappeared,8.48,226.0,annealing_T=150_h=5,20260912-010115,previous_detection,annealing_T=75_h=25,20260602-133829,20260919-004123,0.3905124837952978
119,1403.85,34.04,2.14644,0.304016,20.0,51.65,0.75,annealing_T=150_h=25,absent,absent,8.87,247.0,annealing_T=125_h=5,20260725-020716,previous_detection,before_annealing,20260516-064844,20260919-004123,4.008004491015095
119,1403.85,34.04,2.42407,0.215897,20.0,52.4,1.5,annealing_T=150_h=25,absent,absent,8.87,247.0,annealing_T=125_h=5,20260725-020716,previous_detection,before_annealing,20260516-064844,20260919-004123,4.008004491015095
119,1403.85,34.04,6.17565,0.308629,20.0,52.9,2.0,annealing_T=150_h=25,absent,absent,8.87,247.0,annealing_T=125_h=5,20260725-020716,previous_detection,before_annealing,20260516-064844,20260919-004123,4.008004491015095
119,1403.85,34.04,6.54278,0.350151,20.0,53.4,2.5,annealing_T=150_h=25,absent,absent,8.87,247.0,annealing_T=125_h=5,20260725-020716,previous_detection,before_annealing,20260516-064844,20260919-004123,4.008004491015095
119,1403.85,34.04,7.83837,0.345743,20.0,53.9,3.0,annealing_T=150_h=25,absent,absent,8.87,247.0,annealing_T=125_h=5,20260725-020716,previous_detection,before_annealing,20260516-064844,20260919-004123,4.008004491015095
119,1403.85,34.04,20.8724,0.47679,20.0,55.9,5.0,annealing_T=150_h=25,absent,absent,8.87,247.0,annealing_T=125_h=5,20260725-020716,previous_detection,before_annealing,20260516-064844,20260919-004123,4.008004491015095
120,1401.8,765.95,5.6347,0.242821,20.0,51.65,0.75,annealing_T=150_h=25,absent,disappeared,9.76,299.0,annealing_T=150_h=5,20260912-010115,previous_detection,before_annealing,20260516-064844,20260919-004123,0.25495097567956343
120,1401.8,765.95,4.3849,0.366699,20.0,52.4,1.5,annealing_T=150_h=25,absent,disappeared,9.76,299.0,annealing_T=150_h=5,20260912-010115,previous_detection,before_annealing,20260516-064844,20260919-004123,0.25495097567956343
120,1401.8,765.95,5.69525,0.444438,20.0,52.9,2.0,annealing_T=150_h=25,absent,disappeared,9.76,299.0,annealing_T=150_h=5,20260912-010115,previous_detection,before_annealing,20260516-064844,20260919-004123,0.25495097567956343
120,1401.8,765.95,12.1237,0.514146,20.0,53.4,2.5,annealing_T=150_h=25,absent,disappeared,9.76,299.0,annealing_T=150_h=5,20260912-010115,previous_detection,before_annealing,20260516-064844,20260919-004123,0.25495097567956343
120,1401.8,765.95,13.2981,0.457753,20.0,53.9,3.0,annealing_T=150_h=25,absent,disappeared,9.76,299.0,annealing_T=150_h=5,20260912-010115,previous_detection,before_annealing,20260516-064844,20260919-004123,0.25495097567956343
120,1401.8,765.95,22.9757,0.591219,20.0,55.9,5.0,annealing_T=150_h=25,absent,disappeared,9.76,299.0,annealing_T=150_h=5,20260912-010115,previous_detection,before_annealing,20260516-064844,20260919-004123,0.25495097567956343
121,1426.16,860.35,0.241054,0.129696,20.0,51.65,0.75,annealing_T=150_h=25,absent,absent,2.82,25.0,before_annealing,20260516-064844,previous_detection,before_annealing,20260516-064844,20260919-004123,0.0
121,1426.16,860.35,0.264631,0.167152,20.0,52.4,1.5,annealing_T=150_h=25,absent,absent,2.82,25.0,before_annealing,20260516-064844,previous_detection,before_annealing,20260516-064844,20260919-004123,0.0
121,1426.16,860.35,0.29412,0.148211,20.0,52.9,2.0,annealing_T=150_h=25,absent,absent,2.82,25.0,before_annealing,20260516-064844,previous_detection,before_annealing,20260516-064844,20260919-004123,0.0
121,1426.16,860.35,1.0479,0.190457,20.0,53.4,2.5,annealing_T=150_h=25,absent,absent,2.82,25.0,before_annealing,20260516-064844,previous_detection,before_annealing,20260516-064844,20260919-004123,0.0
121,1426.16,860.35,0.452861,0.218384,20.0,53.9,3.0,annealing_T=150_h=25,absent,absent,2.82,25.0,before_annealing,20260516-064844,previous_detection,before_annealing,20260516-064844,20260919-004123,0.0
121,1426.16,860.35,0.474463,0.0985086,20.0,55.9,5.0,annealing_T=150_h=25,absent,absent,2.82,25.0,before_annealing,20260516-064844,previous_detection,before_annealing,20260516-064844,20260919-004123,0.0
122,1439.57,627.62,0.425681,0.312368,20.0,51.65,0.75,annealing_T=150_h=25,present,reappeared,8.12,207.0,annealing_T=150_h=25,20260919-004123,phase_detection,annealing_T=75_h=5,20260523-062735,20260919-004123,1.7200290695218188
122,1439.57,627.62,2.14921,0.472427,20.0,52.4,1.5,annealing_T=150_h=25,present,reappeared,8.12,207.0,annealing_T=150_h=25,20260919-004123,phase_detection,annealing_T=75_h=5,20260523-062735,20260919-004123,1.7200290695218188
122,1439.57,627.62,5.57599,0.434594,20.0,52.9,2.0,annealing_T=150_h=25,present,reappeared,8.12,207.0,annealing_T=150_h=25,20260919-004123,phase_detection,annealing_T=75_h=5,20260523-062735,20260919-004123,1.7200290695218188
122,1439.57,627.62,27.4242,0.530293,20.0,53.4,2.5,annealing_T=150_h=25,present,reappeared,8.12,207.0,annealing_T=150_h=25,20260919-004123,phase_detection,annealing_T=75_h=5,20260523-062735,20260919-004123,1.7200290695218188
122,1439.57,627.62,70.7506,0.429274,20.0,53.9,3.0,annealing_T=150_h=25,present,reappeared,8.12,207.0,annealing_T=150_h=25,20260919-004123,phase_detection,annealing_T=75_h=5,20260523-062735,20260919-004123,1.7200290695218188
122,1439.57,627.62,238.39,0.879025,20.0,55.9,5.0,annealing_T=150_h=25,present,reappeared,8.12,207.0,annealing_T=150_h=25,20260919-004123,phase_detection,annealing_T=75_h=5,20260523-062735,20260919-004123,1.7200290695218188
123,1448.71,586.56,0.477934,0.34573,20.0,51.65,0.75,annealing_T=150_h=25,absent,absent,5.92,110.0,annealing_T=100_h=5,20260613-015321,previous_detection,annealing_T=75_h=25,20260602-133829,20260919-004123,2.0900956915891813
123,1448.71,586.56,-0.0528169,0.296019,20.0,52.4,1.5,annealing_T=150_h=25,absent,absent,5.92,110.0,annealing_T=100_h=5,20260613-015321,previous_detection,annealing_T=75_h=25,20260602-133829,20260919-004123,2.0900956915891813
123,1448.71,586.56,-1.14645,0.418931,20.0,52.9,2.0,annealing_T=150_h=25,absent,absent,5.92,110.0,annealing_T=100_h=5,20260613-015321,previous_detection,annealing_T=75_h=25,20260602-133829,20260919-004123,2.0900956915891813
123,1448.71,586.56,-1.43854,0.509038,20.0,53.4,2.5,annealing_T=150_h=25,absent,absent,5.92,110.0,annealing_T=100_h=5,20260613-015321,previous_detection,annealing_T=75_h=25,20260602-133829,20260919-004123,2.0900956915891813
123,1448.71,586.56,1.38299,0.494365,20.0,53.9,3.0,annealing_T=150_h=25,absent,absent,5.92,110.0,annealing_T=100_h=5,20260613-015321,previous_detection,annealing_T=75_h=25,20260602-133829,20260919-004123,2.0900956915891813
123,1448.71,586.56,1.7692,0.743473,20.0,55.9,5.0,annealing_T=150_h=25,absent,absent,5.92,110.0,annealing_T=100_h=5,20260613-015321,previous_detection,annealing_T=75_h=25,20260602-133829,20260919-004123,2.0900956915891813
124,1454.84,498.79,0.809305,0.242527,20.0,51.65,0.75,annealing_T=150_h=25,absent,absent,5.92,110.0,annealing_T=125_h=5,20260725-020716,previous_detection,before_annealing,20260516-064844,20260919-004123,3.4785054261851993
124,1454.84,498.79,0.473319,0.183746,20.0,52.4,1.5,annealing_T=150_h=25,absent,absent,5.92,110.0,annealing_T=125_h=5,20260725-020716,previous_detection,before_annealing,20260516-064844,20260919-004123,3.4785054261851993
124,1454.84,498.79,2.48499,0.17502,20.0,52.9,2.0,annealing_T=150_h=25,absent,absent,5.92,110.0,annealing_T=125_h=5,20260725-020716,previous_detection,before_annealing,20260516-064844,20260919-004123,3.4785054261851993
124,1454.84,498.79,3.07101,0.316969,20.0,53.4,2.5,annealing_T=150_h=25,absent,absent,5.92,110.0,annealing_T=125_h=5,20260725-020716,previous_detection,before_annealing,20260516-064844,20260919-004123,3.4785054261851993
124,1454.84,498.79,2.08111,0.41075,20.0,53.9,3.0,annealing_T=150_h=25,absent,absent,5.92,110.0,annealing_T=125_h=5,20260725-020716,previous_detection,before_annealing,20260516-064844,20260919-004123,3.4785054261851993
124,1454.84,498.79,9.37357,0.464072,20.0,55.9,5.0,annealing_T=150_h=25,absent,absent,5.92,110.0,annealing_T=125_h=5,20260725-020716,previous_detection,before_annealing,20260516-064844,20260919-004123,3.4785054261851993
125,1459.65,438.44,3.05093,0.47479,20.0,51.65,0.75,annealing_T=150_h=25,present,reappeared,5.89,109.0,annealing_T=150_h=25,20260919-004123,phase_detection,before_annealing,20260516-064844,20260919-004123,3.6592075644874127
125,1459.65,438.44,4.42034,0.473468,20.0,52.4,1.5,annealing_T=150_h=25,present,reappeared,5.89,109.0,annealing_T=150_h=25,20260919-004123,phase_detection,before_annealing,20260516-064844,20260919-004123,3.6592075644874127
125,1459.65,438.44,9.20901,0.375613,20.0,52.9,2.0,annealing_T=150_h=25,present,reappeared,5.89,109.0,annealing_T=150_h=25,20260919-004123,phase_detection,before_annealing,20260516-064844,20260919-004123,3.6592075644874127
125,1459.65,438.44,10.5343,0.484864,20.0,53.4,2.5,annealing_T=150_h=25,present,reappeared,5.89,109.0,annealing_T=150_h=25,20260919-004123,phase_detection,before_annealing,20260516-064844,20260919-004123,3.6592075644874127
125,1459.65,438.44,13.3141,0.342723,20.0,53.9,3.0,annealing_T=150_h=25,present,reappeared,5.89,109.0,annealing_T=150_h=25,20260919-004123,phase_detection,before_annealing,20260516-064844,20260919-004123,3.6592075644874127
125,1459.65,438.44,38.4537,0.596184,20.0,55.9,5.0,annealing_T=150_h=25,present,reappeared,5.89,109.0,annealing_T=150_h=25,20260919-004123,phase_detection,before_annealing,20260516-064844,20260919-004123,3.6592075644874127
126,1461.78,190.57,1.03844,0.124639,20.0,51.65,0.75,annealing_T=150_h=25,absent,absent,4.72,70.0,annealing_T=100_h=5,20260613-015321,previous_detection,before_annealing,20260516-064844,20260919-004123,3.280640181428027
126,1461.78,190.57,-0.803447,0.224997,20.0,52.4,1.5,annealing_T=150_h=25,absent,absent,4.72,70.0,annealing_T=100_h=5,20260613-015321,previous_detection,before_annealing,20260516-064844,20260919-004123,3.280640181428027
126,1461.78,190.57,-0.0884496,0.174591,20.0,52.9,2.0,annealing_T=150_h=25,absent,absent,4.72,70.0,annealing_T=100_h=5,20260613-015321,previous_detection,before_annealing,20260516-064844,20260919-004123,3.280640181428027
126,1461.78,190.57,-0.820329,0.150138,20.0,53.4,2.5,annealing_T=150_h=25,absent,absent,4.72,70.0,annealing_T=100_h=5,20260613-015321,previous_detection,before_annealing,20260516-064844,20260919-004123,3.280640181428027
126,1461.78,190.57,-1.09509,0.251626,20.0,53.9,3.0,annealing_T=150_h=25,absent,absent,4.72,70.0,annealing_T=100_h=5,20260613-015321,previous_detection,before_annealing,20260516-064844,20260919-004123,3.280640181428027
126,1461.78,190.57,-0.39239,0.229157,20.0,55.9,5.0,annealing_T=150_h=25,absent,absent,4.72,70.0,annealing_T=100_h=5,20260613-015321,previous_detection,before_annealing,20260516-064844,20260919-004123,3.280640181428027
127,1465.66,151.12,5.0034,0.236341,20.0,51.65,0.75,annealing_T=150_h=25,present,present,7.72,187.0,annealing_T=150_h=25,20260919-004123,phase_detection,annealing_T=100_h=5,20260613-015321,20260919-004123,2.7891575789116847
127,1465.66,151.12,7.74441,0.279854,20.0,52.4,1.5,annealing_T=150_h=25,present,present,7.72,187.0,annealing_T=150_h=25,20260919-004123,phase_detection,annealing_T=100_h=5,20260613-015321,20260919-004123,2.7891575789116847
127,1465.66,151.12,18.8932,0.359459,20.0,52.9,2.0,annealing_T=150_h=25,present,present,7.72,187.0,annealing_T=150_h=25,20260919-004123,phase_detection,annealing_T=100_h=5,20260613-015321,20260919-004123,2.7891575789116847
127,1465.66,151.12,28.8334,0.500614,20.0,53.4,2.5,annealing_T=150_h=25,present,present,7.72,187.0,annealing_T=150_h=25,20260919-004123,phase_detection,annealing_T=100_h=5,20260613-015321,20260919-004123,2.7891575789116847
127,1465.66,151.12,32.8141,0.301049,20.0,53.9,3.0,annealing_T=150_h=25,present,present,7.72,187.0,annealing_T=150_h=25,20260919-004123,phase_detection,annealing_T=100_h=5,20260613-015321,20260919-004123,2.7891575789116847
127,1465.66,151.12,73.9083,0.60645,20.0,55.9,5.0,annealing_T=150_h=25,present,present,7.72,187.0,annealing_T=150_h=25,20260919-004123,phase_detection,annealing_T=100_h=5,20260613-015321,20260919-004123,2.7891575789116847
128,1463.86,876.61,0.857882,0.165915,20.0,51.65,0.75,annealing_T=150_h=25,present,reappeared,5.38,91.0,annealing_T=150_h=25,20260919-004123,phase_detection,annealing_T=75_h=5,20260523-062735,20260919-004123,3.457224320173761
128,1463.86,876.61,4.45034,0.193713,20.0,52.4,1.5,annealing_T=150_h=25,present,reappeared,5.38,91.0,annealing_T=150_h=25,20260919-004123,phase_detection,annealing_T=75_h=5,20260523-062735,20260919-004123,3.457224320173761
128,1463.86,876.61,6.41751,0.167065,20.0,52.9,2.0,annealing_T=150_h=25,present,reappeared,5.38,91.0,annealing_T=150_h=25,20260919-004123,phase_detection,annealing_T=75_h=5,20260523-062735,20260919-004123,3.457224320173761
128,1463.86,876.61,4.21728,0.188611,20.0,53.4,2.5,annealing_T=150_h=25,present,reappeared,5.38,91.0,annealing_T=150_h=25,20260919-004123,phase_detection,annealing_T=75_h=5,20260523-062735,20260919-004123,3.457224320173761
128,1463.86,876.61,11.2545,0.229556,20.0,53.9,3.0,annealing_T=150_h=25,present,reappeared,5.38,91.0,annealing_T=150_h=25,20260919-004123,phase_detection,annealing_T=75_h=5,20260523-062735,20260919-004123,3.457224320173761
128,1463.86,876.61,21.4485,0.266546,20.0,55.9,5.0,annealing_T=150_h=25,present,reappeared,5.38,91.0,annealing_T=150_h=25,20260919-004123,phase_detection,annealing_T=75_h=5,20260523-062735,20260919-004123,3.457224320173761
129,1477.61,70.38,1.96199,0.325612,20.0,51.65,0.75,annealing_T=150_h=25,absent,disappeared,7.88,195.0,annealing_T=150_h=5,20260912-010115,previous_detection,annealing_T=100_h=25,20260629-230214,20260919-004123,1.1365298060323281
129,1477.61,70.38,0.517288,0.483565,20.0,52.4,1.5,annealing_T=150_h=25,absent,disappeared,7.88,195.0,annealing_T=150_h=5,20260912-010115,previous_detection,annealing_T=100_h=25,20260629-230214,20260919-004123,1.1365298060323281
129,1477.61,70.38,-0.350587,0.387993,20.0,52.9,2.0,annealing_T=150_h=25,absent,disappeared,7.88,195.0,annealing_T=150_h=5,20260912-010115,previous_detection,annealing_T=100_h=25,20260629-230214,20260919-004123,1.1365298060323281
129,1477.61,70.38,3.30441,0.579162,20.0,53.4,2.5,annealing_T=150_h=25,absent,disappeared,7.88,195.0,annealing_T=150_h=5,20260912-010115,previous_detection,annealing_T=100_h=25,20260629-230214,20260919-004123,1.1365298060323281
129,1477.61,70.38,6.06162,0.536041,20.0,53.9,3.0,annealing_T=150_h=25,absent,disappeared,7.88,195.0,annealing_T=150_h=5,20260912-010115,previous_detection,annealing_T=100_h=25,20260629-230214,20260919-004123,1.1365298060323281
129,1477.61,70.38,18.4129,0.670569,20.0,55.9,5.0,annealing_T=150_h=25,absent,disappeared,7.88,195.0,annealing_T=150_h=5,20260912-010115,previous_detection,annealing_T=100_h=25,20260629-230214,20260919-004123,1.1365298060323281
130,1480.29,472.19,2.99513,0.417356,20.0,51.65,0.75,annealing_T=150_h=25,absent,absent,9.42,279.0,annealing_T=75_h=5,20260523-062735,previous_detection,before_annealing,20260516-064844,20260919-004123,3.8929294881875203
130,1480.29,472.19,2.30747,0.509626,20.0,52.4,1.5,annealing_T=150_h=25,absent,absent,9.42,279.0,annealing_T=75_h=5,20260523-062735,previous_detection,before_annealing,20260516-064844,20260919-004123,3.8929294881875203
130,1480.29,472.19,-1.47473,0.514307,20.0,52.9,2.0,annealing_T=150_h=25,absent,absent,9.42,279.0,annealing_T=75_h=5,20260523-062735,previous_detection,before_annealing,20260516-064844,20260919-004123,3.8929294881875203
130,1480.29,472.19,0.668091,0.466334,20.0,53.4,2.5,annealing_T=150_h=25,absent,absent,9.42,279.0,annealing_T=75_h=5,20260523-062735,previous_detection,before_annealing,20260516-064844,20260919-004123,3.8929294881875203
130,1480.29,472.19,-3.72359,0.690556,20.0,53.9,3.0,annealing_T=150_h=25,absent,absent,9.42,279.0,annealing_T=75_h=5,20260523-062735,previous_detection,before_annealing,20260516-064844,20260919-004123,3.8929294881875203
130,1480.29,472.19,-3.63546,0.717605,20.0,55.9,5.0,annealing_T=150_h=25,absent,absent,9.42,279.0,annealing_T=75_h=5,20260523-062735,previous_detection,before_annealing,20260516-064844,20260919-004123,3.8929294881875203
131,1483.58,786.52,9.09861,0.392508,20.0,51.65,0.75,annealing_T=150_h=25,present,present,8.02,202.0,annealing_T=150_h=25,20260919-004123,phase_detection,before_annealing,20260516-064844,20260919-004123,1.6818144963104535
131,1483.58,786.52,19.8339,0.319047,20.0,52.4,1.5,annealing_T=150_h=25,present,present,8.02,202.0,annealing_T=150_h=25,20260919-004123,phase_detection,before_annealing,20260516-064844,20260919-004123,1.6818144963104535
131,1483.58,786.52,32.9423,0.283748,20.0,52.9,2.0,annealing_T=150_h=25,present,present,8.02,202.0,annealing_T=150_h=25,20260919-004123,phase_detection,before_annealing,20260516-064844,20260919-004123,1.6818144963104535
131,1483.58,786.52,45.8215,0.452853,20.0,53.4,2.5,annealing_T=150_h=25,present,present,8.02,202.0,annealing_T=150_h=25,20260919-004123,phase_detection,before_annealing,20260516-064844,20260919-004123,1.6818144963104535
131,1483.58,786.52,55.3597,0.575351,20.0,53.9,3.0,annealing_T=150_h=25,present,present,8.02,202.0,annealing_T=150_h=25,20260919-004123,phase_detection,before_annealing,20260516-064844,20260919-004123,1.6818144963104535
131,1483.58,786.52,106.349,0.384506,20.0,55.9,5.0,annealing_T=150_h=25,present,present,8.02,202.0,annealing_T=150_h=25,20260919-004123,phase_detection,before_annealing,20260516-064844,20260919-004123,1.6818144963104535
132,1499.3,369.21,2.12007,0.0932315,20.0,51.65,0.75,annealing_T=150_h=25,absent,absent,5.47,94.0,annealing_T=100_h=25,20260629-230214,previous_detection,annealing_T=75_h=25,20260602-133829,20260919-004123,3.552829858014578
132,1499.3,369.21,-0.0523801,0.139255,20.0,52.4,1.5,annealing_T=150_h=25,absent,absent,5.47,94.0,annealing_T=100_h=25,20260629-230214,previous_detection,annealing_T=75_h=25,20260602-133829,20260919-004123,3.552829858014578
132,1499.3,369.21,2.01124,0.242414,20.0,52.9,2.0,annealing_T=150_h=25,absent,absent,5.47,94.0,annealing_T=100_h=25,20260629-230214,previous_detection,annealing_T=75_h=25,20260602-133829,20260919-004123,3.552829858014578
132,1499.3,369.21,2.45373,0.179682,20.0,53.4,2.5,annealing_T=150_h=25,absent,absent,5.47,94.0,annealing_T=100_h=25,20260629-230214,previous_detection,annealing_T=75_h=25,20260602-133829,20260919-004123,3.552829858014578
132,1499.3,369.21,2.68863,0.277845,20.0,53.9,3.0,annealing_T=150_h=25,absent,absent,5.47,94.0,annealing_T=100_h=25,20260629-230214,previous_detection,annealing_T=75_h=25,20260602-133829,20260919-004123,3.552829858014578
132,1499.3,369.21,5.28367,0.334367,20.0,55.9,5.0,annealing_T=150_h=25,absent,absent,5.47,94.0,annealing_T=100_h=25,20260629-230214,previous_detection,annealing_T=75_h=25,20260602-133829,20260919-004123,3.552829858014578
133,1500.98,980.73,0.247198,0.217762,20.0,51.65,0.75,annealing_T=150_h=25,absent,absent,6.33,126.0,annealing_T=125_h=5,20260725-020716,previous_detection,annealing_T=100_h=5,20260613-015321,20260919-004123,3.6514106862963667
133,1500.98,980.73,0.846106,0.225648,20.0,52.4,1.5,annealing_T=150_h=25,absent,absent,6.33,126.0,annealing_T=125_h=5,20260725-020716,previous_detection,annealing_T=100_h=5,20260613-015321,20260919-004123,3.6514106862963667
133,1500.98,980.73,1.69673,0.247596,20.0,52.9,2.0,annealing_T=150_h=25,absent,absent,6.33,126.0,annealing_T=125_h=5,20260725-020716,previous_detection,annealing_T=100_h=5,20260613-015321,20260919-004123,3.6514106862963667
133,1500.98,980.73,-1.16364,0.431019,20.0,53.4,2.5,annealing_T=150_h=25,absent,absent,6.33,126.0,annealing_T=125_h=5,20260725-020716,previous_detection,annealing_T=100_h=5,20260613-015321,20260919-004123,3.6514106862963667
133,1500.98,980.73,1.10791,0.561084,20.0,53.9,3.0,annealing_T=150_h=25,absent,absent,6.33,126.0,annealing_T=125_h=5,20260725-020716,previous_detection,annealing_T=100_h=5,20260613-015321,20260919-004123,3.6514106862963667
133,1500.98,980.73,1.02966,0.389962,20.0,55.9,5.0,annealing_T=150_h=25,absent,absent,6.33,126.0,annealing_T=125_h=5,20260725-020716,previous_detection,annealing_T=100_h=5,20260613-015321,20260919-004123,3.6514106862963667
134,1506.84,56.38,-2.92381,0.605198,20.0,51.65,0.75,annealing_T=150_h=25,present,present,11.7,430.0,annealing_T=150_h=25,20260919-004123,phase_detection,annealing_T=75_h=5,20260523-062735,20260919-004123,3.389041162334744
134,1506.84,56.38,6.92479,0.58583,20.0,52.4,1.5,annealing_T=150_h=25,present,present,11.7,430.0,annealing_T=150_h=25,20260919-004123,phase_detection,annealing_T=75_h=5,20260523-062735,20260919-004123,3.389041162334744
134,1506.84,56.38,12.4626,0.719818,20.0,52.9,2.0,annealing_T=150_h=25,present,present,11.7,430.0,annealing_T=150_h=25,20260919-004123,phase_detection,annealing_T=75_h=5,20260523-062735,20260919-004123,3.389041162334744
134,1506.84,56.38,19.2708,0.656137,20.0,53.4,2.5,annealing_T=150_h=25,present,present,11.7,430.0,annealing_T=150_h=25,20260919-004123,phase_detection,annealing_T=75_h=5,20260523-062735,20260919-004123,3.389041162334744
134,1506.84,56.38,36.6143,0.779469,20.0,53.9,3.0,annealing_T=150_h=25,present,present,11.7,430.0,annealing_T=150_h=25,20260919-004123,phase_detection,annealing_T=75_h=5,20260523-062735,20260919-004123,3.389041162334744
134,1506.84,56.38,82.5328,0.946012,20.0,55.9,5.0,annealing_T=150_h=25,present,present,11.7,430.0,annealing_T=150_h=25,20260919-004123,phase_detection,annealing_T=75_h=5,20260523-062735,20260919-004123,3.389041162334744
135,1503.03,797.24,-0.710681,0.254802,20.0,51.65,0.75,annealing_T=150_h=25,absent,absent,4.98,78.0,annealing_T=100_h=5,20260613-015321,previous_detection,before_annealing,20260516-064844,20260919-004123,2.2314345161802605
135,1503.03,797.24,-0.774001,0.249341,20.0,52.4,1.5,annealing_T=150_h=25,absent,absent,4.98,78.0,annealing_T=100_h=5,20260613-015321,previous_detection,before_annealing,20260516-064844,20260919-004123,2.2314345161802605
135,1503.03,797.24,-0.357667,0.420925,20.0,52.9,2.0,annealing_T=150_h=25,absent,absent,4.98,78.0,annealing_T=100_h=5,20260613-015321,previous_detection,before_annealing,20260516-064844,20260919-004123,2.2314345161802605
135,1503.03,797.24,-0.0484784,0.17055,20.0,53.4,2.5,annealing_T=150_h=25,absent,absent,4.98,78.0,annealing_T=100_h=5,20260613-015321,previous_detection,before_annealing,20260516-064844,20260919-004123,2.2314345161802605
135,1503.03,797.24,0.194376,0.373769,20.0,53.9,3.0,annealing_T=150_h=25,absent,absent,4.98,78.0,annealing_T=100_h=5,20260613-015321,previous_detection,before_annealing,20260516-064844,20260919-004123,2.2314345161802605
135,1503.03,797.24,5.15302,0.448318,20.0,55.9,5.0,annealing_T=150_h=25,absent,absent,4.98,78.0,annealing_T=100_h=5,20260613-015321,previous_detection,before_annealing,20260516-064844,20260919-004123,2.2314345161802605
136,1507.99,232.52,2.06134,0.218471,20.0,51.65,0.75,annealing_T=150_h=25,absent,absent,6.05,115.0,annealing_T=100_h=5,20260613-015321,previous_detection,annealing_T=75_h=25,20260602-133829,20260919-004123,3.1370368184004396
136,1507.99,232.52,-2.6559,0.23955,20.0,52.4,1.5,annealing_T=150_h=25,absent,absent,6.05,115.0,annealing_T=100_h=5,20260613-015321,previous_detection,annealing_T=75_h=25,20260602-133829,20260919-004123,3.1370368184004396
136,1507.99,232.52,0.348517,0.311886,20.0,52.9,2.0,annealing_T=150_h=25,absent,absent,6.05,115.0,annealing_T=100_h=5,20260613-015321,previous_detection,annealing_T=75_h=25,20260602-133829,20260919-004123,3.1370368184004396
136,1507.99,232.52,-2.3192,0.447934,20.0,53.4,2.5,annealing_T=150_h=25,absent,absent,6.05,115.0,annealing_T=100_h=5,20260613-015321,previous_detection,annealing_T=75_h=25,20260602-133829,20260919-004123,3.1370368184004396
136,1507.99,232.52,-3.01411,0.286602,20.0,53.9,3.0,annealing_T=150_h=25,absent,absent,6.05,115.0,annealing_T=100_h=5,20260613-015321,previous_detection,annealing_T=75_h=25,20260602-133829,20260919-004123,3.1370368184004396
136,1507.99,232.52,1.85313,0.416949,20.0,55.9,5.0,annealing_T=150_h=25,absent,absent,6.05,115.0,annealing_T=100_h=5,20260613-015321,previous_detection,annealing_T=75_h=25,20260602-133829,20260919-004123,3.1370368184004396
137,1530.98,486.29,-1.6983,0.573201,20.0,51.65,0.75,annealing_T=150_h=25,present,present,11.31,402.0,annealing_T=150_h=25,20260919-004123,phase_detection,before_annealing,20260516-064844,20260919-004123,2.1622673285235874
137,1530.98,486.29,5.23777,0.597433,20.0,52.4,1.5,annealing_T=150_h=25,present,present,11.31,402.0,annealing_T=150_h=25,20260919-004123,phase_detection,before_annealing,20260516-064844,20260919-004123,2.1622673285235874
137,1530.98,486.29,2.24539,0.701971,20.0,52.9,2.0,annealing_T=150_h=25,present,present,11.31,402.0,annealing_T=150_h=25,20260919-004123,phase_detection,before_annealing,20260516-064844,20260919-004123,2.1622673285235874
137,1530.98,486.29,14.2965,0.703179,20.0,53.4,2.5,annealing_T=150_h=25,present,present,11.31,402.0,annealing_T=150_h=25,20260919-004123,phase_detection,before_annealing,20260516-064844,20260919-004123,2.1622673285235874
137,1530.98,486.29,27.2631,0.761404,20.0,53.9,3.0,annealing_T=150_h=25,present,present,11.31,402.0,annealing_T=150_h=25,20260919-004123,phase_detection,before_annealing,20260516-064844,20260919-004123,2.1622673285235874
137,1530.98,486.29,357.272,2.85241,20.0,55.9,5.0,annealing_T=150_h=25,present,present,11.31,402.0,annealing_T=150_h=25,20260919-004123,phase_detection,before_annealing,20260516-064844,20260919-004123,2.1622673285235874
138,1557.55,614.17,-0.380395,0.191362,20.0,51.65,0.75,annealing_T=150_h=25,absent,absent,4.72,70.0,annealing_T=75_h=25,20260602-133829,previous_detection,before_annealing,20260516-064844,20260919-004123,5.556950602623737
138,1557.55,614.17,1.04776,0.350816,20.0,52.4,1.5,annealing_T=150_h=25,absent,absent,4.72,70.0,annealing_T=75_h=25,20260602-133829,previous_detection,before_annealing,20260516-064844,20260919-004123,5.556950602623737
138,1557.55,614.17,-0.442395,0.304793,20.0,52.9,2.0,annealing_T=150_h=25,absent,absent,4.72,70.0,annealing_T=75_h=25,20260602-133829,previous_detection,before_annealing,20260516-064844,20260919-004123,5.556950602623737
138,1557.55,614.17,1.30484,0.330518,20.0,53.4,2.5,annealing_T=150_h=25,absent,absent,4.72,70.0,annealing_T=75_h=25,20260602-133829,previous_detection,before_annealing,20260516-064844,20260919-004123,5.556950602623737
138,1557.55,614.17,1.30348,0.220962,20.0,53.9,3.0,annealing_T=150_h=25,absent,absent,4.72,70.0,annealing_T=75_h=25,20260602-133829,previous_detection,before_annealing,20260516-064844,20260919-004123,5.556950602623737
138,1557.55,614.17,7.66681,0.40198,20.0,55.9,5.0,annealing_T=150_h=25,absent,absent,4.72,70.0,annealing_T=75_h=25,20260602-133829,previous_detection,before_annealing,20260516-064844,20260919-004123,5.556950602623737
139,1563.46,886.3,0.392282,0.446156,20.0,51.65,0.75,annealing_T=150_h=25,present,present,10.01,315.0,annealing_T=150_h=25,20260919-004123,phase_detection,annealing_T=75_h=5,20260523-062735,20260919-004123,2.4696963376090384
139,1563.46,886.3,14.0578,0.487613,20.0,52.4,1.5,annealing_T=150_h=25,present,present,10.01,315.0,annealing_T=150_h=25,20260919-004123,phase_detection,annealing_T=75_h=5,20260523-062735,20260919-004123,2.4696963376090384
139,1563.46,886.3,21.6786,0.614322,20.0,52.9,2.0,annealing_T=150_h=25,present,present,10.01,315.0,annealing_T=150_h=25,20260919-004123,phase_detection,annealing_T=75_h=5,20260523-062735,20260919-004123,2.4696963376090384
139,1563.46,886.3,31.7619,0.610806,20.0,53.4,2.5,annealing_T=150_h=25,present,present,10.01,315.0,annealing_T=150_h=25,20260919-004123,phase_detection,annealing_T=75_h=5,20260523-062735,20260919-004123,2.4696963376090384
139,1563.46,886.3,40.7816,0.750607,20.0,53.9,3.0,annealing_T=150_h=25,present,present,10.01,315.0,annealing_T=150_h=25,20260919-004123,phase_detection,annealing_T=75_h=5,20260523-062735,20260919-004123,2.4696963376090384
139,1563.46,886.3,86.5798,0.799215,20.0,55.9,5.0,annealing_T=150_h=25,present,present,10.01,315.0,annealing_T=150_h=25,20260919-004123,phase_detection,annealing_T=75_h=5,20260523-062735,20260919-004123,2.4696963376090384
140,1571.95,941.03,2.81635,0.528013,20.0,51.65,0.75,annealing_T=150_h=25,absent,absent,9.93,310.0,annealing_T=100_h=25,20260629-230214,previous_detection,annealing_T=75_h=25,20260602-133829,20260919-004123,4.687109983774708
140,1571.95,941.03,2.32849,0.477415,20.0,52.4,1.5,annealing_T=150_h=25,absent,absent,9.93,310.0,annealing_T=100_h=25,20260629-230214,previous_detection,annealing_T=75_h=25,20260602-133829,20260919-004123,4.687109983774708
140,1571.95,941.03,1.27204,0.629375,20.0,52.9,2.0,annealing_T=150_h=25,absent,absent,9.93,310.0,annealing_T=100_h=25,20260629-230214,previous_detection,annealing_T=75_h=25,20260602-133829,20260919-004123,4.687109983774708
140,1571.95,941.03,-1.34828,0.502322,20.0,53.4,2.5,annealing_T=150_h=25,absent,absent,9.93,310.0,annealing_T=100_h=25,20260629-230214,previous_detection,annealing_T=75_h=25,20260602-133829,20260919-004123,4.687109983774708
140,1571.95,941.03,2.89333,0.479301,20.0,53.9,3.0,annealing_T=150_h=25,absent,absent,9.93,310.0,annealing_T=100_h=25,20260629-230214,previous_detection,annealing_T=75_h=25,20260602-133829,20260919-004123,4.687109983774708
140,1571.95,941.03,13.8865,0.818449,20.0,55.9,5.0,annealing_T=150_h=25,absent,absent,9.93,310.0,annealing_T=100_h=25,20260629-230214,previous_detection,annealing_T=75_h=25,20260602-133829,20260919-004123,4.687109983774708
141,1588.72,279.62,1.61802,0.252427,20.0,51.65,0.75,annealing_T=150_h=25,absent,absent,5.32,89.0,annealing_T=125_h=25,20260902-011233,previous_detection,before_annealing,20260516-064844,20260919-004123,1.7564168070249995
141,1588.72,279.62,3.02155,0.101504,20.0,52.4,1.5,annealing_T=150_h=25,absent,absent,5.32,89.0,annealing_T=125_h=25,20260902-011233,previous_detection,before_annealing,20260516-064844,20260919-004123,1.7564168070249995
141,1588.72,279.62,5.57521,0.227688,20.0,52.9,2.0,annealing_T=150_h=25,absent,absent,5.32,89.0,annealing_T=125_h=25,20260902-011233,previous_detection,before_annealing,20260516-064844,20260919-004123,1.7564168070249995
141,1588.72,279.62,5.60621,0.264797,20.0,53.4,2.5,annealing_T=150_h=25,absent,absent,5.32,89.0,annealing_T=125_h=25,20260902-011233,previous_detection,before_annealing,20260516-064844,20260919-004123,1.7564168070249995
141,1588.72,279.62,5.08832,0.181135,20.0,53.9,3.0,annealing_T=150_h=25,absent,absent,5.32,89.0,annealing_T=125_h=25,20260902-011233,previous_detection,before_annealing,20260516-064844,20260919-004123,1.7564168070249995
141,1588.72,279.62,10.335,0.140738,20.0,55.9,5.0,annealing_T=150_h=25,absent,absent,5.32,89.0,annealing_T=125_h=25,20260902-011233,previous_detection,before_annealing,20260516-064844,20260919-004123,1.7564168070249995
142,1593.49,863.35,0.633472,0.275191,20.0,51.65,0.75,annealing_T=150_h=25,absent,absent,6.21,121.0,annealing_T=100_h=25,20260629-230214,previous_detection,annealing_T=75_h=5,20260523-062735,20260919-004123,4.479040075730513
142,1593.49,863.35,4.5607,0.257457,20.0,52.4,1.5,annealing_T=150_h=25,absent,absent,6.21,121.0,annealing_T=100_h=25,20260629-230214,previous_detection,annealing_T=75_h=5,20260523-062735,20260919-004123,4.479040075730513
142,1593.49,863.35,1.0176,0.32552,20.0,52.9,2.0,annealing_T=150_h=25,absent,absent,6.21,121.0,annealing_T=100_h=25,20260629-230214,previous_detection,annealing_T=75_h=5,20260523-062735,20260919-004123,4.479040075730513
142,1593.49,863.35,5.02347,0.35359,20.0,53.4,2.5,annealing_T=150_h=25,absent,absent,6.21,121.0,annealing_T=100_h=25,20260629-230214,previous_detection,annealing_T=75_h=5,20260523-062735,20260919-004123,4.479040075730513
142,1593.49,863.35,8.43348,0.498305,20.0,53.9,3.0,annealing_T=150_h=25,absent,absent,6.21,121.0,annealing_T=100_h=25,20260629-230214,previous_detection,annealing_T=75_h=5,20260523-062735,20260919-004123,4.479040075730513
142,1593.49,863.35,8.41987,0.407954,20.0,55.9,5.0,annealing_T=150_h=25,absent,absent,6.21,121.0,annealing_T=100_h=25,20260629-230214,previous_detection,annealing_T=75_h=5,20260523-062735,20260919-004123,4.479040075730513
143,1603.75,811.24,8.8162,0.596321,20.0,51.65,0.75,annealing_T=150_h=25,present,present,11.04,383.0,annealing_T=150_h=25,20260919-004123,phase_detection,before_annealing,20260516-064844,20260919-004123,2.1092415698540914
143,1603.75,811.24,25.8391,0.615844,20.0,52.4,1.5,annealing_T=150_h=25,present,present,11.04,383.0,annealing_T=150_h=25,20260919-004123,phase_detection,before_annealing,20260516-064844,20260919-004123,2.1092415698540914
143,1603.75,811.24,51.7646,0.7868,20.0,52.9,2.0,annealing_T=150_h=25,present,present,11.04,383.0,annealing_T=150_h=25,20260919-004123,phase_detection,before_annealing,20260516-064844,20260919-004123,2.1092415698540914
143,1603.75,811.24,80.9233,0.692496,20.0,53.4,2.5,annealing_T=150_h=25,present,present,11.04,383.0,annealing_T=150_h=25,20260919-004123,phase_detection,before_annealing,20260516-064844,20260919-004123,2.1092415698540914
143,1603.75,811.24,121.682,0.981247,20.0,53.9,3.0,annealing_T=150_h=25,present,present,11.04,383.0,annealing_T=150_h=25,20260919-004123,phase_detection,before_annealing,20260516-064844,20260919-004123,2.1092415698540914
143,1603.75,811.24,358.534,1.14937,20.0,55.9,5.0,annealing_T=150_h=25,present,present,11.04,383.0,annealing_T=150_h=25,20260919-004123,phase_detection,before_annealing,20260516-064844,20260919-004123,2.1092415698540914
144,1624.76,666.77,-0.0224107,0.256685,20.0,51.65,0.75,annealing_T=150_h=25,absent,absent,4.55,65.0,annealing_T=125_h=5,20260725-020716,previous_detection,annealing_T=125_h=5,20260725-020716,20260919-004123,3.949936708353631
144,1624.76,666.77,2.51876,0.331334,20.0,52.4,1.5,annealing_T=150_h=25,absent,absent,4.55,65.0,annealing_T=125_h=5,20260725-020716,previous_detection,annealing_T=125_h=5,20260725-020716,20260919-004123,3.949936708353631
144,1624.76,666.77,1.9825,0.13719,20.0,52.9,2.0,annealing_T=150_h=25,absent,absent,4.55,65.0,annealing_T=125_h=5,20260725-020716,previous_detection,annealing_T=125_h=5,20260725-020716,20260919-004123,3.949936708353631
144,1624.76,666.77,1.81092,0.309185,20.0,53.4,2.5,annealing_T=150_h=25,absent,absent,4.55,65.0,annealing_T=125_h=5,20260725-020716,previous_detection,annealing_T=125_h=5,20260725-020716,20260919-004123,3.949936708353631
144,1624.76,666.77,7.29696,0.300083,20.0,53.9,3.0,annealing_T=150_h=25,absent,absent,4.55,65.0,annealing_T=125_h=5,20260725-020716,previous_detection,annealing_T=125_h=5,20260725-020716,20260919-004123,3.949936708353631
144,1624.76,666.77,9.55252,0.641435,20.0,55.9,5.0,annealing_T=150_h=25,absent,absent,4.55,65.0,annealing_T=125_h=5,20260725-020716,previous_detection,annealing_T=125_h=5,20260725-020716,20260919-004123,3.949936708353631
145,1625.55,631.49,0.406434,0.914634,20.0,51.65,0.75,annealing_T=150_h=25,present,present,11.56,420.0,annealing_T=150_h=25,20260919-004123,phase_detection,before_annealing,20260516-064844,20260919-004123,2.4029981273400773
145,1625.55,631.49,14.4655,0.756561,20.0,52.4,1.5,annealing_T=150_h=25,present,present,11.56,420.0,annealing_T=150_h=25,20260919-004123,phase_detection,before_annealing,20260516-064844,20260919-004123,2.4029981273400773
145,1625.55,631.49,16.8648,0.99415,20.0,52.9,2.0,annealing_T=150_h=25,present,present,11.56,420.0,annealing_T=150_h=25,20260919-004123,phase_detection,before_annealing,20260516-064844,20260919-004123,2.4029981273400773
145,1625.55,631.49,15.0812,1.04926,20.0,53.4,2.5,annealing_T=150_h=25,present,present,11.56,420.0,annealing_T=150_h=25,20260919-004123,phase_detection,before_annealing,20260516-064844,20260919-004123,2.4029981273400773
145,1625.55,631.49,32.4448,1.16185,20.0,53.9,3.0,annealing_T=150_h=25,present,present,11.56,420.0,annealing_T=150_h=25,20260919-004123,phase_detection,before_annealing,20260516-064844,20260919-004123,2.4029981273400773
145,1625.55,631.49,81.9845,1.7194,20.0,55.9,5.0,annealing_T=150_h=25,present,present,11.56,420.0,annealing_T=150_h=25,20260919-004123,phase_detection,before_annealing,20260516-064844,20260919-004123,2.4029981273400773
146,1625.07,984.31,-1.18326,0.170337,20.0,51.65,0.75,annealing_T=150_h=25,absent,absent,5.2,85.0,annealing_T=100_h=5,20260613-015321,previous_detection,annealing_T=100_h=5,20260613-015321,20260919-004123,3.416738210633002
146,1625.07,984.31,-1.78416,0.0896186,20.0,52.4,1.5,annealing_T=150_h=25,absent,absent,5.2,85.0,annealing_T=100_h=5,20260613-015321,previous_detection,annealing_T=100_h=5,20260613-015321,20260919-004123,3.416738210633002
146,1625.07,984.31,-0.260458,0.342232,20.0,52.9,2.0,annealing_T=150_h=25,absent,absent,5.2,85.0,annealing_T=100_h=5,20260613-015321,previous_detection,annealing_T=100_h=5,20260613-015321,20260919-004123,3.416738210633002
146,1625.07,984.31,-0.446681,0.165961,20.0,53.4,2.5,annealing_T=150_h=25,absent,absent,5.2,85.0,annealing_T=100_h=5,20260613-015321,previous_detection,annealing_T=100_h=5,20260613-015321,20260919-004123,3.416738210633002
146,1625.07,984.31,-0.895025,0.185006,20.0,53.9,3.0,annealing_T=150_h=25,absent,absent,5.2,85.0,annealing_T=100_h=5,20260613-015321,previous_detection,annealing_T=100_h=5,20260613-015321,20260919-004123,3.416738210633002
146,1625.07,984.31,-0.498938,0.168693,20.0,55.9,5.0,annealing_T=150_h=25,absent,absent,5.2,85.0,annealing_T=100_h=5,20260613-015321,previous_detection,annealing_T=100_h=5,20260613-015321,20260919-004123,3.416738210633002
147,1631.6,87.95,0.450348,0.328581,20.0,51.65,0.75,annealing_T=150_h=25,absent,absent,8.29,216.0,annealing_T=125_h=25,20260902-011233,previous_detection,annealing_T=100_h=25,20260629-230214,20260919-004123,3.7306299736101183
147,1631.6,87.95,-2.21191,0.262849,20.0,52.4,1.5,annealing_T=150_h=25,absent,absent,8.29,216.0,annealing_T=125_h=25,20260902-011233,previous_detection,annealing_T=100_h=25,20260629-230214,20260919-004123,3.7306299736101183
147,1631.6,87.95,0.72937,0.312715,20.0,52.9,2.0,annealing_T=150_h=25,absent,absent,8.29,216.0,annealing_T=125_h=25,20260902-011233,previous_detection,annealing_T=100_h=25,20260629-230214,20260919-004123,3.7306299736101183
147,1631.6,87.95,0.141457,0.356222,20.0,53.4,2.5,annealing_T=150_h=25,absent,absent,8.29,216.0,annealing_T=125_h=25,20260902-011233,previous_detection,annealing_T=100_h=25,20260629-230214,20260919-004123,3.7306299736101183
147,1631.6,87.95,1.00307,0.392802,20.0,53.9,3.0,annealing_T=150_h=25,absent,absent,8.29,216.0,annealing_T=125_h=25,20260902-011233,previous_detection,annealing_T=100_h=25,20260629-230214,20260919-004123,3.7306299736101183
147,1631.6,87.95,2.7792,0.441317,20.0,55.9,5.0,annealing_T=150_h=25,absent,absent,8.29,216.0,annealing_T=125_h=25,20260902-011233,previous_detection,annealing_T=100_h=25,20260629-230214,20260919-004123,3.7306299736101183
148,1636.3,1023.04,1.62599,0.567655,20.0,51.65,0.75,annealing_T=150_h=25,present,present,9.62,291.0,annealing_T=150_h=25,20260919-004123,phase_detection,before_annealing,20260516-064844,20260919-004123,2.7810789273229655
148,1636.3,1023.04,10.0609,0.618089,20.0,52.4,1.5,annealing_T=150_h=25,present,present,9.62,291.0,annealing_T=150_h=25,20260919-004123,phase_detection,before_annealing,20260516-064844,20260919-004123,2.7810789273229655
148,1636.3,1023.04,19.1479,0.869388,20.0,52.9,2.0,annealing_T=150_h=25,present,present,9.62,291.0,annealing_T=150_h=25,20260919-004123,phase_detection,before_annealing,20260516-064844,20260919-004123,2.7810789273229655
148,1636.3,1023.04,27.2056,0.679386,20.0,53.4,2.5,annealing_T=150_h=25,present,present,9.62,291.0,annealing_T=150_h=25,20260919-004123,phase_detection,before_annealing,20260516-064844,20260919-004123,2.7810789273229655
148,1636.3,1023.04,24.3887,0.673001,20.0,53.9,3.0,annealing_T=150_h=25,present,present,9.62,291.0,annealing_T=150_h=25,20260919-004123,phase_detection,before_annealing,20260516-064844,20260919-004123,2.7810789273229655
148,1636.3,1023.04,55.2952,1.14172,20.0,55.9,5.0,annealing_T=150_h=25,present,present,9.62,291.0,annealing_T=150_h=25,20260919-004123,phase_detection,before_annealing,20260516-064844,20260919-004123,2.7810789273229655
149,1641.66,352.92,-1.01025,0.69074,20.0,51.65,0.75,annealing_T=150_h=25,absent,absent,4.03,51.0,annealing_T=75_h=25,20260602-133829,previous_detection,annealing_T=75_h=25,20260602-133829,20260919-004123,7.048091940376529
149,1641.66,352.92,0.228581,0.586792,20.0,52.4,1.5,annealing_T=150_h=25,absent,absent,4.03,51.0,annealing_T=75_h=25,20260602-133829,previous_detection,annealing_T=75_h=25,20260602-133829,20260919-004123,7.048091940376529
149,1641.66,352.92,-0.0926261,0.666991,20.0,52.9,2.0,annealing_T=150_h=25,absent,absent,4.03,51.0,annealing_T=75_h=25,20260602-133829,previous_detection,annealing_T=75_h=25,20260602-133829,20260919-004123,7.048091940376529
149,1641.66,352.92,-0.599976,0.413686,20.0,53.4,2.5,annealing_T=150_h=25,absent,absent,4.03,51.0,annealing_T=75_h=25,20260602-133829,previous_detection,annealing_T=75_h=25,20260602-133829,20260919-004123,7.048091940376529
149,1641.66,352.92,1.4906,0.499753,20.0,53.9,3.0,annealing_T=150_h=25,absent,absent,4.03,51.0,annealing_T=75_h=25,20260602-133829,previous_detection,annealing_T=75_h=25,20260602-133829,20260919-004123,7.048091940376529
149,1641.66,352.92,1.85581,0.936533,20.0,55.9,5.0,annealing_T=150_h=25,absent,absent,4.03,51.0,annealing_T=75_h=25,20260602-133829,previous_detection,annealing_T=75_h=25,20260602-133829,20260919-004123,7.048091940376529
150,1646.67,682.91,-0.293008,0.376124,20.0,51.65,0.75,annealing_T=150_h=25,absent,absent,8.29,216.0,annealing_T=100_h=25,20260629-230214,previous_detection,annealing_T=75_h=5,20260523-062735,20260919-004123,4.674120238076779
150,1646.67,682.91,3.11652,0.245673,20.0,52.4,1.5,annealing_T=150_h=25,absent,absent,8.29,216.0,annealing_T=100_h=25,20260629-230214,previous_detection,annealing_T=75_h=5,20260523-062735,20260919-004123,4.674120238076779
150,1646.67,682.91,0.679995,0.426948,20.0,52.9,2.0,annealing_T=150_h=25,absent,absent,8.29,216.0,annealing_T=100_h=25,20260629-230214,previous_detection,annealing_T=75_h=5,20260523-062735,20260919-004123,4.674120238076779
150,1646.67,682.91,6.22903,0.531909,20.0,53.4,2.5,annealing_T=150_h=25,absent,absent,8.29,216.0,annealing_T=100_h=25,20260629-230214,previous_detection,annealing_T=75_h=5,20260523-062735,20260919-004123,4.674120238076779
150,1646.67,682.91,8.34394,0.628795,20.0,53.9,3.0,annealing_T=150_h=25,absent,absent,8.29,216.0,annealing_T=100_h=25,20260629-230214,previous_detection,annealing_T=75_h=5,20260523-062735,20260919-004123,4.674120238076779
150,1646.67,682.91,15.4503,0.743416,20.0,55.9,5.0,annealing_T=150_h=25,absent,absent,8.29,216.0,annealing_T=100_h=25,20260629-230214,previous_detection,annealing_T=75_h=5,20260523-062735,20260919-004123,4.674120238076779
151,1682.12,606.34,8.11013,0.912176,20.0,51.65,0.75,annealing_T=150_h=25,present,present,13.18,546.0,annealing_T=150_h=25,20260919-004123,phase_detection,annealing_T=75_h=25,20260602-133829,20260919-004123,1.7465680633745593
151,1682.12,606.34,10.7525,0.963148,20.0,52.4,1.5,annealing_T=150_h=25,present,present,13.18,546.0,annealing_T=150_h=25,20260919-004123,phase_detection,annealing_T=75_h=25,20260602-133829,20260919-004123,1.7465680633745593
151,1682.12,606.34,24.5128,1.11489,20.0,52.9,2.0,annealing_T=150_h=25,present,present,13.18,546.0,annealing_T=150_h=25,20260919-004123,phase_detection,annealing_T=75_h=25,20260602-133829,20260919-004123,1.7465680633745593
151,1682.12,606.34,27.9457,1.00591,20.0,53.4,2.5,annealing_T=150_h=25,present,present,13.18,546.0,annealing_T=150_h=25,20260919-004123,phase_detection,annealing_T=75_h=25,20260602-133829,20260919-004123,1.7465680633745593
151,1682.12,606.34,43.8104,1.11499,20.0,53.9,3.0,annealing_T=150_h=25,present,present,13.18,546.0,annealing_T=150_h=25,20260919-004123,phase_detection,annealing_T=75_h=25,20260602-133829,20260919-004123,1.7465680633745593
151,1682.12,606.34,117.463,1.40304,20.0,55.9,5.0,annealing_T=150_h=25,present,present,13.18,546.0,annealing_T=150_h=25,20260919-004123,phase_detection,annealing_T=75_h=25,20260602-133829,20260919-004123,1.7465680633745593
152,1684.23,916.71,7.1851,0.557468,20.0,51.65,0.75,annealing_T=150_h=25,present,present,11.03,382.0,annealing_T=150_h=25,20260919-004123,phase_detection,annealing_T=100_h=5,20260613-015321,20260919-004123,3.1849646779829572
152,1684.23,916.71,3.42077,0.431753,20.0,52.4,1.5,annealing_T=150_h=25,present,present,11.03,382.0,annealing_T=150_h=25,20260919-004123,phase_detection,annealing_T=100_h=5,20260613-015321,20260919-004123,3.1849646779829572
152,1684.23,916.71,12.344,0.600005,20.0,52.9,2.0,annealing_T=150_h=25,present,present,11.03,382.0,annealing_T=150_h=25,20260919-004123,phase_detection,annealing_T=100_h=5,20260613-015321,20260919-004123,3.1849646779829572
152,1684.23,916.71,24.7809,0.61821,20.0,53.4,2.5,annealing_T=150_h=25,present,present,11.03,382.0,annealing_T=150_h=25,20260919-004123,phase_detection,annealing_T=100_h=5,20260613-015321,20260919-004123,3.1849646779829572
152,1684.23,916.71,32.4214,0.633678,20.0,53.9,3.0,annealing_T=150_h=25,present,present,11.03,382.0,annealing_T=150_h=25,20260919-004123,phase_detection,annealing_T=100_h=5,20260613-015321,20260919-004123,3.1849646779829572
152,1684.23,916.71,105.564,0.890147,20.0,55.9,5.0,annealing_T=150_h=25,present,present,11.03,382.0,annealing_T=150_h=25,20260919-004123,phase_detection,annealing_T=100_h=5,20260613-015321,20260919-004123,3.1849646779829572
153,1689.16,693.99,0.320841,0.474588,20.0,51.65,0.75,annealing_T=150_h=25,absent,disappeared,6.7,141.0,annealing_T=150_h=5,20260912-010115,previous_detection,annealing_T=150_h=5,20260912-010115,20260919-004123,0.541202365109461
153,1689.16,693.99,7.86187,0.521841,20.0,52.4,1.5,annealing_T=150_h=25,absent,disappeared,6.7,141.0,annealing_T=150_h=5,20260912-010115,previous_detection,annealing_T=150_h=5,20260912-010115,20260919-004123,0.541202365109461
153,1689.16,693.99,5.02339,0.614574,20.0,52.9,2.0,annealing_T=150_h=25,absent,disappeared,6.7,141.0,annealing_T=150_h=5,20260912-010115,previous_detection,annealing_T=150_h=5,20260912-010115,20260919-004123,0.541202365109461
153,1689.16,693.99,13.8697,0.556109,20.0,53.4,2.5,annealing_T=150_h=25,absent,disappeared,6.7,141.0,annealing_T=150_h=5,20260912-010115,previous_detection,annealing_T=150_h=5,20260912-010115,20260919-004123,0.541202365109461
153,1689.16,693.99,14.6877,0.802198,20.0,53.9,3.0,annealing_T=150_h=25,absent,disappeared,6.7,141.0,annealing_T=150_h=5,20260912-010115,previous_detection,annealing_T=150_h=5,20260912-010115,20260919-004123,0.541202365109461
153,1689.16,693.99,32.8184,0.935922,20.0,55.9,5.0,annealing_T=150_h=25,absent,disappeared,6.7,141.0,annealing_T=150_h=5,20260912-010115,previous_detection,annealing_T=150_h=5,20260912-010115,20260919-004123,0.541202365109461
154,1689.85,36.85,-0.0676433,0.247238,20.0,51.65,0.75,annealing_T=150_h=25,absent,disappeared,7.65,184.0,annealing_T=150_h=5,20260912-010115,previous_detection,before_annealing,20260516-064844,20260919-004123,1.1321660655572903
154,1689.85,36.85,2.01902,0.484751,20.0,52.4,1.5,annealing_T=150_h=25,absent,disappeared,7.65,184.0,annealing_T=150_h=5,20260912-010115,previous_detection,before_annealing,20260516-064844,20260919-004123,1.1321660655572903
154,1689.85,36.85,8.25664,0.421021,20.0,52.9,2.0,annealing_T=150_h=25,absent,disappeared,7.65,184.0,annealing_T=150_h=5,20260912-010115,previous_detection,before_annealing,20260516-064844,20260919-004123,1.1321660655572903
154,1689.85,36.85,7.2023,0.657461,20.0,53.4,2.5,annealing_T=150_h=25,absent,disappeared,7.65,184.0,annealing_T=150_h=5,20260912-010115,previous_detection,before_annealing,20260516-064844,20260919-004123,1.1321660655572903
154,1689.85,36.85,8.39056,0.539245,20.0,53.9,3.0,annealing_T=150_h=25,absent,disappeared,7.65,184.0,annealing_T=150_h=5,20260912-010115,previous_detection,before_annealing,20260516-064844,20260919-004123,1.1321660655572903
154,1689.85,36.85,19.469,0.620471,20.0,55.9,5.0,annealing_T=150_h=25,absent,disappeared,7.65,184.0,annealing_T=150_h=5,20260912-010115,previous_detection,before_annealing,20260516-064844,20260919-004123,1.1321660655572903
155,1701.49,707.85,0.257352,0.308445,20.0,51.65,0.75,annealing_T=150_h=25,absent,absent,5.84,107.0,annealing_T=75_h=25,20260602-133829,previous_detection,annealing_T=75_h=5,20260523-062735,20260919-004123,5.726368831991204
155,1701.49,707.85,0.0284799,0.339563,20.0,52.4,1.5,annealing_T=150_h=25,absent,absent,5.84,107.0,annealing_T=75_h=25,20260602-133829,previous_detection,annealing_T=75_h=5,20260523-062735,20260919-004123,5.726368831991204
155,1701.49,707.85,0.151608,0.528674,20.0,52.9,2.0,annealing_T=150_h=25,absent,absent,5.84,107.0,annealing_T=75_h=25,20260602-133829,previous_detection,annealing_T=75_h=5,20260523-062735,20260919-004123,5.726368831991204
155,1701.49,707.85,-1.42366,0.36999,20.0,53.4,2.5,annealing_T=150_h=25,absent,absent,5.84,107.0,annealing_T=75_h=25,20260602-133829,previous_detection,annealing_T=75_h=5,20260523-062735,20260919-004123,5.726368831991204
155,1701.49,707.85,1.26237,0.415227,20.0,53.9,3.0,annealing_T=150_h=25,absent,absent,5.84,107.0,annealing_T=75_h=25,20260602-133829,previous_detection,annealing_T=75_h=5,20260523-062735,20260919-004123,5.726368831991204
155,1701.49,707.85,-0.80297,0.254258,20.0,55.9,5.0,annealing_T=150_h=25,absent,absent,5.84,107.0,annealing_T=75_h=25,20260602-133829,previous_detection,annealing_T=75_h=5,20260523-062735,20260919-004123,5.726368831991204
156,1700.51,807.29,5.38796,0.297787,20.0,51.65,0.75,annealing_T=150_h=25,present,reappeared,6.18,120.0,annealing_T=150_h=25,20260919-004123,phase_detection,before_annealing,20260516-064844,20260919-004123,3.4077118422777093
156,1700.51,807.29,9.62384,0.297697,20.0,52.4,1.5,annealing_T=150_h=25,present,reappeared,6.18,120.0,annealing_T=150_h=25,20260919-004123,phase_detection,before_annealing,20260516-064844,20260919-004123,3.4077118422777093
156,1700.51,807.29,17.1425,0.325837,20.0,52.9,2.0,annealing_T=150_h=25,present,reappeared,6.18,120.0,annealing_T=150_h=25,20260919-004123,phase_detection,before_annealing,20260516-064844,20260919-004123,3.4077118422777093
156,1700.51,807.29,23.7158,0.370329,20.0,53.4,2.5,annealing_T=150_h=25,present,reappeared,6.18,120.0,annealing_T=150_h=25,20260919-004123,phase_detection,before_annealing,20260516-064844,20260919-004123,3.4077118422777093
156,1700.51,807.29,31.009,0.337943,20.0,53.9,3.0,annealing_T=150_h=25,present,reappeared,6.18,120.0,annealing_T=150_h=25,20260919-004123,phase_detection,before_annealing,20260516-064844,20260919-004123,3.4077118422777093
156,1700.51,807.29,65.2031,0.472541,20.0,55.9,5.0,annealing_T=150_h=25,present,reappeared,6.18,120.0,annealing_T=150_h=25,20260919-004123,phase_detection,before_annealing,20260516-064844,20260919-004123,3.4077118422777093
157,1707.65,530.89,1.09843,0.354695,20.0,51.65,0.75,annealing_T=150_h=25,absent,absent,5.53,96.0,annealing_T=125_h=25,20260902-011233,previous_detection,before_annealing,20260516-064844,20260919-004123,2.016358103115785
157,1707.65,530.89,0.700505,0.387863,20.0,52.4,1.5,annealing_T=150_h=25,absent,absent,5.53,96.0,annealing_T=125_h=25,20260902-011233,previous_detection,before_annealing,20260516-064844,20260919-004123,2.016358103115785
157,1707.65,530.89,0.593414,0.582115,20.0,52.9,2.0,annealing_T=150_h=25,absent,absent,5.53,96.0,annealing_T=125_h=25,20260902-011233,previous_detection,before_annealing,20260516-064844,20260919-004123,2.016358103115785
157,1707.65,530.89,7.0629,0.594007,20.0,53.4,2.5,annealing_T=150_h=25,absent,absent,5.53,96.0,annealing_T=125_h=25,20260902-011233,previous_detection,before_annealing,20260516-064844,20260919-004123,2.016358103115785
157,1707.65,530.89,10.9519,0.534365,20.0,53.9,3.0,annealing_T=150_h=25,absent,absent,5.53,96.0,annealing_T=125_h=25,20260902-011233,previous_detection,before_annealing,20260516-064844,20260919-004123,2.016358103115785
157,1707.65,530.89,30.15,0.62849,20.0,55.9,5.0,annealing_T=150_h=25,absent,absent,5.53,96.0,annealing_T=125_h=25,20260902-011233,previous_detection,before_annealing,20260516-064844,20260919-004123,2.016358103115785
158,1707.79,828.49,1.10731,0.507026,20.0,51.65,0.75,annealing_T=150_h=25,present,present,7.38,171.0,annealing_T=150_h=25,20260919-004123,phase_detection,before_annealing,20260516-064844,20260919-004123,3.412345234585826
158,1707.79,828.49,4.02211,0.469765,20.0,52.4,1.5,annealing_T=150_h=25,present,present,7.38,171.0,annealing_T=150_h=25,20260919-004123,phase_detection,before_annealing,20260516-064844,20260919-004123,3.412345234585826
158,1707.79,828.49,7.44791,0.460517,20.0,52.9,2.0,annealing_T=150_h=25,present,present,7.38,171.0,annealing_T=150_h=25,20260919-004123,phase_detection,before_annealing,20260516-064844,20260919-004123,3.412345234585826
158,1707.79,828.49,18.3816,0.545976,20.0,53.4,2.5,annealing_T=150_h=25,present,present,7.38,171.0,annealing_T=150_h=25,20260919-004123,phase_detection,before_annealing,20260516-064844,20260919-004123,3.412345234585826
158,1707.79,828.49,23.2735,0.684373,20.0,53.9,3.0,annealing_T=150_h=25,present,present,7.38,171.0,annealing_T=150_h=25,20260919-004123,phase_detection,before_annealing,20260516-064844,20260919-004123,3.412345234585826
158,1707.79,828.49,91.1184,0.770547,20.0,55.9,5.0,annealing_T=150_h=25,present,present,7.38,171.0,annealing_T=150_h=25,20260919-004123,phase_detection,before_annealing,20260516-064844,20260919-004123,3.412345234585826
159,1709.81,451.96,0.596184,0.535791,20.0,51.65,0.75,annealing_T=150_h=25,absent,absent,5.32,89.0,annealing_T=125_h=5,20260725-020716,previous_detection,annealing_T=100_h=5,20260613-015321,20260919-004123,5.579767020225847
159,1709.81,451.96,3.0063,0.51848,20.0,52.4,1.5,annealing_T=150_h=25,absent,absent,5.32,89.0,annealing_T=125_h=5,20260725-020716,previous_detection,annealing_T=100_h=5,20260613-015321,20260919-004123,5.579767020225847
159,1709.81,451.96,3.9893,0.443412,20.0,52.9,2.0,annealing_T=150_h=25,absent,absent,5.32,89.0,annealing_T=125_h=5,20260725-020716,previous_detection,annealing_T=100_h=5,20260613-015321,20260919-004123,5.579767020225847
159,1709.81,451.96,5.28882,0.363001,20.0,53.4,2.5,annealing_T=150_h=25,absent,absent,5.32,89.0,annealing_T=125_h=5,20260725-020716,previous_detection,annealing_T=100_h=5,20260613-015321,20260919-004123,5.579767020225847
159,1709.81,451.96,5.2031,0.568698,20.0,53.9,3.0,annealing_T=150_h=25,absent,absent,5.32,89.0,annealing_T=125_h=5,20260725-020716,previous_detection,annealing_T=100_h=5,20260613-015321,20260919-004123,5.579767020225847
159,1709.81,451.96,12.8733,0.780009,20.0,55.9,5.0,annealing_T=150_h=25,absent,absent,5.32,89.0,annealing_T=125_h=5,20260725-020716,previous_detection,annealing_T=100_h=5,20260613-015321,20260919-004123,5.579767020225847
160,1711.62,378.24,0.393635,0.392559,20.0,51.65,0.75,annealing_T=150_h=25,absent,absent,7.07,157.0,annealing_T=125_h=5,20260725-020716,previous_detection,before_annealing,20260516-064844,20260919-004123,4.55317471661258
160,1711.62,378.24,-2.27054,0.264601,20.0,52.4,1.5,annealing_T=150_h=25,absent,absent,7.07,157.0,annealing_T=125_h=5,20260725-020716,previous_detection,before_annealing,20260516-064844,20260919-004123,4.55317471661258
160,1711.62,378.24,2.44293,0.324341,20.0,52.9,2.0,annealing_T=150_h=25,absent,absent,7.07,157.0,annealing_T=125_h=5,20260725-020716,previous_detection,before_annealing,20260516-064844,20260919-004123,4.55317471661258
160,1711.62,378.24,-0.663852,0.466306,20.0,53.4,2.5,annealing_T=150_h=25,absent,absent,7.07,157.0,annealing_T=125_h=5,20260725-020716,previous_detection,before_annealing,20260516-064844,20260919-004123,4.55317471661258
160,1711.62,378.24,5.53037,0.349824,20.0,53.9,3.0,annealing_T=150_h=25,absent,absent,7.07,157.0,annealing_T=125_h=5,20260725-020716,previous_detection,before_annealing,20260516-064844,20260919-004123,4.55317471661258
160,1711.62,378.24,2.37995,0.75646,20.0,55.9,5.0,annealing_T=150_h=25,absent,absent,7.07,157.0,annealing_T=125_h=5,20260725-020716,previous_detection,before_annealing,20260516-064844,20260919-004123,4.55317471661258
161,1713.28,552.28,1.28955,0.342735,20.0,51.65,0.75,annealing_T=150_h=25,absent,absent,7.69,186.0,annealing_T=125_h=25,20260902-011233,previous_detection,annealing_T=125_h=25,20260902-011233,20260919-004123,2.722149885660201
161,1713.28,552.28,5.69607,0.343927,20.0,52.4,1.5,annealing_T=150_h=25,absent,absent,7.69,186.0,annealing_T=125_h=25,20260902-011233,previous_detection,annealing_T=125_h=25,20260902-011233,20260919-004123,2.722149885660201
161,1713.28,552.28,9.19624,0.40032,20.0,52.9,2.0,annealing_T=150_h=25,absent,absent,7.69,186.0,annealing_T=125_h=25,20260902-011233,previous_detection,annealing_T=125_h=25,20260902-011233,20260919-004123,2.722149885660201
161,1713.28,552.28,18.1207,0.44744,20.0,53.4,2.5,annealing_T=150_h=25,absent,absent,7.69,186.0,annealing_T=125_h=25,20260902-011233,previous_detection,annealing_T=125_h=25,20260902-011233,20260919-004123,2.722149885660201
161,1713.28,552.28,16.8847,0.800826,20.0,53.9,3.0,annealing_T=150_h=25,absent,absent,7.69,186.0,annealing_T=125_h=25,20260902-011233,previous_detection,annealing_T=125_h=25,20260902-011233,20260919-004123,2.722149885660201
161,1713.28,552.28,63.5537,0.597041,20.0,55.9,5.0,annealing_T=150_h=25,absent,absent,7.69,186.0,annealing_T=125_h=25,20260902-011233,previous_detection,annealing_T=125_h=25,20260902-011233,20260919-004123,2.722149885660201
162,1717.5,13.03,-4.69443,0.8033,20.0,51.65,0.75,annealing_T=150_h=25,absent,absent,16.01,805.0,annealing_T=100_h=25,20260629-230214,previous_detection,annealing_T=75_h=25,20260602-133829,20260919-004123,5.0601383380298515
162,1717.5,13.03,4.56223,0.939986,20.0,52.4,1.5,annealing_T=150_h=25,absent,absent,16.01,805.0,annealing_T=100_h=25,20260629-230214,previous_detection,annealing_T=75_h=25,20260602-133829,20260919-004123,5.0601383380298515
162,1717.5,13.03,6.82425,0.972827,20.0,52.9,2.0,annealing_T=150_h=25,absent,absent,16.01,805.0,annealing_T=100_h=25,20260629-230214,previous_detection,annealing_T=75_h=25,20260602-133829,20260919-004123,5.0601383380298515
162,1717.5,13.03,5.50772,1.03516,20.0,53.4,2.5,annealing_T=150_h=25,absent,absent,16.01,805.0,annealing_T=100_h=25,20260629-230214,previous_detection,annealing_T=75_h=25,20260602-133829,20260919-004123,5.0601383380298515
162,1717.5,13.03,-4.91078,1.10931,20.0,53.9,3.0,annealing_T=150_h=25,absent,absent,16.01,805.0,annealing_T=100_h=25,20260629-230214,previous_detection,annealing_T=75_h=25,20260602-133829,20260919-004123,5.0601383380298515
162,1717.5,13.03,-6.54714,1.33461,20.0,55.9,5.0,annealing_T=150_h=25,absent,absent,16.01,805.0,annealing_T=100_h=25,20260629-230214,previous_detection,annealing_T=75_h=25,20260602-133829,20260919-004123,5.0601383380298515
163,1716.57,577.12,6.53358,0.581002,20.0,51.65,0.75,annealing_T=150_h=25,present,present,9.74,298.0,annealing_T=150_h=25,20260919-004123,phase_detection,annealing_T=100_h=5,20260613-015321,20260919-004123,1.6434719346554112
163,1716.57,577.12,15.1293,0.625642,20.0,52.4,1.5,annealing_T=150_h=25,present,present,9.74,298.0,annealing_T=150_h=25,20260919-004123,phase_detection,annealing_T=100_h=5,20260613-015321,20260919-004123,1.6434719346554112
163,1716.57,577.12,18.3392,0.553576,20.0,52.9,2.0,annealing_T=150_h=25,present,present,9.74,298.0,annealing_T=150_h=25,20260919-004123,phase_detection,annealing_T=100_h=5,20260613-015321,20260919-004123,1.6434719346554112
163,1716.57,577.12,29.2009,0.769764,20.0,53.4,2.5,annealing_T=150_h=25,present,present,9.74,298.0,annealing_T=150_h=25,20260919-004123,phase_detection,annealing_T=100_h=5,20260613-015321,20260919-004123,1.6434719346554112
163,1716.57,577.12,42.4039,0.782651,20.0,53.9,3.0,annealing_T=150_h=25,present,present,9.74,298.0,annealing_T=150_h=25,20260919-004123,phase_detection,annealing_T=100_h=5,20260613-015321,20260919-004123,1.6434719346554112
163,1716.57,577.12,95.408,1.01867,20.0,55.9,5.0,annealing_T=150_h=25,present,present,9.74,298.0,annealing_T=150_h=25,20260919-004123,phase_detection,annealing_T=100_h=5,20260613-015321,20260919-004123,1.6434719346554112
164,1721.86,49.93,-1.87614,0.75979,20.0,51.65,0.75,annealing_T=150_h=25,absent,absent,10.81,367.0,annealing_T=125_h=25,20260902-011233,previous_detection,annealing_T=75_h=25,20260602-133829,20260919-004123,4.334166586553796
164,1721.86,49.93,-2.87123,0.707533,20.0,52.4,1.5,annealing_T=150_h=25,absent,absent,10.81,367.0,annealing_T=125_h=25,20260902-011233,previous_detection,annealing_T=75_h=25,20260602-133829,20260919-004123,4.334166586553796
164,1721.86,49.93,0.102704,0.801544,20.0,52.9,2.0,annealing_T=150_h=25,absent,absent,10.81,367.0,annealing_T=125_h=25,20260902-011233,previous_detection,annealing_T=75_h=25,20260602-133829,20260919-004123,4.334166586553796
164,1721.86,49.93,3.56007,0.89292,20.0,53.4,2.5,annealing_T=150_h=25,absent,absent,10.81,367.0,annealing_T=125_h=25,20260902-011233,previous_detection,annealing_T=75_h=25,20260602-133829,20260919-004123,4.334166586553796
164,1721.86,49.93,8.64467,0.980351,20.0,53.9,3.0,annealing_T=150_h=25,absent,absent,10.81,367.0,annealing_T=125_h=25,20260902-011233,previous_detection,annealing_T=75_h=25,20260602-133829,20260919-004123,4.334166586553796
164,1721.86,49.93,24.0729,1.2136,20.0,55.9,5.0,annealing_T=150_h=25,absent,absent,10.81,367.0,annealing_T=125_h=25,20260902-011233,previous_detection,annealing_T=75_h=25,20260602-133829,20260919-004123,4.334166586553796
165,1739.24,622.29,2.02939,0.181711,20.0,51.65,0.75,annealing_T=150_h=25,absent,disappeared,3.61,41.0,annealing_T=150_h=5,20260912-010115,previous_detection,annealing_T=150_h=5,20260912-010115,20260919-004123,1.4112760183607684
165,1739.24,622.29,3.01339,0.286148,20.0,52.4,1.5,annealing_T=150_h=25,absent,disappeared,3.61,41.0,annealing_T=150_h=5,20260912-010115,previous_detection,annealing_T=150_h=5,20260912-010115,20260919-004123,1.4112760183607684
165,1739.24,622.29,3.18013,0.200523,20.0,52.9,2.0,annealing_T=150_h=25,absent,disappeared,3.61,41.0,annealing_T=150_h=5,20260912-010115,previous_detection,annealing_T=150_h=5,20260912-010115,20260919-004123,1.4112760183607684
165,1739.24,622.29,4.71508,0.343472,20.0,53.4,2.5,annealing_T=150_h=25,absent,disappeared,3.61,41.0,annealing_T=150_h=5,20260912-010115,previous_detection,annealing_T=150_h=5,20260912-010115,20260919-004123,1.4112760183607684
165,1739.24,622.29,9.06678,0.213694,20.0,53.9,3.0,annealing_T=150_h=25,absent,disappeared,3.61,41.0,annealing_T=150_h=5,20260912-010115,previous_detection,annealing_T=150_h=5,20260912-010115,20260919-004123,1.4112760183607684
165,1739.24,622.29,18.1003,0.540079,20.0,55.9,5.0,annealing_T=150_h=25,absent,disappeared,3.61,41.0,annealing_T=150_h=5,20260912-010115,previous_detection,annealing_T=150_h=5,20260912-010115,20260919-004123,1.4112760183607684
166,1745.08,661.24,-0.391395,0.515314,20.0,51.65,0.75,annealing_T=150_h=25,absent,disappeared,6.75,143.0,annealing_T=150_h=5,20260912-010115,previous_detection,annealing_T=125_h=25,20260902-011233,20260919-004123,0.6360031446462359
166,1745.08,661.24,5.76265,0.385016,20.0,52.4,1.5,annealing_T=150_h=25,absent,disappeared,6.75,143.0,annealing_T=150_h=5,20260912-010115,previous_detection,annealing_T=125_h=25,20260902-011233,20260919-004123,0.6360031446462359
166,1745.08,661.24,5.24636,0.53296,20.0,52.9,2.0,annealing_T=150_h=25,absent,disappeared,6.75,143.0,annealing_T=150_h=5,20260912-010115,previous_detection,annealing_T=125_h=25,20260902-011233,20260919-004123,0.6360031446462359
166,1745.08,661.24,4.05816,0.301925,20.0,53.4,2.5,annealing_T=150_h=25,absent,disappeared,6.75,143.0,annealing_T=150_h=5,20260912-010115,previous_detection,annealing_T=125_h=25,20260902-011233,20260919-004123,0.6360031446462359
166,1745.08,661.24,10.4408,0.676091,20.0,53.9,3.0,annealing_T=150_h=25,absent,disappeared,6.75,143.0,annealing_T=150_h=5,20260912-010115,previous_detection,annealing_T=125_h=25,20260902-011233,20260919-004123,0.6360031446462359
166,1745.08,661.24,24.4513,0.677193,20.0,55.9,5.0,annealing_T=150_h=25,absent,disappeared,6.75,143.0,annealing_T=150_h=5,20260912-010115,previous_detection,annealing_T=125_h=25,20260902-011233,20260919-004123,0.6360031446462359
167,1756.09,206.14,-1.40442,0.374197,20.0,51.65,0.75,annealing_T=150_h=25,absent,absent,6.72,142.0,annealing_T=100_h=5,20260613-015321,previous_detection,annealing_T=100_h=5,20260613-015321,20260919-004123,4.887535166113825
167,1756.09,206.14,-0.137026,0.347373,20.0,52.4,1.5,annealing_T=150_h=25,absent,absent,6.72,142.0,annealing_T=100_h=5,20260613-015321,previous_detection,annealing_T=100_h=5,20260613-015321,20260919-004123,4.887535166113825
167,1756.09,206.14,-1.10369,0.471454,20.0,52.9,2.0,annealing_T=150_h=25,absent,absent,6.72,142.0,annealing_T=100_h=5,20260613-015321,previous_detection,annealing_T=100_h=5,20260613-015321,20260919-004123,4.887535166113825
167,1756.09,206.14,-0.873704,0.434953,20.0,53.4,2.5,annealing_T=150_h=25,absent,absent,6.72,142.0,annealing_T=100_h=5,20260613-015321,previous_detection,annealing_T=100_h=5,20260613-015321,20260919-004123,4.887535166113825
167,1756.09,206.14,1.98656,0.35395,20.0,53.9,3.0,annealing_T=150_h=25,absent,absent,6.72,142.0,annealing_T=100_h=5,20260613-015321,previous_detection,annealing_T=100_h=5,20260613-015321,20260919-004123,4.887535166113825
167,1756.09,206.14,1.56097,0.620699,20.0,55.9,5.0,annealing_T=150_h=25,absent,absent,6.72,142.0,annealing_T=100_h=5,20260613-015321,previous_detection,annealing_T=100_h=5,20260613-015321,20260919-004123,4.887535166113825
168,1758.32,847.44,3.28678,0.8286,20.0,51.65,0.75,annealing_T=150_h=25,present,present,15.26,732.0,annealing_T=150_h=25,20260919-004123,phase_detection,annealing_T=100_h=25,20260629-230214,20260919-004123,3.2262206992083073
168,1758.32,847.44,12.6262,0.869477,20.0,52.4,1.5,annealing_T=150_h=25,present,present,15.26,732.0,annealing_T=150_h=25,20260919-004123,phase_detection,annealing_T=100_h=25,20260629-230214,20260919-004123,3.2262206992083073
168,1758.32,847.44,26.7438,0.993119,20.0,52.9,2.0,annealing_T=150_h=25,present,present,15.26,732.0,annealing_T=150_h=25,20260919-004123,phase_detection,annealing_T=100_h=25,20260629-230214,20260919-004123,3.2262206992083073
168,1758.32,847.44,45.2104,0.95088,20.0,53.4,2.5,annealing_T=150_h=25,present,present,15.26,732.0,annealing_T=150_h=25,20260919-004123,phase_detection,annealing_T=100_h=25,20260629-230214,20260919-004123,3.2262206992083073
168,1758.32,847.44,53.8096,1.00582,20.0,53.9,3.0,annealing_T=150_h=25,present,present,15.26,732.0,annealing_T=150_h=25,20260919-004123,phase_detection,annealing_T=100_h=25,20260629-230214,20260919-004123,3.2262206992083073
168,1758.32,847.44,136.933,1.34926,20.0,55.9,5.0,annealing_T=150_h=25,present,present,15.26,732.0,annealing_T=150_h=25,20260919-004123,phase_detection,annealing_T=100_h=25,20260629-230214,20260919-004123,3.2262206992083073
169,1779.37,616.08,0.565303,0.0726569,20.0,51.65,0.75,annealing_T=150_h=25,absent,absent,3.66,42.0,annealing_T=75_h=5,20260523-062735,previous_detection,annealing_T=75_h=5,20260523-062735,20260919-004123,5.803593714242921
169,1779.37,616.08,-0.62791,0.075706,20.0,52.4,1.5,annealing_T=150_h=25,absent,absent,3.66,42.0,annealing_T=75_h=5,20260523-062735,previous_detection,annealing_T=75_h=5,20260523-062735,20260919-004123,5.803593714242921
169,1779.37,616.08,-0.0315147,0.0994316,20.0,52.9,2.0,annealing_T=150_h=25,absent,absent,3.66,42.0,annealing_T=75_h=5,20260523-062735,previous_detection,annealing_T=75_h=5,20260523-062735,20260919-004123,5.803593714242921
169,1779.37,616.08,-0.208387,0.100324,20.0,53.4,2.5,annealing_T=150_h=25,absent,absent,3.66,42.0,annealing_T=75_h=5,20260523-062735,previous_detection,annealing_T=75_h=5,20260523-062735,20260919-004123,5.803593714242921
169,1779.37,616.08,-1.12039,0.570774,20.0,53.9,3.0,annealing_T=150_h=25,absent,absent,3.66,42.0,annealing_T=75_h=5,20260523-062735,previous_detection,annealing_T=75_h=5,20260523-062735,20260919-004123,5.803593714242921
169,1779.37,616.08,2.03244,0.368589,20.0,55.9,5.0,annealing_T=150_h=25,absent,absent,3.66,42.0,annealing_T=75_h=5,20260523-062735,previous_detection,annealing_T=75_h=5,20260523-062735,20260919-004123,5.803593714242921
170,1810.21,652.43,-0.0346044,0.238285,20.0,51.65,0.75,annealing_T=150_h=25,absent,absent,5.67,101.0,annealing_T=75_h=25,20260602-133829,previous_detection,before_annealing,20260516-064844,20260919-004123,6.399320276404339
170,1810.21,652.43,1.90454,0.284539,20.0,52.4,1.5,annealing_T=150_h=25,absent,absent,5.67,101.0,annealing_T=75_h=25,20260602-133829,previous_detection,before_annealing,20260516-064844,20260919-004123,6.399320276404339
170,1810.21,652.43,0.940726,0.161672,20.0,52.9,2.0,annealing_T=150_h=25,absent,absent,5.67,101.0,annealing_T=75_h=25,20260602-133829,previous_detection,before_annealing,20260516-064844,20260919-004123,6.399320276404339
170,1810.21,652.43,1.55939,0.416819,20.0,53.4,2.5,annealing_T=150_h=25,absent,absent,5.67,101.0,annealing_T=75_h=25,20260602-133829,previous_detection,before_annealing,20260516-064844,20260919-004123,6.399320276404339
170,1810.21,652.43,4.32551,0.461228,20.0,53.9,3.0,annealing_T=150_h=25,absent,absent,5.67,101.0,annealing_T=75_h=25,20260602-133829,previous_detection,before_annealing,20260516-064844,20260919-004123,6.399320276404339
170,1810.21,652.43,4.80019,0.327021,20.0,55.9,5.0,annealing_T=150_h=25,absent,absent,5.67,101.0,annealing_T=75_h=25,20260602-133829,previous_detection,before_annealing,20260516-064844,20260919-004123,6.399320276404339
171,1816.17,138.58,2.90685,0.324624,20.0,51.65,0.75,annealing_T=150_h=25,absent,absent,7.4,172.0,annealing_T=125_h=5,20260725-020716,previous_detection,annealing_T=100_h=5,20260613-015321,20260919-004123,5.880926797708022
171,1816.17,138.58,1.16084,0.451727,20.0,52.4,1.5,annealing_T=150_h=25,absent,absent,7.4,172.0,annealing_T=125_h=5,20260725-020716,previous_detection,annealing_T=100_h=5,20260613-015321,20260919-004123,5.880926797708022
171,1816.17,138.58,7.23446,0.319532,20.0,52.9,2.0,annealing_T=150_h=25,absent,absent,7.4,172.0,annealing_T=125_h=5,20260725-020716,previous_detection,annealing_T=100_h=5,20260613-015321,20260919-004123,5.880926797708022
171,1816.17,138.58,10.0191,0.395319,20.0,53.4,2.5,annealing_T=150_h=25,absent,absent,7.4,172.0,annealing_T=125_h=5,20260725-020716,previous_detection,annealing_T=100_h=5,20260613-015321,20260919-004123,5.880926797708022
171,1816.17,138.58,15.251,0.475036,20.0,53.9,3.0,annealing_T=150_h=25,absent,absent,7.4,172.0,annealing_T=125_h=5,20260725-020716,previous_detection,annealing_T=100_h=5,20260613-015321,20260919-004123,5.880926797708022
171,1816.17,138.58,27.875,0.713957,20.0,55.9,5.0,annealing_T=150_h=25,absent,absent,7.4,172.0,annealing_T=125_h=5,20260725-020716,previous_detection,annealing_T=100_h=5,20260613-015321,20260919-004123,5.880926797708022
172,1821.47,987.75,3.47647,0.70918,20.0,51.65,0.75,annealing_T=150_h=25,absent,disappeared,11.52,417.0,annealing_T=150_h=5,20260912-010115,previous_detection,annealing_T=75_h=25,20260602-133829,20260919-004123,0.6046486583132569
172,1821.47,987.75,3.85703,0.771975,20.0,52.4,1.5,annealing_T=150_h=25,absent,disappeared,11.52,417.0,annealing_T=150_h=5,20260912-010115,previous_detection,annealing_T=75_h=25,20260602-133829,20260919-004123,0.6046486583132569
172,1821.47,987.75,6.72408,0.694191,20.0,52.9,2.0,annealing_T=150_h=25,absent,disappeared,11.52,417.0,annealing_T=150_h=5,20260912-010115,previous_detection,annealing_T=75_h=25,20260602-133829,20260919-004123,0.6046486583132569
172,1821.47,987.75,13.6618,0.654271,20.0,53.4,2.5,annealing_T=150_h=25,absent,disappeared,11.52,417.0,annealing_T=150_h=5,20260912-010115,previous_detection,annealing_T=75_h=25,20260602-133829,20260919-004123,0.6046486583132569
172,1821.47,987.75,6.75578,0.796312,20.0,53.9,3.0,annealing_T=150_h=25,absent,disappeared,11.52,417.0,annealing_T=150_h=5,20260912-010115,previous_detection,annealing_T=75_h=25,20260602-133829,20260919-004123,0.6046486583132569
172,1821.47,987.75,16.8962,1.11561,20.0,55.9,5.0,annealing_T=150_h=25,absent,disappeared,11.52,417.0,annealing_T=150_h=5,20260912-010115,previous_detection,annealing_T=75_h=25,20260602-133829,20260919-004123,0.6046486583132569
173,1824.8,901.81,0.550292,0.401768,20.0,51.65,0.75,annealing_T=150_h=25,absent,absent,8.76,241.0,annealing_T=125_h=25,20260902-011233,previous_detection,annealing_T=100_h=25,20260629-230214,20260919-004123,2.7933134446388235
173,1824.8,901.81,2.43338,0.469468,20.0,52.4,1.5,annealing_T=150_h=25,absent,absent,8.76,241.0,annealing_T=125_h=25,20260902-011233,previous_detection,annealing_T=100_h=25,20260629-230214,20260919-004123,2.7933134446388235
173,1824.8,901.81,4.8685,0.420946,20.0,52.9,2.0,annealing_T=150_h=25,absent,absent,8.76,241.0,annealing_T=125_h=25,20260902-011233,previous_detection,annealing_T=100_h=25,20260629-230214,20260919-004123,2.7933134446388235
173,1824.8,901.81,6.16258,0.467326,20.0,53.4,2.5,annealing_T=150_h=25,absent,absent,8.76,241.0,annealing_T=125_h=25,20260902-011233,previous_detection,annealing_T=100_h=25,20260629-230214,20260919-004123,2.7933134446388235
173,1824.8,901.81,4.25776,0.502738,20.0,53.9,3.0,annealing_T=150_h=25,absent,absent,8.76,241.0,annealing_T=125_h=25,20260902-011233,previous_detection,annealing_T=100_h=25,20260629-230214,20260919-004123,2.7933134446388235
173,1824.8,901.81,11.8427,0.79341,20.0,55.9,5.0,annealing_T=150_h=25,absent,absent,8.76,241.0,annealing_T=125_h=25,20260902-011233,previous_detection,annealing_T=100_h=25,20260629-230214,20260919-004123,2.7933134446388235
174,1834.48,275.16,3.87378,0.518093,20.0,51.65,0.75,annealing_T=150_h=25,present,present,9.62,291.0,annealing_T=150_h=25,20260919-004123,phase_detection,before_annealing,20260516-064844,20260919-004123,4.263543127494012
174,1834.48,275.16,15.878,0.56811,20.0,52.4,1.5,annealing_T=150_h=25,present,present,9.62,291.0,annealing_T=150_h=25,20260919-004123,phase_detection,before_annealing,20260516-064844,20260919-004123,4.263543127494012
174,1834.48,275.16,20.2343,0.599214,20.0,52.9,2.0,annealing_T=150_h=25,present,present,9.62,291.0,annealing_T=150_h=25,20260919-004123,phase_detection,before_annealing,20260516-064844,20260919-004123,4.263543127494012
174,1834.48,275.16,33.5926,0.635978,20.0,53.4,2.5,annealing_T=150_h=25,present,present,9.62,291.0,annealing_T=150_h=25,20260919-004123,phase_detection,before_annealing,20260516-064844,20260919-004123,4.263543127494012
174,1834.48,275.16,42.8985,0.69039,20.0,53.9,3.0,annealing_T=150_h=25,present,present,9.62,291.0,annealing_T=150_h=25,20260919-004123,phase_detection,before_annealing,20260516-064844,20260919-004123,4.263543127494012
174,1834.48,275.16,120.441,0.763025,20.0,55.9,5.0,annealing_T=150_h=25,present,present,9.62,291.0,annealing_T=150_h=25,20260919-004123,phase_detection,before_annealing,20260516-064844,20260919-004123,4.263543127494012
175,1841.81,811.45,-0.269047,0.481655,20.0,51.65,0.75,annealing_T=150_h=25,absent,disappeared,8.1,206.0,annealing_T=150_h=5,20260912-010115,previous_detection,before_annealing,20260516-064844,20260919-004123,0.48010415536660245
175,1841.81,811.45,4.85899,0.450923,20.0,52.4,1.5,annealing_T=150_h=25,absent,disappeared,8.1,206.0,annealing_T=150_h=5,20260912-010115,previous_detection,before_annealing,20260516-064844,20260919-004123,0.48010415536660245
175,1841.81,811.45,6.07181,0.616015,20.0,52.9,2.0,annealing_T=150_h=25,absent,disappeared,8.1,206.0,annealing_T=150_h=5,20260912-010115,previous_detection,before_annealing,20260516-064844,20260919-004123,0.48010415536660245
175,1841.81,811.45,12.5842,0.770997,20.0,53.4,2.5,annealing_T=150_h=25,absent,disappeared,8.1,206.0,annealing_T=150_h=5,20260912-010115,previous_detection,before_annealing,20260516-064844,20260919-004123,0.48010415536660245
175,1841.81,811.45,17.9766,0.866065,20.0,53.9,3.0,annealing_T=150_h=25,absent,disappeared,8.1,206.0,annealing_T=150_h=5,20260912-010115,previous_detection,before_annealing,20260516-064844,20260919-004123,0.48010415536660245
175,1841.81,811.45,32.0981,0.692146,20.0,55.9,5.0,annealing_T=150_h=25,absent,disappeared,8.1,206.0,annealing_T=150_h=5,20260912-010115,previous_detection,before_annealing,20260516-064844,20260919-004123,0.48010415536660245
176,1839.65,881.95,-1.88519,0.249338,20.0,51.65,0.75,annealing_T=150_h=25,absent,absent,5.26,87.0,annealing_T=100_h=25,20260629-230214,previous_detection,annealing_T=75_h=25,20260602-133829,20260919-004123,5.627823735690381
176,1839.65,881.95,-1.35794,0.416604,20.0,52.4,1.5,annealing_T=150_h=25,absent,absent,5.26,87.0,annealing_T=100_h=25,20260629-230214,previous_detection,annealing_T=75_h=25,20260602-133829,20260919-004123,5.627823735690381
176,1839.65,881.95,0.314157,0.389397,20.0,52.9,2.0,annealing_T=150_h=25,absent,absent,5.26,87.0,annealing_T=100_h=25,20260629-230214,previous_detection,annealing_T=75_h=25,20260602-133829,20260919-004123,5.627823735690381
176,1839.65,881.95,-2.71146,0.361322,20.0,53.4,2.5,annealing_T=150_h=25,absent,absent,5.26,87.0,annealing_T=100_h=25,20260629-230214,previous_detection,annealing_T=75_h=25,20260602-133829,20260919-004123,5.627823735690381
176,1839.65,881.95,-3.01891,0.287167,20.0,53.9,3.0,annealing_T=150_h=25,absent,absent,5.26,87.0,annealing_T=100_h=25,20260629-230214,previous_detection,annealing_T=75_h=25,20260602-133829,20260919-004123,5.627823735690381
176,1839.65,881.95,-0.656411,0.50153,20.0,55.9,5.0,annealing_T=150_h=25,absent,absent,5.26,87.0,annealing_T=100_h=25,20260629-230214,previous_detection,annealing_T=75_h=25,20260602-133829,20260919-004123,5.627823735690381
177,1862.53,977.21,0.564941,0.171639,20.0,51.65,0.75,annealing_T=150_h=25,absent,absent,3.48,38.0,annealing_T=75_h=5,20260523-062735,previous_detection,annealing_T=75_h=5,20260523-062735,20260919-004123,7.484022982327123
177,1862.53,977.21,0.942495,0.263011,20.0,52.4,1.5,annealing_T=150_h=25,absent,absent,3.48,38.0,annealing_T=75_h=5,20260523-062735,previous_detection,annealing_T=75_h=5,20260523-062735,20260919-004123,7.484022982327123
177,1862.53,977.21,-0.198158,0.105386,20.0,52.9,2.0,annealing_T=150_h=25,absent,absent,3.48,38.0,annealing_T=75_h=5,20260523-062735,previous_detection,annealing_T=75_h=5,20260523-062735,20260919-004123,7.484022982327123
177,1862.53,977.21,0.396807,0.0830508,20.0,53.4,2.5,annealing_T=150_h=25,absent,absent,3.48,38.0,annealing_T=75_h=5,20260523-062735,previous_detection,annealing_T=75_h=5,20260523-062735,20260919-004123,7.484022982327123
177,1862.53,977.21,1.63274,0.230798,20.0,53.9,3.0,annealing_T=150_h=25,absent,absent,3.48,38.0,annealing_T=75_h=5,20260523-062735,previous_detection,annealing_T=75_h=5,20260523-062735,20260919-004123,7.484022982327123
177,1862.53,977.21,1.71191,0.299544,20.0,55.9,5.0,annealing_T=150_h=25,absent,absent,3.48,38.0,annealing_T=75_h=5,20260523-062735,previous_detection,annealing_T=75_h=5,20260523-062735,20260919-004123,7.484022982327123
178,1866.5,741.33,0.504123,0.290311,20.0,51.65,0.75,annealing_T=150_h=25,absent,absent,8.16,209.0,annealing_T=125_h=25,20260902-011233,previous_detection,before_annealing,20260516-064844,20260919-004123,2.6541476974728373
178,1866.5,741.33,1.87246,0.479707,20.0,52.4,1.5,annealing_T=150_h=25,absent,absent,8.16,209.0,annealing_T=125_h=25,20260902-011233,previous_detection,before_annealing,20260516-064844,20260919-004123,2.6541476974728373
178,1866.5,741.33,4.69452,0.445866,20.0,52.9,2.0,annealing_T=150_h=25,absent,absent,8.16,209.0,annealing_T=125_h=25,20260902-011233,previous_detection,before_annealing,20260516-064844,20260919-004123,2.6541476974728373
178,1866.5,741.33,6.54897,0.467891,20.0,53.4,2.5,annealing_T=150_h=25,absent,absent,8.16,209.0,annealing_T=125_h=25,20260902-011233,previous_detection,before_annealing,20260516-064844,20260919-004123,2.6541476974728373
178,1866.5,741.33,10.9447,0.307005,20.0,53.9,3.0,annealing_T=150_h=25,absent,absent,8.16,209.0,annealing_T=125_h=25,20260902-011233,previous_detection,before_annealing,20260516-064844,20260919-004123,2.6541476974728373
178,1866.5,741.33,33.2333,0.716824,20.0,55.9,5.0,annealing_T=150_h=25,absent,absent,8.16,209.0,annealing_T=125_h=25,20260902-011233,previous_detection,before_annealing,20260516-064844,20260919-004123,2.6541476974728373
179,1890.59,373.87,-0.0643219,0.31399,20.0,51.65,0.75,annealing_T=150_h=25,absent,absent,6.0,113.0,annealing_T=125_h=25,20260902-011233,previous_detection,before_annealing,20260516-064844,20260919-004123,3.738836717483087
179,1890.59,373.87,0.00860812,0.413589,20.0,52.4,1.5,annealing_T=150_h=25,absent,absent,6.0,113.0,annealing_T=125_h=25,20260902-011233,previous_detection,before_annealing,20260516-064844,20260919-004123,3.738836717483087
179,1890.59,373.87,1.66328,0.405728,20.0,52.9,2.0,annealing_T=150_h=25,absent,absent,6.0,113.0,annealing_T=125_h=25,20260902-011233,previous_detection,before_annealing,20260516-064844,20260919-004123,3.738836717483087
179,1890.59,373.87,9.79232,0.524685,20.0,53.4,2.5,annealing_T=150_h=25,absent,absent,6.0,113.0,annealing_T=125_h=25,20260902-011233,previous_detection,before_annealing,20260516-064844,20260919-004123,3.738836717483087
179,1890.59,373.87,7.24887,0.527933,20.0,53.9,3.0,annealing_T=150_h=25,absent,absent,6.0,113.0,annealing_T=125_h=25,20260902-011233,previous_detection,before_annealing,20260516-064844,20260919-004123,3.738836717483087
179,1890.59,373.87,16.3476,0.581337,20.0,55.9,5.0,annealing_T=150_h=25,absent,absent,6.0,113.0,annealing_T=125_h=25,20260902-011233,previous_detection,before_annealing,20260516-064844,20260919-004123,3.738836717483087
180,1892.61,260.18,0.299991,0.115183,20.0,51.65,0.75,annealing_T=150_h=25,absent,disappeared,4.22,56.0,annealing_T=150_h=5,20260912-010115,previous_detection,before_annealing,20260516-064844,20260919-004123,1.061178590059131
180,1892.61,260.18,0.63236,0.199039,20.0,52.4,1.5,annealing_T=150_h=25,absent,disappeared,4.22,56.0,annealing_T=150_h=5,20260912-010115,previous_detection,before_annealing,20260516-064844,20260919-004123,1.061178590059131
180,1892.61,260.18,-0.51219,0.197352,20.0,52.9,2.0,annealing_T=150_h=25,absent,disappeared,4.22,56.0,annealing_T=150_h=5,20260912-010115,previous_detection,before_annealing,20260516-064844,20260919-004123,1.061178590059131
180,1892.61,260.18,-0.895305,0.0923434,20.0,53.4,2.5,annealing_T=150_h=25,absent,disappeared,4.22,56.0,annealing_T=150_h=5,20260912-010115,previous_detection,before_annealing,20260516-064844,20260919-004123,1.061178590059131
180,1892.61,260.18,0.0157645,0.262264,20.0,53.9,3.0,annealing_T=150_h=25,absent,disappeared,4.22,56.0,annealing_T=150_h=5,20260912-010115,previous_detection,before_annealing,20260516-064844,20260919-004123,1.061178590059131
180,1892.61,260.18,-1.93163,0.16463,20.0,55.9,5.0,annealing_T=150_h=25,absent,disappeared,4.22,56.0,annealing_T=150_h=5,20260912-010115,previous_detection,before_annealing,20260516-064844,20260919-004123,1.061178590059131
181,1894.57,919.71,2.56524,0.217757,20.0,51.65,0.75,annealing_T=150_h=25,absent,disappeared,7.4,172.0,annealing_T=150_h=5,20260912-010115,previous_detection,annealing_T=75_h=25,20260602-133829,20260919-004123,0.2801785145224104
181,1894.57,919.71,4.26854,0.403568,20.0,52.4,1.5,annealing_T=150_h=25,absent,disappeared,7.4,172.0,annealing_T=150_h=5,20260912-010115,previous_detection,annealing_T=75_h=25,20260602-133829,20260919-004123,0.2801785145224104
181,1894.57,919.71,2.6634,0.226348,20.0,52.9,2.0,annealing_T=150_h=25,absent,disappeared,7.4,172.0,annealing_T=150_h=5,20260912-010115,previous_detection,annealing_T=75_h=25,20260602-133829,20260919-004123,0.2801785145224104
181,1894.57,919.71,1.29809,0.34456,20.0,53.4,2.5,annealing_T=150_h=25,absent,disappeared,7.4,172.0,annealing_T=150_h=5,20260912-010115,previous_detection,annealing_T=75_h=25,20260602-133829,20260919-004123,0.2801785145224104
181,1894.57,919.71,3.62478,0.346834,20.0,53.9,3.0,annealing_T=150_h=25,absent,disappeared,7.4,172.0,annealing_T=150_h=5,20260912-010115,previous_detection,annealing_T=75_h=25,20260602-133829,20260919-004123,0.2801785145224104
181,1894.57,919.71,18.2635,0.445135,20.0,55.9,5.0,annealing_T=150_h=25,absent,disappeared,7.4,172.0,annealing_T=150_h=5,20260912-010115,previous_detection,annealing_T=75_h=25,20260602-133829,20260919-004123,0.2801785145224104
182,1897.21,1064.32,13.9507,0.386983,20.0,51.65,0.75,annealing_T=150_h=25,present,present,10.31,334.0,annealing_T=150_h=25,20260919-004123,phase_detection,annealing_T=150_h=5,20260912-010115,20260919-004123,4.175020958031098
182,1897.21,1064.32,24.807,0.632285,20.0,52.4,1.5,annealing_T=150_h=25,present,present,10.31,334.0,annealing_T=150_h=25,20260919-004123,phase_detection,annealing_T=150_h=5,20260912-010115,20260919-004123,4.175020958031098
182,1897.21,1064.32,40.6538,0.666865,20.0,52.9,2.0,annealing_T=150_h=25,present,present,10.31,334.0,annealing_T=150_h=25,20260919-004123,phase_detection,annealing_T=150_h=5,20260912-010115,20260919-004123,4.175020958031098
182,1897.21,1064.32,54.0592,0.632366,20.0,53.4,2.5,annealing_T=150_h=25,present,present,10.31,334.0,annealing_T=150_h=25,20260919-004123,phase_detection,annealing_T=150_h=5,20260912-010115,20260919-004123,4.175020958031098
182,1897.21,1064.32,67.7212,0.676347,20.0,53.9,3.0,annealing_T=150_h=25,present,present,10.31,334.0,annealing_T=150_h=25,20260919-004123,phase_detection,annealing_T=150_h=5,20260912-010115,20260919-004123,4.175020958031098
182,1897.21,1064.32,153.636,1.09056,20.0,55.9,5.0,annealing_T=150_h=25,present,present,10.31,334.0,annealing_T=150_h=25,20260919-004123,phase_detection,annealing_T=150_h=5,20260912-010115,20260919-004123,4.175020958031098
183,1914.96,642.76,1.57255,0.24957,20.0,51.65,0.75,annealing_T=150_h=25,absent,disappeared,6.77,144.0,annealing_T=150_h=5,20260912-010115,previous_detection,annealing_T=75_h=25,20260602-133829,20260919-004123,0.8683317338436687
183,1914.96,642.76,1.36796,0.253888,20.0,52.4,1.5,annealing_T=150_h=25,absent,disappeared,6.77,144.0,annealing_T=150_h=5,20260912-010115,previous_detection,annealing_T=75_h=25,20260602-133829,20260919-004123,0.8683317338436687
183,1914.96,642.76,3.71044,0.23535,20.0,52.9,2.0,annealing_T=150_h=25,absent,disappeared,6.77,144.0,annealing_T=150_h=5,20260912-010115,previous_detection,annealing_T=75_h=25,20260602-133829,20260919-004123,0.8683317338436687
183,1914.96,642.76,6.48037,0.21514,20.0,53.4,2.5,annealing_T=150_h=25,absent,disappeared,6.77,144.0,annealing_T=150_h=5,20260912-010115,previous_detection,annealing_T=75_h=25,20260602-133829,20260919-004123,0.8683317338436687
183,1914.96,642.76,8.66245,0.194255,20.0,53.9,3.0,annealing_T=150_h=25,absent,disappeared,6.77,144.0,annealing_T=150_h=5,20260912-010115,previous_detection,annealing_T=75_h=25,20260602-133829,20260919-004123,0.8683317338436687
183,1914.96,642.76,12.6669,0.400814,20.0,55.9,5.0,annealing_T=150_h=25,absent,disappeared,6.77,144.0,annealing_T=150_h=5,20260912-010115,previous_detection,annealing_T=75_h=25,20260602-133829,20260919-004123,0.8683317338436687
184,1918.14,339.36,0.0827794,0.0834975,20.0,51.65,0.75,annealing_T=150_h=25,absent,absent,3.14,31.0,annealing_T=75_h=25,20260602-133829,previous_detection,before_annealing,20260516-064844,20260919-004123,6.5247911843982385
184,1918.14,339.36,0.0901852,0.106506,20.0,52.4,1.5,annealing_T=150_h=25,absent,absent,3.14,31.0,annealing_T=75_h=25,20260602-133829,previous_detection,before_annealing,20260516-064844,20260919-004123,6.5247911843982385
184,1918.14,339.36,0.0308629,0.0661583,20.0,52.9,2.0,annealing_T=150_h=25,absent,absent,3.14,31.0,annealing_T=75_h=25,20260602-133829,previous_detection,before_annealing,20260516-064844,20260919-004123,6.5247911843982385
184,1918.14,339.36,-0.585516,0.139902,20.0,53.4,2.5,annealing_T=150_h=25,absent,absent,3.14,31.0,annealing_T=75_h=25,20260602-133829,previous_detection,before_annealing,20260516-064844,20260919-004123,6.5247911843982385
184,1918.14,339.36,-0.124298,0.0882685,20.0,53.9,3.0,annealing_T=150_h=25,absent,absent,3.14,31.0,annealing_T=75_h=25,20260602-133829,previous_detection,before_annealing,20260516-064844,20260919-004123,6.5247911843982385
184,1918.14,339.36,0.350168,0.10677,20.0,55.9,5.0,annealing_T=150_h=25,absent,absent,3.14,31.0,annealing_T=75_h=25,20260602-133829,previous_detection,before_annealing,20260516-064844,20260919-004123,6.5247911843982385
185,90.09,810.0,-0.706252,0.263407,20.0,51.65,0.75,annealing_T=150_h=25,absent,absent,3.19,32.0,annealing_T=75_h=25,20260602-133829,previous_detection,annealing_T=75_h=5,20260523-062735,20260919-004123,0.9326306878930738
185,90.09,810.0,0.0565049,0.147589,20.0,52.4,1.5,annealing_T=150_h=25,absent,absent,3.19,32.0,annealing_T=75_h=25,20260602-133829,previous_detection,annealing_T=75_h=5,20260523-062735,20260919-004123,0.9326306878930738
185,90.09,810.0,0.867077,0.139967,20.0,52.9,2.0,annealing_T=150_h=25,absent,absent,3.19,32.0,annealing_T=75_h=25,20260602-133829,previous_detection,annealing_T=75_h=5,20260523-062735,20260919-004123,0.9326306878930738
185,90.09,810.0,-0.43557,0.250248,20.0,53.4,2.5,annealing_T=150_h=25,absent,absent,3.19,32.0,annealing_T=75_h=25,20260602-133829,previous_detection,annealing_T=75_h=5,20260523-062735,20260919-004123,0.9326306878930738
185,90.09,810.0,-0.668434,0.169319,20.0,53.9,3.0,annealing_T=150_h=25,absent,absent,3.19,32.0,annealing_T=75_h=25,20260602-133829,previous_detection,annealing_T=75_h=5,20260523-062735,20260919-004123,0.9326306878930738
185,90.09,810.0,-1.11978,0.327049,20.0,55.9,5.0,annealing_T=150_h=25,absent,absent,3.19,32.0,annealing_T=75_h=25,20260602-133829,previous_detection,annealing_T=75_h=5,20260523-062735,20260919-004123,0.9326306878930738
186,149.97,225.86,2.83849,0.483569,20.0,51.65,0.75,annealing_T=150_h=25,absent,absent,7.51,177.0,annealing_T=75_h=5,20260523-062735,previous_detection,annealing_T=75_h=5,20260523-062735,20260919-004123,
186,149.97,225.86,1.62133,0.588674,20.0,52.4,1.5,annealing_T=150_h=25,absent,absent,7.51,177.0,annealing_T=75_h=5,20260523-062735,previous_detection,annealing_T=75_h=5,20260523-062735,20260919-004123,
186,149.97,225.86,-1.59453,0.495523,20.0,52.9,2.0,annealing_T=150_h=25,absent,absent,7.51,177.0,annealing_T=75_h=5,20260523-062735,previous_detection,annealing_T=75_h=5,20260523-062735,20260919-004123,
186,149.97,225.86,0.361741,0.825994,20.0,53.4,2.5,annealing_T=150_h=25,absent,absent,7.51,177.0,annealing_T=75_h=5,20260523-062735,previous_detection,annealing_T=75_h=5,20260523-062735,20260919-004123,
186,149.97,225.86,1.95644,0.480571,20.0,53.9,3.0,annealing_T=150_h=25,absent,absent,7.51,177.0,annealing_T=75_h=5,20260523-062735,previous_detection,annealing_T=75_h=5,20260523-062735,20260919-004123,
186,149.97,225.86,7.01584,0.852015,20.0,55.9,5.0,annealing_T=150_h=25,absent,absent,7.51,177.0,annealing_T=75_h=5,20260523-062735,previous_detection,annealing_T=75_h=5,20260523-062735,20260919-004123,
187,203.07,1.71,-0.435495,0.0584653,20.0,51.65,0.75,annealing_T=150_h=25,absent,absent,3.74,44.0,annealing_T=75_h=5,20260523-062735,previous_detection,annealing_T=75_h=5,20260523-062735,20260919-004123,
187,203.07,1.71,0.707949,0.0607489,20.0,52.4,1.5,annealing_T=150_h=25,absent,absent,3.74,44.0,annealing_T=75_h=5,20260523-062735,previous_detection,annealing_T=75_h=5,20260523-062735,20260919-004123,
187,203.07,1.71,0.989786,0.0932011,20.0,52.9,2.0,annealing_T=150_h=25,absent,absent,3.74,44.0,annealing_T=75_h=5,20260523-062735,previous_detection,annealing_T=75_h=5,20260523-062735,20260919-004123,
187,203.07,1.71,0.180408,0.0798669,20.0,53.4,2.5,annealing_T=150_h=25,absent,absent,3.74,44.0,annealing_T=75_h=5,20260523-062735,previous_detection,annealing_T=75_h=5,20260523-062735,20260919-004123,
187,203.07,1.71,0.922977,0.0994162,20.0,53.9,3.0,annealing_T=150_h=25,absent,absent,3.74,44.0,annealing_T=75_h=5,20260523-062735,previous_detection,annealing_T=75_h=5,20260523-062735,20260919-004123,
187,203.07,1.71,-0.163098,0.370686,20.0,55.9,5.0,annealing_T=150_h=25,absent,absent,3.74,44.0,annealing_T=75_h=5,20260523-062735,previous_detection,annealing_T=75_h=5,20260523-062735,20260919-004123,
188,355.11,818.2,-2.57653,0.301003,20.0,51.65,0.75,annealing_T=150_h=25,absent,absent,10.97,378.0,annealing_T=75_h=5,20260523-062735,previous_detection,annealing_T=75_h=5,20260523-062735,20260919-004123,
188,355.11,818.2,-4.84761,0.463909,20.0,52.4,1.5,annealing_T=150_h=25,absent,absent,10.97,378.0,annealing_T=75_h=5,20260523-062735,previous_detection,annealing_T=75_h=5,20260523-062735,20260919-004123,
188,355.11,818.2,2.74111,0.561811,20.0,52.9,2.0,annealing_T=150_h=25,absent,absent,10.97,378.0,annealing_T=75_h=5,20260523-062735,previous_detection,annealing_T=75_h=5,20260523-062735,20260919-004123,
188,355.11,818.2,-0.752873,0.423627,20.0,53.4,2.5,annealing_T=150_h=25,absent,absent,10.97,378.0,annealing_T=75_h=5,20260523-062735,previous_detection,annealing_T=75_h=5,20260523-062735,20260919-004123,
188,355.11,818.2,-4.84036,0.554274,20.0,53.9,3.0,annealing_T=150_h=25,absent,absent,10.97,378.0,annealing_T=75_h=5,20260523-062735,previous_detection,annealing_T=75_h=5,20260523-062735,20260919-004123,
188,355.11,818.2,1.44532,0.675987,20.0,55.9,5.0,annealing_T=150_h=25,absent,absent,10.97,378.0,annealing_T=75_h=5,20260523-062735,previous_detection,annealing_T=75_h=5,20260523-062735,20260919-004123,
189,399.82,862.94,0.146657,0.193632,20.0,51.65,0.75,annealing_T=150_h=25,absent,absent,3.48,38.0,annealing_T=75_h=5,20260523-062735,previous_detection,annealing_T=75_h=5,20260523-062735,20260919-004123,
189,399.82,862.94,0.340285,0.0464945,20.0,52.4,1.5,annealing_T=150_h=25,absent,absent,3.48,38.0,annealing_T=75_h=5,20260523-062735,previous_detection,annealing_T=75_h=5,20260523-062735,20260919-004123,
189,399.82,862.94,-0.10276,0.171424,20.0,52.9,2.0,annealing_T=150_h=25,absent,absent,3.48,38.0,annealing_T=75_h=5,20260523-062735,previous_detection,annealing_T=75_h=5,20260523-062735,20260919-004123,
189,399.82,862.94,-0.350908,0.0620693,20.0,53.4,2.5,annealing_T=150_h=25,absent,absent,3.48,38.0,annealing_T=75_h=5,20260523-062735,previous_detection,annealing_T=75_h=5,20260523-062735,20260919-004123,
189,399.82,862.94,-1.86723,0.200477,20.0,53.9,3.0,annealing_T=150_h=25,absent,absent,3.48,38.0,annealing_T=75_h=5,20260523-062735,previous_detection,annealing_T=75_h=5,20260523-062735,20260919-004123,
189,399.82,862.94,0.26631,0.0924582,20.0,55.9,5.0,annealing_T=150_h=25,absent,absent,3.48,38.0,annealing_T=75_h=5,20260523-062735,previous_detection,annealing_T=75_h=5,20260523-062735,20260919-004123,
190,431.35,810.5,-0.36161,0.0577456,20.0,51.65,0.75,annealing_T=150_h=25,absent,absent,3.39,36.0,annealing_T=75_h=5,20260523-062735,previous_detection,annealing_T=75_h=5,20260523-062735,20260919-004123,
190,431.35,810.5,0.0119054,0.0729353,20.0,52.4,1.5,annealing_T=150_h=25,absent,absent,3.39,36.0,annealing_T=75_h=5,20260523-062735,previous_detection,annealing_T=75_h=5,20260523-062735,20260919-004123,
190,431.35,810.5,0.764301,0.0657143,20.0,52.9,2.0,annealing_T=150_h=25,absent,absent,3.39,36.0,annealing_T=75_h=5,20260523-062735,previous_detection,annealing_T=75_h=5,20260523-062735,20260919-004123,
190,431.35,810.5,0.283105,0.067013,20.0,53.4,2.5,annealing_T=150_h=25,absent,absent,3.39,36.0,annealing_T=75_h=5,20260523-062735,previous_detection,annealing_T=75_h=5,20260523-062735,20260919-004123,
190,431.35,810.5,0.882852,0.111833,20.0,53.9,3.0,annealing_T=150_h=25,absent,absent,3.39,36.0,annealing_T=75_h=5,20260523-062735,previous_detection,annealing_T=75_h=5,20260523-062735,20260919-004123,
190,431.35,810.5,-0.925825,0.0864779,20.0,55.9,5.0,annealing_T=150_h=25,absent,absent,3.39,36.0,annealing_T=75_h=5,20260523-062735,previous_detection,annealing_T=75_h=5,20260523-062735,20260919-004123,
191,433.62,818.62,-0.48211,0.139944,20.0,51.65,0.75,annealing_T=150_h=25,absent,absent,4.48,63.0,annealing_T=75_h=5,20260523-062735,previous_detection,annealing_T=75_h=5,20260523-062735,20260919-004123,
191,433.62,818.62,-1.76203,0.26852,20.0,52.4,1.5,annealing_T=150_h=25,absent,absent,4.48,63.0,annealing_T=75_h=5,20260523-062735,previous_detection,annealing_T=75_h=5,20260523-062735,20260919-004123,
191,433.62,818.62,1.00013,0.324549,20.0,52.9,2.0,annealing_T=150_h=25,absent,absent,4.48,63.0,annealing_T=75_h=5,20260523-062735,previous_detection,annealing_T=75_h=5,20260523-062735,20260919-004123,
191,433.62,818.62,-0.346413,0.283343,20.0,53.4,2.5,annealing_T=150_h=25,absent,absent,4.48,63.0,annealing_T=75_h=5,20260523-062735,previous_detection,annealing_T=75_h=5,20260523-062735,20260919-004123,
191,433.62,818.62,-0.354672,0.287817,20.0,53.9,3.0,annealing_T=150_h=25,absent,absent,4.48,63.0,annealing_T=75_h=5,20260523-062735,previous_detection,annealing_T=75_h=5,20260523-062735,20260919-004123,
191,433.62,818.62,-0.896737,0.497344,20.0,55.9,5.0,annealing_T=150_h=25,absent,absent,4.48,63.0,annealing_T=75_h=5,20260523-062735,previous_detection,annealing_T=75_h=5,20260523-062735,20260919-004123,
192,569.18,266.91,-0.282424,0.0567106,20.0,51.65,0.75,annealing_T=150_h=25,absent,absent,3.57,40.0,annealing_T=75_h=5,20260523-062735,previous_detection,annealing_T=75_h=5,20260523-062735,20260919-004123,
192,569.18,266.91,-0.420338,0.184655,20.0,52.4,1.5,annealing_T=150_h=25,absent,absent,3.57,40.0,annealing_T=75_h=5,20260523-062735,previous_detection,annealing_T=75_h=5,20260523-062735,20260919-004123,
192,569.18,266.91,-0.828431,0.216002,20.0,52.9,2.0,annealing_T=150_h=25,absent,absent,3.57,40.0,annealing_T=75_h=5,20260523-062735,previous_detection,annealing_T=75_h=5,20260523-062735,20260919-004123,
192,569.18,266.91,-0.959691,0.0762325,20.0,53.4,2.5,annealing_T=150_h=25,absent,absent,3.57,40.0,annealing_T=75_h=5,20260523-062735,previous_detection,annealing_T=75_h=5,20260523-062735,20260919-004123,
192,569.18,266.91,0.474247,0.108081,20.0,53.9,3.0,annealing_T=150_h=25,absent,absent,3.57,40.0,annealing_T=75_h=5,20260523-062735,previous_detection,annealing_T=75_h=5,20260523-062735,20260919-004123,
192,569.18,266.91,1.31143,0.295707,20.0,55.9,5.0,annealing_T=150_h=25,absent,absent,3.57,40.0,annealing_T=75_h=5,20260523-062735,previous_detection,annealing_T=75_h=5,20260523-062735,20260919-004123,
193,590.86,233.16,-0.115587,0.125959,20.0,51.65,0.75,annealing_T=150_h=25,absent,absent,4.22,56.0,annealing_T=75_h=25,20260602-133829,previous_detection,annealing_T=75_h=5,20260523-062735,20260919-004123,1.5420765220961075
193,590.86,233.16,1.98112,0.25682,20.0,52.4,1.5,annealing_T=150_h=25,absent,absent,4.22,56.0,annealing_T=75_h=25,20260602-133829,previous_detection,annealing_T=75_h=5,20260523-062735,20260919-004123,1.5420765220961075
193,590.86,233.16,0.787496,0.236218,20.0,52.9,2.0,annealing_T=150_h=25,absent,absent,4.22,56.0,annealing_T=75_h=25,20260602-133829,previous_detection,annealing_T=75_h=5,20260523-062735,20260919-004123,1.5420765220961075
193,590.86,233.16,1.70355,0.127952,20.0,53.4,2.5,annealing_T=150_h=25,absent,absent,4.22,56.0,annealing_T=75_h=25,20260602-133829,previous_detection,annealing_T=75_h=5,20260523-062735,20260919-004123,1.5420765220961075
193,590.86,233.16,-0.418814,0.315338,20.0,53.9,3.0,annealing_T=150_h=25,absent,absent,4.22,56.0,annealing_T=75_h=25,20260602-133829,previous_detection,annealing_T=75_h=5,20260523-062735,20260919-004123,1.5420765220961075
193,590.86,233.16,0.947815,0.425161,20.0,55.9,5.0,annealing_T=150_h=25,absent,absent,4.22,56.0,annealing_T=75_h=25,20260602-133829,previous_detection,annealing_T=75_h=5,20260523-062735,20260919-004123,1.5420765220961075
194,609.72,20.19,-1.09631,0.166949,20.0,51.65,0.75,annealing_T=150_h=25,absent,absent,3.99,50.0,annealing_T=75_h=5,20260523-062735,previous_detection,annealing_T=75_h=5,20260523-062735,20260919-004123,
194,609.72,20.19,-0.637933,0.114208,20.0,52.4,1.5,annealing_T=150_h=25,absent,absent,3.99,50.0,annealing_T=75_h=5,20260523-062735,previous_detection,annealing_T=75_h=5,20260523-062735,20260919-004123,
194,609.72,20.19,0.413012,0.104396,20.0,52.9,2.0,annealing_T=150_h=25,absent,absent,3.99,50.0,annealing_T=75_h=5,20260523-062735,previous_detection,annealing_T=75_h=5,20260523-062735,20260919-004123,
194,609.72,20.19,-0.121054,0.199876,20.0,53.4,2.5,annealing_T=150_h=25,absent,absent,3.99,50.0,annealing_T=75_h=5,20260523-062735,previous_detection,annealing_T=75_h=5,20260523-062735,20260919-004123,
194,609.72,20.19,-0.0548977,0.245245,20.0,53.9,3.0,annealing_T=150_h=25,absent,absent,3.99,50.0,annealing_T=75_h=5,20260523-062735,previous_detection,annealing_T=75_h=5,20260523-062735,20260919-004123,
194,609.72,20.19,0.638287,0.363419,20.0,55.9,5.0,annealing_T=150_h=25,absent,absent,3.99,50.0,annealing_T=75_h=5,20260523-062735,previous_detection,annealing_T=75_h=5,20260523-062735,20260919-004123,
195,1087.52,663.74,-0.412851,0.0583075,20.0,51.65,0.75,annealing_T=150_h=25,absent,absent,2.88,26.0,annealing_T=75_h=25,20260602-133829,previous_detection,annealing_T=75_h=5,20260523-062735,20260919-004123,2.545584412271571
195,1087.52,663.74,0.0363661,0.0855068,20.0,52.4,1.5,annealing_T=150_h=25,absent,absent,2.88,26.0,annealing_T=75_h=25,20260602-133829,previous_detection,annealing_T=75_h=5,20260523-062735,20260919-004123,2.545584412271571
195,1087.52,663.74,1.124,0.0765625,20.0,52.9,2.0,annealing_T=150_h=25,absent,absent,2.88,26.0,annealing_T=75_h=25,20260602-133829,previous_detection,annealing_T=75_h=5,20260523-062735,20260919-004123,2.545584412271571
195,1087.52,663.74,1.57188,0.097033,20.0,53.4,2.5,annealing_T=150_h=25,absent,absent,2.88,26.0,annealing_T=75_h=25,20260602-133829,previous_detection,annealing_T=75_h=5,20260523-062735,20260919-004123,2.545584412271571
195,1087.52,663.74,1.03783,0.103211,20.0,53.9,3.0,annealing_T=150_h=25,absent,absent,2.88,26.0,annealing_T=75_h=25,20260602-133829,previous_detection,annealing_T=75_h=5,20260523-062735,20260919-004123,2.545584412271571
195,1087.52,663.74,3.15111,0.156464,20.0,55.9,5.0,annealing_T=150_h=25,absent,absent,2.88,26.0,annealing_T=75_h=25,20260602-133829,previous_detection,annealing_T=75_h=5,20260523-062735,20260919-004123,2.545584412271571
196,1387.27,268.22,0.215816,0.181775,20.0,51.65,0.75,annealing_T=150_h=25,absent,absent,3.57,40.0,annealing_T=125_h=5,20260725-020716,previous_detection,annealing_T=100_h=5,20260613-015321,20260919-004123,1.4436065946096137
196,1387.27,268.22,0.65929,0.133673,20.0,52.4,1.5,annealing_T=150_h=25,absent,absent,3.57,40.0,annealing_T=125_h=5,20260725-020716,previous_detection,annealing_T=100_h=5,20260613-015321,20260919-004123,1.4436065946096137
196,1387.27,268.22,-0.538951,0.190494,20.0,52.9,2.0,annealing_T=150_h=25,absent,absent,3.57,40.0,annealing_T=125_h=5,20260725-020716,previous_detection,annealing_T=100_h=5,20260613-015321,20260919-004123,1.4436065946096137
196,1387.27,268.22,0.892943,0.231431,20.0,53.4,2.5,annealing_T=150_h=25,absent,absent,3.57,40.0,annealing_T=125_h=5,20260725-020716,previous_detection,annealing_T=100_h=5,20260613-015321,20260919-004123,1.4436065946096137
196,1387.27,268.22,1.19464,0.0865255,20.0,53.9,3.0,annealing_T=150_h=25,absent,absent,3.57,40.0,annealing_T=125_h=5,20260725-020716,previous_detection,annealing_T=100_h=5,20260613-015321,20260919-004123,1.4436065946096137
196,1387.27,268.22,-0.58248,0.216976,20.0,55.9,5.0,annealing_T=150_h=25,absent,absent,3.57,40.0,annealing_T=125_h=5,20260725-020716,previous_detection,annealing_T=100_h=5,20260613-015321,20260919-004123,1.4436065946096137
197,1718.91,1059.23,-1.05624,0.148078,20.0,51.65,0.75,annealing_T=150_h=25,absent,absent,3.19,32.0,annealing_T=75_h=5,20260523-062735,previous_detection,annealing_T=75_h=5,20260523-062735,20260919-004123,
197,1718.91,1059.23,-0.869629,0.0723743,20.0,52.4,1.5,annealing_T=150_h=25,absent,absent,3.19,32.0,annealing_T=75_h=5,20260523-062735,previous_detection,annealing_T=75_h=5,20260523-062735,20260919-004123,
197,1718.91,1059.23,0.0285024,0.0911423,20.0,52.9,2.0,annealing_T=150_h=25,absent,absent,3.19,32.0,annealing_T=75_h=5,20260523-062735,previous_detection,annealing_T=75_h=5,20260523-062735,20260919-004123,
197,1718.91,1059.23,-0.18798,0.101459,20.0,53.4,2.5,annealing_T=150_h=25,absent,absent,3.19,32.0,annealing_T=75_h=5,20260523-062735,previous_detection,annealing_T=75_h=5,20260523-062735,20260919-004123,
197,1718.91,1059.23,-1.26809,0.0663871,20.0,53.9,3.0,annealing_T=150_h=25,absent,absent,3.19,32.0,annealing_T=75_h=5,20260523-062735,previous_detection,annealing_T=75_h=5,20260523-062735,20260919-004123,
197,1718.91,1059.23,-3.42633,0.2819,20.0,55.9,5.0,annealing_T=150_h=25,absent,absent,3.19,32.0,annealing_T=75_h=5,20260523-062735,previous_detection,annealing_T=75_h=5,20260523-062735,20260919-004123,
198,1738.68,16.12,-0.689181,0.115794,20.0,51.65,0.75,annealing_T=150_h=25,absent,absent,3.09,30.0,annealing_T=75_h=5,20260523-062735,previous_detection,annealing_T=75_h=5,20260523-062735,20260919-004123,
198,1738.68,16.12,0.239903,0.0583228,20.0,52.4,1.5,annealing_T=150_h=25,absent,absent,3.09,30.0,annealing_T=75_h=5,20260523-062735,previous_detection,annealing_T=75_h=5,20260523-062735,20260919-004123,
198,1738.68,16.12,0.509573,0.12963,20.0,52.9,2.0,annealing_T=150_h=25,absent,absent,3.09,30.0,annealing_T=75_h=5,20260523-062735,previous_detection,annealing_T=75_h=5,20260523-062735,20260919-004123,
198,1738.68,16.12,1.0299,0.165199,20.0,53.4,2.5,annealing_T=150_h=25,absent,absent,3.09,30.0,annealing_T=75_h=5,20260523-062735,previous_detection,annealing_T=75_h=5,20260523-062735,20260919-004123,
198,1738.68,16.12,0.240219,0.103066,20.0,53.9,3.0,annealing_T=150_h=25,absent,absent,3.09,30.0,annealing_T=75_h=5,20260523-062735,previous_detection,annealing_T=75_h=5,20260523-062735,20260919-004123,
198,1738.68,16.12,-1.29079,0.127261,20.0,55.9,5.0,annealing_T=150_h=25,absent,absent,3.09,30.0,annealing_T=75_h=5,20260523-062735,previous_detection,annealing_T=75_h=5,20260523-062735,20260919-004123,
199,315.18,347.51,-0.930844,0.190512,20.0,51.65,0.75,annealing_T=150_h=25,absent,absent,2.88,26.0,annealing_T=75_h=25,20260602-133829,previous_detection,annealing_T=75_h=25,20260602-133829,20260919-004123,
199,315.18,347.51,0.354498,0.0685805,20.0,52.4,1.5,annealing_T=150_h=25,absent,absent,2.88,26.0,annealing_T=75_h=25,20260602-133829,previous_detection,annealing_T=75_h=25,20260602-133829,20260919-004123,
199,315.18,347.51,0.876781,0.246513,20.0,52.9,2.0,annealing_T=150_h=25,absent,absent,2.88,26.0,annealing_T=75_h=25,20260602-133829,previous_detection,annealing_T=75_h=25,20260602-133829,20260919-004123,
199,315.18,347.51,1.48174,0.233384,20.0,53.4,2.5,annealing_T=150_h=25,absent,absent,2.88,26.0,annealing_T=75_h=25,20260602-133829,previous_detection,annealing_T=75_h=25,20260602-133829,20260919-004123,
199,315.18,347.51,5.01146,0.433329,20.0,53.9,3.0,annealing_T=150_h=25,absent,absent,2.88,26.0,annealing_T=75_h=25,20260602-133829,previous_detection,annealing_T=75_h=25,20260602-133829,20260919-004123,
199,315.18,347.51,8.75716,0.378008,20.0,55.9,5.0,annealing_T=150_h=25,absent,absent,2.88,26.0,annealing_T=75_h=25,20260602-133829,previous_detection,annealing_T=75_h=25,20260602-133829,20260919-004123,
200,413.82,162.19,0.360781,0.179884,20.0,51.65,0.75,annealing_T=150_h=25,absent,absent,2.88,26.0,annealing_T=75_h=25,20260602-133829,previous_detection,annealing_T=75_h=25,20260602-133829,20260919-004123,
200,413.82,162.19,0.295737,0.0387435,20.0,52.4,1.5,annealing_T=150_h=25,absent,absent,2.88,26.0,annealing_T=75_h=25,20260602-133829,previous_detection,annealing_T=75_h=25,20260602-133829,20260919-004123,
200,413.82,162.19,-0.0526829,0.156401,20.0,52.9,2.0,annealing_T=150_h=25,absent,absent,2.88,26.0,annealing_T=75_h=25,20260602-133829,previous_detection,annealing_T=75_h=25,20260602-133829,20260919-004123,
200,413.82,162.19,-0.304298,0.048965,20.0,53.4,2.5,annealing_T=150_h=25,absent,absent,2.88,26.0,annealing_T=75_h=25,20260602-133829,previous_detection,annealing_T=75_h=25,20260602-133829,20260919-004123,
200,413.82,162.19,-0.0636608,0.24433,20.0,53.9,3.0,annealing_T=150_h=25,absent,absent,2.88,26.0,annealing_T=75_h=25,20260602-133829,previous_detection,annealing_T=75_h=25,20260602-133829,20260919-004123,
200,413.82,162.19,-0.337806,0.205138,20.0,55.9,5.0,annealing_T=150_h=25,absent,absent,2.88,26.0,annealing_T=75_h=25,20260602-133829,previous_detection,annealing_T=75_h=25,20260602-133829,20260919-004123,
201,789.35,31.28,-0.872158,0.16957,20.0,51.65,0.75,annealing_T=150_h=25,absent,absent,4.26,57.0,annealing_T=125_h=5,20260725-020716,previous_detection,annealing_T=125_h=5,20260725-020716,20260919-004123,0.6105735008989346
201,789.35,31.28,0.2573,0.213749,20.0,52.4,1.5,annealing_T=150_h=25,absent,absent,4.26,57.0,annealing_T=125_h=5,20260725-020716,previous_detection,annealing_T=125_h=5,20260725-020716,20260919-004123,0.6105735008989346
201,789.35,31.28,-0.366815,0.257309,20.0,52.9,2.0,annealing_T=150_h=25,absent,absent,4.26,57.0,annealing_T=125_h=5,20260725-020716,previous_detection,annealing_T=125_h=5,20260725-020716,20260919-004123,0.6105735008989346
201,789.35,31.28,0.696901,0.257891,20.0,53.4,2.5,annealing_T=150_h=25,absent,absent,4.26,57.0,annealing_T=125_h=5,20260725-020716,previous_detection,annealing_T=125_h=5,20260725-020716,20260919-004123,0.6105735008989346
201,789.35,31.28,-0.0829001,0.219603,20.0,53.9,3.0,annealing_T=150_h=25,absent,absent,4.26,57.0,annealing_T=125_h=5,20260725-020716,previous_detection,annealing_T=125_h=5,20260725-020716,20260919-004123,0.6105735008989346
201,789.35,31.28,1.18617,0.383943,20.0,55.9,5.0,annealing_T=150_h=25,absent,absent,4.26,57.0,annealing_T=125_h=5,20260725-020716,previous_detection,annealing_T=125_h=5,20260725-020716,20260919-004123,0.6105735008989346
202,1145.59,633.06,-0.413012,0.32103,20.0,51.65,0.75,annealing_T=150_h=25,absent,absent,6.56,135.0,annealing_T=100_h=25,20260629-230214,previous_detection,annealing_T=75_h=25,20260602-133829,20260919-004123,0.3008321791298476
202,1145.59,633.06,0.126347,0.468515,20.0,52.4,1.5,annealing_T=150_h=25,absent,absent,6.56,135.0,annealing_T=100_h=25,20260629-230214,previous_detection,annealing_T=75_h=25,20260602-133829,20260919-004123,0.3008321791298476
202,1145.59,633.06,1.1075,0.592368,20.0,52.9,2.0,annealing_T=150_h=25,absent,absent,6.56,135.0,annealing_T=100_h=25,20260629-230214,previous_detection,annealing_T=75_h=25,20260602-133829,20260919-004123,0.3008321791298476
202,1145.59,633.06,0.839969,0.500762,20.0,53.4,2.5,annealing_T=150_h=25,absent,absent,6.56,135.0,annealing_T=100_h=25,20260629-230214,previous_detection,annealing_T=75_h=25,20260602-133829,20260919-004123,0.3008321791298476
202,1145.59,633.06,3.93103,0.564679,20.0,53.9,3.0,annealing_T=150_h=25,absent,absent,6.56,135.0,annealing_T=100_h=25,20260629-230214,previous_detection,annealing_T=75_h=25,20260602-133829,20260919-004123,0.3008321791298476
202,1145.59,633.06,5.04987,0.862583,20.0,55.9,5.0,annealing_T=150_h=25,absent,absent,6.56,135.0,annealing_T=100_h=25,20260629-230214,previous_detection,annealing_T=75_h=25,20260602-133829,20260919-004123,0.3008321791298476
203,1185.19,619.57,0.97145,0.0964843,20.0,51.65,0.75,annealing_T=150_h=25,absent,absent,3.24,33.0,annealing_T=75_h=25,20260602-133829,previous_detection,annealing_T=75_h=25,20260602-133829,20260919-004123,
203,1185.19,619.57,1.07706,0.101064,20.0,52.4,1.5,annealing_T=150_h=25,absent,absent,3.24,33.0,annealing_T=75_h=25,20260602-133829,previous_detection,annealing_T=75_h=25,20260602-133829,20260919-004123,
203,1185.19,619.57,0.296147,0.187984,20.0,52.9,2.0,annealing_T=150_h=25,absent,absent,3.24,33.0,annealing_T=75_h=25,20260602-133829,previous_detection,annealing_T=75_h=25,20260602-133829,20260919-004123,
203,1185.19,619.57,-0.0554549,0.311349,20.0,53.4,2.5,annealing_T=150_h=25,absent,absent,3.24,33.0,annealing_T=75_h=25,20260602-133829,previous_detection,annealing_T=75_h=25,20260602-133829,20260919-004123,
203,1185.19,619.57,2.06892,0.302267,20.0,53.9,3.0,annealing_T=150_h=25,absent,absent,3.24,33.0,annealing_T=75_h=25,20260602-133829,previous_detection,annealing_T=75_h=25,20260602-133829,20260919-004123,
203,1185.19,619.57,1.07019,0.324373,20.0,55.9,5.0,annealing_T=150_h=25,absent,absent,3.24,33.0,annealing_T=75_h=25,20260602-133829,previous_detection,annealing_T=75_h=25,20260602-133829,20260919-004123,
204,1384.96,429.18,-0.509734,0.289212,20.0,51.65,0.75,annealing_T=150_h=25,absent,absent,5.05,80.0,annealing_T=75_h=25,20260602-133829,previous_detection,annealing_T=75_h=25,20260602-133829,20260919-004123,
204,1384.96,429.18,0.842573,0.36961,20.0,52.4,1.5,annealing_T=150_h=25,absent,absent,5.05,80.0,annealing_T=75_h=25,20260602-133829,previous_detection,annealing_T=75_h=25,20260602-133829,20260919-004123,
204,1384.96,429.18,2.31778,0.274824,20.0,52.9,2.0,annealing_T=150_h=25,absent,absent,5.05,80.0,annealing_T=75_h=25,20260602-133829,previous_detection,annealing_T=75_h=25,20260602-133829,20260919-004123,
204,1384.96,429.18,5.28219,0.383366,20.0,53.4,2.5,annealing_T=150_h=25,absent,absent,5.05,80.0,annealing_T=75_h=25,20260602-133829,previous_detection,annealing_T=75_h=25,20260602-133829,20260919-004123,
204,1384.96,429.18,8.13778,0.359208,20.0,53.9,3.0,annealing_T=150_h=25,absent,absent,5.05,80.0,annealing_T=75_h=25,20260602-133829,previous_detection,annealing_T=75_h=25,20260602-133829,20260919-004123,
204,1384.96,429.18,20.1218,0.431845,20.0,55.9,5.0,annealing_T=150_h=25,absent,absent,5.05,80.0,annealing_T=75_h=25,20260602-133829,previous_detection,annealing_T=75_h=25,20260602-133829,20260919-004123,
205,1585.55,548.16,0.525279,0.204719,20.0,51.65,0.75,annealing_T=150_h=25,absent,absent,3.61,41.0,annealing_T=100_h=25,20260629-230214,previous_detection,annealing_T=75_h=25,20260602-133829,20260919-004123,0.24186773244894802
205,1585.55,548.16,-0.754112,0.259893,20.0,52.4,1.5,annealing_T=150_h=25,absent,absent,3.61,41.0,annealing_T=100_h=25,20260629-230214,previous_detection,annealing_T=75_h=25,20260602-133829,20260919-004123,0.24186773244894802
205,1585.55,548.16,1.11091,0.16284,20.0,52.9,2.0,annealing_T=150_h=25,absent,absent,3.61,41.0,annealing_T=100_h=25,20260629-230214,previous_detection,annealing_T=75_h=25,20260602-133829,20260919-004123,0.24186773244894802
205,1585.55,548.16,2.92528,0.252557,20.0,53.4,2.5,annealing_T=150_h=25,absent,absent,3.61,41.0,annealing_T=100_h=25,20260629-230214,previous_detection,annealing_T=75_h=25,20260602-133829,20260919-004123,0.24186773244894802
205,1585.55,548.16,1.79775,0.474881,20.0,53.9,3.0,annealing_T=150_h=25,absent,absent,3.61,41.0,annealing_T=100_h=25,20260629-230214,previous_detection,annealing_T=75_h=25,20260602-133829,20260919-004123,0.24186773244894802
205,1585.55,548.16,4.33338,0.629248,20.0,55.9,5.0,annealing_T=150_h=25,absent,absent,3.61,41.0,annealing_T=100_h=25,20260629-230214,previous_detection,annealing_T=75_h=25,20260602-133829,20260919-004123,0.24186773244894802
206,1704.93,812.14,2.53604,0.148094,20.0,51.65,0.75,annealing_T=150_h=25,absent,absent,4.62,67.0,annealing_T=125_h=5,20260725-020716,previous_detection,annealing_T=125_h=5,20260725-020716,20260919-004123,5.790138167608807
206,1704.93,812.14,1.8483,0.219463,20.0,52.4,1.5,annealing_T=150_h=25,absent,absent,4.62,67.0,annealing_T=125_h=5,20260725-020716,previous_detection,annealing_T=125_h=5,20260725-020716,20260919-004123,5.790138167608807
206,1704.93,812.14,6.65888,0.150623,20.0,52.9,2.0,annealing_T=150_h=25,absent,absent,4.62,67.0,annealing_T=125_h=5,20260725-020716,previous_detection,annealing_T=125_h=5,20260725-020716,20260919-004123,5.790138167608807
206,1704.93,812.14,6.60991,0.103923,20.0,53.4,2.5,annealing_T=150_h=25,absent,absent,4.62,67.0,annealing_T=125_h=5,20260725-020716,previous_detection,annealing_T=125_h=5,20260725-020716,20260919-004123,5.790138167608807
206,1704.93,812.14,10.7908,0.273228,20.0,53.9,3.0,annealing_T=150_h=25,absent,absent,4.62,67.0,annealing_T=125_h=5,20260725-020716,previous_detection,annealing_T=125_h=5,20260725-020716,20260919-004123,5.790138167608807
206,1704.93,812.14,23.1658,0.362615,20.0,55.9,5.0,annealing_T=150_h=25,absent,absent,4.62,67.0,annealing_T=125_h=5,20260725-020716,previous_detection,annealing_T=125_h=5,20260725-020716,20260919-004123,5.790138167608807
207,343.15,946.0,-0.308399,0.059718,20.0,51.65,0.75,annealing_T=150_h=25,absent,absent,2.76,24.0,annealing_T=100_h=5,20260613-015321,previous_detection,annealing_T=100_h=5,20260613-015321,20260919-004123,
207,343.15,946.0,0.652922,0.154239,20.0,52.4,1.5,annealing_T=150_h=25,absent,absent,2.76,24.0,annealing_T=100_h=5,20260613-015321,previous_detection,annealing_T=100_h=5,20260613-015321,20260919-004123,
207,343.15,946.0,0.971241,0.205952,20.0,52.9,2.0,annealing_T=150_h=25,absent,absent,2.76,24.0,annealing_T=100_h=5,20260613-015321,previous_detection,annealing_T=100_h=5,20260613-015321,20260919-004123,
207,343.15,946.0,0.690244,0.0307685,20.0,53.4,2.5,annealing_T=150_h=25,absent,absent,2.76,24.0,annealing_T=100_h=5,20260613-015321,previous_detection,annealing_T=100_h=5,20260613-015321,20260919-004123,
207,343.15,946.0,-0.217016,0.214298,20.0,53.9,3.0,annealing_T=150_h=25,absent,absent,2.76,24.0,annealing_T=100_h=5,20260613-015321,previous_detection,annealing_T=100_h=5,20260613-015321,20260919-004123,
207,343.15,946.0,2.68714,0.223793,20.0,55.9,5.0,annealing_T=150_h=25,absent,absent,2.76,24.0,annealing_T=100_h=5,20260613-015321,previous_detection,annealing_T=100_h=5,20260613-015321,20260919-004123,
208,374.2,937.75,1.86768,0.155688,20.0,51.65,0.75,annealing_T=150_h=25,absent,absent,4.15,54.0,annealing_T=100_h=5,20260613-015321,previous_detection,annealing_T=100_h=5,20260613-015321,20260919-004123,
208,374.2,937.75,0.943456,0.189598,20.0,52.4,1.5,annealing_T=150_h=25,absent,absent,4.15,54.0,annealing_T=100_h=5,20260613-015321,previous_detection,annealing_T=100_h=5,20260613-015321,20260919-004123,
208,374.2,937.75,1.36444,0.239791,20.0,52.9,2.0,annealing_T=150_h=25,absent,absent,4.15,54.0,annealing_T=100_h=5,20260613-015321,previous_detection,annealing_T=100_h=5,20260613-015321,20260919-004123,
208,374.2,937.75,0.121854,0.234776,20.0,53.4,2.5,annealing_T=150_h=25,absent,absent,4.15,54.0,annealing_T=100_h=5,20260613-015321,previous_detection,annealing_T=100_h=5,20260613-015321,20260919-004123,
208,374.2,937.75,-0.837955,0.14515,20.0,53.9,3.0,annealing_T=150_h=25,absent,absent,4.15,54.0,annealing_T=100_h=5,20260613-015321,previous_detection,annealing_T=100_h=5,20260613-015321,20260919-004123,
208,374.2,937.75,-0.230151,0.324464,20.0,55.9,5.0,annealing_T=150_h=25,absent,absent,4.15,54.0,annealing_T=100_h=5,20260613-015321,previous_detection,annealing_T=100_h=5,20260613-015321,20260919-004123,
209,1441.31,322.15,-0.240592,0.289124,20.0,51.65,0.75,annealing_T=150_h=25,absent,absent,4.18,55.0,annealing_T=100_h=25,20260629-230214,previous_detection,annealing_T=100_h=5,20260613-015321,20260919-004123,1.673588957898366
209,1441.31,322.15,2.70394,0.274315,20.0,52.4,1.5,annealing_T=150_h=25,absent,absent,4.18,55.0,annealing_T=100_h=25,20260629-230214,previous_detection,annealing_T=100_h=5,20260613-015321,20260919-004123,1.673588957898366
209,1441.31,322.15,1.57919,0.353964,20.0,52.9,2.0,annealing_T=150_h=25,absent,absent,4.18,55.0,annealing_T=100_h=25,20260629-230214,previous_detection,annealing_T=100_h=5,20260613-015321,20260919-004123,1.673588957898366
209,1441.31,322.15,-0.0319539,0.310014,20.0,53.4,2.5,annealing_T=150_h=25,absent,absent,4.18,55.0,annealing_T=100_h=25,20260629-230214,previous_detection,annealing_T=100_h=5,20260613-015321,20260919-004123,1.673588957898366
209,1441.31,322.15,2.19029,0.211557,20.0,53.9,3.0,annealing_T=150_h=25,absent,absent,4.18,55.0,annealing_T=100_h=25,20260629-230214,previous_detection,annealing_T=100_h=5,20260613-015321,20260919-004123,1.673588957898366
209,1441.31,322.15,3.88504,0.265024,20.0,55.9,5.0,annealing_T=150_h=25,absent,absent,4.18,55.0,annealing_T=100_h=25,20260629-230214,previous_detection,annealing_T=100_h=5,20260613-015321,20260919-004123,1.673588957898366
210,1512.9,472.54,2.42741,0.390843,20.0,51.65,0.75,annealing_T=150_h=25,absent,absent,4.95,77.0,annealing_T=100_h=5,20260613-015321,previous_detection,annealing_T=100_h=5,20260613-015321,20260919-004123,
210,1512.9,472.54,-1.10981,0.432054,20.0,52.4,1.5,annealing_T=150_h=25,absent,absent,4.95,77.0,annealing_T=100_h=5,20260613-015321,previous_detection,annealing_T=100_h=5,20260613-015321,20260919-004123,
210,1512.9,472.54,-1.75803,0.514021,20.0,52.9,2.0,annealing_T=150_h=25,absent,absent,4.95,77.0,annealing_T=100_h=5,20260613-015321,previous_detection,annealing_T=100_h=5,20260613-015321,20260919-004123,
210,1512.9,472.54,-0.402696,0.410776,20.0,53.4,2.5,annealing_T=150_h=25,absent,absent,4.95,77.0,annealing_T=100_h=5,20260613-015321,previous_detection,annealing_T=100_h=5,20260613-015321,20260919-004123,
210,1512.9,472.54,-2.58846,0.510618,20.0,53.9,3.0,annealing_T=150_h=25,absent,absent,4.95,77.0,annealing_T=100_h=5,20260613-015321,previous_detection,annealing_T=100_h=5,20260613-015321,20260919-004123,
210,1512.9,472.54,1.12271,0.573668,20.0,55.9,5.0,annealing_T=150_h=25,absent,absent,4.95,77.0,annealing_T=100_h=5,20260613-015321,previous_detection,annealing_T=100_h=5,20260613-015321,20260919-004123,
211,230.77,250.18,1.00461,0.295987,20.0,51.65,0.75,annealing_T=150_h=25,absent,absent,5.14,83.0,annealing_T=100_h=25,20260629-230214,previous_detection,annealing_T=100_h=25,20260629-230214,20260919-004123,
211,230.77,250.18,0.0263683,0.378938,20.0,52.4,1.5,annealing_T=150_h=25,absent,absent,5.14,83.0,annealing_T=100_h=25,20260629-230214,previous_detection,annealing_T=100_h=25,20260629-230214,20260919-004123,
211,230.77,250.18,1.18428,0.214843,20.0,52.9,2.0,annealing_T=150_h=25,absent,absent,5.14,83.0,annealing_T=100_h=25,20260629-230214,previous_detection,annealing_T=100_h=25,20260629-230214,20260919-004123,
211,230.77,250.18,0.923793,0.296886,20.0,53.4,2.5,annealing_T=150_h=25,absent,absent,5.14,83.0,annealing_T=100_h=25,20260629-230214,previous_detection,annealing_T=100_h=25,20260629-230214,20260919-004123,
211,230.77,250.18,1.22017,0.390917,20.0,53.9,3.0,annealing_T=150_h=25,absent,absent,5.14,83.0,annealing_T=100_h=25,20260629-230214,previous_detection,annealing_T=100_h=25,20260629-230214,20260919-004123,
211,230.77,250.18,-4.44581,0.33265,20.0,55.9,5.0,annealing_T=150_h=25,absent,absent,5.14,83.0,annealing_T=100_h=25,20260629-230214,previous_detection,annealing_T=100_h=25,20260629-230214,20260919-004123,
212,526.24,472.35,0.628808,0.150841,20.0,51.65,0.75,annealing_T=150_h=25,absent,absent,3.57,40.0,annealing_T=100_h=25,20260629-230214,previous_detection,annealing_T=100_h=25,20260629-230214,20260919-004123,
212,526.24,472.35,1.73758,0.237826,20.0,52.4,1.5,annealing_T=150_h=25,absent,absent,3.57,40.0,annealing_T=100_h=25,20260629-230214,previous_detection,annealing_T=100_h=25,20260629-230214,20260919-004123,
212,526.24,472.35,0.0891515,0.370382,20.0,52.9,2.0,annealing_T=150_h=25,absent,absent,3.57,40.0,annealing_T=100_h=25,20260629-230214,previous_detection,annealing_T=100_h=25,20260629-230214,20260919-004123,
212,526.24,472.35,1.1186,0.253217,20.0,53.4,2.5,annealing_T=150_h=25,absent,absent,3.57,40.0,annealing_T=100_h=25,20260629-230214,previous_detection,annealing_T=100_h=25,20260629-230214,20260919-004123,
212,526.24,472.35,-0.0414136,0.30445,20.0,53.9,3.0,annealing_T=150_h=25,absent,absent,3.57,40.0,annealing_T=100_h=25,20260629-230214,previous_detection,annealing_T=100_h=25,20260629-230214,20260919-004123,
212,526.24,472.35,5.03828,0.361082,20.0,55.9,5.0,annealing_T=150_h=25,absent,absent,3.57,40.0,annealing_T=100_h=25,20260629-230214,previous_detection,annealing_T=100_h=25,20260629-230214,20260919-004123,
213,550.2,291.48,0.4854,0.138399,20.0,51.65,0.75,annealing_T=150_h=25,absent,absent,3.14,31.0,annealing_T=100_h=25,20260629-230214,previous_detection,annealing_T=100_h=25,20260629-230214,20260919-004123,
213,550.2,291.48,-0.12569,0.202472,20.0,52.4,1.5,annealing_T=150_h=25,absent,absent,3.14,31.0,annealing_T=100_h=25,20260629-230214,previous_detection,annealing_T=100_h=25,20260629-230214,20260919-004123,
213,550.2,291.48,-0.16119,0.167954,20.0,52.9,2.0,annealing_T=150_h=25,absent,absent,3.14,31.0,annealing_T=100_h=25,20260629-230214,previous_detection,annealing_T=100_h=25,20260629-230214,20260919-004123,
213,550.2,291.48,-0.770012,0.218864,20.0,53.4,2.5,annealing_T=150_h=25,absent,absent,3.14,31.0,annealing_T=100_h=25,20260629-230214,previous_detection,annealing_T=100_h=25,20260629-230214,20260919-004123,
213,550.2,291.48,0.255339,0.0825744,20.0,53.9,3.0,annealing_T=150_h=25,absent,absent,3.14,31.0,annealing_T=100_h=25,20260629-230214,previous_detection,annealing_T=100_h=25,20260629-230214,20260919-004123,
213,550.2,291.48,-0.611024,0.291708,20.0,55.9,5.0,annealing_T=150_h=25,absent,absent,3.14,31.0,annealing_T=100_h=25,20260629-230214,previous_detection,annealing_T=100_h=25,20260629-230214,20260919-004123,
214,811.48,736.2,-0.740347,0.23705,20.0,51.65,0.75,annealing_T=150_h=25,absent,absent,5.53,96.0,annealing_T=125_h=5,20260725-020716,previous_detection,annealing_T=125_h=5,20260725-020716,20260919-004123,1.439340126585702
214,811.48,736.2,-2.11918,0.285207,20.0,52.4,1.5,annealing_T=150_h=25,absent,absent,5.53,96.0,annealing_T=125_h=5,20260725-020716,previous_detection,annealing_T=125_h=5,20260725-020716,20260919-004123,1.439340126585702
214,811.48,736.2,2.61376,0.265603,20.0,52.9,2.0,annealing_T=150_h=25,absent,absent,5.53,96.0,annealing_T=125_h=5,20260725-020716,previous_detection,annealing_T=125_h=5,20260725-020716,20260919-004123,1.439340126585702
214,811.48,736.2,0.218049,0.235961,20.0,53.4,2.5,annealing_T=150_h=25,absent,absent,5.53,96.0,annealing_T=125_h=5,20260725-020716,previous_detection,annealing_T=125_h=5,20260725-020716,20260919-004123,1.439340126585702
214,811.48,736.2,0.615948,0.177226,20.0,53.9,3.0,annealing_T=150_h=25,absent,absent,5.53,96.0,annealing_T=125_h=5,20260725-020716,previous_detection,annealing_T=125_h=5,20260725-020716,20260919-004123,1.439340126585702
214,811.48,736.2,1.77594,0.189381,20.0,55.9,5.0,annealing_T=150_h=25,absent,absent,5.53,96.0,annealing_T=125_h=5,20260725-020716,previous_detection,annealing_T=125_h=5,20260725-020716,20260919-004123,1.439340126585702
215,1101.21,20.98,-1.41212,0.370113,20.0,51.65,0.75,annealing_T=150_h=25,absent,absent,5.01,79.0,annealing_T=100_h=25,20260629-230214,previous_detection,annealing_T=100_h=25,20260629-230214,20260919-004123,
215,1101.21,20.98,1.03302,0.23138,20.0,52.4,1.5,annealing_T=150_h=25,absent,absent,5.01,79.0,annealing_T=100_h=25,20260629-230214,previous_detection,annealing_T=100_h=25,20260629-230214,20260919-004123,
215,1101.21,20.98,0.0552499,0.465275,20.0,52.9,2.0,annealing_T=150_h=25,absent,absent,5.01,79.0,annealing_T=100_h=25,20260629-230214,previous_detection,annealing_T=100_h=25,20260629-230214,20260919-004123,
215,1101.21,20.98,-1.93711,0.491298,20.0,53.4,2.5,annealing_T=150_h=25,absent,absent,5.01,79.0,annealing_T=100_h=25,20260629-230214,previous_detection,annealing_T=100_h=25,20260629-230214,20260919-004123,
215,1101.21,20.98,-0.640851,0.401729,20.0,53.9,3.0,annealing_T=150_h=25,absent,absent,5.01,79.0,annealing_T=100_h=25,20260629-230214,previous_detection,annealing_T=100_h=25,20260629-230214,20260919-004123,
215,1101.21,20.98,1.13949,0.515516,20.0,55.9,5.0,annealing_T=150_h=25,absent,absent,5.01,79.0,annealing_T=100_h=25,20260629-230214,previous_detection,annealing_T=100_h=25,20260629-230214,20260919-004123,
216,1236.58,531.18,-0.241141,0.278532,20.0,51.65,0.75,annealing_T=150_h=25,absent,absent,6.43,130.0,annealing_T=100_h=25,20260629-230214,previous_detection,annealing_T=100_h=25,20260629-230214,20260919-004123,
216,1236.58,531.18,0.7546,0.389956,20.0,52.4,1.5,annealing_T=150_h=25,absent,absent,6.43,130.0,annealing_T=100_h=25,20260629-230214,previous_detection,annealing_T=100_h=25,20260629-230214,20260919-004123,
216,1236.58,531.18,1.34497,0.51194,20.0,52.9,2.0,annealing_T=150_h=25,absent,absent,6.43,130.0,annealing_T=100_h=25,20260629-230214,previous_detection,annealing_T=100_h=25,20260629-230214,20260919-004123,
216,1236.58,531.18,-1.20297,0.379101,20.0,53.4,2.5,annealing_T=150_h=25,absent,absent,6.43,130.0,annealing_T=100_h=25,20260629-230214,previous_detection,annealing_T=100_h=25,20260629-230214,20260919-004123,
216,1236.58,531.18,-0.683385,0.361013,20.0,53.9,3.0,annealing_T=150_h=25,absent,absent,6.43,130.0,annealing_T=100_h=25,20260629-230214,previous_detection,annealing_T=100_h=25,20260629-230214,20260919-004123,
216,1236.58,531.18,0.999105,0.615005,20.0,55.9,5.0,annealing_T=150_h=25,absent,absent,6.43,130.0,annealing_T=100_h=25,20260629-230214,previous_detection,annealing_T=100_h=25,20260629-230214,20260919-004123,
217,928.94,207.58,2.2302,0.228538,20.0,51.65,0.75,annealing_T=150_h=25,absent,disappeared,5.53,96.0,annealing_T=150_h=5,20260912-010115,previous_detection,annealing_T=150_h=5,20260912-010115,20260919-004123,1.1673045875005783
217,928.94,207.58,3.00023,0.269163,20.0,52.4,1.5,annealing_T=150_h=25,absent,disappeared,5.53,96.0,annealing_T=150_h=5,20260912-010115,previous_detection,annealing_T=150_h=5,20260912-010115,20260919-004123,1.1673045875005783
217,928.94,207.58,6.64047,0.261814,20.0,52.9,2.0,annealing_T=150_h=25,absent,disappeared,5.53,96.0,annealing_T=150_h=5,20260912-010115,previous_detection,annealing_T=150_h=5,20260912-010115,20260919-004123,1.1673045875005783
217,928.94,207.58,10.9872,0.416982,20.0,53.4,2.5,annealing_T=150_h=25,absent,disappeared,5.53,96.0,annealing_T=150_h=5,20260912-010115,previous_detection,annealing_T=150_h=5,20260912-010115,20260919-004123,1.1673045875005783
217,928.94,207.58,13.9038,0.344759,20.0,53.9,3.0,annealing_T=150_h=25,absent,disappeared,5.53,96.0,annealing_T=150_h=5,20260912-010115,previous_detection,annealing_T=150_h=5,20260912-010115,20260919-004123,1.1673045875005783
217,928.94,207.58,32.7231,0.429997,20.0,55.9,5.0,annealing_T=150_h=25,absent,disappeared,5.53,96.0,annealing_T=150_h=5,20260912-010115,previous_detection,annealing_T=150_h=5,20260912-010115,20260919-004123,1.1673045875005783
218,1166.51,431.16,0.606366,0.0563164,20.0,51.65,0.75,annealing_T=150_h=25,absent,absent,2.76,24.0,annealing_T=125_h=5,20260725-020716,previous_detection,annealing_T=125_h=5,20260725-020716,20260919-004123,
218,1166.51,431.16,1.55228,0.0435296,20.0,52.4,1.5,annealing_T=150_h=25,absent,absent,2.76,24.0,annealing_T=125_h=5,20260725-020716,previous_detection,annealing_T=125_h=5,20260725-020716,20260919-004123,
218,1166.51,431.16,2.51811,0.0522473,20.0,52.9,2.0,annealing_T=150_h=25,absent,absent,2.76,24.0,annealing_T=125_h=5,20260725-020716,previous_detection,annealing_T=125_h=5,20260725-020716,20260919-004123,
218,1166.51,431.16,3.45542,0.0311252,20.0,53.4,2.5,annealing_T=150_h=25,absent,absent,2.76,24.0,annealing_T=125_h=5,20260725-020716,previous_detection,annealing_T=125_h=5,20260725-020716,20260919-004123,
218,1166.51,431.16,3.41734,0.267678,20.0,53.9,3.0,annealing_T=150_h=25,absent,absent,2.76,24.0,annealing_T=125_h=5,20260725-020716,previous_detection,annealing_T=125_h=5,20260725-020716,20260919-004123,
218,1166.51,431.16,7.65539,0.266142,20.0,55.9,5.0,annealing_T=150_h=25,absent,absent,2.76,24.0,annealing_T=125_h=5,20260725-020716,previous_detection,annealing_T=125_h=5,20260725-020716,20260919-004123,
219,1639.9,56.52,-0.334914,0.224301,20.0,51.65,0.75,annealing_T=150_h=25,absent,absent,4.11,53.0,annealing_T=125_h=5,20260725-020716,previous_detection,annealing_T=125_h=5,20260725-020716,20260919-004123,
219,1639.9,56.52,1.18367,0.0665136,20.0,52.4,1.5,annealing_T=150_h=25,absent,absent,4.11,53.0,annealing_T=125_h=5,20260725-020716,previous_detection,annealing_T=125_h=5,20260725-020716,20260919-004123,
219,1639.9,56.52,0.109477,0.230079,20.0,52.9,2.0,annealing_T=150_h=25,absent,absent,4.11,53.0,annealing_T=125_h=5,20260725-020716,previous_detection,annealing_T=125_h=5,20260725-020716,20260919-004123,
219,1639.9,56.52,0.139275,0.197896,20.0,53.4,2.5,annealing_T=150_h=25,absent,absent,4.11,53.0,annealing_T=125_h=5,20260725-020716,previous_detection,annealing_T=125_h=5,20260725-020716,20260919-004123,
219,1639.9,56.52,0.62313,0.299975,20.0,53.9,3.0,annealing_T=150_h=25,absent,absent,4.11,53.0,annealing_T=125_h=5,20260725-020716,previous_detection,annealing_T=125_h=5,20260725-020716,20260919-004123,
219,1639.9,56.52,2.08471,0.329309,20.0,55.9,5.0,annealing_T=150_h=25,absent,absent,4.11,53.0,annealing_T=125_h=5,20260725-020716,previous_detection,annealing_T=125_h=5,20260725-020716,20260919-004123,
220,411.86,210.45,0.171696,0.167596,20.0,51.65,0.75,annealing_T=150_h=25,absent,absent,4.44,62.0,annealing_T=125_h=25,20260902-011233,previous_detection,annealing_T=125_h=25,20260902-011233,20260919-004123,
220,411.86,210.45,-0.125834,0.164659,20.0,52.4,1.5,annealing_T=150_h=25,absent,absent,4.44,62.0,annealing_T=125_h=25,20260902-011233,previous_detection,annealing_T=125_h=25,20260902-011233,20260919-004123,
220,411.86,210.45,0.669223,0.242039,20.0,52.9,2.0,annealing_T=150_h=25,absent,absent,4.44,62.0,annealing_T=125_h=25,20260902-011233,previous_detection,annealing_T=125_h=25,20260902-011233,20260919-004123,
220,411.86,210.45,1.04445,0.246045,20.0,53.4,2.5,annealing_T=150_h=25,absent,absent,4.44,62.0,annealing_T=125_h=25,20260902-011233,previous_detection,annealing_T=125_h=25,20260902-011233,20260919-004123,
220,411.86,210.45,1.02989,0.254354,20.0,53.9,3.0,annealing_T=150_h=25,absent,absent,4.44,62.0,annealing_T=125_h=25,20260902-011233,previous_detection,annealing_T=125_h=25,20260902-011233,20260919-004123,
220,411.86,210.45,0.122224,0.147537,20.0,55.9,5.0,annealing_T=150_h=25,absent,absent,4.44,62.0,annealing_T=125_h=25,20260902-011233,previous_detection,annealing_T=125_h=25,20260902-011233,20260919-004123,
221,588.24,1059.66,-0.191869,0.0817929,20.0,51.65,0.75,annealing_T=150_h=25,absent,absent,2.88,26.0,annealing_T=125_h=25,20260902-011233,previous_detection,annealing_T=125_h=25,20260902-011233,20260919-004123,
221,588.24,1059.66,-0.109844,0.09978,20.0,52.4,1.5,annealing_T=150_h=25,absent,absent,2.88,26.0,annealing_T=125_h=25,20260902-011233,previous_detection,annealing_T=125_h=25,20260902-011233,20260919-004123,
221,588.24,1059.66,1.1094,0.0745365,20.0,52.9,2.0,annealing_T=150_h=25,absent,absent,2.88,26.0,annealing_T=125_h=25,20260902-011233,previous_detection,annealing_T=125_h=25,20260902-011233,20260919-004123,
221,588.24,1059.66,-0.208426,0.106936,20.0,53.4,2.5,annealing_T=150_h=25,absent,absent,2.88,26.0,annealing_T=125_h=25,20260902-011233,previous_detection,annealing_T=125_h=25,20260902-011233,20260919-004123,
221,588.24,1059.66,0.0968833,0.216295,20.0,53.9,3.0,annealing_T=150_h=25,absent,absent,2.88,26.0,annealing_T=125_h=25,20260902-011233,previous_detection,annealing_T=125_h=25,20260902-011233,20260919-004123,
221,588.24,1059.66,0.881443,0.246623,20.0,55.9,5.0,annealing_T=150_h=25,absent,absent,2.88,26.0,annealing_T=125_h=25,20260902-011233,previous_detection,annealing_T=125_h=25,20260902-011233,20260919-004123,
222,1466.67,409.33,15.6184,0.336862,20.0,51.65,0.75,annealing_T=150_h=25,present,reappeared,8.41,222.0,annealing_T=150_h=25,20260919-004123,phase_detection,annealing_T=150_h=25,20260919-004123,20260919-004123,1.1200892821557136
222,1466.67,409.33,49.7488,0.50782,20.0,52.4,1.5,annealing_T=150_h=25,present,reappeared,8.41,222.0,annealing_T=150_h=25,20260919-004123,phase_detection,annealing_T=150_h=25,20260919-004123,20260919-004123,1.1200892821557136
222,1466.67,409.33,87.4527,0.423643,20.0,52.9,2.0,annealing_T=150_h=25,present,reappeared,8.41,222.0,annealing_T=150_h=25,20260919-004123,phase_detection,annealing_T=150_h=25,20260919-004123,20260919-004123,1.1200892821557136
222,1466.67,409.33,132.649,0.597,20.0,53.4,2.5,annealing_T=150_h=25,present,reappeared,8.41,222.0,annealing_T=150_h=25,20260919-004123,phase_detection,annealing_T=150_h=25,20260919-004123,20260919-004123,1.1200892821557136
222,1466.67,409.33,193.557,0.581147,20.0,53.9,3.0,annealing_T=150_h=25,present,reappeared,8.41,222.0,annealing_T=150_h=25,20260919-004123,phase_detection,annealing_T=150_h=25,20260919-004123,20260919-004123,1.1200892821557136
222,1466.67,409.33,571.371,1.33765,20.0,55.9,5.0,annealing_T=150_h=25,present,reappeared,8.41,222.0,annealing_T=150_h=25,20260919-004123,phase_detection,annealing_T=150_h=25,20260919-004123,20260919-004123,1.1200892821557136
223,1475.84,440.37,-0.212452,0.0496028,20.0,51.65,0.75,annealing_T=150_h=25,absent,absent,2.93,27.0,annealing_T=125_h=25,20260902-011233,previous_detection,annealing_T=125_h=25,20260902-011233,20260919-004123,
223,1475.84,440.37,0.489882,0.0966914,20.0,52.4,1.5,annealing_T=150_h=25,absent,absent,2.93,27.0,annealing_T=125_h=25,20260902-011233,previous_detection,annealing_T=125_h=25,20260902-011233,20260919-004123,
223,1475.84,440.37,0.141124,0.222509,20.0,52.9,2.0,annealing_T=150_h=25,absent,absent,2.93,27.0,annealing_T=125_h=25,20260902-011233,previous_detection,annealing_T=125_h=25,20260902-011233,20260919-004123,
223,1475.84,440.37,0.875677,0.077061,20.0,53.4,2.5,annealing_T=150_h=25,absent,absent,2.93,27.0,annealing_T=125_h=25,20260902-011233,previous_detection,annealing_T=125_h=25,20260902-011233,20260919-004123,
223,1475.84,440.37,0.483598,0.250822,20.0,53.9,3.0,annealing_T=150_h=25,absent,absent,2.93,27.0,annealing_T=125_h=25,20260902-011233,previous_detection,annealing_T=125_h=25,20260902-011233,20260919-004123,
223,1475.84,440.37,3.84184,0.32389,20.0,55.9,5.0,annealing_T=150_h=25,absent,absent,2.93,27.0,annealing_T=125_h=25,20260902-011233,previous_detection,annealing_T=125_h=25,20260902-011233,20260919-004123,
224,58.92,3.4,-1.24761,0.110773,20.0,51.65,0.75,annealing_T=150_h=25,absent,disappeared,4.89,75.0,annealing_T=150_h=5,20260912-010115,previous_detection,annealing_T=150_h=5,20260912-010115,20260919-004123,
224,58.92,3.4,-0.151123,0.289527,20.0,52.4,1.5,annealing_T=150_h=25,absent,disappeared,4.89,75.0,annealing_T=150_h=5,20260912-010115,previous_detection,annealing_T=150_h=5,20260912-010115,20260919-004123,
224,58.92,3.4,1.76546,0.30273,20.0,52.9,2.0,annealing_T=150_h=25,absent,disappeared,4.89,75.0,annealing_T=150_h=5,20260912-010115,previous_detection,annealing_T=150_h=5,20260912-010115,20260919-004123,
224,58.92,3.4,0.607232,0.245102,20.0,53.4,2.5,annealing_T=150_h=25,absent,disappeared,4.89,75.0,annealing_T=150_h=5,20260912-010115,previous_detection,annealing_T=150_h=5,20260912-010115,20260919-004123,
224,58.92,3.4,-0.15791,0.369752,20.0,53.9,3.0,annealing_T=150_h=25,absent,disappeared,4.89,75.0,annealing_T=150_h=5,20260912-010115,previous_detection,annealing_T=150_h=5,20260912-010115,20260919-004123,
224,58.92,3.4,2.6132,0.462703,20.0,55.9,5.0,annealing_T=150_h=25,absent,disappeared,4.89,75.0,annealing_T=150_h=5,20260912-010115,previous_detection,annealing_T=150_h=5,20260912-010115,20260919-004123,
225,1589.57,173.39,1.78349,0.239066,20.0,51.65,0.75,annealing_T=150_h=25,absent,disappeared,4.69,69.0,annealing_T=150_h=5,20260912-010115,previous_detection,annealing_T=150_h=5,20260912-010115,20260919-004123,
225,1589.57,173.39,0.0873378,0.257026,20.0,52.4,1.5,annealing_T=150_h=25,absent,disappeared,4.69,69.0,annealing_T=150_h=5,20260912-010115,previous_detection,annealing_T=150_h=5,20260912-010115,20260919-004123,
225,1589.57,173.39,0.669873,0.141693,20.0,52.9,2.0,annealing_T=150_h=25,absent,disappeared,4.69,69.0,annealing_T=150_h=5,20260912-010115,previous_detection,annealing_T=150_h=5,20260912-010115,20260919-004123,
225,1589.57,173.39,1.35207,0.302658,20.0,53.4,2.5,annealing_T=150_h=25,absent,disappeared,4.69,69.0,annealing_T=150_h=5,20260912-010115,previous_detection,annealing_T=150_h=5,20260912-010115,20260919-004123,
225,1589.57,173.39,-1.46874,0.350278,20.0,53.9,3.0,annealing_T=150_h=25,absent,disappeared,4.69,69.0,annealing_T=150_h=5,20260912-010115,previous_detection,annealing_T=150_h=5,20260912-010115,20260919-004123,
225,1589.57,173.39,2.99664,0.274328,20.0,55.9,5.0,annealing_T=150_h=25,absent,disappeared,4.69,69.0,annealing_T=150_h=5,20260912-010115,previous_detection,annealing_T=150_h=5,20260912-010115,20260919-004123,
226,1779.68,681.34,-1.76335,0.296926,20.0,51.65,0.75,annealing_T=150_h=25,absent,disappeared,3.91,48.0,annealing_T=150_h=5,20260912-010115,previous_detection,annealing_T=150_h=5,20260912-010115,20260919-004123,
226,1779.68,681.34,2.63564,0.0845798,20.0,52.4,1.5,annealing_T=150_h=25,absent,disappeared,3.91,48.0,annealing_T=150_h=5,20260912-010115,previous_detection,annealing_T=150_h=5,20260912-010115,20260919-004123,
226,1779.68,681.34,2.29228,0.362867,20.0,52.9,2.0,annealing_T=150_h=25,absent,disappeared,3.91,48.0,annealing_T=150_h=5,20260912-010115,previous_detection,annealing_T=150_h=5,20260912-010115,20260919-004123,
226,1779.68,681.34,2.09046,0.117606,20.0,53.4,2.5,annealing_T=150_h=25,absent,disappeared,3.91,48.0,annealing_T=150_h=5,20260912-010115,previous_detection,annealing_T=150_h=5,20260912-010115,20260919-004123,
226,1779.68,681.34,0.233225,0.260588,20.0,53.9,3.0,annealing_T=150_h=25,absent,disappeared,3.91,48.0,annealing_T=150_h=5,20260912-010115,previous_detection,annealing_T=150_h=5,20260912-010115,20260919-004123,
226,1779.68,681.34,3.67272,0.384164,20.0,55.9,5.0,annealing_T=150_h=25,absent,disappeared,3.91,48.0,annealing_T=150_h=5,20260912-010115,previous_detection,annealing_T=150_h=5,20260912-010115,20260919-004123,
