spot,x,y,luminosity,error,T,v,phase,detection,status,excluded_at_radius,integration_radius,integration_area,geometry_source_phase,geometry_source_constant,geometry_source_run,geometry_mode,integration_radius_source_phase,integration_radius_source_constant,integration_radius_source_run,run_number,match_distance,cross_constant_only,deltaL1,deltaL2,deltaL,lambda,lambda_stat_error,deltaLambda,A,A_stat_error,fit_chi2,fit_ndf,fit_chi2ndf,fit_status,covmatrix_status,edm,fit_converged
0,81.17,334.37,39.0644,7.69269,17.0,53.73,annealing_T=125_h=25,present,present,False,20.0,1256.6370614359173,annealing_T=125_h=25,v,20260903-002446,phase_detection,user_fixed_radius,user_fixed_radius,,20260903-002446,4.000562460454755,False,0.819,2.9758,2.9758,0.0665401,0.0377783,0.0290557,12.3674,9.6515,0.211455,2,0.105728,0,3,4.61154e-08,1
0,81.17,334.37,41.3445,7.95075,19.0,53.84,annealing_T=125_h=25,present,present,False,20.0,1256.6370614359173,annealing_T=125_h=25,v,20260903-002446,phase_detection,user_fixed_radius,user_fixed_radius,,20260903-002446,4.000562460454755,False,11.7227,4.8924,11.7227,0.0665401,0.0377783,0.0290557,12.3674,9.6515,0.211455,2,0.105728,0,3,4.61154e-08,1
0,81.17,334.37,52.5034,7.96741,21.0,53.95,annealing_T=125_h=25,present,present,False,20.0,1256.6370614359173,annealing_T=125_h=25,v,20260903-002446,phase_detection,user_fixed_radius,user_fixed_radius,,20260903-002446,4.000562460454755,False,4.6181,0.1076,4.6181,0.0665401,0.0377783,0.0290557,12.3674,9.6515,0.211455,2,0.105728,0,3,4.61154e-08,1
0,81.17,334.37,56.3047,8.02866,23.0,54.06,annealing_T=125_h=25,present,present,False,20.0,1256.6370614359173,annealing_T=125_h=25,v,20260903-002446,phase_detection,user_fixed_radius,user_fixed_radius,,20260903-002446,4.000562460454755,False,2.556,9.2995,9.2995,0.0665401,0.0377783,0.0290557,12.3674,9.6515,0.211455,2,0.105728,0,3,4.61154e-08,1
1,90.36,697.37,25.0302,8.62008,17.0,53.73,annealing_T=125_h=25,absent,disappeared,False,20.0,1256.6370614359173,annealing_T=125_h=5,v,20260726-091723,previous_detection,user_fixed_radius,user_fixed_radius,,20260903-002446,7.1543692943543205,False,0.3293,4.7614,4.7614,,,,,,,,,,,,0
1,90.36,697.37,6.58066,8.74374,19.0,53.84,annealing_T=125_h=25,absent,disappeared,False,20.0,1256.6370614359173,annealing_T=125_h=5,v,20260726-091723,previous_detection,user_fixed_radius,user_fixed_radius,,20260903-002446,7.1543692943543205,False,3.54819,1.85306,3.54819,,,,,,,,,,,,0
1,90.36,697.37,6.1919,8.8936,21.0,53.95,annealing_T=125_h=25,absent,disappeared,False,20.0,1256.6370614359173,annealing_T=125_h=5,v,20260726-091723,previous_detection,user_fixed_radius,user_fixed_radius,,20260903-002446,7.1543692943543205,False,0.20494,2.25617,2.25617,,,,,,,,,,,,0
1,90.36,697.37,14.4597,8.89673,23.0,54.06,annealing_T=125_h=25,absent,disappeared,False,20.0,1256.6370614359173,annealing_T=125_h=5,v,20260726-091723,previous_detection,user_fixed_radius,user_fixed_radius,,20260903-002446,7.1543692943543205,False,4.8933,1.116,4.8933,,,,,,,,,,,,0
2,100.2,269.07,9.53178,9.14167,17.0,53.73,annealing_T=125_h=25,absent,absent,False,20.0,1256.6370614359173,annealing_T=75_h=25,v,20260604-121216,previous_detection,user_fixed_radius,user_fixed_radius,,20260903-002446,6.795947321749934,False,5.00912,4.40097,5.00912,,,,,,,,,,,,0
2,100.2,269.07,-12.2742,9.19428,19.0,53.84,annealing_T=125_h=25,absent,absent,False,20.0,1256.6370614359173,annealing_T=75_h=25,v,20260604-121216,previous_detection,user_fixed_radius,user_fixed_radius,,20260903-002446,6.795947321749934,False,0.171,9.61459,9.61459,,,,,,,,,,,,0
2,100.2,269.07,7.68158,9.49699,21.0,53.95,annealing_T=125_h=25,absent,absent,False,20.0,1256.6370614359173,annealing_T=75_h=25,v,20260604-121216,previous_detection,user_fixed_radius,user_fixed_radius,,20260903-002446,6.795947321749934,False,1.25191,3.65072,3.65072,,,,,,,,,,,,0
2,100.2,269.07,25.9085,9.41154,23.0,54.06,annealing_T=125_h=25,absent,absent,False,20.0,1256.6370614359173,annealing_T=75_h=25,v,20260604-121216,previous_detection,user_fixed_radius,user_fixed_radius,,20260903-002446,6.795947321749934,False,0.2529,2.0866,2.0866,,,,,,,,,,,,0
3,161.15,431.32,8.67275,9.1208,17.0,53.73,annealing_T=125_h=25,absent,absent,False,20.0,1256.6370614359173,annealing_T=75_h=25,v,20260604-121216,previous_detection,user_fixed_radius,user_fixed_radius,,20260903-002446,5.8631476188136595,False,4.03813,2.60715,4.03813,,,,,,,,,,,,0
3,161.15,431.32,-6.32544,9.63088,19.0,53.84,annealing_T=125_h=25,absent,absent,False,20.0,1256.6370614359173,annealing_T=75_h=25,v,20260604-121216,previous_detection,user_fixed_radius,user_fixed_radius,,20260903-002446,5.8631476188136595,False,1.9605,1.17297,1.9605,,,,,,,,,,,,0
3,161.15,431.32,25.8232,9.71493,21.0,53.95,annealing_T=125_h=25,absent,absent,False,20.0,1256.6370614359173,annealing_T=75_h=25,v,20260604-121216,previous_detection,user_fixed_radius,user_fixed_radius,,20260903-002446,5.8631476188136595,False,2.1305,0.7297,2.1305,,,,,,,,,,,,0
3,161.15,431.32,8.98838,9.5841,23.0,54.06,annealing_T=125_h=25,absent,absent,False,20.0,1256.6370614359173,annealing_T=75_h=25,v,20260604-121216,previous_detection,user_fixed_radius,user_fixed_radius,,20260903-002446,5.8631476188136595,False,0.14018,5.48542,5.48542,,,,,,,,,,,,0
4,203.91,887.59,6.89484,7.5344,17.0,53.73,annealing_T=125_h=25,absent,absent,False,20.0,1256.6370614359173,annealing_T=75_h=25,v,20260604-121216,previous_detection,user_fixed_radius,user_fixed_radius,,20260903-002446,5.406819767663722,False,1.1918,0.00116,1.1918,,,,,,,,,,,,0
4,203.91,887.59,13.825,7.95458,19.0,53.84,annealing_T=125_h=25,absent,absent,False,20.0,1256.6370614359173,annealing_T=75_h=25,v,20260604-121216,previous_detection,user_fixed_radius,user_fixed_radius,,20260903-002446,5.406819767663722,False,5.4557,0.5529,5.4557,,,,,,,,,,,,0
4,203.91,887.59,-0.0333364,8.11703,21.0,53.95,annealing_T=125_h=25,absent,absent,False,20.0,1256.6370614359173,annealing_T=75_h=25,v,20260604-121216,previous_detection,user_fixed_radius,user_fixed_radius,,20260903-002446,5.406819767663722,False,1.4718536,2.8298664,2.8298664,,,,,,,,,,,,0
4,203.91,887.59,13.6706,8.02857,23.0,54.06,annealing_T=125_h=25,absent,absent,False,20.0,1256.6370614359173,annealing_T=75_h=25,v,20260604-121216,previous_detection,user_fixed_radius,user_fixed_radius,,20260903-002446,5.406819767663722,False,2.347,0.3087,2.347,,,,,,,,,,,,0
5,218.83,310.8,25.0466,7.85849,17.0,53.73,annealing_T=125_h=25,present,present,False,20.0,1256.6370614359173,annealing_T=125_h=25,v,20260903-002446,phase_detection,user_fixed_radius,user_fixed_radius,,20260903-002446,3.233109957919789,False,3.1969,1.2267,3.1969,0.0733578,0.0840312,0.0396023,5.594,9.75848,1.35689,2,0.678443,0,3,6.88114e-06,1
5,218.83,310.8,16.3992,8.16904,19.0,53.84,annealing_T=125_h=25,present,present,False,20.0,1256.6370614359173,annealing_T=125_h=25,v,20260903-002446,phase_detection,user_fixed_radius,user_fixed_radius,,20260903-002446,3.233109957919789,False,6.329,9.4689,9.4689,0.0733578,0.0840312,0.0396023,5.594,9.75848,1.35689,2,0.678443,0,3,6.88114e-06,1
5,218.83,310.8,23.1258,8.25299,21.0,53.95,annealing_T=125_h=25,present,present,False,20.0,1256.6370614359173,annealing_T=125_h=25,v,20260903-002446,phase_detection,user_fixed_radius,user_fixed_radius,,20260903-002446,3.233109957919789,False,3.2615,1.8784,3.2615,0.0733578,0.0840312,0.0396023,5.594,9.75848,1.35689,2,0.678443,0,3,6.88114e-06,1
5,218.83,310.8,33.4816,8.21093,23.0,54.06,annealing_T=125_h=25,present,present,False,20.0,1256.6370614359173,annealing_T=125_h=25,v,20260903-002446,phase_detection,user_fixed_radius,user_fixed_radius,,20260903-002446,3.233109957919789,False,1.8452,0.7423,1.8452,0.0733578,0.0840312,0.0396023,5.594,9.75848,1.35689,2,0.678443,0,3,6.88114e-06,1
6,235.14,473.88,67.4342,7.77161,17.0,53.73,annealing_T=125_h=25,present,present,False,20.0,1256.6370614359173,annealing_T=125_h=25,v,20260903-002446,phase_detection,user_fixed_radius,user_fixed_radius,,20260903-002446,3.1964042297556694,False,0.3589,6.8985,6.8985,0.00706534,0.0274846,0.0304855,56.6156,31.1242,1.19192,2,0.595959,0,3,1.28119e-06,1
6,235.14,473.88,57.6834,7.87647,19.0,53.84,annealing_T=125_h=25,present,present,False,20.0,1256.6370614359173,annealing_T=125_h=25,v,20260903-002446,phase_detection,user_fixed_radius,user_fixed_radius,,20260903-002446,3.1964042297556694,False,0.7531,1.2018,1.2018,0.00706534,0.0274846,0.0304855,56.6156,31.1242,1.19192,2,0.595959,0,3,1.28119e-06,1
6,235.14,473.88,69.0281,8.07994,21.0,53.95,annealing_T=125_h=25,present,present,False,20.0,1256.6370614359173,annealing_T=125_h=25,v,20260903-002446,phase_detection,user_fixed_radius,user_fixed_radius,,20260903-002446,3.1964042297556694,False,1.0955,9.2801,9.2801,0.00706534,0.0274846,0.0304855,56.6156,31.1242,1.19192,2,0.595959,0,3,1.28119e-06,1
6,235.14,473.88,66.8199,8.10567,23.0,54.06,annealing_T=125_h=25,present,present,False,20.0,1256.6370614359173,annealing_T=125_h=25,v,20260903-002446,phase_detection,user_fixed_radius,user_fixed_radius,,20260903-002446,3.1964042297556694,False,6.4767,7.7629,7.7629,0.00706534,0.0274846,0.0304855,56.6156,31.1242,1.19192,2,0.595959,0,3,1.28119e-06,1
7,280.24,942.45,1.94825,8.46368,17.0,53.73,annealing_T=125_h=25,present,reappeared,False,20.0,1256.6370614359173,annealing_T=125_h=25,v,20260903-002446,phase_detection,user_fixed_radius,user_fixed_radius,,20260903-002446,3.498070896937302,False,7.83941,6.98614,7.83941,0.139121,0.0793372,0.0345909,1.37543,2.3296,7.08734,2,3.54367,0,3,1.37864e-06,1
7,280.24,942.45,24.0702,8.63252,19.0,53.84,annealing_T=125_h=25,present,reappeared,False,20.0,1256.6370614359173,annealing_T=125_h=25,v,20260903-002446,phase_detection,user_fixed_radius,user_fixed_radius,,20260903-002446,3.498070896937302,False,8.1087,2.8272,8.1087,0.139121,0.0793372,0.0345909,1.37543,2.3296,7.08734,2,3.54367,0,3,1.37864e-06,1
7,280.24,942.45,41.9804,8.87209,21.0,53.95,annealing_T=125_h=25,present,reappeared,False,20.0,1256.6370614359173,annealing_T=125_h=25,v,20260903-002446,phase_detection,user_fixed_radius,user_fixed_radius,,20260903-002446,3.498070896937302,False,2.5516,0.362,2.5516,0.139121,0.0793372,0.0345909,1.37543,2.3296,7.08734,2,3.54367,0,3,1.37864e-06,1
7,280.24,942.45,24.343,8.93632,23.0,54.06,annealing_T=125_h=25,present,reappeared,False,20.0,1256.6370614359173,annealing_T=125_h=25,v,20260903-002446,phase_detection,user_fixed_radius,user_fixed_radius,,20260903-002446,3.498070896937302,False,1.5083,2.077,2.077,0.139121,0.0793372,0.0345909,1.37543,2.3296,7.08734,2,3.54367,0,3,1.37864e-06,1
8,287.6,753.98,22.0619,7.8113,17.0,53.73,annealing_T=125_h=25,absent,absent,False,20.0,1256.6370614359173,before_annealing,v,20260517-060022,previous_detection,user_fixed_radius,user_fixed_radius,,20260903-002446,4.165309112178781,False,0.9687,0.2121,0.9687,,,,,,,,,,,,0
8,287.6,753.98,5.30198,8.01039,19.0,53.84,annealing_T=125_h=25,absent,absent,False,20.0,1256.6370614359173,before_annealing,v,20260517-060022,previous_detection,user_fixed_radius,user_fixed_radius,,20260903-002446,4.165309112178781,False,1.21485,5.74562,5.74562,,,,,,,,,,,,0
8,287.6,753.98,31.1492,8.17896,21.0,53.95,annealing_T=125_h=25,absent,absent,False,20.0,1256.6370614359173,before_annealing,v,20260517-060022,previous_detection,user_fixed_radius,user_fixed_radius,,20260903-002446,4.165309112178781,False,0.0853,4.3977,4.3977,,,,,,,,,,,,0
8,287.6,753.98,23.2474,8.21041,23.0,54.06,annealing_T=125_h=25,absent,absent,False,20.0,1256.6370614359173,before_annealing,v,20260517-060022,previous_detection,user_fixed_radius,user_fixed_radius,,20260903-002446,4.165309112178781,False,2.5289,1.9105,2.5289,,,,,,,,,,,,0
9,315.79,875.55,48.0272,7.25394,17.0,53.73,annealing_T=125_h=25,present,present,False,20.0,1256.6370614359173,annealing_T=125_h=25,v,20260903-002446,phase_detection,user_fixed_radius,user_fixed_radius,,20260903-002446,3.034023730955341,False,5.7716,3.0167,5.7716,0.0905458,0.0274466,0.016355,10.1769,5.80526,0.197581,2,0.0987906,0,3,2.31618e-07,1
9,315.79,875.55,54.7061,7.55551,19.0,53.84,annealing_T=125_h=25,present,present,False,20.0,1256.6370614359173,annealing_T=125_h=25,v,20260903-002446,phase_detection,user_fixed_radius,user_fixed_radius,,20260903-002446,3.034023730955341,False,1.0237,0.6,1.0237,0.0905458,0.0274466,0.016355,10.1769,5.80526,0.197581,2,0.0987906,0,3,2.31618e-07,1
9,315.79,875.55,70.6598,7.99133,21.0,53.95,annealing_T=125_h=25,present,present,False,20.0,1256.6370614359173,annealing_T=125_h=25,v,20260903-002446,phase_detection,user_fixed_radius,user_fixed_radius,,20260903-002446,3.034023730955341,False,4.0757,2.5716,4.0757,0.0905458,0.0274466,0.016355,10.1769,5.80526,0.197581,2,0.0987906,0,3,2.31618e-07,1
9,315.79,875.55,80.8475,7.90626,23.0,54.06,annealing_T=125_h=25,present,present,False,20.0,1256.6370614359173,annealing_T=125_h=25,v,20260903-002446,phase_detection,user_fixed_radius,user_fixed_radius,,20260903-002446,3.034023730955341,False,0.3243,1.5058,1.5058,0.0905458,0.0274466,0.016355,10.1769,5.80526,0.197581,2,0.0987906,0,3,2.31618e-07,1
10,338.62,144.39,29.274,7.40096,17.0,53.73,annealing_T=125_h=25,present,present,False,20.0,1256.6370614359173,annealing_T=125_h=25,v,20260903-002446,phase_detection,user_fixed_radius,user_fixed_radius,,20260903-002446,3.189545422156596,False,4.9083,3.6908,4.9083,0.0902664,0.0431146,0.0200807,6.51544,5.8654,5.26113,2,2.63056,0,3,5.11676e-07,1
10,338.62,144.39,29.0037,7.75678,19.0,53.84,annealing_T=125_h=25,present,present,False,20.0,1256.6370614359173,annealing_T=125_h=25,v,20260903-002446,phase_detection,user_fixed_radius,user_fixed_radius,,20260903-002446,3.189545422156596,False,10.0903,3.0894,10.0903,0.0902664,0.0431146,0.0200807,6.51544,5.8654,5.26113,2,2.63056,0,3,5.11676e-07,1
10,338.62,144.39,58.9868,8.12892,21.0,53.95,annealing_T=125_h=25,present,present,False,20.0,1256.6370614359173,annealing_T=125_h=25,v,20260903-002446,phase_detection,user_fixed_radius,user_fixed_radius,,20260903-002446,3.189545422156596,False,5.9166,7.3611,7.3611,0.0902664,0.0431146,0.0200807,6.51544,5.8654,5.26113,2,2.63056,0,3,5.11676e-07,1
10,338.62,144.39,45.2767,8.0258,23.0,54.06,annealing_T=125_h=25,present,present,False,20.0,1256.6370614359173,annealing_T=125_h=25,v,20260903-002446,phase_detection,user_fixed_radius,user_fixed_radius,,20260903-002446,3.189545422156596,False,11.4139,0.7266,11.4139,0.0902664,0.0431146,0.0200807,6.51544,5.8654,5.26113,2,2.63056,0,3,5.11676e-07,1
11,348.48,551.23,262.425,9.06103,17.0,53.73,annealing_T=125_h=25,present,present,False,20.0,1256.6370614359173,annealing_T=125_h=25,v,20260903-002446,phase_detection,user_fixed_radius,user_fixed_radius,,20260903-002446,2.9378393421015954,False,5.299,4.443,5.299,-0.0348127,0.0114085,0.00373941,388.586,87.8966,92.1968,2,46.0984,0,3,1.51486e-09,1
11,348.48,551.23,147.646,8.06608,19.0,53.84,annealing_T=125_h=25,present,present,False,20.0,1256.6370614359173,annealing_T=125_h=25,v,20260903-002446,phase_detection,user_fixed_radius,user_fixed_radius,,20260903-002446,2.9378393421015954,False,5.458,2.522,5.458,-0.0348127,0.0114085,0.00373941,388.586,87.8966,92.1968,2,46.0984,0,3,1.51486e-09,1
11,348.48,551.23,169.339,8.46025,21.0,53.95,annealing_T=125_h=25,present,present,False,20.0,1256.6370614359173,annealing_T=125_h=25,v,20260903-002446,phase_detection,user_fixed_radius,user_fixed_radius,,20260903-002446,2.9378393421015954,False,3.952,4.519,4.519,-0.0348127,0.0114085,0.00373941,388.586,87.8966,92.1968,2,46.0984,0,3,1.51486e-09,1
11,348.48,551.23,210.112,8.53984,23.0,54.06,annealing_T=125_h=25,present,present,False,20.0,1256.6370614359173,annealing_T=125_h=25,v,20260903-002446,phase_detection,user_fixed_radius,user_fixed_radius,,20260903-002446,2.9378393421015954,False,5.843,4.252,5.843,-0.0348127,0.0114085,0.00373941,388.586,87.8966,92.1968,2,46.0984,0,3,1.51486e-09,1
12,349.12,388.87,25.3546,7.59753,17.0,53.73,annealing_T=125_h=25,present,present,False,20.0,1256.6370614359173,annealing_T=125_h=25,v,20260903-002446,phase_detection,user_fixed_radius,user_fixed_radius,,20260903-002446,3.287324139783004,False,8.277,2.8215,8.277,0.146035,0.0513869,0.0514095,1.95546,2.14434,0.32801,2,0.164005,0,3,5.42693e-06,1
12,349.12,388.87,31.3506,7.82835,19.0,53.84,annealing_T=125_h=25,present,present,False,20.0,1256.6370614359173,annealing_T=125_h=25,v,20260903-002446,phase_detection,user_fixed_radius,user_fixed_radius,,20260903-002446,3.287324139783004,False,3.2209,3.5367,3.5367,0.146035,0.0513869,0.0514095,1.95546,2.14434,0.32801,2,0.164005,0,3,5.42693e-06,1
12,349.12,388.87,38.2213,8.21534,21.0,53.95,annealing_T=125_h=25,present,present,False,20.0,1256.6370614359173,annealing_T=125_h=25,v,20260903-002446,phase_detection,user_fixed_radius,user_fixed_radius,,20260903-002446,3.287324139783004,False,0.0605,2.2199,2.2199,0.146035,0.0513869,0.0514095,1.95546,2.14434,0.32801,2,0.164005,0,3,5.42693e-06,1
12,349.12,388.87,58.0971,8.1551,23.0,54.06,annealing_T=125_h=25,present,present,False,20.0,1256.6370614359173,annealing_T=125_h=25,v,20260903-002446,phase_detection,user_fixed_radius,user_fixed_radius,,20260903-002446,3.287324139783004,False,0.605,1.6694,1.6694,0.146035,0.0513869,0.0514095,1.95546,2.14434,0.32801,2,0.164005,0,3,5.42693e-06,1
13,351.71,705.82,8.95234,7.49294,17.0,53.73,annealing_T=125_h=25,absent,absent,False,20.0,1256.6370614359173,annealing_T=75_h=25,v,20260604-121216,previous_detection,user_fixed_radius,user_fixed_radius,,20260903-002446,4.330415684434873,False,1.47276,0.34308,1.47276,,,,,,,,,,,,0
13,351.71,705.82,10.74,7.831,19.0,53.84,annealing_T=125_h=25,absent,absent,False,20.0,1256.6370614359173,annealing_T=75_h=25,v,20260604-121216,previous_detection,user_fixed_radius,user_fixed_radius,,20260903-002446,4.330415684434873,False,1.7635,1.2531,1.7635,,,,,,,,,,,,0
13,351.71,705.82,7.39643,8.17307,21.0,53.95,annealing_T=125_h=25,absent,absent,False,20.0,1256.6370614359173,annealing_T=75_h=25,v,20260604-121216,previous_detection,user_fixed_radius,user_fixed_radius,,20260903-002446,4.330415684434873,False,4.77927,4.24187,4.77927,,,,,,,,,,,,0
13,351.71,705.82,12.0487,7.92571,23.0,54.06,annealing_T=125_h=25,absent,absent,False,20.0,1256.6370614359173,annealing_T=75_h=25,v,20260604-121216,previous_detection,user_fixed_radius,user_fixed_radius,,20260903-002446,4.330415684434873,False,5.62901,0.586,5.62901,,,,,,,,,,,,0
14,390.1,828.18,125.745,7.86951,17.0,53.73,annealing_T=125_h=25,present,present,False,20.0,1256.6370614359173,annealing_T=125_h=25,v,20260903-002446,phase_detection,user_fixed_radius,user_fixed_radius,,20260903-002446,2.6555978611228066,False,0.696,0.667,0.696,0.0639233,0.0113183,0.000108399,44.465,10.4082,2.07574,2,1.03787,0,3,1.13368e-08,1
14,390.1,828.18,159.41,8.13782,19.0,53.84,annealing_T=125_h=25,present,present,False,20.0,1256.6370614359173,annealing_T=125_h=25,v,20260903-002446,phase_detection,user_fixed_radius,user_fixed_radius,,20260903-002446,2.6555978611228066,False,4.303,6.729,6.729,0.0639233,0.0113183,0.000108399,44.465,10.4082,2.07574,2,1.03787,0,3,1.13368e-08,1
14,390.1,828.18,168.301,8.29205,21.0,53.95,annealing_T=125_h=25,present,present,False,20.0,1256.6370614359173,annealing_T=125_h=25,v,20260903-002446,phase_detection,user_fixed_radius,user_fixed_radius,,20260903-002446,2.6555978611228066,False,1.465,2.382,2.382,0.0639233,0.0113183,0.000108399,44.465,10.4082,2.07574,2,1.03787,0,3,1.13368e-08,1
14,390.1,828.18,192.0,8.24251,23.0,54.06,annealing_T=125_h=25,present,present,False,20.0,1256.6370614359173,annealing_T=125_h=25,v,20260903-002446,phase_detection,user_fixed_radius,user_fixed_radius,,20260903-002446,2.6555978611228066,False,1.674,3.713,3.713,0.0639233,0.0113183,0.000108399,44.465,10.4082,2.07574,2,1.03787,0,3,1.13368e-08,1
15,405.79,528.21,28.7954,8.53087,17.0,53.73,annealing_T=125_h=25,present,present,False,20.0,1256.6370614359173,annealing_T=125_h=25,v,20260903-002446,phase_detection,user_fixed_radius,user_fixed_radius,,20260903-002446,1.5981239000777676,False,0.722,5.0924,5.0924,0.096531,0.0477666,0.0186865,6.01027,6.08335,2.11758,2,1.05879,0,3,5.08105e-06,1
15,405.79,528.21,45.614,8.57166,19.0,53.84,annealing_T=125_h=25,present,present,False,20.0,1256.6370614359173,annealing_T=125_h=25,v,20260903-002446,phase_detection,user_fixed_radius,user_fixed_radius,,20260903-002446,1.5981239000777676,False,0.5404,6.0204,6.0204,0.096531,0.0477666,0.0186865,6.01027,6.08335,2.11758,2,1.05879,0,3,5.08105e-06,1
15,405.79,528.21,36.5819,8.80566,21.0,53.95,annealing_T=125_h=25,present,present,False,20.0,1256.6370614359173,annealing_T=125_h=25,v,20260903-002446,phase_detection,user_fixed_radius,user_fixed_radius,,20260903-002446,1.5981239000777676,False,4.7617,0.9765,4.7617,0.096531,0.0477666,0.0186865,6.01027,6.08335,2.11758,2,1.05879,0,3,5.08105e-06,1
15,405.79,528.21,58.4642,8.84795,23.0,54.06,annealing_T=125_h=25,present,present,False,20.0,1256.6370614359173,annealing_T=125_h=25,v,20260903-002446,phase_detection,user_fixed_radius,user_fixed_radius,,20260903-002446,1.5981239000777676,False,2.857,4.4545,4.4545,0.096531,0.0477666,0.0186865,6.01027,6.08335,2.11758,2,1.05879,0,3,5.08105e-06,1
16,458.41,825.97,196.02,7.90939,17.0,53.73,annealing_T=125_h=25,present,present,False,20.0,1256.6370614359173,annealing_T=125_h=25,v,20260903-002446,phase_detection,user_fixed_radius,user_fixed_radius,,20260903-002446,2.204223219186238,False,5.49,1.726,5.49,0.070614,0.00765306,0.00160827,58.6302,9.30173,0.233779,2,0.116889,0,3,9.20219e-08,1
16,458.41,825.97,224.348,8.18761,19.0,53.84,annealing_T=125_h=25,present,present,False,20.0,1256.6370614359173,annealing_T=125_h=25,v,20260903-002446,phase_detection,user_fixed_radius,user_fixed_radius,,20260903-002446,2.204223219186238,False,4.812,5.481,5.481,0.070614,0.00765306,0.00160827,58.6302,9.30173,0.233779,2,0.116889,0,3,9.20219e-08,1
16,458.41,825.97,255.066,8.22767,21.0,53.95,annealing_T=125_h=25,present,present,False,20.0,1256.6370614359173,annealing_T=125_h=25,v,20260903-002446,phase_detection,user_fixed_radius,user_fixed_radius,,20260903-002446,2.204223219186238,False,6.278,3.197,6.278,0.070614,0.00765306,0.00160827,58.6302,9.30173,0.233779,2,0.116889,0,3,9.20219e-08,1
16,458.41,825.97,299.404,8.3519,23.0,54.06,annealing_T=125_h=25,present,present,False,20.0,1256.6370614359173,annealing_T=125_h=25,v,20260903-002446,phase_detection,user_fixed_radius,user_fixed_radius,,20260903-002446,2.204223219186238,False,5.328,1.693,5.328,0.070614,0.00765306,0.00160827,58.6302,9.30173,0.233779,2,0.116889,0,3,9.20219e-08,1
17,458.5,883.92,-3.77959,9.73755,17.0,53.73,annealing_T=125_h=25,absent,disappeared,False,20.0,1256.6370614359173,annealing_T=125_h=5,v,20260726-091723,previous_detection,user_fixed_radius,user_fixed_radius,,20260903-002446,4.763202704063807,False,7.36646,1.09978,7.36646,,,,,,,,,,,,0
17,458.5,883.92,-11.2687,11.3112,19.0,53.84,annealing_T=125_h=25,absent,disappeared,False,20.0,1256.6370614359173,annealing_T=125_h=5,v,20260726-091723,previous_detection,user_fixed_radius,user_fixed_radius,,20260903-002446,4.763202704063807,False,3.9407,6.67191,6.67191,,,,,,,,,,,,0
17,458.5,883.92,-10.47,10.9914,21.0,53.95,annealing_T=125_h=25,absent,disappeared,False,20.0,1256.6370614359173,annealing_T=125_h=5,v,20260726-091723,previous_detection,user_fixed_radius,user_fixed_radius,,20260903-002446,4.763202704063807,False,8.2952,7.91184,8.2952,,,,,,,,,,,,0
17,458.5,883.92,-12.1352,10.7241,23.0,54.06,annealing_T=125_h=25,absent,disappeared,False,20.0,1256.6370614359173,annealing_T=125_h=5,v,20260726-091723,previous_detection,user_fixed_radius,user_fixed_radius,,20260903-002446,4.763202704063807,False,10.7305,10.16749,10.7305,,,,,,,,,,,,0
18,473.41,337.91,27.1822,7.38762,17.0,53.73,annealing_T=125_h=25,present,present,False,20.0,1256.6370614359173,annealing_T=125_h=25,v,20260903-002446,phase_detection,user_fixed_radius,user_fixed_radius,,20260903-002446,2.088372572124035,False,9.237,2.0772,9.237,0.0998831,0.0563036,0.0316939,4.33885,5.12445,0.589614,2,0.294807,0,3,1.87382e-06,1
18,473.41,337.91,24.4843,7.55852,19.0,53.84,annealing_T=125_h=25,present,present,False,20.0,1256.6370614359173,annealing_T=125_h=25,v,20260903-002446,phase_detection,user_fixed_radius,user_fixed_radius,,20260903-002446,2.088372572124035,False,3.5874,2.0995,3.5874,0.0998831,0.0563036,0.0316939,4.33885,5.12445,0.589614,2,0.294807,0,3,1.87382e-06,1
18,473.41,337.91,35.3056,7.9515,21.0,53.95,annealing_T=125_h=25,present,present,False,20.0,1256.6370614359173,annealing_T=125_h=25,v,20260903-002446,phase_detection,user_fixed_radius,user_fixed_radius,,20260903-002446,2.088372572124035,False,3.6941,1.1037,3.6941,0.0998831,0.0563036,0.0316939,4.33885,5.12445,0.589614,2,0.294807,0,3,1.87382e-06,1
18,473.41,337.91,44.2547,7.81412,23.0,54.06,annealing_T=125_h=25,present,present,False,20.0,1256.6370614359173,annealing_T=125_h=25,v,20260903-002446,phase_detection,user_fixed_radius,user_fixed_radius,,20260903-002446,2.088372572124035,False,6.0101,5.2299,6.0101,0.0998831,0.0563036,0.0316939,4.33885,5.12445,0.589614,2,0.294807,0,3,1.87382e-06,1
19,491.01,665.43,2.79278,7.85977,17.0,53.73,annealing_T=125_h=25,absent,absent,False,20.0,1256.6370614359173,annealing_T=75_h=25,v,20260604-121216,previous_detection,user_fixed_radius,user_fixed_radius,,20260903-002446,2.5849564793242075,False,5.0284,0.64036,5.0284,,,,,,,,,,,,0
19,491.01,665.43,6.66241,8.08668,19.0,53.84,annealing_T=125_h=25,absent,absent,False,20.0,1256.6370614359173,annealing_T=75_h=25,v,20260604-121216,previous_detection,user_fixed_radius,user_fixed_radius,,20260903-002446,2.5849564793242075,False,5.02979,3.64456,5.02979,,,,,,,,,,,,0
19,491.01,665.43,-9.13217,8.23789,21.0,53.95,annealing_T=125_h=25,absent,absent,False,20.0,1256.6370614359173,annealing_T=75_h=25,v,20260604-121216,previous_detection,user_fixed_radius,user_fixed_radius,,20260903-002446,2.5849564793242075,False,3.65054,3.42569,3.65054,,,,,,,,,,,,0
19,491.01,665.43,-11.1417,8.17183,23.0,54.06,annealing_T=125_h=25,absent,absent,False,20.0,1256.6370614359173,annealing_T=75_h=25,v,20260604-121216,previous_detection,user_fixed_radius,user_fixed_radius,,20260903-002446,2.5849564793242075,False,1.163,5.40679,5.40679,,,,,,,,,,,,0
20,647.09,531.39,-0.130763,8.18241,17.0,53.73,annealing_T=125_h=25,absent,absent,False,20.0,1256.6370614359173,annealing_T=75_h=25,v,20260604-121216,previous_detection,user_fixed_radius,user_fixed_radius,,20260903-002446,2.0632013958894366,False,2.819903,1.723467,2.819903,,,,,,,,,,,,0
20,647.09,531.39,-8.11256,8.34847,19.0,53.84,annealing_T=125_h=25,absent,absent,False,20.0,1256.6370614359173,annealing_T=75_h=25,v,20260604-121216,previous_detection,user_fixed_radius,user_fixed_radius,,20260903-002446,2.0632013958894366,False,3.75624,2.32394,3.75624,,,,,,,,,,,,0
20,647.09,531.39,8.47959,8.91279,21.0,53.95,annealing_T=125_h=25,absent,absent,False,20.0,1256.6370614359173,annealing_T=75_h=25,v,20260604-121216,previous_detection,user_fixed_radius,user_fixed_radius,,20260903-002446,2.0632013958894366,False,0.51073,1.43496,1.43496,,,,,,,,,,,,0
20,647.09,531.39,1.20103,8.3741,23.0,54.06,annealing_T=125_h=25,absent,absent,False,20.0,1256.6370614359173,annealing_T=75_h=25,v,20260604-121216,previous_detection,user_fixed_radius,user_fixed_radius,,20260903-002446,2.0632013958894366,False,1.83609,2.38677,2.38677,,,,,,,,,,,,0
21,668.43,428.35,20.2808,8.18427,17.0,53.73,annealing_T=125_h=25,present,present,False,20.0,1256.6370614359173,annealing_T=125_h=25,v,20260903-002446,phase_detection,user_fixed_radius,user_fixed_radius,,20260903-002446,1.3452880732392785,False,0.1075,4.3174,4.3174,0.119075,0.0474426,0.0166872,3.6566,3.65811,1.82677,2,0.913385,0,3,2.76869e-07,1
21,668.43,428.35,42.1983,8.13414,19.0,53.84,annealing_T=125_h=25,present,present,False,20.0,1256.6370614359173,annealing_T=125_h=25,v,20260903-002446,phase_detection,user_fixed_radius,user_fixed_radius,,20260903-002446,1.3452880732392785,False,2.1961,1.3457,2.1961,0.119075,0.0474426,0.0166872,3.6566,3.65811,1.82677,2,0.913385,0,3,2.76869e-07,1
21,668.43,428.35,47.586,8.95774,21.0,53.95,annealing_T=125_h=25,present,present,False,20.0,1256.6370614359173,annealing_T=125_h=25,v,20260903-002446,phase_detection,user_fixed_radius,user_fixed_radius,,20260903-002446,1.3452880732392785,False,4.1969,4.7272,4.7272,0.119075,0.0474426,0.0166872,3.6566,3.65811,1.82677,2,0.913385,0,3,2.76869e-07,1
21,668.43,428.35,53.221,8.92426,23.0,54.06,annealing_T=125_h=25,present,present,False,20.0,1256.6370614359173,annealing_T=125_h=25,v,20260903-002446,phase_detection,user_fixed_radius,user_fixed_radius,,20260903-002446,1.3452880732392785,False,1.336,0.4411,1.336,0.119075,0.0474426,0.0166872,3.6566,3.65811,1.82677,2,0.913385,0,3,2.76869e-07,1
22,689.68,988.25,8.39842,11.7298,17.0,53.73,annealing_T=125_h=25,absent,disappeared,False,20.0,1256.6370614359173,annealing_T=125_h=5,v,20260726-091723,previous_detection,user_fixed_radius,user_fixed_radius,,20260903-002446,3.8829499095404048,False,2.81706,3.93982,3.93982,,,,,,,,,,,,0
22,689.68,988.25,12.0149,12.1838,19.0,53.84,annealing_T=125_h=25,absent,disappeared,False,20.0,1256.6370614359173,annealing_T=125_h=5,v,20260726-091723,previous_detection,user_fixed_radius,user_fixed_radius,,20260903-002446,3.8829499095404048,False,3.0629,3.77897,3.77897,,,,,,,,,,,,0
22,689.68,988.25,9.3697,11.7834,21.0,53.95,annealing_T=125_h=25,absent,disappeared,False,20.0,1256.6370614359173,annealing_T=125_h=5,v,20260726-091723,previous_detection,user_fixed_radius,user_fixed_radius,,20260903-002446,3.8829499095404048,False,6.81722,8.0985,8.0985,,,,,,,,,,,,0
22,689.68,988.25,9.81996,9.39786,23.0,54.06,annealing_T=125_h=25,absent,disappeared,False,20.0,1256.6370614359173,annealing_T=125_h=5,v,20260726-091723,previous_detection,user_fixed_radius,user_fixed_radius,,20260903-002446,3.8829499095404048,False,1.27271,3.87806,3.87806,,,,,,,,,,,,0
23,729.52,379.25,62.3268,7.55835,17.0,53.73,annealing_T=125_h=25,present,present,False,20.0,1256.6370614359173,annealing_T=125_h=25,v,20260903-002446,phase_detection,user_fixed_radius,user_fixed_radius,,20260903-002446,1.905203401214661,False,0.3611,0.9645,0.9645,0.0872667,0.023018,0.00550359,13.6693,6.55801,0.896473,2,0.448237,0,3,9.90384e-07,1
23,729.52,379.25,72.5305,7.69086,19.0,53.84,annealing_T=125_h=25,present,present,False,20.0,1256.6370614359173,annealing_T=125_h=25,v,20260903-002446,phase_detection,user_fixed_radius,user_fixed_radius,,20260903-002446,1.905203401214661,False,1.7005,4.3451,4.3451,0.0872667,0.023018,0.00550359,13.6693,6.55801,0.896473,2,0.448237,0,3,9.90384e-07,1
23,729.52,379.25,78.9972,8.08688,21.0,53.95,annealing_T=125_h=25,present,present,False,20.0,1256.6370614359173,annealing_T=125_h=25,v,20260903-002446,phase_detection,user_fixed_radius,user_fixed_radius,,20260903-002446,1.905203401214661,False,4.0061,0.3927,4.0061,0.0872667,0.023018,0.00550359,13.6693,6.55801,0.896473,2,0.448237,0,3,9.90384e-07,1
23,729.52,379.25,105.136,8.08518,23.0,54.06,annealing_T=125_h=25,present,present,False,20.0,1256.6370614359173,annealing_T=125_h=25,v,20260903-002446,phase_detection,user_fixed_radius,user_fixed_radius,,20260903-002446,1.905203401214661,False,4.616,0.621,4.616,0.0872667,0.023018,0.00550359,13.6693,6.55801,0.896473,2,0.448237,0,3,9.90384e-07,1
24,818.14,699.51,-5.73683,7.84753,17.0,53.73,annealing_T=125_h=25,absent,absent,False,20.0,1256.6370614359173,annealing_T=75_h=5,v,20260524-053913,previous_detection,user_fixed_radius,user_fixed_radius,,20260903-002446,0.838152730711967,False,6.46617,0.01834,6.46617,,,,,,,,,,,,0
24,818.14,699.51,6.43707,8.01123,19.0,53.84,annealing_T=125_h=25,absent,absent,False,20.0,1256.6370614359173,annealing_T=75_h=5,v,20260524-053913,previous_detection,user_fixed_radius,user_fixed_radius,,20260903-002446,0.838152730711967,False,5.92693,5.28012,5.92693,,,,,,,,,,,,0
24,818.14,699.51,2.67717,8.19607,21.0,53.95,annealing_T=125_h=25,absent,absent,False,20.0,1256.6370614359173,annealing_T=75_h=5,v,20260524-053913,previous_detection,user_fixed_radius,user_fixed_radius,,20260903-002446,0.838152730711967,False,0.22845,4.68116,4.68116,,,,,,,,,,,,0
24,818.14,699.51,4.5193,8.20709,23.0,54.06,annealing_T=125_h=25,absent,absent,False,20.0,1256.6370614359173,annealing_T=75_h=5,v,20260524-053913,previous_detection,user_fixed_radius,user_fixed_radius,,20260903-002446,0.838152730711967,False,3.38867,2.61917,3.38867,,,,,,,,,,,,0
25,831.15,798.59,15.299,9.66088,17.0,53.73,annealing_T=125_h=25,absent,disappeared,False,20.0,1256.6370614359173,annealing_T=125_h=5,v,20260726-091723,previous_detection,user_fixed_radius,user_fixed_radius,,20260903-002446,2.536533067003036,False,2.2321,1.5801,2.2321,,,,,,,,,,,,0
25,831.15,798.59,24.3786,9.93357,19.0,53.84,annealing_T=125_h=25,absent,disappeared,False,20.0,1256.6370614359173,annealing_T=125_h=5,v,20260726-091723,previous_detection,user_fixed_radius,user_fixed_radius,,20260903-002446,2.536533067003036,False,6.7526,1.8041,6.7526,,,,,,,,,,,,0
25,831.15,798.59,12.5535,9.42305,21.0,53.95,annealing_T=125_h=25,absent,disappeared,False,20.0,1256.6370614359173,annealing_T=125_h=5,v,20260726-091723,previous_detection,user_fixed_radius,user_fixed_radius,,20260903-002446,2.536533067003036,False,1.4053,3.6512,3.6512,,,,,,,,,,,,0
25,831.15,798.59,15.8978,9.79959,23.0,54.06,annealing_T=125_h=25,absent,disappeared,False,20.0,1256.6370614359173,annealing_T=125_h=5,v,20260726-091723,previous_detection,user_fixed_radius,user_fixed_radius,,20260903-002446,2.536533067003036,False,3.4985,2.5249,3.4985,,,,,,,,,,,,0
26,848.08,169.18,1136.8,7.76851,17.0,53.73,annealing_T=125_h=25,present,present,False,20.0,1256.6370614359173,annealing_T=125_h=25,v,20260903-002446,phase_detection,user_fixed_radius,user_fixed_radius,,20260903-002446,1.8350476833042229,False,17.89,22.85,22.85,0.0395002,0.00144022,0.000830272,570.44,16.7729,20.9019,2,10.451,0,3,4.09015e-07,1
26,848.08,169.18,1180.87,8.05396,19.0,53.84,annealing_T=125_h=25,present,present,False,20.0,1256.6370614359173,annealing_T=125_h=25,v,20260903-002446,phase_detection,user_fixed_radius,user_fixed_radius,,20260903-002446,1.8350476833042229,False,14.83,19.25,19.25,0.0395002,0.00144022,0.000830272,570.44,16.7729,20.9019,2,10.451,0,3,4.09015e-07,1
26,848.08,169.18,1301.95,8.14911,21.0,53.95,annealing_T=125_h=25,present,present,False,20.0,1256.6370614359173,annealing_T=125_h=25,v,20260903-002446,phase_detection,user_fixed_radius,user_fixed_radius,,20260903-002446,1.8350476833042229,False,20.77,23.42,23.42,0.0395002,0.00144022,0.000830272,570.44,16.7729,20.9019,2,10.451,0,3,4.09015e-07,1
26,848.08,169.18,1426.83,8.27827,23.0,54.06,annealing_T=125_h=25,present,present,False,20.0,1256.6370614359173,annealing_T=125_h=25,v,20260903-002446,phase_detection,user_fixed_radius,user_fixed_radius,,20260903-002446,1.8350476833042229,False,26.18,20.67,26.18,0.0395002,0.00144022,0.000830272,570.44,16.7729,20.9019,2,10.451,0,3,4.09015e-07,1
27,850.25,943.52,4.45121,10.3747,17.0,53.73,annealing_T=125_h=25,absent,disappeared,False,20.0,1256.6370614359173,annealing_T=125_h=5,v,20260726-091723,previous_detection,user_fixed_radius,user_fixed_radius,,20260903-002446,3.0496229275109092,False,2.52996,3.8497,3.8497,,,,,,,,,,,,0
27,850.25,943.52,15.2689,11.0711,19.0,53.84,annealing_T=125_h=25,absent,disappeared,False,20.0,1256.6370614359173,annealing_T=125_h=5,v,20260726-091723,previous_detection,user_fixed_radius,user_fixed_radius,,20260903-002446,3.0496229275109092,False,3.5116,0.7992,3.5116,,,,,,,,,,,,0
27,850.25,943.52,21.8271,10.5147,21.0,53.95,annealing_T=125_h=25,absent,disappeared,False,20.0,1256.6370614359173,annealing_T=125_h=5,v,20260726-091723,previous_detection,user_fixed_radius,user_fixed_radius,,20260903-002446,3.0496229275109092,False,2.2475,6.8883,6.8883,,,,,,,,,,,,0
27,850.25,943.52,8.05075,11.2926,23.0,54.06,annealing_T=125_h=25,absent,disappeared,False,20.0,1256.6370614359173,annealing_T=125_h=5,v,20260726-091723,previous_detection,user_fixed_radius,user_fixed_radius,,20260903-002446,3.0496229275109092,False,0.45368,3.68868,3.68868,,,,,,,,,,,,0
28,884.21,867.39,8.59545,7.65664,17.0,53.73,annealing_T=125_h=25,absent,disappeared,False,20.0,1256.6370614359173,annealing_T=125_h=5,v,20260726-091723,previous_detection,user_fixed_radius,user_fixed_radius,,20260903-002446,2.2497110925627415,False,7.40905,6.03898,7.40905,,,,,,,,,,,,0
28,884.21,867.39,7.49535,8.21501,19.0,53.84,annealing_T=125_h=25,absent,disappeared,False,20.0,1256.6370614359173,annealing_T=125_h=5,v,20260726-091723,previous_detection,user_fixed_radius,user_fixed_radius,,20260903-002446,2.2497110925627415,False,2.75035,6.48596,6.48596,,,,,,,,,,,,0
28,884.21,867.39,-1.20038,8.26361,21.0,53.95,annealing_T=125_h=25,absent,disappeared,False,20.0,1256.6370614359173,annealing_T=125_h=5,v,20260726-091723,previous_detection,user_fixed_radius,user_fixed_radius,,20260903-002446,2.2497110925627415,False,1.02142,2.60731,2.60731,,,,,,,,,,,,0
28,884.21,867.39,2.77089,8.25033,23.0,54.06,annealing_T=125_h=25,absent,disappeared,False,20.0,1256.6370614359173,annealing_T=125_h=5,v,20260726-091723,previous_detection,user_fixed_radius,user_fixed_radius,,20260903-002446,2.2497110925627415,False,6.10907,0.71356,6.10907,,,,,,,,,,,,0
29,927.55,740.7,47.4398,7.33196,17.0,53.73,annealing_T=125_h=25,present,present,False,20.0,1256.6370614359173,annealing_T=125_h=25,v,20260903-002446,phase_detection,user_fixed_radius,user_fixed_radius,,20260903-002446,0.6841052550594389,False,1.9536,0.3281,1.9536,0.0900289,0.0259806,0.00992984,10.8661,5.87317,2.23297,2,1.11648,0,3,1.22206e-06,1
29,927.55,740.7,68.1997,7.67507,19.0,53.84,annealing_T=125_h=25,present,present,False,20.0,1256.6370614359173,annealing_T=125_h=25,v,20260903-002446,phase_detection,user_fixed_radius,user_fixed_radius,,20260903-002446,0.6841052550594389,False,7.1236,2.4479,7.1236,0.0900289,0.0259806,0.00992984,10.8661,5.87317,2.23297,2,1.11648,0,3,1.22206e-06,1
29,927.55,740.7,64.5404,7.81976,21.0,53.95,annealing_T=125_h=25,present,present,False,20.0,1256.6370614359173,annealing_T=125_h=25,v,20260903-002446,phase_detection,user_fixed_radius,user_fixed_radius,,20260903-002446,0.6841052550594389,False,0.7436,4.4571,4.4571,0.0900289,0.0259806,0.00992984,10.8661,5.87317,2.23297,2,1.11648,0,3,1.22206e-06,1
29,927.55,740.7,88.3198,7.74093,23.0,54.06,annealing_T=125_h=25,present,present,False,20.0,1256.6370614359173,annealing_T=125_h=25,v,20260903-002446,phase_detection,user_fixed_radius,user_fixed_radius,,20260903-002446,0.6841052550594389,False,1.854,2.1316,2.1316,0.0900289,0.0259806,0.00992984,10.8661,5.87317,2.23297,2,1.11648,0,3,1.22206e-06,1
30,935.41,977.83,125.608,7.99754,17.0,53.73,annealing_T=125_h=25,present,present,False,20.0,1256.6370614359173,annealing_T=125_h=25,v,20260903-002446,phase_detection,user_fixed_radius,user_fixed_radius,,20260903-002446,1.5713688300332458,False,6.78,6.789,6.789,0.0869668,0.0103821,0.00299741,31.2492,6.77988,8.2484,2,4.1242,0,3,1.69642e-07,1
30,935.41,977.83,182.552,8.27461,19.0,53.84,annealing_T=125_h=25,present,present,False,20.0,1256.6370614359173,annealing_T=125_h=25,v,20260903-002446,phase_detection,user_fixed_radius,user_fixed_radius,,20260903-002446,1.5713688300332458,False,3.674,8.306,8.306,0.0869668,0.0103821,0.00299741,31.2492,6.77988,8.2484,2,4.1242,0,3,1.69642e-07,1
30,935.41,977.83,187.342,8.29383,21.0,53.95,annealing_T=125_h=25,present,present,False,20.0,1256.6370614359173,annealing_T=125_h=25,v,20260903-002446,phase_detection,user_fixed_radius,user_fixed_radius,,20260903-002446,1.5713688300332458,False,5.683,1.812,5.683,0.0869668,0.0103821,0.00299741,31.2492,6.77988,8.2484,2,4.1242,0,3,1.69642e-07,1
30,935.41,977.83,230.116,8.37257,23.0,54.06,annealing_T=125_h=25,present,present,False,20.0,1256.6370614359173,annealing_T=125_h=25,v,20260903-002446,phase_detection,user_fixed_radius,user_fixed_radius,,20260903-002446,1.5713688300332458,False,2.191,0.572,2.191,0.0869668,0.0103821,0.00299741,31.2492,6.77988,8.2484,2,4.1242,0,3,1.69642e-07,1
31,973.45,138.68,86.5837,8.35395,17.0,53.73,annealing_T=125_h=25,present,present,False,20.0,1256.6370614359173,annealing_T=125_h=25,v,20260903-002446,phase_detection,user_fixed_radius,user_fixed_radius,,20260903-002446,1.838314445354759,False,3.6796,2.9938,3.6796,0.11138,0.0169097,0.0110525,12.5292,4.47125,0.617482,2,0.308741,0,3,8.35966e-09,1
31,973.45,138.68,98.5747,8.53754,19.0,53.84,annealing_T=125_h=25,present,present,False,20.0,1256.6370614359173,annealing_T=125_h=25,v,20260903-002446,phase_detection,user_fixed_radius,user_fixed_radius,,20260903-002446,1.838314445354759,False,1.9333,3.4063,3.4063,0.11138,0.0169097,0.0110525,12.5292,4.47125,0.617482,2,0.308741,0,3,8.35966e-09,1
31,973.45,138.68,131.962,8.77945,21.0,53.95,annealing_T=125_h=25,present,present,False,20.0,1256.6370614359173,annealing_T=125_h=25,v,20260903-002446,phase_detection,user_fixed_radius,user_fixed_radius,,20260903-002446,1.838314445354759,False,2.261,10.657,10.657,0.11138,0.0169097,0.0110525,12.5292,4.47125,0.617482,2,0.308741,0,3,8.35966e-09,1
31,973.45,138.68,162.495,8.71213,23.0,54.06,annealing_T=125_h=25,present,present,False,20.0,1256.6370614359173,annealing_T=125_h=25,v,20260903-002446,phase_detection,user_fixed_radius,user_fixed_radius,,20260903-002446,1.838314445354759,False,5.465,3.221,5.465,0.11138,0.0169097,0.0110525,12.5292,4.47125,0.617482,2,0.308741,0,3,8.35966e-09,1
32,978.35,702.84,-5.64053,7.5728,17.0,53.73,annealing_T=125_h=25,absent,absent,False,20.0,1256.6370614359173,annealing_T=75_h=25,v,20260604-121216,previous_detection,user_fixed_radius,user_fixed_radius,,20260903-002446,0.3605551275463863,False,3.45432,6.65683,6.65683,,,,,,,,,,,,0
32,978.35,702.84,-4.8408,7.88587,19.0,53.84,annealing_T=125_h=25,absent,absent,False,20.0,1256.6370614359173,annealing_T=75_h=25,v,20260604-121216,previous_detection,user_fixed_radius,user_fixed_radius,,20260903-002446,0.3605551275463863,False,1.7472,0.74176,1.7472,,,,,,,,,,,,0
32,978.35,702.84,4.66387,8.03812,21.0,53.95,annealing_T=125_h=25,absent,absent,False,20.0,1256.6370614359173,annealing_T=75_h=25,v,20260604-121216,previous_detection,user_fixed_radius,user_fixed_radius,,20260903-002446,0.3605551275463863,False,2.40881,9.50785,9.50785,,,,,,,,,,,,0
32,978.35,702.84,0.299559,8.00829,23.0,54.06,annealing_T=125_h=25,absent,absent,False,20.0,1256.6370614359173,annealing_T=75_h=25,v,20260604-121216,previous_detection,user_fixed_radius,user_fixed_radius,,20260903-002446,0.3605551275463863,False,5.376521,3.841199,5.376521,,,,,,,,,,,,0
33,1060.77,682.48,32.1865,8.98873,17.0,53.73,annealing_T=125_h=25,present,reappeared,False,20.0,1256.6370614359173,annealing_T=125_h=25,v,20260903-002446,phase_detection,user_fixed_radius,user_fixed_radius,,20260903-002446,0.5907622195097075,False,1.4481,0.9909,1.4481,0.0423236,0.0597853,0.0209971,14.9511,18.2847,0.535735,2,0.267867,0,3,3.1904e-06,1
33,1060.77,682.48,29.1,8.93394,19.0,53.84,annealing_T=125_h=25,present,reappeared,False,20.0,1256.6370614359173,annealing_T=125_h=25,v,20260903-002446,phase_detection,user_fixed_radius,user_fixed_radius,,20260903-002446,0.5907622195097075,False,5.2832,2.1283,5.2832,0.0423236,0.0597853,0.0209971,14.9511,18.2847,0.535735,2,0.267867,0,3,3.1904e-06,1
33,1060.77,682.48,41.0404,9.37901,21.0,53.95,annealing_T=125_h=25,present,reappeared,False,20.0,1256.6370614359173,annealing_T=125_h=25,v,20260903-002446,phase_detection,user_fixed_radius,user_fixed_radius,,20260903-002446,0.5907622195097075,False,0.1508,4.8201,4.8201,0.0423236,0.0597853,0.0209971,14.9511,18.2847,0.535735,2,0.267867,0,3,3.1904e-06,1
33,1060.77,682.48,38.0427,9.36863,23.0,54.06,annealing_T=125_h=25,present,reappeared,False,20.0,1256.6370614359173,annealing_T=125_h=25,v,20260903-002446,phase_detection,user_fixed_radius,user_fixed_radius,,20260903-002446,0.5907622195097075,False,0.8002,0.1339,0.8002,0.0423236,0.0597853,0.0209971,14.9511,18.2847,0.535735,2,0.267867,0,3,3.1904e-06,1
34,1069.81,853.74,478.71,7.59773,17.0,53.73,annealing_T=125_h=25,present,present,False,20.0,1256.6370614359173,annealing_T=125_h=25,v,20260903-002446,phase_detection,user_fixed_radius,user_fixed_radius,,20260903-002446,0.5728001396648281,False,8.925,21.645,21.645,0.0407675,0.00332617,0.00204859,235.151,15.9844,4.08488,2,2.04244,0,3,1.6474e-08,1
34,1069.81,853.74,497.29,7.9373,19.0,53.84,annealing_T=125_h=25,present,present,False,20.0,1256.6370614359173,annealing_T=125_h=25,v,20260903-002446,phase_detection,user_fixed_radius,user_fixed_radius,,20260903-002446,0.5728001396648281,False,10.845,15.587,15.587,0.0407675,0.00332617,0.00204859,235.151,15.9844,4.08488,2,2.04244,0,3,1.6474e-08,1
34,1069.81,853.74,553.845,8.12278,21.0,53.95,annealing_T=125_h=25,present,present,False,20.0,1256.6370614359173,annealing_T=125_h=25,v,20260903-002446,phase_detection,user_fixed_radius,user_fixed_radius,,20260903-002446,0.5728001396648281,False,7.843,9.919,9.919,0.0407675,0.00332617,0.00204859,235.151,15.9844,4.08488,2,2.04244,0,3,1.6474e-08,1
34,1069.81,853.74,604.155,8.05333,23.0,54.06,annealing_T=125_h=25,present,present,False,20.0,1256.6370614359173,annealing_T=125_h=25,v,20260903-002446,phase_detection,user_fixed_radius,user_fixed_radius,,20260903-002446,0.5728001396648281,False,12.402,20.646,20.646,0.0407675,0.00332617,0.00204859,235.151,15.9844,4.08488,2,2.04244,0,3,1.6474e-08,1
35,1083.39,489.7,-10.3788,7.38772,17.0,53.73,annealing_T=125_h=25,absent,absent,False,20.0,1256.6370614359173,before_annealing,v,20260517-060022,previous_detection,user_fixed_radius,user_fixed_radius,,20260903-002446,1.458252378705306,False,0.3667,4.20672,4.20672,,,,,,,,,,,,0
35,1083.39,489.7,-3.15075,7.75955,19.0,53.84,annealing_T=125_h=25,absent,absent,False,20.0,1256.6370614359173,before_annealing,v,20260517-060022,previous_detection,user_fixed_radius,user_fixed_radius,,20260903-002446,1.458252378705306,False,3.33271,6.37657,6.37657,,,,,,,,,,,,0
35,1083.39,489.7,-4.4965,7.92037,21.0,53.95,annealing_T=125_h=25,absent,absent,False,20.0,1256.6370614359173,before_annealing,v,20260517-060022,previous_detection,user_fixed_radius,user_fixed_radius,,20260903-002446,1.458252378705306,False,2.49735,2.54523,2.54523,,,,,,,,,,,,0
35,1083.39,489.7,-15.4318,7.79656,23.0,54.06,annealing_T=125_h=25,absent,absent,False,20.0,1256.6370614359173,before_annealing,v,20260517-060022,previous_detection,user_fixed_radius,user_fixed_radius,,20260903-002446,1.458252378705306,False,5.9931,3.6604,5.9931,,,,,,,,,,,,0
36,1111.64,793.61,77.7954,8.16894,17.0,53.73,annealing_T=125_h=25,present,present,False,20.0,1256.6370614359173,annealing_T=125_h=25,v,20260903-002446,phase_detection,user_fixed_radius,user_fixed_radius,,20260903-002446,0.5122499389944816,False,7.6,0.2828,7.6,0.0560463,0.0213997,0.0185544,29.2479,12.8787,0.165063,2,0.0825315,0,3,2.71946e-07,1
36,1111.64,793.61,82.4626,8.50883,19.0,53.84,annealing_T=125_h=25,present,present,False,20.0,1256.6370614359173,annealing_T=125_h=25,v,20260903-002446,phase_detection,user_fixed_radius,user_fixed_radius,,20260903-002446,0.5122499389944816,False,1.256,0.0874,1.256,0.0560463,0.0213997,0.0185544,29.2479,12.8787,0.165063,2,0.0825315,0,3,2.71946e-07,1
36,1111.64,793.61,93.9771,8.76788,21.0,53.95,annealing_T=125_h=25,present,present,False,20.0,1256.6370614359173,annealing_T=125_h=25,v,20260903-002446,phase_detection,user_fixed_radius,user_fixed_radius,,20260903-002446,0.5122499389944816,False,0.117,5.9186,5.9186,0.0560463,0.0213997,0.0185544,29.2479,12.8787,0.165063,2,0.0825315,0,3,2.71946e-07,1
36,1111.64,793.61,107.351,8.69259,23.0,54.06,annealing_T=125_h=25,present,present,False,20.0,1256.6370614359173,annealing_T=125_h=25,v,20260903-002446,phase_detection,user_fixed_radius,user_fixed_radius,,20260903-002446,0.5122499389944816,False,2.665,2.045,2.665,0.0560463,0.0213997,0.0185544,29.2479,12.8787,0.165063,2,0.0825315,0,3,2.71946e-07,1
37,1119.25,917.98,2.48342,8.28978,17.0,53.73,annealing_T=125_h=25,absent,disappeared,False,20.0,1256.6370614359173,annealing_T=125_h=5,v,20260726-091723,previous_detection,user_fixed_radius,user_fixed_radius,,20260903-002446,1.8531055015836824,False,3.85908,1.79257,3.85908,,,,,,,,,,,,0
37,1119.25,917.98,10.9168,8.55827,19.0,53.84,annealing_T=125_h=25,absent,disappeared,False,20.0,1256.6370614359173,annealing_T=125_h=5,v,20260726-091723,previous_detection,user_fixed_radius,user_fixed_radius,,20260903-002446,1.8531055015836824,False,4.03173,1.16154,4.03173,,,,,,,,,,,,0
37,1119.25,917.98,2.70703,8.64435,21.0,53.95,annealing_T=125_h=25,absent,disappeared,False,20.0,1256.6370614359173,annealing_T=125_h=5,v,20260726-091723,previous_detection,user_fixed_radius,user_fixed_radius,,20260903-002446,1.8531055015836824,False,3.461778,2.5615,3.461778,,,,,,,,,,,,0
37,1119.25,917.98,8.25604,8.6613,23.0,54.06,annealing_T=125_h=25,absent,disappeared,False,20.0,1256.6370614359173,annealing_T=125_h=5,v,20260726-091723,previous_detection,user_fixed_radius,user_fixed_radius,,20260903-002446,1.8531055015836824,False,7.737115,2.13446,7.737115,,,,,,,,,,,,0
38,1187.92,757.78,15.2201,7.74783,17.0,53.73,annealing_T=125_h=25,absent,disappeared,False,20.0,1256.6370614359173,annealing_T=125_h=5,v,20260726-091723,previous_detection,user_fixed_radius,user_fixed_radius,,20260903-002446,1.3309019498069037,False,1.4425,0.4435,1.4425,,,,,,,,,,,,0
38,1187.92,757.78,2.96887,7.92974,19.0,53.84,annealing_T=125_h=25,absent,disappeared,False,20.0,1256.6370614359173,annealing_T=125_h=5,v,20260726-091723,previous_detection,user_fixed_radius,user_fixed_radius,,20260903-002446,1.3309019498069037,False,8.74818,1.24198,8.74818,,,,,,,,,,,,0
38,1187.92,757.78,16.2233,7.91974,21.0,53.95,annealing_T=125_h=25,absent,disappeared,False,20.0,1256.6370614359173,annealing_T=125_h=5,v,20260726-091723,previous_detection,user_fixed_radius,user_fixed_radius,,20260903-002446,1.3309019498069037,False,0.3939,6.31305,6.31305,,,,,,,,,,,,0
38,1187.92,757.78,3.31231,7.89962,23.0,54.06,annealing_T=125_h=25,absent,disappeared,False,20.0,1256.6370614359173,annealing_T=125_h=5,v,20260726-091723,previous_detection,user_fixed_radius,user_fixed_radius,,20260903-002446,1.3309019498069037,False,3.65633,0.16223,3.65633,,,,,,,,,,,,0
39,1217.42,695.48,25.2085,7.63353,17.0,53.73,annealing_T=125_h=25,absent,absent,False,20.0,1256.6370614359173,annealing_T=75_h=25,v,20260604-121216,previous_detection,user_fixed_radius,user_fixed_radius,,20260903-002446,2.473863375370552,False,0.6946,5.1811,5.1811,,,,,,,,,,,,0
39,1217.42,695.48,27.6718,7.87921,19.0,53.84,annealing_T=125_h=25,absent,absent,False,20.0,1256.6370614359173,annealing_T=75_h=25,v,20260604-121216,previous_detection,user_fixed_radius,user_fixed_radius,,20260903-002446,2.473863375370552,False,1.5043,2.1675,2.1675,,,,,,,,,,,,0
39,1217.42,695.48,31.6349,8.14115,21.0,53.95,annealing_T=125_h=25,absent,absent,False,20.0,1256.6370614359173,annealing_T=75_h=25,v,20260604-121216,previous_detection,user_fixed_radius,user_fixed_radius,,20260903-002446,2.473863375370552,False,3.0659,4.6296,4.6296,,,,,,,,,,,,0
39,1217.42,695.48,25.4312,8.16126,23.0,54.06,annealing_T=125_h=25,absent,absent,False,20.0,1256.6370614359173,annealing_T=75_h=25,v,20260604-121216,previous_detection,user_fixed_radius,user_fixed_radius,,20260903-002446,2.473863375370552,False,2.5728,3.0277,3.0277,,,,,,,,,,,,0
40,1229.1,79.21,2.94505,8.5165,17.0,53.73,annealing_T=125_h=25,present,present,False,20.0,1256.6370614359173,annealing_T=125_h=25,v,20260903-002446,phase_detection,user_fixed_radius,user_fixed_radius,,20260903-002446,2.9315695454823865,False,0.71795,5.29631,5.29631,0.122133,0.10182,0.0306395,1.49647,3.23524,5.71835,2,2.85917,0,3,3.85854e-07,1
40,1229.1,79.21,16.2578,8.96812,19.0,53.84,annealing_T=125_h=25,present,present,False,20.0,1256.6370614359173,annealing_T=125_h=25,v,20260903-002446,phase_detection,user_fixed_radius,user_fixed_radius,,20260903-002446,2.9315695454823865,False,2.0688,5.3823,5.3823,0.122133,0.10182,0.0306395,1.49647,3.23524,5.71835,2,2.85917,0,3,3.85854e-07,1
40,1229.1,79.21,36.6206,9.07794,21.0,53.95,annealing_T=125_h=25,present,present,False,20.0,1256.6370614359173,annealing_T=125_h=25,v,20260903-002446,phase_detection,user_fixed_radius,user_fixed_radius,,20260903-002446,2.9315695454823865,False,2.8835,6.5604,6.5604,0.122133,0.10182,0.0306395,1.49647,3.23524,5.71835,2,2.85917,0,3,3.85854e-07,1
40,1229.1,79.21,15.724,9.04487,23.0,54.06,annealing_T=125_h=25,present,present,False,20.0,1256.6370614359173,annealing_T=125_h=25,v,20260903-002446,phase_detection,user_fixed_radius,user_fixed_radius,,20260903-002446,2.9315695454823865,False,6.26906,4.0067,6.26906,0.122133,0.10182,0.0306395,1.49647,3.23524,5.71835,2,2.85917,0,3,3.85854e-07,1
41,1266.26,984.45,-7.67149,7.43466,17.0,53.73,annealing_T=125_h=25,absent,absent,False,20.0,1256.6370614359173,annealing_T=75_h=25,v,20260604-121216,previous_detection,user_fixed_radius,user_fixed_radius,,20260903-002446,4.399363590338984,False,5.18871,5.2173,5.2173,,,,,,,,,,,,0
41,1266.26,984.45,-6.62685,7.58012,19.0,53.84,annealing_T=125_h=25,absent,absent,False,20.0,1256.6370614359173,annealing_T=75_h=25,v,20260604-121216,previous_detection,user_fixed_radius,user_fixed_radius,,20260903-002446,4.399363590338984,False,3.2534,3.36274,3.36274,,,,,,,,,,,,0
41,1266.26,984.45,0.914891,8.05056,21.0,53.95,annealing_T=125_h=25,absent,absent,False,20.0,1256.6370614359173,annealing_T=75_h=25,v,20260604-121216,previous_detection,user_fixed_radius,user_fixed_radius,,20260903-002446,4.399363590338984,False,1.172099,1.023019,1.172099,,,,,,,,,,,,0
41,1266.26,984.45,-1.63218,7.99258,23.0,54.06,annealing_T=125_h=25,absent,absent,False,20.0,1256.6370614359173,annealing_T=75_h=25,v,20260604-121216,previous_detection,user_fixed_radius,user_fixed_radius,,20260903-002446,4.399363590338984,False,3.92817,0.42334,3.92817,,,,,,,,,,,,0
42,1278.85,556.29,51.4572,9.61585,17.0,53.73,annealing_T=125_h=25,present,present,False,20.0,1256.6370614359173,annealing_T=125_h=25,v,20260903-002446,phase_detection,user_fixed_radius,user_fixed_radius,,20260903-002446,0.3984971769033141,False,2.5963,3.0686,3.0686,0.13038,0.0218945,0.00880879,6.91143,3.22036,3.12482,2,1.56241,0,3,3.4208e-07,1
42,1278.85,556.29,89.0365,8.24212,19.0,53.84,annealing_T=125_h=25,present,present,False,20.0,1256.6370614359173,annealing_T=125_h=25,v,20260903-002446,phase_detection,user_fixed_radius,user_fixed_radius,,20260903-002446,0.3984971769033141,False,9.3346,2.1049,9.3346,0.13038,0.0218945,0.00880879,6.91143,3.22036,3.12482,2,1.56241,0,3,3.4208e-07,1
42,1278.85,556.29,114.782,10.1335,21.0,53.95,annealing_T=125_h=25,present,present,False,20.0,1256.6370614359173,annealing_T=125_h=25,v,20260903-002446,phase_detection,user_fixed_radius,user_fixed_radius,,20260903-002446,0.3984971769033141,False,4.822,4.476,4.822,0.13038,0.0218945,0.00880879,6.91143,3.22036,3.12482,2,1.56241,0,3,3.4208e-07,1
42,1278.85,556.29,133.68,9.14602,23.0,54.06,annealing_T=125_h=25,present,present,False,20.0,1256.6370614359173,annealing_T=125_h=25,v,20260903-002446,phase_detection,user_fixed_radius,user_fixed_radius,,20260903-002446,0.3984971769033141,False,1.357,4.494,4.494,0.13038,0.0218945,0.00880879,6.91143,3.22036,3.12482,2,1.56241,0,3,3.4208e-07,1
43,1348.33,135.42,-3.92209,8.24118,17.0,53.73,annealing_T=125_h=25,absent,absent,False,20.0,1256.6370614359173,annealing_T=75_h=5,v,20260524-053913,previous_detection,user_fixed_radius,user_fixed_radius,,20260903-002446,4.903437569705489,False,5.39406,1.93411,5.39406,,,,,,,,,,,,0
43,1348.33,135.42,-8.7318,8.31677,19.0,53.84,annealing_T=125_h=25,absent,absent,False,20.0,1256.6370614359173,annealing_T=75_h=5,v,20260524-053913,previous_detection,user_fixed_radius,user_fixed_radius,,20260903-002446,4.903437569705489,False,7.2879,6.56532,7.2879,,,,,,,,,,,,0
43,1348.33,135.42,-11.6012,8.16891,21.0,53.95,annealing_T=125_h=25,absent,absent,False,20.0,1256.6370614359173,annealing_T=75_h=5,v,20260524-053913,previous_detection,user_fixed_radius,user_fixed_radius,,20260903-002446,4.903437569705489,False,0.2938,5.21349,5.21349,,,,,,,,,,,,0
43,1348.33,135.42,-2.1291,8.3419,23.0,54.06,annealing_T=125_h=25,absent,absent,False,20.0,1256.6370614359173,annealing_T=75_h=5,v,20260524-053913,previous_detection,user_fixed_radius,user_fixed_radius,,20260903-002446,4.903437569705489,False,2.27287,0.63752,2.27287,,,,,,,,,,,,0
44,1346.67,796.06,6.36487,8.17977,17.0,53.73,annealing_T=125_h=25,absent,absent,False,20.0,1256.6370614359173,annealing_T=75_h=5,v,20260524-053913,previous_detection,user_fixed_radius,user_fixed_radius,,20260903-002446,4.725304223010322,False,4.82067,0.14011,4.82067,,,,,,,,,,,,0
44,1346.67,796.06,19.7802,9.03525,19.0,53.84,annealing_T=125_h=25,absent,absent,False,20.0,1256.6370614359173,annealing_T=75_h=5,v,20260524-053913,previous_detection,user_fixed_radius,user_fixed_radius,,20260903-002446,4.725304223010322,False,0.8595,2.546,2.546,,,,,,,,,,,,0
44,1346.67,796.06,15.1882,8.91853,21.0,53.95,annealing_T=125_h=25,absent,absent,False,20.0,1256.6370614359173,annealing_T=75_h=5,v,20260524-053913,previous_detection,user_fixed_radius,user_fixed_radius,,20260903-002446,4.725304223010322,False,2.2819,1.442,2.2819,,,,,,,,,,,,0
44,1346.67,796.06,24.1736,8.87357,23.0,54.06,annealing_T=125_h=25,absent,absent,False,20.0,1256.6370614359173,annealing_T=75_h=5,v,20260524-053913,previous_detection,user_fixed_radius,user_fixed_radius,,20260903-002446,4.725304223010322,False,1.1194,2.991,2.991,,,,,,,,,,,,0
45,1401.23,766.57,234.461,9.27555,17.0,53.73,annealing_T=125_h=25,present,present,False,20.0,1256.6370614359173,annealing_T=125_h=25,v,20260903-002446,phase_detection,user_fixed_radius,user_fixed_radius,,20260903-002446,0.6440496875241921,False,2.12,6.739,6.739,0.0654864,0.00730648,0.00127906,77.354,11.751,1.28721,2,0.643607,0,3,4.55859e-06,1
45,1401.23,766.57,274.733,9.49597,19.0,53.84,annealing_T=125_h=25,present,present,False,20.0,1256.6370614359173,annealing_T=125_h=25,v,20260903-002446,phase_detection,user_fixed_radius,user_fixed_radius,,20260903-002446,0.6440496875241921,False,6.535,5.162,6.535,0.0654864,0.00730648,0.00127906,77.354,11.751,1.28721,2,0.643607,0,3,4.55859e-06,1
45,1401.23,766.57,298.405,8.97647,21.0,53.95,annealing_T=125_h=25,present,present,False,20.0,1256.6370614359173,annealing_T=125_h=25,v,20260903-002446,phase_detection,user_fixed_radius,user_fixed_radius,,20260903-002446,0.6440496875241921,False,0.334,0.357,0.357,0.0654864,0.00730648,0.00127906,77.354,11.751,1.28721,2,0.643607,0,3,4.55859e-06,1
45,1401.23,766.57,351.997,9.19047,23.0,54.06,annealing_T=125_h=25,present,present,False,20.0,1256.6370614359173,annealing_T=125_h=25,v,20260903-002446,phase_detection,user_fixed_radius,user_fixed_radius,,20260903-002446,0.6440496875241921,False,6.058,7.197,7.197,0.0654864,0.00730648,0.00127906,77.354,11.751,1.28721,2,0.643607,0,3,4.55859e-06,1
46,1464.46,877.64,27.9135,7.54091,17.0,53.73,annealing_T=125_h=25,absent,disappeared,False,20.0,1256.6370614359173,annealing_T=125_h=5,v,20260726-091723,previous_detection,user_fixed_radius,user_fixed_radius,,20260903-002446,3.7380342427538142,False,5.7826,7.0802,7.0802,,,,,,,,,,,,0
46,1464.46,877.64,28.5481,7.90538,19.0,53.84,annealing_T=125_h=25,absent,disappeared,False,20.0,1256.6370614359173,annealing_T=125_h=5,v,20260726-091723,previous_detection,user_fixed_radius,user_fixed_radius,,20260903-002446,3.7380342427538142,False,5.164,0.4059,5.164,,,,,,,,,,,,0
46,1464.46,877.64,25.6444,8.16001,21.0,53.95,annealing_T=125_h=25,absent,disappeared,False,20.0,1256.6370614359173,annealing_T=125_h=5,v,20260726-091723,previous_detection,user_fixed_radius,user_fixed_radius,,20260903-002446,3.7380342427538142,False,7.7352,2.4935,7.7352,,,,,,,,,,,,0
46,1464.46,877.64,40.7846,7.948,23.0,54.06,annealing_T=125_h=25,absent,disappeared,False,20.0,1256.6370614359173,annealing_T=125_h=5,v,20260726-091723,previous_detection,user_fixed_radius,user_fixed_radius,,20260903-002446,3.7380342427538142,False,3.2124,1.0878,3.2124,,,,,,,,,,,,0
47,1500.28,370.35,0.863802,8.26602,17.0,53.73,annealing_T=125_h=25,absent,absent,False,20.0,1256.6370614359173,annealing_T=75_h=25,v,20260604-121216,previous_detection,user_fixed_radius,user_fixed_radius,,20260903-002446,5.081899251264197,False,3.415592,4.014298,4.014298,,,,,,,,,,,,0
47,1500.28,370.35,0.124465,8.66485,19.0,53.84,annealing_T=125_h=25,absent,absent,False,20.0,1256.6370614359173,annealing_T=75_h=25,v,20260604-121216,previous_detection,user_fixed_radius,user_fixed_radius,,20260903-002446,5.081899251264197,False,2.040255,2.606935,2.606935,,,,,,,,,,,,0
47,1500.28,370.35,16.5756,8.63535,21.0,53.95,annealing_T=125_h=25,absent,absent,False,20.0,1256.6370614359173,annealing_T=75_h=25,v,20260604-121216,previous_detection,user_fixed_radius,user_fixed_radius,,20260903-002446,5.081899251264197,False,4.3549,4.9043,4.9043,,,,,,,,,,,,0
47,1500.28,370.35,7.90445,8.44183,23.0,54.06,annealing_T=125_h=25,absent,absent,False,20.0,1256.6370614359173,annealing_T=75_h=25,v,20260604-121216,previous_detection,user_fixed_radius,user_fixed_radius,,20260903-002446,5.081899251264197,False,1.94448,0.46813,1.94448,,,,,,,,,,,,0
48,1501.21,980.08,-0.634697,8.2147,17.0,53.73,annealing_T=125_h=25,absent,disappeared,False,20.0,1256.6370614359173,annealing_T=125_h=5,v,20260726-091723,previous_detection,user_fixed_radius,user_fixed_radius,,20260903-002446,2.9285662020860026,False,0.173114,6.797327,6.797327,,,,,,,,,,,,0
48,1501.21,980.08,-8.43675,8.38989,19.0,53.84,annealing_T=125_h=25,absent,disappeared,False,20.0,1256.6370614359173,annealing_T=125_h=5,v,20260726-091723,previous_detection,user_fixed_radius,user_fixed_radius,,20260903-002446,2.9285662020860026,False,0.61037,1.79675,1.79675,,,,,,,,,,,,0
48,1501.21,980.08,-4.31792,8.78235,21.0,53.95,annealing_T=125_h=25,absent,disappeared,False,20.0,1256.6370614359173,annealing_T=125_h=5,v,20260726-091723,previous_detection,user_fixed_radius,user_fixed_radius,,20260903-002446,2.9285662020860026,False,1.17932,3.57554,3.57554,,,,,,,,,,,,0
48,1501.21,980.08,-5.06938,8.49522,23.0,54.06,annealing_T=125_h=25,absent,disappeared,False,20.0,1256.6370614359173,annealing_T=125_h=5,v,20260726-091723,previous_detection,user_fixed_radius,user_fixed_radius,,20260903-002446,2.9285662020860026,False,1.14441,1.28999,1.28999,,,,,,,,,,,,0
49,1508.97,234.42,2.55971,8.11086,17.0,53.73,annealing_T=125_h=25,absent,absent,False,20.0,1256.6370614359173,annealing_T=75_h=25,v,20260604-121216,previous_detection,user_fixed_radius,user_fixed_radius,,20260903-002446,5.332063390470869,False,0.52687,0.83054,0.83054,,,,,,,,,,,,0
49,1508.97,234.42,-10.3918,8.46561,19.0,53.84,annealing_T=125_h=25,absent,absent,False,20.0,1256.6370614359173,annealing_T=75_h=25,v,20260604-121216,previous_detection,user_fixed_radius,user_fixed_radius,,20260903-002446,5.332063390470869,False,8.6623,3.051,8.6623,,,,,,,,,,,,0
49,1508.97,234.42,-0.538935,8.65567,21.0,53.95,annealing_T=125_h=25,absent,absent,False,20.0,1256.6370614359173,annealing_T=75_h=25,v,20260604-121216,previous_detection,user_fixed_radius,user_fixed_radius,,20260903-002446,5.332063390470869,False,4.277915,0.913847,4.277915,,,,,,,,,,,,0
49,1508.97,234.42,-9.00888,8.31976,23.0,54.06,annealing_T=125_h=25,absent,absent,False,20.0,1256.6370614359173,annealing_T=75_h=25,v,20260604-121216,previous_detection,user_fixed_radius,user_fixed_radius,,20260903-002446,5.332063390470869,False,1.82632,4.26516,4.26516,,,,,,,,,,,,0
50,1557.69,613.71,7.70477,7.78534,17.0,53.73,annealing_T=125_h=25,absent,absent,False,20.0,1256.6370614359173,annealing_T=75_h=25,v,20260604-121216,previous_detection,user_fixed_radius,user_fixed_radius,,20260903-002446,4.686704599182637,False,1.02462,0.37446,1.02462,,,,,,,,,,,,0
50,1557.69,613.71,7.05152,8.00838,19.0,53.84,annealing_T=125_h=25,absent,absent,False,20.0,1256.6370614359173,annealing_T=75_h=25,v,20260604-121216,previous_detection,user_fixed_radius,user_fixed_radius,,20260903-002446,4.686704599182637,False,0.47987,2.17524,2.17524,,,,,,,,,,,,0
50,1557.69,613.71,5.07069,8.22961,21.0,53.95,annealing_T=125_h=25,absent,absent,False,20.0,1256.6370614359173,annealing_T=75_h=25,v,20260604-121216,previous_detection,user_fixed_radius,user_fixed_radius,,20260903-002446,4.686704599182637,False,1.64115,0.49397,1.64115,,,,,,,,,,,,0
50,1557.69,613.71,12.0672,8.18961,23.0,54.06,annealing_T=125_h=25,absent,absent,False,20.0,1256.6370614359173,annealing_T=75_h=25,v,20260604-121216,previous_detection,user_fixed_radius,user_fixed_radius,,20260903-002446,4.686704599182637,False,0.835,0.0985,0.835,,,,,,,,,,,,0
51,1587.25,279.13,8.1948,7.95711,17.0,53.73,annealing_T=125_h=25,present,present,False,20.0,1256.6370614359173,annealing_T=125_h=25,v,20260903-002446,phase_detection,user_fixed_radius,user_fixed_radius,,20260903-002446,0.6551335741663274,False,6.73346,8.1661,8.1661,0.201133,0.0960189,0.064601,0.347277,0.723817,1.41938,2,0.70969,0,3,4.5898e-07,1
51,1587.25,279.13,12.6539,7.87995,19.0,53.84,annealing_T=125_h=25,present,present,False,20.0,1256.6370614359173,annealing_T=125_h=25,v,20260903-002446,phase_detection,user_fixed_radius,user_fixed_radius,,20260903-002446,0.6551335741663274,False,0.8227,4.7078,4.7078,0.201133,0.0960189,0.064601,0.347277,0.723817,1.41938,2,0.70969,0,3,4.5898e-07,1
51,1587.25,279.13,32.084,8.33608,21.0,53.95,annealing_T=125_h=25,present,present,False,20.0,1256.6370614359173,annealing_T=125_h=25,v,20260903-002446,phase_detection,user_fixed_radius,user_fixed_radius,,20260903-002446,0.6551335741663274,False,7.7009,1.8563,7.7009,0.201133,0.0960189,0.064601,0.347277,0.723817,1.41938,2,0.70969,0,3,4.5898e-07,1
51,1587.25,279.13,32.1113,8.53301,23.0,54.06,annealing_T=125_h=25,present,present,False,20.0,1256.6370614359173,annealing_T=125_h=25,v,20260903-002446,phase_detection,user_fixed_radius,user_fixed_radius,,20260903-002446,0.6551335741663274,False,3.6359,1.8719,3.6359,0.201133,0.0960189,0.064601,0.347277,0.723817,1.41938,2,0.70969,0,3,4.5898e-07,1
52,1629.94,86.81,94.5519,8.17246,17.0,53.73,annealing_T=125_h=25,present,reappeared,False,20.0,1256.6370614359173,annealing_T=125_h=25,v,20260903-002446,phase_detection,user_fixed_radius,user_fixed_radius,,20260903-002446,1.4831385639919954,False,6.6079,0.7474,6.6079,0.0171475,0.0178415,0.00792772,73.5969,26.386,0.785727,2,0.392864,0,3,2.58147e-06,1
52,1629.94,86.81,107.789,8.37285,19.0,53.84,annealing_T=125_h=25,present,reappeared,False,20.0,1256.6370614359173,annealing_T=125_h=25,v,20260903-002446,phase_detection,user_fixed_radius,user_fixed_radius,,20260903-002446,1.4831385639919954,False,4.042,5.608,5.608,0.0171475,0.0178415,0.00792772,73.5969,26.386,0.785727,2,0.392864,0,3,2.58147e-06,1
52,1629.94,86.81,105.885,8.70691,21.0,53.95,annealing_T=125_h=25,present,reappeared,False,20.0,1256.6370614359173,annealing_T=125_h=25,v,20260903-002446,phase_detection,user_fixed_radius,user_fixed_radius,,20260903-002446,1.4831385639919954,False,0.696,1.171,1.171,0.0171475,0.0178415,0.00792772,73.5969,26.386,0.785727,2,0.392864,0,3,2.58147e-06,1
52,1629.94,86.81,107.041,8.58174,23.0,54.06,annealing_T=125_h=25,present,reappeared,False,20.0,1256.6370614359173,annealing_T=125_h=25,v,20260903-002446,phase_detection,user_fixed_radius,user_fixed_radius,,20260903-002446,1.4831385639919954,False,2.583,1.782,2.583,0.0171475,0.0178415,0.00792772,73.5969,26.386,0.785727,2,0.392864,0,3,2.58147e-06,1
53,1684.96,915.09,171.489,8.1599,17.0,53.73,annealing_T=125_h=25,present,present,False,20.0,1256.6370614359173,annealing_T=125_h=25,v,20260903-002446,phase_detection,user_fixed_radius,user_fixed_radius,,20260903-002446,1.391869246732668,False,5.035,2.356,5.035,0.0463471,0.0118661,0.00556323,67.3466,16.3638,25.9922,2,12.9961,0,3,2.12794e-07,1
53,1684.96,915.09,137.795,8.47538,19.0,53.84,annealing_T=125_h=25,present,present,False,20.0,1256.6370614359173,annealing_T=125_h=25,v,20260903-002446,phase_detection,user_fixed_radius,user_fixed_radius,,20260903-002446,1.391869246732668,False,1.867,0.476,1.867,0.0463471,0.0118661,0.00556323,67.3466,16.3638,25.9922,2,12.9961,0,3,2.12794e-07,1
53,1684.96,915.09,159.441,8.66511,21.0,53.95,annealing_T=125_h=25,present,present,False,20.0,1256.6370614359173,annealing_T=125_h=25,v,20260903-002446,phase_detection,user_fixed_radius,user_fixed_radius,,20260903-002446,1.391869246732668,False,1.132,2.195,2.195,0.0463471,0.0118661,0.00556323,67.3466,16.3638,25.9922,2,12.9961,0,3,2.12794e-07,1
53,1684.96,915.09,214.094,8.65978,23.0,54.06,annealing_T=125_h=25,present,present,False,20.0,1256.6370614359173,annealing_T=125_h=25,v,20260903-002446,phase_detection,user_fixed_radius,user_fixed_radius,,20260903-002446,1.391869246732668,False,1.35,2.034,2.034,0.0463471,0.0118661,0.00556323,67.3466,16.3638,25.9922,2,12.9961,0,3,2.12794e-07,1
54,1709.5,453.08,-8.78341,7.76569,17.0,53.73,annealing_T=125_h=25,absent,absent,False,20.0,1256.6370614359173,annealing_T=75_h=25,v,20260604-121216,previous_detection,user_fixed_radius,user_fixed_radius,,20260903-002446,6.5416358810315725,False,3.52849,1.03506,3.52849,,,,,,,,,,,,0
54,1709.5,453.08,-3.5909,7.91041,19.0,53.84,annealing_T=125_h=25,absent,absent,False,20.0,1256.6370614359173,annealing_T=75_h=25,v,20260604-121216,previous_detection,user_fixed_radius,user_fixed_radius,,20260903-002446,6.5416358810315725,False,6.36406,2.634489,6.36406,,,,,,,,,,,,0
54,1709.5,453.08,-3.21476,7.95397,21.0,53.95,annealing_T=125_h=25,absent,absent,False,20.0,1256.6370614359173,annealing_T=75_h=25,v,20260604-121216,previous_detection,user_fixed_radius,user_fixed_radius,,20260903-002446,6.5416358810315725,False,1.2653,3.72944,3.72944,,,,,,,,,,,,0
54,1709.5,453.08,6.79076,7.94768,23.0,54.06,annealing_T=125_h=25,absent,absent,False,20.0,1256.6370614359173,annealing_T=75_h=25,v,20260604-121216,previous_detection,user_fixed_radius,user_fixed_radius,,20260903-002446,6.5416358810315725,False,4.87407,2.36477,4.87407,,,,,,,,,,,,0
55,1712.99,379.52,-10.4105,7.66175,17.0,53.73,annealing_T=125_h=25,absent,absent,False,20.0,1256.6370614359173,annealing_T=75_h=25,v,20260604-121216,previous_detection,user_fixed_radius,user_fixed_radius,,20260903-002446,6.060965269657963,False,5.8317,4.60874,5.8317,,,,,,,,,,,,0
55,1712.99,379.52,7.69999,7.93811,19.0,53.84,annealing_T=125_h=25,absent,absent,False,20.0,1256.6370614359173,annealing_T=75_h=25,v,20260604-121216,previous_detection,user_fixed_radius,user_fixed_radius,,20260903-002446,6.060965269657963,False,8.370153,4.59211,8.370153,,,,,,,,,,,,0
55,1712.99,379.52,6.30901,8.05796,21.0,53.95,annealing_T=125_h=25,absent,absent,False,20.0,1256.6370614359173,annealing_T=75_h=25,v,20260604-121216,previous_detection,user_fixed_radius,user_fixed_radius,,20260903-002446,6.060965269657963,False,2.22533,1.12715,2.22533,,,,,,,,,,,,0
55,1712.99,379.52,2.07749,7.95916,23.0,54.06,annealing_T=125_h=25,absent,absent,False,20.0,1256.6370614359173,annealing_T=75_h=25,v,20260604-121216,previous_detection,user_fixed_radius,user_fixed_radius,,20260903-002446,6.060965269657963,False,8.92749,0.28839,8.92749,,,,,,,,,,,,0
56,1756.58,208.02,-4.23072,7.63148,17.0,53.73,annealing_T=125_h=25,absent,absent,False,20.0,1256.6370614359173,annealing_T=75_h=25,v,20260604-121216,previous_detection,user_fixed_radius,user_fixed_radius,,20260903-002446,6.744835060992911,False,0.99557,3.74711,3.74711,,,,,,,,,,,,0
56,1756.58,208.02,-0.504038,8.00599,19.0,53.84,annealing_T=125_h=25,absent,absent,False,20.0,1256.6370614359173,annealing_T=75_h=25,v,20260604-121216,previous_detection,user_fixed_radius,user_fixed_radius,,20260903-002446,6.744835060992911,False,6.667372,1.776758,6.667372,,,,,,,,,,,,0
56,1756.58,208.02,1.35819,8.08248,21.0,53.95,annealing_T=125_h=25,absent,absent,False,20.0,1256.6370614359173,annealing_T=75_h=25,v,20260604-121216,previous_detection,user_fixed_radius,user_fixed_radius,,20260903-002446,6.744835060992911,False,2.04765,2.46673,2.46673,,,,,,,,,,,,0
56,1756.58,208.02,3.46144,7.93828,23.0,54.06,annealing_T=125_h=25,absent,absent,False,20.0,1256.6370614359173,annealing_T=75_h=25,v,20260604-121216,previous_detection,user_fixed_radius,user_fixed_radius,,20260903-002446,6.744835060992911,False,6.30034,1.75677,6.30034,,,,,,,,,,,,0
57,1811.5,646.29,8.11297,8.22764,17.0,53.73,annealing_T=125_h=25,absent,never_detected_in_condition,False,20.0,1256.6370614359173,before_annealing,T,20260516-064844,cross_constant_fallback,user_fixed_radius,user_fixed_radius,,20260903-002446,0.0,True,1.97843,0.05583,1.97843,,,,,,,,,,,,0
57,1811.5,646.29,5.46914,8.47436,19.0,53.84,annealing_T=125_h=25,absent,never_detected_in_condition,False,20.0,1256.6370614359173,before_annealing,T,20260516-064844,cross_constant_fallback,user_fixed_radius,user_fixed_radius,,20260903-002446,0.0,True,3.5049,2.24916,3.5049,,,,,,,,,,,,0
57,1811.5,646.29,0.93119,8.76725,21.0,53.95,annealing_T=125_h=25,absent,never_detected_in_condition,False,20.0,1256.6370614359173,before_annealing,T,20260516-064844,cross_constant_fallback,user_fixed_radius,user_fixed_radius,,20260903-002446,0.0,True,3.47096,4.35748,4.35748,,,,,,,,,,,,0
57,1811.5,646.29,12.0779,8.44029,23.0,54.06,annealing_T=125_h=25,absent,never_detected_in_condition,False,20.0,1256.6370614359173,before_annealing,T,20260516-064844,cross_constant_fallback,user_fixed_radius,user_fixed_radius,,20260903-002446,0.0,True,0.7267,0.7935,0.7935,,,,,,,,,,,,0
58,1816.36,137.96,0.0732347,7.48441,17.0,53.73,annealing_T=125_h=25,absent,disappeared,False,20.0,1256.6370614359173,annealing_T=125_h=5,v,20260726-091723,previous_detection,user_fixed_radius,user_fixed_radius,,20260903-002446,5.4626458790589005,False,3.1460847,6.6743153,6.6743153,,,,,,,,,,,,0
58,1816.36,137.96,8.68458,7.61126,19.0,53.84,annealing_T=125_h=25,absent,disappeared,False,20.0,1256.6370614359173,annealing_T=125_h=5,v,20260726-091723,previous_detection,user_fixed_radius,user_fixed_radius,,20260903-002446,5.4626458790589005,False,2.21787,2.77642,2.77642,,,,,,,,,,,,0
58,1816.36,137.96,14.3094,8.11783,21.0,53.95,annealing_T=125_h=25,absent,disappeared,False,20.0,1256.6370614359173,annealing_T=125_h=5,v,20260726-091723,previous_detection,user_fixed_radius,user_fixed_radius,,20260903-002446,5.4626458790589005,False,0.9878,5.1106,5.1106,,,,,,,,,,,,0
58,1816.36,137.96,10.2447,8.07101,23.0,54.06,annealing_T=125_h=25,absent,disappeared,False,20.0,1256.6370614359173,annealing_T=125_h=5,v,20260726-091723,previous_detection,user_fixed_radius,user_fixed_radius,,20260903-002446,5.4626458790589005,False,4.57213,2.1295,4.57213,,,,,,,,,,,,0
59,1818.06,994.03,13.8978,8.49693,17.0,53.73,annealing_T=125_h=25,absent,absent,False,20.0,1256.6370614359173,annealing_T=75_h=25,v,20260604-121216,previous_detection,user_fixed_radius,user_fixed_radius,,20260903-002446,7.245660770419793,False,0.7462,3.3544,3.3544,,,,,,,,,,,,0
59,1818.06,994.03,12.7866,8.60413,19.0,53.84,annealing_T=125_h=25,absent,absent,False,20.0,1256.6370614359173,annealing_T=75_h=25,v,20260604-121216,previous_detection,user_fixed_radius,user_fixed_radius,,20260903-002446,7.245660770419793,False,3.43757,2.6554,3.43757,,,,,,,,,,,,0
59,1818.06,994.03,18.1129,8.91043,21.0,53.95,annealing_T=125_h=25,absent,absent,False,20.0,1256.6370614359173,annealing_T=75_h=25,v,20260604-121216,previous_detection,user_fixed_radius,user_fixed_radius,,20260903-002446,7.245660770419793,False,2.8538,0.4813,2.8538,,,,,,,,,,,,0
59,1818.06,994.03,18.5364,8.77185,23.0,54.06,annealing_T=125_h=25,absent,absent,False,20.0,1256.6370614359173,annealing_T=75_h=25,v,20260604-121216,previous_detection,user_fixed_radius,user_fixed_radius,,20260903-002446,7.245660770419793,False,10.03409,6.0369,10.03409,,,,,,,,,,,,0
60,1833.69,273.22,110.261,7.88036,17.0,53.73,annealing_T=125_h=25,present,present,False,20.0,1256.6370614359173,annealing_T=125_h=25,v,20260903-002446,phase_detection,user_fixed_radius,user_fixed_radius,,20260903-002446,2.22272355456101,False,3.354,2.646,3.354,0.058692,0.0141518,0.00861689,40.2817,11.7435,0.0489045,2,0.0244522,0,3,7.38202e-09,1
60,1833.69,273.22,121.806,8.19301,19.0,53.84,annealing_T=125_h=25,present,present,False,20.0,1256.6370614359173,annealing_T=125_h=25,v,20260903-002446,phase_detection,user_fixed_radius,user_fixed_radius,,20260903-002446,2.22272355456101,False,0.756,1.105,1.105,0.058692,0.0141518,0.00861689,40.2817,11.7435,0.0489045,2,0.0244522,0,3,7.38202e-09,1
60,1833.69,273.22,137.391,8.53723,21.0,53.95,annealing_T=125_h=25,present,present,False,20.0,1256.6370614359173,annealing_T=125_h=25,v,20260903-002446,phase_detection,user_fixed_radius,user_fixed_radius,,20260903-002446,2.22272355456101,False,2.611,2.959,2.959,0.058692,0.0141518,0.00861689,40.2817,11.7435,0.0489045,2,0.0244522,0,3,7.38202e-09,1
60,1833.69,273.22,156.121,8.48943,23.0,54.06,annealing_T=125_h=25,present,present,False,20.0,1256.6370614359173,annealing_T=125_h=25,v,20260903-002446,phase_detection,user_fixed_radius,user_fixed_radius,,20260903-002446,2.22272355456101,False,4.359,1.611,4.359,0.058692,0.0141518,0.00861689,40.2817,11.7435,0.0489045,2,0.0244522,0,3,7.38202e-09,1
61,1841.29,812.51,46.3619,8.30263,17.0,53.73,annealing_T=125_h=25,present,present,False,20.0,1256.6370614359173,annealing_T=125_h=25,v,20260903-002446,phase_detection,user_fixed_radius,user_fixed_radius,,20260903-002446,1.4650938536489122,False,2.1547,0.1757,2.1547,-0.0111757,0.0399811,0.0174732,62.5361,49.6049,9.03041,2,4.5152,0,3,2.60314e-09,1
61,1841.29,812.51,67.3,8.52777,19.0,53.84,annealing_T=125_h=25,present,present,False,20.0,1256.6370614359173,annealing_T=125_h=25,v,20260903-002446,phase_detection,user_fixed_radius,user_fixed_radius,,20260903-002446,1.4650938536489122,False,4.6184,4.3697,4.6184,-0.0111757,0.0399811,0.0174732,62.5361,49.6049,9.03041,2,4.5152,0,3,2.60314e-09,1
61,1841.29,812.51,30.4589,9.15224,21.0,53.95,annealing_T=125_h=25,present,present,False,20.0,1256.6370614359173,annealing_T=125_h=25,v,20260903-002446,phase_detection,user_fixed_radius,user_fixed_radius,,20260903-002446,1.4650938536489122,False,2.3123,2.8669,2.8669,-0.0111757,0.0399811,0.0174732,62.5361,49.6049,9.03041,2,4.5152,0,3,2.60314e-09,1
61,1841.29,812.51,54.5309,9.10445,23.0,54.06,annealing_T=125_h=25,present,present,False,20.0,1256.6370614359173,annealing_T=125_h=25,v,20260903-002446,phase_detection,user_fixed_radius,user_fixed_radius,,20260903-002446,1.4650938536489122,False,8.2514,3.3375,8.2514,-0.0111757,0.0399811,0.0174732,62.5361,49.6049,9.03041,2,4.5152,0,3,2.60314e-09,1
62,118.21,98.99,1.90651,8.35245,17.0,53.73,annealing_T=125_h=25,absent,absent,False,20.0,1256.6370614359173,before_annealing,v,20260517-060022,previous_detection,user_fixed_radius,user_fixed_radius,,20260903-002446,,False,0.51327,4.06737,4.06737,,,,,,,,,,,,0
62,118.21,98.99,7.93537,8.6576,19.0,53.84,annealing_T=125_h=25,absent,absent,False,20.0,1256.6370614359173,before_annealing,v,20260517-060022,previous_detection,user_fixed_radius,user_fixed_radius,,20260903-002446,,False,3.61081,1.9028,3.61081,,,,,,,,,,,,0
62,118.21,98.99,9.6765,8.72587,21.0,53.95,annealing_T=125_h=25,absent,absent,False,20.0,1256.6370614359173,before_annealing,v,20260517-060022,previous_detection,user_fixed_radius,user_fixed_radius,,20260903-002446,,False,2.07652,3.06704,3.06704,,,,,,,,,,,,0
62,118.21,98.99,16.2534,8.51043,23.0,54.06,annealing_T=125_h=25,absent,absent,False,20.0,1256.6370614359173,before_annealing,v,20260517-060022,previous_detection,user_fixed_radius,user_fixed_radius,,20260903-002446,,False,2.5225,2.8167,2.8167,,,,,,,,,,,,0
63,452.53,608.01,2492.97,8.30079,17.0,53.73,annealing_T=125_h=25,absent,disappeared,False,20.0,1256.6370614359173,annealing_T=125_h=5,v,20260726-091723,previous_detection,user_fixed_radius,user_fixed_radius,,20260903-002446,2.563298656028997,False,37.88,54.9,54.9,,,,,,,,,,,,0
63,452.53,608.01,2510.42,9.24834,19.0,53.84,annealing_T=125_h=25,absent,disappeared,False,20.0,1256.6370614359173,annealing_T=125_h=5,v,20260726-091723,previous_detection,user_fixed_radius,user_fixed_radius,,20260903-002446,2.563298656028997,False,33.68,60.21,60.21,,,,,,,,,,,,0
63,452.53,608.01,2710.03,9.15628,21.0,53.95,annealing_T=125_h=25,absent,disappeared,False,20.0,1256.6370614359173,annealing_T=125_h=5,v,20260726-091723,previous_detection,user_fixed_radius,user_fixed_radius,,20260903-002446,2.563298656028997,False,47.7,58.42,58.42,,,,,,,,,,,,0
63,452.53,608.01,3058.19,9.459,23.0,54.06,annealing_T=125_h=25,absent,disappeared,False,20.0,1256.6370614359173,annealing_T=125_h=5,v,20260726-091723,previous_detection,user_fixed_radius,user_fixed_radius,,20260903-002446,2.563298656028997,False,54.46,68.51,68.51,,,,,,,,,,,,0
64,462.5,405.15,14.5537,7.72568,17.0,53.73,annealing_T=125_h=25,absent,absent,False,20.0,1256.6370614359173,before_annealing,v,20260517-060022,previous_detection,user_fixed_radius,user_fixed_radius,,20260903-002446,,False,10.0399,0.7546,10.0399,,,,,,,,,,,,0
64,462.5,405.15,3.57357,7.95597,19.0,53.84,annealing_T=125_h=25,absent,absent,False,20.0,1256.6370614359173,before_annealing,v,20260517-060022,previous_detection,user_fixed_radius,user_fixed_radius,,20260903-002446,,False,7.38831,10.85013,10.85013,,,,,,,,,,,,0
64,462.5,405.15,21.9779,8.21215,21.0,53.95,annealing_T=125_h=25,absent,absent,False,20.0,1256.6370614359173,before_annealing,v,20260517-060022,previous_detection,user_fixed_radius,user_fixed_radius,,20260903-002446,,False,2.6868,1.6205,2.6868,,,,,,,,,,,,0
64,462.5,405.15,23.1423,8.02764,23.0,54.06,annealing_T=125_h=25,absent,absent,False,20.0,1256.6370614359173,before_annealing,v,20260517-060022,previous_detection,user_fixed_radius,user_fixed_radius,,20260903-002446,,False,8.1882,3.3011,8.1882,,,,,,,,,,,,0
65,503.62,522.33,773.766,7.81226,17.0,53.73,annealing_T=125_h=25,present,present,False,20.0,1256.6370614359173,annealing_T=125_h=25,v,20260903-002446,phase_detection,user_fixed_radius,user_fixed_radius,,20260903-002446,1.453822547630904,False,12.052,8.046,12.052,-0.0970335,0.00296012,0.000246186,4294.82,242.83,617.096,2,308.548,0,3,9.55092e-09,1
65,503.62,522.33,836.222,8.31703,19.0,53.84,annealing_T=125_h=25,present,present,False,20.0,1256.6370614359173,annealing_T=125_h=25,v,20260903-002446,phase_detection,user_fixed_radius,user_fixed_radius,,20260903-002446,1.453822547630904,False,0.613,13.09,13.09,-0.0970335,0.00296012,0.000246186,4294.82,242.83,617.096,2,308.548,0,3,9.55092e-09,1
65,503.62,522.33,440.001,8.21938,21.0,53.95,annealing_T=125_h=25,present,present,False,20.0,1256.6370614359173,annealing_T=125_h=25,v,20260903-002446,phase_detection,user_fixed_radius,user_fixed_radius,,20260903-002446,1.453822547630904,False,4.025,4.848,4.848,-0.0970335,0.00296012,0.000246186,4294.82,242.83,617.096,2,308.548,0,3,9.55092e-09,1
65,503.62,522.33,482.858,8.23841,23.0,54.06,annealing_T=125_h=25,present,present,False,20.0,1256.6370614359173,annealing_T=125_h=25,v,20260903-002446,phase_detection,user_fixed_radius,user_fixed_radius,,20260903-002446,1.453822547630904,False,10.652,5.011,10.652,-0.0970335,0.00296012,0.000246186,4294.82,242.83,617.096,2,308.548,0,3,9.55092e-09,1
66,591.06,233.28,-5.11094,7.91247,17.0,53.73,annealing_T=125_h=25,absent,absent,False,20.0,1256.6370614359173,annealing_T=75_h=25,v,20260604-121216,previous_detection,user_fixed_radius,user_fixed_radius,,20260903-002446,2.308679276122973,False,9.23066,7.689,9.23066,,,,,,,,,,,,0
66,591.06,233.28,-7.86121,8.13035,19.0,53.84,annealing_T=125_h=25,absent,absent,False,20.0,1256.6370614359173,annealing_T=75_h=25,v,20260604-121216,previous_detection,user_fixed_radius,user_fixed_radius,,20260903-002446,2.308679276122973,False,1.86576,2.21588,2.21588,,,,,,,,,,,,0
66,591.06,233.28,-3.97124,8.24444,21.0,53.95,annealing_T=125_h=25,absent,absent,False,20.0,1256.6370614359173,annealing_T=75_h=25,v,20260604-121216,previous_detection,user_fixed_radius,user_fixed_radius,,20260903-002446,2.308679276122973,False,14.24864,0.38292,14.24864,,,,,,,,,,,,0
66,591.06,233.28,14.5838,8.19099,23.0,54.06,annealing_T=125_h=25,absent,absent,False,20.0,1256.6370614359173,annealing_T=75_h=25,v,20260604-121216,previous_detection,user_fixed_radius,user_fixed_radius,,20260903-002446,2.308679276122973,False,1.9055,1.7203,1.9055,,,,,,,,,,,,0
67,983.91,928.19,6.52249,8.20323,17.0,53.73,annealing_T=125_h=25,absent,absent,False,20.0,1256.6370614359173,annealing_T=75_h=25,v,20260604-121216,previous_detection,user_fixed_radius,user_fixed_radius,,20260903-002446,1.6120794025108511,False,2.56377,0.12977,2.56377,,,,,,,,,,,,0
67,983.91,928.19,0.0744164,8.19061,19.0,53.84,annealing_T=125_h=25,absent,absent,False,20.0,1256.6370614359173,annealing_T=75_h=25,v,20260604-121216,previous_detection,user_fixed_radius,user_fixed_radius,,20260903-002446,1.6120794025108511,False,1.3585636,7.1985836,7.1985836,,,,,,,,,,,,0
67,983.91,928.19,1.76838,8.49905,21.0,53.95,annealing_T=125_h=25,absent,absent,False,20.0,1256.6370614359173,annealing_T=75_h=25,v,20260604-121216,previous_detection,user_fixed_radius,user_fixed_radius,,20260903-002446,1.6120794025108511,False,3.25328,5.00589,5.00589,,,,,,,,,,,,0
67,983.91,928.19,13.9291,8.41008,23.0,54.06,annealing_T=125_h=25,absent,absent,False,20.0,1256.6370614359173,annealing_T=75_h=25,v,20260604-121216,previous_detection,user_fixed_radius,user_fixed_radius,,20260903-002446,1.6120794025108511,False,5.74926,1.2819,5.74926,,,,,,,,,,,,0
68,1201.78,202.06,6.53507,7.97064,17.0,53.73,annealing_T=125_h=25,present,present,False,20.0,1256.6370614359173,annealing_T=125_h=25,v,20260903-002446,phase_detection,user_fixed_radius,user_fixed_radius,,20260903-002446,2.0306649157357657,False,3.14347,3.23959,3.23959,0.130762,0.0860062,0.0368299,1.48715,2.7202,2.07043,2,1.03522,0,3,4.57995e-06,1
68,1201.78,202.06,22.3272,8.06919,19.0,53.84,annealing_T=125_h=25,present,present,False,20.0,1256.6370614359173,annealing_T=125_h=25,v,20260903-002446,phase_detection,user_fixed_radius,user_fixed_radius,,20260903-002446,2.0306649157357657,False,1.2629,1.2533,1.2629,0.130762,0.0860062,0.0368299,1.48715,2.7202,2.07043,2,1.03522,0,3,4.57995e-06,1
68,1201.78,202.06,30.1216,8.51681,21.0,53.95,annealing_T=125_h=25,present,present,False,20.0,1256.6370614359173,annealing_T=125_h=25,v,20260903-002446,phase_detection,user_fixed_radius,user_fixed_radius,,20260903-002446,2.0306649157357657,False,0.4073,3.6134,3.6134,0.130762,0.0860062,0.0368299,1.48715,2.7202,2.07043,2,1.03522,0,3,4.57995e-06,1
68,1201.78,202.06,25.6608,8.39351,23.0,54.06,annealing_T=125_h=25,present,present,False,20.0,1256.6370614359173,annealing_T=125_h=25,v,20260903-002446,phase_detection,user_fixed_radius,user_fixed_radius,,20260903-002446,2.0306649157357657,False,3.9355,1.4361,3.9355,0.130762,0.0860062,0.0368299,1.48715,2.7202,2.07043,2,1.03522,0,3,4.57995e-06,1
69,1643.05,352.35,6.62223,8.5294,17.0,53.73,annealing_T=125_h=25,absent,absent,False,20.0,1256.6370614359173,annealing_T=75_h=25,v,20260604-121216,previous_detection,user_fixed_radius,user_fixed_radius,,20260903-002446,2.8385383562671125,False,1.3389,0.65238,1.3389,,,,,,,,,,,,0
69,1643.05,352.35,8.76313,8.70177,19.0,53.84,annealing_T=125_h=25,absent,absent,False,20.0,1256.6370614359173,annealing_T=75_h=25,v,20260604-121216,previous_detection,user_fixed_radius,user_fixed_radius,,20260903-002446,2.8385383562671125,False,2.11356,1.4156,2.11356,,,,,,,,,,,,0
69,1643.05,352.35,-2.11559,8.88686,21.0,53.95,annealing_T=125_h=25,absent,absent,False,20.0,1256.6370614359173,annealing_T=75_h=25,v,20260604-121216,previous_detection,user_fixed_radius,user_fixed_radius,,20260903-002446,2.8385383562671125,False,0.46823,2.243798,2.243798,,,,,,,,,,,,0
69,1643.05,352.35,1.72953,8.72994,23.0,54.06,annealing_T=125_h=25,absent,absent,False,20.0,1256.6370614359173,annealing_T=75_h=25,v,20260604-121216,previous_detection,user_fixed_radius,user_fixed_radius,,20260903-002446,2.8385383562671125,False,2.44856,1.72569,2.44856,,,,,,,,,,,,0
70,149.52,607.4,411.163,8.28727,17.0,53.73,annealing_T=125_h=25,present,reappeared,False,20.0,1256.6370614359173,annealing_T=125_h=25,v,20260903-002446,phase_detection,user_fixed_radius,user_fixed_radius,,20260903-002446,2.1630071659612713,False,6.875,13.078,13.078,-0.0258231,0.0046029,0.00223296,690.844,62.6587,189.619,2,94.8093,0,3,2.02975e-07,1
70,149.52,607.4,440.749,8.56929,19.0,53.84,annealing_T=125_h=25,present,reappeared,False,20.0,1256.6370614359173,annealing_T=125_h=25,v,20260903-002446,phase_detection,user_fixed_radius,user_fixed_radius,,20260903-002446,2.1630071659612713,False,5.774,7.887,7.887,-0.0258231,0.0046029,0.00223296,690.844,62.6587,189.619,2,94.8093,0,3,2.02975e-07,1
70,149.52,607.4,487.634,8.65777,21.0,53.95,annealing_T=125_h=25,present,reappeared,False,20.0,1256.6370614359173,annealing_T=125_h=25,v,20260903-002446,phase_detection,user_fixed_radius,user_fixed_radius,,20260903-002446,2.1630071659612713,False,15.565,11.936,15.565,-0.0258231,0.0046029,0.00223296,690.844,62.6587,189.619,2,94.8093,0,3,2.02975e-07,1
70,149.52,607.4,303.566,9.33074,23.0,54.06,annealing_T=125_h=25,present,reappeared,False,20.0,1256.6370614359173,annealing_T=125_h=25,v,20260903-002446,phase_detection,user_fixed_radius,user_fixed_radius,,20260903-002446,2.1630071659612713,False,1.761,9.472,9.472,-0.0258231,0.0046029,0.00223296,690.844,62.6587,189.619,2,94.8093,0,3,2.02975e-07,1
71,150.27,226.61,-7.82481,8.2976,17.0,53.73,annealing_T=125_h=25,absent,absent,False,20.0,1256.6370614359173,annealing_T=75_h=5,v,20260524-053913,previous_detection,user_fixed_radius,user_fixed_radius,,20260903-002446,0.7473285756613424,False,2.06883,2.29046,2.29046,,,,,,,,,,,,0
71,150.27,226.61,1.04322,8.50505,19.0,53.84,annealing_T=125_h=25,absent,absent,False,20.0,1256.6370614359173,annealing_T=75_h=5,v,20260524-053913,previous_detection,user_fixed_radius,user_fixed_radius,,20260903-002446,0.7473285756613424,False,2.98008,0.34109,2.98008,,,,,,,,,,,,0
71,150.27,226.61,-8.26005,8.66097,21.0,53.95,annealing_T=125_h=25,absent,absent,False,20.0,1256.6370614359173,annealing_T=75_h=5,v,20260524-053913,previous_detection,user_fixed_radius,user_fixed_radius,,20260903-002446,0.7473285756613424,False,1.03207,1.20404,1.20404,,,,,,,,,,,,0
71,150.27,226.61,19.1357,8.42395,23.0,54.06,annealing_T=125_h=25,absent,absent,False,20.0,1256.6370614359173,annealing_T=75_h=5,v,20260524-053913,previous_detection,user_fixed_radius,user_fixed_radius,,20260903-002446,0.7473285756613424,False,4.6221,7.3599,7.3599,,,,,,,,,,,,0
72,1779.75,616.3,-10.6708,7.58269,17.0,53.73,annealing_T=125_h=25,absent,never_detected_in_condition,False,20.0,1256.6370614359173,annealing_T=75_h=5,T,20260523-062735,cross_constant_fallback,user_fixed_radius,user_fixed_radius,,20260903-002446,,True,2.46847,2.40572,2.46847,,,,,,,,,,,,0
72,1779.75,616.3,6.89171,7.94098,19.0,53.84,annealing_T=125_h=25,absent,never_detected_in_condition,False,20.0,1256.6370614359173,annealing_T=75_h=5,T,20260523-062735,cross_constant_fallback,user_fixed_radius,user_fixed_radius,,20260903-002446,,True,6.522807,7.604646,7.604646,,,,,,,,,,,,0
72,1779.75,616.3,3.89595,8.01856,21.0,53.95,annealing_T=125_h=25,absent,never_detected_in_condition,False,20.0,1256.6370614359173,annealing_T=75_h=5,T,20260523-062735,cross_constant_fallback,user_fixed_radius,user_fixed_radius,,20260903-002446,,True,1.3372,0.57943,1.3372,,,,,,,,,,,,0
72,1779.75,616.3,6.23242,8.00559,23.0,54.06,annealing_T=125_h=25,absent,never_detected_in_condition,False,20.0,1256.6370614359173,annealing_T=75_h=5,T,20260523-062735,cross_constant_fallback,user_fixed_radius,user_fixed_radius,,20260903-002446,,True,0.70266,4.6723,4.6723,,,,,,,,,,,,0
73,1108.79,383.87,-7.38813,9.22608,17.0,53.73,annealing_T=125_h=25,absent,absent,False,20.0,1256.6370614359173,annealing_T=75_h=5,v,20260524-053913,previous_detection,user_fixed_radius,user_fixed_radius,,20260903-002446,,False,1.94268,1.84605,1.94268,,,,,,,,,,,,0
73,1108.79,383.87,4.51443,9.35608,19.0,53.84,annealing_T=125_h=25,absent,absent,False,20.0,1256.6370614359173,annealing_T=75_h=5,v,20260524-053913,previous_detection,user_fixed_radius,user_fixed_radius,,20260903-002446,,False,6.34231,0.8397,6.34231,,,,,,,,,,,,0
73,1108.79,383.87,-2.50141,9.30791,21.0,53.95,annealing_T=125_h=25,absent,absent,False,20.0,1256.6370614359173,annealing_T=75_h=5,v,20260524-053913,previous_detection,user_fixed_radius,user_fixed_radius,,20260903-002446,,False,0.06064,1.91149,1.91149,,,,,,,,,,,,0
73,1108.79,383.87,-1.88678,9.93042,23.0,54.06,annealing_T=125_h=25,absent,absent,False,20.0,1256.6370614359173,annealing_T=75_h=5,v,20260524-053913,previous_detection,user_fixed_radius,user_fixed_radius,,20260903-002446,,False,0.70965,2.621104,2.621104,,,,,,,,,,,,0
74,791.89,459.69,16.2618,7.68526,17.0,53.73,annealing_T=125_h=25,present,present,False,20.0,1256.6370614359173,annealing_T=125_h=25,v,20260903-002446,phase_detection,user_fixed_radius,user_fixed_radius,,20260903-002446,0.7705841939723201,False,2.1623,8.0117,8.0117,0.168987,0.0524551,0.0367863,1.17938,1.33356,2.07828,2,1.03914,0,3,1.40172e-05,1
74,791.89,459.69,37.8924,7.75833,19.0,53.84,annealing_T=125_h=25,present,present,False,20.0,1256.6370614359173,annealing_T=125_h=25,v,20260903-002446,phase_detection,user_fixed_radius,user_fixed_radius,,20260903-002446,0.7705841939723201,False,6.0601,0.7371,6.0601,0.168987,0.0524551,0.0367863,1.17938,1.33356,2.07828,2,1.03914,0,3,1.40172e-05,1
74,791.89,459.69,35.5794,7.98642,21.0,53.95,annealing_T=125_h=25,present,present,False,20.0,1256.6370614359173,annealing_T=125_h=25,v,20260903-002446,phase_detection,user_fixed_radius,user_fixed_radius,,20260903-002446,0.7705841939723201,False,1.8807,2.9744,2.9744,0.168987,0.0524551,0.0367863,1.17938,1.33356,2.07828,2,1.03914,0,3,1.40172e-05,1
74,791.89,459.69,58.5196,7.91026,23.0,54.06,annealing_T=125_h=25,present,present,False,20.0,1256.6370614359173,annealing_T=125_h=25,v,20260903-002446,phase_detection,user_fixed_radius,user_fixed_radius,,20260903-002446,0.7705841939723201,False,6.2829,0.957,6.2829,0.168987,0.0524551,0.0367863,1.17938,1.33356,2.07828,2,1.03914,0,3,1.40172e-05,1
75,1097.82,255.82,-17.1588,8.9543,17.0,53.73,annealing_T=125_h=25,absent,absent,False,20.0,1256.6370614359173,annealing_T=75_h=25,v,20260604-121216,previous_detection,user_fixed_radius,user_fixed_radius,,20260903-002446,0.7798717843338062,False,1.932,3.146,3.146,,,,,,,,,,,,0
75,1097.82,255.82,-4.39777,9.70992,19.0,53.84,annealing_T=125_h=25,absent,absent,False,20.0,1256.6370614359173,annealing_T=75_h=25,v,20260604-121216,previous_detection,user_fixed_radius,user_fixed_radius,,20260903-002446,0.7798717843338062,False,0.61796,4.556167,4.556167,,,,,,,,,,,,0
75,1097.82,255.82,-0.656096,9.92169,21.0,53.95,annealing_T=125_h=25,absent,absent,False,20.0,1256.6370614359173,annealing_T=75_h=25,v,20260604-121216,previous_detection,user_fixed_radius,user_fixed_radius,,20260903-002446,0.7798717843338062,False,2.071044,1.731706,2.071044,,,,,,,,,,,,0
75,1097.82,255.82,-1.80395,10.5136,23.0,54.06,annealing_T=125_h=25,absent,absent,False,20.0,1256.6370614359173,annealing_T=75_h=25,v,20260604-121216,previous_detection,user_fixed_radius,user_fixed_radius,,20260903-002446,0.7798717843338062,False,6.65877,1.311697,6.65877,,,,,,,,,,,,0
76,1146.31,633.24,-3.40955,7.61326,17.0,53.73,annealing_T=125_h=25,absent,absent,False,20.0,1256.6370614359173,annealing_T=75_h=25,v,20260604-121216,previous_detection,user_fixed_radius,user_fixed_radius,,20260903-002446,0.7406078584513154,False,3.107821,1.86123,3.107821,,,,,,,,,,,,0
76,1146.31,633.24,19.0387,7.74549,19.0,53.84,annealing_T=125_h=25,absent,absent,False,20.0,1256.6370614359173,annealing_T=75_h=25,v,20260604-121216,previous_detection,user_fixed_radius,user_fixed_radius,,20260903-002446,0.7406078584513154,False,0.7311,5.6069,5.6069,,,,,,,,,,,,0
76,1146.31,633.24,1.75609,7.99686,21.0,53.95,annealing_T=125_h=25,absent,absent,False,20.0,1256.6370614359173,annealing_T=75_h=25,v,20260604-121216,previous_detection,user_fixed_radius,user_fixed_radius,,20260903-002446,0.7406078584513154,False,0.23031,0.11792,0.23031,,,,,,,,,,,,0
76,1146.31,633.24,5.75481,7.77833,23.0,54.06,annealing_T=125_h=25,absent,absent,False,20.0,1256.6370614359173,annealing_T=75_h=25,v,20260604-121216,previous_detection,user_fixed_radius,user_fixed_radius,,20260903-002446,0.7406078584513154,False,0.81203,0.7725,0.81203,,,,,,,,,,,,0
77,1384.67,429.56,1.24488,7.6674,17.0,53.73,annealing_T=125_h=25,absent,absent,False,20.0,1256.6370614359173,annealing_T=75_h=25,v,20260604-121216,previous_detection,user_fixed_radius,user_fixed_radius,,20260903-002446,0.4695742752749863,False,3.00925,3.64567,3.64567,,,,,,,,,,,,0
77,1384.67,429.56,-4.54105,8.10479,19.0,53.84,annealing_T=125_h=25,absent,absent,False,20.0,1256.6370614359173,annealing_T=75_h=25,v,20260604-121216,previous_detection,user_fixed_radius,user_fixed_radius,,20260903-002446,0.4695742752749863,False,1.7367,3.890459,3.890459,,,,,,,,,,,,0
77,1384.67,429.56,-12.1103,8.23527,21.0,53.95,annealing_T=125_h=25,absent,absent,False,20.0,1256.6370614359173,annealing_T=75_h=25,v,20260604-121216,previous_detection,user_fixed_radius,user_fixed_radius,,20260903-002446,0.4695742752749863,False,6.3992,5.67506,6.3992,,,,,,,,,,,,0
77,1384.67,429.56,-6.7112,8.10455,23.0,54.06,annealing_T=125_h=25,absent,absent,False,20.0,1256.6370614359173,annealing_T=75_h=25,v,20260604-121216,previous_detection,user_fixed_radius,user_fixed_radius,,20260903-002446,0.4695742752749863,False,6.3953,6.6699845,6.6699845,,,,,,,,,,,,0
78,1530.32,484.93,61.9501,7.59167,17.0,53.73,annealing_T=125_h=25,present,present,False,20.0,1256.6370614359173,annealing_T=125_h=25,v,20260903-002446,phase_detection,user_fixed_radius,user_fixed_radius,,20260903-002446,3.612339961852991,False,1.5188,0.4938,1.5188,0.0614441,0.0234014,0.00525452,22.1171,10.6885,0.199058,2,0.0995292,0,3,1.79732e-06,1
78,1530.32,484.93,73.644,7.97721,19.0,53.84,annealing_T=125_h=25,present,present,False,20.0,1256.6370614359173,annealing_T=125_h=25,v,20260903-002446,phase_detection,user_fixed_radius,user_fixed_radius,,20260903-002446,3.612339961852991,False,2.5323,1.7612,2.5323,0.0614441,0.0234014,0.00525452,22.1171,10.6885,0.199058,2,0.0995292,0,3,1.79732e-06,1
78,1530.32,484.93,78.1417,8.11188,21.0,53.95,annealing_T=125_h=25,present,present,False,20.0,1256.6370614359173,annealing_T=125_h=25,v,20260903-002446,phase_detection,user_fixed_radius,user_fixed_radius,,20260903-002446,3.612339961852991,False,1.6956,0.0815,1.6956,0.0614441,0.0234014,0.00525452,22.1171,10.6885,0.199058,2,0.0995292,0,3,1.79732e-06,1
78,1530.32,484.93,91.4845,8.01072,23.0,54.06,annealing_T=125_h=25,present,present,False,20.0,1256.6370614359173,annealing_T=125_h=25,v,20260903-002446,phase_detection,user_fixed_radius,user_fixed_radius,,20260903-002446,3.612339961852991,False,5.5331,2.2796,5.5331,0.0614441,0.0234014,0.00525452,22.1171,10.6885,0.199058,2,0.0995292,0,3,1.79732e-06,1
79,1585.57,548.25,3.16282,8.2712,17.0,53.73,annealing_T=125_h=25,absent,never_detected_in_condition,False,20.0,1256.6370614359173,annealing_T=75_h=25,T,20260602-133829,cross_constant_fallback,user_fixed_radius,user_fixed_radius,,20260903-002446,,True,4.49437,3.2510832,4.49437,,,,,,,,,,,,0
79,1585.57,548.25,3.59961,8.35135,19.0,53.84,annealing_T=125_h=25,absent,never_detected_in_condition,False,20.0,1256.6370614359173,annealing_T=75_h=25,T,20260602-133829,cross_constant_fallback,user_fixed_radius,user_fixed_radius,,20260903-002446,,True,3.78009,4.96121,4.96121,,,,,,,,,,,,0
79,1585.57,548.25,-19.8398,8.48186,21.0,53.95,annealing_T=125_h=25,absent,never_detected_in_condition,False,20.0,1256.6370614359173,annealing_T=75_h=25,T,20260602-133829,cross_constant_fallback,user_fixed_radius,user_fixed_radius,,20260903-002446,,True,2.1555,4.4981,4.4981,,,,,,,,,,,,0
79,1585.57,548.25,-4.8609,8.53531,23.0,54.06,annealing_T=125_h=25,absent,never_detected_in_condition,False,20.0,1256.6370614359173,annealing_T=75_h=25,T,20260602-133829,cross_constant_fallback,user_fixed_radius,user_fixed_radius,,20260903-002446,,True,4.13468,3.85437,4.13468,,,,,,,,,,,,0
80,713.4,108.75,3.56459,8.7803,17.0,53.73,annealing_T=125_h=25,absent,never_detected_in_condition,False,20.0,1256.6370614359173,annealing_T=100_h=5,T,20260613-015321,cross_constant_fallback,user_fixed_radius,user_fixed_radius,,20260903-002446,,True,1.17013,2.88558,2.88558,,,,,,,,,,,,0
80,713.4,108.75,9.51456,8.9283,19.0,53.84,annealing_T=125_h=25,absent,never_detected_in_condition,False,20.0,1256.6370614359173,annealing_T=100_h=5,T,20260613-015321,cross_constant_fallback,user_fixed_radius,user_fixed_radius,,20260903-002446,,True,5.02628,3.9919,5.02628,,,,,,,,,,,,0
80,713.4,108.75,25.275,9.27263,21.0,53.95,annealing_T=125_h=25,absent,never_detected_in_condition,False,20.0,1256.6370614359173,annealing_T=100_h=5,T,20260613-015321,cross_constant_fallback,user_fixed_radius,user_fixed_radius,,20260903-002446,,True,0.1254,0.3549,0.3549,,,,,,,,,,,,0
80,713.4,108.75,36.9924,8.90363,23.0,54.06,annealing_T=125_h=25,absent,never_detected_in_condition,False,20.0,1256.6370614359173,annealing_T=100_h=5,T,20260613-015321,cross_constant_fallback,user_fixed_radius,user_fixed_radius,,20260903-002446,,True,6.1405,6.4685,6.4685,,,,,,,,,,,,0
81,796.6,317.5,0.616012,7.76204,17.0,53.73,annealing_T=125_h=25,absent,never_detected_in_condition,False,20.0,1256.6370614359173,annealing_T=100_h=5,T,20260613-015321,cross_constant_fallback,user_fixed_radius,user_fixed_radius,,20260903-002446,,True,6.137742,1.882272,6.137742,,,,,,,,,,,,0
81,796.6,317.5,1.88452,7.89711,19.0,53.84,annealing_T=125_h=25,absent,never_detected_in_condition,False,20.0,1256.6370614359173,annealing_T=100_h=5,T,20260613-015321,cross_constant_fallback,user_fixed_radius,user_fixed_radius,,20260903-002446,,True,7.25326,5.11815,7.25326,,,,,,,,,,,,0
81,796.6,317.5,-4.57037,8.01325,21.0,53.95,annealing_T=125_h=25,absent,never_detected_in_condition,False,20.0,1256.6370614359173,annealing_T=100_h=5,T,20260613-015321,cross_constant_fallback,user_fixed_radius,user_fixed_radius,,20260903-002446,,True,0.8706,1.10297,1.10297,,,,,,,,,,,,0
81,796.6,317.5,-3.85928,8.18172,23.0,54.06,annealing_T=125_h=25,absent,never_detected_in_condition,False,20.0,1256.6370614359173,annealing_T=100_h=5,T,20260613-015321,cross_constant_fallback,user_fixed_radius,user_fixed_radius,,20260903-002446,,True,1.64799,0.15279,1.64799,,,,,,,,,,,,0
82,1442.44,321.69,0.00517047,7.38517,17.0,53.73,annealing_T=125_h=25,absent,never_detected_in_condition,False,20.0,1256.6370614359173,annealing_T=100_h=5,T,20260613-015321,cross_constant_fallback,user_fixed_radius,user_fixed_radius,,20260903-002446,,True,2.21895953,1.20892953,2.21895953,,,,,,,,,,,,0
82,1442.44,321.69,1.65825,7.85038,19.0,53.84,annealing_T=125_h=25,absent,never_detected_in_condition,False,20.0,1256.6370614359173,annealing_T=100_h=5,T,20260613-015321,cross_constant_fallback,user_fixed_radius,user_fixed_radius,,20260903-002446,,True,0.719662,4.7942,4.7942,,,,,,,,,,,,0
82,1442.44,321.69,18.3852,8.03392,21.0,53.95,annealing_T=125_h=25,absent,never_detected_in_condition,False,20.0,1256.6370614359173,annealing_T=100_h=5,T,20260613-015321,cross_constant_fallback,user_fixed_radius,user_fixed_radius,,20260903-002446,,True,4.1042,4.7922,4.7922,,,,,,,,,,,,0
82,1442.44,321.69,4.27023,8.02306,23.0,54.06,annealing_T=125_h=25,absent,never_detected_in_condition,False,20.0,1256.6370614359173,annealing_T=100_h=5,T,20260613-015321,cross_constant_fallback,user_fixed_radius,user_fixed_radius,,20260903-002446,,True,3.06993,3.05695,3.06993,,,,,,,,,,,,0
83,1464.48,150.73,31.0648,8.47693,17.0,53.73,annealing_T=125_h=25,present,present,False,20.0,1256.6370614359173,annealing_T=125_h=25,v,20260903-002446,phase_detection,user_fixed_radius,user_fixed_radius,,20260903-002446,1.9163767896736943,False,4.8132,4.7828,4.8132,0.0994641,0.0413348,0.0174031,6.33789,5.51392,3.81866,2,1.90933,0,3,4.76379e-06,1
83,1464.48,150.73,37.545,8.83836,19.0,53.84,annealing_T=125_h=25,present,present,False,20.0,1256.6370614359173,annealing_T=125_h=25,v,20260903-002446,phase_detection,user_fixed_radius,user_fixed_radius,,20260903-002446,1.9163767896736943,False,5.4177,0.8409,5.4177,0.0994641,0.0413348,0.0174031,6.33789,5.51392,3.81866,2,1.90933,0,3,4.76379e-06,1
83,1464.48,150.73,66.3188,9.03043,21.0,53.95,annealing_T=125_h=25,present,present,False,20.0,1256.6370614359173,annealing_T=125_h=25,v,20260903-002446,phase_detection,user_fixed_radius,user_fixed_radius,,20260903-002446,1.9163767896736943,False,1.9327,0.9577,1.9327,0.0994641,0.0413348,0.0174031,6.33789,5.51392,3.81866,2,1.90933,0,3,4.76379e-06,1
83,1464.48,150.73,55.6285,8.74737,23.0,54.06,annealing_T=125_h=25,present,present,False,20.0,1256.6370614359173,annealing_T=125_h=25,v,20260903-002446,phase_detection,user_fixed_radius,user_fixed_radius,,20260903-002446,1.9163767896736943,False,3.832,1.718,3.832,0.0994641,0.0413348,0.0174031,6.33789,5.51392,3.81866,2,1.90933,0,3,4.76379e-06,1
84,1744.92,662.82,64.8566,7.60382,17.0,53.73,annealing_T=125_h=25,present,present,False,20.0,1256.6370614359173,annealing_T=125_h=25,v,20260903-002446,phase_detection,user_fixed_radius,user_fixed_radius,,20260903-002446,2.299239004540365,False,3.3557,6.2394,6.2394,0.109529,0.0202667,0.0196812,10.1134,4.32094,2.17791,2,1.08896,0,3,5.17359e-08,1
84,1744.92,662.82,87.2229,8.10446,19.0,53.84,annealing_T=125_h=25,present,present,False,20.0,1256.6370614359173,annealing_T=125_h=25,v,20260903-002446,phase_detection,user_fixed_radius,user_fixed_radius,,20260903-002446,2.299239004540365,False,3.0951,2.7557,3.0951,0.109529,0.0202667,0.0196812,10.1134,4.32094,2.17791,2,1.08896,0,3,5.17359e-08,1
84,1744.92,662.82,91.2149,8.21651,21.0,53.95,annealing_T=125_h=25,present,present,False,20.0,1256.6370614359173,annealing_T=125_h=25,v,20260903-002446,phase_detection,user_fixed_radius,user_fixed_radius,,20260903-002446,2.299239004540365,False,3.0301,4.7686,4.7686,0.109529,0.0202667,0.0196812,10.1134,4.32094,2.17791,2,1.08896,0,3,5.17359e-08,1
84,1744.92,662.82,129.302,8.10569,23.0,54.06,annealing_T=125_h=25,present,present,False,20.0,1256.6370614359173,annealing_T=125_h=25,v,20260903-002446,phase_detection,user_fixed_radius,user_fixed_radius,,20260903-002446,2.299239004540365,False,1.227,7.398,7.398,0.109529,0.0202667,0.0196812,10.1134,4.32094,2.17791,2,1.08896,0,3,5.17359e-08,1
85,193.85,137.05,75.2148,8.05899,17.0,53.73,annealing_T=125_h=25,present,present,False,20.0,1256.6370614359173,annealing_T=125_h=25,v,20260903-002446,phase_detection,user_fixed_radius,user_fixed_radius,,20260903-002446,2.1689859381748025,False,5.6603,0.1905,5.6603,0.100072,0.0189254,0.00890175,13.2932,5.2751,2.16932,2,1.08466,0,3,8.04306e-08,1
85,193.85,137.05,80.9733,8.27144,19.0,53.84,annealing_T=125_h=25,present,present,False,20.0,1256.6370614359173,annealing_T=125_h=25,v,20260903-002446,phase_detection,user_fixed_radius,user_fixed_radius,,20260903-002446,2.1689859381748025,False,6.6788,2.921,6.6788,0.100072,0.0189254,0.00890175,13.2932,5.2751,2.16932,2,1.08466,0,3,8.04306e-08,1
85,193.85,137.05,117.431,8.55725,21.0,53.95,annealing_T=125_h=25,present,present,False,20.0,1256.6370614359173,annealing_T=125_h=25,v,20260903-002446,phase_detection,user_fixed_radius,user_fixed_radius,,20260903-002446,2.1689859381748025,False,5.224,1.312,5.224,0.100072,0.0189254,0.00890175,13.2932,5.2751,2.16932,2,1.08466,0,3,8.04306e-08,1
85,193.85,137.05,130.079,8.39577,23.0,54.06,annealing_T=125_h=25,present,present,False,20.0,1256.6370614359173,annealing_T=125_h=25,v,20260903-002446,phase_detection,user_fixed_radius,user_fixed_radius,,20260903-002446,2.1689859381748025,False,8.329,4.221,8.329,0.100072,0.0189254,0.00890175,13.2932,5.2751,2.16932,2,1.08466,0,3,8.04306e-08,1
86,230.7,250.16,3.10373,8.4933,17.0,53.73,annealing_T=125_h=25,absent,never_detected_in_condition,False,20.0,1256.6370614359173,annealing_T=100_h=25,T,20260629-230214,cross_constant_fallback,user_fixed_radius,user_fixed_radius,,20260903-002446,,True,7.48334,2.911269,7.48334,,,,,,,,,,,,0
86,230.7,250.16,-7.62329,8.86799,19.0,53.84,annealing_T=125_h=25,absent,never_detected_in_condition,False,20.0,1256.6370614359173,annealing_T=100_h=25,T,20260629-230214,cross_constant_fallback,user_fixed_radius,user_fixed_radius,,20260903-002446,,True,0.6763,3.52591,3.52591,,,,,,,,,,,,0
86,230.7,250.16,-17.4839,8.85848,21.0,53.95,annealing_T=125_h=25,absent,never_detected_in_condition,False,20.0,1256.6370614359173,annealing_T=100_h=25,T,20260629-230214,cross_constant_fallback,user_fixed_radius,user_fixed_radius,,20260903-002446,,True,0.7593,5.5445,5.5445,,,,,,,,,,,,0
86,230.7,250.16,-14.4225,8.59817,23.0,54.06,annealing_T=125_h=25,absent,never_detected_in_condition,False,20.0,1256.6370614359173,annealing_T=100_h=25,T,20260629-230214,cross_constant_fallback,user_fixed_radius,user_fixed_radius,,20260903-002446,,True,6.7232,5.20735,6.7232,,,,,,,,,,,,0
87,257.52,136.15,494.151,11.8231,17.0,53.73,annealing_T=125_h=25,present,present,False,20.0,1256.6370614359173,annealing_T=125_h=25,v,20260903-002446,phase_detection,user_fixed_radius,user_fixed_radius,,20260903-002446,1.569745202254181,False,8.197,6.595,8.197,-0.864456,0.125783,0.0370961,1.17671e+09,2.53718e+09,210.501,2,105.251,0,3,4.21196e-07,1
87,257.52,136.15,57.9514,7.95999,19.0,53.84,annealing_T=125_h=25,present,present,False,20.0,1256.6370614359173,annealing_T=125_h=25,v,20260903-002446,phase_detection,user_fixed_radius,user_fixed_radius,,20260903-002446,1.569745202254181,False,1.1024,1.4506,1.4506,-0.864456,0.125783,0.0370961,1.17671e+09,2.53718e+09,210.501,2,105.251,0,3,4.21196e-07,1
87,257.52,136.15,75.0476,8.20095,21.0,53.95,annealing_T=125_h=25,present,present,False,20.0,1256.6370614359173,annealing_T=125_h=25,v,20260903-002446,phase_detection,user_fixed_radius,user_fixed_radius,,20260903-002446,1.569745202254181,False,4.5741,3.4765,4.5741,-0.864456,0.125783,0.0370961,1.17671e+09,2.53718e+09,210.501,2,105.251,0,3,4.21196e-07,1
87,257.52,136.15,102.094,8.27138,23.0,54.06,annealing_T=125_h=25,present,present,False,20.0,1256.6370614359173,annealing_T=125_h=25,v,20260903-002446,phase_detection,user_fixed_radius,user_fixed_radius,,20260903-002446,1.569745202254181,False,2.303,8.6713,8.6713,-0.864456,0.125783,0.0370961,1.17671e+09,2.53718e+09,210.501,2,105.251,0,3,4.21196e-07,1
88,370.42,1002.26,8.40723,8.50669,17.0,53.73,annealing_T=125_h=25,absent,disappeared,False,20.0,1256.6370614359173,annealing_T=125_h=5,v,20260726-091723,previous_detection,user_fixed_radius,user_fixed_radius,,20260903-002446,1.8830294740125209,False,10.59319,3.55267,10.59319,,,,,,,,,,,,0
88,370.42,1002.26,18.9477,8.64015,19.0,53.84,annealing_T=125_h=25,absent,disappeared,False,20.0,1256.6370614359173,annealing_T=125_h=5,v,20260726-091723,previous_detection,user_fixed_radius,user_fixed_radius,,20260903-002446,1.8830294740125209,False,5.1625,0.7045,5.1625,,,,,,,,,,,,0
88,370.42,1002.26,18.1743,9.92861,21.0,53.95,annealing_T=125_h=25,absent,disappeared,False,20.0,1256.6370614359173,annealing_T=125_h=5,v,20260726-091723,previous_detection,user_fixed_radius,user_fixed_radius,,20260903-002446,1.8830294740125209,False,7.4499,2.9117,7.4499,,,,,,,,,,,,0
88,370.42,1002.26,9.09882,8.9374,23.0,54.06,annealing_T=125_h=25,absent,disappeared,False,20.0,1256.6370614359173,annealing_T=125_h=5,v,20260726-091723,previous_detection,user_fixed_radius,user_fixed_radius,,20260903-002446,1.8830294740125209,False,1.90442,7.31908,7.31908,,,,,,,,,,,,0
89,561.16,288.96,258.269,8.00851,17.0,53.73,annealing_T=125_h=25,present,present,False,20.0,1256.6370614359173,annealing_T=125_h=25,v,20260903-002446,phase_detection,user_fixed_radius,user_fixed_radius,,20260903-002446,1.2614277624976904,False,4.069,5.943,5.943,0.0112265,0.0081927,0.00492791,190.243,31.3914,44.0642,2,22.0321,0,3,4.40476e-06,1
89,561.16,288.96,201.937,8.3185,19.0,53.84,annealing_T=125_h=25,present,present,False,20.0,1256.6370614359173,annealing_T=125_h=25,v,20260903-002446,phase_detection,user_fixed_radius,user_fixed_radius,,20260903-002446,1.2614277624976904,False,6.405,7.443,7.443,0.0112265,0.0081927,0.00492791,190.243,31.3914,44.0642,2,22.0321,0,3,4.40476e-06,1
89,561.16,288.96,218.825,8.4978,21.0,53.95,annealing_T=125_h=25,present,present,False,20.0,1256.6370614359173,annealing_T=125_h=25,v,20260903-002446,phase_detection,user_fixed_radius,user_fixed_radius,,20260903-002446,1.2614277624976904,False,1.658,1.355,1.658,0.0112265,0.0081927,0.00492791,190.243,31.3914,44.0642,2,22.0321,0,3,4.40476e-06,1
89,561.16,288.96,271.383,8.4275,23.0,54.06,annealing_T=125_h=25,present,present,False,20.0,1256.6370614359173,annealing_T=125_h=25,v,20260903-002446,phase_detection,user_fixed_radius,user_fixed_radius,,20260903-002446,1.2614277624976904,False,0.409,13.018,13.018,0.0112265,0.0081927,0.00492791,190.243,31.3914,44.0642,2,22.0321,0,3,4.40476e-06,1
90,745.33,904.37,220.17,7.46135,17.0,53.73,annealing_T=125_h=25,absent,disappeared,False,20.0,1256.6370614359173,annealing_T=125_h=5,v,20260726-091723,previous_detection,user_fixed_radius,user_fixed_radius,,20260903-002446,1.472582765076338,False,0.417,9.681,9.681,,,,,,,,,,,,0
90,745.33,904.37,251.781,7.79715,19.0,53.84,annealing_T=125_h=25,absent,disappeared,False,20.0,1256.6370614359173,annealing_T=125_h=5,v,20260726-091723,previous_detection,user_fixed_radius,user_fixed_radius,,20260903-002446,1.472582765076338,False,2.023,9.098,9.098,,,,,,,,,,,,0
90,745.33,904.37,286.768,8.0286,21.0,53.95,annealing_T=125_h=25,absent,disappeared,False,20.0,1256.6370614359173,annealing_T=125_h=5,v,20260726-091723,previous_detection,user_fixed_radius,user_fixed_radius,,20260903-002446,1.472582765076338,False,5.281,2.119,5.281,,,,,,,,,,,,0
90,745.33,904.37,326.505,7.89592,23.0,54.06,annealing_T=125_h=25,absent,disappeared,False,20.0,1256.6370614359173,annealing_T=125_h=5,v,20260726-091723,previous_detection,user_fixed_radius,user_fixed_radius,,20260903-002446,1.472582765076338,False,2.222,6.618,6.618,,,,,,,,,,,,0
91,789.19,988.2,76.0025,7.79667,17.0,53.73,annealing_T=125_h=25,absent,disappeared,False,20.0,1256.6370614359173,annealing_T=125_h=5,v,20260726-091723,previous_detection,user_fixed_radius,user_fixed_radius,,20260903-002446,1.3026895255585649,False,1.753,1.1714,1.753,,,,,,,,,,,,0
91,789.19,988.2,93.1651,7.96475,19.0,53.84,annealing_T=125_h=25,absent,disappeared,False,20.0,1256.6370614359173,annealing_T=125_h=5,v,20260726-091723,previous_detection,user_fixed_radius,user_fixed_radius,,20260903-002446,1.3026895255585649,False,1.2511,2.5999,2.5999,,,,,,,,,,,,0
91,789.19,988.2,109.344,8.13833,21.0,53.95,annealing_T=125_h=25,absent,disappeared,False,20.0,1256.6370614359173,annealing_T=125_h=5,v,20260726-091723,previous_detection,user_fixed_radius,user_fixed_radius,,20260903-002446,1.3026895255585649,False,1.105,0.285,1.105,,,,,,,,,,,,0
91,789.19,988.2,132.855,8.07789,23.0,54.06,annealing_T=125_h=25,absent,disappeared,False,20.0,1256.6370614359173,annealing_T=125_h=5,v,20260726-091723,previous_detection,user_fixed_radius,user_fixed_radius,,20260903-002446,1.3026895255585649,False,2.902,0.308,2.902,,,,,,,,,,,,0
92,1093.52,323.02,21.326,8.83007,17.0,53.73,annealing_T=125_h=25,present,present,False,20.0,1256.6370614359173,annealing_T=125_h=25,v,20260903-002446,phase_detection,user_fixed_radius,user_fixed_radius,,20260903-002446,1.540551849176169,False,0.9756,11.484,11.484,0.146081,0.0505249,0.0360677,2.36204,2.53671,1.59212,2,0.79606,0,3,7.66516e-07,1
92,1093.52,323.02,47.6968,10.8045,19.0,53.84,annealing_T=125_h=25,present,present,False,20.0,1256.6370614359173,annealing_T=125_h=25,v,20260903-002446,phase_detection,user_fixed_radius,user_fixed_radius,,20260903-002446,1.540551849176169,False,2.1273,1.2013,2.1273,0.146081,0.0505249,0.0360677,2.36204,2.53671,1.59212,2,0.79606,0,3,7.66516e-07,1
92,1093.52,323.02,53.0701,9.68255,21.0,53.95,annealing_T=125_h=25,present,present,False,20.0,1256.6370614359173,annealing_T=125_h=25,v,20260903-002446,phase_detection,user_fixed_radius,user_fixed_radius,,20260903-002446,1.540551849176169,False,2.2525,0.3368,2.2525,0.146081,0.0505249,0.0360677,2.36204,2.53671,1.59212,2,0.79606,0,3,7.66516e-07,1
92,1093.52,323.02,64.7485,10.808,23.0,54.06,annealing_T=125_h=25,present,present,False,20.0,1256.6370614359173,annealing_T=125_h=25,v,20260903-002446,phase_detection,user_fixed_radius,user_fixed_radius,,20260903-002446,1.540551849176169,False,2.4999,2.3816,2.4999,0.146081,0.0505249,0.0360677,2.36204,2.53671,1.59212,2,0.79606,0,3,7.66516e-07,1
93,1439.51,627.57,5.5825,7.47037,17.0,53.73,annealing_T=125_h=25,absent,never_detected_in_condition,False,20.0,1256.6370614359173,annealing_T=150_h=25,T,20260919-004123,cross_constant_fallback,user_fixed_radius,user_fixed_radius,,20260903-002446,2.2807893370496672,True,2.02929,4.32446,4.32446,,,,,,,,,,,,0
93,1439.51,627.57,19.7006,7.86695,19.0,53.84,annealing_T=125_h=25,absent,never_detected_in_condition,False,20.0,1256.6370614359173,annealing_T=150_h=25,T,20260919-004123,cross_constant_fallback,user_fixed_radius,user_fixed_radius,,20260903-002446,2.2807893370496672,True,2.2295,0.5649,2.2295,,,,,,,,,,,,0
93,1439.51,627.57,18.3233,8.08167,21.0,53.95,annealing_T=125_h=25,absent,never_detected_in_condition,False,20.0,1256.6370614359173,annealing_T=150_h=25,T,20260919-004123,cross_constant_fallback,user_fixed_radius,user_fixed_radius,,20260903-002446,2.2807893370496672,True,0.4391,0.3814,0.4391,,,,,,,,,,,,0
93,1439.51,627.57,33.4993,8.13315,23.0,54.06,annealing_T=125_h=25,absent,never_detected_in_condition,False,20.0,1256.6370614359173,annealing_T=150_h=25,T,20260919-004123,cross_constant_fallback,user_fixed_radius,user_fixed_radius,,20260903-002446,2.2807893370496672,True,0.5622,2.9153,2.9153,,,,,,,,,,,,0
94,1483.88,785.59,24.7216,7.77278,17.0,53.73,annealing_T=125_h=25,present,present,False,20.0,1256.6370614359173,annealing_T=125_h=25,v,20260903-002446,phase_detection,user_fixed_radius,user_fixed_radius,,20260903-002446,3.141273627050014,False,2.1543,3.81,3.81,0.0444812,0.0529302,0.0115885,13.4579,14.6166,0.804546,2,0.402273,0,3,2.79904e-07,1
94,1483.88,785.59,35.5329,8.05061,19.0,53.84,annealing_T=125_h=25,present,present,False,20.0,1256.6370614359173,annealing_T=125_h=25,v,20260903-002446,phase_detection,user_fixed_radius,user_fixed_radius,,20260903-002446,3.141273627050014,False,0.9386,3.9998,3.9998,0.0444812,0.0529302,0.0115885,13.4579,14.6166,0.804546,2,0.402273,0,3,2.79904e-07,1
94,1483.88,785.59,37.3333,8.24966,21.0,53.95,annealing_T=125_h=25,present,present,False,20.0,1256.6370614359173,annealing_T=125_h=25,v,20260903-002446,phase_detection,user_fixed_radius,user_fixed_radius,,20260903-002446,3.141273627050014,False,0.9318,0.9079,0.9318,0.0444812,0.0529302,0.0115885,13.4579,14.6166,0.804546,2,0.402273,0,3,2.79904e-07,1
94,1483.88,785.59,34.4761,8.05131,23.0,54.06,annealing_T=125_h=25,present,present,False,20.0,1256.6370614359173,annealing_T=125_h=25,v,20260903-002446,phase_detection,user_fixed_radius,user_fixed_radius,,20260903-002446,3.141273627050014,False,2.0353,8.1993,8.1993,0.0444812,0.0529302,0.0115885,13.4579,14.6166,0.804546,2,0.402273,0,3,2.79904e-07,1
95,668.42,231.96,13.2404,9.00513,17.0,53.73,annealing_T=125_h=25,absent,disappeared,False,20.0,1256.6370614359173,annealing_T=125_h=5,v,20260726-091723,previous_detection,user_fixed_radius,user_fixed_radius,,20260903-002446,0.8160882305240948,False,3.44428,8.33,8.33,,,,,,,,,,,,0
95,668.42,231.96,8.76484,9.08552,19.0,53.84,annealing_T=125_h=25,absent,disappeared,False,20.0,1256.6370614359173,annealing_T=125_h=5,v,20260726-091723,previous_detection,user_fixed_radius,user_fixed_radius,,20260903-002446,0.8160882305240948,False,1.17126,3.15106,3.15106,,,,,,,,,,,,0
95,668.42,231.96,15.7825,8.7898,21.0,53.95,annealing_T=125_h=25,absent,disappeared,False,20.0,1256.6370614359173,annealing_T=125_h=5,v,20260726-091723,previous_detection,user_fixed_radius,user_fixed_radius,,20260903-002446,0.8160882305240948,False,2.5467,3.7382,3.7382,,,,,,,,,,,,0
95,668.42,231.96,18.9953,9.01638,23.0,54.06,annealing_T=125_h=25,absent,disappeared,False,20.0,1256.6370614359173,annealing_T=125_h=5,v,20260726-091723,previous_detection,user_fixed_radius,user_fixed_radius,,20260903-002446,0.8160882305240948,False,8.7431,0.2457,8.7431,,,,,,,,,,,,0
96,747.79,86.96,13.1947,7.41266,17.0,53.73,annealing_T=125_h=25,absent,disappeared,False,20.0,1256.6370614359173,annealing_T=125_h=5,v,20260726-091723,previous_detection,user_fixed_radius,user_fixed_radius,,20260903-002446,0.8772684879784683,False,7.69538,5.06158,7.69538,,,,,,,,,,,,0
96,747.79,86.96,3.86512,7.76494,19.0,53.84,annealing_T=125_h=25,absent,disappeared,False,20.0,1256.6370614359173,annealing_T=125_h=5,v,20260726-091723,previous_detection,user_fixed_radius,user_fixed_radius,,20260903-002446,0.8772684879784683,False,4.292371,1.13209,4.292371,,,,,,,,,,,,0
96,747.79,86.96,5.6421,7.76188,21.0,53.95,annealing_T=125_h=25,absent,disappeared,False,20.0,1256.6370614359173,annealing_T=125_h=5,v,20260726-091723,previous_detection,user_fixed_radius,user_fixed_radius,,20260903-002446,0.8772684879784683,False,2.77203,5.6702274,5.6702274,,,,,,,,,,,,0
96,747.79,86.96,3.90479,7.84219,23.0,54.06,annealing_T=125_h=25,absent,disappeared,False,20.0,1256.6370614359173,annealing_T=125_h=5,v,20260726-091723,previous_detection,user_fixed_radius,user_fixed_radius,,20260903-002446,0.8772684879784683,False,7.10951,2.22858,7.10951,,,,,,,,,,,,0
97,810.92,735.32,2.83177,7.64679,17.0,53.73,annealing_T=125_h=25,absent,disappeared,False,20.0,1256.6370614359173,annealing_T=125_h=5,v,20260726-091723,previous_detection,user_fixed_radius,user_fixed_radius,,20260903-002446,1.1395174417269909,False,8.77637,1.47339,8.77637,,,,,,,,,,,,0
97,810.92,735.32,14.2629,7.78813,19.0,53.84,annealing_T=125_h=25,absent,disappeared,False,20.0,1256.6370614359173,annealing_T=125_h=5,v,20260726-091723,previous_detection,user_fixed_radius,user_fixed_radius,,20260903-002446,1.1395174417269909,False,1.1095,0.998,1.1095,,,,,,,,,,,,0
97,810.92,735.32,15.91,7.92196,21.0,53.95,annealing_T=125_h=25,absent,disappeared,False,20.0,1256.6370614359173,annealing_T=125_h=5,v,20260726-091723,previous_detection,user_fixed_radius,user_fixed_radius,,20260903-002446,1.1395174417269909,False,2.1358,4.6597,4.6597,,,,,,,,,,,,0
97,810.92,735.32,4.55614,8.06474,23.0,54.06,annealing_T=125_h=25,absent,disappeared,False,20.0,1256.6370614359173,annealing_T=125_h=5,v,20260726-091723,previous_detection,user_fixed_radius,user_fixed_radius,,20260903-002446,1.1395174417269909,False,1.54001,1.80289,1.80289,,,,,,,,,,,,0
98,929.0,208.4,26.6644,7.46995,17.0,53.73,annealing_T=125_h=25,present,present,False,20.0,1256.6370614359173,annealing_T=125_h=25,v,20260903-002446,phase_detection,user_fixed_radius,user_fixed_radius,,20260903-002446,1.0186756107809898,False,7.1987,0.0601,7.1987,0.117109,0.0560213,0.0675364,3.14484,3.7235,0.595341,2,0.29767,0,3,1.14634e-05,1
98,929.0,208.4,26.1948,7.84115,19.0,53.84,annealing_T=125_h=25,present,present,False,20.0,1256.6370614359173,annealing_T=125_h=25,v,20260903-002446,phase_detection,user_fixed_radius,user_fixed_radius,,20260903-002446,1.0186756107809898,False,3.5293,1.5903,3.5293,0.117109,0.0560213,0.0675364,3.14484,3.7235,0.595341,2,0.29767,0,3,1.14634e-05,1
98,929.0,208.4,33.7837,7.95664,21.0,53.95,annealing_T=125_h=25,present,present,False,20.0,1256.6370614359173,annealing_T=125_h=25,v,20260903-002446,phase_detection,user_fixed_radius,user_fixed_radius,,20260903-002446,1.0186756107809898,False,2.2375,2.7869,2.7869,0.117109,0.0560213,0.0675364,3.14484,3.7235,0.595341,2,0.29767,0,3,1.14634e-05,1
98,929.0,208.4,48.7086,7.91877,23.0,54.06,annealing_T=125_h=25,present,present,False,20.0,1256.6370614359173,annealing_T=125_h=25,v,20260903-002446,phase_detection,user_fixed_radius,user_fixed_radius,,20260903-002446,1.0186756107809898,False,4.1409,4.2505,4.2505,0.117109,0.0560213,0.0675364,3.14484,3.7235,0.595341,2,0.29767,0,3,1.14634e-05,1
99,1453.59,497.59,10.8198,7.51556,17.0,53.73,annealing_T=125_h=25,absent,disappeared,False,20.0,1256.6370614359173,annealing_T=125_h=5,v,20260726-091723,previous_detection,user_fixed_radius,user_fixed_radius,,20260903-002446,1.5992810884894513,False,4.3645,1.80874,4.3645,,,,,,,,,,,,0
99,1453.59,497.59,0.706192,7.96909,19.0,53.84,annealing_T=125_h=25,absent,disappeared,False,20.0,1256.6370614359173,annealing_T=125_h=5,v,20260726-091723,previous_detection,user_fixed_radius,user_fixed_radius,,20260903-002446,1.5992810884894513,False,3.601818,9.200538,9.200538,,,,,,,,,,,,0
99,1453.59,497.59,-1.96163,8.17397,21.0,53.95,annealing_T=125_h=25,absent,disappeared,False,20.0,1256.6370614359173,annealing_T=125_h=5,v,20260726-091723,previous_detection,user_fixed_radius,user_fixed_radius,,20260903-002446,1.5992810884894513,False,1.17672,1.119348,1.17672,,,,,,,,,,,,0
99,1453.59,497.59,20.0623,8.10891,23.0,54.06,annealing_T=125_h=25,absent,disappeared,False,20.0,1256.6370614359173,annealing_T=125_h=5,v,20260726-091723,previous_detection,user_fixed_radius,user_fixed_radius,,20260903-002446,1.5992810884894513,False,6.542,1.7431,6.542,,,,,,,,,,,,0
100,1565.37,884.9,42.2807,7.65237,17.0,53.73,annealing_T=125_h=25,present,appeared,False,20.0,1256.6370614359173,annealing_T=125_h=25,v,20260903-002446,phase_detection,user_fixed_radius,user_fixed_radius,,20260903-002446,3.964404116635962,False,1.4724,4.6665,4.6665,0.0755793,0.0391669,0.0187977,10.5433,8.57452,1.83061,2,0.915303,0,3,6.76645e-08,1
100,1565.37,884.9,43.2993,7.79582,19.0,53.84,annealing_T=125_h=25,present,appeared,False,20.0,1256.6370614359173,annealing_T=125_h=25,v,20260903-002446,phase_detection,user_fixed_radius,user_fixed_radius,,20260903-002446,3.964404116635962,False,1.405,1.3971,1.405,0.0755793,0.0391669,0.0187977,10.5433,8.57452,1.83061,2,0.915303,0,3,6.76645e-08,1
100,1565.37,884.9,42.8627,8.2063,21.0,53.95,annealing_T=125_h=25,present,appeared,False,20.0,1256.6370614359173,annealing_T=125_h=25,v,20260903-002446,phase_detection,user_fixed_radius,user_fixed_radius,,20260903-002446,3.964404116635962,False,0.2628,1.0706,1.0706,0.0755793,0.0391669,0.0187977,10.5433,8.57452,1.83061,2,0.915303,0,3,6.76645e-08,1
100,1565.37,884.9,65.0027,8.02537,23.0,54.06,annealing_T=125_h=25,present,appeared,False,20.0,1256.6370614359173,annealing_T=125_h=25,v,20260903-002446,phase_detection,user_fixed_radius,user_fixed_radius,,20260903-002446,3.964404116635962,False,1.5322,1.5153,1.5322,0.0755793,0.0391669,0.0187977,10.5433,8.57452,1.83061,2,0.915303,0,3,6.76645e-08,1
101,1603.93,810.31,453.347,7.93181,17.0,53.73,annealing_T=125_h=25,present,appeared,False,20.0,1256.6370614359173,annealing_T=125_h=25,v,20260903-002446,phase_detection,user_fixed_radius,user_fixed_radius,,20260903-002446,2.9339393313428377,False,2.836,13.889,13.889,0.0690295,0.00328095,0.00339642,140.453,9.53255,1.28702,2,0.643508,0,3,1.31063e-08,1
101,1603.93,810.31,518.246,7.96149,19.0,53.84,annealing_T=125_h=25,present,appeared,False,20.0,1256.6370614359173,annealing_T=125_h=25,v,20260903-002446,phase_detection,user_fixed_radius,user_fixed_radius,,20260903-002446,2.9339393313428377,False,14.61,17.131,17.131,0.0690295,0.00328095,0.00339642,140.453,9.53255,1.28702,2,0.643508,0,3,1.31063e-08,1
101,1603.93,810.31,606.64,8.43755,21.0,53.95,annealing_T=125_h=25,present,appeared,False,20.0,1256.6370614359173,annealing_T=125_h=25,v,20260903-002446,phase_detection,user_fixed_radius,user_fixed_radius,,20260903-002446,2.9339393313428377,False,8.908,11.905,11.905,0.0690295,0.00328095,0.00339642,140.453,9.53255,1.28702,2,0.643508,0,3,1.31063e-08,1
101,1603.93,810.31,683.363,8.40235,23.0,54.06,annealing_T=125_h=25,present,appeared,False,20.0,1256.6370614359173,annealing_T=125_h=25,v,20260903-002446,phase_detection,user_fixed_radius,user_fixed_radius,,20260903-002446,2.9339393313428377,False,4.632,9.588,9.588,0.0690295,0.00328095,0.00339642,140.453,9.53255,1.28702,2,0.643508,0,3,1.31063e-08,1
102,1824.55,900.59,84.1799,7.63015,17.0,53.73,annealing_T=125_h=25,present,present,False,20.0,1256.6370614359173,annealing_T=125_h=25,v,20260903-002446,phase_detection,user_fixed_radius,user_fixed_radius,,20260903-002446,3.75898922584244,False,0.5322,6.3342,6.3342,0.0718777,0.0172563,0.0138124,24.1956,8.66377,1.88695,2,0.943475,0,3,1.6899e-07,1
102,1824.55,900.59,88.0333,7.66145,19.0,53.84,annealing_T=125_h=25,present,present,False,20.0,1256.6370614359173,annealing_T=125_h=25,v,20260903-002446,phase_detection,user_fixed_radius,user_fixed_radius,,20260903-002446,3.75898922584244,False,3.4594,0.0528,3.4594,0.0718777,0.0172563,0.0138124,24.1956,8.66377,1.88695,2,0.943475,0,3,1.6899e-07,1
102,1824.55,900.59,117.224,8.04675,21.0,53.95,annealing_T=125_h=25,present,present,False,20.0,1256.6370614359173,annealing_T=125_h=25,v,20260903-002446,phase_detection,user_fixed_radius,user_fixed_radius,,20260903-002446,3.75898922584244,False,0.42,1.706,1.706,0.0718777,0.0172563,0.0138124,24.1956,8.66377,1.88695,2,0.943475,0,3,1.6899e-07,1
102,1824.55,900.59,123.861,7.91456,23.0,54.06,annealing_T=125_h=25,present,present,False,20.0,1256.6370614359173,annealing_T=125_h=25,v,20260903-002446,phase_detection,user_fixed_radius,user_fixed_radius,,20260903-002446,3.75898922584244,False,1.98,3.225,3.225,0.0718777,0.0172563,0.0138124,24.1956,8.66377,1.88695,2,0.943475,0,3,1.6899e-07,1
103,409.92,210.73,7.75979,7.97685,17.0,53.73,annealing_T=125_h=25,present,appeared,False,20.0,1256.6370614359173,annealing_T=125_h=25,v,20260903-002446,phase_detection,user_fixed_radius,user_fixed_radius,,20260903-002446,2.19082176363117,False,2.06633,5.05951,5.05951,0.215922,0.0849665,0.0919215,0.299078,0.555342,0.452755,2,0.226378,0,3,6.30783e-06,1
103,409.92,210.73,20.2427,8.18415,19.0,53.84,annealing_T=125_h=25,present,appeared,False,20.0,1256.6370614359173,annealing_T=125_h=25,v,20260903-002446,phase_detection,user_fixed_radius,user_fixed_radius,,20260903-002446,2.19082176363117,False,1.4639,3.7531,3.7531,0.215922,0.0849665,0.0919215,0.299078,0.555342,0.452755,2,0.226378,0,3,6.30783e-06,1
103,409.92,210.73,30.5638,8.41352,21.0,53.95,annealing_T=125_h=25,present,appeared,False,20.0,1256.6370614359173,annealing_T=125_h=25,v,20260903-002446,phase_detection,user_fixed_radius,user_fixed_radius,,20260903-002446,2.19082176363117,False,10.6828,3.6604,10.6828,0.215922,0.0849665,0.0919215,0.299078,0.555342,0.452755,2,0.226378,0,3,6.30783e-06,1
103,409.92,210.73,41.452,8.32156,23.0,54.06,annealing_T=125_h=25,present,appeared,False,20.0,1256.6370614359173,annealing_T=125_h=25,v,20260903-002446,phase_detection,user_fixed_radius,user_fixed_radius,,20260903-002446,2.19082176363117,False,4.7854,3.8392,4.7854,0.215922,0.0849665,0.0919215,0.299078,0.555342,0.452755,2,0.226378,0,3,6.30783e-06,1
104,557.52,915.48,26.854,7.45732,17.0,53.73,annealing_T=125_h=25,present,appeared,False,20.0,1256.6370614359173,annealing_T=125_h=25,v,20260903-002446,phase_detection,user_fixed_radius,user_fixed_radius,,20260903-002446,0.7733692520394365,False,7.226,2.391,7.226,0.0260676,0.0462491,0.0172403,21.9907,20.6465,7.71758,2,3.85879,0,3,4.94803e-07,1
104,557.52,915.48,52.9454,7.74187,19.0,53.84,annealing_T=125_h=25,present,appeared,False,20.0,1256.6370614359173,annealing_T=125_h=25,v,20260903-002446,phase_detection,user_fixed_radius,user_fixed_radius,,20260903-002446,0.7733692520394365,False,3.9206,4.9689,4.9689,0.0260676,0.0462491,0.0172403,21.9907,20.6465,7.71758,2,3.85879,0,3,4.94803e-07,1
104,557.52,915.48,26.8152,8.02205,21.0,53.95,annealing_T=125_h=25,present,appeared,False,20.0,1256.6370614359173,annealing_T=125_h=25,v,20260903-002446,phase_detection,user_fixed_radius,user_fixed_radius,,20260903-002446,0.7733692520394365,False,0.7325,2.2258,2.2258,0.0260676,0.0462491,0.0172403,21.9907,20.6465,7.71758,2,3.85879,0,3,4.94803e-07,1
104,557.52,915.48,41.6423,7.86348,23.0,54.06,annealing_T=125_h=25,present,appeared,False,20.0,1256.6370614359173,annealing_T=125_h=25,v,20260903-002446,phase_detection,user_fixed_radius,user_fixed_radius,,20260903-002446,0.7733692520394365,False,1.1455,2.7713,2.7713,0.0260676,0.0462491,0.0172403,21.9907,20.6465,7.71758,2,3.85879,0,3,4.94803e-07,1
105,1237.02,901.26,55.4729,8.11248,17.0,53.73,annealing_T=125_h=25,present,appeared,False,20.0,1256.6370614359173,annealing_T=125_h=25,v,20260903-002446,phase_detection,user_fixed_radius,user_fixed_radius,,20260903-002446,0.5724508712544562,False,6.9651,4.215,6.9651,-0.0663866,0.0426769,0.0186173,172.718,142.884,3.66734,2,1.83367,0,3,3.56619e-06,1
105,1237.02,901.26,55.148,8.32299,19.0,53.84,annealing_T=125_h=25,present,appeared,False,20.0,1256.6370614359173,annealing_T=125_h=25,v,20260903-002446,phase_detection,user_fixed_radius,user_fixed_radius,,20260903-002446,0.5724508712544562,False,4.2852,3.7922,4.2852,-0.0663866,0.0426769,0.0186173,172.718,142.884,3.66734,2,1.83367,0,3,3.56619e-06,1
105,1237.02,901.26,29.4566,8.60743,21.0,53.95,annealing_T=125_h=25,present,appeared,False,20.0,1256.6370614359173,annealing_T=125_h=25,v,20260903-002446,phase_detection,user_fixed_radius,user_fixed_radius,,20260903-002446,0.5724508712544562,False,2.151,2.8379,2.8379,-0.0663866,0.0426769,0.0186173,172.718,142.884,3.66734,2,1.83367,0,3,3.56619e-06,1
105,1237.02,901.26,44.5054,8.42999,23.0,54.06,annealing_T=125_h=25,present,appeared,False,20.0,1256.6370614359173,annealing_T=125_h=25,v,20260903-002446,phase_detection,user_fixed_radius,user_fixed_radius,,20260903-002446,0.5724508712544562,False,0.7127,5.0169,5.0169,-0.0663866,0.0426769,0.0186173,172.718,142.884,3.66734,2,1.83367,0,3,3.56619e-06,1
106,1345.2,545.46,63.2542,10.672,17.0,53.73,annealing_T=125_h=25,present,appeared,False,20.0,1256.6370614359173,annealing_T=125_h=25,v,20260903-002446,phase_detection,user_fixed_radius,user_fixed_radius,,20260903-002446,0.8850988645343669,False,4.0292,2.3319,4.0292,0.101079,0.0303754,0.0035219,10.9313,6.96256,0.137977,2,0.0689883,0,3,3.88218e-07,1
106,1345.2,545.46,73.308,10.4134,19.0,53.84,annealing_T=125_h=25,present,appeared,False,20.0,1256.6370614359173,annealing_T=125_h=25,v,20260903-002446,phase_detection,user_fixed_radius,user_fixed_radius,,20260903-002446,0.8850988645343669,False,3.2011,0.0093,3.2011,0.101079,0.0303754,0.0035219,10.9313,6.96256,0.137977,2,0.0689883,0,3,3.88218e-07,1
106,1345.2,545.46,88.9129,10.678,21.0,53.95,annealing_T=125_h=25,present,appeared,False,20.0,1256.6370614359173,annealing_T=125_h=25,v,20260903-002446,phase_detection,user_fixed_radius,user_fixed_radius,,20260903-002446,0.8850988645343669,False,4.3888,1.5938,4.3888,0.101079,0.0303754,0.0035219,10.9313,6.96256,0.137977,2,0.0689883,0,3,3.88218e-07,1
106,1345.2,545.46,113.552,11.2057,23.0,54.06,annealing_T=125_h=25,present,appeared,False,20.0,1256.6370614359173,annealing_T=125_h=25,v,20260903-002446,phase_detection,user_fixed_radius,user_fixed_radius,,20260903-002446,0.8850988645343669,False,4.913,0.576,4.913,0.101079,0.0303754,0.0035219,10.9313,6.96256,0.137977,2,0.0689883,0,3,3.88218e-07,1
107,1625.74,629.55,82.9441,8.02879,17.0,53.73,annealing_T=125_h=25,present,appeared,False,20.0,1256.6370614359173,annealing_T=125_h=25,v,20260903-002446,phase_detection,user_fixed_radius,user_fixed_radius,,20260903-002446,1.4094325099131693,False,4.0268,0.6357,4.0268,0.0802518,0.0192216,0.00724235,19.8497,7.9294,2.89505,2,1.44752,0,3,1.78701e-06,1
107,1625.74,629.55,80.3358,8.21727,19.0,53.84,annealing_T=125_h=25,present,appeared,False,20.0,1256.6370614359173,annealing_T=125_h=25,v,20260903-002446,phase_detection,user_fixed_radius,user_fixed_radius,,20260903-002446,1.4094325099131693,False,11.0198,2.3445,11.0198,0.0802518,0.0192216,0.00724235,19.8497,7.9294,2.89505,2,1.44752,0,3,1.78701e-06,1
107,1625.74,629.55,114.335,8.68649,21.0,53.95,annealing_T=125_h=25,present,appeared,False,20.0,1256.6370614359173,annealing_T=125_h=25,v,20260903-002446,phase_detection,user_fixed_radius,user_fixed_radius,,20260903-002446,1.4094325099131693,False,3.357,2.55,3.357,0.0802518,0.0192216,0.00724235,19.8497,7.9294,2.89505,2,1.44752,0,3,1.78701e-06,1
107,1625.74,629.55,124.547,8.59472,23.0,54.06,annealing_T=125_h=25,present,appeared,False,20.0,1256.6370614359173,annealing_T=125_h=25,v,20260903-002446,phase_detection,user_fixed_radius,user_fixed_radius,,20260903-002446,1.4094325099131693,False,3.91,1.853,3.91,0.0802518,0.0192216,0.00724235,19.8497,7.9294,2.89505,2,1.44752,0,3,1.78701e-06,1
108,1688.66,694.45,26.3947,10.3697,17.0,53.73,annealing_T=125_h=25,present,appeared,False,20.0,1256.6370614359173,annealing_T=125_h=25,v,20260903-002446,phase_detection,user_fixed_radius,user_fixed_radius,,20260903-002446,1.7366634676873374,False,9.7777,7.8213,9.7777,0.106355,0.0534728,0.0357074,5.08497,5.83556,0.83976,2,0.41988,0,3,6.16884e-07,1
108,1688.66,694.45,47.2991,11.6703,19.0,53.84,annealing_T=125_h=25,present,appeared,False,20.0,1256.6370614359173,annealing_T=125_h=25,v,20260903-002446,phase_detection,user_fixed_radius,user_fixed_radius,,20260903-002446,1.7366634676873374,False,6.309,0.1091,6.309,0.106355,0.0534728,0.0357074,5.08497,5.83556,0.83976,2,0.41988,0,3,6.16884e-07,1
108,1688.66,694.45,44.9475,10.7335,21.0,53.95,annealing_T=125_h=25,present,appeared,False,20.0,1256.6370614359173,annealing_T=125_h=25,v,20260903-002446,phase_detection,user_fixed_radius,user_fixed_radius,,20260903-002446,1.7366634676873374,False,6.0124,1.7369,6.0124,0.106355,0.0534728,0.0357074,5.08497,5.83556,0.83976,2,0.41988,0,3,6.16884e-07,1
108,1688.66,694.45,58.4987,8.88879,23.0,54.06,annealing_T=125_h=25,present,appeared,False,20.0,1256.6370614359173,annealing_T=125_h=25,v,20260903-002446,phase_detection,user_fixed_radius,user_fixed_radius,,20260903-002446,1.7366634676873374,False,4.9712,8.7004,8.7004,0.106355,0.0534728,0.0357074,5.08497,5.83556,0.83976,2,0.41988,0,3,6.16884e-07,1
109,499.75,414.55,20.3852,7.59801,17.0,53.73,annealing_T=125_h=25,present,appeared,False,20.0,1256.6370614359173,annealing_T=125_h=25,v,20260903-002446,phase_detection,user_fixed_radius,user_fixed_radius,,20260903-002446,,False,1.3071,0.0628,1.3071,0.0478491,0.0681176,0.0308858,9.83698,13.7492,0.170866,2,0.085433,0,3,4.74376e-06,1
109,499.75,414.55,26.9046,7.84551,19.0,53.84,annealing_T=125_h=25,present,appeared,False,20.0,1256.6370614359173,annealing_T=125_h=25,v,20260903-002446,phase_detection,user_fixed_radius,user_fixed_radius,,20260903-002446,,False,4.8956,1.8411,4.8956,0.0478491,0.0681176,0.0308858,9.83698,13.7492,0.170866,2,0.085433,0,3,4.74376e-06,1
109,499.75,414.55,27.1616,8.01765,21.0,53.95,annealing_T=125_h=25,present,appeared,False,20.0,1256.6370614359173,annealing_T=125_h=25,v,20260903-002446,phase_detection,user_fixed_radius,user_fixed_radius,,20260903-002446,,False,5.759,0.8271,5.759,0.0478491,0.0681176,0.0308858,9.83698,13.7492,0.170866,2,0.085433,0,3,4.74376e-06,1
109,499.75,414.55,28.6668,8.00498,23.0,54.06,annealing_T=125_h=25,present,appeared,False,20.0,1256.6370614359173,annealing_T=125_h=25,v,20260903-002446,phase_detection,user_fixed_radius,user_fixed_radius,,20260903-002446,,False,0.0398,4.6299,4.6299,0.0478491,0.0681176,0.0308858,9.83698,13.7492,0.170866,2,0.085433,0,3,4.74376e-06,1
110,652.53,760.21,133.036,7.24113,17.0,53.73,annealing_T=125_h=25,absent,not_yet_detected,False,20.0,1256.6370614359173,annealing_T=150_h=5,v,20260913-001359,first_future_detection,user_fixed_radius,user_fixed_radius,,20260903-002446,1.8620687420178783,False,6.467,7.406,7.406,,,,,,,,,,,,0
110,652.53,760.21,151.661,7.62465,19.0,53.84,annealing_T=125_h=25,absent,not_yet_detected,False,20.0,1256.6370614359173,annealing_T=150_h=5,v,20260913-001359,first_future_detection,user_fixed_radius,user_fixed_radius,,20260903-002446,1.8620687420178783,False,1.547,3.497,3.497,,,,,,,,,,,,0
110,652.53,760.21,173.498,7.93802,21.0,53.95,annealing_T=125_h=25,absent,not_yet_detected,False,20.0,1256.6370614359173,annealing_T=150_h=5,v,20260913-001359,first_future_detection,user_fixed_radius,user_fixed_radius,,20260903-002446,1.8620687420178783,False,2.964,5.498,5.498,,,,,,,,,,,,0
110,652.53,760.21,185.385,7.58606,23.0,54.06,annealing_T=125_h=25,absent,not_yet_detected,False,20.0,1256.6370614359173,annealing_T=150_h=5,v,20260913-001359,first_future_detection,user_fixed_radius,user_fixed_radius,,20260903-002446,1.8620687420178783,False,0.961,3.615,3.615,,,,,,,,,,,,0
111,1302.75,253.46,40.1754,7.48823,17.0,53.73,annealing_T=125_h=25,absent,never_detected_in_condition,False,20.0,1256.6370614359173,annealing_T=150_h=5,T,20260912-010115,cross_constant_fallback,user_fixed_radius,user_fixed_radius,,20260903-002446,,True,2.087,1.7449,2.087,,,,,,,,,,,,0
111,1302.75,253.46,59.0126,7.96477,19.0,53.84,annealing_T=125_h=25,absent,never_detected_in_condition,False,20.0,1256.6370614359173,annealing_T=150_h=5,T,20260912-010115,cross_constant_fallback,user_fixed_radius,user_fixed_radius,,20260903-002446,,True,0.3348,4.4759,4.4759,,,,,,,,,,,,0
111,1302.75,253.46,74.9071,8.06976,21.0,53.95,annealing_T=125_h=25,absent,never_detected_in_condition,False,20.0,1256.6370614359173,annealing_T=150_h=5,T,20260912-010115,cross_constant_fallback,user_fixed_radius,user_fixed_radius,,20260903-002446,,True,5.2606,12.3567,12.3567,,,,,,,,,,,,0
111,1302.75,253.46,75.8995,8.09026,23.0,54.06,annealing_T=125_h=25,absent,never_detected_in_condition,False,20.0,1256.6370614359173,annealing_T=150_h=5,T,20260912-010115,cross_constant_fallback,user_fixed_radius,user_fixed_radius,,20260903-002446,,True,0.7134,2.1483,2.1483,,,,,,,,,,,,0
112,1369.05,982.27,58.6819,8.46547,17.0,53.73,annealing_T=125_h=25,absent,never_detected_in_condition,False,20.0,1256.6370614359173,annealing_T=150_h=5,T,20260912-010115,cross_constant_fallback,user_fixed_radius,user_fixed_radius,,20260903-002446,,True,4.8685,1.7912,4.8685,,,,,,,,,,,,0
112,1369.05,982.27,65.3483,8.83676,19.0,53.84,annealing_T=125_h=25,absent,never_detected_in_condition,False,20.0,1256.6370614359173,annealing_T=150_h=5,T,20260912-010115,cross_constant_fallback,user_fixed_radius,user_fixed_radius,,20260903-002446,,True,3.5548,3.6637,3.6637,,,,,,,,,,,,0
112,1369.05,982.27,66.5004,8.95024,21.0,53.95,annealing_T=125_h=25,absent,never_detected_in_condition,False,20.0,1256.6370614359173,annealing_T=150_h=5,T,20260912-010115,cross_constant_fallback,user_fixed_radius,user_fixed_radius,,20260903-002446,,True,5.4385,3.3754,5.4385,,,,,,,,,,,,0
112,1369.05,982.27,87.5649,8.87382,23.0,54.06,annealing_T=125_h=25,absent,never_detected_in_condition,False,20.0,1256.6370614359173,annealing_T=150_h=5,T,20260912-010115,cross_constant_fallback,user_fixed_radius,user_fixed_radius,,20260903-002446,,True,1.4939,6.237,6.237,,,,,,,,,,,,0
113,1590.58,175.45,0.51362,8.35451,17.0,53.73,annealing_T=125_h=25,absent,not_yet_detected,False,20.0,1256.6370614359173,annealing_T=150_h=5,v,20260913-001359,first_future_detection,user_fixed_radius,user_fixed_radius,,20260903-002446,2.1155850254716237,False,0.4268176,6.62029,6.62029,,,,,,,,,,,,0
113,1590.58,175.45,5.61448,8.25244,19.0,53.84,annealing_T=125_h=25,absent,not_yet_detected,False,20.0,1256.6370614359173,annealing_T=150_h=5,v,20260913-001359,first_future_detection,user_fixed_radius,user_fixed_radius,,20260903-002446,2.1155850254716237,False,8.74707,4.52352,8.74707,,,,,,,,,,,,0
113,1590.58,175.45,6.45073,9.17923,21.0,53.95,annealing_T=125_h=25,absent,not_yet_detected,False,20.0,1256.6370614359173,annealing_T=150_h=5,v,20260913-001359,first_future_detection,user_fixed_radius,user_fixed_radius,,20260903-002446,2.1155850254716237,False,3.21665,3.47044,3.47044,,,,,,,,,,,,0
113,1590.58,175.45,-2.96318,8.4506,23.0,54.06,annealing_T=125_h=25,absent,not_yet_detected,False,20.0,1256.6370614359173,annealing_T=150_h=5,v,20260913-001359,first_future_detection,user_fixed_radius,user_fixed_radius,,20260903-002446,2.1155850254716237,False,2.12339,7.90936,7.90936,,,,,,,,,,,,0
114,1682.19,604.49,1141.51,8.29849,17.0,53.73,annealing_T=125_h=25,absent,never_detected_in_condition,False,20.0,1256.6370614359173,annealing_T=150_h=5,T,20260912-010115,cross_constant_fallback,user_fixed_radius,user_fixed_radius,,20260903-002446,,True,18.78,22.96,22.96,,,,,,,,,,,,0
114,1682.19,604.49,1213.84,8.64181,19.0,53.84,annealing_T=125_h=25,absent,never_detected_in_condition,False,20.0,1256.6370614359173,annealing_T=150_h=5,T,20260912-010115,cross_constant_fallback,user_fixed_radius,user_fixed_radius,,20260903-002446,,True,13.67,26.63,26.63,,,,,,,,,,,,0
114,1682.19,604.49,1341.22,8.87036,21.0,53.95,annealing_T=125_h=25,absent,never_detected_in_condition,False,20.0,1256.6370614359173,annealing_T=150_h=5,T,20260912-010115,cross_constant_fallback,user_fixed_radius,user_fixed_radius,,20260903-002446,,True,16.78,25.98,25.98,,,,,,,,,,,,0
114,1682.19,604.49,1472.37,8.76388,23.0,54.06,annealing_T=125_h=25,absent,never_detected_in_condition,False,20.0,1256.6370614359173,annealing_T=150_h=5,T,20260912-010115,cross_constant_fallback,user_fixed_radius,user_fixed_radius,,20260903-002446,,True,23.16,32.73,32.73,,,,,,,,,,,,0
115,520.13,918.45,-5.24972,7.65487,17.0,53.73,annealing_T=125_h=25,absent,not_yet_detected,False,20.0,1256.6370614359173,annealing_T=150_h=5,v,20260913-001359,first_future_detection,user_fixed_radius,user_fixed_radius,,20260903-002446,,False,2.05242,3.33484,3.33484,,,,,,,,,,,,0
115,520.13,918.45,8.42161,7.91738,19.0,53.84,annealing_T=125_h=25,absent,not_yet_detected,False,20.0,1256.6370614359173,annealing_T=150_h=5,v,20260913-001359,first_future_detection,user_fixed_radius,user_fixed_radius,,20260903-002446,,False,1.1492,0.13937,1.1492,,,,,,,,,,,,0
115,520.13,918.45,-8.17273,7.96384,21.0,53.95,annealing_T=125_h=25,absent,not_yet_detected,False,20.0,1256.6370614359173,annealing_T=150_h=5,v,20260913-001359,first_future_detection,user_fixed_radius,user_fixed_radius,,20260903-002446,,False,1.21692,3.37617,3.37617,,,,,,,,,,,,0
115,520.13,918.45,-1.00759,7.78458,23.0,54.06,annealing_T=125_h=25,absent,not_yet_detected,False,20.0,1256.6370614359173,annealing_T=150_h=5,v,20260913-001359,first_future_detection,user_fixed_radius,user_fixed_radius,,20260903-002446,,False,5.56437,3.24517,5.56437,,,,,,,,,,,,0
116,800.01,227.39,4.52845,7.87492,17.0,53.73,annealing_T=125_h=25,absent,not_yet_detected,False,20.0,1256.6370614359173,annealing_T=150_h=5,v,20260913-001359,first_future_detection,user_fixed_radius,user_fixed_radius,,20260903-002446,,False,1.08807,3.812913,3.812913,,,,,,,,,,,,0
116,800.01,227.39,2.42848,7.86469,19.0,53.84,annealing_T=125_h=25,absent,not_yet_detected,False,20.0,1256.6370614359173,annealing_T=150_h=5,v,20260913-001359,first_future_detection,user_fixed_radius,user_fixed_radius,,20260903-002446,,False,0.13821,2.31324,2.31324,,,,,,,,,,,,0
116,800.01,227.39,2.67776,8.21079,21.0,53.95,annealing_T=125_h=25,absent,not_yet_detected,False,20.0,1256.6370614359173,annealing_T=150_h=5,v,20260913-001359,first_future_detection,user_fixed_radius,user_fixed_radius,,20260903-002446,,False,3.180586,3.02162,3.180586,,,,,,,,,,,,0
116,800.01,227.39,9.18226,8.23019,23.0,54.06,annealing_T=125_h=25,absent,not_yet_detected,False,20.0,1256.6370614359173,annealing_T=150_h=5,v,20260913-001359,first_future_detection,user_fixed_radius,user_fixed_radius,,20260903-002446,,False,0.47682,2.53404,2.53404,,,,,,,,,,,,0
117,1032.05,760.77,458.636,7.76326,17.0,53.73,annealing_T=125_h=25,absent,never_detected_in_condition,False,20.0,1256.6370614359173,annealing_T=150_h=25,T,20260919-004123,cross_constant_fallback,user_fixed_radius,user_fixed_radius,,20260903-002446,,True,45.041,24.46,45.041,,,,,,,,,,,,0
117,1032.05,760.77,518.503,7.92011,19.0,53.84,annealing_T=125_h=25,absent,never_detected_in_condition,False,20.0,1256.6370614359173,annealing_T=150_h=25,T,20260919-004123,cross_constant_fallback,user_fixed_radius,user_fixed_radius,,20260903-002446,,True,56.226,20.583,56.226,,,,,,,,,,,,0
117,1032.05,760.77,577.124,7.98589,21.0,53.95,annealing_T=125_h=25,absent,never_detected_in_condition,False,20.0,1256.6370614359173,annealing_T=150_h=25,T,20260919-004123,cross_constant_fallback,user_fixed_radius,user_fixed_radius,,20260903-002446,,True,61.636,26.889,61.636,,,,,,,,,,,,0
117,1032.05,760.77,617.492,7.95715,23.0,54.06,annealing_T=125_h=25,absent,never_detected_in_condition,False,20.0,1256.6370614359173,annealing_T=150_h=25,T,20260919-004123,cross_constant_fallback,user_fixed_radius,user_fixed_radius,,20260903-002446,,True,54.398,23.01,54.398,,,,,,,,,,,,0
118,1466.71,411.8,8.00582,7.80901,17.0,53.73,annealing_T=125_h=25,absent,not_yet_detected,False,20.0,1256.6370614359173,annealing_T=150_h=25,v,20260919-235322,first_future_detection,user_fixed_radius,user_fixed_radius,,20260903-002446,2.4920072231035113,False,1.56425,2.55508,2.55508,,,,,,,,,,,,0
118,1466.71,411.8,6.11313,8.12008,19.0,53.84,annealing_T=125_h=25,absent,not_yet_detected,False,20.0,1256.6370614359173,annealing_T=150_h=25,v,20260919-235322,first_future_detection,user_fixed_radius,user_fixed_radius,,20260903-002446,2.4920072231035113,False,1.24326,0.04328,1.24326,,,,,,,,,,,,0
118,1466.71,411.8,8.63006,8.32132,21.0,53.95,annealing_T=125_h=25,absent,not_yet_detected,False,20.0,1256.6370614359173,annealing_T=150_h=25,v,20260919-235322,first_future_detection,user_fixed_radius,user_fixed_radius,,20260903-002446,2.4920072231035113,False,0.12949,3.29224,3.29224,,,,,,,,,,,,0
118,1466.71,411.8,21.1102,8.25537,23.0,54.06,annealing_T=125_h=25,absent,not_yet_detected,False,20.0,1256.6370614359173,annealing_T=150_h=25,v,20260919-235322,first_future_detection,user_fixed_radius,user_fixed_radius,,20260903-002446,2.4920072231035113,False,4.6463,2.6906,4.6463,,,,,,,,,,,,0
