spot,x,y,luminosity,error,T,v,v_fin,phase,detection,status,excluded_at_radius,integration_radius,integration_area,geometry_source_phase,geometry_source_constant,geometry_source_run,geometry_mode,integration_radius_source_phase,integration_radius_source_constant,integration_radius_source_run,run_number,match_distance,cross_constant_only,deltaL1,deltaL2,deltaL,B,B_stat_error,deltaB,A,A_stat_error,fit_chi2,fit_ndf,fit_chi2ndf,fit_status,covmatrix_status,edm,fit_converged
0,82.45,333.75,7.6798,5.77509,20.0,51.65,0.75,annealing_T=125_h=25,present,present,False,20.0,1256.6370614359173,annealing_T=125_h=25,T,20260902-011233,phase_detection,user_fixed_radius,user_fixed_radius,,20260902-011233,5.105692901066399,False,5.11,0.71296,5.11,1.36673,0.190136,0.0690144,10.638,2.71928,1.33817,4,0.334541,0,3,2.85832e-07,1
0,82.45,333.75,21.1978,6.95176,20.0,52.4,1.5,annealing_T=125_h=25,present,present,False,20.0,1256.6370614359173,annealing_T=125_h=25,T,20260902-011233,phase_detection,user_fixed_radius,user_fixed_radius,,20260902-011233,5.105692901066399,False,3.8752,1.9762,3.8752,1.36673,0.190136,0.0690144,10.638,2.71928,1.33817,4,0.334541,0,3,2.85832e-07,1
0,82.45,333.75,31.8437,7.45291,20.0,52.9,2.0,annealing_T=125_h=25,present,present,False,20.0,1256.6370614359173,annealing_T=125_h=25,T,20260902-011233,phase_detection,user_fixed_radius,user_fixed_radius,,20260902-011233,5.105692901066399,False,1.6471,3.8516,3.8516,1.36673,0.190136,0.0690144,10.638,2.71928,1.33817,4,0.334541,0,3,2.85832e-07,1
0,82.45,333.75,30.5224,7.60595,20.0,53.4,2.5,annealing_T=125_h=25,present,present,False,20.0,1256.6370614359173,annealing_T=125_h=25,T,20260902-011233,phase_detection,user_fixed_radius,user_fixed_radius,,20260902-011233,5.105692901066399,False,3.5096,0.2085,3.5096,1.36673,0.190136,0.0690144,10.638,2.71928,1.33817,4,0.334541,0,3,2.85832e-07,1
0,82.45,333.75,46.5779,7.91341,20.0,53.9,3.0,annealing_T=125_h=25,present,present,False,20.0,1256.6370614359173,annealing_T=125_h=25,T,20260902-011233,phase_detection,user_fixed_radius,user_fixed_radius,,20260902-011233,5.105692901066399,False,3.3399,1.2032,3.3399,1.36673,0.190136,0.0690144,10.638,2.71928,1.33817,4,0.334541,0,3,2.85832e-07,1
0,82.45,333.75,97.7709,9.57037,20.0,55.9,5.0,annealing_T=125_h=25,present,present,False,20.0,1256.6370614359173,annealing_T=125_h=25,T,20260902-011233,phase_detection,user_fixed_radius,user_fixed_radius,,20260902-011233,5.105692901066399,False,3.2224,0.1342,3.2224,1.36673,0.190136,0.0690144,10.638,2.71928,1.33817,4,0.334541,0,3,2.85832e-07,1
1,90.84,697.78,-0.309838,6.53622,20.0,51.65,0.75,annealing_T=125_h=25,absent,disappeared,False,20.0,1256.6370614359173,annealing_T=125_h=5,T,20260725-020716,previous_detection,user_fixed_radius,user_fixed_radius,,20260902-011233,6.7209002373193165,False,2.419168,0.445443,2.419168,,,,,,,,,,,,0
1,90.84,697.78,-1.70814,7.48118,20.0,52.4,1.5,annealing_T=125_h=25,absent,disappeared,False,20.0,1256.6370614359173,annealing_T=125_h=5,T,20260725-020716,previous_detection,user_fixed_radius,user_fixed_radius,,20260902-011233,6.7209002373193165,False,0.89432,3.39831,3.39831,,,,,,,,,,,,0
1,90.84,697.78,5.30973,8.285,20.0,52.9,2.0,annealing_T=125_h=25,absent,disappeared,False,20.0,1256.6370614359173,annealing_T=125_h=5,T,20260725-020716,previous_detection,user_fixed_radius,user_fixed_radius,,20260902-011233,6.7209002373193165,False,4.17265,3.93094,4.17265,,,,,,,,,,,,0
1,90.84,697.78,2.03136,8.26837,20.0,53.4,2.5,annealing_T=125_h=25,absent,disappeared,False,20.0,1256.6370614359173,annealing_T=125_h=5,T,20260725-020716,previous_detection,user_fixed_radius,user_fixed_radius,,20260902-011233,6.7209002373193165,False,3.79987,1.54225,3.79987,,,,,,,,,,,,0
1,90.84,697.78,23.115,8.98436,20.0,53.9,3.0,annealing_T=125_h=25,absent,disappeared,False,20.0,1256.6370614359173,annealing_T=125_h=5,T,20260725-020716,previous_detection,user_fixed_radius,user_fixed_radius,,20260902-011233,6.7209002373193165,False,4.5438,0.841,4.5438,,,,,,,,,,,,0
1,90.84,697.78,43.3026,10.7317,20.0,55.9,5.0,annealing_T=125_h=25,absent,disappeared,False,20.0,1256.6370614359173,annealing_T=125_h=5,T,20260725-020716,previous_detection,user_fixed_radius,user_fixed_radius,,20260902-011233,6.7209002373193165,False,5.3344,0.2674,5.3344,,,,,,,,,,,,0
2,99.95,268.96,-2.34915,6.5423,20.0,51.65,0.75,annealing_T=125_h=25,absent,absent,False,20.0,1256.6370614359173,annealing_T=75_h=25,T,20260602-133829,previous_detection,user_fixed_radius,user_fixed_radius,,20260902-011233,6.824521961280532,False,2.010384,0.36371,2.010384,,,,,,,,,,,,0
2,99.95,268.96,2.33553,7.53674,20.0,52.4,1.5,annealing_T=125_h=25,absent,absent,False,20.0,1256.6370614359173,annealing_T=75_h=25,T,20260602-133829,previous_detection,user_fixed_radius,user_fixed_radius,,20260902-011233,6.824521961280532,False,4.00726,3.70587,4.00726,,,,,,,,,,,,0
2,99.95,268.96,-0.52672,8.13716,20.0,52.9,2.0,annealing_T=125_h=25,absent,absent,False,20.0,1256.6370614359173,annealing_T=75_h=25,T,20260602-133829,previous_detection,user_fixed_radius,user_fixed_radius,,20260902-011233,6.824521961280532,False,4.55243,2.20579,4.55243,,,,,,,,,,,,0
2,99.95,268.96,17.3998,8.25398,20.0,53.4,2.5,annealing_T=125_h=25,absent,absent,False,20.0,1256.6370614359173,annealing_T=75_h=25,T,20260602-133829,previous_detection,user_fixed_radius,user_fixed_radius,,20260902-011233,6.824521961280532,False,6.1836,2.1186,6.1836,,,,,,,,,,,,0
2,99.95,268.96,2.58493,8.64829,20.0,53.9,3.0,annealing_T=125_h=25,absent,absent,False,20.0,1256.6370614359173,annealing_T=75_h=25,T,20260602-133829,previous_detection,user_fixed_radius,user_fixed_radius,,20260902-011233,6.824521961280532,False,2.300093,6.61623,6.61623,,,,,,,,,,,,0
2,99.95,268.96,31.8863,10.5236,20.0,55.9,5.0,annealing_T=125_h=25,absent,absent,False,20.0,1256.6370614359173,annealing_T=75_h=25,T,20260602-133829,previous_detection,user_fixed_radius,user_fixed_radius,,20260902-011233,6.824521961280532,False,7.0127,0.6844,7.0127,,,,,,,,,,,,0
3,159.49,432.12,4.55149,6.65118,20.0,51.65,0.75,annealing_T=125_h=25,absent,absent,False,20.0,1256.6370614359173,annealing_T=100_h=25,T,20260629-230214,previous_detection,user_fixed_radius,user_fixed_radius,,20260902-011233,4.861738372228557,False,0.40743,3.43137,3.43137,,,,,,,,,,,,0
3,159.49,432.12,4.63076,7.2534,20.0,52.4,1.5,annealing_T=125_h=25,absent,absent,False,20.0,1256.6370614359173,annealing_T=100_h=25,T,20260629-230214,previous_detection,user_fixed_radius,user_fixed_radius,,20260902-011233,4.861738372228557,False,2.00153,1.38903,2.00153,,,,,,,,,,,,0
3,159.49,432.12,-5.95243,8.31579,20.0,52.9,2.0,annealing_T=125_h=25,absent,absent,False,20.0,1256.6370614359173,annealing_T=100_h=25,T,20260629-230214,previous_detection,user_fixed_radius,user_fixed_radius,,20260902-011233,4.861738372228557,False,4.46727,5.8732284,5.8732284,,,,,,,,,,,,0
3,159.49,432.12,5.69897,8.50486,20.0,53.4,2.5,annealing_T=125_h=25,absent,absent,False,20.0,1256.6370614359173,annealing_T=100_h=25,T,20260629-230214,previous_detection,user_fixed_radius,user_fixed_radius,,20260902-011233,4.861738372228557,False,5.083618,4.23121,5.083618,,,,,,,,,,,,0
3,159.49,432.12,10.1297,8.8404,20.0,53.9,3.0,annealing_T=125_h=25,absent,absent,False,20.0,1256.6370614359173,annealing_T=100_h=25,T,20260629-230214,previous_detection,user_fixed_radius,user_fixed_radius,,20260902-011233,4.861738372228557,False,0.093,1.7041,1.7041,,,,,,,,,,,,0
3,159.49,432.12,32.0318,10.791,20.0,55.9,5.0,annealing_T=125_h=25,absent,absent,False,20.0,1256.6370614359173,annealing_T=100_h=25,T,20260629-230214,previous_detection,user_fixed_radius,user_fixed_radius,,20260902-011233,4.861738372228557,False,3.8496,4.3497,4.3497,,,,,,,,,,,,0
4,203.88,887.5,2.39453,5.81244,20.0,51.65,0.75,annealing_T=125_h=25,absent,disappeared,False,20.0,1256.6370614359173,annealing_T=125_h=5,T,20260725-020716,previous_detection,user_fixed_radius,user_fixed_radius,,20260902-011233,5.500772672997813,False,2.3022926,4.02571,4.02571,,,,,,,,,,,,0
4,203.88,887.5,5.45544,6.62403,20.0,52.4,1.5,annealing_T=125_h=25,absent,disappeared,False,20.0,1256.6370614359173,annealing_T=125_h=5,T,20260725-020716,previous_detection,user_fixed_radius,user_fixed_radius,,20260902-011233,5.500772672997813,False,1.39135,2.23061,2.23061,,,,,,,,,,,,0
4,203.88,887.5,-5.11172,7.36732,20.0,52.9,2.0,annealing_T=125_h=25,absent,disappeared,False,20.0,1256.6370614359173,annealing_T=125_h=5,T,20260725-020716,previous_detection,user_fixed_radius,user_fixed_radius,,20260902-011233,5.500772672997813,False,3.03727,2.8795,3.03727,,,,,,,,,,,,0
4,203.88,887.5,-1.52731,7.48295,20.0,53.4,2.5,annealing_T=125_h=25,absent,disappeared,False,20.0,1256.6370614359173,annealing_T=125_h=5,T,20260725-020716,previous_detection,user_fixed_radius,user_fixed_radius,,20260902-011233,5.500772672997813,False,5.77245,5.97477,5.97477,,,,,,,,,,,,0
4,203.88,887.5,21.179,7.84256,20.0,53.9,3.0,annealing_T=125_h=25,absent,disappeared,False,20.0,1256.6370614359173,annealing_T=125_h=5,T,20260725-020716,previous_detection,user_fixed_radius,user_fixed_radius,,20260902-011233,5.500772672997813,False,1.8919,3.7481,3.7481,,,,,,,,,,,,0
4,203.88,887.5,28.0125,9.33953,20.0,55.9,5.0,annealing_T=125_h=25,absent,disappeared,False,20.0,1256.6370614359173,annealing_T=125_h=5,T,20260725-020716,previous_detection,user_fixed_radius,user_fixed_radius,,20260902-011233,5.500772672997813,False,3.8347,0.0366,3.8347,,,,,,,,,,,,0
5,220.6,309.53,3.62568,5.74959,20.0,51.65,0.75,annealing_T=125_h=25,present,present,False,20.0,1256.6370614359173,annealing_T=125_h=25,T,20260902-011233,phase_detection,user_fixed_radius,user_fixed_radius,,20260902-011233,5.210335881687515,False,5.02618,1.90237,5.02618,1.61207,0.320348,0.110997,4.79889,2.16582,0.482709,4,0.120677,0,3,7.63711e-08,1
5,220.6,309.53,8.99841,6.59104,20.0,52.4,1.5,annealing_T=125_h=25,present,present,False,20.0,1256.6370614359173,annealing_T=125_h=25,T,20260902-011233,phase_detection,user_fixed_radius,user_fixed_radius,,20260902-011233,5.210335881687515,False,4.28623,0.83336,4.28623,1.61207,0.320348,0.110997,4.79889,2.16582,0.482709,4,0.120677,0,3,7.63711e-08,1
5,220.6,309.53,14.7029,7.40977,20.0,52.9,2.0,annealing_T=125_h=25,present,present,False,20.0,1256.6370614359173,annealing_T=125_h=25,T,20260902-011233,phase_detection,user_fixed_radius,user_fixed_radius,,20260902-011233,5.210335881687515,False,3.3185,6.54303,6.54303,1.61207,0.320348,0.110997,4.79889,2.16582,0.482709,4,0.120677,0,3,7.63711e-08,1
5,220.6,309.53,17.4636,7.40553,20.0,53.4,2.5,annealing_T=125_h=25,present,present,False,20.0,1256.6370614359173,annealing_T=125_h=25,T,20260902-011233,phase_detection,user_fixed_radius,user_fixed_radius,,20260902-011233,5.210335881687515,False,5.9394,3.5539,5.9394,1.61207,0.320348,0.110997,4.79889,2.16582,0.482709,4,0.120677,0,3,7.63711e-08,1
5,220.6,309.53,32.0339,7.87946,20.0,53.9,3.0,annealing_T=125_h=25,present,present,False,20.0,1256.6370614359173,annealing_T=125_h=25,T,20260902-011233,phase_detection,user_fixed_radius,user_fixed_radius,,20260902-011233,5.210335881687515,False,7.0033,0.8808,7.0033,1.61207,0.320348,0.110997,4.79889,2.16582,0.482709,4,0.120677,0,3,7.63711e-08,1
5,220.6,309.53,63.7329,9.26601,20.0,55.9,5.0,annealing_T=125_h=25,present,present,False,20.0,1256.6370614359173,annealing_T=125_h=25,T,20260902-011233,phase_detection,user_fixed_radius,user_fixed_radius,,20260902-011233,5.210335881687515,False,2.9523,1.6214,2.9523,1.61207,0.320348,0.110997,4.79889,2.16582,0.482709,4,0.120677,0,3,7.63711e-08,1
6,235.57,473.43,16.8099,5.59282,20.0,51.65,0.75,annealing_T=125_h=25,present,present,False,20.0,1256.6370614359173,annealing_T=125_h=25,T,20260902-011233,phase_detection,user_fixed_radius,user_fixed_radius,,20260902-011233,3.759361647939704,False,0.6008,1.7784,1.7784,1.66552,0.167762,0.0849753,9.33857,2.21406,5.53419,4,1.38355,0,3,1.63548e-06,1
6,235.57,473.43,21.5004,6.62679,20.0,52.4,1.5,annealing_T=125_h=25,present,present,False,20.0,1256.6370614359173,annealing_T=125_h=25,T,20260902-011233,phase_detection,user_fixed_radius,user_fixed_radius,,20260902-011233,3.759361647939704,False,0.3634,0.5748,0.5748,1.66552,0.167762,0.0849753,9.33857,2.21406,5.53419,4,1.38355,0,3,1.63548e-06,1
6,235.57,473.43,27.8573,7.237,20.0,52.9,2.0,annealing_T=125_h=25,present,present,False,20.0,1256.6370614359173,annealing_T=125_h=25,T,20260902-011233,phase_detection,user_fixed_radius,user_fixed_radius,,20260902-011233,3.759361647939704,False,4.0214,0.3342,4.0214,1.66552,0.167762,0.0849753,9.33857,2.21406,5.53419,4,1.38355,0,3,1.63548e-06,1
6,235.57,473.43,42.2261,7.28094,20.0,53.4,2.5,annealing_T=125_h=25,present,present,False,20.0,1256.6370614359173,annealing_T=125_h=25,T,20260902-011233,phase_detection,user_fixed_radius,user_fixed_radius,,20260902-011233,3.759361647939704,False,0.9044,4.9931,4.9931,1.66552,0.167762,0.0849753,9.33857,2.21406,5.53419,4,1.38355,0,3,1.63548e-06,1
6,235.57,473.43,49.7794,7.78132,20.0,53.9,3.0,annealing_T=125_h=25,present,present,False,20.0,1256.6370614359173,annealing_T=125_h=25,T,20260902-011233,phase_detection,user_fixed_radius,user_fixed_radius,,20260902-011233,3.759361647939704,False,0.8931,0.3115,0.8931,1.66552,0.167762,0.0849753,9.33857,2.21406,5.53419,4,1.38355,0,3,1.63548e-06,1
6,235.57,473.43,140.149,9.13334,20.0,55.9,5.0,annealing_T=125_h=25,present,present,False,20.0,1256.6370614359173,annealing_T=125_h=25,T,20260902-011233,phase_detection,user_fixed_radius,user_fixed_radius,,20260902-011233,3.759361647939704,False,0.818,4.49,4.49,1.66552,0.167762,0.0849753,9.33857,2.21406,5.53419,4,1.38355,0,3,1.63548e-06,1
7,280.89,940.2,17.014,6.05615,20.0,51.65,0.75,annealing_T=125_h=25,present,reappeared,False,20.0,1256.6370614359173,annealing_T=125_h=25,T,20260902-011233,phase_detection,user_fixed_radius,user_fixed_radius,,20260902-011233,5.661492736019216,False,3.3606,4.9974,4.9974,0.865571,0.270262,0.308529,11.6649,3.7219,8.97145,4,2.24286,0,3,9.4383e-07,1
7,280.89,940.2,6.96856,6.85625,20.0,52.4,1.5,annealing_T=125_h=25,present,reappeared,False,20.0,1256.6370614359173,annealing_T=125_h=25,T,20260902-011233,phase_detection,user_fixed_radius,user_fixed_radius,,20260902-011233,5.661492736019216,False,3.32524,2.43233,3.32524,0.865571,0.270262,0.308529,11.6649,3.7219,8.97145,4,2.24286,0,3,9.4383e-07,1
7,280.89,940.2,13.1618,7.52377,20.0,52.9,2.0,annealing_T=125_h=25,present,reappeared,False,20.0,1256.6370614359173,annealing_T=125_h=25,T,20260902-011233,phase_detection,user_fixed_radius,user_fixed_radius,,20260902-011233,5.661492736019216,False,0.6936,0.8508,0.8508,0.865571,0.270262,0.308529,11.6649,3.7219,8.97145,4,2.24286,0,3,9.4383e-07,1
7,280.89,940.2,23.6674,7.52855,20.0,53.4,2.5,annealing_T=125_h=25,present,reappeared,False,20.0,1256.6370614359173,annealing_T=125_h=25,T,20260902-011233,phase_detection,user_fixed_radius,user_fixed_radius,,20260902-011233,5.661492736019216,False,1.459,0.4844,1.459,0.865571,0.270262,0.308529,11.6649,3.7219,8.97145,4,2.24286,0,3,9.4383e-07,1
7,280.89,940.2,45.9689,8.00275,20.0,53.9,3.0,annealing_T=125_h=25,present,reappeared,False,20.0,1256.6370614359173,annealing_T=125_h=25,T,20260902-011233,phase_detection,user_fixed_radius,user_fixed_radius,,20260902-011233,5.661492736019216,False,1.141,6.7392,6.7392,0.865571,0.270262,0.308529,11.6649,3.7219,8.97145,4,2.24286,0,3,9.4383e-07,1
7,280.89,940.2,42.8672,9.77041,20.0,55.9,5.0,annealing_T=125_h=25,present,reappeared,False,20.0,1256.6370614359173,annealing_T=125_h=25,T,20260902-011233,phase_detection,user_fixed_radius,user_fixed_radius,,20260902-011233,5.661492736019216,False,3.6805,5.9395,5.9395,0.865571,0.270262,0.308529,11.6649,3.7219,8.97145,4,2.24286,0,3,9.4383e-07,1
8,289.57,757.65,-1.87173,5.89925,20.0,51.65,0.75,annealing_T=125_h=25,absent,absent,False,20.0,1256.6370614359173,before_annealing,T,20260516-064844,previous_detection,user_fixed_radius,user_fixed_radius,,20260902-011233,0.0,False,0.7569,1.059021,1.059021,,,,,,,,,,,,0
8,289.57,757.65,0.405796,6.92765,20.0,52.4,1.5,annealing_T=125_h=25,absent,absent,False,20.0,1256.6370614359173,before_annealing,T,20260516-064844,previous_detection,user_fixed_radius,user_fixed_radius,,20260902-011233,0.0,False,4.090194,1.177884,4.090194,,,,,,,,,,,,0
8,289.57,757.65,12.8515,7.32213,20.0,52.9,2.0,annealing_T=125_h=25,absent,absent,False,20.0,1256.6370614359173,before_annealing,T,20260516-064844,previous_detection,user_fixed_radius,user_fixed_radius,,20260902-011233,0.0,False,0.0188,3.63374,3.63374,,,,,,,,,,,,0
8,289.57,757.65,10.937,7.33923,20.0,53.4,2.5,annealing_T=125_h=25,absent,absent,False,20.0,1256.6370614359173,before_annealing,T,20260516-064844,previous_detection,user_fixed_radius,user_fixed_radius,,20260902-011233,0.0,False,4.1425,1.4845,4.1425,,,,,,,,,,,,0
8,289.57,757.65,18.0595,7.87606,20.0,53.9,3.0,annealing_T=125_h=25,absent,absent,False,20.0,1256.6370614359173,before_annealing,T,20260516-064844,previous_detection,user_fixed_radius,user_fixed_radius,,20260902-011233,0.0,False,10.62548,5.2929,10.62548,,,,,,,,,,,,0
8,289.57,757.65,58.4511,9.49759,20.0,55.9,5.0,annealing_T=125_h=25,absent,absent,False,20.0,1256.6370614359173,before_annealing,T,20260516-064844,previous_detection,user_fixed_radius,user_fixed_radius,,20260902-011233,0.0,False,0.741,2.0752,2.0752,,,,,,,,,,,,0
9,316.14,874.44,8.17357,5.84606,20.0,51.65,0.75,annealing_T=125_h=25,present,present,False,20.0,1256.6370614359173,annealing_T=125_h=25,T,20260902-011233,phase_detection,user_fixed_radius,user_fixed_radius,,20260902-011233,4.088924063858294,False,0.83784,3.67313,3.67313,1.37313,0.134941,0.046557,14.2459,2.60419,2.12764,4,0.531909,0,3,2.57189e-06,1
9,316.14,874.44,30.451,6.82818,20.0,52.4,1.5,annealing_T=125_h=25,present,present,False,20.0,1256.6370614359173,annealing_T=125_h=25,T,20260902-011233,phase_detection,user_fixed_radius,user_fixed_radius,,20260902-011233,4.088924063858294,False,1.1934,1.3923,1.3923,1.37313,0.134941,0.046557,14.2459,2.60419,2.12764,4,0.531909,0,3,2.57189e-06,1
9,316.14,874.44,29.3735,7.41038,20.0,52.9,2.0,annealing_T=125_h=25,present,present,False,20.0,1256.6370614359173,annealing_T=125_h=25,T,20260902-011233,phase_detection,user_fixed_radius,user_fixed_radius,,20260902-011233,4.088924063858294,False,2.852,5.5642,5.5642,1.37313,0.134941,0.046557,14.2459,2.60419,2.12764,4,0.531909,0,3,2.57189e-06,1
9,316.14,874.44,49.0436,7.541,20.0,53.4,2.5,annealing_T=125_h=25,present,present,False,20.0,1256.6370614359173,annealing_T=125_h=25,T,20260902-011233,phase_detection,user_fixed_radius,user_fixed_radius,,20260902-011233,4.088924063858294,False,4.1028,0.366,4.1028,1.37313,0.134941,0.046557,14.2459,2.60419,2.12764,4,0.531909,0,3,2.57189e-06,1
9,316.14,874.44,68.8821,7.75341,20.0,53.9,3.0,annealing_T=125_h=25,present,present,False,20.0,1256.6370614359173,annealing_T=125_h=25,T,20260902-011233,phase_detection,user_fixed_radius,user_fixed_radius,,20260902-011233,4.088924063858294,False,4.8356,5.8718,5.8718,1.37313,0.134941,0.046557,14.2459,2.60419,2.12764,4,0.531909,0,3,2.57189e-06,1
9,316.14,874.44,128.942,9.29907,20.0,55.9,5.0,annealing_T=125_h=25,present,present,False,20.0,1256.6370614359173,annealing_T=125_h=25,T,20260902-011233,phase_detection,user_fixed_radius,user_fixed_radius,,20260902-011233,4.088924063858294,False,0.446,3.414,3.414,1.37313,0.134941,0.046557,14.2459,2.60419,2.12764,4,0.531909,0,3,2.57189e-06,1
10,340.58,144.73,-2.61731,5.4335,20.0,51.65,0.75,annealing_T=125_h=25,present,present,False,20.0,1256.6370614359173,annealing_T=125_h=25,T,20260902-011233,phase_detection,user_fixed_radius,user_fixed_radius,,20260902-011233,3.767014733180635,False,0.4723,1.651533,1.651533,2.27188,0.224247,0.107359,3.49894,1.18561,0.866847,4,0.216712,0,3,1.88508e-10,1
10,340.58,144.73,11.2108,6.61255,20.0,52.4,1.5,annealing_T=125_h=25,present,present,False,20.0,1256.6370614359173,annealing_T=125_h=25,T,20260902-011233,phase_detection,user_fixed_radius,user_fixed_radius,,20260902-011233,3.767014733180635,False,1.90369,0.179,1.90369,2.27188,0.224247,0.107359,3.49894,1.18561,0.866847,4,0.216712,0,3,1.88508e-10,1
10,340.58,144.73,15.3022,7.21491,20.0,52.9,2.0,annealing_T=125_h=25,present,present,False,20.0,1256.6370614359173,annealing_T=125_h=25,T,20260902-011233,phase_detection,user_fixed_radius,user_fixed_radius,,20260902-011233,3.767014733180635,False,6.05228,4.9559,6.05228,2.27188,0.224247,0.107359,3.49894,1.18561,0.866847,4,0.216712,0,3,1.88508e-10,1
10,340.58,144.73,28.9499,7.0403,20.0,53.4,2.5,annealing_T=125_h=25,present,present,False,20.0,1256.6370614359173,annealing_T=125_h=25,T,20260902-011233,phase_detection,user_fixed_radius,user_fixed_radius,,20260902-011233,3.767014733180635,False,1.1032,3.8325,3.8325,2.27188,0.224247,0.107359,3.49894,1.18561,0.866847,4,0.216712,0,3,1.88508e-10,1
10,340.58,144.73,42.5939,7.37082,20.0,53.9,3.0,annealing_T=125_h=25,present,present,False,20.0,1256.6370614359173,annealing_T=125_h=25,T,20260902-011233,phase_detection,user_fixed_radius,user_fixed_radius,,20260902-011233,3.767014733180635,False,3.406,4.9939,4.9939,2.27188,0.224247,0.107359,3.49894,1.18561,0.866847,4,0.216712,0,3,1.88508e-10,1
10,340.58,144.73,135.311,8.84312,20.0,55.9,5.0,annealing_T=125_h=25,present,present,False,20.0,1256.6370614359173,annealing_T=125_h=25,T,20260902-011233,phase_detection,user_fixed_radius,user_fixed_radius,,20260902-011233,3.767014733180635,False,6.456,4.341,6.456,2.27188,0.224247,0.107359,3.49894,1.18561,0.866847,4,0.216712,0,3,1.88508e-10,1
11,349.25,550.36,21.1487,5.97393,20.0,51.65,0.75,annealing_T=125_h=25,present,present,False,20.0,1256.6370614359173,annealing_T=125_h=25,T,20260902-011233,phase_detection,user_fixed_radius,user_fixed_radius,,20260902-011233,4.03495972718439,False,1.5183,0.289,1.5183,3.30368,0.0478802,0.10452,9.09021,0.605651,430.77,4,107.692,0,3,1.0443e-05,1
11,349.25,550.36,60.2697,6.97491,20.0,52.4,1.5,annealing_T=125_h=25,present,present,False,20.0,1256.6370614359173,annealing_T=125_h=25,T,20260902-011233,phase_detection,user_fixed_radius,user_fixed_radius,,20260902-011233,4.03495972718439,False,0.2737,1.3291,1.3291,3.30368,0.0478802,0.10452,9.09021,0.605651,430.77,4,107.692,0,3,1.0443e-05,1
11,349.25,550.36,187.818,7.53904,20.0,52.9,2.0,annealing_T=125_h=25,present,present,False,20.0,1256.6370614359173,annealing_T=125_h=25,T,20260902-011233,phase_detection,user_fixed_radius,user_fixed_radius,,20260902-011233,4.03495972718439,False,0.277,0.257,0.277,3.30368,0.0478802,0.10452,9.09021,0.605651,430.77,4,107.692,0,3,1.0443e-05,1
11,349.25,550.36,243.982,7.81665,20.0,53.4,2.5,annealing_T=125_h=25,present,present,False,20.0,1256.6370614359173,annealing_T=125_h=25,T,20260902-011233,phase_detection,user_fixed_radius,user_fixed_radius,,20260902-011233,4.03495972718439,False,0.17,2.475,2.475,3.30368,0.0478802,0.10452,9.09021,0.605651,430.77,4,107.692,0,3,1.0443e-05,1
11,349.25,550.36,236.36,8.04765,20.0,53.9,3.0,annealing_T=125_h=25,present,present,False,20.0,1256.6370614359173,annealing_T=125_h=25,T,20260902-011233,phase_detection,user_fixed_radius,user_fixed_radius,,20260902-011233,4.03495972718439,False,2.419,4.666,4.666,3.30368,0.0478802,0.10452,9.09021,0.605651,430.77,4,107.692,0,3,1.0443e-05,1
11,349.25,550.36,1965.11,31.207,20.0,55.9,5.0,annealing_T=125_h=25,present,present,False,20.0,1256.6370614359173,annealing_T=125_h=25,T,20260902-011233,phase_detection,user_fixed_radius,user_fixed_radius,,20260902-011233,4.03495972718439,False,50.41,65.12,65.12,3.30368,0.0478802,0.10452,9.09021,0.605651,430.77,4,107.692,0,3,1.0443e-05,1
12,349.85,388.05,16.2004,5.65398,20.0,51.65,0.75,annealing_T=125_h=25,present,present,False,20.0,1256.6370614359173,annealing_T=125_h=25,T,20260902-011233,phase_detection,user_fixed_radius,user_fixed_radius,,20260902-011233,4.3594953836425105,False,3.7365,3.0307,3.7365,1.4459,0.200739,0.0849171,9.60426,2.63201,4.49599,4,1.124,0,3,1.3254e-06,1
12,349.85,388.05,13.0655,6.85286,20.0,52.4,1.5,annealing_T=125_h=25,present,present,False,20.0,1256.6370614359173,annealing_T=125_h=25,T,20260902-011233,phase_detection,user_fixed_radius,user_fixed_radius,,20260902-011233,4.3594953836425105,False,3.45101,2.5775,3.45101,1.4459,0.200739,0.0849171,9.60426,2.63201,4.49599,4,1.124,0,3,1.3254e-06,1
12,349.85,388.05,29.6509,7.25742,20.0,52.9,2.0,annealing_T=125_h=25,present,present,False,20.0,1256.6370614359173,annealing_T=125_h=25,T,20260902-011233,phase_detection,user_fixed_radius,user_fixed_radius,,20260902-011233,4.3594953836425105,False,5.0893,4.7801,5.0893,1.4459,0.200739,0.0849171,9.60426,2.63201,4.49599,4,1.124,0,3,1.3254e-06,1
12,349.85,388.05,29.782,7.43871,20.0,53.4,2.5,annealing_T=125_h=25,present,present,False,20.0,1256.6370614359173,annealing_T=125_h=25,T,20260902-011233,phase_detection,user_fixed_radius,user_fixed_radius,,20260902-011233,4.3594953836425105,False,4.318,0.4424,4.318,1.4459,0.200739,0.0849171,9.60426,2.63201,4.49599,4,1.124,0,3,1.3254e-06,1
12,349.85,388.05,45.5992,7.72708,20.0,53.9,3.0,annealing_T=125_h=25,present,present,False,20.0,1256.6370614359173,annealing_T=125_h=25,T,20260902-011233,phase_detection,user_fixed_radius,user_fixed_radius,,20260902-011233,4.3594953836425105,False,1.0288,1.6412,1.6412,1.4459,0.200739,0.0849171,9.60426,2.63201,4.49599,4,1.124,0,3,1.3254e-06,1
12,349.85,388.05,101.096,9.1831,20.0,55.9,5.0,annealing_T=125_h=25,present,present,False,20.0,1256.6370614359173,annealing_T=125_h=25,T,20260902-011233,phase_detection,user_fixed_radius,user_fixed_radius,,20260902-011233,4.3594953836425105,False,9.5417,1.636,9.5417,1.4459,0.200739,0.0849171,9.60426,2.63201,4.49599,4,1.124,0,3,1.3254e-06,1
13,351.22,705.72,6.32896,5.70828,20.0,51.65,0.75,annealing_T=125_h=25,absent,absent,False,20.0,1256.6370614359173,annealing_T=75_h=25,T,20260602-133829,previous_detection,user_fixed_radius,user_fixed_radius,,20260902-011233,4.502910170101183,False,4.93917,1.56689,4.93917,,,,,,,,,,,,0
13,351.22,705.72,3.98386,6.80254,20.0,52.4,1.5,annealing_T=125_h=25,absent,absent,False,20.0,1256.6370614359173,annealing_T=75_h=25,T,20260602-133829,previous_detection,user_fixed_radius,user_fixed_radius,,20260902-011233,4.502910170101183,False,2.91733,0.57112,2.91733,,,,,,,,,,,,0
13,351.22,705.72,-0.455197,7.27376,20.0,52.9,2.0,annealing_T=125_h=25,absent,absent,False,20.0,1256.6370614359173,annealing_T=75_h=25,T,20260602-133829,previous_detection,user_fixed_radius,user_fixed_radius,,20260902-011233,4.502910170101183,False,0.4950264,3.155623,3.155623,,,,,,,,,,,,0
13,351.22,705.72,-1.52136,7.36637,20.0,53.4,2.5,annealing_T=125_h=25,absent,absent,False,20.0,1256.6370614359173,annealing_T=75_h=25,T,20260602-133829,previous_detection,user_fixed_radius,user_fixed_radius,,20260902-011233,4.502910170101183,False,2.97661,0.45017,2.97661,,,,,,,,,,,,0
13,351.22,705.72,18.371,7.5812,20.0,53.9,3.0,annealing_T=125_h=25,absent,absent,False,20.0,1256.6370614359173,annealing_T=75_h=25,T,20260602-133829,previous_detection,user_fixed_radius,user_fixed_radius,,20260902-011233,4.502910170101183,False,3.368,3.0353,3.368,,,,,,,,,,,,0
13,351.22,705.72,25.2794,9.36854,20.0,55.9,5.0,annealing_T=125_h=25,absent,absent,False,20.0,1256.6370614359173,annealing_T=75_h=25,T,20260602-133829,previous_detection,user_fixed_radius,user_fixed_radius,,20260902-011233,4.502910170101183,False,0.9617,6.4329,6.4329,,,,,,,,,,,,0
14,390.46,827.87,21.3771,5.47481,20.0,51.65,0.75,annealing_T=125_h=25,present,present,False,20.0,1256.6370614359173,annealing_T=125_h=25,T,20260902-011233,phase_detection,user_fixed_radius,user_fixed_radius,,20260902-011233,2.9228924030829053,False,0.8433,2.2562,2.2562,2.12995,0.0553781,0.0275619,16.6393,1.37178,21.6271,4,5.40679,0,3,4.30157e-07,1
14,390.46,827.87,46.1535,6.43224,20.0,52.4,1.5,annealing_T=125_h=25,present,present,False,20.0,1256.6370614359173,annealing_T=125_h=25,T,20260902-011233,phase_detection,user_fixed_radius,user_fixed_radius,,20260902-011233,2.9228924030829053,False,3.5051,4.9929,4.9929,2.12995,0.0553781,0.0275619,16.6393,1.37178,21.6271,4,5.40679,0,3,4.30157e-07,1
14,390.46,827.87,51.4612,7.10382,20.0,52.9,2.0,annealing_T=125_h=25,present,present,False,20.0,1256.6370614359173,annealing_T=125_h=25,T,20260902-011233,phase_detection,user_fixed_radius,user_fixed_radius,,20260902-011233,2.9228924030829053,False,4.6011,2.111,4.6011,2.12995,0.0553781,0.0275619,16.6393,1.37178,21.6271,4,5.40679,0,3,4.30157e-07,1
14,390.46,827.87,109.027,7.17107,20.0,53.4,2.5,annealing_T=125_h=25,present,present,False,20.0,1256.6370614359173,annealing_T=125_h=25,T,20260902-011233,phase_detection,user_fixed_radius,user_fixed_radius,,20260902-011233,2.9228924030829053,False,1.286,3.33,3.33,2.12995,0.0553781,0.0275619,16.6393,1.37178,21.6271,4,5.40679,0,3,4.30157e-07,1
14,390.46,827.87,189.708,7.53922,20.0,53.9,3.0,annealing_T=125_h=25,present,present,False,20.0,1256.6370614359173,annealing_T=125_h=25,T,20260902-011233,phase_detection,user_fixed_radius,user_fixed_radius,,20260902-011233,2.9228924030829053,False,2.591,5.365,5.365,2.12995,0.0553781,0.0275619,16.6393,1.37178,21.6271,4,5.40679,0,3,4.30157e-07,1
14,390.46,827.87,510.725,9.19059,20.0,55.9,5.0,annealing_T=125_h=25,present,present,False,20.0,1256.6370614359173,annealing_T=125_h=25,T,20260902-011233,phase_detection,user_fixed_radius,user_fixed_radius,,20260902-011233,2.9228924030829053,False,16.211,25.599,25.599,2.12995,0.0553781,0.0275619,16.6393,1.37178,21.6271,4,5.40679,0,3,4.30157e-07,1
15,406.76,527.08,11.1976,5.95212,20.0,51.65,0.75,annealing_T=125_h=25,present,present,False,20.0,1256.6370614359173,annealing_T=125_h=25,T,20260902-011233,phase_detection,user_fixed_radius,user_fixed_radius,,20260902-011233,2.9678611827374155,False,0.5257,2.99439,2.99439,1.61056,0.229089,0.091553,7.27778,2.32993,3.61702,4,0.904256,0,3,1.97886e-07,1
15,406.76,527.08,13.9749,6.9732,20.0,52.4,1.5,annealing_T=125_h=25,present,present,False,20.0,1256.6370614359173,annealing_T=125_h=25,T,20260902-011233,phase_detection,user_fixed_radius,user_fixed_radius,,20260902-011233,2.9678611827374155,False,0.7164,6.58806,6.58806,1.61056,0.229089,0.091553,7.27778,2.32993,3.61702,4,0.904256,0,3,1.97886e-07,1
15,406.76,527.08,19.2405,7.69541,20.0,52.9,2.0,annealing_T=125_h=25,present,present,False,20.0,1256.6370614359173,annealing_T=125_h=25,T,20260902-011233,phase_detection,user_fixed_radius,user_fixed_radius,,20260902-011233,2.9678611827374155,False,4.4358,3.5574,4.4358,1.61056,0.229089,0.091553,7.27778,2.32993,3.61702,4,0.904256,0,3,1.97886e-07,1
15,406.76,527.08,23.274,7.61363,20.0,53.4,2.5,annealing_T=125_h=25,present,present,False,20.0,1256.6370614359173,annealing_T=125_h=25,T,20260902-011233,phase_detection,user_fixed_radius,user_fixed_radius,,20260902-011233,2.9678611827374155,False,3.1872,1.4438,3.1872,1.61056,0.229089,0.091553,7.27778,2.32993,3.61702,4,0.904256,0,3,1.97886e-07,1
15,406.76,527.08,50.6073,8.04795,20.0,53.9,3.0,annealing_T=125_h=25,present,present,False,20.0,1256.6370614359173,annealing_T=125_h=25,T,20260902-011233,phase_detection,user_fixed_radius,user_fixed_radius,,20260902-011233,2.9678611827374155,False,0.2843,0.6682,0.6682,1.61056,0.229089,0.091553,7.27778,2.32993,3.61702,4,0.904256,0,3,1.97886e-07,1
15,406.76,527.08,96.9712,9.83447,20.0,55.9,5.0,annealing_T=125_h=25,present,present,False,20.0,1256.6370614359173,annealing_T=125_h=25,T,20260902-011233,phase_detection,user_fixed_radius,user_fixed_radius,,20260902-011233,2.9678611827374155,False,0.5353,1.1594,1.1594,1.61056,0.229089,0.091553,7.27778,2.32993,3.61702,4,0.904256,0,3,1.97886e-07,1
16,458.71,825.36,13.7902,6.01329,20.0,51.65,0.75,annealing_T=125_h=25,present,reappeared,False,20.0,1256.6370614359173,annealing_T=125_h=25,T,20260902-011233,phase_detection,user_fixed_radius,user_fixed_radius,,20260902-011233,2.800446392988043,False,1.8739,0.8793,1.8739,2.19659,0.040656,0.0455881,22.7309,1.37892,5.64284,4,1.41071,0,3,6.51277e-07,1
16,458.71,825.36,69.3883,6.80304,20.0,52.4,1.5,annealing_T=125_h=25,present,reappeared,False,20.0,1256.6370614359173,annealing_T=125_h=25,T,20260902-011233,phase_detection,user_fixed_radius,user_fixed_radius,,20260902-011233,2.800446392988043,False,1.1763,2.844,2.844,2.19659,0.040656,0.0455881,22.7309,1.37892,5.64284,4,1.41071,0,3,6.51277e-07,1
16,458.71,825.36,99.6861,7.5925,20.0,52.9,2.0,annealing_T=125_h=25,present,reappeared,False,20.0,1256.6370614359173,annealing_T=125_h=25,T,20260902-011233,phase_detection,user_fixed_radius,user_fixed_radius,,20260902-011233,2.800446392988043,False,4.6399,0.5275,4.6399,2.19659,0.040656,0.0455881,22.7309,1.37892,5.64284,4,1.41071,0,3,6.51277e-07,1
16,458.71,825.36,170.921,7.49505,20.0,53.4,2.5,annealing_T=125_h=25,present,reappeared,False,20.0,1256.6370614359173,annealing_T=125_h=25,T,20260902-011233,phase_detection,user_fixed_radius,user_fixed_radius,,20260902-011233,2.800446392988043,False,3.832,2.691,3.832,2.19659,0.040656,0.0455881,22.7309,1.37892,5.64284,4,1.41071,0,3,6.51277e-07,1
16,458.71,825.36,246.323,7.95877,20.0,53.9,3.0,annealing_T=125_h=25,present,reappeared,False,20.0,1256.6370614359173,annealing_T=125_h=25,T,20260902-011233,phase_detection,user_fixed_radius,user_fixed_radius,,20260902-011233,2.800446392988043,False,1.142,1.452,1.452,2.19659,0.040656,0.0455881,22.7309,1.37892,5.64284,4,1.41071,0,3,6.51277e-07,1
16,458.71,825.36,782.144,9.94229,20.0,55.9,5.0,annealing_T=125_h=25,present,reappeared,False,20.0,1256.6370614359173,annealing_T=125_h=25,T,20260902-011233,phase_detection,user_fixed_radius,user_fixed_radius,,20260902-011233,2.800446392988043,False,11.578,24.678,24.678,2.19659,0.040656,0.0455881,22.7309,1.37892,5.64284,4,1.41071,0,3,6.51277e-07,1
17,457.82,885.23,-12.705,20.6932,20.0,51.65,0.75,annealing_T=125_h=25,absent,absent,False,20.0,1256.6370614359173,annealing_T=100_h=25,T,20260629-230214,previous_detection,user_fixed_radius,user_fixed_radius,,20260902-011233,3.9699370272083954,False,1.1837,6.24728,6.24728,,,,,,,,,,,,0
17,457.82,885.23,-2.30078,14.3139,20.0,52.4,1.5,annealing_T=125_h=25,absent,absent,False,20.0,1256.6370614359173,annealing_T=100_h=25,T,20260629-230214,previous_detection,user_fixed_radius,user_fixed_radius,,20260902-011233,3.9699370272083954,False,0.53465,2.47492,2.47492,,,,,,,,,,,,0
17,457.82,885.23,-8.9367,10.6621,20.0,52.9,2.0,annealing_T=125_h=25,absent,absent,False,20.0,1256.6370614359173,annealing_T=100_h=25,T,20260629-230214,previous_detection,user_fixed_radius,user_fixed_radius,,20260902-011233,3.9699370272083954,False,3.141,3.14473,3.14473,,,,,,,,,,,,0
17,457.82,885.23,-22.3895,14.8169,20.0,53.4,2.5,annealing_T=125_h=25,absent,absent,False,20.0,1256.6370614359173,annealing_T=100_h=25,T,20260629-230214,previous_detection,user_fixed_radius,user_fixed_radius,,20260902-011233,3.9699370272083954,False,2.4327,9.462,9.462,,,,,,,,,,,,0
17,457.82,885.23,-11.123,13.6497,20.0,53.9,3.0,annealing_T=125_h=25,absent,absent,False,20.0,1256.6370614359173,annealing_T=100_h=25,T,20260629-230214,previous_detection,user_fixed_radius,user_fixed_radius,,20260902-011233,3.9699370272083954,False,6.5495,2.49728,6.5495,,,,,,,,,,,,0
17,457.82,885.23,-27.4935,17.5961,20.0,55.9,5.0,annealing_T=125_h=25,absent,absent,False,20.0,1256.6370614359173,annealing_T=100_h=25,T,20260629-230214,previous_detection,user_fixed_radius,user_fixed_radius,,20260902-011233,3.9699370272083954,False,5.9726,10.5999,10.5999,,,,,,,,,,,,0
18,474.36,336.42,6.26513,5.75474,20.0,51.65,0.75,annealing_T=125_h=25,present,present,False,20.0,1256.6370614359173,annealing_T=125_h=25,T,20260902-011233,phase_detection,user_fixed_radius,user_fixed_radius,,20260902-011233,3.80926502097187,False,1.56629,1.15603,1.56629,1.51578,0.297166,0.214331,5.62497,2.31645,3.71628,4,0.929071,0,3,1.10572e-07,1
18,474.36,336.42,1.79897,6.6912,20.0,52.4,1.5,annealing_T=125_h=25,present,present,False,20.0,1256.6370614359173,annealing_T=125_h=25,T,20260902-011233,phase_detection,user_fixed_radius,user_fixed_radius,,20260902-011233,3.80926502097187,False,2.69599,0.19062,2.69599,1.51578,0.297166,0.214331,5.62497,2.31645,3.71628,4,0.929071,0,3,1.10572e-07,1
18,474.36,336.42,17.8456,7.45797,20.0,52.9,2.0,annealing_T=125_h=25,present,present,False,20.0,1256.6370614359173,annealing_T=125_h=25,T,20260902-011233,phase_detection,user_fixed_radius,user_fixed_radius,,20260902-011233,3.80926502097187,False,1.326,3.3491,3.3491,1.51578,0.297166,0.214331,5.62497,2.31645,3.71628,4,0.929071,0,3,1.10572e-07,1
18,474.36,336.42,31.3449,7.321,20.0,53.4,2.5,annealing_T=125_h=25,present,present,False,20.0,1256.6370614359173,annealing_T=125_h=25,T,20260902-011233,phase_detection,user_fixed_radius,user_fixed_radius,,20260902-011233,3.80926502097187,False,0.3348,4.1481,4.1481,1.51578,0.297166,0.214331,5.62497,2.31645,3.71628,4,0.929071,0,3,1.10572e-07,1
18,474.36,336.42,25.0997,7.75022,20.0,53.9,3.0,annealing_T=125_h=25,present,present,False,20.0,1256.6370614359173,annealing_T=125_h=25,T,20260902-011233,phase_detection,user_fixed_radius,user_fixed_radius,,20260902-011233,3.80926502097187,False,7.8486,4.1314,7.8486,1.51578,0.297166,0.214331,5.62497,2.31645,3.71628,4,0.929071,0,3,1.10572e-07,1
18,474.36,336.42,64.2344,9.30513,20.0,55.9,5.0,annealing_T=125_h=25,present,present,False,20.0,1256.6370614359173,annealing_T=125_h=25,T,20260902-011233,phase_detection,user_fixed_radius,user_fixed_radius,,20260902-011233,3.80926502097187,False,14.1449,2.6443,14.1449,1.51578,0.297166,0.214331,5.62497,2.31645,3.71628,4,0.929071,0,3,1.10572e-07,1
19,490.03,665.48,6.69497,5.71965,20.0,51.65,0.75,annealing_T=125_h=25,absent,absent,False,20.0,1256.6370614359173,annealing_T=100_h=25,T,20260629-230214,previous_detection,user_fixed_radius,user_fixed_radius,,20260902-011233,2.6595676340337624,False,3.32314,7.067351,7.067351,,,,,,,,,,,,0
19,490.03,665.48,0.410357,6.71775,20.0,52.4,1.5,annealing_T=125_h=25,absent,absent,False,20.0,1256.6370614359173,annealing_T=100_h=25,T,20260629-230214,previous_detection,user_fixed_radius,user_fixed_radius,,20260902-011233,2.6595676340337624,False,0.86495,0.3442783,0.86495,,,,,,,,,,,,0
19,490.03,665.48,-4.69235,7.29671,20.0,52.9,2.0,annealing_T=125_h=25,absent,absent,False,20.0,1256.6370614359173,annealing_T=100_h=25,T,20260629-230214,previous_detection,user_fixed_radius,user_fixed_radius,,20260902-011233,2.6595676340337624,False,1.27509,3.09974,3.09974,,,,,,,,,,,,0
19,490.03,665.48,-8.16798,7.2966,20.0,53.4,2.5,annealing_T=125_h=25,absent,absent,False,20.0,1256.6370614359173,annealing_T=100_h=25,T,20260629-230214,previous_detection,user_fixed_radius,user_fixed_radius,,20260902-011233,2.6595676340337624,False,0.00265,1.95936,1.95936,,,,,,,,,,,,0
19,490.03,665.48,2.67862,7.51789,20.0,53.9,3.0,annealing_T=125_h=25,absent,absent,False,20.0,1256.6370614359173,annealing_T=100_h=25,T,20260629-230214,previous_detection,user_fixed_radius,user_fixed_radius,,20260902-011233,2.6595676340337624,False,5.59854,1.35584,5.59854,,,,,,,,,,,,0
19,490.03,665.48,27.1725,9.09509,20.0,55.9,5.0,annealing_T=125_h=25,absent,absent,False,20.0,1256.6370614359173,annealing_T=100_h=25,T,20260629-230214,previous_detection,user_fixed_radius,user_fixed_radius,,20260902-011233,2.6595676340337624,False,19.8341,18.7937,19.8341,,,,,,,,,,,,0
20,646.88,531.06,-4.63661,6.60435,20.0,51.65,0.75,annealing_T=125_h=25,absent,absent,False,20.0,1256.6370614359173,annealing_T=100_h=5,T,20260613-015321,previous_detection,user_fixed_radius,user_fixed_radius,,20260902-011233,2.339444378479701,False,3.998789,2.40419,3.998789,,,,,,,,,,,,0
20,646.88,531.06,7.95443,7.51907,20.0,52.4,1.5,annealing_T=125_h=25,absent,absent,False,20.0,1256.6370614359173,annealing_T=100_h=5,T,20260613-015321,previous_detection,user_fixed_radius,user_fixed_radius,,20260902-011233,2.339444378479701,False,1.08316,3.51298,3.51298,,,,,,,,,,,,0
20,646.88,531.06,3.96488,7.89663,20.0,52.9,2.0,annealing_T=125_h=25,absent,absent,False,20.0,1256.6370614359173,annealing_T=100_h=5,T,20260613-015321,previous_detection,user_fixed_radius,user_fixed_radius,,20260902-011233,2.339444378479701,False,0.68771,1.65942,1.65942,,,,,,,,,,,,0
20,646.88,531.06,1.83055,7.91295,20.0,53.4,2.5,annealing_T=125_h=25,absent,absent,False,20.0,1256.6370614359173,annealing_T=100_h=5,T,20260613-015321,previous_detection,user_fixed_radius,user_fixed_radius,,20260902-011233,2.339444378479701,False,0.69563,0.21641,0.69563,,,,,,,,,,,,0
20,646.88,531.06,1.47605,8.16033,20.0,53.9,3.0,annealing_T=125_h=25,absent,absent,False,20.0,1256.6370614359173,annealing_T=100_h=5,T,20260613-015321,previous_detection,user_fixed_radius,user_fixed_radius,,20260902-011233,2.339444378479701,False,1.02131,1.48099,1.48099,,,,,,,,,,,,0
20,646.88,531.06,12.9665,10.0801,20.0,55.9,5.0,annealing_T=125_h=25,absent,absent,False,20.0,1256.6370614359173,annealing_T=100_h=5,T,20260613-015321,previous_detection,user_fixed_radius,user_fixed_radius,,20260902-011233,2.339444378479701,False,2.1489,2.3514,2.3514,,,,,,,,,,,,0
21,669.18,428.24,6.32713,5.68475,20.0,51.65,0.75,annealing_T=125_h=25,present,present,False,20.0,1256.6370614359173,annealing_T=125_h=25,T,20260902-011233,phase_detection,user_fixed_radius,user_fixed_radius,,20260902-011233,1.93080294178348,False,2.65818,0.75065,2.65818,1.20556,0.19474,0.0624683,11.3166,2.8941,0.362907,4,0.0907266,0,3,1.93953e-06,1
21,669.18,428.24,18.1892,6.86974,20.0,52.4,1.5,annealing_T=125_h=25,present,present,False,20.0,1256.6370614359173,annealing_T=125_h=25,T,20260902-011233,phase_detection,user_fixed_radius,user_fixed_radius,,20260902-011233,1.93080294178348,False,1.198,1.9148,1.9148,1.20556,0.19474,0.0624683,11.3166,2.8941,0.362907,4,0.0907266,0,3,1.93953e-06,1
21,669.18,428.24,24.2272,7.68613,20.0,52.9,2.0,annealing_T=125_h=25,present,present,False,20.0,1256.6370614359173,annealing_T=125_h=25,T,20260902-011233,phase_detection,user_fixed_radius,user_fixed_radius,,20260902-011233,1.93080294178348,False,2.7294,0.4767,2.7294,1.20556,0.19474,0.0624683,11.3166,2.8941,0.362907,4,0.0907266,0,3,1.93953e-06,1
21,669.18,428.24,35.9618,7.6566,20.0,53.4,2.5,annealing_T=125_h=25,present,present,False,20.0,1256.6370614359173,annealing_T=125_h=25,T,20260902-011233,phase_detection,user_fixed_radius,user_fixed_radius,,20260902-011233,1.93080294178348,False,0.4062,2.2446,2.2446,1.20556,0.19474,0.0624683,11.3166,2.8941,0.362907,4,0.0907266,0,3,1.93953e-06,1
21,669.18,428.24,45.4444,8.17163,20.0,53.9,3.0,annealing_T=125_h=25,present,present,False,20.0,1256.6370614359173,annealing_T=125_h=25,T,20260902-011233,phase_detection,user_fixed_radius,user_fixed_radius,,20260902-011233,1.93080294178348,False,0.7618,2.4284,2.4284,1.20556,0.19474,0.0624683,11.3166,2.8941,0.362907,4,0.0907266,0,3,1.93953e-06,1
21,669.18,428.24,77.0005,9.52738,20.0,55.9,5.0,annealing_T=125_h=25,present,present,False,20.0,1256.6370614359173,annealing_T=125_h=25,T,20260902-011233,phase_detection,user_fixed_radius,user_fixed_radius,,20260902-011233,1.93080294178348,False,5.186,2.4782,5.186,1.20556,0.19474,0.0624683,11.3166,2.8941,0.362907,4,0.0907266,0,3,1.93953e-06,1
22,689.27,989.87,0.61322,9.05459,20.0,51.65,0.75,annealing_T=125_h=25,absent,disappeared,False,20.0,1256.6370614359173,annealing_T=125_h=5,T,20260725-020716,previous_detection,user_fixed_radius,user_fixed_radius,,20260902-011233,2.872107240337638,False,5.62934,0.041635,5.62934,,,,,,,,,,,,0
22,689.27,989.87,-3.94836,8.69031,20.0,52.4,1.5,annealing_T=125_h=25,absent,disappeared,False,20.0,1256.6370614359173,annealing_T=125_h=5,T,20260725-020716,previous_detection,user_fixed_radius,user_fixed_radius,,20260902-011233,2.872107240337638,False,2.50818,1.72219,2.50818,,,,,,,,,,,,0
22,689.27,989.87,-2.99545,9.33412,20.0,52.9,2.0,annealing_T=125_h=25,absent,disappeared,False,20.0,1256.6370614359173,annealing_T=125_h=5,T,20260725-020716,previous_detection,user_fixed_radius,user_fixed_radius,,20260902-011233,2.872107240337638,False,0.65035,0.62477,0.65035,,,,,,,,,,,,0
22,689.27,989.87,-0.11652,9.11168,20.0,53.4,2.5,annealing_T=125_h=25,absent,disappeared,False,20.0,1256.6370614359173,annealing_T=125_h=5,T,20260725-020716,previous_detection,user_fixed_radius,user_fixed_radius,,20260902-011233,2.872107240337638,False,8.09515,1.55735,8.09515,,,,,,,,,,,,0
22,689.27,989.87,0.295909,8.32258,20.0,53.9,3.0,annealing_T=125_h=25,absent,disappeared,False,20.0,1256.6370614359173,annealing_T=125_h=5,T,20260725-020716,previous_detection,user_fixed_radius,user_fixed_radius,,20260902-011233,2.872107240337638,False,3.484399,3.926869,3.926869,,,,,,,,,,,,0
22,689.27,989.87,3.18084,11.2776,20.0,55.9,5.0,annealing_T=125_h=25,absent,disappeared,False,20.0,1256.6370614359173,annealing_T=125_h=5,T,20260725-020716,previous_detection,user_fixed_radius,user_fixed_radius,,20260902-011233,2.872107240337638,False,1.10557,1.22931,1.22931,,,,,,,,,,,,0
23,730.37,379.22,12.5436,5.61561,20.0,51.65,0.75,annealing_T=125_h=25,present,present,False,20.0,1256.6370614359173,annealing_T=125_h=25,T,20260902-011233,phase_detection,user_fixed_radius,user_fixed_radius,,20260902-011233,2.3160310878742165,False,4.029,0.8429,4.029,1.52606,0.104648,0.0793942,15.5291,2.26158,3.84642,4,0.961605,0,3,4.58702e-08,1
23,730.37,379.22,17.4327,6.67143,20.0,52.4,1.5,annealing_T=125_h=25,present,present,False,20.0,1256.6370614359173,annealing_T=125_h=25,T,20260902-011233,phase_detection,user_fixed_radius,user_fixed_radius,,20260902-011233,2.3160310878742165,False,6.4381,1.4669,6.4381,1.52606,0.104648,0.0793942,15.5291,2.26158,3.84642,4,0.961605,0,3,4.58702e-08,1
23,730.37,379.22,46.1313,7.36064,20.0,52.9,2.0,annealing_T=125_h=25,present,present,False,20.0,1256.6370614359173,annealing_T=125_h=25,T,20260902-011233,phase_detection,user_fixed_radius,user_fixed_radius,,20260902-011233,2.3160310878742165,False,1.9906,2.8857,2.8857,1.52606,0.104648,0.0793942,15.5291,2.26158,3.84642,4,0.961605,0,3,4.58702e-08,1
23,730.37,379.22,66.5835,7.28492,20.0,53.4,2.5,annealing_T=125_h=25,present,present,False,20.0,1256.6370614359173,annealing_T=125_h=25,T,20260902-011233,phase_detection,user_fixed_radius,user_fixed_radius,,20260902-011233,2.3160310878742165,False,4.457,0.0116,4.457,1.52606,0.104648,0.0793942,15.5291,2.26158,3.84642,4,0.961605,0,3,4.58702e-08,1
23,730.37,379.22,87.6546,7.76873,20.0,53.9,3.0,annealing_T=125_h=25,present,present,False,20.0,1256.6370614359173,annealing_T=125_h=25,T,20260902-011233,phase_detection,user_fixed_radius,user_fixed_radius,,20260902-011233,2.3160310878742165,False,2.9142,4.9579,4.9579,1.52606,0.104648,0.0793942,15.5291,2.26158,3.84642,4,0.961605,0,3,4.58702e-08,1
23,730.37,379.22,178.576,9.17019,20.0,55.9,5.0,annealing_T=125_h=25,present,present,False,20.0,1256.6370614359173,annealing_T=125_h=25,T,20260902-011233,phase_detection,user_fixed_radius,user_fixed_radius,,20260902-011233,2.3160310878742165,False,5.327,1.124,5.327,1.52606,0.104648,0.0793942,15.5291,2.26158,3.84642,4,0.961605,0,3,4.58702e-08,1
24,818.93,699.23,11.5342,6.01123,20.0,51.65,0.75,annealing_T=125_h=25,absent,absent,False,20.0,1256.6370614359173,before_annealing,T,20260516-064844,previous_detection,user_fixed_radius,user_fixed_radius,,20260902-011233,0.0,False,1.8199,4.16636,4.16636,,,,,,,,,,,,0
24,818.93,699.23,-4.04847,6.76363,20.0,52.4,1.5,annealing_T=125_h=25,absent,absent,False,20.0,1256.6370614359173,before_annealing,T,20260516-064844,previous_detection,user_fixed_radius,user_fixed_radius,,20260902-011233,0.0,False,2.63758,0.21481,2.63758,,,,,,,,,,,,0
24,818.93,699.23,-2.98518,7.58979,20.0,52.9,2.0,annealing_T=125_h=25,absent,absent,False,20.0,1256.6370614359173,before_annealing,T,20260516-064844,previous_detection,user_fixed_radius,user_fixed_radius,,20260902-011233,0.0,False,0.86751,2.20963,2.20963,,,,,,,,,,,,0
24,818.93,699.23,-2.44354,7.61734,20.0,53.4,2.5,annealing_T=125_h=25,absent,absent,False,20.0,1256.6370614359173,before_annealing,T,20260516-064844,previous_detection,user_fixed_radius,user_fixed_radius,,20260902-011233,0.0,False,0.17177,2.136368,2.136368,,,,,,,,,,,,0
24,818.93,699.23,-8.66629,8.05785,20.0,53.9,3.0,annealing_T=125_h=25,absent,absent,False,20.0,1256.6370614359173,before_annealing,T,20260516-064844,previous_detection,user_fixed_radius,user_fixed_radius,,20260902-011233,0.0,False,2.03558,6.96069,6.96069,,,,,,,,,,,,0
24,818.93,699.23,21.0982,9.78087,20.0,55.9,5.0,annealing_T=125_h=25,absent,absent,False,20.0,1256.6370614359173,before_annealing,T,20260516-064844,previous_detection,user_fixed_radius,user_fixed_radius,,20260902-011233,0.0,False,10.0032,1.8485,10.0032,,,,,,,,,,,,0
25,831.12,799.24,-0.155513,5.9008,20.0,51.65,0.75,annealing_T=125_h=25,absent,disappeared,False,20.0,1256.6370614359173,annealing_T=125_h=5,T,20260725-020716,previous_detection,user_fixed_radius,user_fixed_radius,,20260902-011233,2.065962245540698,False,4.109663,1.039153,4.109663,,,,,,,,,,,,0
25,831.12,799.24,0.178566,6.64799,20.0,52.4,1.5,annealing_T=125_h=25,absent,disappeared,False,20.0,1256.6370614359173,annealing_T=125_h=5,T,20260725-020716,previous_detection,user_fixed_radius,user_fixed_radius,,20260902-011233,2.065962245540698,False,3.092046,2.096854,3.092046,,,,,,,,,,,,0
25,831.12,799.24,6.39503,7.47,20.0,52.9,2.0,annealing_T=125_h=25,absent,disappeared,False,20.0,1256.6370614359173,annealing_T=125_h=5,T,20260725-020716,previous_detection,user_fixed_radius,user_fixed_radius,,20260902-011233,2.065962245540698,False,2.91501,1.16327,2.91501,,,,,,,,,,,,0
25,831.12,799.24,6.30366,7.36973,20.0,53.4,2.5,annealing_T=125_h=25,absent,disappeared,False,20.0,1256.6370614359173,annealing_T=125_h=5,T,20260725-020716,previous_detection,user_fixed_radius,user_fixed_radius,,20260902-011233,2.065962245540698,False,0.28837,3.5372,3.5372,,,,,,,,,,,,0
25,831.12,799.24,26.1566,7.72438,20.0,53.9,3.0,annealing_T=125_h=25,absent,disappeared,False,20.0,1256.6370614359173,annealing_T=125_h=5,T,20260725-020716,previous_detection,user_fixed_radius,user_fixed_radius,,20260902-011233,2.065962245540698,False,5.1372,2.4963,5.1372,,,,,,,,,,,,0
25,831.12,799.24,195.86,9.61281,20.0,55.9,5.0,annealing_T=125_h=25,absent,disappeared,False,20.0,1256.6370614359173,annealing_T=125_h=5,T,20260725-020716,previous_detection,user_fixed_radius,user_fixed_radius,,20260902-011233,2.065962245540698,False,11.719,3.995,11.719,,,,,,,,,,,,0
26,849.32,169.18,90.0566,5.42938,20.0,51.65,0.75,annealing_T=125_h=25,present,present,False,20.0,1256.6370614359173,annealing_T=125_h=25,T,20260902-011233,phase_detection,user_fixed_radius,user_fixed_radius,,20260902-011233,2.907129168097008,False,2.962,1.4952,2.962,2.0986,0.0079248,0.0288065,129.116,1.48876,244.987,4,61.2467,0,3,1.07099e-09,1
26,849.32,169.18,365.219,6.49011,20.0,52.4,1.5,annealing_T=125_h=25,present,present,False,20.0,1256.6370614359173,annealing_T=125_h=25,T,20260902-011233,phase_detection,user_fixed_radius,user_fixed_radius,,20260902-011233,2.907129168097008,False,0.542,1.351,1.351,2.0986,0.0079248,0.0288065,129.116,1.48876,244.987,4,61.2467,0,3,1.07099e-09,1
26,849.32,169.18,592.234,7.22674,20.0,52.9,2.0,annealing_T=125_h=25,present,present,False,20.0,1256.6370614359173,annealing_T=125_h=25,T,20260902-011233,phase_detection,user_fixed_radius,user_fixed_radius,,20260902-011233,2.907129168097008,False,6.162,12.439,12.439,2.0986,0.0079248,0.0288065,129.116,1.48876,244.987,4,61.2467,0,3,1.07099e-09,1
26,849.32,169.18,866.265,7.42321,20.0,53.4,2.5,annealing_T=125_h=25,present,present,False,20.0,1256.6370614359173,annealing_T=125_h=25,T,20260902-011233,phase_detection,user_fixed_radius,user_fixed_radius,,20260902-011233,2.907129168097008,False,12.034,11.822,12.034,2.0986,0.0079248,0.0288065,129.116,1.48876,244.987,4,61.2467,0,3,1.07099e-09,1
26,849.32,169.18,1217.99,7.8648,20.0,53.9,3.0,annealing_T=125_h=25,present,present,False,20.0,1256.6370614359173,annealing_T=125_h=25,T,20260902-011233,phase_detection,user_fixed_radius,user_fixed_radius,,20260902-011233,2.907129168097008,False,12.48,23.91,23.91,2.0986,0.0079248,0.0288065,129.116,1.48876,244.987,4,61.2467,0,3,1.07099e-09,1
26,849.32,169.18,3813.22,10.8501,20.0,55.9,5.0,annealing_T=125_h=25,present,present,False,20.0,1256.6370614359173,annealing_T=125_h=25,T,20260902-011233,phase_detection,user_fixed_radius,user_fixed_radius,,20260902-011233,2.907129168097008,False,104.81,123.82,123.82,2.0986,0.0079248,0.0288065,129.116,1.48876,244.987,4,61.2467,0,3,1.07099e-09,1
27,850.08,943.99,1.60784,6.90088,20.0,51.65,0.75,annealing_T=125_h=25,absent,disappeared,False,20.0,1256.6370614359173,annealing_T=125_h=5,T,20260725-020716,previous_detection,user_fixed_radius,user_fixed_radius,,20260902-011233,2.986168113150976,False,0.80449,1.39306,1.39306,,,,,,,,,,,,0
27,850.08,943.99,1.16008,7.53282,20.0,52.4,1.5,annealing_T=125_h=25,absent,disappeared,False,20.0,1256.6370614359173,annealing_T=125_h=5,T,20260725-020716,previous_detection,user_fixed_radius,user_fixed_radius,,20260902-011233,2.986168113150976,False,5.88675,4.901,5.88675,,,,,,,,,,,,0
27,850.08,943.99,2.22169,8.42551,20.0,52.9,2.0,annealing_T=125_h=25,absent,disappeared,False,20.0,1256.6370614359173,annealing_T=125_h=5,T,20260725-020716,previous_detection,user_fixed_radius,user_fixed_radius,,20260902-011233,2.986168113150976,False,3.73936,4.86614,4.86614,,,,,,,,,,,,0
27,850.08,943.99,-6.6684,8.23713,20.0,53.4,2.5,annealing_T=125_h=25,absent,disappeared,False,20.0,1256.6370614359173,annealing_T=125_h=5,T,20260725-020716,previous_detection,user_fixed_radius,user_fixed_radius,,20260902-011233,2.986168113150976,False,3.6675,6.224345,6.224345,,,,,,,,,,,,0
27,850.08,943.99,6.7167,8.81433,20.0,53.9,3.0,annealing_T=125_h=25,absent,disappeared,False,20.0,1256.6370614359173,annealing_T=125_h=5,T,20260725-020716,previous_detection,user_fixed_radius,user_fixed_radius,,20260902-011233,2.986168113150976,False,3.33695,1.88042,3.33695,,,,,,,,,,,,0
27,850.08,943.99,19.0113,10.4675,20.0,55.9,5.0,annealing_T=125_h=25,absent,disappeared,False,20.0,1256.6370614359173,annealing_T=125_h=5,T,20260725-020716,previous_detection,user_fixed_radius,user_fixed_radius,,20260902-011233,2.986168113150976,False,7.7884,5.9532,7.7884,,,,,,,,,,,,0
28,883.69,868.08,13.7213,5.95629,20.0,51.65,0.75,annealing_T=125_h=25,absent,disappeared,False,20.0,1256.6370614359173,annealing_T=125_h=5,T,20260725-020716,previous_detection,user_fixed_radius,user_fixed_radius,,20260902-011233,2.3212281232140257,False,1.285,2.557,2.557,,,,,,,,,,,,0
28,883.69,868.08,4.1715,6.89428,20.0,52.4,1.5,annealing_T=125_h=25,absent,disappeared,False,20.0,1256.6370614359173,annealing_T=125_h=5,T,20260725-020716,previous_detection,user_fixed_radius,user_fixed_radius,,20260902-011233,2.3212281232140257,False,0.55313,1.81713,1.81713,,,,,,,,,,,,0
28,883.69,868.08,-4.17482,7.85183,20.0,52.9,2.0,annealing_T=125_h=25,absent,disappeared,False,20.0,1256.6370614359173,annealing_T=125_h=5,T,20260725-020716,previous_detection,user_fixed_radius,user_fixed_radius,,20260902-011233,2.3212281232140257,False,4.02918,3.307805,4.02918,,,,,,,,,,,,0
28,883.69,868.08,6.24442,7.46743,20.0,53.4,2.5,annealing_T=125_h=25,absent,disappeared,False,20.0,1256.6370614359173,annealing_T=125_h=5,T,20260725-020716,previous_detection,user_fixed_radius,user_fixed_radius,,20260902-011233,2.3212281232140257,False,3.84313,1.40481,3.84313,,,,,,,,,,,,0
28,883.69,868.08,-5.60207,8.15393,20.0,53.9,3.0,annealing_T=125_h=25,absent,disappeared,False,20.0,1256.6370614359173,annealing_T=125_h=5,T,20260725-020716,previous_detection,user_fixed_radius,user_fixed_radius,,20260902-011233,2.3212281232140257,False,4.55692,1.10196,4.55692,,,,,,,,,,,,0
28,883.69,868.08,-4.83137,9.51838,20.0,55.9,5.0,annealing_T=125_h=25,absent,disappeared,False,20.0,1256.6370614359173,annealing_T=125_h=5,T,20260725-020716,previous_detection,user_fixed_radius,user_fixed_radius,,20260902-011233,2.3212281232140257,False,11.16693,2.20972,11.16693,,,,,,,,,,,,0
29,927.71,740.4,14.7505,5.67448,20.0,51.65,0.75,annealing_T=125_h=25,present,present,False,20.0,1256.6370614359173,annealing_T=125_h=25,T,20260902-011233,phase_detection,user_fixed_radius,user_fixed_radius,,20260902-011233,1.018430164517966,False,2.1465,0.9214,2.1465,1.74271,0.12494,0.0429821,11.0884,1.97852,2.59715,4,0.649288,0,3,2.18118e-07,1
29,927.71,740.4,19.8543,6.63468,20.0,52.4,1.5,annealing_T=125_h=25,present,present,False,20.0,1256.6370614359173,annealing_T=125_h=25,T,20260902-011233,phase_detection,user_fixed_radius,user_fixed_radius,,20260902-011233,1.018430164517966,False,1.2434,1.0243,1.2434,1.74271,0.12494,0.0429821,11.0884,1.97852,2.59715,4,0.649288,0,3,2.18118e-07,1
29,927.71,740.4,39.4476,7.24957,20.0,52.9,2.0,annealing_T=125_h=25,present,present,False,20.0,1256.6370614359173,annealing_T=125_h=25,T,20260902-011233,phase_detection,user_fixed_radius,user_fixed_radius,,20260902-011233,1.018430164517966,False,2.5895,0.93,2.5895,1.74271,0.12494,0.0429821,11.0884,1.97852,2.59715,4,0.649288,0,3,2.18118e-07,1
29,927.71,740.4,50.7061,7.19399,20.0,53.4,2.5,annealing_T=125_h=25,present,present,False,20.0,1256.6370614359173,annealing_T=125_h=25,T,20260902-011233,phase_detection,user_fixed_radius,user_fixed_radius,,20260902-011233,1.018430164517966,False,4.6134,1.9315,4.6134,1.74271,0.12494,0.0429821,11.0884,1.97852,2.59715,4,0.649288,0,3,2.18118e-07,1
29,927.71,740.4,75.037,7.76109,20.0,53.9,3.0,annealing_T=125_h=25,present,present,False,20.0,1256.6370614359173,annealing_T=125_h=25,T,20260902-011233,phase_detection,user_fixed_radius,user_fixed_radius,,20260902-011233,1.018430164517966,False,1.3769,8.1431,8.1431,1.74271,0.12494,0.0429821,11.0884,1.97852,2.59715,4,0.649288,0,3,2.18118e-07,1
29,927.71,740.4,184.391,9.2478,20.0,55.9,5.0,annealing_T=125_h=25,present,present,False,20.0,1256.6370614359173,annealing_T=125_h=25,T,20260902-011233,phase_detection,user_fixed_radius,user_fixed_radius,,20260902-011233,1.018430164517966,False,6.136,6.927,6.927,1.74271,0.12494,0.0429821,11.0884,1.97852,2.59715,4,0.649288,0,3,2.18118e-07,1
30,935.58,978.07,23.5967,5.81082,20.0,51.65,0.75,annealing_T=125_h=25,present,present,False,20.0,1256.6370614359173,annealing_T=125_h=25,T,20260902-011233,phase_detection,user_fixed_radius,user_fixed_radius,,20260902-011233,1.2800390619039328,False,4.9806,4.0961,4.9806,2.34515,0.0550909,0.042577,14.4191,1.20286,12.9312,4,3.23279,0,3,1.43147e-07,1
30,935.58,978.07,48.5677,6.81516,20.0,52.4,1.5,annealing_T=125_h=25,present,present,False,20.0,1256.6370614359173,annealing_T=125_h=25,T,20260902-011233,phase_detection,user_fixed_radius,user_fixed_radius,,20260902-011233,1.2800390619039328,False,6.2166,0.6184,6.2166,2.34515,0.0550909,0.042577,14.4191,1.20286,12.9312,4,3.23279,0,3,1.43147e-07,1
30,935.58,978.07,63.5353,7.31737,20.0,52.9,2.0,annealing_T=125_h=25,present,present,False,20.0,1256.6370614359173,annealing_T=125_h=25,T,20260902-011233,phase_detection,user_fixed_radius,user_fixed_radius,,20260902-011233,1.2800390619039328,False,0.016,2.2558,2.2558,2.34515,0.0550909,0.042577,14.4191,1.20286,12.9312,4,3.23279,0,3,1.43147e-07,1
30,935.58,978.07,125.741,7.46987,20.0,53.4,2.5,annealing_T=125_h=25,present,present,False,20.0,1256.6370614359173,annealing_T=125_h=25,T,20260902-011233,phase_detection,user_fixed_radius,user_fixed_radius,,20260902-011233,1.2800390619039328,False,5.702,3.918,5.702,2.34515,0.0550909,0.042577,14.4191,1.20286,12.9312,4,3.23279,0,3,1.43147e-07,1
30,935.58,978.07,184.03,7.91816,20.0,53.9,3.0,annealing_T=125_h=25,present,present,False,20.0,1256.6370614359173,annealing_T=125_h=25,T,20260902-011233,phase_detection,user_fixed_radius,user_fixed_radius,,20260902-011233,1.2800390619039328,False,7.925,3.869,7.925,2.34515,0.0550909,0.042577,14.4191,1.20286,12.9312,4,3.23279,0,3,1.43147e-07,1
30,935.58,978.07,630.134,9.5664,20.0,55.9,5.0,annealing_T=125_h=25,present,present,False,20.0,1256.6370614359173,annealing_T=125_h=25,T,20260902-011233,phase_detection,user_fixed_radius,user_fixed_radius,,20260902-011233,1.2800390619039328,False,17.166,28.755,28.755,2.34515,0.0550909,0.042577,14.4191,1.20286,12.9312,4,3.23279,0,3,1.43147e-07,1
31,974.84,138.7,18.0992,6.0687,20.0,51.65,0.75,annealing_T=125_h=25,present,present,False,20.0,1256.6370614359173,annealing_T=125_h=25,T,20260902-011233,phase_detection,user_fixed_radius,user_fixed_radius,,20260902-011233,3.1319802042797,False,1.3209,2.5466,2.5466,1.65259,0.0442388,0.0195229,34.2586,2.14572,28.0216,4,7.00539,0,3,4.80376e-08,1
31,974.84,138.7,41.1656,7.06286,20.0,52.4,1.5,annealing_T=125_h=25,present,present,False,20.0,1256.6370614359173,annealing_T=125_h=25,T,20260902-011233,phase_detection,user_fixed_radius,user_fixed_radius,,20260902-011233,3.1319802042797,False,0.9844,1.6111,1.6111,1.65259,0.0442388,0.0195229,34.2586,2.14572,28.0216,4,7.00539,0,3,4.80376e-08,1
31,974.84,138.7,96.839,7.76431,20.0,52.9,2.0,annealing_T=125_h=25,present,present,False,20.0,1256.6370614359173,annealing_T=125_h=25,T,20260902-011233,phase_detection,user_fixed_radius,user_fixed_radius,,20260902-011233,3.1319802042797,False,6.008,1.1192,6.008,1.65259,0.0442388,0.0195229,34.2586,2.14572,28.0216,4,7.00539,0,3,4.80376e-08,1
31,974.84,138.7,171.277,7.69617,20.0,53.4,2.5,annealing_T=125_h=25,present,present,False,20.0,1256.6370614359173,annealing_T=125_h=25,T,20260902-011233,phase_detection,user_fixed_radius,user_fixed_radius,,20260902-011233,3.1319802042797,False,1.824,0.913,1.824,1.65259,0.0442388,0.0195229,34.2586,2.14572,28.0216,4,7.00539,0,3,4.80376e-08,1
31,974.84,138.7,232.951,8.34659,20.0,53.9,3.0,annealing_T=125_h=25,present,present,False,20.0,1256.6370614359173,annealing_T=125_h=25,T,20260902-011233,phase_detection,user_fixed_radius,user_fixed_radius,,20260902-011233,3.1319802042797,False,5.543,1.691,5.543,1.65259,0.0442388,0.0195229,34.2586,2.14572,28.0216,4,7.00539,0,3,4.80376e-08,1
31,974.84,138.7,479.051,9.90761,20.0,55.9,5.0,annealing_T=125_h=25,present,present,False,20.0,1256.6370614359173,annealing_T=125_h=25,T,20260902-011233,phase_detection,user_fixed_radius,user_fixed_radius,,20260902-011233,3.1319802042797,False,6.699,1.139,6.699,1.65259,0.0442388,0.0195229,34.2586,2.14572,28.0216,4,7.00539,0,3,4.80376e-08,1
32,979.03,701.92,2.9201,5.86257,20.0,51.65,0.75,annealing_T=125_h=25,absent,absent,False,20.0,1256.6370614359173,annealing_T=100_h=5,T,20260613-015321,previous_detection,user_fixed_radius,user_fixed_radius,,20260902-011233,0.8141252974819799,False,0.83849,0.94255,0.94255,,,,,,,,,,,,0
32,979.03,701.92,9.74373,6.95635,20.0,52.4,1.5,annealing_T=125_h=25,absent,absent,False,20.0,1256.6370614359173,annealing_T=100_h=5,T,20260613-015321,previous_detection,user_fixed_radius,user_fixed_radius,,20260902-011233,0.8141252974819799,False,2.36582,2.21377,2.36582,,,,,,,,,,,,0
32,979.03,701.92,-5.23759,7.50159,20.0,52.9,2.0,annealing_T=125_h=25,absent,absent,False,20.0,1256.6370614359173,annealing_T=100_h=5,T,20260613-015321,previous_detection,user_fixed_radius,user_fixed_radius,,20260902-011233,0.8141252974819799,False,0.39096,3.21658,3.21658,,,,,,,,,,,,0
32,979.03,701.92,-6.89848,7.54673,20.0,53.4,2.5,annealing_T=125_h=25,absent,absent,False,20.0,1256.6370614359173,annealing_T=100_h=5,T,20260613-015321,previous_detection,user_fixed_radius,user_fixed_radius,,20260902-011233,0.8141252974819799,False,1.90153,1.58403,1.90153,,,,,,,,,,,,0
32,979.03,701.92,8.85389,7.95267,20.0,53.9,3.0,annealing_T=125_h=25,absent,absent,False,20.0,1256.6370614359173,annealing_T=100_h=5,T,20260613-015321,previous_detection,user_fixed_radius,user_fixed_radius,,20260902-011233,0.8141252974819799,False,2.69213,1.00833,2.69213,,,,,,,,,,,,0
32,979.03,701.92,1.8219,9.63206,20.0,55.9,5.0,annealing_T=125_h=25,absent,absent,False,20.0,1256.6370614359173,annealing_T=100_h=5,T,20260613-015321,previous_detection,user_fixed_radius,user_fixed_radius,,20260902-011233,0.8141252974819799,False,0.35442,2.53512,2.53512,,,,,,,,,,,,0
33,1060.73,682.57,10.81,6.38632,20.0,51.65,0.75,annealing_T=125_h=25,present,reappeared,False,20.0,1256.6370614359173,annealing_T=125_h=25,T,20260902-011233,phase_detection,user_fixed_radius,user_fixed_radius,,20260902-011233,0.5000999900019993,False,1.3995,4.85281,4.85281,2.60609,0.429691,0.296136,1.79078,1.18044,4.43732,4,1.10933,0,3,1.0928e-07,1
33,1060.73,682.57,8.01645,7.66169,20.0,52.4,1.5,annealing_T=125_h=25,present,reappeared,False,20.0,1256.6370614359173,annealing_T=125_h=25,T,20260902-011233,phase_detection,user_fixed_radius,user_fixed_radius,,20260902-011233,0.5000999900019993,False,0.63795,1.0081,1.0081,2.60609,0.429691,0.296136,1.79078,1.18044,4.43732,4,1.10933,0,3,1.0928e-07,1
33,1060.73,682.57,19.7953,8.53202,20.0,52.9,2.0,annealing_T=125_h=25,present,reappeared,False,20.0,1256.6370614359173,annealing_T=125_h=25,T,20260902-011233,phase_detection,user_fixed_radius,user_fixed_radius,,20260902-011233,0.5000999900019993,False,3.1245,2.4502,3.1245,2.60609,0.429691,0.296136,1.79078,1.18044,4.43732,4,1.10933,0,3,1.0928e-07,1
33,1060.73,682.57,12.8129,8.60527,20.0,53.4,2.5,annealing_T=125_h=25,present,reappeared,False,20.0,1256.6370614359173,annealing_T=125_h=25,T,20260902-011233,phase_detection,user_fixed_radius,user_fixed_radius,,20260902-011233,0.5000999900019993,False,0.0011,1.967,1.967,2.60609,0.429691,0.296136,1.79078,1.18044,4.43732,4,1.10933,0,3,1.0928e-07,1
33,1060.73,682.57,27.7445,9.14927,20.0,53.9,3.0,annealing_T=125_h=25,present,reappeared,False,20.0,1256.6370614359173,annealing_T=125_h=25,T,20260902-011233,phase_detection,user_fixed_radius,user_fixed_radius,,20260902-011233,0.5000999900019993,False,3.51,4.6114,4.6114,2.60609,0.429691,0.296136,1.79078,1.18044,4.43732,4,1.10933,0,3,1.0928e-07,1
33,1060.73,682.57,120.168,11.2545,20.0,55.9,5.0,annealing_T=125_h=25,present,reappeared,False,20.0,1256.6370614359173,annealing_T=125_h=25,T,20260902-011233,phase_detection,user_fixed_radius,user_fixed_radius,,20260902-011233,0.5000999900019993,False,5.922,9.704,9.704,2.60609,0.429691,0.296136,1.79078,1.18044,4.43732,4,1.10933,0,3,1.0928e-07,1
34,1070.05,853.97,35.8444,5.67613,20.0,51.65,0.75,annealing_T=125_h=25,present,present,False,20.0,1256.6370614359173,annealing_T=125_h=25,T,20260902-011233,phase_detection,user_fixed_radius,user_fixed_radius,,20260902-011233,0.2408318915759478,False,3.1559,0.1898,3.1559,2.30105,0.0188192,0.0224894,43.2358,1.21968,13.3277,4,3.33193,0,3,3.44647e-07,1
34,1070.05,853.97,121.687,6.65827,20.0,52.4,1.5,annealing_T=125_h=25,present,present,False,20.0,1256.6370614359173,annealing_T=125_h=25,T,20260902-011233,phase_detection,user_fixed_radius,user_fixed_radius,,20260902-011233,0.2408318915759478,False,4.692,4.885,4.885,2.30105,0.0188192,0.0224894,43.2358,1.21968,13.3277,4,3.33193,0,3,3.44647e-07,1
34,1070.05,853.97,221.556,7.24757,20.0,52.9,2.0,annealing_T=125_h=25,present,present,False,20.0,1256.6370614359173,annealing_T=125_h=25,T,20260902-011233,phase_detection,user_fixed_radius,user_fixed_radius,,20260902-011233,0.2408318915759478,False,1.904,3.722,3.722,2.30105,0.0188192,0.0224894,43.2358,1.21968,13.3277,4,3.33193,0,3,3.44647e-07,1
34,1070.05,853.97,346.577,7.22899,20.0,53.4,2.5,annealing_T=125_h=25,present,present,False,20.0,1256.6370614359173,annealing_T=125_h=25,T,20260902-011233,phase_detection,user_fixed_radius,user_fixed_radius,,20260902-011233,0.2408318915759478,False,4.812,5.517,5.517,2.30105,0.0188192,0.0224894,43.2358,1.21968,13.3277,4,3.33193,0,3,3.44647e-07,1
34,1070.05,853.97,532.874,7.82392,20.0,53.9,3.0,annealing_T=125_h=25,present,present,False,20.0,1256.6370614359173,annealing_T=125_h=25,T,20260902-011233,phase_detection,user_fixed_radius,user_fixed_radius,,20260902-011233,0.2408318915759478,False,10.888,11.154,11.154,2.30105,0.0188192,0.0224894,43.2358,1.21968,13.3277,4,3.33193,0,3,3.44647e-07,1
34,1070.05,853.97,1758.68,9.99539,20.0,55.9,5.0,annealing_T=125_h=25,present,present,False,20.0,1256.6370614359173,annealing_T=125_h=25,T,20260902-011233,phase_detection,user_fixed_radius,user_fixed_radius,,20260902-011233,0.2408318915759478,False,50.73,60.77,60.77,2.30105,0.0188192,0.0224894,43.2358,1.21968,13.3277,4,3.33193,0,3,3.44647e-07,1
35,1084.42,489.13,-3.97197,5.4695,20.0,51.65,0.75,annealing_T=125_h=25,absent,absent,False,20.0,1256.6370614359173,annealing_T=100_h=25,T,20260629-230214,previous_detection,user_fixed_radius,user_fixed_radius,,20260902-011233,0.8005623023849994,False,0.36821,2.56503,2.56503,,,,,,,,,,,,0
35,1084.42,489.13,7.71591,6.38075,20.0,52.4,1.5,annealing_T=125_h=25,absent,absent,False,20.0,1256.6370614359173,annealing_T=100_h=25,T,20260629-230214,previous_detection,user_fixed_radius,user_fixed_radius,,20260902-011233,0.8005623023849994,False,0.42733,0.46607,0.46607,,,,,,,,,,,,0
35,1084.42,489.13,-7.3773,6.93098,20.0,52.9,2.0,annealing_T=125_h=25,absent,absent,False,20.0,1256.6370614359173,annealing_T=100_h=25,T,20260629-230214,previous_detection,user_fixed_radius,user_fixed_radius,,20260902-011233,0.8005623023849994,False,0.13169,0.18909,0.18909,,,,,,,,,,,,0
35,1084.42,489.13,-9.06195,6.99835,20.0,53.4,2.5,annealing_T=125_h=25,absent,absent,False,20.0,1256.6370614359173,annealing_T=100_h=25,T,20260629-230214,previous_detection,user_fixed_radius,user_fixed_radius,,20260902-011233,0.8005623023849994,False,0.76246,2.22208,2.22208,,,,,,,,,,,,0
35,1084.42,489.13,-5.67081,7.2,20.0,53.9,3.0,annealing_T=125_h=25,absent,absent,False,20.0,1256.6370614359173,annealing_T=100_h=25,T,20260629-230214,previous_detection,user_fixed_radius,user_fixed_radius,,20260902-011233,0.8005623023849994,False,5.27159,8.4512,8.4512,,,,,,,,,,,,0
35,1084.42,489.13,-11.0433,8.7266,20.0,55.9,5.0,annealing_T=125_h=25,absent,absent,False,20.0,1256.6370614359173,annealing_T=100_h=25,T,20260629-230214,previous_detection,user_fixed_radius,user_fixed_radius,,20260902-011233,0.8005623023849994,False,12.7151,8.1022,12.7151,,,,,,,,,,,,0
36,1111.98,793.83,3.61056,5.69887,20.0,51.65,0.75,annealing_T=125_h=25,present,present,False,20.0,1256.6370614359173,annealing_T=125_h=25,T,20260902-011233,phase_detection,user_fixed_radius,user_fixed_radius,,20260902-011233,0.1166190378967999,False,3.31408,0.12499,3.31408,1.91245,0.106022,0.03726,11.1016,1.71882,2.99281,4,0.748203,0,3,6.17162e-08,1
36,1111.98,793.83,31.8846,6.68395,20.0,52.4,1.5,annealing_T=125_h=25,present,present,False,20.0,1256.6370614359173,annealing_T=125_h=25,T,20260902-011233,phase_detection,user_fixed_radius,user_fixed_radius,,20260902-011233,0.1166190378967999,False,4.6828,3.2158,4.6828,1.91245,0.106022,0.03726,11.1016,1.71882,2.99281,4,0.748203,0,3,6.17162e-08,1
36,1111.98,793.83,45.5517,7.33262,20.0,52.9,2.0,annealing_T=125_h=25,present,present,False,20.0,1256.6370614359173,annealing_T=125_h=25,T,20260902-011233,phase_detection,user_fixed_radius,user_fixed_radius,,20260902-011233,0.1166190378967999,False,1.4297,4.2126,4.2126,1.91245,0.106022,0.03726,11.1016,1.71882,2.99281,4,0.748203,0,3,6.17162e-08,1
36,1111.98,793.83,56.1878,7.43008,20.0,53.4,2.5,annealing_T=125_h=25,present,present,False,20.0,1256.6370614359173,annealing_T=125_h=25,T,20260902-011233,phase_detection,user_fixed_radius,user_fixed_radius,,20260902-011233,0.1166190378967999,False,0.2069,4.9974,4.9974,1.91245,0.106022,0.03726,11.1016,1.71882,2.99281,4,0.748203,0,3,6.17162e-08,1
36,1111.98,793.83,90.2626,7.74841,20.0,53.9,3.0,annealing_T=125_h=25,present,present,False,20.0,1256.6370614359173,annealing_T=125_h=25,T,20260902-011233,phase_detection,user_fixed_radius,user_fixed_radius,,20260902-011233,0.1166190378967999,False,0.7699,2.7046,2.7046,1.91245,0.106022,0.03726,11.1016,1.71882,2.99281,4,0.748203,0,3,6.17162e-08,1
36,1111.98,793.83,242.24,9.31055,20.0,55.9,5.0,annealing_T=125_h=25,present,present,False,20.0,1256.6370614359173,annealing_T=125_h=25,T,20260902-011233,phase_detection,user_fixed_radius,user_fixed_radius,,20260902-011233,0.1166190378967999,False,0.118,5.81,5.81,1.91245,0.106022,0.03726,11.1016,1.71882,2.99281,4,0.748203,0,3,6.17162e-08,1
37,1118.44,919.18,15.6504,6.19456,20.0,51.65,0.75,annealing_T=125_h=25,absent,absent,False,20.0,1256.6370614359173,annealing_T=100_h=25,T,20260629-230214,previous_detection,user_fixed_radius,user_fixed_radius,,20260902-011233,2.825402626175443,False,5.7091,4.9403,5.7091,,,,,,,,,,,,0
37,1118.44,919.18,14.9993,7.09076,20.0,52.4,1.5,annealing_T=125_h=25,absent,absent,False,20.0,1256.6370614359173,annealing_T=100_h=25,T,20260629-230214,previous_detection,user_fixed_radius,user_fixed_radius,,20260902-011233,2.825402626175443,False,1.3848,5.43373,5.43373,,,,,,,,,,,,0
37,1118.44,919.18,9.15233,7.90615,20.0,52.9,2.0,annealing_T=125_h=25,absent,absent,False,20.0,1256.6370614359173,annealing_T=100_h=25,T,20260629-230214,previous_detection,user_fixed_radius,user_fixed_radius,,20260902-011233,2.825402626175443,False,1.89767,3.25737,3.25737,,,,,,,,,,,,0
37,1118.44,919.18,1.37922,7.81888,20.0,53.4,2.5,annealing_T=125_h=25,absent,absent,False,20.0,1256.6370614359173,annealing_T=100_h=25,T,20260629-230214,previous_detection,user_fixed_radius,user_fixed_radius,,20260902-011233,2.825402626175443,False,2.86957,3.45803,3.45803,,,,,,,,,,,,0
37,1118.44,919.18,12.519,8.30543,20.0,53.9,3.0,annealing_T=125_h=25,absent,absent,False,20.0,1256.6370614359173,annealing_T=100_h=25,T,20260629-230214,previous_detection,user_fixed_radius,user_fixed_radius,,20260902-011233,2.825402626175443,False,1.9139,1.2594,1.9139,,,,,,,,,,,,0
37,1118.44,919.18,15.3703,9.79355,20.0,55.9,5.0,annealing_T=125_h=25,absent,absent,False,20.0,1256.6370614359173,annealing_T=100_h=25,T,20260629-230214,previous_detection,user_fixed_radius,user_fixed_radius,,20260902-011233,2.825402626175443,False,2.5788,1.7472,2.5788,,,,,,,,,,,,0
38,1187.79,758.22,-3.15312,5.76271,20.0,51.65,0.75,annealing_T=125_h=25,absent,disappeared,False,20.0,1256.6370614359173,annealing_T=125_h=5,T,20260725-020716,previous_detection,user_fixed_radius,user_fixed_radius,,20260902-011233,1.573086138773084,False,2.07911,1.28658,2.07911,,,,,,,,,,,,0
38,1187.79,758.22,7.84585,6.89072,20.0,52.4,1.5,annealing_T=125_h=25,absent,disappeared,False,20.0,1256.6370614359173,annealing_T=125_h=5,T,20260725-020716,previous_detection,user_fixed_radius,user_fixed_radius,,20260902-011233,1.573086138773084,False,4.84545,0.23414,4.84545,,,,,,,,,,,,0
38,1187.79,758.22,6.34027,7.68985,20.0,52.9,2.0,annealing_T=125_h=25,absent,disappeared,False,20.0,1256.6370614359173,annealing_T=125_h=5,T,20260725-020716,previous_detection,user_fixed_radius,user_fixed_radius,,20260902-011233,1.573086138773084,False,3.97906,1.71041,3.97906,,,,,,,,,,,,0
38,1187.79,758.22,1.61932,7.53181,20.0,53.4,2.5,annealing_T=125_h=25,absent,disappeared,False,20.0,1256.6370614359173,annealing_T=125_h=5,T,20260725-020716,previous_detection,user_fixed_radius,user_fixed_radius,,20260902-011233,1.573086138773084,False,6.53674,3.26932,6.53674,,,,,,,,,,,,0
38,1187.79,758.22,-2.97332,7.93227,20.0,53.9,3.0,annealing_T=125_h=25,absent,disappeared,False,20.0,1256.6370614359173,annealing_T=125_h=5,T,20260725-020716,previous_detection,user_fixed_radius,user_fixed_radius,,20260902-011233,1.573086138773084,False,4.81181,2.9586647,4.81181,,,,,,,,,,,,0
38,1187.79,758.22,105.926,9.47754,20.0,55.9,5.0,annealing_T=125_h=25,absent,disappeared,False,20.0,1256.6370614359173,annealing_T=125_h=5,T,20260725-020716,previous_detection,user_fixed_radius,user_fixed_radius,,20260902-011233,1.573086138773084,False,6.954,0.748,6.954,,,,,,,,,,,,0
39,1216.59,695.02,8.59744,5.73798,20.0,51.65,0.75,annealing_T=125_h=25,absent,absent,False,20.0,1256.6370614359173,annealing_T=100_h=25,T,20260629-230214,previous_detection,user_fixed_radius,user_fixed_radius,,20260902-011233,2.4100829861230824,False,6.01416,0.45409,6.01416,,,,,,,,,,,,0
39,1216.59,695.02,8.25456,6.71281,20.0,52.4,1.5,annealing_T=125_h=25,absent,absent,False,20.0,1256.6370614359173,annealing_T=100_h=25,T,20260629-230214,previous_detection,user_fixed_radius,user_fixed_radius,,20260902-011233,2.4100829861230824,False,1.19363,2.83034,2.83034,,,,,,,,,,,,0
39,1216.59,695.02,8.39294,7.55165,20.0,52.9,2.0,annealing_T=125_h=25,absent,absent,False,20.0,1256.6370614359173,annealing_T=100_h=25,T,20260629-230214,previous_detection,user_fixed_radius,user_fixed_radius,,20260902-011233,2.4100829861230824,False,1.80346,0.79375,1.80346,,,,,,,,,,,,0
39,1216.59,695.02,28.1095,7.40981,20.0,53.4,2.5,annealing_T=125_h=25,absent,absent,False,20.0,1256.6370614359173,annealing_T=100_h=25,T,20260629-230214,previous_detection,user_fixed_radius,user_fixed_radius,,20260902-011233,2.4100829861230824,False,0.3423,3.8785,3.8785,,,,,,,,,,,,0
39,1216.59,695.02,24.2013,7.78669,20.0,53.9,3.0,annealing_T=125_h=25,absent,absent,False,20.0,1256.6370614359173,annealing_T=100_h=25,T,20260629-230214,previous_detection,user_fixed_radius,user_fixed_radius,,20260902-011233,2.4100829861230824,False,0.6746,6.4446,6.4446,,,,,,,,,,,,0
39,1216.59,695.02,64.0607,9.11641,20.0,55.9,5.0,annealing_T=125_h=25,absent,absent,False,20.0,1256.6370614359173,annealing_T=100_h=25,T,20260629-230214,previous_detection,user_fixed_radius,user_fixed_radius,,20260902-011233,2.4100829861230824,False,0.4495,0.8066,0.8066,,,,,,,,,,,,0
40,1229.62,81.32,-5.7384,6.33799,20.0,51.65,0.75,annealing_T=125_h=25,absent,disappeared,False,20.0,1256.6370614359173,annealing_T=125_h=5,T,20260725-020716,previous_detection,user_fixed_radius,user_fixed_radius,,20260902-011233,3.524230412444626,False,0.28948,4.23296,4.23296,,,,,,,,,,,,0
40,1229.62,81.32,7.49977,7.16905,20.0,52.4,1.5,annealing_T=125_h=25,absent,disappeared,False,20.0,1256.6370614359173,annealing_T=125_h=5,T,20260725-020716,previous_detection,user_fixed_radius,user_fixed_radius,,20260902-011233,3.524230412444626,False,2.66063,1.45813,2.66063,,,,,,,,,,,,0
40,1229.62,81.32,10.7875,8.08337,20.0,52.9,2.0,annealing_T=125_h=25,absent,disappeared,False,20.0,1256.6370614359173,annealing_T=125_h=5,T,20260725-020716,previous_detection,user_fixed_radius,user_fixed_radius,,20260902-011233,3.524230412444626,False,1.66306,3.27323,3.27323,,,,,,,,,,,,0
40,1229.62,81.32,24.0527,7.89177,20.0,53.4,2.5,annealing_T=125_h=25,absent,disappeared,False,20.0,1256.6370614359173,annealing_T=125_h=5,T,20260725-020716,previous_detection,user_fixed_radius,user_fixed_radius,,20260902-011233,3.524230412444626,False,1.1284,5.4564,5.4564,,,,,,,,,,,,0
40,1229.62,81.32,12.3546,8.42028,20.0,53.9,3.0,annealing_T=125_h=25,absent,disappeared,False,20.0,1256.6370614359173,annealing_T=125_h=5,T,20260725-020716,previous_detection,user_fixed_radius,user_fixed_radius,,20260902-011233,3.524230412444626,False,1.1293,4.0855,4.0855,,,,,,,,,,,,0
40,1229.62,81.32,68.9391,9.80725,20.0,55.9,5.0,annealing_T=125_h=25,absent,disappeared,False,20.0,1256.6370614359173,annealing_T=125_h=5,T,20260725-020716,previous_detection,user_fixed_radius,user_fixed_radius,,20260902-011233,3.524230412444626,False,0.4048,0.0176,0.4048,,,,,,,,,,,,0
41,1266.05,983.84,6.26074,5.62602,20.0,51.65,0.75,annealing_T=125_h=25,absent,absent,False,20.0,1256.6370614359173,annealing_T=75_h=25,T,20260602-133829,previous_detection,user_fixed_radius,user_fixed_radius,,20260902-011233,4.291969244997054,False,4.41931,4.69141,4.69141,,,,,,,,,,,,0
41,1266.05,983.84,-2.63702,6.59355,20.0,52.4,1.5,annealing_T=125_h=25,absent,absent,False,20.0,1256.6370614359173,annealing_T=75_h=25,T,20260602-133829,previous_detection,user_fixed_radius,user_fixed_radius,,20260902-011233,4.291969244997054,False,3.66545,4.37656,4.37656,,,,,,,,,,,,0
41,1266.05,983.84,6.70623,7.26145,20.0,52.9,2.0,annealing_T=125_h=25,absent,absent,False,20.0,1256.6370614359173,annealing_T=75_h=25,T,20260602-133829,previous_detection,user_fixed_radius,user_fixed_radius,,20260902-011233,4.291969244997054,False,5.49038,2.81029,5.49038,,,,,,,,,,,,0
41,1266.05,983.84,7.67561,7.25469,20.0,53.4,2.5,annealing_T=125_h=25,absent,absent,False,20.0,1256.6370614359173,annealing_T=75_h=25,T,20260602-133829,previous_detection,user_fixed_radius,user_fixed_radius,,20260902-011233,4.291969244997054,False,2.2986,1.36649,2.2986,,,,,,,,,,,,0
41,1266.05,983.84,-4.77872,7.56993,20.0,53.9,3.0,annealing_T=125_h=25,absent,absent,False,20.0,1256.6370614359173,annealing_T=75_h=25,T,20260602-133829,previous_detection,user_fixed_radius,user_fixed_radius,,20260902-011233,4.291969244997054,False,0.8402,1.96534,1.96534,,,,,,,,,,,,0
41,1266.05,983.84,-10.7894,8.94355,20.0,55.9,5.0,annealing_T=125_h=25,absent,absent,False,20.0,1256.6370614359173,annealing_T=75_h=25,T,20260602-133829,previous_detection,user_fixed_radius,user_fixed_radius,,20260902-011233,4.291969244997054,False,2.1966,4.67852,4.67852,,,,,,,,,,,,0
42,1279.51,557.02,10.2481,7.42692,20.0,51.65,0.75,annealing_T=125_h=25,present,present,False,20.0,1256.6370614359173,annealing_T=125_h=25,T,20260902-011233,phase_detection,user_fixed_radius,user_fixed_radius,,20260902-011233,1.2056948204251112,False,6.3434,0.84548,6.3434,1.70172,0.1145,0.0383523,15.1733,2.43279,0.819745,4,0.204936,0,3,5.51414e-06,1
42,1279.51,557.02,25.3408,8.21413,20.0,52.4,1.5,annealing_T=125_h=25,present,present,False,20.0,1256.6370614359173,annealing_T=125_h=25,T,20260902-011233,phase_detection,user_fixed_radius,user_fixed_radius,,20260902-011233,1.2056948204251112,False,2.2819,1.7351,2.2819,1.70172,0.1145,0.0383523,15.1733,2.43279,0.819745,4,0.204936,0,3,5.51414e-06,1
42,1279.51,557.02,47.1341,8.5028,20.0,52.9,2.0,annealing_T=125_h=25,present,present,False,20.0,1256.6370614359173,annealing_T=125_h=25,T,20260902-011233,phase_detection,user_fixed_radius,user_fixed_radius,,20260902-011233,1.2056948204251112,False,2.2351,2.9351,2.9351,1.70172,0.1145,0.0383523,15.1733,2.43279,0.819745,4,0.204936,0,3,5.51414e-06,1
42,1279.51,557.02,73.5246,8.49964,20.0,53.4,2.5,annealing_T=125_h=25,present,present,False,20.0,1256.6370614359173,annealing_T=125_h=25,T,20260902-011233,phase_detection,user_fixed_radius,user_fixed_radius,,20260902-011233,1.2056948204251112,False,1.9995,0.0292,1.9995,1.70172,0.1145,0.0383523,15.1733,2.43279,0.819745,4,0.204936,0,3,5.51414e-06,1
42,1279.51,557.02,104.192,10.1909,20.0,53.9,3.0,annealing_T=125_h=25,present,present,False,20.0,1256.6370614359173,annealing_T=125_h=25,T,20260902-011233,phase_detection,user_fixed_radius,user_fixed_radius,,20260902-011233,1.2056948204251112,False,1.427,1.047,1.427,1.70172,0.1145,0.0383523,15.1733,2.43279,0.819745,4,0.204936,0,3,5.51414e-06,1
42,1279.51,557.02,232.601,12.3708,20.0,55.9,5.0,annealing_T=125_h=25,present,present,False,20.0,1256.6370614359173,annealing_T=125_h=25,T,20260902-011233,phase_detection,user_fixed_radius,user_fixed_radius,,20260902-011233,1.2056948204251112,False,5.322,3.707,5.322,1.70172,0.1145,0.0383523,15.1733,2.43279,0.819745,4,0.204936,0,3,5.51414e-06,1
43,1347.73,133.84,1.28812,5.51717,20.0,51.65,0.75,annealing_T=125_h=25,absent,disappeared,False,20.0,1256.6370614359173,annealing_T=125_h=5,T,20260725-020716,previous_detection,user_fixed_radius,user_fixed_radius,,20260902-011233,3.398190695061125,False,3.041,2.076724,3.041,,,,,,,,,,,,0
43,1347.73,133.84,4.81733,6.49141,20.0,52.4,1.5,annealing_T=125_h=25,absent,disappeared,False,20.0,1256.6370614359173,annealing_T=125_h=5,T,20260725-020716,previous_detection,user_fixed_radius,user_fixed_radius,,20260902-011233,3.398190695061125,False,3.13287,1.33727,3.13287,,,,,,,,,,,,0
43,1347.73,133.84,0.868575,6.76193,20.0,52.9,2.0,annealing_T=125_h=25,absent,disappeared,False,20.0,1256.6370614359173,annealing_T=125_h=5,T,20260725-020716,previous_detection,user_fixed_radius,user_fixed_radius,,20260902-011233,3.398190695061125,False,2.178025,3.961945,3.961945,,,,,,,,,,,,0
43,1347.73,133.84,-1.66422,7.14377,20.0,53.4,2.5,annealing_T=125_h=25,absent,disappeared,False,20.0,1256.6370614359173,annealing_T=125_h=5,T,20260725-020716,previous_detection,user_fixed_radius,user_fixed_radius,,20260902-011233,3.398190695061125,False,10.51378,3.80122,10.51378,,,,,,,,,,,,0
43,1347.73,133.84,-8.43643,7.64163,20.0,53.9,3.0,annealing_T=125_h=25,absent,disappeared,False,20.0,1256.6370614359173,annealing_T=125_h=5,T,20260725-020716,previous_detection,user_fixed_radius,user_fixed_radius,,20260902-011233,3.398190695061125,False,7.83837,5.62661,7.83837,,,,,,,,,,,,0
43,1347.73,133.84,-21.3467,8.95133,20.0,55.9,5.0,annealing_T=125_h=25,absent,disappeared,False,20.0,1256.6370614359173,annealing_T=125_h=5,T,20260725-020716,previous_detection,user_fixed_radius,user_fixed_radius,,20260902-011233,3.398190695061125,False,0.361,2.5654,2.5654,,,,,,,,,,,,0
44,1345.59,794.82,8.82416,5.84551,20.0,51.65,0.75,annealing_T=125_h=25,absent,absent,False,20.0,1256.6370614359173,annealing_T=75_h=5,T,20260523-062735,previous_detection,user_fixed_radius,user_fixed_radius,,20260902-011233,3.764638096816253,False,5.62624,2.28403,5.62624,,,,,,,,,,,,0
44,1345.59,794.82,6.90693,6.40159,20.0,52.4,1.5,annealing_T=125_h=25,absent,absent,False,20.0,1256.6370614359173,annealing_T=75_h=5,T,20260523-062735,previous_detection,user_fixed_radius,user_fixed_radius,,20260902-011233,3.764638096816253,False,1.52431,2.53999,2.53999,,,,,,,,,,,,0
44,1345.59,794.82,5.91186,6.90945,20.0,52.9,2.0,annealing_T=125_h=25,absent,absent,False,20.0,1256.6370614359173,annealing_T=75_h=5,T,20260523-062735,previous_detection,user_fixed_radius,user_fixed_radius,,20260902-011233,3.764638096816253,False,3.73509,0.7592,3.73509,,,,,,,,,,,,0
44,1345.59,794.82,19.555,7.1076,20.0,53.4,2.5,annealing_T=125_h=25,absent,absent,False,20.0,1256.6370614359173,annealing_T=75_h=5,T,20260523-062735,previous_detection,user_fixed_radius,user_fixed_radius,,20260902-011233,3.764638096816253,False,4.0066,5.6167,5.6167,,,,,,,,,,,,0
44,1345.59,794.82,15.437,7.54404,20.0,53.9,3.0,annealing_T=125_h=25,absent,absent,False,20.0,1256.6370614359173,annealing_T=75_h=5,T,20260523-062735,previous_detection,user_fixed_radius,user_fixed_radius,,20260902-011233,3.764638096816253,False,3.5065,0.4028,3.5065,,,,,,,,,,,,0
44,1345.59,794.82,35.361,9.196,20.0,55.9,5.0,annealing_T=125_h=25,absent,absent,False,20.0,1256.6370614359173,annealing_T=75_h=5,T,20260523-062735,previous_detection,user_fixed_radius,user_fixed_radius,,20260902-011233,3.764638096816253,False,0.9884,8.5544,8.5544,,,,,,,,,,,,0
45,1401.6,767.28,33.7658,6.69441,20.0,51.65,0.75,annealing_T=125_h=25,present,present,False,20.0,1256.6370614359173,annealing_T=125_h=25,T,20260902-011233,phase_detection,user_fixed_radius,user_fixed_radius,,20260902-011233,1.23004064973493,False,0.5675,1.1396,1.1396,1.53652,0.0327119,0.0217716,54.6638,2.46469,1.94657,4,0.486641,0,3,4.96423e-08,1
45,1401.6,767.28,107.073,6.92035,20.0,52.4,1.5,annealing_T=125_h=25,present,present,False,20.0,1256.6370614359173,annealing_T=125_h=25,T,20260902-011233,phase_detection,user_fixed_radius,user_fixed_radius,,20260902-011233,1.23004064973493,False,3.646,5.154,5.154,1.53652,0.0327119,0.0217716,54.6638,2.46469,1.94657,4,0.486641,0,3,4.96423e-08,1
45,1401.6,767.28,160.825,7.80192,20.0,52.9,2.0,annealing_T=125_h=25,present,present,False,20.0,1256.6370614359173,annealing_T=125_h=25,T,20260902-011233,phase_detection,user_fixed_radius,user_fixed_radius,,20260902-011233,1.23004064973493,False,0.537,2.964,2.964,1.53652,0.0327119,0.0217716,54.6638,2.46469,1.94657,4,0.486641,0,3,4.96423e-08,1
45,1401.6,767.28,215.184,7.64154,20.0,53.4,2.5,annealing_T=125_h=25,present,present,False,20.0,1256.6370614359173,annealing_T=125_h=25,T,20260902-011233,phase_detection,user_fixed_radius,user_fixed_radius,,20260902-011233,1.23004064973493,False,6.286,1.074,6.286,1.53652,0.0327119,0.0217716,54.6638,2.46469,1.94657,4,0.486641,0,3,4.96423e-08,1
45,1401.6,767.28,298.375,8.74434,20.0,53.9,3.0,annealing_T=125_h=25,present,present,False,20.0,1256.6370614359173,annealing_T=125_h=25,T,20260902-011233,phase_detection,user_fixed_radius,user_fixed_radius,,20260902-011233,1.23004064973493,False,6.896,5.383,6.896,1.53652,0.0327119,0.0217716,54.6638,2.46469,1.94657,4,0.486641,0,3,4.96423e-08,1
45,1401.6,767.28,649.042,10.3345,20.0,55.9,5.0,annealing_T=125_h=25,present,present,False,20.0,1256.6370614359173,annealing_T=125_h=25,T,20260902-011233,phase_detection,user_fixed_radius,user_fixed_radius,,20260902-011233,1.23004064973493,False,16.294,25.157,25.157,1.53652,0.0327119,0.0217716,54.6638,2.46469,1.94657,4,0.486641,0,3,4.96423e-08,1
46,1464.6,877.36,-1.11927,6.30304,20.0,51.65,0.75,annealing_T=125_h=25,absent,disappeared,False,20.0,1256.6370614359173,annealing_T=125_h=5,T,20260725-020716,previous_detection,user_fixed_radius,user_fixed_radius,,20260902-011233,3.430233228222493,False,0.40771,0.161194,0.40771,,,,,,,,,,,,0
46,1464.6,877.36,10.1409,7.37533,20.0,52.4,1.5,annealing_T=125_h=25,absent,disappeared,False,20.0,1256.6370614359173,annealing_T=125_h=5,T,20260725-020716,previous_detection,user_fixed_radius,user_fixed_radius,,20260902-011233,3.430233228222493,False,4.0672,0.9835,4.0672,,,,,,,,,,,,0
46,1464.6,877.36,10.7953,7.82682,20.0,52.9,2.0,annealing_T=125_h=25,absent,disappeared,False,20.0,1256.6370614359173,annealing_T=125_h=5,T,20260725-020716,previous_detection,user_fixed_radius,user_fixed_radius,,20260902-011233,3.430233228222493,False,5.7518,2.62288,5.7518,,,,,,,,,,,,0
46,1464.6,877.36,23.6484,8.11286,20.0,53.4,2.5,annealing_T=125_h=25,absent,disappeared,False,20.0,1256.6370614359173,annealing_T=125_h=5,T,20260725-020716,previous_detection,user_fixed_radius,user_fixed_radius,,20260902-011233,3.430233228222493,False,1.0897,0.6741,1.0897,,,,,,,,,,,,0
46,1464.6,877.36,20.4289,8.57214,20.0,53.9,3.0,annealing_T=125_h=25,absent,disappeared,False,20.0,1256.6370614359173,annealing_T=125_h=5,T,20260725-020716,previous_detection,user_fixed_radius,user_fixed_radius,,20260902-011233,3.430233228222493,False,6.1677,4.4556,6.1677,,,,,,,,,,,,0
46,1464.6,877.36,78.094,10.1225,20.0,55.9,5.0,annealing_T=125_h=25,absent,disappeared,False,20.0,1256.6370614359173,annealing_T=125_h=5,T,20260725-020716,previous_detection,user_fixed_radius,user_fixed_radius,,20260902-011233,3.430233228222493,False,1.0921,4.3045,4.3045,,,,,,,,,,,,0
47,1499.43,369.26,1.40241,6.02901,20.0,51.65,0.75,annealing_T=125_h=25,absent,absent,False,20.0,1256.6370614359173,annealing_T=100_h=25,T,20260629-230214,previous_detection,user_fixed_radius,user_fixed_radius,,20260902-011233,3.8029593739612473,False,4.21344,3.34159,4.21344,,,,,,,,,,,,0
47,1499.43,369.26,2.81762,6.98857,20.0,52.4,1.5,annealing_T=125_h=25,absent,absent,False,20.0,1256.6370614359173,annealing_T=100_h=25,T,20260629-230214,previous_detection,user_fixed_radius,user_fixed_radius,,20260902-011233,3.8029593739612473,False,0.91081,1.60018,1.60018,,,,,,,,,,,,0
47,1499.43,369.26,1.17894,7.6935,20.0,52.9,2.0,annealing_T=125_h=25,absent,absent,False,20.0,1256.6370614359173,annealing_T=100_h=25,T,20260629-230214,previous_detection,user_fixed_radius,user_fixed_radius,,20260902-011233,3.8029593739612473,False,2.03432,0.21311,2.03432,,,,,,,,,,,,0
47,1499.43,369.26,-3.01271,7.70946,20.0,53.4,2.5,annealing_T=125_h=25,absent,absent,False,20.0,1256.6370614359173,annealing_T=100_h=25,T,20260629-230214,previous_detection,user_fixed_radius,user_fixed_radius,,20260902-011233,3.8029593739612473,False,1.88036,2.511173,2.511173,,,,,,,,,,,,0
47,1499.43,369.26,9.68246,8.31856,20.0,53.9,3.0,annealing_T=125_h=25,absent,absent,False,20.0,1256.6370614359173,annealing_T=100_h=25,T,20260629-230214,previous_detection,user_fixed_radius,user_fixed_radius,,20260902-011233,3.8029593739612473,False,7.00591,2.67684,7.00591,,,,,,,,,,,,0
47,1499.43,369.26,9.55458,9.704,20.0,55.9,5.0,annealing_T=125_h=25,absent,absent,False,20.0,1256.6370614359173,annealing_T=100_h=25,T,20260629-230214,previous_detection,user_fixed_radius,user_fixed_radius,,20260902-011233,3.8029593739612473,False,8.3783,0.19427,8.3783,,,,,,,,,,,,0
48,1500.98,980.75,11.5704,5.8688,20.0,51.65,0.75,annealing_T=125_h=25,absent,disappeared,False,20.0,1256.6370614359173,annealing_T=125_h=5,T,20260725-020716,previous_detection,user_fixed_radius,user_fixed_radius,,20260902-011233,3.5579347942309623,False,3.8899,5.9792,5.9792,,,,,,,,,,,,0
48,1500.98,980.75,-4.42509,6.9087,20.0,52.4,1.5,annealing_T=125_h=25,absent,disappeared,False,20.0,1256.6370614359173,annealing_T=125_h=5,T,20260725-020716,previous_detection,user_fixed_radius,user_fixed_radius,,20260902-011233,3.5579347942309623,False,3.514591,4.42819194,4.42819194,,,,,,,,,,,,0
48,1500.98,980.75,3.02924,7.47946,20.0,52.9,2.0,annealing_T=125_h=25,absent,disappeared,False,20.0,1256.6370614359173,annealing_T=125_h=5,T,20260725-020716,previous_detection,user_fixed_radius,user_fixed_radius,,20260902-011233,3.5579347942309623,False,2.31364,5.20692,5.20692,,,,,,,,,,,,0
48,1500.98,980.75,3.71724,7.53441,20.0,53.4,2.5,annealing_T=125_h=25,absent,disappeared,False,20.0,1256.6370614359173,annealing_T=125_h=5,T,20260725-020716,previous_detection,user_fixed_radius,user_fixed_radius,,20260902-011233,3.5579347942309623,False,1.47719,3.02677,3.02677,,,,,,,,,,,,0
48,1500.98,980.75,8.43142,8.06776,20.0,53.9,3.0,annealing_T=125_h=25,absent,disappeared,False,20.0,1256.6370614359173,annealing_T=125_h=5,T,20260725-020716,previous_detection,user_fixed_radius,user_fixed_radius,,20260902-011233,3.5579347942309623,False,0.0858,1.0113,1.0113,,,,,,,,,,,,0
48,1500.98,980.75,5.15709,9.53696,20.0,55.9,5.0,annealing_T=125_h=25,absent,disappeared,False,20.0,1256.6370614359173,annealing_T=125_h=5,T,20260725-020716,previous_detection,user_fixed_radius,user_fixed_radius,,20260902-011233,3.5579347942309623,False,3.14761,1.90721,3.14761,,,,,,,,,,,,0
49,1508.03,232.66,6.22336,5.79236,20.0,51.65,0.75,annealing_T=125_h=25,absent,absent,False,20.0,1256.6370614359173,annealing_T=100_h=5,T,20260613-015321,previous_detection,user_fixed_radius,user_fixed_radius,,20260902-011233,3.342110111890339,False,0.76819,1.28114,1.28114,,,,,,,,,,,,0
49,1508.03,232.66,-2.85614,6.93959,20.0,52.4,1.5,annealing_T=125_h=25,absent,absent,False,20.0,1256.6370614359173,annealing_T=100_h=5,T,20260613-015321,previous_detection,user_fixed_radius,user_fixed_radius,,20260902-011233,3.342110111890339,False,1.19009,2.283246,2.283246,,,,,,,,,,,,0
49,1508.03,232.66,-5.74761,7.60714,20.0,52.9,2.0,annealing_T=125_h=25,absent,absent,False,20.0,1256.6370614359173,annealing_T=100_h=5,T,20260613-015321,previous_detection,user_fixed_radius,user_fixed_radius,,20260902-011233,3.342110111890339,False,0.82408,7.60183,7.60183,,,,,,,,,,,,0
49,1508.03,232.66,4.35577,7.56289,20.0,53.4,2.5,annealing_T=125_h=25,absent,absent,False,20.0,1256.6370614359173,annealing_T=100_h=5,T,20260613-015321,previous_detection,user_fixed_radius,user_fixed_radius,,20260902-011233,3.342110111890339,False,3.24261,1.05947,3.24261,,,,,,,,,,,,0
49,1508.03,232.66,-14.7402,8.00524,20.0,53.9,3.0,annealing_T=125_h=25,absent,absent,False,20.0,1256.6370614359173,annealing_T=100_h=5,T,20260613-015321,previous_detection,user_fixed_radius,user_fixed_radius,,20260902-011233,3.342110111890339,False,4.4299,2.8085,4.4299,,,,,,,,,,,,0
49,1508.03,232.66,-21.6335,9.35157,20.0,55.9,5.0,annealing_T=125_h=25,absent,absent,False,20.0,1256.6370614359173,annealing_T=100_h=5,T,20260613-015321,previous_detection,user_fixed_radius,user_fixed_radius,,20260902-011233,3.342110111890339,False,0.7758,10.8246,10.8246,,,,,,,,,,,,0
50,1557.43,614.09,1.66108,5.84831,20.0,51.65,0.75,annealing_T=125_h=25,absent,absent,False,20.0,1256.6370614359173,annealing_T=75_h=25,T,20260602-133829,previous_detection,user_fixed_radius,user_fixed_radius,,20260902-011233,5.103606567908574,False,0.75213,0.47692,0.75213,,,,,,,,,,,,0
50,1557.43,614.09,-0.242676,6.68342,20.0,52.4,1.5,annealing_T=125_h=25,absent,absent,False,20.0,1256.6370614359173,annealing_T=75_h=25,T,20260602-133829,previous_detection,user_fixed_radius,user_fixed_radius,,20260902-011233,5.103606567908574,False,1.861646,2.305274,2.305274,,,,,,,,,,,,0
50,1557.43,614.09,3.93228,7.4149,20.0,52.9,2.0,annealing_T=125_h=25,absent,absent,False,20.0,1256.6370614359173,annealing_T=75_h=25,T,20260602-133829,previous_detection,user_fixed_radius,user_fixed_radius,,20260902-011233,5.103606567908574,False,2.20554,0.03661,2.20554,,,,,,,,,,,,0
50,1557.43,614.09,-5.41262,7.32233,20.0,53.4,2.5,annealing_T=125_h=25,absent,absent,False,20.0,1256.6370614359173,annealing_T=75_h=25,T,20260602-133829,previous_detection,user_fixed_radius,user_fixed_radius,,20260902-011233,5.103606567908574,False,4.36212,2.28407,4.36212,,,,,,,,,,,,0
50,1557.43,614.09,11.025,7.71334,20.0,53.9,3.0,annealing_T=125_h=25,absent,absent,False,20.0,1256.6370614359173,annealing_T=75_h=25,T,20260602-133829,previous_detection,user_fixed_radius,user_fixed_radius,,20260902-011233,5.103606567908574,False,6.1716,2.9462,6.1716,,,,,,,,,,,,0
50,1557.43,614.09,17.3025,9.296,20.0,55.9,5.0,annealing_T=125_h=25,absent,absent,False,20.0,1256.6370614359173,annealing_T=75_h=25,T,20260602-133829,previous_detection,user_fixed_radius,user_fixed_radius,,20260902-011233,5.103606567908574,False,2.0069,3.5428,3.5428,,,,,,,,,,,,0
51,1588.93,279.75,12.3935,5.71037,20.0,51.65,0.75,annealing_T=125_h=25,present,reappeared,False,20.0,1256.6370614359173,annealing_T=125_h=25,T,20260902-011233,phase_detection,user_fixed_radius,user_fixed_radius,,20260902-011233,1.7854971296533653,False,2.5894,2.89915,2.89915,0.524045,0.357874,0.46646,11.1301,4.13595,1.96679,4,0.491698,0,3,8.60959e-08,1
51,1588.93,279.75,9.50785,6.66506,20.0,52.4,1.5,annealing_T=125_h=25,present,reappeared,False,20.0,1256.6370614359173,annealing_T=125_h=25,T,20260902-011233,phase_detection,user_fixed_radius,user_fixed_radius,,20260902-011233,1.7854971296533653,False,1.37915,2.45395,2.45395,0.524045,0.357874,0.46646,11.1301,4.13595,1.96679,4,0.491698,0,3,8.60959e-08,1
51,1588.93,279.75,21.323,7.26949,20.0,52.9,2.0,annealing_T=125_h=25,present,reappeared,False,20.0,1256.6370614359173,annealing_T=125_h=25,T,20260902-011233,phase_detection,user_fixed_radius,user_fixed_radius,,20260902-011233,1.7854971296533653,False,3.6114,5.6302,5.6302,0.524045,0.357874,0.46646,11.1301,4.13595,1.96679,4,0.491698,0,3,8.60959e-08,1
51,1588.93,279.75,15.2529,7.26123,20.0,53.4,2.5,annealing_T=125_h=25,present,reappeared,False,20.0,1256.6370614359173,annealing_T=125_h=25,T,20260902-011233,phase_detection,user_fixed_radius,user_fixed_radius,,20260902-011233,1.7854971296533653,False,4.2861,3.642,4.2861,0.524045,0.357874,0.46646,11.1301,4.13595,1.96679,4,0.491698,0,3,8.60959e-08,1
51,1588.93,279.75,14.9889,7.74402,20.0,53.9,3.0,annealing_T=125_h=25,present,reappeared,False,20.0,1256.6370614359173,annealing_T=125_h=25,T,20260902-011233,phase_detection,user_fixed_radius,user_fixed_radius,,20260902-011233,1.7854971296533653,False,5.72839,0.0203,5.72839,0.524045,0.357874,0.46646,11.1301,4.13595,1.96679,4,0.491698,0,3,8.60959e-08,1
51,1588.93,279.75,30.5277,9.27078,20.0,55.9,5.0,annealing_T=125_h=25,present,reappeared,False,20.0,1256.6370614359173,annealing_T=125_h=25,T,20260902-011233,phase_detection,user_fixed_radius,user_fixed_radius,,20260902-011233,1.7854971296533653,False,9.6667,6.431,9.6667,0.524045,0.357874,0.46646,11.1301,4.13595,1.96679,4,0.491698,0,3,8.60959e-08,1
52,1631.58,87.89,9.4652,5.91856,20.0,51.65,0.75,annealing_T=125_h=25,present,reappeared,False,20.0,1256.6370614359173,annealing_T=125_h=25,T,20260902-011233,phase_detection,user_fixed_radius,user_fixed_radius,,20260902-011233,3.4167382106330217,False,1.8178,2.2949,2.2949,2.13002,0.108392,0.0931704,9.1982,1.48529,1.88139,4,0.470347,0,3,5.14297e-08,1
52,1631.58,87.89,26.8765,7.01457,20.0,52.4,1.5,annealing_T=125_h=25,present,reappeared,False,20.0,1256.6370614359173,annealing_T=125_h=25,T,20260902-011233,phase_detection,user_fixed_radius,user_fixed_radius,,20260902-011233,3.4167382106330217,False,0.4151,0.8936,0.8936,2.13002,0.108392,0.0931704,9.1982,1.48529,1.88139,4,0.470347,0,3,5.14297e-08,1
52,1631.58,87.89,33.5957,7.53693,20.0,52.9,2.0,annealing_T=125_h=25,present,reappeared,False,20.0,1256.6370614359173,annealing_T=125_h=25,T,20260902-011233,phase_detection,user_fixed_radius,user_fixed_radius,,20260902-011233,3.4167382106330217,False,0.5267,7.11,7.11,2.13002,0.108392,0.0931704,9.1982,1.48529,1.88139,4,0.470347,0,3,5.14297e-08,1
52,1631.58,87.89,65.206,7.66566,20.0,53.4,2.5,annealing_T=125_h=25,present,reappeared,False,20.0,1256.6370614359173,annealing_T=125_h=25,T,20260902-011233,phase_detection,user_fixed_radius,user_fixed_radius,,20260902-011233,3.4167382106330217,False,5.2487,4.2521,5.2487,2.13002,0.108392,0.0931704,9.1982,1.48529,1.88139,4,0.470347,0,3,5.14297e-08,1
52,1631.58,87.89,95.602,8.172,20.0,53.9,3.0,annealing_T=125_h=25,present,reappeared,False,20.0,1256.6370614359173,annealing_T=125_h=25,T,20260902-011233,phase_detection,user_fixed_radius,user_fixed_radius,,20260902-011233,3.4167382106330217,False,0.7302,0.4539,0.7302,2.13002,0.108392,0.0931704,9.1982,1.48529,1.88139,4,0.470347,0,3,5.14297e-08,1
52,1631.58,87.89,283.889,9.81276,20.0,55.9,5.0,annealing_T=125_h=25,present,reappeared,False,20.0,1256.6370614359173,annealing_T=125_h=25,T,20260902-011233,phase_detection,user_fixed_radius,user_fixed_radius,,20260902-011233,3.4167382106330217,False,5.417,1.689,5.417,2.13002,0.108392,0.0931704,9.1982,1.48529,1.88139,4,0.470347,0,3,5.14297e-08,1
53,1685.23,915.94,14.8661,5.9012,20.0,51.65,0.75,annealing_T=125_h=25,present,present,False,20.0,1256.6370614359173,annealing_T=125_h=25,T,20260902-011233,phase_detection,user_fixed_radius,user_fixed_radius,,20260902-011233,2.108293148497167,False,2.3369,0.8807,2.3369,2.05875,0.193007,0.1343,5.55779,1.59146,4.24457,4,1.06114,0,3,3.27131e-08,1
53,1685.23,915.94,12.9407,6.859,20.0,52.4,1.5,annealing_T=125_h=25,present,present,False,20.0,1256.6370614359173,annealing_T=125_h=25,T,20260902-011233,phase_detection,user_fixed_radius,user_fixed_radius,,20260902-011233,2.108293148497167,False,8.70858,0.7339,8.70858,2.05875,0.193007,0.1343,5.55779,1.59146,4.24457,4,1.06114,0,3,3.27131e-08,1
53,1685.23,915.94,19.644,7.44574,20.0,52.9,2.0,annealing_T=125_h=25,present,present,False,20.0,1256.6370614359173,annealing_T=125_h=25,T,20260902-011233,phase_detection,user_fixed_radius,user_fixed_radius,,20260902-011233,2.108293148497167,False,1.1987,3.4234,3.4234,2.05875,0.193007,0.1343,5.55779,1.59146,4.24457,4,1.06114,0,3,3.27131e-08,1
53,1685.23,915.94,35.8195,7.5981,20.0,53.4,2.5,annealing_T=125_h=25,present,present,False,20.0,1256.6370614359173,annealing_T=125_h=25,T,20260902-011233,phase_detection,user_fixed_radius,user_fixed_radius,,20260902-011233,2.108293148497167,False,3.9303,4.8875,4.8875,2.05875,0.193007,0.1343,5.55779,1.59146,4.24457,4,1.06114,0,3,3.27131e-08,1
53,1685.23,915.94,52.6561,7.87258,20.0,53.9,3.0,annealing_T=125_h=25,present,present,False,20.0,1256.6370614359173,annealing_T=125_h=25,T,20260902-011233,phase_detection,user_fixed_radius,user_fixed_radius,,20260902-011233,2.108293148497167,False,1.0576,3.8388,3.8388,2.05875,0.193007,0.1343,5.55779,1.59146,4.24457,4,1.06114,0,3,3.27131e-08,1
53,1685.23,915.94,153.594,9.35032,20.0,55.9,5.0,annealing_T=125_h=25,present,present,False,20.0,1256.6370614359173,annealing_T=125_h=25,T,20260902-011233,phase_detection,user_fixed_radius,user_fixed_radius,,20260902-011233,2.108293148497167,False,2.767,0.377,2.767,2.05875,0.193007,0.1343,5.55779,1.59146,4.24457,4,1.06114,0,3,3.27131e-08,1
54,1709.52,451.79,9.5379,5.51442,20.0,51.65,0.75,annealing_T=125_h=25,absent,disappeared,False,20.0,1256.6370614359173,annealing_T=125_h=5,T,20260725-020716,previous_detection,user_fixed_radius,user_fixed_radius,,20260902-011233,5.256015601194499,False,3.52897,0.49994,3.52897,,,,,,,,,,,,0
54,1709.52,451.79,1.53974,6.45896,20.0,52.4,1.5,annealing_T=125_h=25,absent,disappeared,False,20.0,1256.6370614359173,annealing_T=125_h=5,T,20260725-020716,previous_detection,user_fixed_radius,user_fixed_radius,,20260902-011233,5.256015601194499,False,4.39106,1.363597,4.39106,,,,,,,,,,,,0
54,1709.52,451.79,6.60148,7.0396,20.0,52.9,2.0,annealing_T=125_h=25,absent,disappeared,False,20.0,1256.6370614359173,annealing_T=125_h=5,T,20260725-020716,previous_detection,user_fixed_radius,user_fixed_radius,,20260902-011233,5.256015601194499,False,3.82861,1.63682,3.82861,,,,,,,,,,,,0
54,1709.52,451.79,-13.3078,7.17964,20.0,53.4,2.5,annealing_T=125_h=25,absent,disappeared,False,20.0,1256.6370614359173,annealing_T=125_h=5,T,20260725-020716,previous_detection,user_fixed_radius,user_fixed_radius,,20260902-011233,5.256015601194499,False,7.7703,4.8888,7.7703,,,,,,,,,,,,0
54,1709.52,451.79,1.41381,7.57731,20.0,53.9,3.0,annealing_T=125_h=25,absent,disappeared,False,20.0,1256.6370614359173,annealing_T=125_h=5,T,20260725-020716,previous_detection,user_fixed_radius,user_fixed_radius,,20260902-011233,5.256015601194499,False,7.3525,1.53737,7.3525,,,,,,,,,,,,0
54,1709.52,451.79,4.27798,9.06031,20.0,55.9,5.0,annealing_T=125_h=25,absent,disappeared,False,20.0,1256.6370614359173,annealing_T=125_h=5,T,20260725-020716,previous_detection,user_fixed_radius,user_fixed_radius,,20260902-011233,5.256015601194499,False,7.99499,4.49474,7.99499,,,,,,,,,,,,0
55,1712.54,377.52,-10.3514,5.80293,20.0,51.65,0.75,annealing_T=125_h=25,absent,absent,False,20.0,1256.6370614359173,annealing_T=100_h=5,T,20260613-015321,previous_detection,user_fixed_radius,user_fixed_radius,,20260902-011233,4.01183249899593,False,1.1026,6.3926,6.3926,,,,,,,,,,,,0
55,1712.54,377.52,5.99276,6.54828,20.0,52.4,1.5,annealing_T=125_h=25,absent,absent,False,20.0,1256.6370614359173,annealing_T=100_h=5,T,20260613-015321,previous_detection,user_fixed_radius,user_fixed_radius,,20260902-011233,4.01183249899593,False,7.66577,2.09187,7.66577,,,,,,,,,,,,0
55,1712.54,377.52,6.1075,7.32745,20.0,52.9,2.0,annealing_T=125_h=25,absent,absent,False,20.0,1256.6370614359173,annealing_T=100_h=5,T,20260613-015321,previous_detection,user_fixed_radius,user_fixed_radius,,20260902-011233,4.01183249899593,False,2.92695,1.72077,2.92695,,,,,,,,,,,,0
55,1712.54,377.52,-12.1493,7.46074,20.0,53.4,2.5,annealing_T=125_h=25,absent,absent,False,20.0,1256.6370614359173,annealing_T=100_h=5,T,20260613-015321,previous_detection,user_fixed_radius,user_fixed_radius,,20260902-011233,4.01183249899593,False,1.5769,12.035414,12.035414,,,,,,,,,,,,0
55,1712.54,377.52,-5.39627,7.91406,20.0,53.9,3.0,annealing_T=125_h=25,absent,absent,False,20.0,1256.6370614359173,annealing_T=100_h=5,T,20260613-015321,previous_detection,user_fixed_radius,user_fixed_radius,,20260902-011233,4.01183249899593,False,10.41813,8.18686,10.41813,,,,,,,,,,,,0
55,1712.54,377.52,-16.4905,9.51803,20.0,55.9,5.0,annealing_T=125_h=25,absent,absent,False,20.0,1256.6370614359173,annealing_T=100_h=5,T,20260613-015321,previous_detection,user_fixed_radius,user_fixed_radius,,20260902-011233,4.01183249899593,False,18.2969,17.247356,18.2969,,,,,,,,,,,,0
56,1756.1,206.05,4.89198,5.7767,20.0,51.65,0.75,annealing_T=125_h=25,absent,absent,False,20.0,1256.6370614359173,annealing_T=100_h=5,T,20260613-015321,previous_detection,user_fixed_radius,user_fixed_radius,,20260902-011233,4.7797175648774886,False,0.62038,3.66986,3.66986,,,,,,,,,,,,0
56,1756.1,206.05,4.51902,6.85655,20.0,52.4,1.5,annealing_T=125_h=25,absent,absent,False,20.0,1256.6370614359173,annealing_T=100_h=5,T,20260613-015321,previous_detection,user_fixed_radius,user_fixed_radius,,20260902-011233,4.7797175648774886,False,2.78288,1.64153,2.78288,,,,,,,,,,,,0
56,1756.1,206.05,4.2825,7.52451,20.0,52.9,2.0,annealing_T=125_h=25,absent,absent,False,20.0,1256.6370614359173,annealing_T=100_h=5,T,20260613-015321,previous_detection,user_fixed_radius,user_fixed_radius,,20260902-011233,4.7797175648774886,False,5.23504,3.41089,5.23504,,,,,,,,,,,,0
56,1756.1,206.05,-4.54696,7.59729,20.0,53.4,2.5,annealing_T=125_h=25,absent,absent,False,20.0,1256.6370614359173,annealing_T=100_h=5,T,20260613-015321,previous_detection,user_fixed_radius,user_fixed_radius,,20260902-011233,4.7797175648774886,False,0.09406,0.9657,0.9657,,,,,,,,,,,,0
56,1756.1,206.05,0.465741,7.90432,20.0,53.9,3.0,annealing_T=125_h=25,absent,absent,False,20.0,1256.6370614359173,annealing_T=100_h=5,T,20260613-015321,previous_detection,user_fixed_radius,user_fixed_radius,,20260902-011233,4.7797175648774886,False,4.826951,5.316829,5.316829,,,,,,,,,,,,0
56,1756.1,206.05,-14.6006,9.44243,20.0,55.9,5.0,annealing_T=125_h=25,absent,absent,False,20.0,1256.6370614359173,annealing_T=100_h=5,T,20260613-015321,previous_detection,user_fixed_radius,user_fixed_radius,,20260902-011233,4.7797175648774886,False,18.4739,15.70153,18.4739,,,,,,,,,,,,0
57,1811.5,646.29,2.40913,5.83346,20.0,51.65,0.75,annealing_T=125_h=25,absent,absent,False,20.0,1256.6370614359173,before_annealing,T,20260516-064844,previous_detection,user_fixed_radius,user_fixed_radius,,20260902-011233,0.0,False,1.69336,3.92062,3.92062,,,,,,,,,,,,0
57,1811.5,646.29,-2.92571,6.78397,20.0,52.4,1.5,annealing_T=125_h=25,absent,absent,False,20.0,1256.6370614359173,before_annealing,T,20260516-064844,previous_detection,user_fixed_radius,user_fixed_radius,,20260902-011233,0.0,False,4.31929,1.84749,4.31929,,,,,,,,,,,,0
57,1811.5,646.29,6.82171,7.30735,20.0,52.9,2.0,annealing_T=125_h=25,absent,absent,False,20.0,1256.6370614359173,before_annealing,T,20260516-064844,previous_detection,user_fixed_radius,user_fixed_radius,,20260902-011233,0.0,False,2.13153,4.82998,4.82998,,,,,,,,,,,,0
57,1811.5,646.29,-0.0172155,7.35197,20.0,53.4,2.5,annealing_T=125_h=25,absent,absent,False,20.0,1256.6370614359173,before_annealing,T,20260516-064844,previous_detection,user_fixed_radius,user_fixed_radius,,20260902-011233,0.0,False,0.4869925,4.1715855,4.1715855,,,,,,,,,,,,0
57,1811.5,646.29,-4.03118,7.81651,20.0,53.9,3.0,annealing_T=125_h=25,absent,absent,False,20.0,1256.6370614359173,before_annealing,T,20260516-064844,previous_detection,user_fixed_radius,user_fixed_radius,,20260902-011233,0.0,False,2.11693,1.65929,2.11693,,,,,,,,,,,,0
57,1811.5,646.29,2.61241,9.16608,20.0,55.9,5.0,annealing_T=125_h=25,absent,absent,False,20.0,1256.6370614359173,before_annealing,T,20260516-064844,previous_detection,user_fixed_radius,user_fixed_radius,,20260902-011233,0.0,False,2.451816,4.26059,4.26059,,,,,,,,,,,,0
58,1816.07,138.64,-3.13541,6.33774,20.0,51.65,0.75,annealing_T=125_h=25,absent,disappeared,False,20.0,1256.6370614359173,annealing_T=125_h=5,T,20260725-020716,previous_detection,user_fixed_radius,user_fixed_radius,,20260902-011233,5.886000339789257,False,4.94592,5.40126,5.40126,,,,,,,,,,,,0
58,1816.07,138.64,13.3745,6.76622,20.0,52.4,1.5,annealing_T=125_h=25,absent,disappeared,False,20.0,1256.6370614359173,annealing_T=125_h=5,T,20260725-020716,previous_detection,user_fixed_radius,user_fixed_radius,,20260902-011233,5.886000339789257,False,0.5919,0.9173,0.9173,,,,,,,,,,,,0
58,1816.07,138.64,10.286,7.40957,20.0,52.9,2.0,annealing_T=125_h=25,absent,disappeared,False,20.0,1256.6370614359173,annealing_T=125_h=5,T,20260725-020716,previous_detection,user_fixed_radius,user_fixed_radius,,20260902-011233,5.886000339789257,False,4.7538,0.6253,4.7538,,,,,,,,,,,,0
58,1816.07,138.64,8.59686,7.47031,20.0,53.4,2.5,annealing_T=125_h=25,absent,disappeared,False,20.0,1256.6370614359173,annealing_T=125_h=5,T,20260725-020716,previous_detection,user_fixed_radius,user_fixed_radius,,20260902-011233,5.886000339789257,False,4.58894,7.56494,7.56494,,,,,,,,,,,,0
58,1816.07,138.64,7.17988,7.90585,20.0,53.9,3.0,annealing_T=125_h=25,absent,disappeared,False,20.0,1256.6370614359173,annealing_T=125_h=5,T,20260725-020716,previous_detection,user_fixed_radius,user_fixed_radius,,20260902-011233,5.886000339789257,False,3.72138,5.18262,5.18262,,,,,,,,,,,,0
58,1816.07,138.64,8.68151,9.45188,20.0,55.9,5.0,annealing_T=125_h=25,absent,disappeared,False,20.0,1256.6370614359173,annealing_T=125_h=5,T,20260725-020716,previous_detection,user_fixed_radius,user_fixed_radius,,20260902-011233,5.886000339789257,False,16.2583,12.13309,16.2583,,,,,,,,,,,,0
59,1817.54,992.63,3.18266,6.47631,20.0,51.65,0.75,annealing_T=125_h=25,absent,absent,False,20.0,1256.6370614359173,annealing_T=100_h=25,T,20260629-230214,previous_detection,user_fixed_radius,user_fixed_radius,,20260902-011233,6.257315718421166,False,4.4219,2.300464,4.4219,,,,,,,,,,,,0
59,1817.54,992.63,3.56706,7.46973,20.0,52.4,1.5,annealing_T=125_h=25,absent,absent,False,20.0,1256.6370614359173,annealing_T=100_h=25,T,20260629-230214,previous_detection,user_fixed_radius,user_fixed_radius,,20260902-011233,6.257315718421166,False,1.64347,0.01662,1.64347,,,,,,,,,,,,0
59,1817.54,992.63,8.70557,8.07474,20.0,52.9,2.0,annealing_T=125_h=25,absent,absent,False,20.0,1256.6370614359173,annealing_T=100_h=25,T,20260629-230214,previous_detection,user_fixed_radius,user_fixed_radius,,20260902-011233,6.257315718421166,False,5.15894,3.25303,5.15894,,,,,,,,,,,,0
59,1817.54,992.63,7.59672,8.19849,20.0,53.4,2.5,annealing_T=125_h=25,absent,absent,False,20.0,1256.6370614359173,annealing_T=100_h=25,T,20260629-230214,previous_detection,user_fixed_radius,user_fixed_radius,,20260902-011233,6.257315718421166,False,6.34812,8.56068,8.56068,,,,,,,,,,,,0
59,1817.54,992.63,15.5746,8.63494,20.0,53.9,3.0,annealing_T=125_h=25,absent,absent,False,20.0,1256.6370614359173,annealing_T=100_h=25,T,20260629-230214,previous_detection,user_fixed_radius,user_fixed_radius,,20260902-011233,6.257315718421166,False,1.8176,0.2548,1.8176,,,,,,,,,,,,0
59,1817.54,992.63,44.5893,10.8269,20.0,55.9,5.0,annealing_T=125_h=25,absent,absent,False,20.0,1256.6370614359173,annealing_T=100_h=25,T,20260629-230214,previous_detection,user_fixed_radius,user_fixed_radius,,20260902-011233,6.257315718421166,False,8.9335,6.0397,8.9335,,,,,,,,,,,,0
60,1834.61,275.0,13.5456,5.84558,20.0,51.65,0.75,annealing_T=125_h=25,present,present,False,20.0,1256.6370614359173,annealing_T=125_h=25,T,20260902-011233,phase_detection,user_fixed_radius,user_fixed_radius,,20260902-011233,4.201868631930284,False,2.8753,1.7846,2.8753,2.15086,0.0727892,0.0838817,12.6633,1.37393,3.17745,4,0.794363,0,3,6.06181e-08,1
60,1834.61,275.0,21.8712,6.58317,20.0,52.4,1.5,annealing_T=125_h=25,present,present,False,20.0,1256.6370614359173,annealing_T=125_h=25,T,20260902-011233,phase_detection,user_fixed_radius,user_fixed_radius,,20260902-011233,4.201868631930284,False,7.5331,4.1517,7.5331,2.15086,0.0727892,0.0838817,12.6633,1.37393,3.17745,4,0.794363,0,3,6.06181e-08,1
60,1834.61,275.0,55.4722,7.19297,20.0,52.9,2.0,annealing_T=125_h=25,present,present,False,20.0,1256.6370614359173,annealing_T=125_h=25,T,20260902-011233,phase_detection,user_fixed_radius,user_fixed_radius,,20260902-011233,4.201868631930284,False,2.1594,2.9253,2.9253,2.15086,0.0727892,0.0838817,12.6633,1.37393,3.17745,4,0.794363,0,3,6.06181e-08,1
60,1834.61,275.0,92.4888,7.38085,20.0,53.4,2.5,annealing_T=125_h=25,present,present,False,20.0,1256.6370614359173,annealing_T=125_h=25,T,20260902-011233,phase_detection,user_fixed_radius,user_fixed_radius,,20260902-011233,4.201868631930284,False,0.0957,4.1764,4.1764,2.15086,0.0727892,0.0838817,12.6633,1.37393,3.17745,4,0.794363,0,3,6.06181e-08,1
60,1834.61,275.0,137.53,7.76853,20.0,53.9,3.0,annealing_T=125_h=25,present,present,False,20.0,1256.6370614359173,annealing_T=125_h=25,T,20260902-011233,phase_detection,user_fixed_radius,user_fixed_radius,,20260902-011233,4.201868631930284,False,2.903,2.169,2.903,2.15086,0.0727892,0.0838817,12.6633,1.37393,3.17745,4,0.794363,0,3,6.06181e-08,1
60,1834.61,275.0,402.682,9.49793,20.0,55.9,5.0,annealing_T=125_h=25,present,present,False,20.0,1256.6370614359173,annealing_T=125_h=25,T,20260902-011233,phase_detection,user_fixed_radius,user_fixed_radius,,20260902-011233,4.201868631930284,False,9.229,8.738,9.229,2.15086,0.0727892,0.0838817,12.6633,1.37393,3.17745,4,0.794363,0,3,6.06181e-08,1
61,1841.25,813.95,11.203,6.48429,20.0,51.65,0.75,annealing_T=125_h=25,present,present,False,20.0,1256.6370614359173,annealing_T=125_h=25,T,20260902-011233,phase_detection,user_fixed_radius,user_fixed_radius,,20260902-011233,2.896635979891259,False,3.15274,2.34903,3.15274,1.37583,0.160964,0.0235594,13.2062,2.85877,3.70647,4,0.926618,0,3,1.21058e-08,1
61,1841.25,813.95,22.5978,7.47317,20.0,52.4,1.5,annealing_T=125_h=25,present,present,False,20.0,1256.6370614359173,annealing_T=125_h=25,T,20260902-011233,phase_detection,user_fixed_radius,user_fixed_radius,,20260902-011233,2.896635979891259,False,3.5244,0.9856,3.5244,1.37583,0.160964,0.0235594,13.2062,2.85877,3.70647,4,0.926618,0,3,1.21058e-08,1
61,1841.25,813.95,41.7337,7.63321,20.0,52.9,2.0,annealing_T=125_h=25,present,present,False,20.0,1256.6370614359173,annealing_T=125_h=25,T,20260902-011233,phase_detection,user_fixed_radius,user_fixed_radius,,20260902-011233,2.896635979891259,False,3.4624,3.4008,3.4624,1.37583,0.160964,0.0235594,13.2062,2.85877,3.70647,4,0.926618,0,3,1.21058e-08,1
61,1841.25,813.95,33.7593,8.18731,20.0,53.4,2.5,annealing_T=125_h=25,present,present,False,20.0,1256.6370614359173,annealing_T=125_h=25,T,20260902-011233,phase_detection,user_fixed_radius,user_fixed_radius,,20260902-011233,2.896635979891259,False,2.7451,3.1821,3.1821,1.37583,0.160964,0.0235594,13.2062,2.85877,3.70647,4,0.926618,0,3,1.21058e-08,1
61,1841.25,813.95,63.0306,8.12083,20.0,53.9,3.0,annealing_T=125_h=25,present,present,False,20.0,1256.6370614359173,annealing_T=125_h=25,T,20260902-011233,phase_detection,user_fixed_radius,user_fixed_radius,,20260902-011233,2.896635979891259,False,0.6391,2.6924,2.6924,1.37583,0.160964,0.0235594,13.2062,2.85877,3.70647,4,0.926618,0,3,1.21058e-08,1
61,1841.25,813.95,122.063,10.128,20.0,55.9,5.0,annealing_T=125_h=25,present,present,False,20.0,1256.6370614359173,annealing_T=125_h=25,T,20260902-011233,phase_detection,user_fixed_radius,user_fixed_radius,,20260902-011233,2.896635979891259,False,2.065,2.981,2.981,1.37583,0.160964,0.0235594,13.2062,2.85877,3.70647,4,0.926618,0,3,1.21058e-08,1
62,118.41,99.55,0.843902,6.13601,20.0,51.65,0.75,annealing_T=125_h=25,absent,absent,False,20.0,1256.6370614359173,annealing_T=100_h=5,T,20260613-015321,previous_detection,user_fixed_radius,user_fixed_radius,,20260902-011233,0.5946427498927481,False,6.762952,0.111743,6.762952,,,,,,,,,,,,0
62,118.41,99.55,1.82971,7.0182,20.0,52.4,1.5,annealing_T=125_h=25,absent,absent,False,20.0,1256.6370614359173,annealing_T=100_h=5,T,20260613-015321,previous_detection,user_fixed_radius,user_fixed_radius,,20260902-011233,0.5946427498927481,False,0.01479,1.04301,1.04301,,,,,,,,,,,,0
62,118.41,99.55,5.50904,7.83577,20.0,52.9,2.0,annealing_T=125_h=25,absent,absent,False,20.0,1256.6370614359173,annealing_T=100_h=5,T,20260613-015321,previous_detection,user_fixed_radius,user_fixed_radius,,20260902-011233,0.5946427498927481,False,4.54819,0.74602,4.54819,,,,,,,,,,,,0
62,118.41,99.55,16.6208,7.7829,20.0,53.4,2.5,annealing_T=125_h=25,absent,absent,False,20.0,1256.6370614359173,annealing_T=100_h=5,T,20260613-015321,previous_detection,user_fixed_radius,user_fixed_radius,,20260902-011233,0.5946427498927481,False,1.1846,5.6647,5.6647,,,,,,,,,,,,0
62,118.41,99.55,1.53025,8.1685,20.0,53.9,3.0,annealing_T=125_h=25,absent,absent,False,20.0,1256.6370614359173,annealing_T=100_h=5,T,20260613-015321,previous_detection,user_fixed_radius,user_fixed_radius,,20260902-011233,0.5946427498927481,False,0.46482,3.08642,3.08642,,,,,,,,,,,,0
62,118.41,99.55,24.7382,9.82818,20.0,55.9,5.0,annealing_T=125_h=25,absent,absent,False,20.0,1256.6370614359173,annealing_T=100_h=5,T,20260613-015321,previous_detection,user_fixed_radius,user_fixed_radius,,20260902-011233,0.5946427498927481,False,3.4612,1.5345,3.4612,,,,,,,,,,,,0
63,453.55,609.61,304.043,5.52086,20.0,51.65,0.75,annealing_T=125_h=25,present,present,False,20.0,1256.6370614359173,annealing_T=125_h=25,T,20260902-011233,phase_detection,user_fixed_radius,user_fixed_radius,,20260902-011233,2.6856098003991824,False,3.54,3.176,3.54,1.95875,0.00276763,0.0212842,502.092,1.86218,622.958,4,155.74,0,3,1.94101e-07,1
63,453.55,609.61,945.323,7.35554,20.0,52.4,1.5,annealing_T=125_h=25,present,present,False,20.0,1256.6370614359173,annealing_T=125_h=25,T,20260902-011233,phase_detection,user_fixed_radius,user_fixed_radius,,20260902-011233,2.6856098003991824,False,12.669,12.153,12.669,1.95875,0.00276763,0.0212842,502.092,1.86218,622.958,4,155.74,0,3,1.94101e-07,1
63,453.55,609.61,1969.54,7.54177,20.0,52.9,2.0,annealing_T=125_h=25,present,present,False,20.0,1256.6370614359173,annealing_T=125_h=25,T,20260902-011233,phase_detection,user_fixed_radius,user_fixed_radius,,20260902-011233,2.6856098003991824,False,20.78,29.72,29.72,1.95875,0.00276763,0.0212842,502.092,1.86218,622.958,4,155.74,0,3,1.94101e-07,1
63,453.55,609.61,3087.83,7.84051,20.0,53.4,2.5,annealing_T=125_h=25,present,present,False,20.0,1256.6370614359173,annealing_T=125_h=25,T,20260902-011233,phase_detection,user_fixed_radius,user_fixed_radius,,20260902-011233,2.6856098003991824,False,33.5,51.49,51.49,1.95875,0.00276763,0.0212842,502.092,1.86218,622.958,4,155.74,0,3,1.94101e-07,1
63,453.55,609.61,4354.84,9.13607,20.0,53.9,3.0,annealing_T=125_h=25,present,present,False,20.0,1256.6370614359173,annealing_T=125_h=25,T,20260902-011233,phase_detection,user_fixed_radius,user_fixed_radius,,20260902-011233,2.6856098003991824,False,65.23,83.28,83.28,1.95875,0.00276763,0.0212842,502.092,1.86218,622.958,4,155.74,0,3,1.94101e-07,1
63,453.55,609.61,11687.8,16.5178,20.0,55.9,5.0,annealing_T=125_h=25,present,present,False,20.0,1256.6370614359173,annealing_T=125_h=25,T,20260902-011233,phase_detection,user_fixed_radius,user_fixed_radius,,20260902-011233,2.6856098003991824,False,309.4,398.6,398.6,1.95875,0.00276763,0.0212842,502.092,1.86218,622.958,4,155.74,0,3,1.94101e-07,1
64,463.51,404.45,3.33556,5.86628,20.0,51.65,0.75,annealing_T=125_h=25,absent,absent,False,20.0,1256.6370614359173,annealing_T=100_h=25,T,20260629-230214,previous_detection,user_fixed_radius,user_fixed_radius,,20260902-011233,1.2288612614937318,False,2.19121,2.78244,2.78244,,,,,,,,,,,,0
64,463.51,404.45,5.67495,6.89843,20.0,52.4,1.5,annealing_T=125_h=25,absent,absent,False,20.0,1256.6370614359173,annealing_T=100_h=25,T,20260629-230214,previous_detection,user_fixed_radius,user_fixed_radius,,20260902-011233,1.2288612614937318,False,1.4742,0.57721,1.4742,,,,,,,,,,,,0
64,463.51,404.45,-0.0714064,7.55099,20.0,52.9,2.0,annealing_T=125_h=25,absent,absent,False,20.0,1256.6370614359173,annealing_T=100_h=25,T,20260629-230214,previous_detection,user_fixed_radius,user_fixed_radius,,20260902-011233,1.2288612614937318,False,2.3077364,2.2806564,2.3077364,,,,,,,,,,,,0
64,463.51,404.45,-2.35611,7.42082,20.0,53.4,2.5,annealing_T=125_h=25,absent,absent,False,20.0,1256.6370614359173,annealing_T=100_h=25,T,20260629-230214,previous_detection,user_fixed_radius,user_fixed_radius,,20260902-011233,1.2288612614937318,False,5.81269,3.39611,5.81269,,,,,,,,,,,,0
64,463.51,404.45,22.6866,7.86424,20.0,53.9,3.0,annealing_T=125_h=25,absent,absent,False,20.0,1256.6370614359173,annealing_T=100_h=25,T,20260629-230214,previous_detection,user_fixed_radius,user_fixed_radius,,20260902-011233,1.2288612614937318,False,1.0844,0.1968,1.0844,,,,,,,,,,,,0
64,463.51,404.45,16.0761,9.61845,20.0,55.9,5.0,annealing_T=125_h=25,absent,absent,False,20.0,1256.6370614359173,annealing_T=100_h=25,T,20260629-230214,previous_detection,user_fixed_radius,user_fixed_radius,,20260902-011233,1.2288612614937318,False,16.715926,8.5669,16.715926,,,,,,,,,,,,0
65,504.38,521.69,19.5197,5.77891,20.0,51.65,0.75,annealing_T=125_h=25,present,present,False,20.0,1256.6370614359173,annealing_T=125_h=25,T,20260902-011233,phase_detection,user_fixed_radius,user_fixed_radius,,20260902-011233,2.243568585980747,False,1.7315,2.6537,2.6537,2.7937,0.018325,0.0123551,28.8583,0.817463,194.827,4,48.7068,0,3,9.76872e-06,1
65,504.38,521.69,108.005,6.6831,20.0,52.4,1.5,annealing_T=125_h=25,present,present,False,20.0,1256.6370614359173,annealing_T=125_h=25,T,20260902-011233,phase_detection,user_fixed_radius,user_fixed_radius,,20260902-011233,2.243568585980747,False,5.462,4.932,5.462,2.7937,0.018325,0.0123551,28.8583,0.817463,194.827,4,48.7068,0,3,9.76872e-06,1
65,504.38,521.69,200.961,7.3553,20.0,52.9,2.0,annealing_T=125_h=25,present,present,False,20.0,1256.6370614359173,annealing_T=125_h=25,T,20260902-011233,phase_detection,user_fixed_radius,user_fixed_radius,,20260902-011233,2.243568585980747,False,0.843,2.614,2.614,2.7937,0.018325,0.0123551,28.8583,0.817463,194.827,4,48.7068,0,3,9.76872e-06,1
65,504.38,521.69,295.411,7.44742,20.0,53.4,2.5,annealing_T=125_h=25,present,present,False,20.0,1256.6370614359173,annealing_T=125_h=25,T,20260902-011233,phase_detection,user_fixed_radius,user_fixed_radius,,20260902-011233,2.243568585980747,False,3.095,5.246,5.246,2.7937,0.018325,0.0123551,28.8583,0.817463,194.827,4,48.7068,0,3,9.76872e-06,1
65,504.38,521.69,699.138,8.92135,20.0,53.9,3.0,annealing_T=125_h=25,present,present,False,20.0,1256.6370614359173,annealing_T=125_h=25,T,20260902-011233,phase_detection,user_fixed_radius,user_fixed_radius,,20260902-011233,2.243568585980747,False,3.164,18.736,18.736,2.7937,0.018325,0.0123551,28.8583,0.817463,194.827,4,48.7068,0,3,9.76872e-06,1
65,504.38,521.69,2582.34,10.8506,20.0,55.9,5.0,annealing_T=125_h=25,present,present,False,20.0,1256.6370614359173,annealing_T=125_h=25,T,20260902-011233,phase_detection,user_fixed_radius,user_fixed_radius,,20260902-011233,2.243568585980747,False,41.9,67.08,67.08,2.7937,0.018325,0.0123551,28.8583,0.817463,194.827,4,48.7068,0,3,9.76872e-06,1
66,590.52,234.72,-4.96564,6.03034,20.0,51.65,0.75,annealing_T=125_h=25,absent,absent,False,20.0,1256.6370614359173,annealing_T=75_h=5,T,20260523-062735,previous_detection,user_fixed_radius,user_fixed_radius,,20260902-011233,1.436941195734844,False,0.74077,0.15048,0.74077,,,,,,,,,,,,0
66,590.52,234.72,-0.411085,6.90387,20.0,52.4,1.5,annealing_T=125_h=25,absent,absent,False,20.0,1256.6370614359173,annealing_T=75_h=5,T,20260523-062735,previous_detection,user_fixed_radius,user_fixed_radius,,20260902-011233,1.436941195734844,False,0.20052,0.077719,0.20052,,,,,,,,,,,,0
66,590.52,234.72,1.15847,7.38395,20.0,52.9,2.0,annealing_T=125_h=25,absent,absent,False,20.0,1256.6370614359173,annealing_T=75_h=5,T,20260523-062735,previous_detection,user_fixed_radius,user_fixed_radius,,20260902-011233,1.436941195734844,False,5.19546,3.96649,5.19546,,,,,,,,,,,,0
66,590.52,234.72,9.98907,7.41529,20.0,53.4,2.5,annealing_T=125_h=25,absent,absent,False,20.0,1256.6370614359173,annealing_T=75_h=5,T,20260523-062735,previous_detection,user_fixed_radius,user_fixed_radius,,20260902-011233,1.436941195734844,False,3.20013,7.03631,7.03631,,,,,,,,,,,,0
66,590.52,234.72,-2.80249,8.01072,20.0,53.9,3.0,annealing_T=125_h=25,absent,absent,False,20.0,1256.6370614359173,annealing_T=75_h=5,T,20260523-062735,previous_detection,user_fixed_radius,user_fixed_radius,,20260902-011233,1.436941195734844,False,7.64541,0.33575,7.64541,,,,,,,,,,,,0
66,590.52,234.72,8.28677,9.72086,20.0,55.9,5.0,annealing_T=125_h=25,absent,absent,False,20.0,1256.6370614359173,annealing_T=75_h=5,T,20260523-062735,previous_detection,user_fixed_radius,user_fixed_radius,,20260902-011233,1.436941195734844,False,13.26678,3.77109,13.26678,,,,,,,,,,,,0
67,984.2,927.79,6.44078,5.95196,20.0,51.65,0.75,annealing_T=125_h=25,absent,absent,False,20.0,1256.6370614359173,annealing_T=100_h=25,T,20260629-230214,previous_detection,user_fixed_radius,user_fixed_radius,,20260902-011233,2.090287061625867,False,3.83599,3.11051,3.83599,,,,,,,,,,,,0
67,984.2,927.79,3.40951,6.80502,20.0,52.4,1.5,annealing_T=125_h=25,absent,absent,False,20.0,1256.6370614359173,annealing_T=100_h=25,T,20260629-230214,previous_detection,user_fixed_radius,user_fixed_radius,,20260902-011233,2.090287061625867,False,3.298368,0.07785,3.298368,,,,,,,,,,,,0
67,984.2,927.79,-4.45715,7.54157,20.0,52.9,2.0,annealing_T=125_h=25,absent,absent,False,20.0,1256.6370614359173,annealing_T=100_h=25,T,20260629-230214,previous_detection,user_fixed_radius,user_fixed_radius,,20260902-011233,2.090287061625867,False,2.42568,3.04728,3.04728,,,,,,,,,,,,0
67,984.2,927.79,7.01657,7.54408,20.0,53.4,2.5,annealing_T=125_h=25,absent,absent,False,20.0,1256.6370614359173,annealing_T=100_h=25,T,20260629-230214,previous_detection,user_fixed_radius,user_fixed_radius,,20260902-011233,2.090287061625867,False,3.2848,3.93603,3.93603,,,,,,,,,,,,0
67,984.2,927.79,4.9213,7.92894,20.0,53.9,3.0,annealing_T=125_h=25,absent,absent,False,20.0,1256.6370614359173,annealing_T=100_h=25,T,20260629-230214,previous_detection,user_fixed_radius,user_fixed_radius,,20260902-011233,2.090287061625867,False,4.80977,0.50764,4.80977,,,,,,,,,,,,0
67,984.2,927.79,24.2029,9.4519,20.0,55.9,5.0,annealing_T=125_h=25,absent,absent,False,20.0,1256.6370614359173,annealing_T=100_h=25,T,20260629-230214,previous_detection,user_fixed_radius,user_fixed_radius,,20260902-011233,2.090287061625867,False,4.0418,4.533,4.533,,,,,,,,,,,,0
68,1202.62,201.25,7.23926,6.11739,20.0,51.65,0.75,annealing_T=125_h=25,present,present,False,20.0,1256.6370614359173,annealing_T=125_h=25,T,20260902-011233,phase_detection,user_fixed_radius,user_fixed_radius,,20260902-011233,3.159192934912329,False,2.56309,0.24071,2.56309,1.644,0.427436,0.137127,3.84014,2.31449,3.43894,4,0.859735,0,3,6.13626e-07,1
68,1202.62,201.25,9.37669,7.08758,20.0,52.4,1.5,annealing_T=125_h=25,present,present,False,20.0,1256.6370614359173,annealing_T=125_h=25,T,20260902-011233,phase_detection,user_fixed_radius,user_fixed_radius,,20260902-011233,3.159192934912329,False,0.87538,0.56336,0.87538,1.644,0.427436,0.137127,3.84014,2.31449,3.43894,4,0.859735,0,3,6.13626e-07,1
68,1202.62,201.25,0.132146,7.78279,20.0,52.9,2.0,annealing_T=125_h=25,present,present,False,20.0,1256.6370614359173,annealing_T=125_h=25,T,20260902-011233,phase_detection,user_fixed_radius,user_fixed_radius,,20260902-011233,3.159192934912329,False,1.055504,4.529914,4.529914,1.644,0.427436,0.137127,3.84014,2.31449,3.43894,4,0.859735,0,3,6.13626e-07,1
68,1202.62,201.25,22.0367,7.67388,20.0,53.4,2.5,annealing_T=125_h=25,present,present,False,20.0,1256.6370614359173,annealing_T=125_h=25,T,20260902-011233,phase_detection,user_fixed_radius,user_fixed_radius,,20260902-011233,3.159192934912329,False,0.7762,0.9634,0.9634,1.644,0.427436,0.137127,3.84014,2.31449,3.43894,4,0.859735,0,3,6.13626e-07,1
68,1202.62,201.25,24.9614,8.44163,20.0,53.9,3.0,annealing_T=125_h=25,present,present,False,20.0,1256.6370614359173,annealing_T=125_h=25,T,20260902-011233,phase_detection,user_fixed_radius,user_fixed_radius,,20260902-011233,3.159192934912329,False,0.746,5.7007,5.7007,1.644,0.427436,0.137127,3.84014,2.31449,3.43894,4,0.859735,0,3,6.13626e-07,1
68,1202.62,201.25,53.8744,9.86871,20.0,55.9,5.0,annealing_T=125_h=25,present,present,False,20.0,1256.6370614359173,annealing_T=125_h=25,T,20260902-011233,phase_detection,user_fixed_radius,user_fixed_radius,,20260902-011233,3.159192934912329,False,3.3563,1.6849,3.3563,1.644,0.427436,0.137127,3.84014,2.31449,3.43894,4,0.859735,0,3,6.13626e-07,1
69,1641.8,352.78,1.8596,6.62208,20.0,51.65,0.75,annealing_T=125_h=25,absent,absent,False,20.0,1256.6370614359173,annealing_T=75_h=25,T,20260602-133829,previous_detection,user_fixed_radius,user_fixed_radius,,20260902-011233,1.7084788555904753,False,4.56851,1.219007,4.56851,,,,,,,,,,,,0
69,1641.8,352.78,-6.02407,7.59271,20.0,52.4,1.5,annealing_T=125_h=25,absent,absent,False,20.0,1256.6370614359173,annealing_T=75_h=25,T,20260602-133829,previous_detection,user_fixed_radius,user_fixed_radius,,20260902-011233,1.7084788555904753,False,0.67017,3.64284,3.64284,,,,,,,,,,,,0
69,1641.8,352.78,0.31949,8.24195,20.0,52.9,2.0,annealing_T=125_h=25,absent,absent,False,20.0,1256.6370614359173,annealing_T=75_h=25,T,20260602-133829,previous_detection,user_fixed_radius,user_fixed_radius,,20260902-011233,1.7084788555904753,False,0.188501,3.89421,3.89421,,,,,,,,,,,,0
69,1641.8,352.78,-0.0418553,8.44911,20.0,53.4,2.5,annealing_T=125_h=25,absent,absent,False,20.0,1256.6370614359173,annealing_T=75_h=25,T,20260602-133829,previous_detection,user_fixed_radius,user_fixed_radius,,20260902-011233,1.7084788555904753,False,0.2803953,2.1245847,2.1245847,,,,,,,,,,,,0
69,1641.8,352.78,-0.474112,9.09335,20.0,53.9,3.0,annealing_T=125_h=25,absent,absent,False,20.0,1256.6370614359173,annealing_T=75_h=25,T,20260602-133829,previous_detection,user_fixed_radius,user_fixed_radius,,20260902-011233,1.7084788555904753,False,0.09001,8.269452,8.269452,,,,,,,,,,,,0
69,1641.8,352.78,-19.9375,10.7156,20.0,55.9,5.0,annealing_T=125_h=25,absent,absent,False,20.0,1256.6370614359173,annealing_T=75_h=25,T,20260602-133829,previous_detection,user_fixed_radius,user_fixed_radius,,20260902-011233,1.7084788555904753,False,9.2207,6.5314,9.2207,,,,,,,,,,,,0
70,148.74,604.77,2.91342,5.9813,20.0,51.65,0.75,annealing_T=125_h=25,absent,disappeared,False,20.0,1256.6370614359173,annealing_T=125_h=5,T,20260725-020716,previous_detection,user_fixed_radius,user_fixed_radius,,20260902-011233,0.5869412236332086,False,3.80296,0.51925,3.80296,,,,,,,,,,,,0
70,148.74,604.77,13.9728,6.83453,20.0,52.4,1.5,annealing_T=125_h=25,absent,disappeared,False,20.0,1256.6370614359173,annealing_T=125_h=5,T,20260725-020716,previous_detection,user_fixed_radius,user_fixed_radius,,20260902-011233,0.5869412236332086,False,5.1864,2.0766,5.1864,,,,,,,,,,,,0
70,148.74,604.77,10.2943,7.50274,20.0,52.9,2.0,annealing_T=125_h=25,absent,disappeared,False,20.0,1256.6370614359173,annealing_T=125_h=5,T,20260725-020716,previous_detection,user_fixed_radius,user_fixed_radius,,20260902-011233,0.5869412236332086,False,3.2609,0.56477,3.2609,,,,,,,,,,,,0
70,148.74,604.77,4.27346,7.85737,20.0,53.4,2.5,annealing_T=125_h=25,absent,disappeared,False,20.0,1256.6370614359173,annealing_T=125_h=5,T,20260725-020716,previous_detection,user_fixed_radius,user_fixed_radius,,20260902-011233,0.5869412236332086,False,0.92546,0.61606,0.92546,,,,,,,,,,,,0
70,148.74,604.77,26.8606,8.38947,20.0,53.9,3.0,annealing_T=125_h=25,absent,disappeared,False,20.0,1256.6370614359173,annealing_T=125_h=5,T,20260725-020716,previous_detection,user_fixed_radius,user_fixed_radius,,20260902-011233,0.5869412236332086,False,0.1302,5.8219,5.8219,,,,,,,,,,,,0
70,148.74,604.77,515.769,11.6993,20.0,55.9,5.0,annealing_T=125_h=25,absent,disappeared,False,20.0,1256.6370614359173,annealing_T=125_h=5,T,20260725-020716,previous_detection,user_fixed_radius,user_fixed_radius,,20260902-011233,0.5869412236332086,False,17.277,29.44,29.44,,,,,,,,,,,,0
71,149.96,225.93,1.14161,5.9439,20.0,51.65,0.75,annealing_T=125_h=25,absent,absent,False,20.0,1256.6370614359173,annealing_T=75_h=5,T,20260523-062735,previous_detection,user_fixed_radius,user_fixed_radius,,20260902-011233,,False,2.2132,3.97595,3.97595,,,,,,,,,,,,0
71,149.96,225.93,-6.01443,6.85332,20.0,52.4,1.5,annealing_T=125_h=25,absent,absent,False,20.0,1256.6370614359173,annealing_T=75_h=5,T,20260523-062735,previous_detection,user_fixed_radius,user_fixed_radius,,20260902-011233,,False,1.37298,0.35819,1.37298,,,,,,,,,,,,0
71,149.96,225.93,-3.44468,7.4709,20.0,52.9,2.0,annealing_T=125_h=25,absent,absent,False,20.0,1256.6370614359173,annealing_T=75_h=5,T,20260523-062735,previous_detection,user_fixed_radius,user_fixed_radius,,20260902-011233,,False,0.25839,3.4589502,3.4589502,,,,,,,,,,,,0
71,149.96,225.93,3.24451,7.72259,20.0,53.4,2.5,annealing_T=125_h=25,absent,absent,False,20.0,1256.6370614359173,annealing_T=75_h=5,T,20260523-062735,previous_detection,user_fixed_radius,user_fixed_radius,,20260902-011233,,False,3.27605,5.24747,5.24747,,,,,,,,,,,,0
71,149.96,225.93,-11.3738,8.20642,20.0,53.9,3.0,annealing_T=125_h=25,absent,absent,False,20.0,1256.6370614359173,annealing_T=75_h=5,T,20260523-062735,previous_detection,user_fixed_radius,user_fixed_radius,,20260902-011233,,False,2.9102,6.5957,6.5957,,,,,,,,,,,,0
71,149.96,225.93,-10.7272,9.5561,20.0,55.9,5.0,annealing_T=125_h=25,absent,absent,False,20.0,1256.6370614359173,annealing_T=75_h=5,T,20260523-062735,previous_detection,user_fixed_radius,user_fixed_radius,,20260902-011233,,False,4.118,2.72972,4.118,,,,,,,,,,,,0
72,1779.75,616.3,2.94029,5.48873,20.0,51.65,0.75,annealing_T=125_h=25,absent,absent,False,20.0,1256.6370614359173,annealing_T=75_h=5,T,20260523-062735,previous_detection,user_fixed_radius,user_fixed_radius,,20260902-011233,,False,5.14965,4.19094,5.14965,,,,,,,,,,,,0
72,1779.75,616.3,-11.9724,6.5707,20.0,52.4,1.5,annealing_T=125_h=25,absent,absent,False,20.0,1256.6370614359173,annealing_T=75_h=5,T,20260523-062735,previous_detection,user_fixed_radius,user_fixed_radius,,20260902-011233,,False,0.8502,2.73455,2.73455,,,,,,,,,,,,0
72,1779.75,616.3,-6.7925,7.08465,20.0,52.9,2.0,annealing_T=125_h=25,absent,absent,False,20.0,1256.6370614359173,annealing_T=75_h=5,T,20260523-062735,previous_detection,user_fixed_radius,user_fixed_radius,,20260902-011233,,False,0.83439,2.61137,2.61137,,,,,,,,,,,,0
72,1779.75,616.3,-1.01531,7.08098,20.0,53.4,2.5,annealing_T=125_h=25,absent,absent,False,20.0,1256.6370614359173,annealing_T=75_h=5,T,20260523-062735,previous_detection,user_fixed_radius,user_fixed_radius,,20260902-011233,,False,0.7427,2.60589,2.60589,,,,,,,,,,,,0
72,1779.75,616.3,5.66664,7.49191,20.0,53.9,3.0,annealing_T=125_h=25,absent,absent,False,20.0,1256.6370614359173,annealing_T=75_h=5,T,20260523-062735,previous_detection,user_fixed_radius,user_fixed_radius,,20260902-011233,,False,5.071267,0.56123,5.071267,,,,,,,,,,,,0
72,1779.75,616.3,10.5333,8.69704,20.0,55.9,5.0,annealing_T=125_h=25,absent,absent,False,20.0,1256.6370614359173,annealing_T=75_h=5,T,20260523-062735,previous_detection,user_fixed_radius,user_fixed_radius,,20260902-011233,,False,3.9732,0.4874,3.9732,,,,,,,,,,,,0
73,1108.79,383.87,2.3306,6.91673,20.0,51.65,0.75,annealing_T=125_h=25,absent,never_detected_in_condition,False,20.0,1256.6370614359173,annealing_T=75_h=5,v,20260524-053913,cross_constant_fallback,user_fixed_radius,user_fixed_radius,,20260902-011233,,True,3.11155,0.16665,3.11155,,,,,,,,,,,,0
73,1108.79,383.87,-4.3367,7.39949,20.0,52.4,1.5,annealing_T=125_h=25,absent,never_detected_in_condition,False,20.0,1256.6370614359173,annealing_T=75_h=5,v,20260524-053913,cross_constant_fallback,user_fixed_radius,user_fixed_radius,,20260902-011233,,True,3.25016,0.73859,3.25016,,,,,,,,,,,,0
73,1108.79,383.87,-8.97341,8.33696,20.0,52.9,2.0,annealing_T=125_h=25,absent,never_detected_in_condition,False,20.0,1256.6370614359173,annealing_T=75_h=5,v,20260524-053913,cross_constant_fallback,user_fixed_radius,user_fixed_radius,,20260902-011233,,True,3.06889,5.6283,5.6283,,,,,,,,,,,,0
73,1108.79,383.87,7.45604,8.31943,20.0,53.4,2.5,annealing_T=125_h=25,absent,never_detected_in_condition,False,20.0,1256.6370614359173,annealing_T=75_h=5,v,20260524-053913,cross_constant_fallback,user_fixed_radius,user_fixed_radius,,20260902-011233,,True,3.01275,1.85311,3.01275,,,,,,,,,,,,0
73,1108.79,383.87,2.52388,8.66864,20.0,53.9,3.0,annealing_T=125_h=25,absent,never_detected_in_condition,False,20.0,1256.6370614359173,annealing_T=75_h=5,v,20260524-053913,cross_constant_fallback,user_fixed_radius,user_fixed_radius,,20260902-011233,,True,3.118451,0.77181,3.118451,,,,,,,,,,,,0
73,1108.79,383.87,-14.9593,10.5119,20.0,55.9,5.0,annealing_T=125_h=25,absent,never_detected_in_condition,False,20.0,1256.6370614359173,annealing_T=75_h=5,v,20260524-053913,cross_constant_fallback,user_fixed_radius,user_fixed_radius,,20260902-011233,,True,12.3581,7.14246,12.3581,,,,,,,,,,,,0
74,792.2,460.39,18.0986,5.7041,20.0,51.65,0.75,annealing_T=125_h=25,present,present,False,20.0,1256.6370614359173,annealing_T=125_h=25,T,20260902-011233,phase_detection,user_fixed_radius,user_fixed_radius,,20260902-011233,0.2886173937934149,False,1.275,4.8832,4.8832,1.10977,0.218926,0.203177,12.3598,3.40562,3.96015,4,0.990038,0,3,2.70917e-07,1
74,792.2,460.39,20.3987,6.67054,20.0,52.4,1.5,annealing_T=125_h=25,present,present,False,20.0,1256.6370614359173,annealing_T=125_h=25,T,20260902-011233,phase_detection,user_fixed_radius,user_fixed_radius,,20260902-011233,0.2886173937934149,False,4.9881,2.3868,4.9881,1.10977,0.218926,0.203177,12.3598,3.40562,3.96015,4,0.990038,0,3,2.70917e-07,1
74,792.2,460.39,22.5153,7.18653,20.0,52.9,2.0,annealing_T=125_h=25,present,present,False,20.0,1256.6370614359173,annealing_T=125_h=25,T,20260902-011233,phase_detection,user_fixed_radius,user_fixed_radius,,20260902-011233,0.2886173937934149,False,2.0193,1.0486,2.0193,1.10977,0.218926,0.203177,12.3598,3.40562,3.96015,4,0.990038,0,3,2.70917e-07,1
74,792.2,460.39,30.449,7.4421,20.0,53.4,2.5,annealing_T=125_h=25,present,present,False,20.0,1256.6370614359173,annealing_T=125_h=25,T,20260902-011233,phase_detection,user_fixed_radius,user_fixed_radius,,20260902-011233,0.2886173937934149,False,1.9353,2.6091,2.6091,1.10977,0.218926,0.203177,12.3598,3.40562,3.96015,4,0.990038,0,3,2.70917e-07,1
74,792.2,460.39,36.7694,7.8622,20.0,53.9,3.0,annealing_T=125_h=25,present,present,False,20.0,1256.6370614359173,annealing_T=125_h=25,T,20260902-011233,phase_detection,user_fixed_radius,user_fixed_radius,,20260902-011233,0.2886173937934149,False,5.424,3.0882,5.424,1.10977,0.218926,0.203177,12.3598,3.40562,3.96015,4,0.990038,0,3,2.70917e-07,1
74,792.2,460.39,79.5009,9.30643,20.0,55.9,5.0,annealing_T=125_h=25,present,present,False,20.0,1256.6370614359173,annealing_T=125_h=25,T,20260902-011233,phase_detection,user_fixed_radius,user_fixed_radius,,20260902-011233,0.2886173937934149,False,1.2782,3.373,3.373,1.10977,0.218926,0.203177,12.3598,3.40562,3.96015,4,0.990038,0,3,2.70917e-07,1
75,1096.46,254.52,-4.19575,5.87355,20.0,51.65,0.75,annealing_T=125_h=25,absent,absent,False,20.0,1256.6370614359173,annealing_T=100_h=5,T,20260613-015321,previous_detection,user_fixed_radius,user_fixed_radius,,20260902-011233,1.1075197515167918,False,2.81036,1.04533,2.81036,,,,,,,,,,,,0
75,1096.46,254.52,0.111409,6.72528,20.0,52.4,1.5,annealing_T=125_h=25,absent,absent,False,20.0,1256.6370614359173,annealing_T=100_h=5,T,20260613-015321,previous_detection,user_fixed_radius,user_fixed_radius,,20260902-011233,1.1075197515167918,False,3.180349,0.704309,3.180349,,,,,,,,,,,,0
75,1096.46,254.52,-6.7811,7.27768,20.0,52.9,2.0,annealing_T=125_h=25,absent,absent,False,20.0,1256.6370614359173,annealing_T=100_h=5,T,20260613-015321,previous_detection,user_fixed_radius,user_fixed_radius,,20260902-011233,1.1075197515167918,False,3.02814,6.3591,6.3591,,,,,,,,,,,,0
75,1096.46,254.52,-7.5862,7.33363,20.0,53.4,2.5,annealing_T=125_h=25,absent,absent,False,20.0,1256.6370614359173,annealing_T=100_h=5,T,20260613-015321,previous_detection,user_fixed_radius,user_fixed_radius,,20260902-011233,1.1075197515167918,False,5.2724,7.15872,7.15872,,,,,,,,,,,,0
75,1096.46,254.52,-4.65331,7.67492,20.0,53.9,3.0,annealing_T=125_h=25,absent,absent,False,20.0,1256.6370614359173,annealing_T=100_h=5,T,20260613-015321,previous_detection,user_fixed_radius,user_fixed_radius,,20260902-011233,1.1075197515167918,False,1.94955,0.0001,1.94955,,,,,,,,,,,,0
75,1096.46,254.52,-5.2175,9.00058,20.0,55.9,5.0,annealing_T=125_h=25,absent,absent,False,20.0,1256.6370614359173,annealing_T=100_h=5,T,20260613-015321,previous_detection,user_fixed_radius,user_fixed_radius,,20260902-011233,1.1075197515167918,False,4.25161,3.09299,4.25161,,,,,,,,,,,,0
76,1145.53,633.05,4.82986,5.4542,20.0,51.65,0.75,annealing_T=125_h=25,absent,absent,False,20.0,1256.6370614359173,annealing_T=100_h=25,T,20260629-230214,previous_detection,user_fixed_radius,user_fixed_radius,,20260902-011233,0.2860069929214683,False,0.20046,1.92748,1.92748,,,,,,,,,,,,0
76,1145.53,633.05,9.87698,6.33463,20.0,52.4,1.5,annealing_T=125_h=25,absent,absent,False,20.0,1256.6370614359173,annealing_T=100_h=25,T,20260629-230214,previous_detection,user_fixed_radius,user_fixed_radius,,20260902-011233,0.2860069929214683,False,0.57095,0.64728,0.64728,,,,,,,,,,,,0
76,1145.53,633.05,6.07659,7.11491,20.0,52.9,2.0,annealing_T=125_h=25,absent,absent,False,20.0,1256.6370614359173,annealing_T=100_h=25,T,20260629-230214,previous_detection,user_fixed_radius,user_fixed_radius,,20260902-011233,0.2860069929214683,False,1.99612,2.54589,2.54589,,,,,,,,,,,,0
76,1145.53,633.05,4.82578,6.9905,20.0,53.4,2.5,annealing_T=125_h=25,absent,absent,False,20.0,1256.6370614359173,annealing_T=100_h=25,T,20260629-230214,previous_detection,user_fixed_radius,user_fixed_radius,,20260902-011233,0.2860069929214683,False,1.54219,3.17621,3.17621,,,,,,,,,,,,0
76,1145.53,633.05,13.6738,7.42347,20.0,53.9,3.0,annealing_T=125_h=25,absent,absent,False,20.0,1256.6370614359173,annealing_T=100_h=25,T,20260629-230214,previous_detection,user_fixed_radius,user_fixed_radius,,20260902-011233,0.2860069929214683,False,4.65579,2.8857,4.65579,,,,,,,,,,,,0
76,1145.53,633.05,24.8927,8.63503,20.0,55.9,5.0,annealing_T=125_h=25,absent,absent,False,20.0,1256.6370614359173,annealing_T=100_h=25,T,20260629-230214,previous_detection,user_fixed_radius,user_fixed_radius,,20260902-011233,0.2860069929214683,False,3.0815,2.4517,3.0815,,,,,,,,,,,,0
77,1384.88,429.14,3.77601,5.55689,20.0,51.65,0.75,annealing_T=125_h=25,absent,absent,False,20.0,1256.6370614359173,annealing_T=75_h=25,T,20260602-133829,previous_detection,user_fixed_radius,user_fixed_radius,,20260902-011233,,False,4.04126,3.486756,4.04126,,,,,,,,,,,,0
77,1384.88,429.14,0.421311,6.55088,20.0,52.4,1.5,annealing_T=125_h=25,absent,absent,False,20.0,1256.6370614359173,annealing_T=75_h=25,T,20260602-133829,previous_detection,user_fixed_radius,user_fixed_radius,,20260902-011233,,False,3.732511,3.388291,3.732511,,,,,,,,,,,,0
77,1384.88,429.14,-0.390068,7.1024,20.0,52.9,2.0,annealing_T=125_h=25,absent,absent,False,20.0,1256.6370614359173,annealing_T=75_h=25,T,20260602-133829,previous_detection,user_fixed_radius,user_fixed_radius,,20260902-011233,,False,0.461206,2.592122,2.592122,,,,,,,,,,,,0
77,1384.88,429.14,-7.64502,7.18682,20.0,53.4,2.5,annealing_T=125_h=25,absent,absent,False,20.0,1256.6370614359173,annealing_T=75_h=25,T,20260602-133829,previous_detection,user_fixed_radius,user_fixed_radius,,20260902-011233,,False,1.59036,3.28511,3.28511,,,,,,,,,,,,0
77,1384.88,429.14,-17.3788,7.60791,20.0,53.9,3.0,annealing_T=125_h=25,absent,absent,False,20.0,1256.6370614359173,annealing_T=75_h=25,T,20260602-133829,previous_detection,user_fixed_radius,user_fixed_radius,,20260902-011233,,False,1.8756,8.29529,8.29529,,,,,,,,,,,,0
77,1384.88,429.14,0.502048,8.81861,20.0,55.9,5.0,annealing_T=125_h=25,absent,absent,False,20.0,1256.6370614359173,annealing_T=75_h=25,T,20260602-133829,previous_detection,user_fixed_radius,user_fixed_radius,,20260902-011233,,False,4.329348,0.5230289,4.329348,,,,,,,,,,,,0
78,1531.33,485.32,5.46759,5.48012,20.0,51.65,0.75,annealing_T=125_h=25,present,present,False,20.0,1256.6370614359173,annealing_T=125_h=25,T,20260902-011233,phase_detection,user_fixed_radius,user_fixed_radius,,20260902-011233,3.415845429758186,False,3.19543,0.97219,3.19543,3.01561,0.145736,0.136555,2.61512,0.597454,5.19435,4,1.29859,0,3,2.67405e-06,1
78,1531.33,485.32,2.77267,6.65041,20.0,52.4,1.5,annealing_T=125_h=25,present,present,False,20.0,1256.6370614359173,annealing_T=125_h=25,T,20260902-011233,phase_detection,user_fixed_radius,user_fixed_radius,,20260902-011233,3.415845429758186,False,4.37112,3.61709,4.37112,3.01561,0.145736,0.136555,2.61512,0.597454,5.19435,4,1.29859,0,3,2.67405e-06,1
78,1531.33,485.32,11.6429,7.1654,20.0,52.9,2.0,annealing_T=125_h=25,present,present,False,20.0,1256.6370614359173,annealing_T=125_h=25,T,20260902-011233,phase_detection,user_fixed_radius,user_fixed_radius,,20260902-011233,3.415845429758186,False,1.2171,1.563,1.563,3.01561,0.145736,0.136555,2.61512,0.597454,5.19435,4,1.29859,0,3,2.67405e-06,1
78,1531.33,485.32,38.3093,7.30494,20.0,53.4,2.5,annealing_T=125_h=25,present,present,False,20.0,1256.6370614359173,annealing_T=125_h=25,T,20260902-011233,phase_detection,user_fixed_radius,user_fixed_radius,,20260902-011233,3.415845429758186,False,5.4737,0.6563,5.4737,3.01561,0.145736,0.136555,2.61512,0.597454,5.19435,4,1.29859,0,3,2.67405e-06,1
78,1531.33,485.32,81.7928,7.52948,20.0,53.9,3.0,annealing_T=125_h=25,present,present,False,20.0,1256.6370614359173,annealing_T=125_h=25,T,20260902-011233,phase_detection,user_fixed_radius,user_fixed_radius,,20260902-011233,3.415845429758186,False,2.496,3.3227,3.3227,3.01561,0.145736,0.136555,2.61512,0.597454,5.19435,4,1.29859,0,3,2.67405e-06,1
78,1531.33,485.32,333.966,8.97885,20.0,55.9,5.0,annealing_T=125_h=25,present,present,False,20.0,1256.6370614359173,annealing_T=125_h=25,T,20260902-011233,phase_detection,user_fixed_radius,user_fixed_radius,,20260902-011233,3.415845429758186,False,3.926,10.745,10.745,3.01561,0.145736,0.136555,2.61512,0.597454,5.19435,4,1.29859,0,3,2.67405e-06,1
79,1585.57,548.25,1.22658,5.91118,20.0,51.65,0.75,annealing_T=125_h=25,absent,absent,False,20.0,1256.6370614359173,annealing_T=75_h=25,T,20260602-133829,previous_detection,user_fixed_radius,user_fixed_radius,,20260902-011233,,False,7.53132,0.83029,7.53132,,,,,,,,,,,,0
79,1585.57,548.25,-2.89682,6.77799,20.0,52.4,1.5,annealing_T=125_h=25,absent,absent,False,20.0,1256.6370614359173,annealing_T=75_h=25,T,20260602-133829,previous_detection,user_fixed_radius,user_fixed_radius,,20260902-011233,,False,4.72991,3.722424,4.72991,,,,,,,,,,,,0
79,1585.57,548.25,-1.455,7.35232,20.0,52.9,2.0,annealing_T=125_h=25,absent,absent,False,20.0,1256.6370614359173,annealing_T=75_h=25,T,20260602-133829,previous_detection,user_fixed_radius,user_fixed_radius,,20260902-011233,,False,5.74439,0.87118,5.74439,,,,,,,,,,,,0
79,1585.57,548.25,-9.88024,7.56006,20.0,53.4,2.5,annealing_T=125_h=25,absent,absent,False,20.0,1256.6370614359173,annealing_T=75_h=25,T,20260602-133829,previous_detection,user_fixed_radius,user_fixed_radius,,20260902-011233,,False,1.42556,4.26836,4.26836,,,,,,,,,,,,0
79,1585.57,548.25,2.94542,7.98722,20.0,53.9,3.0,annealing_T=125_h=25,absent,absent,False,20.0,1256.6370614359173,annealing_T=75_h=25,T,20260602-133829,previous_detection,user_fixed_radius,user_fixed_radius,,20260902-011233,,False,4.33696,0.50197,4.33696,,,,,,,,,,,,0
79,1585.57,548.25,-6.78033,9.28588,20.0,55.9,5.0,annealing_T=125_h=25,absent,absent,False,20.0,1256.6370614359173,annealing_T=75_h=25,T,20260602-133829,previous_detection,user_fixed_radius,user_fixed_radius,,20260902-011233,,False,14.68617,3.4149,14.68617,,,,,,,,,,,,0
80,713.62,108.48,-0.0919096,5.95471,20.0,51.65,0.75,annealing_T=125_h=25,absent,absent,False,20.0,1256.6370614359173,annealing_T=100_h=25,T,20260629-230214,previous_detection,user_fixed_radius,user_fixed_radius,,20260902-011233,0.3482814953453741,False,1.5426504,0.9064876,1.5426504,,,,,,,,,,,,0
80,713.62,108.48,-0.628714,6.82618,20.0,52.4,1.5,annealing_T=125_h=25,absent,absent,False,20.0,1256.6370614359173,annealing_T=100_h=25,T,20260629-230214,previous_detection,user_fixed_radius,user_fixed_radius,,20260902-011233,0.3482814953453741,False,3.911294,3.532864,3.911294,,,,,,,,,,,,0
80,713.62,108.48,7.01171,7.73827,20.0,52.9,2.0,annealing_T=125_h=25,absent,absent,False,20.0,1256.6370614359173,annealing_T=100_h=25,T,20260629-230214,previous_detection,user_fixed_radius,user_fixed_radius,,20260902-011233,0.3482814953453741,False,1.68805,3.10209,3.10209,,,,,,,,,,,,0
80,713.62,108.48,20.8384,7.6905,20.0,53.4,2.5,annealing_T=125_h=25,absent,absent,False,20.0,1256.6370614359173,annealing_T=100_h=25,T,20260629-230214,previous_detection,user_fixed_radius,user_fixed_radius,,20260902-011233,0.3482814953453741,False,0.7087,0.7295,0.7295,,,,,,,,,,,,0
80,713.62,108.48,16.8754,8.01671,20.0,53.9,3.0,annealing_T=125_h=25,absent,absent,False,20.0,1256.6370614359173,annealing_T=100_h=25,T,20260629-230214,previous_detection,user_fixed_radius,user_fixed_radius,,20260902-011233,0.3482814953453741,False,12.44676,3.196,12.44676,,,,,,,,,,,,0
80,713.62,108.48,74.0321,9.54321,20.0,55.9,5.0,annealing_T=125_h=25,absent,absent,False,20.0,1256.6370614359173,annealing_T=100_h=25,T,20260629-230214,previous_detection,user_fixed_radius,user_fixed_radius,,20260902-011233,0.3482814953453741,False,4.697,4.362,4.697,,,,,,,,,,,,0
81,796.6,317.5,-6.16395,6.02445,20.0,51.65,0.75,annealing_T=125_h=25,absent,absent,False,20.0,1256.6370614359173,annealing_T=100_h=5,T,20260613-015321,previous_detection,user_fixed_radius,user_fixed_radius,,20260902-011233,,False,0.39525,2.84018,2.84018,,,,,,,,,,,,0
81,796.6,317.5,-2.67007,6.8202,20.0,52.4,1.5,annealing_T=125_h=25,absent,absent,False,20.0,1256.6370614359173,annealing_T=100_h=5,T,20260613-015321,previous_detection,user_fixed_radius,user_fixed_radius,,20260902-011233,,False,2.808913,0.52354,2.808913,,,,,,,,,,,,0
81,796.6,317.5,2.62664,7.51658,20.0,52.9,2.0,annealing_T=125_h=25,absent,absent,False,20.0,1256.6370614359173,annealing_T=100_h=5,T,20260613-015321,previous_detection,user_fixed_radius,user_fixed_radius,,20260902-011233,,False,3.23325,0.43542,3.23325,,,,,,,,,,,,0
81,796.6,317.5,-4.05626,7.63589,20.0,53.4,2.5,annealing_T=125_h=25,absent,absent,False,20.0,1256.6370614359173,annealing_T=100_h=5,T,20260613-015321,previous_detection,user_fixed_radius,user_fixed_radius,,20260902-011233,,False,5.3022,1.75925,5.3022,,,,,,,,,,,,0
81,796.6,317.5,0.115242,8.2182,20.0,53.9,3.0,annealing_T=125_h=25,absent,absent,False,20.0,1256.6370614359173,annealing_T=100_h=5,T,20260613-015321,previous_detection,user_fixed_radius,user_fixed_radius,,20260902-011233,,False,5.988482,4.457218,5.988482,,,,,,,,,,,,0
81,796.6,317.5,-11.8181,9.86354,20.0,55.9,5.0,annealing_T=125_h=25,absent,absent,False,20.0,1256.6370614359173,annealing_T=100_h=5,T,20260613-015321,previous_detection,user_fixed_radius,user_fixed_radius,,20260902-011233,,False,10.3184,5.5636,10.3184,,,,,,,,,,,,0
82,1441.49,322.27,1.26921,5.75228,20.0,51.65,0.75,annealing_T=125_h=25,absent,absent,False,20.0,1256.6370614359173,annealing_T=100_h=25,T,20260629-230214,previous_detection,user_fixed_radius,user_fixed_radius,,20260902-011233,1.113058848399341,False,5.33947,3.74366,5.33947,,,,,,,,,,,,0
82,1441.49,322.27,-7.00621,6.70372,20.0,52.4,1.5,annealing_T=125_h=25,absent,absent,False,20.0,1256.6370614359173,annealing_T=100_h=25,T,20260629-230214,previous_detection,user_fixed_radius,user_fixed_radius,,20260902-011233,1.113058848399341,False,1.3328,4.09217,4.09217,,,,,,,,,,,,0
82,1441.49,322.27,4.29564,7.46783,20.0,52.9,2.0,annealing_T=125_h=25,absent,absent,False,20.0,1256.6370614359173,annealing_T=100_h=25,T,20260629-230214,previous_detection,user_fixed_radius,user_fixed_radius,,20260902-011233,1.113058848399341,False,6.09196,0.66543,6.09196,,,,,,,,,,,,0
82,1441.49,322.27,-10.53,7.46859,20.0,53.4,2.5,annealing_T=125_h=25,absent,absent,False,20.0,1256.6370614359173,annealing_T=100_h=25,T,20260629-230214,previous_detection,user_fixed_radius,user_fixed_radius,,20260902-011233,1.113058848399341,False,9.4406,9.33075,9.4406,,,,,,,,,,,,0
82,1441.49,322.27,-0.0916267,7.8936,20.0,53.9,3.0,annealing_T=125_h=25,absent,absent,False,20.0,1256.6370614359173,annealing_T=100_h=25,T,20260629-230214,previous_detection,user_fixed_radius,user_fixed_radius,,20260902-011233,1.113058848399341,False,3.0823467,3.3394267,3.3394267,,,,,,,,,,,,0
82,1441.49,322.27,26.9632,9.10064,20.0,55.9,5.0,annealing_T=125_h=25,absent,absent,False,20.0,1256.6370614359173,annealing_T=100_h=25,T,20260629-230214,previous_detection,user_fixed_radius,user_fixed_radius,,20260902-011233,1.113058848399341,False,6.7925,9.5872,9.5872,,,,,,,,,,,,0
83,1465.66,151.08,1.21253,6.40195,20.0,51.65,0.75,annealing_T=125_h=25,present,reappeared,False,20.0,1256.6370614359173,annealing_T=125_h=25,T,20260902-011233,phase_detection,user_fixed_radius,user_fixed_radius,,20260902-011233,1.50525745306242,False,0.573531,1.101017,1.101017,1.67238,0.198821,0.225435,8.01837,2.25803,1.68022,4,0.420055,0,3,1.04622e-08,1
83,1465.66,151.08,17.2833,7.27775,20.0,52.4,1.5,annealing_T=125_h=25,present,reappeared,False,20.0,1256.6370614359173,annealing_T=125_h=25,T,20260902-011233,phase_detection,user_fixed_radius,user_fixed_radius,,20260902-011233,1.50525745306242,False,5.807,0.5742,5.807,1.67238,0.198821,0.225435,8.01837,2.25803,1.68022,4,0.420055,0,3,1.04622e-08,1
83,1465.66,151.08,33.0381,7.99091,20.0,52.9,2.0,annealing_T=125_h=25,present,reappeared,False,20.0,1256.6370614359173,annealing_T=125_h=25,T,20260902-011233,phase_detection,user_fixed_radius,user_fixed_radius,,20260902-011233,1.50525745306242,False,1.7002,3.1065,3.1065,1.67238,0.198821,0.225435,8.01837,2.25803,1.68022,4,0.420055,0,3,1.04622e-08,1
83,1465.66,151.08,35.7586,7.96326,20.0,53.4,2.5,annealing_T=125_h=25,present,reappeared,False,20.0,1256.6370614359173,annealing_T=125_h=25,T,20260902-011233,phase_detection,user_fixed_radius,user_fixed_radius,,20260902-011233,1.50525745306242,False,0.1096,1.6425,1.6425,1.67238,0.198821,0.225435,8.01837,2.25803,1.68022,4,0.420055,0,3,1.04622e-08,1
83,1465.66,151.08,45.1805,8.44061,20.0,53.9,3.0,annealing_T=125_h=25,present,reappeared,False,20.0,1256.6370614359173,annealing_T=125_h=25,T,20260902-011233,phase_detection,user_fixed_radius,user_fixed_radius,,20260902-011233,1.50525745306242,False,11.4389,3.1981,11.4389,1.67238,0.198821,0.225435,8.01837,2.25803,1.68022,4,0.420055,0,3,1.04622e-08,1
83,1465.66,151.08,119.586,10.1472,20.0,55.9,5.0,annealing_T=125_h=25,present,reappeared,False,20.0,1256.6370614359173,annealing_T=125_h=25,T,20260902-011233,phase_detection,user_fixed_radius,user_fixed_radius,,20260902-011233,1.50525745306242,False,2.122,0.568,2.122,1.67238,0.198821,0.225435,8.01837,2.25803,1.68022,4,0.420055,0,3,1.04622e-08,1
84,1745.63,663.68,5.10512,5.3655,20.0,51.65,0.75,annealing_T=125_h=25,present,present,False,20.0,1256.6370614359173,annealing_T=125_h=25,T,20260902-011233,phase_detection,user_fixed_radius,user_fixed_radius,,20260902-011233,1.868100639687419,False,2.29645,5.19058,5.19058,1.61099,0.0906259,0.145873,15.949,2.03747,6.01555,4,1.50389,0,3,2.08997e-08,1
84,1745.63,663.68,25.424,6.45095,20.0,52.4,1.5,annealing_T=125_h=25,present,present,False,20.0,1256.6370614359173,annealing_T=125_h=25,T,20260902-011233,phase_detection,user_fixed_radius,user_fixed_radius,,20260902-011233,1.868100639687419,False,1.0602,2.626,2.626,1.61099,0.0906259,0.145873,15.949,2.03747,6.01555,4,1.50389,0,3,2.08997e-08,1
84,1745.63,663.68,46.9763,7.19181,20.0,52.9,2.0,annealing_T=125_h=25,present,present,False,20.0,1256.6370614359173,annealing_T=125_h=25,T,20260902-011233,phase_detection,user_fixed_radius,user_fixed_radius,,20260902-011233,1.868100639687419,False,0.5843,4.3134,4.3134,1.61099,0.0906259,0.145873,15.949,2.03747,6.01555,4,1.50389,0,3,2.08997e-08,1
84,1745.63,663.68,66.424,7.26441,20.0,53.4,2.5,annealing_T=125_h=25,present,present,False,20.0,1256.6370614359173,annealing_T=125_h=25,T,20260902-011233,phase_detection,user_fixed_radius,user_fixed_radius,,20260902-011233,1.868100639687419,False,0.851,2.1966,2.1966,1.61099,0.0906259,0.145873,15.949,2.03747,6.01555,4,1.50389,0,3,2.08997e-08,1
84,1745.63,663.68,108.739,7.61128,20.0,53.9,3.0,annealing_T=125_h=25,present,present,False,20.0,1256.6370614359173,annealing_T=125_h=25,T,20260902-011233,phase_detection,user_fixed_radius,user_fixed_radius,,20260902-011233,1.868100639687419,False,0.041,3.739,3.739,1.61099,0.0906259,0.145873,15.949,2.03747,6.01555,4,1.50389,0,3,2.08997e-08,1
84,1745.63,663.68,208.241,9.0876,20.0,55.9,5.0,annealing_T=125_h=25,present,present,False,20.0,1256.6370614359173,annealing_T=125_h=25,T,20260902-011233,phase_detection,user_fixed_radius,user_fixed_radius,,20260902-011233,1.868100639687419,False,13.924,20.796,20.796,1.61099,0.0906259,0.145873,15.949,2.03747,6.01555,4,1.50389,0,3,2.08997e-08,1
85,195.12,135.82,9.36767,5.70585,20.0,51.65,0.75,annealing_T=125_h=25,present,present,False,20.0,1256.6370614359173,annealing_T=125_h=25,T,20260902-011233,phase_detection,user_fixed_radius,user_fixed_radius,,20260902-011233,0.9243916918709324,False,2.46226,1.79943,2.46226,2.08439,0.104014,0.0434651,9.67728,1.49321,2.58663,4,0.646657,0,3,1.71759e-08,1
85,195.12,135.82,25.4702,6.73016,20.0,52.4,1.5,annealing_T=125_h=25,present,present,False,20.0,1256.6370614359173,annealing_T=125_h=25,T,20260902-011233,phase_detection,user_fixed_radius,user_fixed_radius,,20260902-011233,0.9243916918709324,False,2.7294,0.0499,2.7294,2.08439,0.104014,0.0434651,9.67728,1.49321,2.58663,4,0.646657,0,3,1.71759e-08,1
85,195.12,135.82,46.7916,7.36843,20.0,52.9,2.0,annealing_T=125_h=25,present,present,False,20.0,1256.6370614359173,annealing_T=125_h=25,T,20260902-011233,phase_detection,user_fixed_radius,user_fixed_radius,,20260902-011233,0.9243916918709324,False,6.006,1.9234,6.006,2.08439,0.104014,0.0434651,9.67728,1.49321,2.58663,4,0.646657,0,3,1.71759e-08,1
85,195.12,135.82,57.1134,7.31442,20.0,53.4,2.5,annealing_T=125_h=25,present,present,False,20.0,1256.6370614359173,annealing_T=125_h=25,T,20260902-011233,phase_detection,user_fixed_radius,user_fixed_radius,,20260902-011233,0.9243916918709324,False,0.7638,0.9666,0.9666,2.08439,0.104014,0.0434651,9.67728,1.49321,2.58663,4,0.646657,0,3,1.71759e-08,1
85,195.12,135.82,95.5192,7.78542,20.0,53.9,3.0,annealing_T=125_h=25,present,present,False,20.0,1256.6370614359173,annealing_T=125_h=25,T,20260902-011233,phase_detection,user_fixed_radius,user_fixed_radius,,20260902-011233,0.9243916918709324,False,2.2695,4.9263,4.9263,2.08439,0.104014,0.0434651,9.67728,1.49321,2.58663,4,0.646657,0,3,1.71759e-08,1
85,195.12,135.82,278.286,9.38637,20.0,55.9,5.0,annealing_T=125_h=25,present,present,False,20.0,1256.6370614359173,annealing_T=125_h=25,T,20260902-011233,phase_detection,user_fixed_radius,user_fixed_radius,,20260902-011233,0.9243916918709324,False,12.97,6.732,12.97,2.08439,0.104014,0.0434651,9.67728,1.49321,2.58663,4,0.646657,0,3,1.71759e-08,1
86,230.7,250.16,-6.03909,5.90877,20.0,51.65,0.75,annealing_T=125_h=25,absent,absent,False,20.0,1256.6370614359173,annealing_T=100_h=25,T,20260629-230214,previous_detection,user_fixed_radius,user_fixed_radius,,20260902-011233,,False,6.82911,0.97414,6.82911,,,,,,,,,,,,0
86,230.7,250.16,-14.7569,6.83901,20.0,52.4,1.5,annealing_T=125_h=25,absent,absent,False,20.0,1256.6370614359173,annealing_T=100_h=25,T,20260629-230214,previous_detection,user_fixed_radius,user_fixed_radius,,20260902-011233,,False,0.2445,1.7084,1.7084,,,,,,,,,,,,0
86,230.7,250.16,-18.227,7.38749,20.0,52.9,2.0,annealing_T=125_h=25,absent,absent,False,20.0,1256.6370614359173,annealing_T=100_h=25,T,20260629-230214,previous_detection,user_fixed_radius,user_fixed_radius,,20260902-011233,,False,4.0563,0.8066,4.0563,,,,,,,,,,,,0
86,230.7,250.16,-2.78492,7.67369,20.0,53.4,2.5,annealing_T=125_h=25,absent,absent,False,20.0,1256.6370614359173,annealing_T=100_h=25,T,20260629-230214,previous_detection,user_fixed_radius,user_fixed_radius,,20260902-011233,,False,6.88997,4.21879,6.88997,,,,,,,,,,,,0
86,230.7,250.16,-20.8462,8.14723,20.0,53.9,3.0,annealing_T=125_h=25,absent,absent,False,20.0,1256.6370614359173,annealing_T=100_h=25,T,20260629-230214,previous_detection,user_fixed_radius,user_fixed_radius,,20260902-011233,,False,2.4774,0.3693,2.4774,,,,,,,,,,,,0
86,230.7,250.16,-31.8868,9.20815,20.0,55.9,5.0,annealing_T=125_h=25,absent,absent,False,20.0,1256.6370614359173,annealing_T=100_h=25,T,20260629-230214,previous_detection,user_fixed_radius,user_fixed_radius,,20260902-011233,,False,13.5538,7.53,13.5538,,,,,,,,,,,,0
87,259.18,135.51,6.90471,5.60065,20.0,51.65,0.75,annealing_T=125_h=25,present,present,False,20.0,1256.6370614359173,annealing_T=125_h=25,T,20260902-011233,phase_detection,user_fixed_radius,user_fixed_radius,,20260902-011233,0.8720665112249325,False,1.68544,3.95279,3.95279,6.84043,0.213573,0.163933,0.0405347,0.0138984,49.1713,4,12.2928,0,3,4.80246e-06,1
87,259.18,135.51,17.9707,6.50296,20.0,52.4,1.5,annealing_T=125_h=25,present,present,False,20.0,1256.6370614359173,annealing_T=125_h=25,T,20260902-011233,phase_detection,user_fixed_radius,user_fixed_radius,,20260902-011233,0.8720665112249325,False,2.9,1.2228,2.9,6.84043,0.213573,0.163933,0.0405347,0.0138984,49.1713,4,12.2928,0,3,4.80246e-06,1
87,259.18,135.51,36.9119,7.03383,20.0,52.9,2.0,annealing_T=125_h=25,present,present,False,20.0,1256.6370614359173,annealing_T=125_h=25,T,20260902-011233,phase_detection,user_fixed_radius,user_fixed_radius,,20260902-011233,0.8720665112249325,False,2.8854,1.5952,2.8854,6.84043,0.213573,0.163933,0.0405347,0.0138984,49.1713,4,12.2928,0,3,4.80246e-06,1
87,259.18,135.51,49.4825,7.30192,20.0,53.4,2.5,annealing_T=125_h=25,present,present,False,20.0,1256.6370614359173,annealing_T=125_h=25,T,20260902-011233,phase_detection,user_fixed_radius,user_fixed_radius,,20260902-011233,0.8720665112249325,False,0.9785,4.8564,4.8564,6.84043,0.213573,0.163933,0.0405347,0.0138984,49.1713,4,12.2928,0,3,4.80246e-06,1
87,259.18,135.51,58.0581,7.54036,20.0,53.9,3.0,annealing_T=125_h=25,present,present,False,20.0,1256.6370614359173,annealing_T=125_h=25,T,20260902-011233,phase_detection,user_fixed_radius,user_fixed_radius,,20260902-011233,0.8720665112249325,False,5.5026,0.3496,5.5026,6.84043,0.213573,0.163933,0.0405347,0.0138984,49.1713,4,12.2928,0,3,4.80246e-06,1
87,259.18,135.51,2450.94,22.5439,20.0,55.9,5.0,annealing_T=125_h=25,present,present,False,20.0,1256.6370614359173,annealing_T=125_h=25,T,20260902-011233,phase_detection,user_fixed_radius,user_fixed_radius,,20260902-011233,0.8720665112249325,False,68.14,79.73,79.73,6.84043,0.213573,0.163933,0.0405347,0.0138984,49.1713,4,12.2928,0,3,4.80246e-06,1
88,372.18,1002.17,5.20577,6.41806,20.0,51.65,0.75,annealing_T=125_h=25,absent,disappeared,False,20.0,1256.6370614359173,annealing_T=125_h=5,T,20260725-020716,previous_detection,user_fixed_radius,user_fixed_radius,,20260902-011233,1.972232237846229,False,3.44908,0.97515,3.44908,,,,,,,,,,,,0
88,372.18,1002.17,0.677247,7.29508,20.0,52.4,1.5,annealing_T=125_h=25,absent,disappeared,False,20.0,1256.6370614359173,annealing_T=125_h=5,T,20260725-020716,previous_detection,user_fixed_radius,user_fixed_radius,,20260902-011233,1.972232237846229,False,1.146903,0.549013,1.146903,,,,,,,,,,,,0
88,372.18,1002.17,2.79268,7.88887,20.0,52.9,2.0,annealing_T=125_h=25,absent,disappeared,False,20.0,1256.6370614359173,annealing_T=125_h=5,T,20260725-020716,previous_detection,user_fixed_radius,user_fixed_radius,,20260902-011233,1.972232237846229,False,0.5248,1.22582,1.22582,,,,,,,,,,,,0
88,372.18,1002.17,9.87845,7.98304,20.0,53.4,2.5,annealing_T=125_h=25,absent,disappeared,False,20.0,1256.6370614359173,annealing_T=125_h=5,T,20260725-020716,previous_detection,user_fixed_radius,user_fixed_radius,,20260902-011233,1.972232237846229,False,0.84115,3.00335,3.00335,,,,,,,,,,,,0
88,372.18,1002.17,17.8441,8.71763,20.0,53.9,3.0,annealing_T=125_h=25,absent,disappeared,False,20.0,1256.6370614359173,annealing_T=125_h=5,T,20260725-020716,previous_detection,user_fixed_radius,user_fixed_radius,,20260902-011233,1.972232237846229,False,0.916,4.3628,4.3628,,,,,,,,,,,,0
88,372.18,1002.17,23.3738,10.4511,20.0,55.9,5.0,annealing_T=125_h=25,absent,disappeared,False,20.0,1256.6370614359173,annealing_T=125_h=5,T,20260725-020716,previous_detection,user_fixed_radius,user_fixed_radius,,20260902-011233,1.972232237846229,False,0.1064,7.2286,7.2286,,,,,,,,,,,,0
89,562.57,288.28,11.988,5.61998,20.0,51.65,0.75,annealing_T=125_h=25,present,present,False,20.0,1256.6370614359173,annealing_T=125_h=25,T,20260902-011233,phase_detection,user_fixed_radius,user_fixed_radius,,20260902-011233,0.3041381265150156,False,2.76553,0.4655,2.76553,2.15011,0.0441854,0.0544757,20.8116,1.36375,7.9625,4,1.99063,0,3,1.65725e-07,1
89,562.57,288.28,55.9451,6.5263,20.0,52.4,1.5,annealing_T=125_h=25,present,present,False,20.0,1256.6370614359173,annealing_T=125_h=25,T,20260902-011233,phase_detection,user_fixed_radius,user_fixed_radius,,20260902-011233,0.3041381265150156,False,1.8494,0.7016,1.8494,2.15011,0.0441854,0.0544757,20.8116,1.36375,7.9625,4,1.99063,0,3,1.65725e-07,1
89,562.57,288.28,100.897,7.12144,20.0,52.9,2.0,annealing_T=125_h=25,present,present,False,20.0,1256.6370614359173,annealing_T=125_h=25,T,20260902-011233,phase_detection,user_fixed_radius,user_fixed_radius,,20260902-011233,0.3041381265150156,False,6.787,0.281,6.787,2.15011,0.0441854,0.0544757,20.8116,1.36375,7.9625,4,1.99063,0,3,1.65725e-07,1
89,562.57,288.28,153.866,6.99654,20.0,53.4,2.5,annealing_T=125_h=25,present,present,False,20.0,1256.6370614359173,annealing_T=125_h=25,T,20260902-011233,phase_detection,user_fixed_radius,user_fixed_radius,,20260902-011233,0.3041381265150156,False,1.75,10.825,10.825,2.15011,0.0441854,0.0544757,20.8116,1.36375,7.9625,4,1.99063,0,3,1.65725e-07,1
89,562.57,288.28,203.833,7.61243,20.0,53.9,3.0,annealing_T=125_h=25,present,present,False,20.0,1256.6370614359173,annealing_T=125_h=25,T,20260902-011233,phase_detection,user_fixed_radius,user_fixed_radius,,20260902-011233,0.3041381265150156,False,0.877,1.039,1.039,2.15011,0.0441854,0.0544757,20.8116,1.36375,7.9625,4,1.99063,0,3,1.65725e-07,1
89,562.57,288.28,666.303,9.54105,20.0,55.9,5.0,annealing_T=125_h=25,present,present,False,20.0,1256.6370614359173,annealing_T=125_h=25,T,20260902-011233,phase_detection,user_fixed_radius,user_fixed_radius,,20260902-011233,0.3041381265150156,False,26.229,17.814,26.229,2.15011,0.0441854,0.0544757,20.8116,1.36375,7.9625,4,1.99063,0,3,1.65725e-07,1
90,745.11,905.04,36.0311,5.52619,20.0,51.65,0.75,annealing_T=125_h=25,absent,disappeared,False,20.0,1256.6370614359173,annealing_T=125_h=5,T,20260725-020716,previous_detection,user_fixed_radius,user_fixed_radius,,20260902-011233,0.7690253571892062,False,1.9987,1.8306,1.9987,,,,,,,,,,,,0
90,745.11,905.04,91.4824,6.55561,20.0,52.4,1.5,annealing_T=125_h=25,absent,disappeared,False,20.0,1256.6370614359173,annealing_T=125_h=5,T,20260725-020716,previous_detection,user_fixed_radius,user_fixed_radius,,20260902-011233,0.7690253571892062,False,1.0502,5.5287,5.5287,,,,,,,,,,,,0
90,745.11,905.04,148.923,7.16372,20.0,52.9,2.0,annealing_T=125_h=25,absent,disappeared,False,20.0,1256.6370614359173,annealing_T=125_h=5,T,20260725-020716,previous_detection,user_fixed_radius,user_fixed_radius,,20260902-011233,0.7690253571892062,False,6.045,1.04,6.045,,,,,,,,,,,,0
90,745.11,905.04,192.846,7.11296,20.0,53.4,2.5,annealing_T=125_h=25,absent,disappeared,False,20.0,1256.6370614359173,annealing_T=125_h=5,T,20260725-020716,previous_detection,user_fixed_radius,user_fixed_radius,,20260902-011233,0.7690253571892062,False,2.97,0.715,2.97,,,,,,,,,,,,0
90,745.11,905.04,269.952,7.63953,20.0,53.9,3.0,annealing_T=125_h=25,absent,disappeared,False,20.0,1256.6370614359173,annealing_T=125_h=5,T,20260725-020716,previous_detection,user_fixed_radius,user_fixed_radius,,20260902-011233,0.7690253571892062,False,9.133,8.944,9.133,,,,,,,,,,,,0
90,745.11,905.04,633.133,9.35622,20.0,55.9,5.0,annealing_T=125_h=25,absent,disappeared,False,20.0,1256.6370614359173,annealing_T=125_h=5,T,20260725-020716,previous_detection,user_fixed_radius,user_fixed_radius,,20260902-011233,0.7690253571892062,False,23.946,27.953,27.953,,,,,,,,,,,,0
91,789.12,988.7,26.5191,5.79422,20.0,51.65,0.75,annealing_T=125_h=25,absent,disappeared,False,20.0,1256.6370614359173,annealing_T=125_h=5,T,20260725-020716,previous_detection,user_fixed_radius,user_fixed_radius,,20260902-011233,0.8008120878207377,False,2.0888,0.1343,2.0888,,,,,,,,,,,,0
91,789.12,988.7,36.9088,6.67535,20.0,52.4,1.5,annealing_T=125_h=25,absent,disappeared,False,20.0,1256.6370614359173,annealing_T=125_h=5,T,20260725-020716,previous_detection,user_fixed_radius,user_fixed_radius,,20260902-011233,0.8008120878207377,False,6.4033,3.4835,6.4033,,,,,,,,,,,,0
91,789.12,988.7,65.8713,7.38011,20.0,52.9,2.0,annealing_T=125_h=25,absent,disappeared,False,20.0,1256.6370614359173,annealing_T=125_h=5,T,20260725-020716,previous_detection,user_fixed_radius,user_fixed_radius,,20260902-011233,0.8008120878207377,False,0.372,4.1302,4.1302,,,,,,,,,,,,0
91,789.12,988.7,87.3764,7.49357,20.0,53.4,2.5,annealing_T=125_h=25,absent,disappeared,False,20.0,1256.6370614359173,annealing_T=125_h=5,T,20260725-020716,previous_detection,user_fixed_radius,user_fixed_radius,,20260902-011233,0.8008120878207377,False,1.0519,6.9698,6.9698,,,,,,,,,,,,0
91,789.12,988.7,113.96,7.99527,20.0,53.9,3.0,annealing_T=125_h=25,absent,disappeared,False,20.0,1256.6370614359173,annealing_T=125_h=5,T,20260725-020716,previous_detection,user_fixed_radius,user_fixed_radius,,20260902-011233,0.8008120878207377,False,3.019,9.808,9.808,,,,,,,,,,,,0
91,789.12,988.7,219.297,9.37075,20.0,55.9,5.0,annealing_T=125_h=25,absent,disappeared,False,20.0,1256.6370614359173,annealing_T=125_h=5,T,20260725-020716,previous_detection,user_fixed_radius,user_fixed_radius,,20260902-011233,0.8008120878207377,False,2.69,5.843,5.843,,,,,,,,,,,,0
92,1094.93,323.44,6.55649,10.6621,20.0,51.65,0.75,annealing_T=125_h=25,present,present,False,20.0,1256.6370614359173,annealing_T=125_h=25,T,20260902-011233,phase_detection,user_fixed_radius,user_fixed_radius,,20260902-011233,1.656804152578112,False,1.10234,0.72585,1.10234,1.35346,0.219182,0.0158557,11.6559,3.50128,0.277297,4,0.0693242,0,3,1.65754e-08,1
92,1094.93,323.44,16.8535,9.02664,20.0,52.4,1.5,annealing_T=125_h=25,present,present,False,20.0,1256.6370614359173,annealing_T=125_h=25,T,20260902-011233,phase_detection,user_fixed_radius,user_fixed_radius,,20260902-011233,1.656804152578112,False,0.3326,0.5909,0.5909,1.35346,0.219182,0.0158557,11.6559,3.50128,0.277297,4,0.0693242,0,3,1.65754e-08,1
92,1094.93,323.44,32.9828,9.83103,20.0,52.9,2.0,annealing_T=125_h=25,present,present,False,20.0,1256.6370614359173,annealing_T=125_h=25,T,20260902-011233,phase_detection,user_fixed_radius,user_fixed_radius,,20260902-011233,1.656804152578112,False,1.9313,1.9651,1.9651,1.35346,0.219182,0.0158557,11.6559,3.50128,0.277297,4,0.0693242,0,3,1.65754e-08,1
92,1094.93,323.44,40.1581,9.16145,20.0,53.4,2.5,annealing_T=125_h=25,present,present,False,20.0,1256.6370614359173,annealing_T=125_h=25,T,20260902-011233,phase_detection,user_fixed_radius,user_fixed_radius,,20260902-011233,1.656804152578112,False,2.3758,3.3467,3.3467,1.35346,0.219182,0.0158557,11.6559,3.50128,0.277297,4,0.0693242,0,3,1.65754e-08,1
92,1094.93,323.44,52.8676,10.6088,20.0,53.9,3.0,annealing_T=125_h=25,present,present,False,20.0,1256.6370614359173,annealing_T=125_h=25,T,20260902-011233,phase_detection,user_fixed_radius,user_fixed_radius,,20260902-011233,1.656804152578112,False,0.5178,0.405,0.5178,1.35346,0.219182,0.0158557,11.6559,3.50128,0.277297,4,0.0693242,0,3,1.65754e-08,1
92,1094.93,323.44,102.165,11.4311,20.0,55.9,5.0,annealing_T=125_h=25,present,present,False,20.0,1256.6370614359173,annealing_T=125_h=25,T,20260902-011233,phase_detection,user_fixed_radius,user_fixed_radius,,20260902-011233,1.656804152578112,False,0.277,1.854,1.854,1.35346,0.219182,0.0158557,11.6559,3.50128,0.277297,4,0.0693242,0,3,1.65754e-08,1
93,1438.19,629.43,9.11566,5.57188,20.0,51.65,0.75,annealing_T=125_h=25,absent,absent,False,20.0,1256.6370614359173,annealing_T=100_h=25,T,20260629-230214,previous_detection,user_fixed_radius,user_fixed_radius,,20260902-011233,,False,1.5306,2.15133,2.15133,,,,,,,,,,,,0
93,1438.19,629.43,-0.448419,6.55344,20.0,52.4,1.5,annealing_T=125_h=25,absent,absent,False,20.0,1256.6370614359173,annealing_T=100_h=25,T,20260629-230214,previous_detection,user_fixed_radius,user_fixed_radius,,20260902-011233,,False,2.522219,1.627759,2.522219,,,,,,,,,,,,0
93,1438.19,629.43,5.58863,7.21861,20.0,52.9,2.0,annealing_T=125_h=25,absent,absent,False,20.0,1256.6370614359173,annealing_T=100_h=25,T,20260629-230214,previous_detection,user_fixed_radius,user_fixed_radius,,20260902-011233,,False,1.01786,3.99844,3.99844,,,,,,,,,,,,0
93,1438.19,629.43,7.5089,7.31105,20.0,53.4,2.5,annealing_T=125_h=25,absent,absent,False,20.0,1256.6370614359173,annealing_T=100_h=25,T,20260629-230214,previous_detection,user_fixed_radius,user_fixed_radius,,20260902-011233,,False,0.23,4.8027,4.8027,,,,,,,,,,,,0
93,1438.19,629.43,16.1416,7.50575,20.0,53.9,3.0,annealing_T=125_h=25,absent,absent,False,20.0,1256.6370614359173,annealing_T=100_h=25,T,20260629-230214,previous_detection,user_fixed_radius,user_fixed_radius,,20260902-011233,,False,2.566,1.3137,2.566,,,,,,,,,,,,0
93,1438.19,629.43,85.6198,9.08906,20.0,55.9,5.0,annealing_T=125_h=25,absent,absent,False,20.0,1256.6370614359173,annealing_T=100_h=25,T,20260629-230214,previous_detection,user_fixed_radius,user_fixed_radius,,20260902-011233,,False,1.4101,15.4156,15.4156,,,,,,,,,,,,0
94,1484.3,786.17,14.6172,5.6362,20.0,51.65,0.75,annealing_T=125_h=25,present,present,False,20.0,1256.6370614359173,annealing_T=125_h=25,T,20260902-011233,phase_detection,user_fixed_radius,user_fixed_radius,,20260902-011233,2.904961273407906,False,1.1504,6.46506,6.46506,0.631663,0.267506,0.325757,13.3899,3.91787,0.819823,4,0.204956,0,3,1.95115e-07,1
94,1484.3,786.17,14.7076,6.60944,20.0,52.4,1.5,annealing_T=125_h=25,present,present,False,20.0,1256.6370614359173,annealing_T=125_h=25,T,20260902-011233,phase_detection,user_fixed_radius,user_fixed_radius,,20260902-011233,2.904961273407906,False,2.2865,4.1706,4.1706,0.631663,0.267506,0.325757,13.3899,3.91787,0.819823,4,0.204956,0,3,1.95115e-07,1
94,1484.3,786.17,19.8695,7.22237,20.0,52.9,2.0,annealing_T=125_h=25,present,present,False,20.0,1256.6370614359173,annealing_T=125_h=25,T,20260902-011233,phase_detection,user_fixed_radius,user_fixed_radius,,20260902-011233,2.904961273407906,False,1.1044,3.7668,3.7668,0.631663,0.267506,0.325757,13.3899,3.91787,0.819823,4,0.204956,0,3,1.95115e-07,1
94,1484.3,786.17,20.7753,7.25301,20.0,53.4,2.5,annealing_T=125_h=25,present,present,False,20.0,1256.6370614359173,annealing_T=125_h=25,T,20260902-011233,phase_detection,user_fixed_radius,user_fixed_radius,,20260902-011233,2.904961273407906,False,0.5788,1.8651,1.8651,0.631663,0.267506,0.325757,13.3899,3.91787,0.819823,4,0.204956,0,3,1.95115e-07,1
94,1484.3,786.17,27.7864,7.67261,20.0,53.9,3.0,annealing_T=125_h=25,present,present,False,20.0,1256.6370614359173,annealing_T=125_h=25,T,20260902-011233,phase_detection,user_fixed_radius,user_fixed_radius,,20260902-011233,2.904961273407906,False,4.9889,3.6191,4.9889,0.631663,0.267506,0.325757,13.3899,3.91787,0.819823,4,0.204956,0,3,1.95115e-07,1
94,1484.3,786.17,39.5109,9.08814,20.0,55.9,5.0,annealing_T=125_h=25,present,present,False,20.0,1256.6370614359173,annealing_T=125_h=25,T,20260902-011233,phase_detection,user_fixed_radius,user_fixed_radius,,20260902-011233,2.904961273407906,False,4.653,0.3915,4.653,0.631663,0.267506,0.325757,13.3899,3.91787,0.819823,4,0.204956,0,3,1.95115e-07,1
95,667.76,232.44,0.249302,6.20811,20.0,51.65,0.75,annealing_T=125_h=25,absent,disappeared,False,20.0,1256.6370614359173,annealing_T=125_h=5,T,20260725-020716,previous_detection,user_fixed_radius,user_fixed_radius,,20260902-011233,,False,4.750208,1.729868,4.750208,,,,,,,,,,,,0
95,667.76,232.44,6.79722,7.01352,20.0,52.4,1.5,annealing_T=125_h=25,absent,disappeared,False,20.0,1256.6370614359173,annealing_T=125_h=5,T,20260725-020716,previous_detection,user_fixed_radius,user_fixed_radius,,20260902-011233,,False,0.62751,0.78938,0.78938,,,,,,,,,,,,0
95,667.76,232.44,12.8632,7.91997,20.0,52.9,2.0,annealing_T=125_h=25,absent,disappeared,False,20.0,1256.6370614359173,annealing_T=125_h=5,T,20260725-020716,previous_detection,user_fixed_radius,user_fixed_radius,,20260902-011233,,False,3.0131,2.6614,3.0131,,,,,,,,,,,,0
95,667.76,232.44,3.1774,8.22745,20.0,53.4,2.5,annealing_T=125_h=25,absent,disappeared,False,20.0,1256.6370614359173,annealing_T=125_h=5,T,20260725-020716,previous_detection,user_fixed_radius,user_fixed_radius,,20260902-011233,,False,1.86175,1.37658,1.86175,,,,,,,,,,,,0
95,667.76,232.44,9.85496,8.30731,20.0,53.9,3.0,annealing_T=125_h=25,absent,disappeared,False,20.0,1256.6370614359173,annealing_T=125_h=5,T,20260725-020716,previous_detection,user_fixed_radius,user_fixed_radius,,20260902-011233,,False,0.37404,2.42009,2.42009,,,,,,,,,,,,0
95,667.76,232.44,44.3985,10.066,20.0,55.9,5.0,annealing_T=125_h=25,absent,disappeared,False,20.0,1256.6370614359173,annealing_T=125_h=5,T,20260725-020716,previous_detection,user_fixed_radius,user_fixed_radius,,20260902-011233,,False,2.973,3.9831,3.9831,,,,,,,,,,,,0
96,747.43,87.76,0.246275,5.44301,20.0,51.65,0.75,annealing_T=125_h=25,absent,disappeared,False,20.0,1256.6370614359173,annealing_T=125_h=5,T,20260725-020716,previous_detection,user_fixed_radius,user_fixed_radius,,20260902-011233,,False,1.559205,2.848055,2.848055,,,,,,,,,,,,0
96,747.43,87.76,0.827975,6.4827,20.0,52.4,1.5,annealing_T=125_h=25,absent,disappeared,False,20.0,1256.6370614359173,annealing_T=125_h=5,T,20260725-020716,previous_detection,user_fixed_radius,user_fixed_radius,,20260902-011233,,False,2.415035,0.316105,2.415035,,,,,,,,,,,,0
96,747.43,87.76,3.56391,7.12746,20.0,52.9,2.0,annealing_T=125_h=25,absent,disappeared,False,20.0,1256.6370614359173,annealing_T=125_h=5,T,20260725-020716,previous_detection,user_fixed_radius,user_fixed_radius,,20260902-011233,,False,6.01315,0.53072,6.01315,,,,,,,,,,,,0
96,747.43,87.76,5.12218,7.09332,20.0,53.4,2.5,annealing_T=125_h=25,absent,disappeared,False,20.0,1256.6370614359173,annealing_T=125_h=5,T,20260725-020716,previous_detection,user_fixed_radius,user_fixed_radius,,20260902-011233,,False,0.19377,5.297014,5.297014,,,,,,,,,,,,0
96,747.43,87.76,2.4852,7.52157,20.0,53.9,3.0,annealing_T=125_h=25,absent,disappeared,False,20.0,1256.6370614359173,annealing_T=125_h=5,T,20260725-020716,previous_detection,user_fixed_radius,user_fixed_radius,,20260902-011233,,False,4.62968,0.50305,4.62968,,,,,,,,,,,,0
96,747.43,87.76,-2.02341,8.95551,20.0,55.9,5.0,annealing_T=125_h=25,absent,disappeared,False,20.0,1256.6370614359173,annealing_T=125_h=5,T,20260725-020716,previous_detection,user_fixed_radius,user_fixed_radius,,20260902-011233,,False,8.32859,2.57293,8.32859,,,,,,,,,,,,0
97,811.13,736.44,1.25489,5.79293,20.0,51.65,0.75,annealing_T=125_h=25,absent,disappeared,False,20.0,1256.6370614359173,annealing_T=125_h=5,T,20260725-020716,previous_detection,user_fixed_radius,user_fixed_radius,,20260902-011233,,False,5.88166,0.56959,5.88166,,,,,,,,,,,,0
97,811.13,736.44,6.50001,6.57317,20.0,52.4,1.5,annealing_T=125_h=25,absent,disappeared,False,20.0,1256.6370614359173,annealing_T=125_h=5,T,20260725-020716,previous_detection,user_fixed_radius,user_fixed_radius,,20260902-011233,,False,7.66874,4.00794,7.66874,,,,,,,,,,,,0
97,811.13,736.44,3.10019,7.22202,20.0,52.9,2.0,annealing_T=125_h=25,absent,disappeared,False,20.0,1256.6370614359173,annealing_T=125_h=5,T,20260725-020716,previous_detection,user_fixed_radius,user_fixed_radius,,20260902-011233,,False,3.463344,3.70821,3.70821,,,,,,,,,,,,0
97,811.13,736.44,3.66938,7.36527,20.0,53.4,2.5,annealing_T=125_h=25,absent,disappeared,False,20.0,1256.6370614359173,annealing_T=125_h=5,T,20260725-020716,previous_detection,user_fixed_radius,user_fixed_radius,,20260902-011233,,False,0.67157,4.10855,4.10855,,,,,,,,,,,,0
97,811.13,736.44,0.504582,7.80503,20.0,53.9,3.0,annealing_T=125_h=25,absent,disappeared,False,20.0,1256.6370614359173,annealing_T=125_h=5,T,20260725-020716,previous_detection,user_fixed_radius,user_fixed_radius,,20260902-011233,,False,5.528902,4.355438,5.528902,,,,,,,,,,,,0
97,811.13,736.44,39.83,9.55089,20.0,55.9,5.0,annealing_T=125_h=25,absent,disappeared,False,20.0,1256.6370614359173,annealing_T=125_h=5,T,20260725-020716,previous_detection,user_fixed_radius,user_fixed_radius,,20260902-011233,,False,3.9945,1.3947,3.9945,,,,,,,,,,,,0
98,930.68,207.52,1.30479,5.97076,20.0,51.65,0.75,annealing_T=125_h=25,present,present,False,20.0,1256.6370614359173,annealing_T=125_h=25,T,20260902-011233,phase_detection,user_fixed_radius,user_fixed_radius,,20260902-011233,0.9411163583744048,False,2.73245,0.56222,2.73245,2.59463,0.397921,0.216658,1.56614,0.959531,1.38542,4,0.346356,0,3,3.57315e-08,1
98,930.68,207.52,9.12835,6.86347,20.0,52.4,1.5,annealing_T=125_h=25,present,present,False,20.0,1256.6370614359173,annealing_T=125_h=25,T,20260902-011233,phase_detection,user_fixed_radius,user_fixed_radius,,20260902-011233,0.9411163583744048,False,6.97785,5.16636,6.97785,2.59463,0.397921,0.216658,1.56614,0.959531,1.38542,4,0.346356,0,3,3.57315e-08,1
98,930.68,207.52,6.43915,7.44075,20.0,52.9,2.0,annealing_T=125_h=25,present,present,False,20.0,1256.6370614359173,annealing_T=125_h=25,T,20260902-011233,phase_detection,user_fixed_radius,user_fixed_radius,,20260902-011233,0.9411163583744048,False,6.762822,1.34633,6.762822,2.59463,0.397921,0.216658,1.56614,0.959531,1.38542,4,0.346356,0,3,3.57315e-08,1
98,930.68,207.52,11.6539,7.7048,20.0,53.4,2.5,annealing_T=125_h=25,present,present,False,20.0,1256.6370614359173,annealing_T=125_h=25,T,20260902-011233,phase_detection,user_fixed_radius,user_fixed_radius,,20260902-011233,0.9411163583744048,False,4.6481,9.8236,9.8236,2.59463,0.397921,0.216658,1.56614,0.959531,1.38542,4,0.346356,0,3,3.57315e-08,1
98,930.68,207.52,31.3681,7.90253,20.0,53.9,3.0,annealing_T=125_h=25,present,present,False,20.0,1256.6370614359173,annealing_T=125_h=25,T,20260902-011233,phase_detection,user_fixed_radius,user_fixed_radius,,20260902-011233,0.9411163583744048,False,7.735,1.0254,7.735,2.59463,0.397921,0.216658,1.56614,0.959531,1.38542,4,0.346356,0,3,3.57315e-08,1
98,930.68,207.52,101.679,9.54192,20.0,55.9,5.0,annealing_T=125_h=25,present,present,False,20.0,1256.6370614359173,annealing_T=125_h=25,T,20260902-011233,phase_detection,user_fixed_radius,user_fixed_radius,,20260902-011233,0.9411163583744048,False,1.407,3.8095,3.8095,2.59463,0.397921,0.216658,1.56614,0.959531,1.38542,4,0.346356,0,3,3.57315e-08,1
99,1454.6,498.83,10.0436,5.91697,20.0,51.65,0.75,annealing_T=125_h=25,absent,disappeared,False,20.0,1256.6370614359173,annealing_T=125_h=5,T,20260725-020716,previous_detection,user_fixed_radius,user_fixed_radius,,20260902-011233,,False,3.54869,2.8599,3.54869,,,,,,,,,,,,0
99,1454.6,498.83,-0.334006,7.0871,20.0,52.4,1.5,annealing_T=125_h=25,absent,disappeared,False,20.0,1256.6370614359173,annealing_T=125_h=5,T,20260725-020716,previous_detection,user_fixed_radius,user_fixed_radius,,20260902-011233,,False,6.054836,2.635246,6.054836,,,,,,,,,,,,0
99,1454.6,498.83,6.31094,7.68305,20.0,52.9,2.0,annealing_T=125_h=25,absent,disappeared,False,20.0,1256.6370614359173,annealing_T=125_h=5,T,20260725-020716,previous_detection,user_fixed_radius,user_fixed_radius,,20260902-011233,,False,4.48322,1.58416,4.48322,,,,,,,,,,,,0
99,1454.6,498.83,2.05081,7.71996,20.0,53.4,2.5,annealing_T=125_h=25,absent,disappeared,False,20.0,1256.6370614359173,annealing_T=125_h=5,T,20260725-020716,previous_detection,user_fixed_radius,user_fixed_radius,,20260902-011233,,False,3.8128,0.38879,3.8128,,,,,,,,,,,,0
99,1454.6,498.83,10.6557,8.12817,20.0,53.9,3.0,annealing_T=125_h=25,absent,disappeared,False,20.0,1256.6370614359173,annealing_T=125_h=5,T,20260725-020716,previous_detection,user_fixed_radius,user_fixed_radius,,20260902-011233,,False,5.9044,0.9604,5.9044,,,,,,,,,,,,0
99,1454.6,498.83,25.4864,9.46693,20.0,55.9,5.0,annealing_T=125_h=25,absent,disappeared,False,20.0,1256.6370614359173,annealing_T=125_h=5,T,20260725-020716,previous_detection,user_fixed_radius,user_fixed_radius,,20260902-011233,,False,5.3273,1.8743,5.3273,,,,,,,,,,,,0
100,1564.44,885.81,4.78815,6.16521,20.0,51.65,0.75,annealing_T=125_h=25,present,present,False,20.0,1256.6370614359173,annealing_T=125_h=25,T,20260902-011233,phase_detection,user_fixed_radius,user_fixed_radius,,20260902-011233,2.6674519677025,False,0.55252,0.38831,0.55252,1.60951,0.201638,0.0990296,8.00353,2.25915,0.70292,4,0.17573,0,3,3.3284e-07,1
100,1564.44,885.81,13.6543,7.0046,20.0,52.4,1.5,annealing_T=125_h=25,present,present,False,20.0,1256.6370614359173,annealing_T=125_h=25,T,20260902-011233,phase_detection,user_fixed_radius,user_fixed_radius,,20260902-011233,2.6674519677025,False,5.9383,0.1355,5.9383,1.60951,0.201638,0.0990296,8.00353,2.25915,0.70292,4,0.17573,0,3,3.3284e-07,1
100,1564.44,885.81,20.2369,7.79634,20.0,52.9,2.0,annealing_T=125_h=25,present,present,False,20.0,1256.6370614359173,annealing_T=125_h=25,T,20260902-011233,phase_detection,user_fixed_radius,user_fixed_radius,,20260902-011233,2.6674519677025,False,0.666,1.7533,1.7533,1.60951,0.201638,0.0990296,8.00353,2.25915,0.70292,4,0.17573,0,3,3.3284e-07,1
100,1564.44,885.81,39.2323,7.60627,20.0,53.4,2.5,annealing_T=125_h=25,present,present,False,20.0,1256.6370614359173,annealing_T=125_h=25,T,20260902-011233,phase_detection,user_fixed_radius,user_fixed_radius,,20260902-011233,2.6674519677025,False,0.358,0.1567,0.358,1.60951,0.201638,0.0990296,8.00353,2.25915,0.70292,4,0.17573,0,3,3.3284e-07,1
100,1564.44,885.81,48.2618,8.37005,20.0,53.9,3.0,annealing_T=125_h=25,present,present,False,20.0,1256.6370614359173,annealing_T=125_h=25,T,20260902-011233,phase_detection,user_fixed_radius,user_fixed_radius,,20260902-011233,2.6674519677025,False,8.1352,3.2634,8.1352,1.60951,0.201638,0.0990296,8.00353,2.25915,0.70292,4,0.17573,0,3,3.3284e-07,1
100,1564.44,885.81,105.557,10.066,20.0,55.9,5.0,annealing_T=125_h=25,present,present,False,20.0,1256.6370614359173,annealing_T=125_h=25,T,20260902-011233,phase_detection,user_fixed_radius,user_fixed_radius,,20260902-011233,2.6674519677025,False,0.442,7.8106,7.8106,1.60951,0.201638,0.0990296,8.00353,2.25915,0.70292,4,0.17573,0,3,3.3284e-07,1
101,1604.33,811.27,18.7692,5.53685,20.0,51.65,0.75,annealing_T=125_h=25,present,present,False,20.0,1256.6370614359173,annealing_T=125_h=25,T,20260902-011233,phase_detection,user_fixed_radius,user_fixed_radius,,20260902-011233,2.375878784786729,False,4.277,3.7754,4.277,2.43304,0.0179095,0.0362686,39.27,1.06535,2.20044,4,0.550111,0,3,1.11764e-07,1
101,1604.33,811.27,114.082,6.72704,20.0,52.4,1.5,annealing_T=125_h=25,present,present,False,20.0,1256.6370614359173,annealing_T=125_h=25,T,20260902-011233,phase_detection,user_fixed_radius,user_fixed_radius,,20260902-011233,2.375878784786729,False,2.147,1.999,2.147,2.43304,0.0179095,0.0362686,39.27,1.06535,2.20044,4,0.550111,0,3,1.11764e-07,1
101,1604.33,811.27,208.244,7.26352,20.0,52.9,2.0,annealing_T=125_h=25,present,present,False,20.0,1256.6370614359173,annealing_T=125_h=25,T,20260902-011233,phase_detection,user_fixed_radius,user_fixed_radius,,20260902-011233,2.375878784786729,False,0.316,1.083,1.083,2.43304,0.0179095,0.0362686,39.27,1.06535,2.20044,4,0.550111,0,3,1.11764e-07,1
101,1604.33,811.27,361.889,7.17872,20.0,53.4,2.5,annealing_T=125_h=25,present,present,False,20.0,1256.6370614359173,annealing_T=125_h=25,T,20260902-011233,phase_detection,user_fixed_radius,user_fixed_radius,,20260902-011233,2.375878784786729,False,0.345,10.484,10.484,2.43304,0.0179095,0.0362686,39.27,1.06535,2.20044,4,0.550111,0,3,1.11764e-07,1
101,1604.33,811.27,569.877,7.68868,20.0,53.9,3.0,annealing_T=125_h=25,present,present,False,20.0,1256.6370614359173,annealing_T=125_h=25,T,20260902-011233,phase_detection,user_fixed_radius,user_fixed_radius,,20260902-011233,2.375878784786729,False,9.516,16.988,16.988,2.43304,0.0179095,0.0362686,39.27,1.06535,2.20044,4,0.550111,0,3,1.11764e-07,1
101,1604.33,811.27,1971.3,9.86057,20.0,55.9,5.0,annealing_T=125_h=25,present,present,False,20.0,1256.6370614359173,annealing_T=125_h=25,T,20260902-011233,phase_detection,user_fixed_radius,user_fixed_radius,,20260902-011233,2.375878784786729,False,58.28,93.8,93.8,2.43304,0.0179095,0.0362686,39.27,1.06535,2.20044,4,0.550111,0,3,1.11764e-07,1
102,1824.83,901.88,12.2287,6.04209,20.0,51.65,0.75,annealing_T=125_h=25,present,present,False,20.0,1256.6370614359173,annealing_T=125_h=25,T,20260902-011233,phase_detection,user_fixed_radius,user_fixed_radius,,20260902-011233,2.814693589007457,False,5.7789,0.0956,5.7789,3.13528,0.182219,0.0292977,1.98684,0.569046,14.2206,4,3.55514,0,3,4.08447e-07,1
102,1824.83,901.88,13.5282,6.78209,20.0,52.4,1.5,annealing_T=125_h=25,present,present,False,20.0,1256.6370614359173,annealing_T=125_h=25,T,20260902-011233,phase_detection,user_fixed_radius,user_fixed_radius,,20260902-011233,2.814693589007457,False,1.5361,3.1674,3.1674,3.13528,0.182219,0.0292977,1.98684,0.569046,14.2206,4,3.55514,0,3,4.08447e-07,1
102,1824.83,901.88,7.58979,7.51535,20.0,52.9,2.0,annealing_T=125_h=25,present,present,False,20.0,1256.6370614359173,annealing_T=125_h=25,T,20260902-011233,phase_detection,user_fixed_radius,user_fixed_radius,,20260902-011233,2.814693589007457,False,0.27771,5.52871,5.52871,3.13528,0.182219,0.0292977,1.98684,0.569046,14.2206,4,3.55514,0,3,4.08447e-07,1
102,1824.83,901.88,19.863,7.48114,20.0,53.4,2.5,annealing_T=125_h=25,present,present,False,20.0,1256.6370614359173,annealing_T=125_h=25,T,20260902-011233,phase_detection,user_fixed_radius,user_fixed_radius,,20260902-011233,2.814693589007457,False,2.9705,0.0862,2.9705,3.13528,0.182219,0.0292977,1.98684,0.569046,14.2206,4,3.55514,0,3,4.08447e-07,1
102,1824.83,901.88,77.9391,8.01637,20.0,53.9,3.0,annealing_T=125_h=25,present,present,False,20.0,1256.6370614359173,annealing_T=125_h=25,T,20260902-011233,phase_detection,user_fixed_radius,user_fixed_radius,,20260902-011233,2.814693589007457,False,1.9892,4.3426,4.3426,3.13528,0.182219,0.0292977,1.98684,0.569046,14.2206,4,3.55514,0,3,4.08447e-07,1
102,1824.83,901.88,307.634,9.57508,20.0,55.9,5.0,annealing_T=125_h=25,present,present,False,20.0,1256.6370614359173,annealing_T=125_h=25,T,20260902-011233,phase_detection,user_fixed_radius,user_fixed_radius,,20260902-011233,2.814693589007457,False,4.524,6.091,6.091,3.13528,0.182219,0.0292977,1.98684,0.569046,14.2206,4,3.55514,0,3,4.08447e-07,1
103,412.11,210.67,8.442,6.23352,20.0,51.65,0.75,annealing_T=125_h=25,present,appeared,False,20.0,1256.6370614359173,annealing_T=125_h=25,T,20260902-011233,phase_detection,user_fixed_radius,user_fixed_radius,,20260902-011233,,False,0.14994,0.68687,0.68687,2.07309,0.414307,0.235341,2.49253,1.53206,3.21398,4,0.803494,0,3,2.30421e-07,1
103,412.11,210.67,-2.56068,6.90886,20.0,52.4,1.5,annealing_T=125_h=25,present,appeared,False,20.0,1256.6370614359173,annealing_T=125_h=25,T,20260902-011233,phase_detection,user_fixed_radius,user_fixed_radius,,20260902-011233,,False,1.04779,2.131351,2.131351,2.07309,0.414307,0.235341,2.49253,1.53206,3.21398,4,0.803494,0,3,2.30421e-07,1
103,412.11,210.67,8.9248,7.63139,20.0,52.9,2.0,annealing_T=125_h=25,present,appeared,False,20.0,1256.6370614359173,annealing_T=125_h=25,T,20260902-011233,phase_detection,user_fixed_radius,user_fixed_radius,,20260902-011233,,False,1.99704,2.6339,2.6339,2.07309,0.414307,0.235341,2.49253,1.53206,3.21398,4,0.803494,0,3,2.30421e-07,1
103,412.11,210.67,21.6519,7.64928,20.0,53.4,2.5,annealing_T=125_h=25,present,appeared,False,20.0,1256.6370614359173,annealing_T=125_h=25,T,20260902-011233,phase_detection,user_fixed_radius,user_fixed_radius,,20260902-011233,,False,0.0499,0.777,0.777,2.07309,0.414307,0.235341,2.49253,1.53206,3.21398,4,0.803494,0,3,2.30421e-07,1
103,412.11,210.67,24.3715,7.98879,20.0,53.9,3.0,annealing_T=125_h=25,present,appeared,False,20.0,1256.6370614359173,annealing_T=125_h=25,T,20260902-011233,phase_detection,user_fixed_radius,user_fixed_radius,,20260902-011233,,False,4.8269,5.5972,5.5972,2.07309,0.414307,0.235341,2.49253,1.53206,3.21398,4,0.803494,0,3,2.30421e-07,1
103,412.11,210.67,69.5442,9.70066,20.0,55.9,5.0,annealing_T=125_h=25,present,appeared,False,20.0,1256.6370614359173,annealing_T=125_h=25,T,20260902-011233,phase_detection,user_fixed_radius,user_fixed_radius,,20260902-011233,,False,19.1396,8.1973,19.1396,2.07309,0.414307,0.235341,2.49253,1.53206,3.21398,4,0.803494,0,3,2.30421e-07,1
104,556.93,914.98,4.02753,5.41088,20.0,51.65,0.75,annealing_T=125_h=25,present,appeared,False,20.0,1256.6370614359173,annealing_T=125_h=25,T,20260902-011233,phase_detection,user_fixed_radius,user_fixed_radius,,20260902-011233,,False,1.89902,2.3205,2.3205,1.85683,0.246792,0.151857,4.61543,1.66075,1.70914,4,0.427285,0,3,1.39279e-07,1
104,556.93,914.98,10.0139,6.28509,20.0,52.4,1.5,annealing_T=125_h=25,present,appeared,False,20.0,1256.6370614359173,annealing_T=125_h=25,T,20260902-011233,phase_detection,user_fixed_radius,user_fixed_radius,,20260902-011233,,False,2.6559,2.0693,2.6559,1.85683,0.246792,0.151857,4.61543,1.66075,1.70914,4,0.427285,0,3,1.39279e-07,1
104,556.93,914.98,11.259,7.02048,20.0,52.9,2.0,annealing_T=125_h=25,present,appeared,False,20.0,1256.6370614359173,annealing_T=125_h=25,T,20260902-011233,phase_detection,user_fixed_radius,user_fixed_radius,,20260902-011233,,False,1.26433,3.036,3.036,1.85683,0.246792,0.151857,4.61543,1.66075,1.70914,4,0.427285,0,3,1.39279e-07,1
104,556.93,914.98,22.7791,6.94724,20.0,53.4,2.5,annealing_T=125_h=25,present,appeared,False,20.0,1256.6370614359173,annealing_T=125_h=25,T,20260902-011233,phase_detection,user_fixed_radius,user_fixed_radius,,20260902-011233,,False,0.2639,2.8746,2.8746,1.85683,0.246792,0.151857,4.61543,1.66075,1.70914,4,0.427285,0,3,1.39279e-07,1
104,556.93,914.98,42.4669,7.38714,20.0,53.9,3.0,annealing_T=125_h=25,present,appeared,False,20.0,1256.6370614359173,annealing_T=125_h=25,T,20260902-011233,phase_detection,user_fixed_radius,user_fixed_radius,,20260902-011233,,False,5.8803,0.8363,5.8803,1.85683,0.246792,0.151857,4.61543,1.66075,1.70914,4,0.427285,0,3,1.39279e-07,1
104,556.93,914.98,90.393,8.62769,20.0,55.9,5.0,annealing_T=125_h=25,present,appeared,False,20.0,1256.6370614359173,annealing_T=125_h=25,T,20260902-011233,phase_detection,user_fixed_radius,user_fixed_radius,,20260902-011233,,False,3.4704,2.7881,3.4704,1.85683,0.246792,0.151857,4.61543,1.66075,1.70914,4,0.427285,0,3,1.39279e-07,1
105,1237.28,901.77,-4.19043,6.01491,20.0,51.65,0.75,annealing_T=125_h=25,present,appeared,False,20.0,1256.6370614359173,annealing_T=125_h=25,T,20260902-011233,phase_detection,user_fixed_radius,user_fixed_radius,,20260902-011233,,False,0.67776,3.533881,3.533881,2.32394,0.163231,0.203051,4.90328,1.21172,16.7008,4,4.1752,0,3,6.71862e-06,1
105,1237.28,901.77,20.6152,7.10753,20.0,52.4,1.5,annealing_T=125_h=25,present,appeared,False,20.0,1256.6370614359173,annealing_T=125_h=25,T,20260902-011233,phase_detection,user_fixed_radius,user_fixed_radius,,20260902-011233,,False,3.2866,6.8981,6.8981,2.32394,0.163231,0.203051,4.90328,1.21172,16.7008,4,4.1752,0,3,6.71862e-06,1
105,1237.28,901.77,10.7358,7.84709,20.0,52.9,2.0,annealing_T=125_h=25,present,appeared,False,20.0,1256.6370614359173,annealing_T=125_h=25,T,20260902-011233,phase_detection,user_fixed_radius,user_fixed_radius,,20260902-011233,,False,6.99623,0.2475,6.99623,2.32394,0.163231,0.203051,4.90328,1.21172,16.7008,4,4.1752,0,3,6.71862e-06,1
105,1237.28,901.77,26.1103,7.76341,20.0,53.4,2.5,annealing_T=125_h=25,present,appeared,False,20.0,1256.6370614359173,annealing_T=125_h=25,T,20260902-011233,phase_detection,user_fixed_radius,user_fixed_radius,,20260902-011233,,False,4.6181,1.9109,4.6181,2.32394,0.163231,0.203051,4.90328,1.21172,16.7008,4,4.1752,0,3,6.71862e-06,1
105,1237.28,901.77,84.6455,8.07818,20.0,53.9,3.0,annealing_T=125_h=25,present,appeared,False,20.0,1256.6370614359173,annealing_T=125_h=25,T,20260902-011233,phase_detection,user_fixed_radius,user_fixed_radius,,20260902-011233,,False,3.5482,0.1264,3.5482,2.32394,0.163231,0.203051,4.90328,1.21172,16.7008,4,4.1752,0,3,6.71862e-06,1
105,1237.28,901.77,203.31,9.93449,20.0,55.9,5.0,annealing_T=125_h=25,present,appeared,False,20.0,1256.6370614359173,annealing_T=125_h=25,T,20260902-011233,phase_detection,user_fixed_radius,user_fixed_radius,,20260902-011233,,False,2.341,9.06,9.06,2.32394,0.163231,0.203051,4.90328,1.21172,16.7008,4,4.1752,0,3,6.71862e-06,1
106,1345.67,546.21,5.80361,11.5592,20.0,51.65,0.75,annealing_T=125_h=25,present,appeared,False,20.0,1256.6370614359173,annealing_T=125_h=25,T,20260902-011233,phase_detection,user_fixed_radius,user_fixed_radius,,20260902-011233,,False,4.57569,0.91169,4.57569,1.89319,0.17004,0.090514,10.2197,2.38,0.233231,4,0.0583077,0,3,7.56254e-08,1
106,1345.67,546.21,19.8833,8.83743,20.0,52.4,1.5,annealing_T=125_h=25,present,appeared,False,20.0,1256.6370614359173,annealing_T=125_h=25,T,20260902-011233,phase_detection,user_fixed_radius,user_fixed_radius,,20260902-011233,,False,2.4448,2.5197,2.5197,1.89319,0.17004,0.090514,10.2197,2.38,0.233231,4,0.0583077,0,3,7.56254e-08,1
106,1345.67,546.21,36.3993,8.80239,20.0,52.9,2.0,annealing_T=125_h=25,present,appeared,False,20.0,1256.6370614359173,annealing_T=125_h=25,T,20260902-011233,phase_detection,user_fixed_radius,user_fixed_radius,,20260902-011233,,False,2.9077,1.9842,2.9077,1.89319,0.17004,0.090514,10.2197,2.38,0.233231,4,0.0583077,0,3,7.56254e-08,1
106,1345.67,546.21,58.0562,10.1734,20.0,53.4,2.5,annealing_T=125_h=25,present,appeared,False,20.0,1256.6370614359173,annealing_T=125_h=25,T,20260902-011233,phase_detection,user_fixed_radius,user_fixed_radius,,20260902-011233,,False,0.5255,3.2664,3.2664,1.89319,0.17004,0.090514,10.2197,2.38,0.233231,4,0.0583077,0,3,7.56254e-08,1
106,1345.67,546.21,85.7104,10.8716,20.0,53.9,3.0,annealing_T=125_h=25,present,appeared,False,20.0,1256.6370614359173,annealing_T=125_h=25,T,20260902-011233,phase_detection,user_fixed_radius,user_fixed_radius,,20260902-011233,,False,3.228,3.0172,3.228,1.89319,0.17004,0.090514,10.2197,2.38,0.233231,4,0.0583077,0,3,7.56254e-08,1
106,1345.67,546.21,213.128,17.5227,20.0,55.9,5.0,annealing_T=125_h=25,present,appeared,False,20.0,1256.6370614359173,annealing_T=125_h=25,T,20260902-011233,phase_detection,user_fixed_radius,user_fixed_radius,,20260902-011233,,False,2.765,4.396,4.396,1.89319,0.17004,0.090514,10.2197,2.38,0.233231,4,0.0583077,0,3,7.56254e-08,1
107,1626.26,630.86,3.32136,5.8756,20.0,51.65,0.75,annealing_T=125_h=25,present,appeared,False,20.0,1256.6370614359173,annealing_T=125_h=25,T,20260902-011233,phase_detection,user_fixed_radius,user_fixed_radius,,20260902-011233,,False,0.49555,3.594155,3.594155,2.20121,0.114327,0.124592,8.10556,1.38712,2.97014,4,0.742535,0,3,7.39404e-10,1
107,1626.26,630.86,28.0469,6.99705,20.0,52.4,1.5,annealing_T=125_h=25,present,appeared,False,20.0,1256.6370614359173,annealing_T=125_h=25,T,20260902-011233,phase_detection,user_fixed_radius,user_fixed_radius,,20260902-011233,,False,1.7912,0.9645,1.7912,2.20121,0.114327,0.124592,8.10556,1.38712,2.97014,4,0.742535,0,3,7.39404e-10,1
107,1626.26,630.86,41.4989,7.40668,20.0,52.9,2.0,annealing_T=125_h=25,present,appeared,False,20.0,1256.6370614359173,annealing_T=125_h=25,T,20260902-011233,phase_detection,user_fixed_radius,user_fixed_radius,,20260902-011233,,False,3.6591,2.9285,3.6591,2.20121,0.114327,0.124592,8.10556,1.38712,2.97014,4,0.742535,0,3,7.39404e-10,1
107,1626.26,630.86,60.7062,7.44767,20.0,53.4,2.5,annealing_T=125_h=25,present,appeared,False,20.0,1256.6370614359173,annealing_T=125_h=25,T,20260902-011233,phase_detection,user_fixed_radius,user_fixed_radius,,20260902-011233,,False,0.0517,2.7061,2.7061,2.20121,0.114327,0.124592,8.10556,1.38712,2.97014,4,0.742535,0,3,7.39404e-10,1
107,1626.26,630.86,82.2765,8.04862,20.0,53.9,3.0,annealing_T=125_h=25,present,appeared,False,20.0,1256.6370614359173,annealing_T=125_h=25,T,20260902-011233,phase_detection,user_fixed_radius,user_fixed_radius,,20260902-011233,,False,2.4749,0.9648,2.4749,2.20121,0.114327,0.124592,8.10556,1.38712,2.97014,4,0.742535,0,3,7.39404e-10,1
107,1626.26,630.86,282.278,9.69931,20.0,55.9,5.0,annealing_T=125_h=25,present,appeared,False,20.0,1256.6370614359173,annealing_T=125_h=25,T,20260902-011233,phase_detection,user_fixed_radius,user_fixed_radius,,20260902-011233,,False,20.057,15.507,20.057,2.20121,0.114327,0.124592,8.10556,1.38712,2.97014,4,0.742535,0,3,7.39404e-10,1
108,1689.5,695.97,-3.30542,11.6599,20.0,51.65,0.75,annealing_T=125_h=25,present,appeared,False,20.0,1256.6370614359173,annealing_T=125_h=25,T,20260902-011233,phase_detection,user_fixed_radius,user_fixed_radius,,20260902-011233,,False,1.00364,0.43296,1.00364,2.20458,0.288042,0.0542805,4.43253,1.92832,2.62085,4,0.655213,0,3,1.27741e-06,1
108,1689.5,695.97,10.0292,10.5147,20.0,52.4,1.5,annealing_T=125_h=25,present,appeared,False,20.0,1256.6370614359173,annealing_T=125_h=25,T,20260902-011233,phase_detection,user_fixed_radius,user_fixed_radius,,20260902-011233,,False,1.09518,0.5166,1.09518,2.20458,0.288042,0.0542805,4.43253,1.92832,2.62085,4,0.655213,0,3,1.27741e-06,1
108,1689.5,695.97,7.06115,10.8076,20.0,52.9,2.0,annealing_T=125_h=25,present,appeared,False,20.0,1256.6370614359173,annealing_T=125_h=25,T,20260902-011233,phase_detection,user_fixed_radius,user_fixed_radius,,20260902-011233,,False,0.7814,2.67147,2.67147,2.20458,0.288042,0.0542805,4.43253,1.92832,2.62085,4,0.655213,0,3,1.27741e-06,1
108,1689.5,695.97,42.8036,10.6329,20.0,53.4,2.5,annealing_T=125_h=25,present,appeared,False,20.0,1256.6370614359173,annealing_T=125_h=25,T,20260902-011233,phase_detection,user_fixed_radius,user_fixed_radius,,20260902-011233,,False,1.02,3.8785,3.8785,2.20458,0.288042,0.0542805,4.43253,1.92832,2.62085,4,0.655213,0,3,1.27741e-06,1
108,1689.5,695.97,52.8832,12.203,20.0,53.9,3.0,annealing_T=125_h=25,present,appeared,False,20.0,1256.6370614359173,annealing_T=125_h=25,T,20260902-011233,phase_detection,user_fixed_radius,user_fixed_radius,,20260902-011233,,False,0.9214,1.5456,1.5456,2.20458,0.288042,0.0542805,4.43253,1.92832,2.62085,4,0.655213,0,3,1.27741e-06,1
108,1689.5,695.97,152.565,13.5101,20.0,55.9,5.0,annealing_T=125_h=25,present,appeared,False,20.0,1256.6370614359173,annealing_T=125_h=25,T,20260902-011233,phase_detection,user_fixed_radius,user_fixed_radius,,20260902-011233,,False,5.026,5.958,5.958,2.20458,0.288042,0.0542805,4.43253,1.92832,2.62085,4,0.655213,0,3,1.27741e-06,1
109,499.75,414.55,4.58885,5.69579,20.0,51.65,0.75,annealing_T=125_h=25,absent,never_detected_in_condition,False,20.0,1256.6370614359173,annealing_T=125_h=25,v,20260903-002446,cross_constant_fallback,user_fixed_radius,user_fixed_radius,,20260902-011233,,True,4.47301,0.41201,4.47301,,,,,,,,,,,,0
109,499.75,414.55,23.3879,6.4358,20.0,52.4,1.5,annealing_T=125_h=25,absent,never_detected_in_condition,False,20.0,1256.6370614359173,annealing_T=125_h=25,v,20260903-002446,cross_constant_fallback,user_fixed_radius,user_fixed_radius,,20260902-011233,,True,0.394,5.8998,5.8998,,,,,,,,,,,,0
109,499.75,414.55,12.8036,7.22678,20.0,52.9,2.0,annealing_T=125_h=25,absent,never_detected_in_condition,False,20.0,1256.6370614359173,annealing_T=125_h=25,v,20260903-002446,cross_constant_fallback,user_fixed_radius,user_fixed_radius,,20260902-011233,,True,3.0143,0.7492,3.0143,,,,,,,,,,,,0
109,499.75,414.55,22.5514,7.16631,20.0,53.4,2.5,annealing_T=125_h=25,absent,never_detected_in_condition,False,20.0,1256.6370614359173,annealing_T=125_h=25,v,20260903-002446,cross_constant_fallback,user_fixed_radius,user_fixed_radius,,20260902-011233,,True,2.8746,0.5244,2.8746,,,,,,,,,,,,0
109,499.75,414.55,23.1665,7.48419,20.0,53.9,3.0,annealing_T=125_h=25,absent,never_detected_in_condition,False,20.0,1256.6370614359173,annealing_T=125_h=25,v,20260903-002446,cross_constant_fallback,user_fixed_radius,user_fixed_radius,,20260902-011233,,True,0.4026,1.0836,1.0836,,,,,,,,,,,,0
109,499.75,414.55,41.1402,8.89684,20.0,55.9,5.0,annealing_T=125_h=25,absent,never_detected_in_condition,False,20.0,1256.6370614359173,annealing_T=125_h=25,v,20260903-002446,cross_constant_fallback,user_fixed_radius,user_fixed_radius,,20260902-011233,,True,4.6621,3.5473,4.6621,,,,,,,,,,,,0
110,654.01,761.34,11.2963,5.50893,20.0,51.65,0.75,annealing_T=125_h=25,absent,not_yet_detected,False,20.0,1256.6370614359173,annealing_T=150_h=5,T,20260912-010115,first_future_detection,user_fixed_radius,user_fixed_radius,,20260902-011233,,False,2.9939,1.0703,2.9939,,,,,,,,,,,,0
110,654.01,761.34,37.7209,6.45798,20.0,52.4,1.5,annealing_T=125_h=25,absent,not_yet_detected,False,20.0,1256.6370614359173,annealing_T=150_h=5,T,20260912-010115,first_future_detection,user_fixed_radius,user_fixed_radius,,20260902-011233,,False,2.5126,2.0054,2.5126,,,,,,,,,,,,0
110,654.01,761.34,65.0744,6.96151,20.0,52.9,2.0,annealing_T=125_h=25,absent,not_yet_detected,False,20.0,1256.6370614359173,annealing_T=150_h=5,T,20260912-010115,first_future_detection,user_fixed_radius,user_fixed_radius,,20260902-011233,,False,11.7331,0.8578,11.7331,,,,,,,,,,,,0
110,654.01,761.34,116.116,6.8968,20.0,53.4,2.5,annealing_T=125_h=25,absent,not_yet_detected,False,20.0,1256.6370614359173,annealing_T=150_h=5,T,20260912-010115,first_future_detection,user_fixed_radius,user_fixed_radius,,20260902-011233,,False,0.684,0.341,0.684,,,,,,,,,,,,0
110,654.01,761.34,158.254,7.32334,20.0,53.9,3.0,annealing_T=125_h=25,absent,not_yet_detected,False,20.0,1256.6370614359173,annealing_T=150_h=5,T,20260912-010115,first_future_detection,user_fixed_radius,user_fixed_radius,,20260902-011233,,False,2.6,0.693,2.6,,,,,,,,,,,,0
110,654.01,761.34,519.931,8.98867,20.0,55.9,5.0,annealing_T=125_h=25,absent,not_yet_detected,False,20.0,1256.6370614359173,annealing_T=150_h=5,T,20260912-010115,first_future_detection,user_fixed_radius,user_fixed_radius,,20260902-011233,,False,28.961,33.387,33.387,,,,,,,,,,,,0
111,1302.75,253.46,11.2415,5.72393,20.0,51.65,0.75,annealing_T=125_h=25,absent,not_yet_detected,False,20.0,1256.6370614359173,annealing_T=150_h=5,T,20260912-010115,first_future_detection,user_fixed_radius,user_fixed_radius,,20260902-011233,,False,4.60196,1.60785,4.60196,,,,,,,,,,,,0
111,1302.75,253.46,16.3334,6.52329,20.0,52.4,1.5,annealing_T=125_h=25,absent,not_yet_detected,False,20.0,1256.6370614359173,annealing_T=150_h=5,T,20260912-010115,first_future_detection,user_fixed_radius,user_fixed_radius,,20260902-011233,,False,3.192,1.5516,3.192,,,,,,,,,,,,0
111,1302.75,253.46,36.2469,7.36815,20.0,52.9,2.0,annealing_T=125_h=25,absent,not_yet_detected,False,20.0,1256.6370614359173,annealing_T=150_h=5,T,20260912-010115,first_future_detection,user_fixed_radius,user_fixed_radius,,20260902-011233,,False,3.0904,3.0442,3.0904,,,,,,,,,,,,0
111,1302.75,253.46,37.0163,7.28396,20.0,53.4,2.5,annealing_T=125_h=25,absent,not_yet_detected,False,20.0,1256.6370614359173,annealing_T=150_h=5,T,20260912-010115,first_future_detection,user_fixed_radius,user_fixed_radius,,20260902-011233,,False,3.6107,2.3162,3.6107,,,,,,,,,,,,0
111,1302.75,253.46,59.286,7.45656,20.0,53.9,3.0,annealing_T=125_h=25,absent,not_yet_detected,False,20.0,1256.6370614359173,annealing_T=150_h=5,T,20260912-010115,first_future_detection,user_fixed_radius,user_fixed_radius,,20260902-011233,,False,0.0669,2.2002,2.2002,,,,,,,,,,,,0
111,1302.75,253.46,149.193,8.90377,20.0,55.9,5.0,annealing_T=125_h=25,absent,not_yet_detected,False,20.0,1256.6370614359173,annealing_T=150_h=5,T,20260912-010115,first_future_detection,user_fixed_radius,user_fixed_radius,,20260902-011233,,False,2.28,0.259,2.28,,,,,,,,,,,,0
112,1369.05,982.27,9.63472,5.86949,20.0,51.65,0.75,annealing_T=125_h=25,absent,not_yet_detected,False,20.0,1256.6370614359173,annealing_T=150_h=5,T,20260912-010115,first_future_detection,user_fixed_radius,user_fixed_radius,,20260902-011233,,False,0.08979,1.34738,1.34738,,,,,,,,,,,,0
112,1369.05,982.27,33.137,6.96258,20.0,52.4,1.5,annealing_T=125_h=25,absent,not_yet_detected,False,20.0,1256.6370614359173,annealing_T=150_h=5,T,20260912-010115,first_future_detection,user_fixed_radius,user_fixed_radius,,20260902-011233,,False,3.2242,0.6192,3.2242,,,,,,,,,,,,0
112,1369.05,982.27,57.3691,7.30891,20.0,52.9,2.0,annealing_T=125_h=25,absent,not_yet_detected,False,20.0,1256.6370614359173,annealing_T=150_h=5,T,20260912-010115,first_future_detection,user_fixed_radius,user_fixed_radius,,20260902-011233,,False,4.5796,1.0889,4.5796,,,,,,,,,,,,0
112,1369.05,982.27,76.8998,7.52846,20.0,53.4,2.5,annealing_T=125_h=25,absent,not_yet_detected,False,20.0,1256.6370614359173,annealing_T=150_h=5,T,20260912-010115,first_future_detection,user_fixed_radius,user_fixed_radius,,20260902-011233,,False,1.0627,6.4991,6.4991,,,,,,,,,,,,0
112,1369.05,982.27,104.796,8.20166,20.0,53.9,3.0,annealing_T=125_h=25,absent,not_yet_detected,False,20.0,1256.6370614359173,annealing_T=150_h=5,T,20260912-010115,first_future_detection,user_fixed_radius,user_fixed_radius,,20260902-011233,,False,4.741,6.4097,6.4097,,,,,,,,,,,,0
112,1369.05,982.27,464.094,10.8053,20.0,55.9,5.0,annealing_T=125_h=25,absent,not_yet_detected,False,20.0,1256.6370614359173,annealing_T=150_h=5,T,20260912-010115,first_future_detection,user_fixed_radius,user_fixed_radius,,20260902-011233,,False,15.75,22.648,22.648,,,,,,,,,,,,0
113,1589.92,173.44,-0.155724,7.929,20.0,51.65,0.75,annealing_T=125_h=25,absent,not_yet_detected,False,20.0,1256.6370614359173,annealing_T=150_h=5,T,20260912-010115,first_future_detection,user_fixed_radius,user_fixed_radius,,20260902-011233,,False,0.982664,0.000893,0.982664,,,,,,,,,,,,0
113,1589.92,173.44,6.32739,7.79429,20.0,52.4,1.5,annealing_T=125_h=25,absent,not_yet_detected,False,20.0,1256.6370614359173,annealing_T=150_h=5,T,20260912-010115,first_future_detection,user_fixed_radius,user_fixed_radius,,20260902-011233,,False,3.89611,1.32567,3.89611,,,,,,,,,,,,0
113,1589.92,173.44,-1.23905,8.1135,20.0,52.9,2.0,annealing_T=125_h=25,absent,not_yet_detected,False,20.0,1256.6370614359173,annealing_T=150_h=5,T,20260912-010115,first_future_detection,user_fixed_radius,user_fixed_radius,,20260902-011233,,False,2.01193,5.66411,5.66411,,,,,,,,,,,,0
113,1589.92,173.44,-7.07561,9.4694,20.0,53.4,2.5,annealing_T=125_h=25,absent,not_yet_detected,False,20.0,1256.6370614359173,annealing_T=150_h=5,T,20260912-010115,first_future_detection,user_fixed_radius,user_fixed_radius,,20260902-011233,,False,0.4727,3.07299,3.07299,,,,,,,,,,,,0
113,1589.92,173.44,15.2114,9.66935,20.0,53.9,3.0,annealing_T=125_h=25,absent,not_yet_detected,False,20.0,1256.6370614359173,annealing_T=150_h=5,T,20260912-010115,first_future_detection,user_fixed_radius,user_fixed_radius,,20260902-011233,,False,6.93747,4.5147,6.93747,,,,,,,,,,,,0
113,1589.92,173.44,23.9561,11.3151,20.0,55.9,5.0,annealing_T=125_h=25,absent,not_yet_detected,False,20.0,1256.6370614359173,annealing_T=150_h=5,T,20260912-010115,first_future_detection,user_fixed_radius,user_fixed_radius,,20260902-011233,,False,1.8743,6.3689,6.3689,,,,,,,,,,,,0
114,1682.19,604.49,99.4189,5.90844,20.0,51.65,0.75,annealing_T=125_h=25,absent,not_yet_detected,False,20.0,1256.6370614359173,annealing_T=150_h=5,T,20260912-010115,first_future_detection,user_fixed_radius,user_fixed_radius,,20260902-011233,,False,3.5271,0.297,3.5271,,,,,,,,,,,,0
114,1682.19,604.49,315.292,6.86376,20.0,52.4,1.5,annealing_T=125_h=25,absent,not_yet_detected,False,20.0,1256.6370614359173,annealing_T=150_h=5,T,20260912-010115,first_future_detection,user_fixed_radius,user_fixed_radius,,20260902-011233,,False,0.573,5.205,5.205,,,,,,,,,,,,0
114,1682.19,604.49,559.971,7.57596,20.0,52.9,2.0,annealing_T=125_h=25,absent,not_yet_detected,False,20.0,1256.6370614359173,annealing_T=150_h=5,T,20260912-010115,first_future_detection,user_fixed_radius,user_fixed_radius,,20260902-011233,,False,11.402,5.244,11.402,,,,,,,,,,,,0
114,1682.19,604.49,911.552,7.86102,20.0,53.4,2.5,annealing_T=125_h=25,absent,not_yet_detected,False,20.0,1256.6370614359173,annealing_T=150_h=5,T,20260912-010115,first_future_detection,user_fixed_radius,user_fixed_radius,,20260902-011233,,False,10.366,20.744,20.744,,,,,,,,,,,,0
114,1682.19,604.49,1338.7,8.43198,20.0,53.9,3.0,annealing_T=125_h=25,absent,not_yet_detected,False,20.0,1256.6370614359173,annealing_T=150_h=5,T,20260912-010115,first_future_detection,user_fixed_radius,user_fixed_radius,,20260902-011233,,False,23.06,31.33,31.33,,,,,,,,,,,,0
114,1682.19,604.49,3654.2,12.5101,20.0,55.9,5.0,annealing_T=125_h=25,absent,not_yet_detected,False,20.0,1256.6370614359173,annealing_T=150_h=5,T,20260912-010115,first_future_detection,user_fixed_radius,user_fixed_radius,,20260902-011233,,False,110.27,148.91,148.91,,,,,,,,,,,,0
115,520.13,918.45,8.16292,5.46704,20.0,51.65,0.75,annealing_T=125_h=25,absent,never_detected_in_condition,False,20.0,1256.6370614359173,annealing_T=150_h=5,v,20260913-001359,cross_constant_fallback,user_fixed_radius,user_fixed_radius,,20260902-011233,,True,4.04824,1.33384,4.04824,,,,,,,,,,,,0
115,520.13,918.45,1.62424,6.34936,20.0,52.4,1.5,annealing_T=125_h=25,absent,never_detected_in_condition,False,20.0,1256.6370614359173,annealing_T=150_h=5,v,20260913-001359,cross_constant_fallback,user_fixed_radius,user_fixed_radius,,20260902-011233,,True,0.20434,1.377225,1.377225,,,,,,,,,,,,0
115,520.13,918.45,-0.339817,7.06338,20.0,52.9,2.0,annealing_T=125_h=25,absent,never_detected_in_condition,False,20.0,1256.6370614359173,annealing_T=150_h=5,v,20260913-001359,cross_constant_fallback,user_fixed_radius,user_fixed_radius,,20260902-011233,,True,5.835843,3.764607,5.835843,,,,,,,,,,,,0
115,520.13,918.45,3.42354,7.2257,20.0,53.4,2.5,annealing_T=125_h=25,absent,never_detected_in_condition,False,20.0,1256.6370614359173,annealing_T=150_h=5,v,20260913-001359,cross_constant_fallback,user_fixed_radius,user_fixed_radius,,20260902-011233,,True,2.876322,1.12432,2.876322,,,,,,,,,,,,0
115,520.13,918.45,12.3735,7.58661,20.0,53.9,3.0,annealing_T=125_h=25,absent,never_detected_in_condition,False,20.0,1256.6370614359173,annealing_T=150_h=5,v,20260913-001359,cross_constant_fallback,user_fixed_radius,user_fixed_radius,,20260902-011233,,True,8.16362,1.8588,8.16362,,,,,,,,,,,,0
115,520.13,918.45,-1.37675,8.80655,20.0,55.9,5.0,annealing_T=125_h=25,absent,never_detected_in_condition,False,20.0,1256.6370614359173,annealing_T=150_h=5,v,20260913-001359,cross_constant_fallback,user_fixed_radius,user_fixed_radius,,20260902-011233,,True,5.61125,3.95966,5.61125,,,,,,,,,,,,0
116,800.01,227.39,0.714585,5.9773,20.0,51.65,0.75,annealing_T=125_h=25,absent,never_detected_in_condition,False,20.0,1256.6370614359173,annealing_T=150_h=5,v,20260913-001359,cross_constant_fallback,user_fixed_radius,user_fixed_radius,,20260902-011233,,True,4.450215,1.613275,4.450215,,,,,,,,,,,,0
116,800.01,227.39,11.4357,6.84219,20.0,52.4,1.5,annealing_T=125_h=25,absent,never_detected_in_condition,False,20.0,1256.6370614359173,annealing_T=150_h=5,v,20260913-001359,cross_constant_fallback,user_fixed_radius,user_fixed_radius,,20260902-011233,,True,0.0913,3.44266,3.44266,,,,,,,,,,,,0
116,800.01,227.39,2.52888,7.51334,20.0,52.9,2.0,annealing_T=125_h=25,absent,never_detected_in_condition,False,20.0,1256.6370614359173,annealing_T=150_h=5,v,20260913-001359,cross_constant_fallback,user_fixed_radius,user_fixed_radius,,20260902-011233,,True,3.64813,1.75233,3.64813,,,,,,,,,,,,0
116,800.01,227.39,3.37613,7.65133,20.0,53.4,2.5,annealing_T=125_h=25,absent,never_detected_in_condition,False,20.0,1256.6370614359173,annealing_T=150_h=5,v,20260913-001359,cross_constant_fallback,user_fixed_radius,user_fixed_radius,,20260902-011233,,True,0.51527,2.38825,2.38825,,,,,,,,,,,,0
116,800.01,227.39,-0.243265,8.1355,20.0,53.9,3.0,annealing_T=125_h=25,absent,never_detected_in_condition,False,20.0,1256.6370614359173,annealing_T=150_h=5,v,20260913-001359,cross_constant_fallback,user_fixed_radius,user_fixed_radius,,20260902-011233,,True,5.867665,0.78503,5.867665,,,,,,,,,,,,0
116,800.01,227.39,4.7162,9.59857,20.0,55.9,5.0,annealing_T=125_h=25,absent,never_detected_in_condition,False,20.0,1256.6370614359173,annealing_T=150_h=5,v,20260913-001359,cross_constant_fallback,user_fixed_radius,user_fixed_radius,,20260902-011233,,True,6.33522,4.76503,6.33522,,,,,,,,,,,,0
117,1032.05,760.77,36.4363,5.48795,20.0,51.65,0.75,annealing_T=125_h=25,absent,not_yet_detected,False,20.0,1256.6370614359173,annealing_T=150_h=25,T,20260919-004123,first_future_detection,user_fixed_radius,user_fixed_radius,,20260902-011233,,False,0.773,0.1902,0.773,,,,,,,,,,,,0
117,1032.05,760.77,147.728,6.48681,20.0,52.4,1.5,annealing_T=125_h=25,absent,not_yet_detected,False,20.0,1256.6370614359173,annealing_T=150_h=25,T,20260919-004123,first_future_detection,user_fixed_radius,user_fixed_radius,,20260902-011233,,False,14.746,6.971,14.746,,,,,,,,,,,,0
117,1032.05,760.77,239.483,7.03745,20.0,52.9,2.0,annealing_T=125_h=25,absent,not_yet_detected,False,20.0,1256.6370614359173,annealing_T=150_h=25,T,20260919-004123,first_future_detection,user_fixed_radius,user_fixed_radius,,20260902-011233,,False,24.003,6.426,24.003,,,,,,,,,,,,0
117,1032.05,760.77,386.456,7.13356,20.0,53.4,2.5,annealing_T=125_h=25,absent,not_yet_detected,False,20.0,1256.6370614359173,annealing_T=150_h=25,T,20260919-004123,first_future_detection,user_fixed_radius,user_fixed_radius,,20260902-011233,,False,35.833,14.215,35.833,,,,,,,,,,,,0
117,1032.05,760.77,550.871,7.56043,20.0,53.9,3.0,annealing_T=125_h=25,absent,not_yet_detected,False,20.0,1256.6370614359173,annealing_T=150_h=25,T,20260919-004123,first_future_detection,user_fixed_radius,user_fixed_radius,,20260902-011233,,False,58.789,17.696,58.789,,,,,,,,,,,,0
117,1032.05,760.77,1631.81,9.61995,20.0,55.9,5.0,annealing_T=125_h=25,absent,not_yet_detected,False,20.0,1256.6370614359173,annealing_T=150_h=25,T,20260919-004123,first_future_detection,user_fixed_radius,user_fixed_radius,,20260902-011233,,False,185.52,79.87,185.52,,,,,,,,,,,,0
118,1466.61,409.31,0.670411,5.83445,20.0,51.65,0.75,annealing_T=125_h=25,absent,not_yet_detected,False,20.0,1256.6370614359173,annealing_T=150_h=25,T,20260919-004123,first_future_detection,user_fixed_radius,user_fixed_radius,,20260902-011233,,False,0.154335,2.428289,2.428289,,,,,,,,,,,,0
118,1466.61,409.31,5.8203,6.83258,20.0,52.4,1.5,annealing_T=125_h=25,absent,not_yet_detected,False,20.0,1256.6370614359173,annealing_T=150_h=25,T,20260919-004123,first_future_detection,user_fixed_radius,user_fixed_radius,,20260902-011233,,False,1.00429,4.833298,4.833298,,,,,,,,,,,,0
118,1466.61,409.31,-2.59224,7.42089,20.0,52.9,2.0,annealing_T=125_h=25,absent,not_yet_detected,False,20.0,1256.6370614359173,annealing_T=150_h=25,T,20260919-004123,first_future_detection,user_fixed_radius,user_fixed_radius,,20260902-011233,,False,1.51807,4.29339,4.29339,,,,,,,,,,,,0
118,1466.61,409.31,5.41337,7.43183,20.0,53.4,2.5,annealing_T=125_h=25,absent,not_yet_detected,False,20.0,1256.6370614359173,annealing_T=150_h=25,T,20260919-004123,first_future_detection,user_fixed_radius,user_fixed_radius,,20260902-011233,,False,1.52254,2.52486,2.52486,,,,,,,,,,,,0
118,1466.61,409.31,18.6567,7.99873,20.0,53.9,3.0,annealing_T=125_h=25,absent,not_yet_detected,False,20.0,1256.6370614359173,annealing_T=150_h=25,T,20260919-004123,first_future_detection,user_fixed_radius,user_fixed_radius,,20260902-011233,,False,0.9512,3.5205,3.5205,,,,,,,,,,,,0
118,1466.61,409.31,48.6251,9.39927,20.0,55.9,5.0,annealing_T=125_h=25,absent,not_yet_detected,False,20.0,1256.6370614359173,annealing_T=150_h=25,T,20260919-004123,first_future_detection,user_fixed_radius,user_fixed_radius,,20260902-011233,,False,0.9205,3.3759,3.3759,,,,,,,,,,,,0
